1 1082763673644 4
1 1082763673645 1
1 1082763673648 4
1 1082763673649 1
1 1082763673652 4
1 1082763673653 1
1 1082763673656 4
1 1082763673657 1
1 1082763673660 4
1 1082763673661 1
1 1082763673664 4
1 1082763673665 1
1 1082763673694 1
1 1082763673695 1
1 1082763673698 1
1 1082763673699 1
1 1082763673702 1
1 1082763673703 1
1 1082763673706 1
1 1082763673707 1
1 1082763673710 1
1 1082763673711 1
1 1082763673714 1
1 1082763673715 1
1 1082763673757 1
1 1082763673758 4
1 1082763673759 1
1 1082763673761 1
1 1082763673762 4
1 1082763673763 1
1 1082763673765 1
1 1082763673766 4
1 1082763673767 1
1 1082763673769 1
1 1082763673770 4
1 1082763673771 1
1 1082763673773 1
1 1082763673774 4
1 1082763673775 1
1 1082763673777 1
1 1082763673778 4
1 1082763673779 1
1 1082763673820 1
1 1082763673821 4
1 1082763673822 1
1 1082763673824 1
1 1082763673825 4
1 1082763673826 1
1 1082763673828 1
1 1082763673829 4
1 1082763673830 1
1 1082763673832 1
1 1082763673833 4
1 1082763673834 1
1 1082763673836 1
1 1082763673837 4
1 1082763673838 1
1 1082763673840 1
1 1082763673841 4
1 1082763673842 1
1 1082763673884 4
1 1082763673885 1
1 1082763673888 4
1 1082763673889 1
1 1082763673892 4
1 1082763673893 1
1 1082763673896 4
1 1082763673897 1
1 1082763673900 4
1 1082763673901 1
1 1082763673904 4
1 1082763673905 1
1 1082763673934 1
1 1082763673935 1
1 1082763673938 1
1 1082763673939 1
1 1082763673942 1
1 1082763673943 1
1 1082763673946 1
1 1082763673947 1
1 1082763673950 1
1 1082763673951 1
1 1082763673954 1
1 1082763673955 1
1 1082763674044 4
1 1082763674045 1
1 1082763674048 4
1 1082763674049 1
1 1082763674052 4
1 1082763674053 1
1 1082763674056 4
1 1082763674057 1
1 1082763674060 4
1 1082763674061 1
1 1082763674064 4
1 1082763674065 1
1 1082763674094 1
1 1082763674095 1
1 1082763674098 1
1 1082763674099 1
1 1082763674102 1
1 1082763674103 1
1 1082763674106 1
1 1082763674107 1
1 1082763674110 1
1 1082763674111 1
1 1082763674114 1
1 1082763674115 1
1 1082763674157 1
1 1082763674158 4
1 1082763674159 1
1 1082763674161 1
1 1082763674162 4
1 1082763674163 1
1 1082763674165 1
1 1082763674166 4
1 1082763674167 1
1 1082763674169 1
1 1082763674170 4
1 1082763674171 1
1 1082763674173 1
1 1082763674174 4
1 1082763674175 1
1 1082763674177 1
1 1082763674178 4
1 1082763674179 1
1 1082763674220 1
1 1082763674221 4
1 1082763674222 1
1 1082763674224 1
1 1082763674225 4
1 1082763674226 1
1 1082763674228 1
1 1082763674229 4
1 1082763674230 1
1 1082763674232 1
1 1082763674233 4
1 1082763674234 1
1 1082763674236 1
1 1082763674237 4
1 1082763674238 1
1 1082763674240 1
1 1082763674241 4
1 1082763674242 1
1 1082763674284 4
1 1082763674285 1
1 1082763674288 4
1 1082763674289 1
1 1082763674292 4
1 1082763674293 1
1 1082763674296 4
1 1082763674297 1
1 1082763674300 4
1 1082763674301 1
1 1082763674304 4
1 1082763674305 1
1 1082763674334 1
1 1082763674335 1
1 1082763674338 1
1 1082763674339 1
1 1082763674342 1
1 1082763674343 1
1 1082763674346 1
1 1082763674347 1
1 1082763674350 1
1 1082763674351 1
1 1082763674354 1
1 1082763674355 1
1 1082763674444 4
1 1082763674445 1
1 1082763674448 4
1 1082763674449 1
1 1082763674452 4
1 1082763674453 1
1 1082763674456 4
1 1082763674457 1
1 1082763674460 4
1 1082763674461 1
1 1082763674464 4
1 1082763674465 1
1 1082763674494 1
1 1082763674495 1
1 1082763674498 1
1 1082763674499 1
1 1082763674502 1
1 1082763674503 1
1 1082763674506 1
1 1082763674507 1
1 1082763674510 1
1 1082763674511 1
1 1082763674514 1
1 1082763674515 1
1 1082763674557 1
1 1082763674558 4
1 1082763674559 1
1 1082763674561 1
1 1082763674562 4
1 1082763674563 1
1 1082763674565 1
1 1082763674566 4
1 1082763674567 1
1 1082763674569 1
1 1082763674570 4
1 1082763674571 1
1 1082763674573 1
1 1082763674574 4
1 1082763674575 1
1 1082763674577 1
1 1082763674578 4
1 1082763674579 1
1 1082763674620 1
1 1082763674621 4
1 1082763674622 1
1 1082763674624 1
1 1082763674625 4
1 1082763674626 1
1 1082763674628 1
1 1082763674629 4
1 1082763674630 1
1 1082763674632 1
1 1082763674633 4
1 1082763674634 1
1 1082763674636 1
1 1082763674637 4
1 1082763674638 1
1 1082763674640 1
1 1082763674641 4
1 1082763674642 1
1 1082763674684 4
1 1082763674685 1
1 1082763674688 4
1 1082763674689 1
1 1082763674692 4
1 1082763674693 1
1 1082763674696 4
1 1082763674697 1
1 1082763674700 4
1 1082763674701 1
1 1082763674704 4
1 1082763674705 1
1 1082763674734 1
1 1082763674735 1
1 1082763674738 1
1 1082763674739 1
1 1082763674742 1
1 1082763674743 1
1 1082763674746 1
1 1082763674747 1
1 1082763674750 1
1 1082763674751 1
1 1082763674754 1
1 1082763674755 1
1 1082763674844 4
1 1082763674845 1
1 1082763674848 4
1 1082763674849 1
1 1082763674852 4
1 1082763674853 1
1 1082763674856 4
1 1082763674857 1
1 1082763674860 4
1 1082763674861 1
1 1082763674864 4
1 1082763674865 1
1 1082763674894 1
1 1082763674895 1
1 1082763674898 1
1 1082763674899 1
1 1082763674902 1
1 1082763674903 1
1 1082763674906 1
1 1082763674907 1
1 1082763674910 1
1 1082763674911 1
1 1082763674914 1
1 1082763674915 1
1 1082763674957 1
1 1082763674958 4
1 1082763674959 1
1 1082763674961 1
1 1082763674962 4
1 1082763674963 1
1 1082763674965 1
1 1082763674966 4
1 1082763674967 1
1 1082763674969 1
1 1082763674970 4
1 1082763674971 1
1 1082763674973 1
1 1082763674974 4
1 1082763674975 1
1 1082763674977 1
1 1082763674978 4
1 1082763674979 1
1 1082763675020 1
1 1082763675021 4
1 1082763675022 1
1 1082763675024 1
1 1082763675025 4
1 1082763675026 1
1 1082763675028 1
1 1082763675029 4
1 1082763675030 1
1 1082763675032 1
1 1082763675033 4
1 1082763675034 1
1 1082763675036 1
1 1082763675037 4
1 1082763675038 1
1 1082763675040 1
1 1082763675041 4
1 1082763675042 1
1 1082763675084 4
1 1082763675085 1
1 1082763675088 4
1 1082763675089 1
1 1082763675092 4
1 1082763675093 1
1 1082763675096 4
1 1082763675097 1
1 1082763675100 4
1 1082763675101 1
1 1082763675104 4
1 1082763675105 1
1 1082763675134 1
1 1082763675135 1
1 1082763675138 1
1 1082763675139 1
1 1082763675142 1
1 1082763675143 1
1 1082763675146 1
1 1082763675147 1
1 1082763675150 1
1 1082763675151 1
1 1082763675154 1
1 1082763675155 1
1 1082763675244 4
1 1082763675245 1
1 1082763675248 4
1 1082763675249 1
1 1082763675252 4
1 1082763675253 1
1 1082763675256 4
1 1082763675257 1
1 1082763675260 4
1 1082763675261 1
1 1082763675264 4
1 1082763675265 1
1 1082763675294 1
1 1082763675295 1
1 1082763675298 1
1 1082763675299 1
1 1082763675302 1
1 1082763675303 1
1 1082763675306 1
1 1082763675307 1
1 1082763675310 1
1 1082763675311 1
1 1082763675314 1
1 1082763675315 1
1 1082763675357 1
1 1082763675358 4
1 1082763675359 1
1 1082763675361 1
1 1082763675362 4
1 1082763675363 1
1 1082763675365 1
1 1082763675366 4
1 1082763675367 1
1 1082763675369 1
1 1082763675370 4
1 1082763675371 1
1 1082763675373 1
1 1082763675374 4
1 1082763675375 1
1 1082763675377 1
1 1082763675378 4
1 1082763675379 1
1 1082763675420 1
1 1082763675421 4
1 1082763675422 1
1 1082763675424 1
1 1082763675425 4
1 1082763675426 1
1 1082763675428 1
1 1082763675429 4
1 1082763675430 1
1 1082763675432 1
1 1082763675433 4
1 1082763675434 1
1 1082763675436 1
1 1082763675437 4
1 1082763675438 1
1 1082763675440 1
1 1082763675441 4
1 1082763675442 1
1 1082763675484 4
1 1082763675485 1
1 1082763675488 4
1 1082763675489 1
1 1082763675492 4
1 1082763675493 1
1 1082763675496 4
1 1082763675497 1
1 1082763675500 4
1 1082763675501 1
1 1082763675504 4
1 1082763675505 1
1 1082763675534 1
1 1082763675535 1
1 1082763675538 1
1 1082763675539 1
1 1082763675542 1
1 1082763675543 1
1 1082763675546 1
1 1082763675547 1
1 1082763675550 1
1 1082763675551 1
1 1082763675554 1
1 1082763675555 1
1 1082763675644 4
1 1082763675645 1
1 1082763675648 4
1 1082763675649 1
1 1082763675652 4
1 1082763675653 1
1 1082763675656 4
1 1082763675657 1
1 1082763675660 4
1 1082763675661 1
1 1082763675664 4
1 1082763675665 1
1 1082763675694 1
1 1082763675695 1
1 1082763675698 1
1 1082763675699 1
1 1082763675702 1
1 1082763675703 1
1 1082763675706 1
1 1082763675707 1
1 1082763675710 1
1 1082763675711 1
1 1082763675714 1
1 1082763675715 1
1 1082763675757 1
1 1082763675758 4
1 1082763675759 1
1 1082763675761 1
1 1082763675762 4
1 1082763675763 1
1 1082763675765 1
1 1082763675766 4
1 1082763675767 1
1 1082763675769 1
1 1082763675770 4
1 1082763675771 1
1 1082763675773 1
1 1082763675774 4
1 1082763675775 1
1 1082763675777 1
1 1082763675778 4
1 1082763675779 1
1 1082763675820 1
1 1082763675821 4
1 1082763675822 1
1 1082763675824 1
1 1082763675825 4
1 1082763675826 1
1 1082763675828 1
1 1082763675829 4
1 1082763675830 1
1 1082763675832 1
1 1082763675833 4
1 1082763675834 1
1 1082763675836 1
1 1082763675837 4
1 1082763675838 1
1 1082763675840 1
1 1082763675841 4
1 1082763675842 1
1 1082763675884 4
1 1082763675885 1
1 1082763675888 4
1 1082763675889 1
1 1082763675892 4
1 1082763675893 1
1 1082763675896 4
1 1082763675897 1
1 1082763675900 4
1 1082763675901 1
1 1082763675904 4
1 1082763675905 1
1 1082763675934 1
1 1082763675935 1
1 1082763675938 1
1 1082763675939 1
1 1082763675942 1
1 1082763675943 1
1 1082763675946 1
1 1082763675947 1
1 1082763675950 1
1 1082763675951 1
1 1082763675954 1
1 1082763675955 1
1 1082763676044 4
1 1082763676045 1
1 1082763676048 4
1 1082763676049 1
1 1082763676052 4
1 1082763676053 1
1 1082763676056 4
1 1082763676057 1
1 1082763676060 4
1 1082763676061 1
1 1082763676064 4
1 1082763676065 1
1 1082763676094 1
1 1082763676095 1
1 1082763676098 1
1 1082763676099 1
1 1082763676102 1
1 1082763676103 1
1 1082763676106 1
1 1082763676107 1
1 1082763676110 1
1 1082763676111 1
1 1082763676114 1
1 1082763676115 1
1 1082763676157 1
1 1082763676158 4
1 1082763676159 1
1 1082763676161 1
1 1082763676162 4
1 1082763676163 1
1 1082763676165 1
1 1082763676166 4
1 1082763676167 1
1 1082763676169 1
1 1082763676170 4
1 1082763676171 1
1 1082763676173 1
1 1082763676174 4
1 1082763676175 1
1 1082763676177 1
1 1082763676178 4
1 1082763676179 1
1 1082763676220 1
1 1082763676221 4
1 1082763676222 1
1 1082763676224 1
1 1082763676225 4
1 1082763676226 1
1 1082763676228 1
1 1082763676229 4
1 1082763676230 1
1 1082763676232 1
1 1082763676233 4
1 1082763676234 1
1 1082763676236 1
1 1082763676237 4
1 1082763676238 1
1 1082763676240 1
1 1082763676241 4
1 1082763676242 1
1 1082763676284 4
1 1082763676285 1
1 1082763676288 4
1 1082763676289 1
1 1082763676292 4
1 1082763676293 1
1 1082763676296 4
1 1082763676297 1
1 1082763676300 4
1 1082763676301 1
1 1082763676304 4
1 1082763676305 1
1 1082763676334 1
1 1082763676335 1
1 1082763676338 1
1 1082763676339 1
1 1082763676342 1
1 1082763676343 1
1 1082763676346 1
1 1082763676347 1
1 1082763676350 1
1 1082763676351 1
1 1082763676354 1
1 1082763676355 1
1 1082763676444 4
1 1082763676445 1
1 1082763676448 4
1 1082763676449 1
1 1082763676452 4
1 1082763676453 1
1 1082763676456 4
1 1082763676457 1
1 1082763676460 4
1 1082763676461 1
1 1082763676464 4
1 1082763676465 1
1 1082763676494 1
1 1082763676495 1
1 1082763676498 1
1 1082763676499 1
1 1082763676502 1
1 1082763676503 1
1 1082763676506 1
1 1082763676507 1
1 1082763676510 1
1 1082763676511 1
1 1082763676514 1
1 1082763676515 1
1 1082763676557 1
1 1082763676558 4
1 1082763676559 1
1 1082763676561 1
1 1082763676562 4
1 1082763676563 1
1 1082763676565 1
1 1082763676566 4
1 1082763676567 1
1 1082763676569 1
1 1082763676570 4
1 1082763676571 1
1 1082763676573 1
1 1082763676574 4
1 1082763676575 1
1 1082763676577 1
1 1082763676578 4
1 1082763676579 1
1 1082763676620 1
1 1082763676621 4
1 1082763676622 1
1 1082763676624 1
1 1082763676625 4
1 1082763676626 1
1 1082763676628 1
1 1082763676629 4
1 1082763676630 1
1 1082763676632 1
1 1082763676633 4
1 1082763676634 1
1 1082763676636 1
1 1082763676637 4
1 1082763676638 1
1 1082763676640 1
1 1082763676641 4
1 1082763676642 1
1 1082763676684 4
1 1082763676685 1
1 1082763676688 4
1 1082763676689 1
1 1082763676692 4
1 1082763676693 1
1 1082763676696 4
1 1082763676697 1
1 1082763676700 4
1 1082763676701 1
1 1082763676704 4
1 1082763676705 1
1 1082763676734 1
1 1082763676735 1
1 1082763676738 1
1 1082763676739 1
1 1082763676742 1
1 1082763676743 1
1 1082763676746 1
1 1082763676747 1
1 1082763676750 1
1 1082763676751 1
1 1082763676754 1
1 1082763676755 1
1 1082763676844 4
1 1082763676845 1
1 1082763676848 4
1 1082763676849 1
1 1082763676852 4
1 1082763676853 1
1 1082763676856 4
1 1082763676857 1
1 1082763676860 4
1 1082763676861 1
1 1082763676864 4
1 1082763676865 1
1 1082763676894 1
1 1082763676895 1
1 1082763676898 1
1 1082763676899 1
1 1082763676902 1
1 1082763676903 1
1 1082763676906 1
1 1082763676907 1
1 1082763676910 1
1 1082763676911 1
1 1082763676914 1
1 1082763676915 1
1 1082763676957 1
1 1082763676958 4
1 1082763676959 1
1 1082763676961 1
1 1082763676962 4
1 1082763676963 1
1 1082763676965 1
1 1082763676966 4
1 1082763676967 1
1 1082763676969 1
1 1082763676970 4
1 1082763676971 1
1 1082763676973 1
1 1082763676974 4
1 1082763676975 1
1 1082763676977 1
1 1082763676978 4
1 1082763676979 1
1 1082763677020 1
1 1082763677021 4
1 1082763677022 1
1 1082763677024 1
1 1082763677025 4
1 1082763677026 1
1 1082763677028 1
1 1082763677029 4
1 1082763677030 1
1 1082763677032 1
1 1082763677033 4
1 1082763677034 1
1 1082763677036 1
1 1082763677037 4
1 1082763677038 1
1 1082763677040 1
1 1082763677041 4
1 1082763677042 1
1 1082763677084 4
1 1082763677085 1
1 1082763677088 4
1 1082763677089 1
1 1082763677092 4
1 1082763677093 1
1 1082763677096 4
1 1082763677097 1
1 1082763677100 4
1 1082763677101 1
1 1082763677104 4
1 1082763677105 1
1 1082763677134 1
1 1082763677135 1
1 1082763677138 1
1 1082763677139 1
1 1082763677142 1
1 1082763677143 1
1 1082763677146 1
1 1082763677147 1
1 1082763677150 1
1 1082763677151 1
1 1082763677154 1
1 1082763677155 1
1 1082763677244 4
1 1082763677245 1
1 1082763677248 4
1 1082763677249 1
1 1082763677252 4
1 1082763677253 1
1 1082763677256 4
1 1082763677257 1
1 1082763677260 4
1 1082763677261 1
1 1082763677264 4
1 1082763677265 1
1 1082763677294 1
1 1082763677295 1
1 1082763677298 1
1 1082763677299 1
1 1082763677302 1
1 1082763677303 1
1 1082763677306 1
1 1082763677307 1
1 1082763677310 1
1 1082763677311 1
1 1082763677314 1
1 1082763677315 1
1 1082763677357 1
1 1082763677358 4
1 1082763677359 1
1 1082763677361 1
1 1082763677362 4
1 1082763677363 1
1 1082763677365 1
1 1082763677366 4
1 1082763677367 1
1 1082763677369 1
1 1082763677370 4
1 1082763677371 1
1 1082763677373 1
1 1082763677374 4
1 1082763677375 1
1 1082763677377 1
1 1082763677378 4
1 1082763677379 1
1 1082763677420 1
1 1082763677421 4
1 1082763677422 1
1 1082763677424 1
1 1082763677425 4
1 1082763677426 1
1 1082763677428 1
1 1082763677429 4
1 1082763677430 1
1 1082763677432 1
1 1082763677433 4
1 1082763677434 1
1 1082763677436 1
1 1082763677437 4
1 1082763677438 1
1 1082763677440 1
1 1082763677441 4
1 1082763677442 1
1 1082763677484 4
1 1082763677485 1
1 1082763677488 4
1 1082763677489 1
1 1082763677492 4
1 1082763677493 1
1 1082763677496 4
1 1082763677497 1
1 1082763677500 4
1 1082763677501 1
1 1082763677504 4
1 1082763677505 1
1 1082763677534 1
1 1082763677535 1
1 1082763677538 1
1 1082763677539 1
1 1082763677542 1
1 1082763677543 1
1 1082763677546 1
1 1082763677547 1
1 1082763677550 1
1 1082763677551 1
1 1082763677554 1
1 1082763677555 1
1 1082763677644 4
1 1082763677645 1
1 1082763677648 4
1 1082763677649 1
1 1082763677652 4
1 1082763677653 1
1 1082763677656 4
1 1082763677657 1
1 1082763677660 4
1 1082763677661 1
1 1082763677664 4
1 1082763677665 1
1 1082763677694 1
1 1082763677695 1
1 1082763677698 1
1 1082763677699 1
1 1082763677702 1
1 1082763677703 1
1 1082763677706 1
1 1082763677707 1
1 1082763677710 1
1 1082763677711 1
1 1082763677714 1
1 1082763677715 1
1 1082763677757 1
1 1082763677758 4
1 1082763677759 1
1 1082763677761 1
1 1082763677762 4
1 1082763677763 1
1 1082763677765 1
1 1082763677766 4
1 1082763677767 1
1 1082763677769 1
1 1082763677770 4
1 1082763677771 1
1 1082763677773 1
1 1082763677774 4
1 1082763677775 1
1 1082763677777 1
1 1082763677778 4
1 1082763677779 1
1 1082763677820 1
1 1082763677821 4
1 1082763677822 1
1 1082763677824 1
1 1082763677825 4
1 1082763677826 1
1 1082763677828 1
1 1082763677829 4
1 1082763677830 1
1 1082763677832 1
1 1082763677833 4
1 1082763677834 1
1 1082763677836 1
1 1082763677837 4
1 1082763677838 1
1 1082763677840 1
1 1082763677841 4
1 1082763677842 1
1 1082763677884 4
1 1082763677885 1
1 1082763677888 4
1 1082763677889 1
1 1082763677892 4
1 1082763677893 1
1 1082763677896 4
1 1082763677897 1
1 1082763677900 4
1 1082763677901 1
1 1082763677904 4
1 1082763677905 1
1 1082763677934 1
1 1082763677935 1
1 1082763677938 1
1 1082763677939 1
1 1082763677942 1
1 1082763677943 1
1 1082763677946 1
1 1082763677947 1
1 1082763677950 1
1 1082763677951 1
1 1082763677954 1
1 1082763677955 1
1 1082763678044 4
1 1082763678045 1
1 1082763678048 4
1 1082763678049 1
1 1082763678052 4
1 1082763678053 1
1 1082763678056 4
1 1082763678057 1
1 1082763678060 4
1 1082763678061 1
1 1082763678064 4
1 1082763678065 1
1 1082763678094 1
1 1082763678095 1
1 1082763678098 1
1 1082763678099 1
1 1082763678102 1
1 1082763678103 1
1 1082763678106 1
1 1082763678107 1
1 1082763678110 1
1 1082763678111 1
1 1082763678114 1
1 1082763678115 1
1 1082763678157 1
1 1082763678158 4
1 1082763678159 1
1 1082763678161 1
1 1082763678162 4
1 1082763678163 1
1 1082763678165 1
1 1082763678166 4
1 1082763678167 1
1 1082763678169 1
1 1082763678170 4
1 1082763678171 1
1 1082763678173 1
1 1082763678174 4
1 1082763678175 1
1 1082763678177 1
1 1082763678178 4
1 1082763678179 1
1 1082763678220 1
1 1082763678221 4
1 1082763678222 1
1 1082763678224 1
1 1082763678225 4
1 1082763678226 1
1 1082763678228 1
1 1082763678229 4
1 1082763678230 1
1 1082763678232 1
1 1082763678233 4
1 1082763678234 1
1 1082763678236 1
1 1082763678237 4
1 1082763678238 1
1 1082763678240 1
1 1082763678241 4
1 1082763678242 1
1 1082763678284 4
1 1082763678285 1
1 1082763678288 4
1 1082763678289 1
1 1082763678292 4
1 1082763678293 1
1 1082763678296 4
1 1082763678297 1
1 1082763678300 4
1 1082763678301 1
1 1082763678304 4
1 1082763678305 1
1 1082763678334 1
1 1082763678335 1
1 1082763678338 1
1 1082763678339 1
1 1082763678342 1
1 1082763678343 1
1 1082763678346 1
1 1082763678347 1
1 1082763678350 1
1 1082763678351 1
1 1082763678354 1
1 1082763678355 1
1 1082763678444 4
1 1082763678445 1
1 1082763678448 4
1 1082763678449 1
1 1082763678452 4
1 1082763678453 1
1 1082763678456 4
1 1082763678457 1
1 1082763678460 4
1 1082763678461 1
1 1082763678464 4
1 1082763678465 1
1 1082763678494 1
1 1082763678495 1
1 1082763678498 1
1 1082763678499 1
1 1082763678502 1
1 1082763678503 1
1 1082763678506 1
1 1082763678507 1
1 1082763678510 1
1 1082763678511 1
1 1082763678514 1
1 1082763678515 1
1 1082763678557 1
1 1082763678558 4
1 1082763678559 1
1 1082763678561 1
1 1082763678562 4
1 1082763678563 1
1 1082763678565 1
1 1082763678566 4
1 1082763678567 1
1 1082763678569 1
1 1082763678570 4
1 1082763678571 1
1 1082763678573 1
1 1082763678574 4
1 1082763678575 1
1 1082763678577 1
1 1082763678578 4
1 1082763678579 1
1 1082763678620 1
1 1082763678621 4
1 1082763678622 1
1 1082763678624 1
1 1082763678625 4
1 1082763678626 1
1 1082763678628 1
1 1082763678629 4
1 1082763678630 1
1 1082763678632 1
1 1082763678633 4
1 1082763678634 1
1 1082763678636 1
1 1082763678637 4
1 1082763678638 1
1 1082763678640 1
1 1082763678641 4
1 1082763678642 1
1 1082763678684 4
1 1082763678685 1
1 1082763678688 4
1 1082763678689 1
1 1082763678692 4
1 1082763678693 1
1 1082763678696 4
1 1082763678697 1
1 1082763678700 4
1 1082763678701 1
1 1082763678704 4
1 1082763678705 1
1 1082763678734 1
1 1082763678735 1
1 1082763678738 1
1 1082763678739 1
1 1082763678742 1
1 1082763678743 1
1 1082763678746 1
1 1082763678747 1
1 1082763678750 1
1 1082763678751 1
1 1082763678754 1
1 1082763678755 1
1 1082763678844 4
1 1082763678845 1
1 1082763678848 4
1 1082763678849 1
1 1082763678852 4
1 1082763678853 1
1 1082763678856 4
1 1082763678857 1
1 1082763678860 4
1 1082763678861 1
1 1082763678864 4
1 1082763678865 1
1 1082763678894 1
1 1082763678895 1
1 1082763678898 1
1 1082763678899 1
1 1082763678902 1
1 1082763678903 1
1 1082763678906 1
1 1082763678907 1
1 1082763678910 1
1 1082763678911 1
1 1082763678914 1
1 1082763678915 1
1 1082763678957 1
1 1082763678958 4
1 1082763678959 1
1 1082763678961 1
1 1082763678962 4
1 1082763678963 1
1 1082763678965 1
1 1082763678966 4
1 1082763678967 1
1 1082763678969 1
1 1082763678970 4
1 1082763678971 1
1 1082763678973 1
1 1082763678974 4
1 1082763678975 1
1 1082763678977 1
1 1082763678978 4
1 1082763678979 1
1 1082763679020 1
1 1082763679021 4
1 1082763679022 1
1 1082763679024 1
1 1082763679025 4
1 1082763679026 1
1 1082763679028 1
1 1082763679029 4
1 1082763679030 1
1 1082763679032 1
1 1082763679033 4
1 1082763679034 1
1 1082763679036 1
1 1082763679037 4
1 1082763679038 1
1 1082763679040 1
1 1082763679041 4
1 1082763679042 1
1 1082763679084 4
1 1082763679085 1
1 1082763679088 4
1 1082763679089 1
1 1082763679092 4
1 1082763679093 1
1 1082763679096 4
1 1082763679097 1
1 1082763679100 4
1 1082763679101 1
1 1082763679104 4
1 1082763679105 1
1 1082763679134 1
1 1082763679135 1
1 1082763679138 1
1 1082763679139 1
1 1082763679142 1
1 1082763679143 1
1 1082763679146 1
1 1082763679147 1
1 1082763679150 1
1 1082763679151 1
1 1082763679154 1
1 1082763679155 1
1 1082763679244 4
1 1082763679245 1
1 1082763679248 4
1 1082763679249 1
1 1082763679252 4
1 1082763679253 1
1 1082763679256 4
1 1082763679257 1
1 1082763679260 4
1 1082763679261 1
1 1082763679264 4
1 1082763679265 1
1 1082763679294 1
1 1082763679295 1
1 1082763679298 1
1 1082763679299 1
1 1082763679302 1
1 1082763679303 1
1 1082763679306 1
1 1082763679307 1
1 1082763679310 1
1 1082763679311 1
1 1082763679314 1
1 1082763679315 1
1 1082763679357 1
1 1082763679358 4
1 1082763679359 1
1 1082763679361 1
1 1082763679362 4
1 1082763679363 1
1 1082763679365 1
1 1082763679366 4
1 1082763679367 1
1 1082763679369 1
1 1082763679370 4
1 1082763679371 1
1 1082763679373 1
1 1082763679374 4
1 1082763679375 1
1 1082763679377 1
1 1082763679378 4
1 1082763679379 1
1 1082763679420 1
1 1082763679421 4
1 1082763679422 1
1 1082763679424 1
1 1082763679425 4
1 1082763679426 1
1 1082763679428 1
1 1082763679429 4
1 1082763679430 1
1 1082763679432 1
1 1082763679433 4
1 1082763679434 1
1 1082763679436 1
1 1082763679437 4
1 1082763679438 1
1 1082763679440 1
1 1082763679441 4
1 1082763679442 1
1 1082763679484 4
1 1082763679485 1
1 1082763679488 4
1 1082763679489 1
1 1082763679492 4
1 1082763679493 1
1 1082763679496 4
1 1082763679497 1
1 1082763679500 4
1 1082763679501 1
1 1082763679504 4
1 1082763679505 1
1 1082763679534 1
1 1082763679535 1
1 1082763679538 1
1 1082763679539 1
1 1082763679542 1
1 1082763679543 1
1 1082763679546 1
1 1082763679547 1
1 1082763679550 1
1 1082763679551 1
1 1082763679554 1
1 1082763679555 1
1 1082763679644 4
1 1082763679645 1
1 1082763679648 4
1 1082763679649 1
1 1082763679652 4
1 1082763679653 1
1 1082763679656 4
1 1082763679657 1
1 1082763679660 4
1 1082763679661 1
1 1082763679664 4
1 1082763679665 1
1 1082763679694 1
1 1082763679695 1
1 1082763679698 1
1 1082763679699 1
1 1082763679702 1
1 1082763679703 1
1 1082763679706 1
1 1082763679707 1
1 1082763679710 1
1 1082763679711 1
1 1082763679714 1
1 1082763679715 1
1 1082763679757 1
1 1082763679758 4
1 1082763679759 1
1 1082763679761 1
1 1082763679762 4
1 1082763679763 1
1 1082763679765 1
1 1082763679766 4
1 1082763679767 1
1 1082763679769 1
1 1082763679770 4
1 1082763679771 1
1 1082763679773 1
1 1082763679774 4
1 1082763679775 1
1 1082763679777 1
1 1082763679778 4
1 1082763679779 1
1 1082763679820 1
1 1082763679821 4
1 1082763679822 1
1 1082763679824 1
1 1082763679825 4
1 1082763679826 1
1 1082763679828 1
1 1082763679829 4
1 1082763679830 1
1 1082763679832 1
1 1082763679833 4
1 1082763679834 1
1 1082763679836 1
1 1082763679837 4
1 1082763679838 1
1 1082763679840 1
1 1082763679841 4
1 1082763679842 1
1 1082763679884 4
1 1082763679885 1
1 1082763679888 4
1 1082763679889 1
1 1082763679892 4
1 1082763679893 1
1 1082763679896 4
1 1082763679897 1
1 1082763679900 4
1 1082763679901 1
1 1082763679904 4
1 1082763679905 1
1 1082763679934 1
1 1082763679935 1
1 1082763679938 1
1 1082763679939 1
1 1082763679942 1
1 1082763679943 1
1 1082763679946 1
1 1082763679947 1
1 1082763679950 1
1 1082763679951 1
1 1082763679954 1
1 1082763679955 1
1 1082763680044 4
1 1082763680045 1
1 1082763680048 4
1 1082763680049 1
1 1082763680052 4
1 1082763680053 1
1 1082763680056 4
1 1082763680057 1
1 1082763680060 4
1 1082763680061 1
1 1082763680064 4
1 1082763680065 1
1 1082763680094 1
1 1082763680095 1
1 1082763680098 1
1 1082763680099 1
1 1082763680102 1
1 1082763680103 1
1 1082763680106 1
1 1082763680107 1
1 1082763680110 1
1 1082763680111 1
1 1082763680114 1
1 1082763680115 1
1 1082763680157 1
1 1082763680158 4
1 1082763680159 1
1 1082763680161 1
1 1082763680162 4
1 1082763680163 1
1 1082763680165 1
1 1082763680166 4
1 1082763680167 1
1 1082763680169 1
1 1082763680170 4
1 1082763680171 1
1 1082763680173 1
1 1082763680174 4
1 1082763680175 1
1 1082763680177 1
1 1082763680178 4
1 1082763680179 1
1 1082763680220 1
1 1082763680221 4
1 1082763680222 1
1 1082763680224 1
1 1082763680225 4
1 1082763680226 1
1 1082763680228 1
1 1082763680229 4
1 1082763680230 1
1 1082763680232 1
1 1082763680233 4
1 1082763680234 1
1 1082763680236 1
1 1082763680237 4
1 1082763680238 1
1 1082763680240 1
1 1082763680241 4
1 1082763680242 1
1 1082763680284 4
1 1082763680285 1
1 1082763680288 4
1 1082763680289 1
1 1082763680292 4
1 1082763680293 1
1 1082763680296 4
1 1082763680297 1
1 1082763680300 4
1 1082763680301 1
1 1082763680304 4
1 1082763680305 1
1 1082763680334 1
1 1082763680335 1
1 1082763680338 1
1 1082763680339 1
1 1082763680342 1
1 1082763680343 1
1 1082763680346 1
1 1082763680347 1
1 1082763680350 1
1 1082763680351 1
1 1082763680354 1
1 1082763680355 1
1 1082763680444 4
1 1082763680445 1
1 1082763680448 4
1 1082763680449 1
1 1082763680452 4
1 1082763680453 1
1 1082763680456 4
1 1082763680457 1
1 1082763680460 4
1 1082763680461 1
1 1082763680464 4
1 1082763680465 1
1 1082763680494 1
1 1082763680495 1
1 1082763680498 1
1 1082763680499 1
1 1082763680502 1
1 1082763680503 1
1 1082763680506 1
1 1082763680507 1
1 1082763680510 1
1 1082763680511 1
1 1082763680514 1
1 1082763680515 1
1 1082763680557 1
1 1082763680558 4
1 1082763680559 1
1 1082763680561 1
1 1082763680562 4
1 1082763680563 1
1 1082763680565 1
1 1082763680566 4
1 1082763680567 1
1 1082763680569 1
1 1082763680570 4
1 1082763680571 1
1 1082763680573 1
1 1082763680574 4
1 1082763680575 1
1 1082763680577 1
1 1082763680578 4
1 1082763680579 1
1 1082763680620 1
1 1082763680621 4
1 1082763680622 1
1 1082763680624 1
1 1082763680625 4
1 1082763680626 1
1 1082763680628 1
1 1082763680629 4
1 1082763680630 1
1 1082763680632 1
1 1082763680633 4
1 1082763680634 1
1 1082763680636 1
1 1082763680637 4
1 1082763680638 1
1 1082763680640 1
1 1082763680641 4
1 1082763680642 1
1 1082763680684 4
1 1082763680685 1
1 1082763680688 4
1 1082763680689 1
1 1082763680692 4
1 1082763680693 1
1 1082763680696 4
1 1082763680697 1
1 1082763680700 4
1 1082763680701 1
1 1082763680704 4
1 1082763680705 1
1 1082763680734 1
1 1082763680735 1
1 1082763680738 1
1 1082763680739 1
1 1082763680742 1
1 1082763680743 1
1 1082763680746 1
1 1082763680747 1
1 1082763680750 1
1 1082763680751 1
1 1082763680754 1
1 1082763680755 1
1 1082763680844 4
1 1082763680845 1
1 1082763680848 4
1 1082763680849 1
1 1082763680852 4
1 1082763680853 1
1 1082763680856 4
1 1082763680857 1
1 1082763680860 4
1 1082763680861 1
1 1082763680864 4
1 1082763680865 1
1 1082763680894 1
1 1082763680895 1
1 1082763680898 1
1 1082763680899 1
1 1082763680902 1
1 1082763680903 1
1 1082763680906 1
1 1082763680907 1
1 1082763680910 1
1 1082763680911 1
1 1082763680914 1
1 1082763680915 1
1 1082763680957 1
1 1082763680958 4
1 1082763680959 1
1 1082763680961 1
1 1082763680962 4
1 1082763680963 1
1 1082763680965 1
1 1082763680966 4
1 1082763680967 1
1 1082763680969 1
1 1082763680970 4
1 1082763680971 1
1 1082763680973 1
1 1082763680974 4
1 1082763680975 1
1 1082763680977 1
1 1082763680978 4
1 1082763680979 1
1 1082763681020 1
1 1082763681021 4
1 1082763681022 1
1 1082763681024 1
1 1082763681025 4
1 1082763681026 1
1 1082763681028 1
1 1082763681029 4
1 1082763681030 1
1 1082763681032 1
1 1082763681033 4
1 1082763681034 1
1 1082763681036 1
1 1082763681037 4
1 1082763681038 1
1 1082763681040 1
1 1082763681041 4
1 1082763681042 1
1 1082763681084 4
1 1082763681085 1
1 1082763681088 4
1 1082763681089 1
1 1082763681092 4
1 1082763681093 1
1 1082763681096 4
1 1082763681097 1
1 1082763681100 4
1 1082763681101 1
1 1082763681104 4
1 1082763681105 1
1 1082763681134 1
1 1082763681135 1
1 1082763681138 1
1 1082763681139 1
1 1082763681142 1
1 1082763681143 1
1 1082763681146 1
1 1082763681147 1
1 1082763681150 1
1 1082763681151 1
1 1082763681154 1
1 1082763681155 1
1 1082763681244 4
1 1082763681245 1
1 1082763681248 4
1 1082763681249 1
1 1082763681252 4
1 1082763681253 1
1 1082763681256 4
1 1082763681257 1
1 1082763681260 4
1 1082763681261 1
1 1082763681264 4
1 1082763681265 1
1 1082763681294 1
1 1082763681295 1
1 1082763681298 1
1 1082763681299 1
1 1082763681302 1
1 1082763681303 1
1 1082763681306 1
1 1082763681307 1
1 1082763681310 1
1 1082763681311 1
1 1082763681314 1
1 1082763681315 1
1 1082763681357 1
1 1082763681358 4
1 1082763681359 1
1 1082763681361 1
1 1082763681362 4
1 1082763681363 1
1 1082763681365 1
1 1082763681366 4
1 1082763681367 1
1 1082763681369 1
1 1082763681370 4
1 1082763681371 1
1 1082763681373 1
1 1082763681374 4
1 1082763681375 1
1 1082763681377 1
1 1082763681378 4
1 1082763681379 1
1 1082763681420 1
1 1082763681421 4
1 1082763681422 1
1 1082763681424 1
1 1082763681425 4
1 1082763681426 1
1 1082763681428 1
1 1082763681429 4
1 1082763681430 1
1 1082763681432 1
1 1082763681433 4
1 1082763681434 1
1 1082763681436 1
1 1082763681437 4
1 1082763681438 1
1 1082763681440 1
1 1082763681441 4
1 1082763681442 1
1 1082763681484 4
1 1082763681485 1
1 1082763681488 4
1 1082763681489 1
1 1082763681492 4
1 1082763681493 1
1 1082763681496 4
1 1082763681497 1
1 1082763681500 4
1 1082763681501 1
1 1082763681504 4
1 1082763681505 1
1 1082763681534 1
1 1082763681535 1
1 1082763681538 1
1 1082763681539 1
1 1082763681542 1
1 1082763681543 1
1 1082763681546 1
1 1082763681547 1
1 1082763681550 1
1 1082763681551 1
1 1082763681554 1
1 1082763681555 1
1 1082763681644 4
1 1082763681645 1
1 1082763681648 4
1 1082763681649 1
1 1082763681652 4
1 1082763681653 1
1 1082763681656 4
1 1082763681657 1
1 1082763681660 4
1 1082763681661 1
1 1082763681664 4
1 1082763681665 1
1 1082763681694 1
1 1082763681695 1
1 1082763681698 1
1 1082763681699 1
1 1082763681702 1
1 1082763681703 1
1 1082763681706 1
1 1082763681707 1
1 1082763681710 1
1 1082763681711 1
1 1082763681714 1
1 1082763681715 1
1 1082763681757 1
1 1082763681758 4
1 1082763681759 1
1 1082763681761 1
1 1082763681762 4
1 1082763681763 1
1 1082763681765 1
1 1082763681766 4
1 1082763681767 1
1 1082763681769 1
1 1082763681770 4
1 1082763681771 1
1 1082763681773 1
1 1082763681774 4
1 1082763681775 1
1 1082763681777 1
1 1082763681778 4
1 1082763681779 1
1 1082763681820 1
1 1082763681821 4
1 1082763681822 1
1 1082763681824 1
1 1082763681825 4
1 1082763681826 1
1 1082763681828 1
1 1082763681829 4
1 1082763681830 1
1 1082763681832 1
1 1082763681833 4
1 1082763681834 1
1 1082763681836 1
1 1082763681837 4
1 1082763681838 1
1 1082763681840 1
1 1082763681841 4
1 1082763681842 1
1 1082763681884 4
1 1082763681885 1
1 1082763681888 4
1 1082763681889 1
1 1082763681892 4
1 1082763681893 1
1 1082763681896 4
1 1082763681897 1
1 1082763681900 4
1 1082763681901 1
1 1082763681904 4
1 1082763681905 1
1 1082763681934 1
1 1082763681935 1
1 1082763681938 1
1 1082763681939 1
1 1082763681942 1
1 1082763681943 1
1 1082763681946 1
1 1082763681947 1
1 1082763681950 1
1 1082763681951 1
1 1082763681954 1
1 1082763681955 1
1 1082763682044 4
1 1082763682045 1
1 1082763682048 4
1 1082763682049 1
1 1082763682052 4
1 1082763682053 1
1 1082763682056 4
1 1082763682057 1
1 1082763682060 4
1 1082763682061 1
1 1082763682064 4
1 1082763682065 1
1 1082763682094 1
1 1082763682095 1
1 1082763682098 1
1 1082763682099 1
1 1082763682102 1
1 1082763682103 1
1 1082763682106 1
1 1082763682107 1
1 1082763682110 1
1 1082763682111 1
1 1082763682114 1
1 1082763682115 1
1 1082763682157 1
1 1082763682158 4
1 1082763682159 1
1 1082763682161 1
1 1082763682162 4
1 1082763682163 1
1 1082763682165 1
1 1082763682166 4
1 1082763682167 1
1 1082763682169 1
1 1082763682170 4
1 1082763682171 1
1 1082763682173 1
1 1082763682174 4
1 1082763682175 1
1 1082763682177 1
1 1082763682178 4
1 1082763682179 1
1 1082763682220 1
1 1082763682221 4
1 1082763682222 1
1 1082763682224 1
1 1082763682225 4
1 1082763682226 1
1 1082763682228 1
1 1082763682229 4
1 1082763682230 1
1 1082763682232 1
1 1082763682233 4
1 1082763682234 1
1 1082763682236 1
1 1082763682237 4
1 1082763682238 1
1 1082763682240 1
1 1082763682241 4
1 1082763682242 1
1 1082763682284 4
1 1082763682285 1
1 1082763682288 4
1 1082763682289 1
1 1082763682292 4
1 1082763682293 1
1 1082763682296 4
1 1082763682297 1
1 1082763682300 4
1 1082763682301 1
1 1082763682304 4
1 1082763682305 1
1 1082763682334 1
1 1082763682335 1
1 1082763682338 1
1 1082763682339 1
1 1082763682342 1
1 1082763682343 1
1 1082763682346 1
1 1082763682347 1
1 1082763682350 1
1 1082763682351 1
1 1082763682354 1
1 1082763682355 1
1 1082763682444 4
1 1082763682445 1
1 1082763682448 4
1 1082763682449 1
1 1082763682452 4
1 1082763682453 1
1 1082763682456 4
1 1082763682457 1
1 1082763682460 4
1 1082763682461 1
1 1082763682464 4
1 1082763682465 1
1 1082763682494 1
1 1082763682495 1
1 1082763682498 1
1 1082763682499 1
1 1082763682502 1
1 1082763682503 1
1 1082763682506 1
1 1082763682507 1
1 1082763682510 1
1 1082763682511 1
1 1082763682514 1
1 1082763682515 1
1 1082763682557 1
1 1082763682558 4
1 1082763682559 1
1 1082763682561 1
1 1082763682562 4
1 1082763682563 1
1 1082763682565 1
1 1082763682566 4
1 1082763682567 1
1 1082763682569 1
1 1082763682570 4
1 1082763682571 1
1 1082763682573 1
1 1082763682574 4
1 1082763682575 1
1 1082763682577 1
1 1082763682578 4
1 1082763682579 1
1 1082763682620 1
1 1082763682621 4
1 1082763682622 1
1 1082763682624 1
1 1082763682625 4
1 1082763682626 1
1 1082763682628 1
1 1082763682629 4
1 1082763682630 1
1 1082763682632 1
1 1082763682633 4
1 1082763682634 1
1 1082763682636 1
1 1082763682637 4
1 1082763682638 1
1 1082763682640 1
1 1082763682641 4
1 1082763682642 1
1 1082763682684 4
1 1082763682685 1
1 1082763682688 4
1 1082763682689 1
1 1082763682692 4
1 1082763682693 1
1 1082763682696 4
1 1082763682697 1
1 1082763682700 4
1 1082763682701 1
1 1082763682704 4
1 1082763682705 1
1 1082763682734 1
1 1082763682735 1
1 1082763682738 1
1 1082763682739 1
1 1082763682742 1
1 1082763682743 1
1 1082763682746 1
1 1082763682747 1
1 1082763682750 1
1 1082763682751 1
1 1082763682754 1
1 1082763682755 1
1 1082763682844 4
1 1082763682845 1
1 1082763682848 4
1 1082763682849 1
1 1082763682852 4
1 1082763682853 1
1 1082763682856 4
1 1082763682857 1
1 1082763682860 4
1 1082763682861 1
1 1082763682864 4
1 1082763682865 1
1 1082763682894 1
1 1082763682895 1
1 1082763682898 1
1 1082763682899 1
1 1082763682902 1
1 1082763682903 1
1 1082763682906 1
1 1082763682907 1
1 1082763682910 1
1 1082763682911 1
1 1082763682914 1
1 1082763682915 1
1 1082763682957 1
1 1082763682958 4
1 1082763682959 1
1 1082763682961 1
1 1082763682962 4
1 1082763682963 1
1 1082763682965 1
1 1082763682966 4
1 1082763682967 1
1 1082763682969 1
1 1082763682970 4
1 1082763682971 1
1 1082763682973 1
1 1082763682974 4
1 1082763682975 1
1 1082763682977 1
1 1082763682978 4
1 1082763682979 1
1 1082763683020 1
1 1082763683021 4
1 1082763683022 1
1 1082763683024 1
1 1082763683025 4
1 1082763683026 1
1 1082763683028 1
1 1082763683029 4
1 1082763683030 1
1 1082763683032 1
1 1082763683033 4
1 1082763683034 1
1 1082763683036 1
1 1082763683037 4
1 1082763683038 1
1 1082763683040 1
1 1082763683041 4
1 1082763683042 1
1 1082763683084 4
1 1082763683085 1
1 1082763683088 4
1 1082763683089 1
1 1082763683092 4
1 1082763683093 1
1 1082763683096 4
1 1082763683097 1
1 1082763683100 4
1 1082763683101 1
1 1082763683104 4
1 1082763683105 1
1 1082763683134 1
1 1082763683135 1
1 1082763683138 1
1 1082763683139 1
1 1082763683142 1
1 1082763683143 1
1 1082763683146 1
1 1082763683147 1
1 1082763683150 1
1 1082763683151 1
1 1082763683154 1
1 1082763683155 1
1 1082763683244 4
1 1082763683245 1
1 1082763683248 4
1 1082763683249 1
1 1082763683252 4
1 1082763683253 1
1 1082763683256 4
1 1082763683257 1
1 1082763683260 4
1 1082763683261 1
1 1082763683264 4
1 1082763683265 1
1 1082763683294 1
1 1082763683295 1
1 1082763683298 1
1 1082763683299 1
1 1082763683302 1
1 1082763683303 1
1 1082763683306 1
1 1082763683307 1
1 1082763683310 1
1 1082763683311 1
1 1082763683314 1
1 1082763683315 1
1 1082763683357 1
1 1082763683358 4
1 1082763683359 1
1 1082763683361 1
1 1082763683362 4
1 1082763683363 1
1 1082763683365 1
1 1082763683366 4
1 1082763683367 1
1 1082763683369 1
1 1082763683370 4
1 1082763683371 1
1 1082763683373 1
1 1082763683374 4
1 1082763683375 1
1 1082763683377 1
1 1082763683378 4
1 1082763683379 1
1 1082763683420 1
1 1082763683421 4
1 1082763683422 1
1 1082763683424 1
1 1082763683425 4
1 1082763683426 1
1 1082763683428 1
1 1082763683429 4
1 1082763683430 1
1 1082763683432 1
1 1082763683433 4
1 1082763683434 1
1 1082763683436 1
1 1082763683437 4
1 1082763683438 1
1 1082763683440 1
1 1082763683441 4
1 1082763683442 1
1 1082763683484 4
1 1082763683485 1
1 1082763683488 4
1 1082763683489 1
1 1082763683492 4
1 1082763683493 1
1 1082763683496 4
1 1082763683497 1
1 1082763683500 4
1 1082763683501 1
1 1082763683504 4
1 1082763683505 1
1 1082763683534 1
1 1082763683535 1
1 1082763683538 1
1 1082763683539 1
1 1082763683542 1
1 1082763683543 1
1 1082763683546 1
1 1082763683547 1
1 1082763683550 1
1 1082763683551 1
1 1082763683554 1
1 1082763683555 1
1 1082763683644 4
1 1082763683645 1
1 1082763683648 4
1 1082763683649 1
1 1082763683652 4
1 1082763683653 1
1 1082763683656 4
1 1082763683657 1
1 1082763683660 4
1 1082763683661 1
1 1082763683664 4
1 1082763683665 1
1 1082763683694 1
1 1082763683695 1
1 1082763683698 1
1 1082763683699 1
1 1082763683702 1
1 1082763683703 1
1 1082763683706 1
1 1082763683707 1
1 1082763683710 1
1 1082763683711 1
1 1082763683714 1
1 1082763683715 1
1 1082763683757 1
1 1082763683758 4
1 1082763683759 1
1 1082763683761 1
1 1082763683762 4
1 1082763683763 1
1 1082763683765 1
1 1082763683766 4
1 1082763683767 1
1 1082763683769 1
1 1082763683770 4
1 1082763683771 1
1 1082763683773 1
1 1082763683774 4
1 1082763683775 1
1 1082763683777 1
1 1082763683778 4
1 1082763683779 1
1 1082763683820 1
1 1082763683821 4
1 1082763683822 1
1 1082763683824 1
1 1082763683825 4
1 1082763683826 1
1 1082763683828 1
1 1082763683829 4
1 1082763683830 1
1 1082763683832 1
1 1082763683833 4
1 1082763683834 1
1 1082763683836 1
1 1082763683837 4
1 1082763683838 1
1 1082763683840 1
1 1082763683841 4
1 1082763683842 1
1 1082763683884 4
1 1082763683885 1
1 1082763683888 4
1 1082763683889 1
1 1082763683892 4
1 1082763683893 1
1 1082763683896 4
1 1082763683897 1
1 1082763683900 4
1 1082763683901 1
1 1082763683904 4
1 1082763683905 1
1 1082763683934 1
1 1082763683935 1
1 1082763683938 1
1 1082763683939 1
1 1082763683942 1
1 1082763683943 1
1 1082763683946 1
1 1082763683947 1
1 1082763683950 1
1 1082763683951 1
1 1082763683954 1
1 1082763683955 1
1 1082763684044 4
1 1082763684045 1
1 1082763684048 4
1 1082763684049 1
1 1082763684052 4
1 1082763684053 1
1 1082763684056 4
1 1082763684057 1
1 1082763684060 4
1 1082763684061 1
1 1082763684064 4
1 1082763684065 1
1 1082763684094 1
1 1082763684095 1
1 1082763684098 1
1 1082763684099 1
1 1082763684102 1
1 1082763684103 1
1 1082763684106 1
1 1082763684107 1
1 1082763684110 1
1 1082763684111 1
1 1082763684114 1
1 1082763684115 1
1 1082763684157 1
1 1082763684158 4
1 1082763684159 1
1 1082763684161 1
1 1082763684162 4
1 1082763684163 1
1 1082763684165 1
1 1082763684166 4
1 1082763684167 1
1 1082763684169 1
1 1082763684170 4
1 1082763684171 1
1 1082763684173 1
1 1082763684174 4
1 1082763684175 1
1 1082763684177 1
1 1082763684178 4
1 1082763684179 1
1 1082763684220 1
1 1082763684221 4
1 1082763684222 1
1 1082763684224 1
1 1082763684225 4
1 1082763684226 1
1 1082763684228 1
1 1082763684229 4
1 1082763684230 1
1 1082763684232 1
1 1082763684233 4
1 1082763684234 1
1 1082763684236 1
1 1082763684237 4
1 1082763684238 1
1 1082763684240 1
1 1082763684241 4
1 1082763684242 1
1 1082763684284 4
1 1082763684285 1
1 1082763684288 4
1 1082763684289 1
1 1082763684292 4
1 1082763684293 1
1 1082763684296 4
1 1082763684297 1
1 1082763684300 4
1 1082763684301 1
1 1082763684304 4
1 1082763684305 1
1 1082763684334 1
1 1082763684335 1
1 1082763684338 1
1 1082763684339 1
1 1082763684342 1
1 1082763684343 1
1 1082763684346 1
1 1082763684347 1
1 1082763684350 1
1 1082763684351 1
1 1082763684354 1
1 1082763684355 1
1 1082763684444 4
1 1082763684445 1
1 1082763684448 4
1 1082763684449 1
1 1082763684452 4
1 1082763684453 1
1 1082763684456 4
1 1082763684457 1
1 1082763684460 4
1 1082763684461 1
1 1082763684464 4
1 1082763684465 1
1 1082763684494 1
1 1082763684495 1
1 1082763684498 1
1 1082763684499 1
1 1082763684502 1
1 1082763684503 1
1 1082763684506 1
1 1082763684507 1
1 1082763684510 1
1 1082763684511 1
1 1082763684514 1
1 1082763684515 1
1 1082763684557 1
1 1082763684558 4
1 1082763684559 1
1 1082763684561 1
1 1082763684562 4
1 1082763684563 1
1 1082763684565 1
1 1082763684566 4
1 1082763684567 1
1 1082763684569 1
1 1082763684570 4
1 1082763684571 1
1 1082763684573 1
1 1082763684574 4
1 1082763684575 1
1 1082763684577 1
1 1082763684578 4
1 1082763684579 1
1 1082763684620 1
1 1082763684621 4
1 1082763684622 1
1 1082763684624 1
1 1082763684625 4
1 1082763684626 1
1 1082763684628 1
1 1082763684629 4
1 1082763684630 1
1 1082763684632 1
1 1082763684633 4
1 1082763684634 1
1 1082763684636 1
1 1082763684637 4
1 1082763684638 1
1 1082763684640 1
1 1082763684641 4
1 1082763684642 1
1 1082763684684 4
1 1082763684685 1
1 1082763684688 4
1 1082763684689 1
1 1082763684692 4
1 1082763684693 1
1 1082763684696 4
1 1082763684697 1
1 1082763684700 4
1 1082763684701 1
1 1082763684704 4
1 1082763684705 1
1 1082763684734 1
1 1082763684735 1
1 1082763684738 1
1 1082763684739 1
1 1082763684742 1
1 1082763684743 1
1 1082763684746 1
1 1082763684747 1
1 1082763684750 1
1 1082763684751 1
1 1082763684754 1
1 1082763684755 1
1 1082763684844 4
1 1082763684845 1
1 1082763684848 4
1 1082763684849 1
1 1082763684852 4
1 1082763684853 1
1 1082763684856 4
1 1082763684857 1
1 1082763684860 4
1 1082763684861 1
1 1082763684864 4
1 1082763684865 1
1 1082763684894 1
1 1082763684895 1
1 1082763684898 1
1 1082763684899 1
1 1082763684902 1
1 1082763684903 1
1 1082763684906 1
1 1082763684907 1
1 1082763684910 1
1 1082763684911 1
1 1082763684914 1
1 1082763684915 1
1 1082763684957 1
1 1082763684958 4
1 1082763684959 1
1 1082763684961 1
1 1082763684962 4
1 1082763684963 1
1 1082763684965 1
1 1082763684966 4
1 1082763684967 1
1 1082763684969 1
1 1082763684970 4
1 1082763684971 1
1 1082763684973 1
1 1082763684974 4
1 1082763684975 1
1 1082763684977 1
1 1082763684978 4
1 1082763684979 1
1 1082763685020 1
1 1082763685021 4
1 1082763685022 1
1 1082763685024 1
1 1082763685025 4
1 1082763685026 1
1 1082763685028 1
1 1082763685029 4
1 1082763685030 1
1 1082763685032 1
1 1082763685033 4
1 1082763685034 1
1 1082763685036 1
1 1082763685037 4
1 1082763685038 1
1 1082763685040 1
1 1082763685041 4
1 1082763685042 1
1 1082763685084 4
1 1082763685085 1
1 1082763685088 4
1 1082763685089 1
1 1082763685092 4
1 1082763685093 1
1 1082763685096 4
1 1082763685097 1
1 1082763685100 4
1 1082763685101 1
1 1082763685104 4
1 1082763685105 1
1 1082763685134 1
1 1082763685135 1
1 1082763685138 1
1 1082763685139 1
1 1082763685142 1
1 1082763685143 1
1 1082763685146 1
1 1082763685147 1
1 1082763685150 1
1 1082763685151 1
1 1082763685154 1
1 1082763685155 1
1 1082763685244 4
1 1082763685245 1
1 1082763685248 4
1 1082763685249 1
1 1082763685252 4
1 1082763685253 1
1 1082763685256 4
1 1082763685257 1
1 1082763685260 4
1 1082763685261 1
1 1082763685264 4
1 1082763685265 1
1 1082763685294 1
1 1082763685295 1
1 1082763685298 1
1 1082763685299 1
1 1082763685302 1
1 1082763685303 1
1 1082763685306 1
1 1082763685307 1
1 1082763685310 1
1 1082763685311 1
1 1082763685314 1
1 1082763685315 1
1 1082763685357 1
1 1082763685358 4
1 1082763685359 1
1 1082763685361 1
1 1082763685362 4
1 1082763685363 1
1 1082763685365 1
1 1082763685366 4
1 1082763685367 1
1 1082763685369 1
1 1082763685370 4
1 1082763685371 1
1 1082763685373 1
1 1082763685374 4
1 1082763685375 1
1 1082763685377 1
1 1082763685378 4
1 1082763685379 1
1 1082763685420 1
1 1082763685421 4
1 1082763685422 1
1 1082763685424 1
1 1082763685425 4
1 1082763685426 1
1 1082763685428 1
1 1082763685429 4
1 1082763685430 1
1 1082763685432 1
1 1082763685433 4
1 1082763685434 1
1 1082763685436 1
1 1082763685437 4
1 1082763685438 1
1 1082763685440 1
1 1082763685441 4
1 1082763685442 1
1 1082763685484 4
1 1082763685485 1
1 1082763685488 4
1 1082763685489 1
1 1082763685492 4
1 1082763685493 1
1 1082763685496 4
1 1082763685497 1
1 1082763685500 4
1 1082763685501 1
1 1082763685504 4
1 1082763685505 1
1 1082763685534 1
1 1082763685535 1
1 1082763685538 1
1 1082763685539 1
1 1082763685542 1
1 1082763685543 1
1 1082763685546 1
1 1082763685547 1
1 1082763685550 1
1 1082763685551 1
1 1082763685554 1
1 1082763685555 1
1 1082763685644 4
1 1082763685645 1
1 1082763685648 4
1 1082763685649 1
1 1082763685652 4
1 1082763685653 1
1 1082763685656 4
1 1082763685657 1
1 1082763685660 4
1 1082763685661 1
1 1082763685664 4
1 1082763685665 1
1 1082763685694 1
1 1082763685695 1
1 1082763685698 1
1 1082763685699 1
1 1082763685702 1
1 1082763685703 1
1 1082763685706 1
1 1082763685707 1
1 1082763685710 1
1 1082763685711 1
1 1082763685714 1
1 1082763685715 1
1 1082763685757 1
1 1082763685758 4
1 1082763685759 1
1 1082763685761 1
1 1082763685762 4
1 1082763685763 1
1 1082763685765 1
1 1082763685766 4
1 1082763685767 1
1 1082763685769 1
1 1082763685770 4
1 1082763685771 1
1 1082763685773 1
1 1082763685774 4
1 1082763685775 1
1 1082763685777 1
1 1082763685778 4
1 1082763685779 1
1 1082763685820 1
1 1082763685821 4
1 1082763685822 1
1 1082763685824 1
1 1082763685825 4
1 1082763685826 1
1 1082763685828 1
1 1082763685829 4
1 1082763685830 1
1 1082763685832 1
1 1082763685833 4
1 1082763685834 1
1 1082763685836 1
1 1082763685837 4
1 1082763685838 1
1 1082763685840 1
1 1082763685841 4
1 1082763685842 1
1 1082763685884 4
1 1082763685885 1
1 1082763685888 4
1 1082763685889 1
1 1082763685892 4
1 1082763685893 1
1 1082763685896 4
1 1082763685897 1
1 1082763685900 4
1 1082763685901 1
1 1082763685904 4
1 1082763685905 1
1 1082763685934 1
1 1082763685935 1
1 1082763685938 1
1 1082763685939 1
1 1082763685942 1
1 1082763685943 1
1 1082763685946 1
1 1082763685947 1
1 1082763685950 1
1 1082763685951 1
1 1082763685954 1
1 1082763685955 1
1 1082763686044 4
1 1082763686045 1
1 1082763686048 4
1 1082763686049 1
1 1082763686052 4
1 1082763686053 1
1 1082763686056 4
1 1082763686057 1
1 1082763686060 4
1 1082763686061 1
1 1082763686064 4
1 1082763686065 1
1 1082763686094 1
1 1082763686095 1
1 1082763686098 1
1 1082763686099 1
1 1082763686102 1
1 1082763686103 1
1 1082763686106 1
1 1082763686107 1
1 1082763686110 1
1 1082763686111 1
1 1082763686114 1
1 1082763686115 1
1 1082763686157 1
1 1082763686158 4
1 1082763686159 1
1 1082763686161 1
1 1082763686162 4
1 1082763686163 1
1 1082763686165 1
1 1082763686166 4
1 1082763686167 1
1 1082763686169 1
1 1082763686170 4
1 1082763686171 1
1 1082763686173 1
1 1082763686174 4
1 1082763686175 1
1 1082763686177 1
1 1082763686178 4
1 1082763686179 1
1 1082763686220 1
1 1082763686221 4
1 1082763686222 1
1 1082763686224 1
1 1082763686225 4
1 1082763686226 1
1 1082763686228 1
1 1082763686229 4
1 1082763686230 1
1 1082763686232 1
1 1082763686233 4
1 1082763686234 1
1 1082763686236 1
1 1082763686237 4
1 1082763686238 1
1 1082763686240 1
1 1082763686241 4
1 1082763686242 1
1 1082763686284 4
1 1082763686285 1
1 1082763686288 4
1 1082763686289 1
1 1082763686292 4
1 1082763686293 1
1 1082763686296 4
1 1082763686297 1
1 1082763686300 4
1 1082763686301 1
1 1082763686304 4
1 1082763686305 1
1 1082763686334 1
1 1082763686335 1
1 1082763686338 1
1 1082763686339 1
1 1082763686342 1
1 1082763686343 1
1 1082763686346 1
1 1082763686347 1
1 1082763686350 1
1 1082763686351 1
1 1082763686354 1
1 1082763686355 1
1 1082763686444 4
1 1082763686445 1
1 1082763686448 4
1 1082763686449 1
1 1082763686452 4
1 1082763686453 1
1 1082763686456 4
1 1082763686457 1
1 1082763686460 4
1 1082763686461 1
1 1082763686464 4
1 1082763686465 1
1 1082763686494 1
1 1082763686495 1
1 1082763686498 1
1 1082763686499 1
1 1082763686502 1
1 1082763686503 1
1 1082763686506 1
1 1082763686507 1
1 1082763686510 1
1 1082763686511 1
1 1082763686514 1
1 1082763686515 1
1 1082763686557 1
1 1082763686558 4
1 1082763686559 1
1 1082763686561 1
1 1082763686562 4
1 1082763686563 1
1 1082763686565 1
1 1082763686566 4
1 1082763686567 1
1 1082763686569 1
1 1082763686570 4
1 1082763686571 1
1 1082763686573 1
1 1082763686574 4
1 1082763686575 1
1 1082763686577 1
1 1082763686578 4
1 1082763686579 1
1 1082763686620 1
1 1082763686621 4
1 1082763686622 1
1 1082763686624 1
1 1082763686625 4
1 1082763686626 1
1 1082763686628 1
1 1082763686629 4
1 1082763686630 1
1 1082763686632 1
1 1082763686633 4
1 1082763686634 1
1 1082763686636 1
1 1082763686637 4
1 1082763686638 1
1 1082763686640 1
1 1082763686641 4
1 1082763686642 1
1 1082763686684 4
1 1082763686685 1
1 1082763686688 4
1 1082763686689 1
1 1082763686692 4
1 1082763686693 1
1 1082763686696 4
1 1082763686697 1
1 1082763686700 4
1 1082763686701 1
1 1082763686704 4
1 1082763686705 1
1 1082763686734 1
1 1082763686735 1
1 1082763686738 1
1 1082763686739 1
1 1082763686742 1
1 1082763686743 1
1 1082763686746 1
1 1082763686747 1
1 1082763686750 1
1 1082763686751 1
1 1082763686754 1
1 1082763686755 1
1 1082763686844 4
1 1082763686845 1
1 1082763686848 4
1 1082763686849 1
1 1082763686852 4
1 1082763686853 1
1 1082763686856 4
1 1082763686857 1
1 1082763686860 4
1 1082763686861 1
1 1082763686864 4
1 1082763686865 1
1 1082763686894 1
1 1082763686895 1
1 1082763686898 1
1 1082763686899 1
1 1082763686902 1
1 1082763686903 1
1 1082763686906 1
1 1082763686907 1
1 1082763686910 1
1 1082763686911 1
1 1082763686914 1
1 1082763686915 1
1 1082763686957 1
1 1082763686958 4
1 1082763686959 1
1 1082763686961 1
1 1082763686962 4
1 1082763686963 1
1 1082763686965 1
1 1082763686966 4
1 1082763686967 1
1 1082763686969 1
1 1082763686970 4
1 1082763686971 1
1 1082763686973 1
1 1082763686974 4
1 1082763686975 1
1 1082763686977 1
1 1082763686978 4
1 1082763686979 1
1 1082763687020 1
1 1082763687021 4
1 1082763687022 1
1 1082763687024 1
1 1082763687025 4
1 1082763687026 1
1 1082763687028 1
1 1082763687029 4
1 1082763687030 1
1 1082763687032 1
1 1082763687033 4
1 1082763687034 1
1 1082763687036 1
1 1082763687037 4
1 1082763687038 1
1 1082763687040 1
1 1082763687041 4
1 1082763687042 1
1 1082763687084 4
1 1082763687085 1
1 1082763687088 4
1 1082763687089 1
1 1082763687092 4
1 1082763687093 1
1 1082763687096 4
1 1082763687097 1
1 1082763687100 4
1 1082763687101 1
1 1082763687104 4
1 1082763687105 1
1 1082763687134 1
1 1082763687135 1
1 1082763687138 1
1 1082763687139 1
1 1082763687142 1
1 1082763687143 1
1 1082763687146 1
1 1082763687147 1
1 1082763687150 1
1 1082763687151 1
1 1082763687154 1
1 1082763687155 1
1 1082763687244 4
1 1082763687245 1
1 1082763687248 4
1 1082763687249 1
1 1082763687252 4
1 1082763687253 1
1 1082763687256 4
1 1082763687257 1
1 1082763687260 4
1 1082763687261 1
1 1082763687264 4
1 1082763687265 1
1 1082763687294 1
1 1082763687295 1
1 1082763687298 1
1 1082763687299 1
1 1082763687302 1
1 1082763687303 1
1 1082763687306 1
1 1082763687307 1
1 1082763687310 1
1 1082763687311 1
1 1082763687314 1
1 1082763687315 1
1 1082763687357 1
1 1082763687358 4
1 1082763687359 1
1 1082763687361 1
1 1082763687362 4
1 1082763687363 1
1 1082763687365 1
1 1082763687366 4
1 1082763687367 1
1 1082763687369 1
1 1082763687370 4
1 1082763687371 1
1 1082763687373 1
1 1082763687374 4
1 1082763687375 1
1 1082763687377 1
1 1082763687378 4
1 1082763687379 1
1 1082763687420 1
1 1082763687421 4
1 1082763687422 1
1 1082763687424 1
1 1082763687425 4
1 1082763687426 1
1 1082763687428 1
1 1082763687429 4
1 1082763687430 1
1 1082763687432 1
1 1082763687433 4
1 1082763687434 1
1 1082763687436 1
1 1082763687437 4
1 1082763687438 1
1 1082763687440 1
1 1082763687441 4
1 1082763687442 1
1 1082763687484 4
1 1082763687485 1
1 1082763687488 4
1 1082763687489 1
1 1082763687492 4
1 1082763687493 1
1 1082763687496 4
1 1082763687497 1
1 1082763687500 4
1 1082763687501 1
1 1082763687504 4
1 1082763687505 1
1 1082763687534 1
1 1082763687535 1
1 1082763687538 1
1 1082763687539 1
1 1082763687542 1
1 1082763687543 1
1 1082763687546 1
1 1082763687547 1
1 1082763687550 1
1 1082763687551 1
1 1082763687554 1
1 1082763687555 1
1 1082763687644 4
1 1082763687645 1
1 1082763687648 4
1 1082763687649 1
1 1082763687652 4
1 1082763687653 1
1 1082763687656 4
1 1082763687657 1
1 1082763687660 4
1 1082763687661 1
1 1082763687664 4
1 1082763687665 1
1 1082763687694 1
1 1082763687695 1
1 1082763687698 1
1 1082763687699 1
1 1082763687702 1
1 1082763687703 1
1 1082763687706 1
1 1082763687707 1
1 1082763687710 1
1 1082763687711 1
1 1082763687714 1
1 1082763687715 1
1 1082763687757 1
1 1082763687758 4
1 1082763687759 1
1 1082763687761 1
1 1082763687762 4
1 1082763687763 1
1 1082763687765 1
1 1082763687766 4
1 1082763687767 1
1 1082763687769 1
1 1082763687770 4
1 1082763687771 1
1 1082763687773 1
1 1082763687774 4
1 1082763687775 1
1 1082763687777 1
1 1082763687778 4
1 1082763687779 1
1 1082763687820 1
1 1082763687821 4
1 1082763687822 1
1 1082763687824 1
1 1082763687825 4
1 1082763687826 1
1 1082763687828 1
1 1082763687829 4
1 1082763687830 1
1 1082763687832 1
1 1082763687833 4
1 1082763687834 1
1 1082763687836 1
1 1082763687837 4
1 1082763687838 1
1 1082763687840 1
1 1082763687841 4
1 1082763687842 1
1 1082763687884 4
1 1082763687885 1
1 1082763687888 4
1 1082763687889 1
1 1082763687892 4
1 1082763687893 1
1 1082763687896 4
1 1082763687897 1
1 1082763687900 4
1 1082763687901 1
1 1082763687904 4
1 1082763687905 1
1 1082763687934 1
1 1082763687935 1
1 1082763687938 1
1 1082763687939 1
1 1082763687942 1
1 1082763687943 1
1 1082763687946 1
1 1082763687947 1
1 1082763687950 1
1 1082763687951 1
1 1082763687954 1
1 1082763687955 1
1 1082763688044 4
1 1082763688045 1
1 1082763688048 4
1 1082763688049 1
1 1082763688052 4
1 1082763688053 1
1 1082763688056 4
1 1082763688057 1
1 1082763688060 4
1 1082763688061 1
1 1082763688064 4
1 1082763688065 1
1 1082763688094 1
1 1082763688095 1
1 1082763688098 1
1 1082763688099 1
1 1082763688102 1
1 1082763688103 1
1 1082763688106 1
1 1082763688107 1
1 1082763688110 1
1 1082763688111 1
1 1082763688114 1
1 1082763688115 1
1 1082763688157 1
1 1082763688158 4
1 1082763688159 1
1 1082763688161 1
1 1082763688162 4
1 1082763688163 1
1 1082763688165 1
1 1082763688166 4
1 1082763688167 1
1 1082763688169 1
1 1082763688170 4
1 1082763688171 1
1 1082763688173 1
1 1082763688174 4
1 1082763688175 1
1 1082763688177 1
1 1082763688178 4
1 1082763688179 1
1 1082763688220 1
1 1082763688221 4
1 1082763688222 1
1 1082763688224 1
1 1082763688225 4
1 1082763688226 1
1 1082763688228 1
1 1082763688229 4
1 1082763688230 1
1 1082763688232 1
1 1082763688233 4
1 1082763688234 1
1 1082763688236 1
1 1082763688237 4
1 1082763688238 1
1 1082763688240 1
1 1082763688241 4
1 1082763688242 1
1 1082763688284 4
1 1082763688285 1
1 1082763688288 4
1 1082763688289 1
1 1082763688292 4
1 1082763688293 1
1 1082763688296 4
1 1082763688297 1
1 1082763688300 4
1 1082763688301 1
1 1082763688304 4
1 1082763688305 1
1 1082763688334 1
1 1082763688335 1
1 1082763688338 1
1 1082763688339 1
1 1082763688342 1
1 1082763688343 1
1 1082763688346 1
1 1082763688347 1
1 1082763688350 1
1 1082763688351 1
1 1082763688354 1
1 1082763688355 1
1 1082763688444 4
1 1082763688445 1
1 1082763688448 4
1 1082763688449 1
1 1082763688452 4
1 1082763688453 1
1 1082763688456 4
1 1082763688457 1
1 1082763688460 4
1 1082763688461 1
1 1082763688464 4
1 1082763688465 1
1 1082763688494 1
1 1082763688495 1
1 1082763688498 1
1 1082763688499 1
1 1082763688502 1
1 1082763688503 1
1 1082763688506 1
1 1082763688507 1
1 1082763688510 1
1 1082763688511 1
1 1082763688514 1
1 1082763688515 1
1 1082763688557 1
1 1082763688558 4
1 1082763688559 1
1 1082763688561 1
1 1082763688562 4
1 1082763688563 1
1 1082763688565 1
1 1082763688566 4
1 1082763688567 1
1 1082763688569 1
1 1082763688570 4
1 1082763688571 1
1 1082763688573 1
1 1082763688574 4
1 1082763688575 1
1 1082763688577 1
1 1082763688578 4
1 1082763688579 1
1 1082763688620 1
1 1082763688621 4
1 1082763688622 1
1 1082763688624 1
1 1082763688625 4
1 1082763688626 1
1 1082763688628 1
1 1082763688629 4
1 1082763688630 1
1 1082763688632 1
1 1082763688633 4
1 1082763688634 1
1 1082763688636 1
1 1082763688637 4
1 1082763688638 1
1 1082763688640 1
1 1082763688641 4
1 1082763688642 1
1 1082763688684 4
1 1082763688685 1
1 1082763688688 4
1 1082763688689 1
1 1082763688692 4
1 1082763688693 1
1 1082763688696 4
1 1082763688697 1
1 1082763688700 4
1 1082763688701 1
1 1082763688704 4
1 1082763688705 1
1 1082763688734 1
1 1082763688735 1
1 1082763688738 1
1 1082763688739 1
1 1082763688742 1
1 1082763688743 1
1 1082763688746 1
1 1082763688747 1
1 1082763688750 1
1 1082763688751 1
1 1082763688754 1
1 1082763688755 1
1 1082763688844 4
1 1082763688845 1
1 1082763688848 4
1 1082763688849 1
1 1082763688852 4
1 1082763688853 1
1 1082763688856 4
1 1082763688857 1
1 1082763688860 4
1 1082763688861 1
1 1082763688864 4
1 1082763688865 1
1 1082763688894 1
1 1082763688895 1
1 1082763688898 1
1 1082763688899 1
1 1082763688902 1
1 1082763688903 1
1 1082763688906 1
1 1082763688907 1
1 1082763688910 1
1 1082763688911 1
1 1082763688914 1
1 1082763688915 1
1 1082763688957 1
1 1082763688958 4
1 1082763688959 1
1 1082763688961 1
1 1082763688962 4
1 1082763688963 1
1 1082763688965 1
1 1082763688966 4
1 1082763688967 1
1 1082763688969 1
1 1082763688970 4
1 1082763688971 1
1 1082763688973 1
1 1082763688974 4
1 1082763688975 1
1 1082763688977 1
1 1082763688978 4
1 1082763688979 1
1 1082763689020 1
1 1082763689021 4
1 1082763689022 1
1 1082763689024 1
1 1082763689025 4
1 1082763689026 1
1 1082763689028 1
1 1082763689029 4
1 1082763689030 1
1 1082763689032 1
1 1082763689033 4
1 1082763689034 1
1 1082763689036 1
1 1082763689037 4
1 1082763689038 1
1 1082763689040 1
1 1082763689041 4
1 1082763689042 1
1 1082763689084 4
1 1082763689085 1
1 1082763689088 4
1 1082763689089 1
1 1082763689092 4
1 1082763689093 1
1 1082763689096 4
1 1082763689097 1
1 1082763689100 4
1 1082763689101 1
1 1082763689104 4
1 1082763689105 1
1 1082763689134 1
1 1082763689135 1
1 1082763689138 1
1 1082763689139 1
1 1082763689142 1
1 1082763689143 1
1 1082763689146 1
1 1082763689147 1
1 1082763689150 1
1 1082763689151 1
1 1082763689154 1
1 1082763689155 1
1 1082763689244 4
1 1082763689245 1
1 1082763689248 4
1 1082763689249 1
1 1082763689252 4
1 1082763689253 1
1 1082763689256 4
1 1082763689257 1
1 1082763689260 4
1 1082763689261 1
1 1082763689264 4
1 1082763689265 1
1 1082763689294 1
1 1082763689295 1
1 1082763689298 1
1 1082763689299 1
1 1082763689302 1
1 1082763689303 1
1 1082763689306 1
1 1082763689307 1
1 1082763689310 1
1 1082763689311 1
1 1082763689314 1
1 1082763689315 1
1 1082763689357 1
1 1082763689358 4
1 1082763689359 1
1 1082763689361 1
1 1082763689362 4
1 1082763689363 1
1 1082763689365 1
1 1082763689366 4
1 1082763689367 1
1 1082763689369 1
1 1082763689370 4
1 1082763689371 1
1 1082763689373 1
1 1082763689374 4
1 1082763689375 1
1 1082763689377 1
1 1082763689378 4
1 1082763689379 1
1 1082763689420 1
1 1082763689421 4
1 1082763689422 1
1 1082763689424 1
1 1082763689425 4
1 1082763689426 1
1 1082763689428 1
1 1082763689429 4
1 1082763689430 1
1 1082763689432 1
1 1082763689433 4
1 1082763689434 1
1 1082763689436 1
1 1082763689437 4
1 1082763689438 1
1 1082763689440 1
1 1082763689441 4
1 1082763689442 1
1 1082763689484 4
1 1082763689485 1
1 1082763689488 4
1 1082763689489 1
1 1082763689492 4
1 1082763689493 1
1 1082763689496 4
1 1082763689497 1
1 1082763689500 4
1 1082763689501 1
1 1082763689504 4
1 1082763689505 1
1 1082763689534 1
1 1082763689535 1
1 1082763689538 1
1 1082763689539 1
1 1082763689542 1
1 1082763689543 1
1 1082763689546 1
1 1082763689547 1
1 1082763689550 1
1 1082763689551 1
1 1082763689554 1
1 1082763689555 1
1 1082763689644 4
1 1082763689645 1
1 1082763689648 4
1 1082763689649 1
1 1082763689652 4
1 1082763689653 1
1 1082763689656 4
1 1082763689657 1
1 1082763689660 4
1 1082763689661 1
1 1082763689664 4
1 1082763689665 1
1 1082763689694 1
1 1082763689695 1
1 1082763689698 1
1 1082763689699 1
1 1082763689702 1
1 1082763689703 1
1 1082763689706 1
1 1082763689707 1
1 1082763689710 1
1 1082763689711 1
1 1082763689714 1
1 1082763689715 1
1 1082763689757 1
1 1082763689758 4
1 1082763689759 1
1 1082763689761 1
1 1082763689762 4
1 1082763689763 1
1 1082763689765 1
1 1082763689766 4
1 1082763689767 1
1 1082763689769 1
1 1082763689770 4
1 1082763689771 1
1 1082763689773 1
1 1082763689774 4
1 1082763689775 1
1 1082763689777 1
1 1082763689778 4
1 1082763689779 1
1 1082763689820 1
1 1082763689821 4
1 1082763689822 1
1 1082763689824 1
1 1082763689825 4
1 1082763689826 1
1 1082763689828 1
1 1082763689829 4
1 1082763689830 1
1 1082763689832 1
1 1082763689833 4
1 1082763689834 1
1 1082763689836 1
1 1082763689837 4
1 1082763689838 1
1 1082763689840 1
1 1082763689841 4
1 1082763689842 1
1 1082763689884 4
1 1082763689885 1
1 1082763689888 4
1 1082763689889 1
1 1082763689892 4
1 1082763689893 1
1 1082763689896 4
1 1082763689897 1
1 1082763689900 4
1 1082763689901 1
1 1082763689904 4
1 1082763689905 1
1 1082763689934 1
1 1082763689935 1
1 1082763689938 1
1 1082763689939 1
1 1082763689942 1
1 1082763689943 1
1 1082763689946 1
1 1082763689947 1
1 1082763689950 1
1 1082763689951 1
1 1082763689954 1
1 1082763689955 1
1 1082763690044 4
1 1082763690045 1
1 1082763690048 4
1 1082763690049 1
1 1082763690052 4
1 1082763690053 1
1 1082763690056 4
1 1082763690057 1
1 1082763690060 4
1 1082763690061 1
1 1082763690064 4
1 1082763690065 1
1 1082763690094 1
1 1082763690095 1
1 1082763690098 1
1 1082763690099 1
1 1082763690102 1
1 1082763690103 1
1 1082763690106 1
1 1082763690107 1
1 1082763690110 1
1 1082763690111 1
1 1082763690114 1
1 1082763690115 1
1 1082763690157 1
1 1082763690158 4
1 1082763690159 1
1 1082763690161 1
1 1082763690162 4
1 1082763690163 1
1 1082763690165 1
1 1082763690166 4
1 1082763690167 1
1 1082763690169 1
1 1082763690170 4
1 1082763690171 1
1 1082763690173 1
1 1082763690174 4
1 1082763690175 1
1 1082763690177 1
1 1082763690178 4
1 1082763690179 1
1 1082763690220 1
1 1082763690221 4
1 1082763690222 1
1 1082763690224 1
1 1082763690225 4
1 1082763690226 1
1 1082763690228 1
1 1082763690229 4
1 1082763690230 1
1 1082763690232 1
1 1082763690233 4
1 1082763690234 1
1 1082763690236 1
1 1082763690237 4
1 1082763690238 1
1 1082763690240 1
1 1082763690241 4
1 1082763690242 1
1 1082763690284 4
1 1082763690285 1
1 1082763690288 4
1 1082763690289 1
1 1082763690292 4
1 1082763690293 1
1 1082763690296 4
1 1082763690297 1
1 1082763690300 4
1 1082763690301 1
1 1082763690304 4
1 1082763690305 1
1 1082763690334 1
1 1082763690335 1
1 1082763690338 1
1 1082763690339 1
1 1082763690342 1
1 1082763690343 1
1 1082763690346 1
1 1082763690347 1
1 1082763690350 1
1 1082763690351 1
1 1082763690354 1
1 1082763690355 1
1 1082763690444 4
1 1082763690445 1
1 1082763690448 4
1 1082763690449 1
1 1082763690452 4
1 1082763690453 1
1 1082763690456 4
1 1082763690457 1
1 1082763690460 4
1 1082763690461 1
1 1082763690464 4
1 1082763690465 1
1 1082763690494 1
1 1082763690495 1
1 1082763690498 1
1 1082763690499 1
1 1082763690502 1
1 1082763690503 1
1 1082763690506 1
1 1082763690507 1
1 1082763690510 1
1 1082763690511 1
1 1082763690514 1
1 1082763690515 1
1 1082763690557 1
1 1082763690558 4
1 1082763690559 1
1 1082763690561 1
1 1082763690562 4
1 1082763690563 1
1 1082763690565 1
1 1082763690566 4
1 1082763690567 1
1 1082763690569 1
1 1082763690570 4
1 1082763690571 1
1 1082763690573 1
1 1082763690574 4
1 1082763690575 1
1 1082763690577 1
1 1082763690578 4
1 1082763690579 1
1 1082763690620 1
1 1082763690621 4
1 1082763690622 1
1 1082763690624 1
1 1082763690625 4
1 1082763690626 1
1 1082763690628 1
1 1082763690629 4
1 1082763690630 1
1 1082763690632 1
1 1082763690633 4
1 1082763690634 1
1 1082763690636 1
1 1082763690637 4
1 1082763690638 1
1 1082763690640 1
1 1082763690641 4
1 1082763690642 1
1 1082763690684 4
1 1082763690685 1
1 1082763690688 4
1 1082763690689 1
1 1082763690692 4
1 1082763690693 1
1 1082763690696 4
1 1082763690697 1
1 1082763690700 4
1 1082763690701 1
1 1082763690704 4
1 1082763690705 1
1 1082763690734 1
1 1082763690735 1
1 1082763690738 1
1 1082763690739 1
1 1082763690742 1
1 1082763690743 1
1 1082763690746 1
1 1082763690747 1
1 1082763690750 1
1 1082763690751 1
1 1082763690754 1
1 1082763690755 1
1 1082763690844 4
1 1082763690845 1
1 1082763690848 4
1 1082763690849 1
1 1082763690852 4
1 1082763690853 1
1 1082763690856 4
1 1082763690857 1
1 1082763690860 4
1 1082763690861 1
1 1082763690864 4
1 1082763690865 1
1 1082763690894 1
1 1082763690895 1
1 1082763690898 1
1 1082763690899 1
1 1082763690902 1
1 1082763690903 1
1 1082763690906 1
1 1082763690907 1
1 1082763690910 1
1 1082763690911 1
1 1082763690914 1
1 1082763690915 1
1 1082763690957 1
1 1082763690958 4
1 1082763690959 1
1 1082763690961 1
1 1082763690962 4
1 1082763690963 1
1 1082763690965 1
1 1082763690966 4
1 1082763690967 1
1 1082763690969 1
1 1082763690970 4
1 1082763690971 1
1 1082763690973 1
1 1082763690974 4
1 1082763690975 1
1 1082763690977 1
1 1082763690978 4
1 1082763690979 1
1 1082763691020 1
1 1082763691021 4
1 1082763691022 1
1 1082763691024 1
1 1082763691025 4
1 1082763691026 1
1 1082763691028 1
1 1082763691029 4
1 1082763691030 1
1 1082763691032 1
1 1082763691033 4
1 1082763691034 1
1 1082763691036 1
1 1082763691037 4
1 1082763691038 1
1 1082763691040 1
1 1082763691041 4
1 1082763691042 1
1 1082763691084 4
1 1082763691085 1
1 1082763691088 4
1 1082763691089 1
1 1082763691092 4
1 1082763691093 1
1 1082763691096 4
1 1082763691097 1
1 1082763691100 4
1 1082763691101 1
1 1082763691104 4
1 1082763691105 1
1 1082763691134 1
1 1082763691135 1
1 1082763691138 1
1 1082763691139 1
1 1082763691142 1
1 1082763691143 1
1 1082763691146 1
1 1082763691147 1
1 1082763691150 1
1 1082763691151 1
1 1082763691154 1
1 1082763691155 1
1 1082763691244 4
1 1082763691245 1
1 1082763691248 4
1 1082763691249 1
1 1082763691252 4
1 1082763691253 1
1 1082763691256 4
1 1082763691257 1
1 1082763691260 4
1 1082763691261 1
1 1082763691264 4
1 1082763691265 1
1 1082763691294 1
1 1082763691295 1
1 1082763691298 1
1 1082763691299 1
1 1082763691302 1
1 1082763691303 1
1 1082763691306 1
1 1082763691307 1
1 1082763691310 1
1 1082763691311 1
1 1082763691314 1
1 1082763691315 1
1 1082763691357 1
1 1082763691358 4
1 1082763691359 1
1 1082763691361 1
1 1082763691362 4
1 1082763691363 1
1 1082763691365 1
1 1082763691366 4
1 1082763691367 1
1 1082763691369 1
1 1082763691370 4
1 1082763691371 1
1 1082763691373 1
1 1082763691374 4
1 1082763691375 1
1 1082763691377 1
1 1082763691378 4
1 1082763691379 1
1 1082763691420 1
1 1082763691421 4
1 1082763691422 1
1 1082763691424 1
1 1082763691425 4
1 1082763691426 1
1 1082763691428 1
1 1082763691429 4
1 1082763691430 1
1 1082763691432 1
1 1082763691433 4
1 1082763691434 1
1 1082763691436 1
1 1082763691437 4
1 1082763691438 1
1 1082763691440 1
1 1082763691441 4
1 1082763691442 1
1 1082763691484 4
1 1082763691485 1
1 1082763691488 4
1 1082763691489 1
1 1082763691492 4
1 1082763691493 1
1 1082763691496 4
1 1082763691497 1
1 1082763691500 4
1 1082763691501 1
1 1082763691504 4
1 1082763691505 1
1 1082763691534 1
1 1082763691535 1
1 1082763691538 1
1 1082763691539 1
1 1082763691542 1
1 1082763691543 1
1 1082763691546 1
1 1082763691547 1
1 1082763691550 1
1 1082763691551 1
1 1082763691554 1
1 1082763691555 1
1 1082763691644 4
1 1082763691645 1
1 1082763691648 4
1 1082763691649 1
1 1082763691652 4
1 1082763691653 1
1 1082763691656 4
1 1082763691657 1
1 1082763691660 4
1 1082763691661 1
1 1082763691664 4
1 1082763691665 1
1 1082763691694 1
1 1082763691695 1
1 1082763691698 1
1 1082763691699 1
1 1082763691702 1
1 1082763691703 1
1 1082763691706 1
1 1082763691707 1
1 1082763691710 1
1 1082763691711 1
1 1082763691714 1
1 1082763691715 1
1 1082763691757 1
1 1082763691758 4
1 1082763691759 1
1 1082763691761 1
1 1082763691762 4
1 1082763691763 1
1 1082763691765 1
1 1082763691766 4
1 1082763691767 1
1 1082763691769 1
1 1082763691770 4
1 1082763691771 1
1 1082763691773 1
1 1082763691774 4
1 1082763691775 1
1 1082763691777 1
1 1082763691778 4
1 1082763691779 1
1 1082763691820 1
1 1082763691821 4
1 1082763691822 1
1 1082763691824 1
1 1082763691825 4
1 1082763691826 1
1 1082763691828 1
1 1082763691829 4
1 1082763691830 1
1 1082763691832 1
1 1082763691833 4
1 1082763691834 1
1 1082763691836 1
1 1082763691837 4
1 1082763691838 1
1 1082763691840 1
1 1082763691841 4
1 1082763691842 1
1 1082763691884 4
1 1082763691885 1
1 1082763691888 4
1 1082763691889 1
1 1082763691892 4
1 1082763691893 1
1 1082763691896 4
1 1082763691897 1
1 1082763691900 4
1 1082763691901 1
1 1082763691904 4
1 1082763691905 1
1 1082763691934 1
1 1082763691935 1
1 1082763691938 1
1 1082763691939 1
1 1082763691942 1
1 1082763691943 1
1 1082763691946 1
1 1082763691947 1
1 1082763691950 1
1 1082763691951 1
1 1082763691954 1
1 1082763691955 1
1 1082763692044 4
1 1082763692045 1
1 1082763692048 4
1 1082763692049 1
1 1082763692052 4
1 1082763692053 1
1 1082763692056 4
1 1082763692057 1
1 1082763692060 4
1 1082763692061 1
1 1082763692064 4
1 1082763692065 1
1 1082763692094 1
1 1082763692095 1
1 1082763692098 1
1 1082763692099 1
1 1082763692102 1
1 1082763692103 1
1 1082763692106 1
1 1082763692107 1
1 1082763692110 1
1 1082763692111 1
1 1082763692114 1
1 1082763692115 1
1 1082763692157 1
1 1082763692158 4
1 1082763692159 1
1 1082763692161 1
1 1082763692162 4
1 1082763692163 1
1 1082763692165 1
1 1082763692166 4
1 1082763692167 1
1 1082763692169 1
1 1082763692170 4
1 1082763692171 1
1 1082763692173 1
1 1082763692174 4
1 1082763692175 1
1 1082763692177 1
1 1082763692178 4
1 1082763692179 1
1 1082763692220 1
1 1082763692221 4
1 1082763692222 1
1 1082763692224 1
1 1082763692225 4
1 1082763692226 1
1 1082763692228 1
1 1082763692229 4
1 1082763692230 1
1 1082763692232 1
1 1082763692233 4
1 1082763692234 1
1 1082763692236 1
1 1082763692237 4
1 1082763692238 1
1 1082763692240 1
1 1082763692241 4
1 1082763692242 1
1 1082763692284 4
1 1082763692285 1
1 1082763692288 4
1 1082763692289 1
1 1082763692292 4
1 1082763692293 1
1 1082763692296 4
1 1082763692297 1
1 1082763692300 4
1 1082763692301 1
1 1082763692304 4
1 1082763692305 1
1 1082763692334 1
1 1082763692335 1
1 1082763692338 1
1 1082763692339 1
1 1082763692342 1
1 1082763692343 1
1 1082763692346 1
1 1082763692347 1
1 1082763692350 1
1 1082763692351 1
1 1082763692354 1
1 1082763692355 1
1 1082763692444 4
1 1082763692445 1
1 1082763692448 4
1 1082763692449 1
1 1082763692452 4
1 1082763692453 1
1 1082763692456 4
1 1082763692457 1
1 1082763692460 4
1 1082763692461 1
1 1082763692464 4
1 1082763692465 1
1 1082763692494 1
1 1082763692495 1
1 1082763692498 1
1 1082763692499 1
1 1082763692502 1
1 1082763692503 1
1 1082763692506 1
1 1082763692507 1
1 1082763692510 1
1 1082763692511 1
1 1082763692514 1
1 1082763692515 1
1 1082763692557 1
1 1082763692558 4
1 1082763692559 1
1 1082763692561 1
1 1082763692562 4
1 1082763692563 1
1 1082763692565 1
1 1082763692566 4
1 1082763692567 1
1 1082763692569 1
1 1082763692570 4
1 1082763692571 1
1 1082763692573 1
1 1082763692574 4
1 1082763692575 1
1 1082763692577 1
1 1082763692578 4
1 1082763692579 1
1 1082763692620 1
1 1082763692621 4
1 1082763692622 1
1 1082763692624 1
1 1082763692625 4
1 1082763692626 1
1 1082763692628 1
1 1082763692629 4
1 1082763692630 1
1 1082763692632 1
1 1082763692633 4
1 1082763692634 1
1 1082763692636 1
1 1082763692637 4
1 1082763692638 1
1 1082763692640 1
1 1082763692641 4
1 1082763692642 1
1 1082763692684 4
1 1082763692685 1
1 1082763692688 4
1 1082763692689 1
1 1082763692692 4
1 1082763692693 1
1 1082763692696 4
1 1082763692697 1
1 1082763692700 4
1 1082763692701 1
1 1082763692704 4
1 1082763692705 1
1 1082763692734 1
1 1082763692735 1
1 1082763692738 1
1 1082763692739 1
1 1082763692742 1
1 1082763692743 1
1 1082763692746 1
1 1082763692747 1
1 1082763692750 1
1 1082763692751 1
1 1082763692754 1
1 1082763692755 1
1 1082763692844 4
1 1082763692845 1
1 1082763692848 4
1 1082763692849 1
1 1082763692852 4
1 1082763692853 1
1 1082763692856 4
1 1082763692857 1
1 1082763692860 4
1 1082763692861 1
1 1082763692864 4
1 1082763692865 1
1 1082763692894 1
1 1082763692895 1
1 1082763692898 1
1 1082763692899 1
1 1082763692902 1
1 1082763692903 1
1 1082763692906 1
1 1082763692907 1
1 1082763692910 1
1 1082763692911 1
1 1082763692914 1
1 1082763692915 1
1 1082763692957 1
1 1082763692958 4
1 1082763692959 1
1 1082763692961 1
1 1082763692962 4
1 1082763692963 1
1 1082763692965 1
1 1082763692966 4
1 1082763692967 1
1 1082763692969 1
1 1082763692970 4
1 1082763692971 1
1 1082763692973 1
1 1082763692974 4
1 1082763692975 1
1 1082763692977 1
1 1082763692978 4
1 1082763692979 1
1 1082763693020 1
1 1082763693021 4
1 1082763693022 1
1 1082763693024 1
1 1082763693025 4
1 1082763693026 1
1 1082763693028 1
1 1082763693029 4
1 1082763693030 1
1 1082763693032 1
1 1082763693033 4
1 1082763693034 1
1 1082763693036 1
1 1082763693037 4
1 1082763693038 1
1 1082763693040 1
1 1082763693041 4
1 1082763693042 1
1 1082763693084 4
1 1082763693085 1
1 1082763693088 4
1 1082763693089 1
1 1082763693092 4
1 1082763693093 1
1 1082763693096 4
1 1082763693097 1
1 1082763693100 4
1 1082763693101 1
1 1082763693104 4
1 1082763693105 1
1 1082763693134 1
1 1082763693135 1
1 1082763693138 1
1 1082763693139 1
1 1082763693142 1
1 1082763693143 1
1 1082763693146 1
1 1082763693147 1
1 1082763693150 1
1 1082763693151 1
1 1082763693154 1
1 1082763693155 1
1 1082763693244 4
1 1082763693245 1
1 1082763693248 4
1 1082763693249 1
1 1082763693252 4
1 1082763693253 1
1 1082763693256 4
1 1082763693257 1
1 1082763693260 4
1 1082763693261 1
1 1082763693264 4
1 1082763693265 1
1 1082763693294 1
1 1082763693295 1
1 1082763693298 1
1 1082763693299 1
1 1082763693302 1
1 1082763693303 1
1 1082763693306 1
1 1082763693307 1
1 1082763693310 1
1 1082763693311 1
1 1082763693314 1
1 1082763693315 1
1 1082763693357 1
1 1082763693358 4
1 1082763693359 1
1 1082763693361 1
1 1082763693362 4
1 1082763693363 1
1 1082763693365 1
1 1082763693366 4
1 1082763693367 1
1 1082763693369 1
1 1082763693370 4
1 1082763693371 1
1 1082763693373 1
1 1082763693374 4
1 1082763693375 1
1 1082763693377 1
1 1082763693378 4
1 1082763693379 1
1 1082763693420 1
1 1082763693421 4
1 1082763693422 1
1 1082763693424 1
1 1082763693425 4
1 1082763693426 1
1 1082763693428 1
1 1082763693429 4
1 1082763693430 1
1 1082763693432 1
1 1082763693433 4
1 1082763693434 1
1 1082763693436 1
1 1082763693437 4
1 1082763693438 1
1 1082763693440 1
1 1082763693441 4
1 1082763693442 1
1 1082763693484 4
1 1082763693485 1
1 1082763693488 4
1 1082763693489 1
1 1082763693492 4
1 1082763693493 1
1 1082763693496 4
1 1082763693497 1
1 1082763693500 4
1 1082763693501 1
1 1082763693504 4
1 1082763693505 1
1 1082763693534 1
1 1082763693535 1
1 1082763693538 1
1 1082763693539 1
1 1082763693542 1
1 1082763693543 1
1 1082763693546 1
1 1082763693547 1
1 1082763693550 1
1 1082763693551 1
1 1082763693554 1
1 1082763693555 1
1 1082763693644 4
1 1082763693645 1
1 1082763693648 4
1 1082763693649 1
1 1082763693652 4
1 1082763693653 1
1 1082763693656 4
1 1082763693657 1
1 1082763693660 4
1 1082763693661 1
1 1082763693664 4
1 1082763693665 1
1 1082763693694 1
1 1082763693695 1
1 1082763693698 1
1 1082763693699 1
1 1082763693702 1
1 1082763693703 1
1 1082763693706 1
1 1082763693707 1
1 1082763693710 1
1 1082763693711 1
1 1082763693714 1
1 1082763693715 1
1 1082763693757 1
1 1082763693758 4
1 1082763693759 1
1 1082763693761 1
1 1082763693762 4
1 1082763693763 1
1 1082763693765 1
1 1082763693766 4
1 1082763693767 1
1 1082763693769 1
1 1082763693770 4
1 1082763693771 1
1 1082763693773 1
1 1082763693774 4
1 1082763693775 1
1 1082763693777 1
1 1082763693778 4
1 1082763693779 1
1 1082763693820 1
1 1082763693821 4
1 1082763693822 1
1 1082763693824 1
1 1082763693825 4
1 1082763693826 1
1 1082763693828 1
1 1082763693829 4
1 1082763693830 1
1 1082763693832 1
1 1082763693833 4
1 1082763693834 1
1 1082763693836 1
1 1082763693837 4
1 1082763693838 1
1 1082763693840 1
1 1082763693841 4
1 1082763693842 1
1 1082763693884 4
1 1082763693885 1
1 1082763693888 4
1 1082763693889 1
1 1082763693892 4
1 1082763693893 1
1 1082763693896 4
1 1082763693897 1
1 1082763693900 4
1 1082763693901 1
1 1082763693904 4
1 1082763693905 1
1 1082763693934 1
1 1082763693935 1
1 1082763693938 1
1 1082763693939 1
1 1082763693942 1
1 1082763693943 1
1 1082763693946 1
1 1082763693947 1
1 1082763693950 1
1 1082763693951 1
1 1082763693954 1
1 1082763693955 1
1 1082763694044 4
1 1082763694045 1
1 1082763694048 4
1 1082763694049 1
1 1082763694052 4
1 1082763694053 1
1 1082763694056 4
1 1082763694057 1
1 1082763694060 4
1 1082763694061 1
1 1082763694064 4
1 1082763694065 1
1 1082763694094 1
1 1082763694095 1
1 1082763694098 1
1 1082763694099 1
1 1082763694102 1
1 1082763694103 1
1 1082763694106 1
1 1082763694107 1
1 1082763694110 1
1 1082763694111 1
1 1082763694114 1
1 1082763694115 1
1 1082763694157 1
1 1082763694158 4
1 1082763694159 1
1 1082763694161 1
1 1082763694162 4
1 1082763694163 1
1 1082763694165 1
1 1082763694166 4
1 1082763694167 1
1 1082763694169 1
1 1082763694170 4
1 1082763694171 1
1 1082763694173 1
1 1082763694174 4
1 1082763694175 1
1 1082763694177 1
1 1082763694178 4
1 1082763694179 1
1 1082763694220 1
1 1082763694221 4
1 1082763694222 1
1 1082763694224 1
1 1082763694225 4
1 1082763694226 1
1 1082763694228 1
1 1082763694229 4
1 1082763694230 1
1 1082763694232 1
1 1082763694233 4
1 1082763694234 1
1 1082763694236 1
1 1082763694237 4
1 1082763694238 1
1 1082763694240 1
1 1082763694241 4
1 1082763694242 1
1 1082763694284 4
1 1082763694285 1
1 1082763694288 4
1 1082763694289 1
1 1082763694292 4
1 1082763694293 1
1 1082763694296 4
1 1082763694297 1
1 1082763694300 4
1 1082763694301 1
1 1082763694304 4
1 1082763694305 1
1 1082763694334 1
1 1082763694335 1
1 1082763694338 1
1 1082763694339 1
1 1082763694342 1
1 1082763694343 1
1 1082763694346 1
1 1082763694347 1
1 1082763694350 1
1 1082763694351 1
1 1082763694354 1
1 1082763694355 1
1 1082763694444 4
1 1082763694445 1
1 1082763694448 4
1 1082763694449 1
1 1082763694452 4
1 1082763694453 1
1 1082763694456 4
1 1082763694457 1
1 1082763694460 4
1 1082763694461 1
1 1082763694464 4
1 1082763694465 1
1 1082763694494 1
1 1082763694495 1
1 1082763694498 1
1 1082763694499 1
1 1082763694502 1
1 1082763694503 1
1 1082763694506 1
1 1082763694507 1
1 1082763694510 1
1 1082763694511 1
1 1082763694514 1
1 1082763694515 1
1 1082763694557 1
1 1082763694558 4
1 1082763694559 1
1 1082763694561 1
1 1082763694562 4
1 1082763694563 1
1 1082763694565 1
1 1082763694566 4
1 1082763694567 1
1 1082763694569 1
1 1082763694570 4
1 1082763694571 1
1 1082763694573 1
1 1082763694574 4
1 1082763694575 1
1 1082763694577 1
1 1082763694578 4
1 1082763694579 1
1 1082763694620 1
1 1082763694621 4
1 1082763694622 1
1 1082763694624 1
1 1082763694625 4
1 1082763694626 1
1 1082763694628 1
1 1082763694629 4
1 1082763694630 1
1 1082763694632 1
1 1082763694633 4
1 1082763694634 1
1 1082763694636 1
1 1082763694637 4
1 1082763694638 1
1 1082763694640 1
1 1082763694641 4
1 1082763694642 1
1 1082763694684 4
1 1082763694685 1
1 1082763694688 4
1 1082763694689 1
1 1082763694692 4
1 1082763694693 1
1 1082763694696 4
1 1082763694697 1
1 1082763694700 4
1 1082763694701 1
1 1082763694704 4
1 1082763694705 1
1 1082763694734 1
1 1082763694735 1
1 1082763694738 1
1 1082763694739 1
1 1082763694742 1
1 1082763694743 1
1 1082763694746 1
1 1082763694747 1
1 1082763694750 1
1 1082763694751 1
1 1082763694754 1
1 1082763694755 1
1 1082763694844 4
1 1082763694845 1
1 1082763694848 4
1 1082763694849 1
1 1082763694852 4
1 1082763694853 1
1 1082763694856 4
1 1082763694857 1
1 1082763694860 4
1 1082763694861 1
1 1082763694864 4
1 1082763694865 1
1 1082763694894 1
1 1082763694895 1
1 1082763694898 1
1 1082763694899 1
1 1082763694902 1
1 1082763694903 1
1 1082763694906 1
1 1082763694907 1
1 1082763694910 1
1 1082763694911 1
1 1082763694914 1
1 1082763694915 1
1 1082763694957 1
1 1082763694958 4
1 1082763694959 1
1 1082763694961 1
1 1082763694962 4
1 1082763694963 1
1 1082763694965 1
1 1082763694966 4
1 1082763694967 1
1 1082763694969 1
1 1082763694970 4
1 1082763694971 1
1 1082763694973 1
1 1082763694974 4
1 1082763694975 1
1 1082763694977 1
1 1082763694978 4
1 1082763694979 1
1 1082763695020 1
1 1082763695021 4
1 1082763695022 1
1 1082763695024 1
1 1082763695025 4
1 1082763695026 1
1 1082763695028 1
1 1082763695029 4
1 1082763695030 1
1 1082763695032 1
1 1082763695033 4
1 1082763695034 1
1 1082763695036 1
1 1082763695037 4
1 1082763695038 1
1 1082763695040 1
1 1082763695041 4
1 1082763695042 1
1 1082763695084 4
1 1082763695085 1
1 1082763695088 4
1 1082763695089 1
1 1082763695092 4
1 1082763695093 1
1 1082763695096 4
1 1082763695097 1
1 1082763695100 4
1 1082763695101 1
1 1082763695104 4
1 1082763695105 1
1 1082763695134 1
1 1082763695135 1
1 1082763695138 1
1 1082763695139 1
1 1082763695142 1
1 1082763695143 1
1 1082763695146 1
1 1082763695147 1
1 1082763695150 1
1 1082763695151 1
1 1082763695154 1
1 1082763695155 1
1 1082763695244 4
1 1082763695245 1
1 1082763695248 4
1 1082763695249 1
1 1082763695252 4
1 1082763695253 1
1 1082763695256 4
1 1082763695257 1
1 1082763695260 4
1 1082763695261 1
1 1082763695264 4
1 1082763695265 1
1 1082763695294 1
1 1082763695295 1
1 1082763695298 1
1 1082763695299 1
1 1082763695302 1
1 1082763695303 1
1 1082763695306 1
1 1082763695307 1
1 1082763695310 1
1 1082763695311 1
1 1082763695314 1
1 1082763695315 1
1 1082763695357 1
1 1082763695358 4
1 1082763695359 1
1 1082763695361 1
1 1082763695362 4
1 1082763695363 1
1 1082763695365 1
1 1082763695366 4
1 1082763695367 1
1 1082763695369 1
1 1082763695370 4
1 1082763695371 1
1 1082763695373 1
1 1082763695374 4
1 1082763695375 1
1 1082763695377 1
1 1082763695378 4
1 1082763695379 1
1 1082763695420 1
1 1082763695421 4
1 1082763695422 1
1 1082763695424 1
1 1082763695425 4
1 1082763695426 1
1 1082763695428 1
1 1082763695429 4
1 1082763695430 1
1 1082763695432 1
1 1082763695433 4
1 1082763695434 1
1 1082763695436 1
1 1082763695437 4
1 1082763695438 1
1 1082763695440 1
1 1082763695441 4
1 1082763695442 1
1 1082763695484 4
1 1082763695485 1
1 1082763695488 4
1 1082763695489 1
1 1082763695492 4
1 1082763695493 1
1 1082763695496 4
1 1082763695497 1
1 1082763695500 4
1 1082763695501 1
1 1082763695504 4
1 1082763695505 1
1 1082763695534 1
1 1082763695535 1
1 1082763695538 1
1 1082763695539 1
1 1082763695542 1
1 1082763695543 1
1 1082763695546 1
1 1082763695547 1
1 1082763695550 1
1 1082763695551 1
1 1082763695554 1
1 1082763695555 1
1 1082763695644 4
1 1082763695645 1
1 1082763695648 4
1 1082763695649 1
1 1082763695652 4
1 1082763695653 1
1 1082763695656 4
1 1082763695657 1
1 1082763695660 4
1 1082763695661 1
1 1082763695664 4
1 1082763695665 1
1 1082763695694 1
1 1082763695695 1
1 1082763695698 1
1 1082763695699 1
1 1082763695702 1
1 1082763695703 1
1 1082763695706 1
1 1082763695707 1
1 1082763695710 1
1 1082763695711 1
1 1082763695714 1
1 1082763695715 1
1 1082763695757 1
1 1082763695758 4
1 1082763695759 1
1 1082763695761 1
1 1082763695762 4
1 1082763695763 1
1 1082763695765 1
1 1082763695766 4
1 1082763695767 1
1 1082763695769 1
1 1082763695770 4
1 1082763695771 1
1 1082763695773 1
1 1082763695774 4
1 1082763695775 1
1 1082763695777 1
1 1082763695778 4
1 1082763695779 1
1 1082763695820 1
1 1082763695821 4
1 1082763695822 1
1 1082763695824 1
1 1082763695825 4
1 1082763695826 1
1 1082763695828 1
1 1082763695829 4
1 1082763695830 1
1 1082763695832 1
1 1082763695833 4
1 1082763695834 1
1 1082763695836 1
1 1082763695837 4
1 1082763695838 1
1 1082763695840 1
1 1082763695841 4
1 1082763695842 1
1 1082763695884 4
1 1082763695885 1
1 1082763695888 4
1 1082763695889 1
1 1082763695892 4
1 1082763695893 1
1 1082763695896 4
1 1082763695897 1
1 1082763695900 4
1 1082763695901 1
1 1082763695904 4
1 1082763695905 1
1 1082763695934 1
1 1082763695935 1
1 1082763695938 1
1 1082763695939 1
1 1082763695942 1
1 1082763695943 1
1 1082763695946 1
1 1082763695947 1
1 1082763695950 1
1 1082763695951 1
1 1082763695954 1
1 1082763695955 1
1 1082763696044 4
1 1082763696045 1
1 1082763696048 4
1 1082763696049 1
1 1082763696052 4
1 1082763696053 1
1 1082763696056 4
1 1082763696057 1
1 1082763696060 4
1 1082763696061 1
1 1082763696064 4
1 1082763696065 1
1 1082763696094 1
1 1082763696095 1
1 1082763696098 1
1 1082763696099 1
1 1082763696102 1
1 1082763696103 1
1 1082763696106 1
1 1082763696107 1
1 1082763696110 1
1 1082763696111 1
1 1082763696114 1
1 1082763696115 1
1 1082763696157 1
1 1082763696158 4
1 1082763696159 1
1 1082763696161 1
1 1082763696162 4
1 1082763696163 1
1 1082763696165 1
1 1082763696166 4
1 1082763696167 1
1 1082763696169 1
1 1082763696170 4
1 1082763696171 1
1 1082763696173 1
1 1082763696174 4
1 1082763696175 1
1 1082763696177 1
1 1082763696178 4
1 1082763696179 1
1 1082763696220 1
1 1082763696221 4
1 1082763696222 1
1 1082763696224 1
1 1082763696225 4
1 1082763696226 1
1 1082763696228 1
1 1082763696229 4
1 1082763696230 1
1 1082763696232 1
1 1082763696233 4
1 1082763696234 1
1 1082763696236 1
1 1082763696237 4
1 1082763696238 1
1 1082763696240 1
1 1082763696241 4
1 1082763696242 1
1 1082763696284 4
1 1082763696285 1
1 1082763696288 4
1 1082763696289 1
1 1082763696292 4
1 1082763696293 1
1 1082763696296 4
1 1082763696297 1
1 1082763696300 4
1 1082763696301 1
1 1082763696304 4
1 1082763696305 1
1 1082763696334 1
1 1082763696335 1
1 1082763696338 1
1 1082763696339 1
1 1082763696342 1
1 1082763696343 1
1 1082763696346 1
1 1082763696347 1
1 1082763696350 1
1 1082763696351 1
1 1082763696354 1
1 1082763696355 1
1 1082763696444 4
1 1082763696445 1
1 1082763696448 4
1 1082763696449 1
1 1082763696452 4
1 1082763696453 1
1 1082763696456 4
1 1082763696457 1
1 1082763696460 4
1 1082763696461 1
1 1082763696464 4
1 1082763696465 1
1 1082763696494 1
1 1082763696495 1
1 1082763696498 1
1 1082763696499 1
1 1082763696502 1
1 1082763696503 1
1 1082763696506 1
1 1082763696507 1
1 1082763696510 1
1 1082763696511 1
1 1082763696514 1
1 1082763696515 1
1 1082763696557 1
1 1082763696558 4
1 1082763696559 1
1 1082763696561 1
1 1082763696562 4
1 1082763696563 1
1 1082763696565 1
1 1082763696566 4
1 1082763696567 1
1 1082763696569 1
1 1082763696570 4
1 1082763696571 1
1 1082763696573 1
1 1082763696574 4
1 1082763696575 1
1 1082763696577 1
1 1082763696578 4
1 1082763696579 1
1 1082763696620 1
1 1082763696621 4
1 1082763696622 1
1 1082763696624 1
1 1082763696625 4
1 1082763696626 1
1 1082763696628 1
1 1082763696629 4
1 1082763696630 1
1 1082763696632 1
1 1082763696633 4
1 1082763696634 1
1 1082763696636 1
1 1082763696637 4
1 1082763696638 1
1 1082763696640 1
1 1082763696641 4
1 1082763696642 1
1 1082763696684 4
1 1082763696685 1
1 1082763696688 4
1 1082763696689 1
1 1082763696692 4
1 1082763696693 1
1 1082763696696 4
1 1082763696697 1
1 1082763696700 4
1 1082763696701 1
1 1082763696704 4
1 1082763696705 1
1 1082763696734 1
1 1082763696735 1
1 1082763696738 1
1 1082763696739 1
1 1082763696742 1
1 1082763696743 1
1 1082763696746 1
1 1082763696747 1
1 1082763696750 1
1 1082763696751 1
1 1082763696754 1
1 1082763696755 1
1 1082763696844 4
1 1082763696845 1
1 1082763696848 4
1 1082763696849 1
1 1082763696852 4
1 1082763696853 1
1 1082763696856 4
1 1082763696857 1
1 1082763696860 4
1 1082763696861 1
1 1082763696864 4
1 1082763696865 1
1 1082763696894 1
1 1082763696895 1
1 1082763696898 1
1 1082763696899 1
1 1082763696902 1
1 1082763696903 1
1 1082763696906 1
1 1082763696907 1
1 1082763696910 1
1 1082763696911 1
1 1082763696914 1
1 1082763696915 1
1 1082763696957 1
1 1082763696958 4
1 1082763696959 1
1 1082763696961 1
1 1082763696962 4
1 1082763696963 1
1 1082763696965 1
1 1082763696966 4
1 1082763696967 1
1 1082763696969 1
1 1082763696970 4
1 1082763696971 1
1 1082763696973 1
1 1082763696974 4
1 1082763696975 1
1 1082763696977 1
1 1082763696978 4
1 1082763696979 1
1 1082763697020 1
1 1082763697021 4
1 1082763697022 1
1 1082763697024 1
1 1082763697025 4
1 1082763697026 1
1 1082763697028 1
1 1082763697029 4
1 1082763697030 1
1 1082763697032 1
1 1082763697033 4
1 1082763697034 1
1 1082763697036 1
1 1082763697037 4
1 1082763697038 1
1 1082763697040 1
1 1082763697041 4
1 1082763697042 1
1 1082763697084 4
1 1082763697085 1
1 1082763697088 4
1 1082763697089 1
1 1082763697092 4
1 1082763697093 1
1 1082763697096 4
1 1082763697097 1
1 1082763697100 4
1 1082763697101 1
1 1082763697104 4
1 1082763697105 1
1 1082763697134 1
1 1082763697135 1
1 1082763697138 1
1 1082763697139 1
1 1082763697142 1
1 1082763697143 1
1 1082763697146 1
1 1082763697147 1
1 1082763697150 1
1 1082763697151 1
1 1082763697154 1
1 1082763697155 1
1 1082763697244 4
1 1082763697245 1
1 1082763697248 4
1 1082763697249 1
1 1082763697252 4
1 1082763697253 1
1 1082763697256 4
1 1082763697257 1
1 1082763697260 4
1 1082763697261 1
1 1082763697264 4
1 1082763697265 1
1 1082763697294 1
1 1082763697295 1
1 1082763697298 1
1 1082763697299 1
1 1082763697302 1
1 1082763697303 1
1 1082763697306 1
1 1082763697307 1
1 1082763697310 1
1 1082763697311 1
1 1082763697314 1
1 1082763697315 1
1 1082763697357 1
1 1082763697358 4
1 1082763697359 1
1 1082763697361 1
1 1082763697362 4
1 1082763697363 1
1 1082763697365 1
1 1082763697366 4
1 1082763697367 1
1 1082763697369 1
1 1082763697370 4
1 1082763697371 1
1 1082763697373 1
1 1082763697374 4
1 1082763697375 1
1 1082763697377 1
1 1082763697378 4
1 1082763697379 1
1 1082763697420 1
1 1082763697421 4
1 1082763697422 1
1 1082763697424 1
1 1082763697425 4
1 1082763697426 1
1 1082763697428 1
1 1082763697429 4
1 1082763697430 1
1 1082763697432 1
1 1082763697433 4
1 1082763697434 1
1 1082763697436 1
1 1082763697437 4
1 1082763697438 1
1 1082763697440 1
1 1082763697441 4
1 1082763697442 1
1 1082763697484 4
1 1082763697485 1
1 1082763697488 4
1 1082763697489 1
1 1082763697492 4
1 1082763697493 1
1 1082763697496 4
1 1082763697497 1
1 1082763697500 4
1 1082763697501 1
1 1082763697504 4
1 1082763697505 1
1 1082763697534 1
1 1082763697535 1
1 1082763697538 1
1 1082763697539 1
1 1082763697542 1
1 1082763697543 1
1 1082763697546 1
1 1082763697547 1
1 1082763697550 1
1 1082763697551 1
1 1082763697554 1
1 1082763697555 1
1 1082763697644 4
1 1082763697645 1
1 1082763697648 4
1 1082763697649 1
1 1082763697652 4
1 1082763697653 1
1 1082763697656 4
1 1082763697657 1
1 1082763697660 4
1 1082763697661 1
1 1082763697664 4
1 1082763697665 1
1 1082763697694 1
1 1082763697695 1
1 1082763697698 1
1 1082763697699 1
1 1082763697702 1
1 1082763697703 1
1 1082763697706 1
1 1082763697707 1
1 1082763697710 1
1 1082763697711 1
1 1082763697714 1
1 1082763697715 1
1 1082763697757 1
1 1082763697758 4
1 1082763697759 1
1 1082763697761 1
1 1082763697762 4
1 1082763697763 1
1 1082763697765 1
1 1082763697766 4
1 1082763697767 1
1 1082763697769 1
1 1082763697770 4
1 1082763697771 1
1 1082763697773 1
1 1082763697774 4
1 1082763697775 1
1 1082763697777 1
1 1082763697778 4
1 1082763697779 1
1 1082763697820 1
1 1082763697821 4
1 1082763697822 1
1 1082763697824 1
1 1082763697825 4
1 1082763697826 1
1 1082763697828 1
1 1082763697829 4
1 1082763697830 1
1 1082763697832 1
1 1082763697833 4
1 1082763697834 1
1 1082763697836 1
1 1082763697837 4
1 1082763697838 1
1 1082763697840 1
1 1082763697841 4
1 1082763697842 1
1 1082763697884 4
1 1082763697885 1
1 1082763697888 4
1 1082763697889 1
1 1082763697892 4
1 1082763697893 1
1 1082763697896 4
1 1082763697897 1
1 1082763697900 4
1 1082763697901 1
1 1082763697904 4
1 1082763697905 1
1 1082763697934 1
1 1082763697935 1
1 1082763697938 1
1 1082763697939 1
1 1082763697942 1
1 1082763697943 1
1 1082763697946 1
1 1082763697947 1
1 1082763697950 1
1 1082763697951 1
1 1082763697954 1
1 1082763697955 1
1 1082763698044 4
1 1082763698045 1
1 1082763698048 4
1 1082763698049 1
1 1082763698052 4
1 1082763698053 1
1 1082763698056 4
1 1082763698057 1
1 1082763698060 4
1 1082763698061 1
1 1082763698064 4
1 1082763698065 1
1 1082763698094 1
1 1082763698095 1
1 1082763698098 1
1 1082763698099 1
1 1082763698102 1
1 1082763698103 1
1 1082763698106 1
1 1082763698107 1
1 1082763698110 1
1 1082763698111 1
1 1082763698114 1
1 1082763698115 1
1 1082763698157 1
1 1082763698158 4
1 1082763698159 1
1 1082763698161 1
1 1082763698162 4
1 1082763698163 1
1 1082763698165 1
1 1082763698166 4
1 1082763698167 1
1 1082763698169 1
1 1082763698170 4
1 1082763698171 1
1 1082763698173 1
1 1082763698174 4
1 1082763698175 1
1 1082763698177 1
1 1082763698178 4
1 1082763698179 1
1 1082763698220 1
1 1082763698221 4
1 1082763698222 1
1 1082763698224 1
1 1082763698225 4
1 1082763698226 1
1 1082763698228 1
1 1082763698229 4
1 1082763698230 1
1 1082763698232 1
1 1082763698233 4
1 1082763698234 1
1 1082763698236 1
1 1082763698237 4
1 1082763698238 1
1 1082763698240 1
1 1082763698241 4
1 1082763698242 1
1 1082763698284 4
1 1082763698285 1
1 1082763698288 4
1 1082763698289 1
1 1082763698292 4
1 1082763698293 1
1 1082763698296 4
1 1082763698297 1
1 1082763698300 4
1 1082763698301 1
1 1082763698304 4
1 1082763698305 1
1 1082763698334 1
1 1082763698335 1
1 1082763698338 1
1 1082763698339 1
1 1082763698342 1
1 1082763698343 1
1 1082763698346 1
1 1082763698347 1
1 1082763698350 1
1 1082763698351 1
1 1082763698354 1
1 1082763698355 1
1 1082763698444 4
1 1082763698445 1
1 1082763698448 4
1 1082763698449 1
1 1082763698452 4
1 1082763698453 1
1 1082763698456 4
1 1082763698457 1
1 1082763698460 4
1 1082763698461 1
1 1082763698464 4
1 1082763698465 1
1 1082763698494 1
1 1082763698495 1
1 1082763698498 1
1 1082763698499 1
1 1082763698502 1
1 1082763698503 1
1 1082763698506 1
1 1082763698507 1
1 1082763698510 1
1 1082763698511 1
1 1082763698514 1
1 1082763698515 1
1 1082763698557 1
1 1082763698558 4
1 1082763698559 1
1 1082763698561 1
1 1082763698562 4
1 1082763698563 1
1 1082763698565 1
1 1082763698566 4
1 1082763698567 1
1 1082763698569 1
1 1082763698570 4
1 1082763698571 1
1 1082763698573 1
1 1082763698574 4
1 1082763698575 1
1 1082763698577 1
1 1082763698578 4
1 1082763698579 1
1 1082763698620 1
1 1082763698621 4
1 1082763698622 1
1 1082763698624 1
1 1082763698625 4
1 1082763698626 1
1 1082763698628 1
1 1082763698629 4
1 1082763698630 1
1 1082763698632 1
1 1082763698633 4
1 1082763698634 1
1 1082763698636 1
1 1082763698637 4
1 1082763698638 1
1 1082763698640 1
1 1082763698641 4
1 1082763698642 1
1 1082763698684 4
1 1082763698685 1
1 1082763698688 4
1 1082763698689 1
1 1082763698692 4
1 1082763698693 1
1 1082763698696 4
1 1082763698697 1
1 1082763698700 4
1 1082763698701 1
1 1082763698704 4
1 1082763698705 1
1 1082763698734 1
1 1082763698735 1
1 1082763698738 1
1 1082763698739 1
1 1082763698742 1
1 1082763698743 1
1 1082763698746 1
1 1082763698747 1
1 1082763698750 1
1 1082763698751 1
1 1082763698754 1
1 1082763698755 1
1 1082763698844 4
1 1082763698845 1
1 1082763698848 4
1 1082763698849 1
1 1082763698852 4
1 1082763698853 1
1 1082763698856 4
1 1082763698857 1
1 1082763698860 4
1 1082763698861 1
1 1082763698864 4
1 1082763698865 1
1 1082763698894 1
1 1082763698895 1
1 1082763698898 1
1 1082763698899 1
1 1082763698902 1
1 1082763698903 1
1 1082763698906 1
1 1082763698907 1
1 1082763698910 1
1 1082763698911 1
1 1082763698914 1
1 1082763698915 1
1 1082763698957 1
1 1082763698958 4
1 1082763698959 1
1 1082763698961 1
1 1082763698962 4
1 1082763698963 1
1 1082763698965 1
1 1082763698966 4
1 1082763698967 1
1 1082763698969 1
1 1082763698970 4
1 1082763698971 1
1 1082763698973 1
1 1082763698974 4
1 1082763698975 1
1 1082763698977 1
1 1082763698978 4
1 1082763698979 1
1 1082763699020 1
1 1082763699021 4
1 1082763699022 1
1 1082763699024 1
1 1082763699025 4
1 1082763699026 1
1 1082763699028 1
1 1082763699029 4
1 1082763699030 1
1 1082763699032 1
1 1082763699033 4
1 1082763699034 1
1 1082763699036 1
1 1082763699037 4
1 1082763699038 1
1 1082763699040 1
1 1082763699041 4
1 1082763699042 1
1 1082763699084 4
1 1082763699085 1
1 1082763699088 4
1 1082763699089 1
1 1082763699092 4
1 1082763699093 1
1 1082763699096 4
1 1082763699097 1
1 1082763699100 4
1 1082763699101 1
1 1082763699104 4
1 1082763699105 1
1 1082763699134 1
1 1082763699135 1
1 1082763699138 1
1 1082763699139 1
1 1082763699142 1
1 1082763699143 1
1 1082763699146 1
1 1082763699147 1
1 1082763699150 1
1 1082763699151 1
1 1082763699154 1
1 1082763699155 1
1 1082763699244 4
1 1082763699245 1
1 1082763699248 4
1 1082763699249 1
1 1082763699252 4
1 1082763699253 1
1 1082763699256 4
1 1082763699257 1
1 1082763699260 4
1 1082763699261 1
1 1082763699264 4
1 1082763699265 1
1 1082763699294 1
1 1082763699295 1
1 1082763699298 1
1 1082763699299 1
1 1082763699302 1
1 1082763699303 1
1 1082763699306 1
1 1082763699307 1
1 1082763699310 1
1 1082763699311 1
1 1082763699314 1
1 1082763699315 1
1 1082763699357 1
1 1082763699358 4
1 1082763699359 1
1 1082763699361 1
1 1082763699362 4
1 1082763699363 1
1 1082763699365 1
1 1082763699366 4
1 1082763699367 1
1 1082763699369 1
1 1082763699370 4
1 1082763699371 1
1 1082763699373 1
1 1082763699374 4
1 1082763699375 1
1 1082763699377 1
1 1082763699378 4
1 1082763699379 1
1 1082763699420 1
1 1082763699421 4
1 1082763699422 1
1 1082763699424 1
1 1082763699425 4
1 1082763699426 1
1 1082763699428 1
1 1082763699429 4
1 1082763699430 1
1 1082763699432 1
1 1082763699433 4
1 1082763699434 1
1 1082763699436 1
1 1082763699437 4
1 1082763699438 1
1 1082763699440 1
1 1082763699441 4
1 1082763699442 1
1 1082763699484 4
1 1082763699485 1
1 1082763699488 4
1 1082763699489 1
1 1082763699492 4
1 1082763699493 1
1 1082763699496 4
1 1082763699497 1
1 1082763699500 4
1 1082763699501 1
1 1082763699504 4
1 1082763699505 1
1 1082763699534 1
1 1082763699535 1
1 1082763699538 1
1 1082763699539 1
1 1082763699542 1
1 1082763699543 1
1 1082763699546 1
1 1082763699547 1
1 1082763699550 1
1 1082763699551 1
1 1082763699554 1
1 1082763699555 1
1 1082763699644 4
1 1082763699645 1
1 1082763699648 4
1 1082763699649 1
1 1082763699652 4
1 1082763699653 1
1 1082763699656 4
1 1082763699657 1
1 1082763699660 4
1 1082763699661 1
1 1082763699664 4
1 1082763699665 1
1 1082763699694 1
1 1082763699695 1
1 1082763699698 1
1 1082763699699 1
1 1082763699702 1
1 1082763699703 1
1 1082763699706 1
1 1082763699707 1
1 1082763699710 1
1 1082763699711 1
1 1082763699714 1
1 1082763699715 1
1 1082763699757 1
1 1082763699758 4
1 1082763699759 1
1 1082763699761 1
1 1082763699762 4
1 1082763699763 1
1 1082763699765 1
1 1082763699766 4
1 1082763699767 1
1 1082763699769 1
1 1082763699770 4
1 1082763699771 1
1 1082763699773 1
1 1082763699774 4
1 1082763699775 1
1 1082763699777 1
1 1082763699778 4
1 1082763699779 1
1 1082763699820 1
1 1082763699821 4
1 1082763699822 1
1 1082763699824 1
1 1082763699825 4
1 1082763699826 1
1 1082763699828 1
1 1082763699829 4
1 1082763699830 1
1 1082763699832 1
1 1082763699833 4
1 1082763699834 1
1 1082763699836 1
1 1082763699837 4
1 1082763699838 1
1 1082763699840 1
1 1082763699841 4
1 1082763699842 1
1 1082763699884 4
1 1082763699885 1
1 1082763699888 4
1 1082763699889 1
1 1082763699892 4
1 1082763699893 1
1 1082763699896 4
1 1082763699897 1
1 1082763699900 4
1 1082763699901 1
1 1082763699904 4
1 1082763699905 1
1 1082763699934 1
1 1082763699935 1
1 1082763699938 1
1 1082763699939 1
1 1082763699942 1
1 1082763699943 1
1 1082763699946 1
1 1082763699947 1
1 1082763699950 1
1 1082763699951 1
1 1082763699954 1
1 1082763699955 1
1 1082763700044 4
1 1082763700045 1
1 1082763700048 4
1 1082763700049 1
1 1082763700052 4
1 1082763700053 1
1 1082763700056 4
1 1082763700057 1
1 1082763700060 4
1 1082763700061 1
1 1082763700064 4
1 1082763700065 1
1 1082763700094 1
1 1082763700095 1
1 1082763700098 1
1 1082763700099 1
1 1082763700102 1
1 1082763700103 1
1 1082763700106 1
1 1082763700107 1
1 1082763700110 1
1 1082763700111 1
1 1082763700114 1
1 1082763700115 1
1 1082763700157 1
1 1082763700158 4
1 1082763700159 1
1 1082763700161 1
1 1082763700162 4
1 1082763700163 1
1 1082763700165 1
1 1082763700166 4
1 1082763700167 1
1 1082763700169 1
1 1082763700170 4
1 1082763700171 1
1 1082763700173 1
1 1082763700174 4
1 1082763700175 1
1 1082763700177 1
1 1082763700178 4
1 1082763700179 1
1 1082763700220 1
1 1082763700221 4
1 1082763700222 1
1 1082763700224 1
1 1082763700225 4
1 1082763700226 1
1 1082763700228 1
1 1082763700229 4
1 1082763700230 1
1 1082763700232 1
1 1082763700233 4
1 1082763700234 1
1 1082763700236 1
1 1082763700237 4
1 1082763700238 1
1 1082763700240 1
1 1082763700241 4
1 1082763700242 1
1 1082763700284 4
1 1082763700285 1
1 1082763700288 4
1 1082763700289 1
1 1082763700292 4
1 1082763700293 1
1 1082763700296 4
1 1082763700297 1
1 1082763700300 4
1 1082763700301 1
1 1082763700304 4
1 1082763700305 1
1 1082763700334 1
1 1082763700335 1
1 1082763700338 1
1 1082763700339 1
1 1082763700342 1
1 1082763700343 1
1 1082763700346 1
1 1082763700347 1
1 1082763700350 1
1 1082763700351 1
1 1082763700354 1
1 1082763700355 1
1 1082763700444 4
1 1082763700445 1
1 1082763700448 4
1 1082763700449 1
1 1082763700452 4
1 1082763700453 1
1 1082763700456 4
1 1082763700457 1
1 1082763700460 4
1 1082763700461 1
1 1082763700464 4
1 1082763700465 1
1 1082763700494 1
1 1082763700495 1
1 1082763700498 1
1 1082763700499 1
1 1082763700502 1
1 1082763700503 1
1 1082763700506 1
1 1082763700507 1
1 1082763700510 1
1 1082763700511 1
1 1082763700514 1
1 1082763700515 1
1 1082763700557 1
1 1082763700558 4
1 1082763700559 1
1 1082763700561 1
1 1082763700562 4
1 1082763700563 1
1 1082763700565 1
1 1082763700566 4
1 1082763700567 1
1 1082763700569 1
1 1082763700570 4
1 1082763700571 1
1 1082763700573 1
1 1082763700574 4
1 1082763700575 1
1 1082763700577 1
1 1082763700578 4
1 1082763700579 1
1 1082763700620 1
1 1082763700621 4
1 1082763700622 1
1 1082763700624 1
1 1082763700625 4
1 1082763700626 1
1 1082763700628 1
1 1082763700629 4
1 1082763700630 1
1 1082763700632 1
1 1082763700633 4
1 1082763700634 1
1 1082763700636 1
1 1082763700637 4
1 1082763700638 1
1 1082763700640 1
1 1082763700641 4
1 1082763700642 1
1 1082763700684 4
1 1082763700685 1
1 1082763700688 4
1 1082763700689 1
1 1082763700692 4
1 1082763700693 1
1 1082763700696 4
1 1082763700697 1
1 1082763700700 4
1 1082763700701 1
1 1082763700704 4
1 1082763700705 1
1 1082763700734 1
1 1082763700735 1
1 1082763700738 1
1 1082763700739 1
1 1082763700742 1
1 1082763700743 1
1 1082763700746 1
1 1082763700747 1
1 1082763700750 1
1 1082763700751 1
1 1082763700754 1
1 1082763700755 1
1 1082763700844 4
1 1082763700845 1
1 1082763700848 4
1 1082763700849 1
1 1082763700852 4
1 1082763700853 1
1 1082763700856 4
1 1082763700857 1
1 1082763700860 4
1 1082763700861 1
1 1082763700864 4
1 1082763700865 1
1 1082763700894 1
1 1082763700895 1
1 1082763700898 1
1 1082763700899 1
1 1082763700902 1
1 1082763700903 1
1 1082763700906 1
1 1082763700907 1
1 1082763700910 1
1 1082763700911 1
1 1082763700914 1
1 1082763700915 1
1 1082763700957 1
1 1082763700958 4
1 1082763700959 1
1 1082763700961 1
1 1082763700962 4
1 1082763700963 1
1 1082763700965 1
1 1082763700966 4
1 1082763700967 1
1 1082763700969 1
1 1082763700970 4
1 1082763700971 1
1 1082763700973 1
1 1082763700974 4
1 1082763700975 1
1 1082763700977 1
1 1082763700978 4
1 1082763700979 1
1 1082763701020 1
1 1082763701021 4
1 1082763701022 1
1 1082763701024 1
1 1082763701025 4
1 1082763701026 1
1 1082763701028 1
1 1082763701029 4
1 1082763701030 1
1 1082763701032 1
1 1082763701033 4
1 1082763701034 1
1 1082763701036 1
1 1082763701037 4
1 1082763701038 1
1 1082763701040 1
1 1082763701041 4
1 1082763701042 1
1 1082763701084 4
1 1082763701085 1
1 1082763701088 4
1 1082763701089 1
1 1082763701092 4
1 1082763701093 1
1 1082763701096 4
1 1082763701097 1
1 1082763701100 4
1 1082763701101 1
1 1082763701104 4
1 1082763701105 1
1 1082763701134 1
1 1082763701135 1
1 1082763701138 1
1 1082763701139 1
1 1082763701142 1
1 1082763701143 1
1 1082763701146 1
1 1082763701147 1
1 1082763701150 1
1 1082763701151 1
1 1082763701154 1
1 1082763701155 1
1 1082763701244 4
1 1082763701245 1
1 1082763701248 4
1 1082763701249 1
1 1082763701252 4
1 1082763701253 1
1 1082763701256 4
1 1082763701257 1
1 1082763701260 4
1 1082763701261 1
1 1082763701264 4
1 1082763701265 1
1 1082763701294 1
1 1082763701295 1
1 1082763701298 1
1 1082763701299 1
1 1082763701302 1
1 1082763701303 1
1 1082763701306 1
1 1082763701307 1
1 1082763701310 1
1 1082763701311 1
1 1082763701314 1
1 1082763701315 1
1 1082763701357 1
1 1082763701358 4
1 1082763701359 1
1 1082763701361 1
1 1082763701362 4
1 1082763701363 1
1 1082763701365 1
1 1082763701366 4
1 1082763701367 1
1 1082763701369 1
1 1082763701370 4
1 1082763701371 1
1 1082763701373 1
1 1082763701374 4
1 1082763701375 1
1 1082763701377 1
1 1082763701378 4
1 1082763701379 1
1 1082763701420 1
1 1082763701421 4
1 1082763701422 1
1 1082763701424 1
1 1082763701425 4
1 1082763701426 1
1 1082763701428 1
1 1082763701429 4
1 1082763701430 1
1 1082763701432 1
1 1082763701433 4
1 1082763701434 1
1 1082763701436 1
1 1082763701437 4
1 1082763701438 1
1 1082763701440 1
1 1082763701441 4
1 1082763701442 1
1 1082763701484 4
1 1082763701485 1
1 1082763701488 4
1 1082763701489 1
1 1082763701492 4
1 1082763701493 1
1 1082763701496 4
1 1082763701497 1
1 1082763701500 4
1 1082763701501 1
1 1082763701504 4
1 1082763701505 1
1 1082763701534 1
1 1082763701535 1
1 1082763701538 1
1 1082763701539 1
1 1082763701542 1
1 1082763701543 1
1 1082763701546 1
1 1082763701547 1
1 1082763701550 1
1 1082763701551 1
1 1082763701554 1
1 1082763701555 1
1 1082763701644 4
1 1082763701645 1
1 1082763701648 4
1 1082763701649 1
1 1082763701652 4
1 1082763701653 1
1 1082763701656 4
1 1082763701657 1
1 1082763701660 4
1 1082763701661 1
1 1082763701664 4
1 1082763701665 1
1 1082763701694 1
1 1082763701695 1
1 1082763701698 1
1 1082763701699 1
1 1082763701702 1
1 1082763701703 1
1 1082763701706 1
1 1082763701707 1
1 1082763701710 1
1 1082763701711 1
1 1082763701714 1
1 1082763701715 1
1 1082763701757 1
1 1082763701758 4
1 1082763701759 1
1 1082763701761 1
1 1082763701762 4
1 1082763701763 1
1 1082763701765 1
1 1082763701766 4
1 1082763701767 1
1 1082763701769 1
1 1082763701770 4
1 1082763701771 1
1 1082763701773 1
1 1082763701774 4
1 1082763701775 1
1 1082763701777 1
1 1082763701778 4
1 1082763701779 1
1 1082763701820 1
1 1082763701821 4
1 1082763701822 1
1 1082763701824 1
1 1082763701825 4
1 1082763701826 1
1 1082763701828 1
1 1082763701829 4
1 1082763701830 1
1 1082763701832 1
1 1082763701833 4
1 1082763701834 1
1 1082763701836 1
1 1082763701837 4
1 1082763701838 1
1 1082763701840 1
1 1082763701841 4
1 1082763701842 1
1 1082763701884 4
1 1082763701885 1
1 1082763701888 4
1 1082763701889 1
1 1082763701892 4
1 1082763701893 1
1 1082763701896 4
1 1082763701897 1
1 1082763701900 4
1 1082763701901 1
1 1082763701904 4
1 1082763701905 1
1 1082763701934 1
1 1082763701935 1
1 1082763701938 1
1 1082763701939 1
1 1082763701942 1
1 1082763701943 1
1 1082763701946 1
1 1082763701947 1
1 1082763701950 1
1 1082763701951 1
1 1082763701954 1
1 1082763701955 1
1 1082763702044 4
1 1082763702045 1
1 1082763702048 4
1 1082763702049 1
1 1082763702052 4
1 1082763702053 1
1 1082763702056 4
1 1082763702057 1
1 1082763702060 4
1 1082763702061 1
1 1082763702064 4
1 1082763702065 1
1 1082763702094 1
1 1082763702095 1
1 1082763702098 1
1 1082763702099 1
1 1082763702102 1
1 1082763702103 1
1 1082763702106 1
1 1082763702107 1
1 1082763702110 1
1 1082763702111 1
1 1082763702114 1
1 1082763702115 1
1 1082763702157 1
1 1082763702158 4
1 1082763702159 1
1 1082763702161 1
1 1082763702162 4
1 1082763702163 1
1 1082763702165 1
1 1082763702166 4
1 1082763702167 1
1 1082763702169 1
1 1082763702170 4
1 1082763702171 1
1 1082763702173 1
1 1082763702174 4
1 1082763702175 1
1 1082763702177 1
1 1082763702178 4
1 1082763702179 1
1 1082763702220 1
1 1082763702221 4
1 1082763702222 1
1 1082763702224 1
1 1082763702225 4
1 1082763702226 1
1 1082763702228 1
1 1082763702229 4
1 1082763702230 1
1 1082763702232 1
1 1082763702233 4
1 1082763702234 1
1 1082763702236 1
1 1082763702237 4
1 1082763702238 1
1 1082763702240 1
1 1082763702241 4
1 1082763702242 1
1 1082763702284 4
1 1082763702285 1
1 1082763702288 4
1 1082763702289 1
1 1082763702292 4
1 1082763702293 1
1 1082763702296 4
1 1082763702297 1
1 1082763702300 4
1 1082763702301 1
1 1082763702304 4
1 1082763702305 1
1 1082763702334 1
1 1082763702335 1
1 1082763702338 1
1 1082763702339 1
1 1082763702342 1
1 1082763702343 1
1 1082763702346 1
1 1082763702347 1
1 1082763702350 1
1 1082763702351 1
1 1082763702354 1
1 1082763702355 1
1 1082763702444 4
1 1082763702445 1
1 1082763702448 4
1 1082763702449 1
1 1082763702452 4
1 1082763702453 1
1 1082763702456 4
1 1082763702457 1
1 1082763702460 4
1 1082763702461 1
1 1082763702464 4
1 1082763702465 1
1 1082763702494 1
1 1082763702495 1
1 1082763702498 1
1 1082763702499 1
1 1082763702502 1
1 1082763702503 1
1 1082763702506 1
1 1082763702507 1
1 1082763702510 1
1 1082763702511 1
1 1082763702514 1
1 1082763702515 1
1 1082763702557 1
1 1082763702558 4
1 1082763702559 1
1 1082763702561 1
1 1082763702562 4
1 1082763702563 1
1 1082763702565 1
1 1082763702566 4
1 1082763702567 1
1 1082763702569 1
1 1082763702570 4
1 1082763702571 1
1 1082763702573 1
1 1082763702574 4
1 1082763702575 1
1 1082763702577 1
1 1082763702578 4
1 1082763702579 1
1 1082763702620 1
1 1082763702621 4
1 1082763702622 1
1 1082763702624 1
1 1082763702625 4
1 1082763702626 1
1 1082763702628 1
1 1082763702629 4
1 1082763702630 1
1 1082763702632 1
1 1082763702633 4
1 1082763702634 1
1 1082763702636 1
1 1082763702637 4
1 1082763702638 1
1 1082763702640 1
1 1082763702641 4
1 1082763702642 1
1 1082763702684 4
1 1082763702685 1
1 1082763702688 4
1 1082763702689 1
1 1082763702692 4
1 1082763702693 1
1 1082763702696 4
1 1082763702697 1
1 1082763702700 4
1 1082763702701 1
1 1082763702704 4
1 1082763702705 1
1 1082763702734 1
1 1082763702735 1
1 1082763702738 1
1 1082763702739 1
1 1082763702742 1
1 1082763702743 1
1 1082763702746 1
1 1082763702747 1
1 1082763702750 1
1 1082763702751 1
1 1082763702754 1
1 1082763702755 1
1 1082763702844 4
1 1082763702845 1
1 1082763702848 4
1 1082763702849 1
1 1082763702852 4
1 1082763702853 1
1 1082763702856 4
1 1082763702857 1
1 1082763702860 4
1 1082763702861 1
1 1082763702864 4
1 1082763702865 1
1 1082763702894 1
1 1082763702895 1
1 1082763702898 1
1 1082763702899 1
1 1082763702902 1
1 1082763702903 1
1 1082763702906 1
1 1082763702907 1
1 1082763702910 1
1 1082763702911 1
1 1082763702914 1
1 1082763702915 1
1 1082763702957 1
1 1082763702958 4
1 1082763702959 1
1 1082763702961 1
1 1082763702962 4
1 1082763702963 1
1 1082763702965 1
1 1082763702966 4
1 1082763702967 1
1 1082763702969 1
1 1082763702970 4
1 1082763702971 1
1 1082763702973 1
1 1082763702974 4
1 1082763702975 1
1 1082763702977 1
1 1082763702978 4
1 1082763702979 1
1 1082763703020 1
1 1082763703021 4
1 1082763703022 1
1 1082763703024 1
1 1082763703025 4
1 1082763703026 1
1 1082763703028 1
1 1082763703029 4
1 1082763703030 1
1 1082763703032 1
1 1082763703033 4
1 1082763703034 1
1 1082763703036 1
1 1082763703037 4
1 1082763703038 1
1 1082763703040 1
1 1082763703041 4
1 1082763703042 1
1 1082763703084 4
1 1082763703085 1
1 1082763703088 4
1 1082763703089 1
1 1082763703092 4
1 1082763703093 1
1 1082763703096 4
1 1082763703097 1
1 1082763703100 4
1 1082763703101 1
1 1082763703104 4
1 1082763703105 1
1 1082763703134 1
1 1082763703135 1
1 1082763703138 1
1 1082763703139 1
1 1082763703142 1
1 1082763703143 1
1 1082763703146 1
1 1082763703147 1
1 1082763703150 1
1 1082763703151 1
1 1082763703154 1
1 1082763703155 1
1 1082763703244 4
1 1082763703245 1
1 1082763703248 4
1 1082763703249 1
1 1082763703252 4
1 1082763703253 1
1 1082763703256 4
1 1082763703257 1
1 1082763703260 4
1 1082763703261 1
1 1082763703264 4
1 1082763703265 1
1 1082763703294 1
1 1082763703295 1
1 1082763703298 1
1 1082763703299 1
1 1082763703302 1
1 1082763703303 1
1 1082763703306 1
1 1082763703307 1
1 1082763703310 1
1 1082763703311 1
1 1082763703314 1
1 1082763703315 1
1 1082763703357 1
1 1082763703358 4
1 1082763703359 1
1 1082763703361 1
1 1082763703362 4
1 1082763703363 1
1 1082763703365 1
1 1082763703366 4
1 1082763703367 1
1 1082763703369 1
1 1082763703370 4
1 1082763703371 1
1 1082763703373 1
1 1082763703374 4
1 1082763703375 1
1 1082763703377 1
1 1082763703378 4
1 1082763703379 1
1 1082763703420 1
1 1082763703421 4
1 1082763703422 1
1 1082763703424 1
1 1082763703425 4
1 1082763703426 1
1 1082763703428 1
1 1082763703429 4
1 1082763703430 1
1 1082763703432 1
1 1082763703433 4
1 1082763703434 1
1 1082763703436 1
1 1082763703437 4
1 1082763703438 1
1 1082763703440 1
1 1082763703441 4
1 1082763703442 1
1 1082763703484 4
1 1082763703485 1
1 1082763703488 4
1 1082763703489 1
1 1082763703492 4
1 1082763703493 1
1 1082763703496 4
1 1082763703497 1
1 1082763703500 4
1 1082763703501 1
1 1082763703504 4
1 1082763703505 1
1 1082763703534 1
1 1082763703535 1
1 1082763703538 1
1 1082763703539 1
1 1082763703542 1
1 1082763703543 1
1 1082763703546 1
1 1082763703547 1
1 1082763703550 1
1 1082763703551 1
1 1082763703554 1
1 1082763703555 1
1 1082763703644 4
1 1082763703645 1
1 1082763703648 4
1 1082763703649 1
1 1082763703652 4
1 1082763703653 1
1 1082763703656 4
1 1082763703657 1
1 1082763703660 4
1 1082763703661 1
1 1082763703664 4
1 1082763703665 1
1 1082763703694 1
1 1082763703695 1
1 1082763703698 1
1 1082763703699 1
1 1082763703702 1
1 1082763703703 1
1 1082763703706 1
1 1082763703707 1
1 1082763703710 1
1 1082763703711 1
1 1082763703714 1
1 1082763703715 1
1 1082763703757 1
1 1082763703758 4
1 1082763703759 1
1 1082763703761 1
1 1082763703762 4
1 1082763703763 1
1 1082763703765 1
1 1082763703766 4
1 1082763703767 1
1 1082763703769 1
1 1082763703770 4
1 1082763703771 1
1 1082763703773 1
1 1082763703774 4
1 1082763703775 1
1 1082763703777 1
1 1082763703778 4
1 1082763703779 1
1 1082763703820 1
1 1082763703821 4
1 1082763703822 1
1 1082763703824 1
1 1082763703825 4
1 1082763703826 1
1 1082763703828 1
1 1082763703829 4
1 1082763703830 1
1 1082763703832 1
1 1082763703833 4
1 1082763703834 1
1 1082763703836 1
1 1082763703837 4
1 1082763703838 1
1 1082763703840 1
1 1082763703841 4
1 1082763703842 1
1 1082763703884 4
1 1082763703885 1
1 1082763703888 4
1 1082763703889 1
1 1082763703892 4
1 1082763703893 1
1 1082763703896 4
1 1082763703897 1
1 1082763703900 4
1 1082763703901 1
1 1082763703904 4
1 1082763703905 1
1 1082763703934 1
1 1082763703935 1
1 1082763703938 1
1 1082763703939 1
1 1082763703942 1
1 1082763703943 1
1 1082763703946 1
1 1082763703947 1
1 1082763703950 1
1 1082763703951 1
1 1082763703954 1
1 1082763703955 1
1 1082763704044 4
1 1082763704045 1
1 1082763704048 4
1 1082763704049 1
1 1082763704052 4
1 1082763704053 1
1 1082763704056 4
1 1082763704057 1
1 1082763704060 4
1 1082763704061 1
1 1082763704064 4
1 1082763704065 1
1 1082763704094 1
1 1082763704095 1
1 1082763704098 1
1 1082763704099 1
1 1082763704102 1
1 1082763704103 1
1 1082763704106 1
1 1082763704107 1
1 1082763704110 1
1 1082763704111 1
1 1082763704114 1
1 1082763704115 1
1 1082763704157 1
1 1082763704158 4
1 1082763704159 1
1 1082763704161 1
1 1082763704162 4
1 1082763704163 1
1 1082763704165 1
1 1082763704166 4
1 1082763704167 1
1 1082763704169 1
1 1082763704170 4
1 1082763704171 1
1 1082763704173 1
1 1082763704174 4
1 1082763704175 1
1 1082763704177 1
1 1082763704178 4
1 1082763704179 1
1 1082763704220 1
1 1082763704221 4
1 1082763704222 1
1 1082763704224 1
1 1082763704225 4
1 1082763704226 1
1 1082763704228 1
1 1082763704229 4
1 1082763704230 1
1 1082763704232 1
1 1082763704233 4
1 1082763704234 1
1 1082763704236 1
1 1082763704237 4
1 1082763704238 1
1 1082763704240 1
1 1082763704241 4
1 1082763704242 1
1 1082763704284 4
1 1082763704285 1
1 1082763704288 4
1 1082763704289 1
1 1082763704292 4
1 1082763704293 1
1 1082763704296 4
1 1082763704297 1
1 1082763704300 4
1 1082763704301 1
1 1082763704304 4
1 1082763704305 1
1 1082763704334 1
1 1082763704335 1
1 1082763704338 1
1 1082763704339 1
1 1082763704342 1
1 1082763704343 1
1 1082763704346 1
1 1082763704347 1
1 1082763704350 1
1 1082763704351 1
1 1082763704354 1
1 1082763704355 1
1 1082763704444 4
1 1082763704445 1
1 1082763704448 4
1 1082763704449 1
1 1082763704452 4
1 1082763704453 1
1 1082763704456 4
1 1082763704457 1
1 1082763704460 4
1 1082763704461 1
1 1082763704464 4
1 1082763704465 1
1 1082763704494 1
1 1082763704495 1
1 1082763704498 1
1 1082763704499 1
1 1082763704502 1
1 1082763704503 1
1 1082763704506 1
1 1082763704507 1
1 1082763704510 1
1 1082763704511 1
1 1082763704514 1
1 1082763704515 1
1 1082763704557 1
1 1082763704558 4
1 1082763704559 1
1 1082763704561 1
1 1082763704562 4
1 1082763704563 1
1 1082763704565 1
1 1082763704566 4
1 1082763704567 1
1 1082763704569 1
1 1082763704570 4
1 1082763704571 1
1 1082763704573 1
1 1082763704574 4
1 1082763704575 1
1 1082763704577 1
1 1082763704578 4
1 1082763704579 1
1 1082763704620 1
1 1082763704621 4
1 1082763704622 1
1 1082763704624 1
1 1082763704625 4
1 1082763704626 1
1 1082763704628 1
1 1082763704629 4
1 1082763704630 1
1 1082763704632 1
1 1082763704633 4
1 1082763704634 1
1 1082763704636 1
1 1082763704637 4
1 1082763704638 1
1 1082763704640 1
1 1082763704641 4
1 1082763704642 1
1 1082763704684 4
1 1082763704685 1
1 1082763704688 4
1 1082763704689 1
1 1082763704692 4
1 1082763704693 1
1 1082763704696 4
1 1082763704697 1
1 1082763704700 4
1 1082763704701 1
1 1082763704704 4
1 1082763704705 1
1 1082763704734 1
1 1082763704735 1
1 1082763704738 1
1 1082763704739 1
1 1082763704742 1
1 1082763704743 1
1 1082763704746 1
1 1082763704747 1
1 1082763704750 1
1 1082763704751 1
1 1082763704754 1
1 1082763704755 1
1 1082763704844 4
1 1082763704845 1
1 1082763704848 4
1 1082763704849 1
1 1082763704852 4
1 1082763704853 1
1 1082763704856 4
1 1082763704857 1
1 1082763704860 4
1 1082763704861 1
1 1082763704864 4
1 1082763704865 1
1 1082763704894 1
1 1082763704895 1
1 1082763704898 1
1 1082763704899 1
1 1082763704902 1
1 1082763704903 1
1 1082763704906 1
1 1082763704907 1
1 1082763704910 1
1 1082763704911 1
1 1082763704914 1
1 1082763704915 1
1 1082763704957 1
1 1082763704958 4
1 1082763704959 1
1 1082763704961 1
1 1082763704962 4
1 1082763704963 1
1 1082763704965 1
1 1082763704966 4
1 1082763704967 1
1 1082763704969 1
1 1082763704970 4
1 1082763704971 1
1 1082763704973 1
1 1082763704974 4
1 1082763704975 1
1 1082763704977 1
1 1082763704978 4
1 1082763704979 1
1 1082763705020 1
1 1082763705021 4
1 1082763705022 1
1 1082763705024 1
1 1082763705025 4
1 1082763705026 1
1 1082763705028 1
1 1082763705029 4
1 1082763705030 1
1 1082763705032 1
1 1082763705033 4
1 1082763705034 1
1 1082763705036 1
1 1082763705037 4
1 1082763705038 1
1 1082763705040 1
1 1082763705041 4
1 1082763705042 1
1 1082763705084 4
1 1082763705085 1
1 1082763705088 4
1 1082763705089 1
1 1082763705092 4
1 1082763705093 1
1 1082763705096 4
1 1082763705097 1
1 1082763705100 4
1 1082763705101 1
1 1082763705104 4
1 1082763705105 1
1 1082763705134 1
1 1082763705135 1
1 1082763705138 1
1 1082763705139 1
1 1082763705142 1
1 1082763705143 1
1 1082763705146 1
1 1082763705147 1
1 1082763705150 1
1 1082763705151 1
1 1082763705154 1
1 1082763705155 1
1 1082763705244 4
1 1082763705245 1
1 1082763705248 4
1 1082763705249 1
1 1082763705252 4
1 1082763705253 1
1 1082763705256 4
1 1082763705257 1
1 1082763705260 4
1 1082763705261 1
1 1082763705264 4
1 1082763705265 1
1 1082763705294 1
1 1082763705295 1
1 1082763705298 1
1 1082763705299 1
1 1082763705302 1
1 1082763705303 1
1 1082763705306 1
1 1082763705307 1
1 1082763705310 1
1 1082763705311 1
1 1082763705314 1
1 1082763705315 1
1 1082763705357 1
1 1082763705358 4
1 1082763705359 1
1 1082763705361 1
1 1082763705362 4
1 1082763705363 1
1 1082763705365 1
1 1082763705366 4
1 1082763705367 1
1 1082763705369 1
1 1082763705370 4
1 1082763705371 1
1 1082763705373 1
1 1082763705374 4
1 1082763705375 1
1 1082763705377 1
1 1082763705378 4
1 1082763705379 1
1 1082763705420 1
1 1082763705421 4
1 1082763705422 1
1 1082763705424 1
1 1082763705425 4
1 1082763705426 1
1 1082763705428 1
1 1082763705429 4
1 1082763705430 1
1 1082763705432 1
1 1082763705433 4
1 1082763705434 1
1 1082763705436 1
1 1082763705437 4
1 1082763705438 1
1 1082763705440 1
1 1082763705441 4
1 1082763705442 1
1 1082763705484 4
1 1082763705485 1
1 1082763705488 4
1 1082763705489 1
1 1082763705492 4
1 1082763705493 1
1 1082763705496 4
1 1082763705497 1
1 1082763705500 4
1 1082763705501 1
1 1082763705504 4
1 1082763705505 1
1 1082763705534 1
1 1082763705535 1
1 1082763705538 1
1 1082763705539 1
1 1082763705542 1
1 1082763705543 1
1 1082763705546 1
1 1082763705547 1
1 1082763705550 1
1 1082763705551 1
1 1082763705554 1
1 1082763705555 1
1 1082763705644 4
1 1082763705645 1
1 1082763705648 4
1 1082763705649 1
1 1082763705652 4
1 1082763705653 1
1 1082763705656 4
1 1082763705657 1
1 1082763705660 4
1 1082763705661 1
1 1082763705664 4
1 1082763705665 1
1 1082763705694 1
1 1082763705695 1
1 1082763705698 1
1 1082763705699 1
1 1082763705702 1
1 1082763705703 1
1 1082763705706 1
1 1082763705707 1
1 1082763705710 1
1 1082763705711 1
1 1082763705714 1
1 1082763705715 1
1 1082763705757 1
1 1082763705758 4
1 1082763705759 1
1 1082763705761 1
1 1082763705762 4
1 1082763705763 1
1 1082763705765 1
1 1082763705766 4
1 1082763705767 1
1 1082763705769 1
1 1082763705770 4
1 1082763705771 1
1 1082763705773 1
1 1082763705774 4
1 1082763705775 1
1 1082763705777 1
1 1082763705778 4
1 1082763705779 1
1 1082763705820 1
1 1082763705821 4
1 1082763705822 1
1 1082763705824 1
1 1082763705825 4
1 1082763705826 1
1 1082763705828 1
1 1082763705829 4
1 1082763705830 1
1 1082763705832 1
1 1082763705833 4
1 1082763705834 1
1 1082763705836 1
1 1082763705837 4
1 1082763705838 1
1 1082763705840 1
1 1082763705841 4
1 1082763705842 1
1 1082763705884 4
1 1082763705885 1
1 1082763705888 4
1 1082763705889 1
1 1082763705892 4
1 1082763705893 1
1 1082763705896 4
1 1082763705897 1
1 1082763705900 4
1 1082763705901 1
1 1082763705904 4
1 1082763705905 1
1 1082763705934 1
1 1082763705935 1
1 1082763705938 1
1 1082763705939 1
1 1082763705942 1
1 1082763705943 1
1 1082763705946 1
1 1082763705947 1
1 1082763705950 1
1 1082763705951 1
1 1082763705954 1
1 1082763705955 1
1 1082763706044 4
1 1082763706045 1
1 1082763706048 4
1 1082763706049 1
1 1082763706052 4
1 1082763706053 1
1 1082763706056 4
1 1082763706057 1
1 1082763706060 4
1 1082763706061 1
1 1082763706064 4
1 1082763706065 1
1 1082763706094 1
1 1082763706095 1
1 1082763706098 1
1 1082763706099 1
1 1082763706102 1
1 1082763706103 1
1 1082763706106 1
1 1082763706107 1
1 1082763706110 1
1 1082763706111 1
1 1082763706114 1
1 1082763706115 1
1 1082763706157 1
1 1082763706158 4
1 1082763706159 1
1 1082763706161 1
1 1082763706162 4
1 1082763706163 1
1 1082763706165 1
1 1082763706166 4
1 1082763706167 1
1 1082763706169 1
1 1082763706170 4
1 1082763706171 1
1 1082763706173 1
1 1082763706174 4
1 1082763706175 1
1 1082763706177 1
1 1082763706178 4
1 1082763706179 1
1 1082763706220 1
1 1082763706221 4
1 1082763706222 1
1 1082763706224 1
1 1082763706225 4
1 1082763706226 1
1 1082763706228 1
1 1082763706229 4
1 1082763706230 1
1 1082763706232 1
1 1082763706233 4
1 1082763706234 1
1 1082763706236 1
1 1082763706237 4
1 1082763706238 1
1 1082763706240 1
1 1082763706241 4
1 1082763706242 1
1 1082763706284 4
1 1082763706285 1
1 1082763706288 4
1 1082763706289 1
1 1082763706292 4
1 1082763706293 1
1 1082763706296 4
1 1082763706297 1
1 1082763706300 4
1 1082763706301 1
1 1082763706304 4
1 1082763706305 1
1 1082763706334 1
1 1082763706335 1
1 1082763706338 1
1 1082763706339 1
1 1082763706342 1
1 1082763706343 1
1 1082763706346 1
1 1082763706347 1
1 1082763706350 1
1 1082763706351 1
1 1082763706354 1
1 1082763706355 1
1 1082763706444 4
1 1082763706445 1
1 1082763706448 4
1 1082763706449 1
1 1082763706452 4
1 1082763706453 1
1 1082763706456 4
1 1082763706457 1
1 1082763706460 4
1 1082763706461 1
1 1082763706464 4
1 1082763706465 1
1 1082763706494 1
1 1082763706495 1
1 1082763706498 1
1 1082763706499 1
1 1082763706502 1
1 1082763706503 1
1 1082763706506 1
1 1082763706507 1
1 1082763706510 1
1 1082763706511 1
1 1082763706514 1
1 1082763706515 1
1 1082763706557 1
1 1082763706558 4
1 1082763706559 1
1 1082763706561 1
1 1082763706562 4
1 1082763706563 1
1 1082763706565 1
1 1082763706566 4
1 1082763706567 1
1 1082763706569 1
1 1082763706570 4
1 1082763706571 1
1 1082763706573 1
1 1082763706574 4
1 1082763706575 1
1 1082763706577 1
1 1082763706578 4
1 1082763706579 1
1 1082763706620 1
1 1082763706621 4
1 1082763706622 1
1 1082763706624 1
1 1082763706625 4
1 1082763706626 1
1 1082763706628 1
1 1082763706629 4
1 1082763706630 1
1 1082763706632 1
1 1082763706633 4
1 1082763706634 1
1 1082763706636 1
1 1082763706637 4
1 1082763706638 1
1 1082763706640 1
1 1082763706641 4
1 1082763706642 1
1 1082763706684 4
1 1082763706685 1
1 1082763706688 4
1 1082763706689 1
1 1082763706692 4
1 1082763706693 1
1 1082763706696 4
1 1082763706697 1
1 1082763706700 4
1 1082763706701 1
1 1082763706704 4
1 1082763706705 1
1 1082763706734 1
1 1082763706735 1
1 1082763706738 1
1 1082763706739 1
1 1082763706742 1
1 1082763706743 1
1 1082763706746 1
1 1082763706747 1
1 1082763706750 1
1 1082763706751 1
1 1082763706754 1
1 1082763706755 1
1 1082763706844 4
1 1082763706845 1
1 1082763706848 4
1 1082763706849 1
1 1082763706852 4
1 1082763706853 1
1 1082763706856 4
1 1082763706857 1
1 1082763706860 4
1 1082763706861 1
1 1082763706864 4
1 1082763706865 1
1 1082763706894 1
1 1082763706895 1
1 1082763706898 1
1 1082763706899 1
1 1082763706902 1
1 1082763706903 1
1 1082763706906 1
1 1082763706907 1
1 1082763706910 1
1 1082763706911 1
1 1082763706914 1
1 1082763706915 1
1 1082763706957 1
1 1082763706958 4
1 1082763706959 1
1 1082763706961 1
1 1082763706962 4
1 1082763706963 1
1 1082763706965 1
1 1082763706966 4
1 1082763706967 1
1 1082763706969 1
1 1082763706970 4
1 1082763706971 1
1 1082763706973 1
1 1082763706974 4
1 1082763706975 1
1 1082763706977 1
1 1082763706978 4
1 1082763706979 1
1 1082763707020 1
1 1082763707021 4
1 1082763707022 1
1 1082763707024 1
1 1082763707025 4
1 1082763707026 1
1 1082763707028 1
1 1082763707029 4
1 1082763707030 1
1 1082763707032 1
1 1082763707033 4
1 1082763707034 1
1 1082763707036 1
1 1082763707037 4
1 1082763707038 1
1 1082763707040 1
1 1082763707041 4
1 1082763707042 1
1 1082763707084 4
1 1082763707085 1
1 1082763707088 4
1 1082763707089 1
1 1082763707092 4
1 1082763707093 1
1 1082763707096 4
1 1082763707097 1
1 1082763707100 4
1 1082763707101 1
1 1082763707104 4
1 1082763707105 1
1 1082763707134 1
1 1082763707135 1
1 1082763707138 1
1 1082763707139 1
1 1082763707142 1
1 1082763707143 1
1 1082763707146 1
1 1082763707147 1
1 1082763707150 1
1 1082763707151 1
1 1082763707154 1
1 1082763707155 1
1 1082763707244 4
1 1082763707245 1
1 1082763707248 4
1 1082763707249 1
1 1082763707252 4
1 1082763707253 1
1 1082763707256 4
1 1082763707257 1
1 1082763707260 4
1 1082763707261 1
1 1082763707264 4
1 1082763707265 1
1 1082763707294 1
1 1082763707295 1
1 1082763707298 1
1 1082763707299 1
1 1082763707302 1
1 1082763707303 1
1 1082763707306 1
1 1082763707307 1
1 1082763707310 1
1 1082763707311 1
1 1082763707314 1
1 1082763707315 1
1 1082763707357 1
1 1082763707358 4
1 1082763707359 1
1 1082763707361 1
1 1082763707362 4
1 1082763707363 1
1 1082763707365 1
1 1082763707366 4
1 1082763707367 1
1 1082763707369 1
1 1082763707370 4
1 1082763707371 1
1 1082763707373 1
1 1082763707374 4
1 1082763707375 1
1 1082763707377 1
1 1082763707378 4
1 1082763707379 1
1 1082763707420 1
1 1082763707421 4
1 1082763707422 1
1 1082763707424 1
1 1082763707425 4
1 1082763707426 1
1 1082763707428 1
1 1082763707429 4
1 1082763707430 1
1 1082763707432 1
1 1082763707433 4
1 1082763707434 1
1 1082763707436 1
1 1082763707437 4
1 1082763707438 1
1 1082763707440 1
1 1082763707441 4
1 1082763707442 1
1 1082763707484 4
1 1082763707485 1
1 1082763707488 4
1 1082763707489 1
1 1082763707492 4
1 1082763707493 1
1 1082763707496 4
1 1082763707497 1
1 1082763707500 4
1 1082763707501 1
1 1082763707504 4
1 1082763707505 1
1 1082763707534 1
1 1082763707535 1
1 1082763707538 1
1 1082763707539 1
1 1082763707542 1
1 1082763707543 1
1 1082763707546 1
1 1082763707547 1
1 1082763707550 1
1 1082763707551 1
1 1082763707554 1
1 1082763707555 1
1 1082763707644 4
1 1082763707645 1
1 1082763707648 4
1 1082763707649 1
1 1082763707652 4
1 1082763707653 1
1 1082763707656 4
1 1082763707657 1
1 1082763707660 4
1 1082763707661 1
1 1082763707664 4
1 1082763707665 1
1 1082763707694 1
1 1082763707695 1
1 1082763707698 1
1 1082763707699 1
1 1082763707702 1
1 1082763707703 1
1 1082763707706 1
1 1082763707707 1
1 1082763707710 1
1 1082763707711 1
1 1082763707714 1
1 1082763707715 1
1 1082763707757 1
1 1082763707758 4
1 1082763707759 1
1 1082763707761 1
1 1082763707762 4
1 1082763707763 1
1 1082763707765 1
1 1082763707766 4
1 1082763707767 1
1 1082763707769 1
1 1082763707770 4
1 1082763707771 1
1 1082763707773 1
1 1082763707774 4
1 1082763707775 1
1 1082763707777 1
1 1082763707778 4
1 1082763707779 1
1 1082763707820 1
1 1082763707821 4
1 1082763707822 1
1 1082763707824 1
1 1082763707825 4
1 1082763707826 1
1 1082763707828 1
1 1082763707829 4
1 1082763707830 1
1 1082763707832 1
1 1082763707833 4
1 1082763707834 1
1 1082763707836 1
1 1082763707837 4
1 1082763707838 1
1 1082763707840 1
1 1082763707841 4
1 1082763707842 1
1 1082763707884 4
1 1082763707885 1
1 1082763707888 4
1 1082763707889 1
1 1082763707892 4
1 1082763707893 1
1 1082763707896 4
1 1082763707897 1
1 1082763707900 4
1 1082763707901 1
1 1082763707904 4
1 1082763707905 1
1 1082763707934 1
1 1082763707935 1
1 1082763707938 1
1 1082763707939 1
1 1082763707942 1
1 1082763707943 1
1 1082763707946 1
1 1082763707947 1
1 1082763707950 1
1 1082763707951 1
1 1082763707954 1
1 1082763707955 1
1 1082763708044 4
1 1082763708045 1
1 1082763708048 4
1 1082763708049 1
1 1082763708052 4
1 1082763708053 1
1 1082763708056 4
1 1082763708057 1
1 1082763708060 4
1 1082763708061 1
1 1082763708064 4
1 1082763708065 1
1 1082763708094 1
1 1082763708095 1
1 1082763708098 1
1 1082763708099 1
1 1082763708102 1
1 1082763708103 1
1 1082763708106 1
1 1082763708107 1
1 1082763708110 1
1 1082763708111 1
1 1082763708114 1
1 1082763708115 1
1 1082763708157 1
1 1082763708158 4
1 1082763708159 1
1 1082763708161 1
1 1082763708162 4
1 1082763708163 1
1 1082763708165 1
1 1082763708166 4
1 1082763708167 1
1 1082763708169 1
1 1082763708170 4
1 1082763708171 1
1 1082763708173 1
1 1082763708174 4
1 1082763708175 1
1 1082763708177 1
1 1082763708178 4
1 1082763708179 1
1 1082763708220 1
1 1082763708221 4
1 1082763708222 1
1 1082763708224 1
1 1082763708225 4
1 1082763708226 1
1 1082763708228 1
1 1082763708229 4
1 1082763708230 1
1 1082763708232 1
1 1082763708233 4
1 1082763708234 1
1 1082763708236 1
1 1082763708237 4
1 1082763708238 1
1 1082763708240 1
1 1082763708241 4
1 1082763708242 1
1 1082763708284 4
1 1082763708285 1
1 1082763708288 4
1 1082763708289 1
1 1082763708292 4
1 1082763708293 1
1 1082763708296 4
1 1082763708297 1
1 1082763708300 4
1 1082763708301 1
1 1082763708304 4
1 1082763708305 1
1 1082763708334 1
1 1082763708335 1
1 1082763708338 1
1 1082763708339 1
1 1082763708342 1
1 1082763708343 1
1 1082763708346 1
1 1082763708347 1
1 1082763708350 1
1 1082763708351 1
1 1082763708354 1
1 1082763708355 1
1 1082763708444 4
1 1082763708445 1
1 1082763708448 4
1 1082763708449 1
1 1082763708452 4
1 1082763708453 1
1 1082763708456 4
1 1082763708457 1
1 1082763708460 4
1 1082763708461 1
1 1082763708464 4
1 1082763708465 1
1 1082763708494 1
1 1082763708495 1
1 1082763708498 1
1 1082763708499 1
1 1082763708502 1
1 1082763708503 1
1 1082763708506 1
1 1082763708507 1
1 1082763708510 1
1 1082763708511 1
1 1082763708514 1
1 1082763708515 1
1 1082763708557 1
1 1082763708558 4
1 1082763708559 1
1 1082763708561 1
1 1082763708562 4
1 1082763708563 1
1 1082763708565 1
1 1082763708566 4
1 1082763708567 1
1 1082763708569 1
1 1082763708570 4
1 1082763708571 1
1 1082763708573 1
1 1082763708574 4
1 1082763708575 1
1 1082763708577 1
1 1082763708578 4
1 1082763708579 1
1 1082763708620 1
1 1082763708621 4
1 1082763708622 1
1 1082763708624 1
1 1082763708625 4
1 1082763708626 1
1 1082763708628 1
1 1082763708629 4
1 1082763708630 1
1 1082763708632 1
1 1082763708633 4
1 1082763708634 1
1 1082763708636 1
1 1082763708637 4
1 1082763708638 1
1 1082763708640 1
1 1082763708641 4
1 1082763708642 1
1 1082763708684 4
1 1082763708685 1
1 1082763708688 4
1 1082763708689 1
1 1082763708692 4
1 1082763708693 1
1 1082763708696 4
1 1082763708697 1
1 1082763708700 4
1 1082763708701 1
1 1082763708704 4
1 1082763708705 1
1 1082763708734 1
1 1082763708735 1
1 1082763708738 1
1 1082763708739 1
1 1082763708742 1
1 1082763708743 1
1 1082763708746 1
1 1082763708747 1
1 1082763708750 1
1 1082763708751 1
1 1082763708754 1
1 1082763708755 1
1 1082763708844 4
1 1082763708845 1
1 1082763708848 4
1 1082763708849 1
1 1082763708852 4
1 1082763708853 1
1 1082763708856 4
1 1082763708857 1
1 1082763708860 4
1 1082763708861 1
1 1082763708864 4
1 1082763708865 1
1 1082763708894 1
1 1082763708895 1
1 1082763708898 1
1 1082763708899 1
1 1082763708902 1
1 1082763708903 1
1 1082763708906 1
1 1082763708907 1
1 1082763708910 1
1 1082763708911 1
1 1082763708914 1
1 1082763708915 1
1 1082763708957 1
1 1082763708958 4
1 1082763708959 1
1 1082763708961 1
1 1082763708962 4
1 1082763708963 1
1 1082763708965 1
1 1082763708966 4
1 1082763708967 1
1 1082763708969 1
1 1082763708970 4
1 1082763708971 1
1 1082763708973 1
1 1082763708974 4
1 1082763708975 1
1 1082763708977 1
1 1082763708978 4
1 1082763708979 1
1 1082763709020 1
1 1082763709021 4
1 1082763709022 1
1 1082763709024 1
1 1082763709025 4
1 1082763709026 1
1 1082763709028 1
1 1082763709029 4
1 1082763709030 1
1 1082763709032 1
1 1082763709033 4
1 1082763709034 1
1 1082763709036 1
1 1082763709037 4
1 1082763709038 1
1 1082763709040 1
1 1082763709041 4
1 1082763709042 1
1 1082763709084 4
1 1082763709085 1
1 1082763709088 4
1 1082763709089 1
1 1082763709092 4
1 1082763709093 1
1 1082763709096 4
1 1082763709097 1
1 1082763709100 4
1 1082763709101 1
1 1082763709104 4
1 1082763709105 1
1 1082763709134 1
1 1082763709135 1
1 1082763709138 1
1 1082763709139 1
1 1082763709142 1
1 1082763709143 1
1 1082763709146 1
1 1082763709147 1
1 1082763709150 1
1 1082763709151 1
1 1082763709154 1
1 1082763709155 1
1 1082763709244 4
1 1082763709245 1
1 1082763709248 4
1 1082763709249 1
1 1082763709252 4
1 1082763709253 1
1 1082763709256 4
1 1082763709257 1
1 1082763709260 4
1 1082763709261 1
1 1082763709264 4
1 1082763709265 1
1 1082763709294 1
1 1082763709295 1
1 1082763709298 1
1 1082763709299 1
1 1082763709302 1
1 1082763709303 1
1 1082763709306 1
1 1082763709307 1
1 1082763709310 1
1 1082763709311 1
1 1082763709314 1
1 1082763709315 1
1 1082763709357 1
1 1082763709358 4
1 1082763709359 1
1 1082763709361 1
1 1082763709362 4
1 1082763709363 1
1 1082763709365 1
1 1082763709366 4
1 1082763709367 1
1 1082763709369 1
1 1082763709370 4
1 1082763709371 1
1 1082763709373 1
1 1082763709374 4
1 1082763709375 1
1 1082763709377 1
1 1082763709378 4
1 1082763709379 1
1 1082763709420 1
1 1082763709421 4
1 1082763709422 1
1 1082763709424 1
1 1082763709425 4
1 1082763709426 1
1 1082763709428 1
1 1082763709429 4
1 1082763709430 1
1 1082763709432 1
1 1082763709433 4
1 1082763709434 1
1 1082763709436 1
1 1082763709437 4
1 1082763709438 1
1 1082763709440 1
1 1082763709441 4
1 1082763709442 1
1 1082763709484 4
1 1082763709485 1
1 1082763709488 4
1 1082763709489 1
1 1082763709492 4
1 1082763709493 1
1 1082763709496 4
1 1082763709497 1
1 1082763709500 4
1 1082763709501 1
1 1082763709504 4
1 1082763709505 1
1 1082763709534 1
1 1082763709535 1
1 1082763709538 1
1 1082763709539 1
1 1082763709542 1
1 1082763709543 1
1 1082763709546 1
1 1082763709547 1
1 1082763709550 1
1 1082763709551 1
1 1082763709554 1
1 1082763709555 1
1 1082763709644 4
1 1082763709645 1
1 1082763709648 4
1 1082763709649 1
1 1082763709652 4
1 1082763709653 1
1 1082763709656 4
1 1082763709657 1
1 1082763709660 4
1 1082763709661 1
1 1082763709664 4
1 1082763709665 1
1 1082763709694 1
1 1082763709695 1
1 1082763709698 1
1 1082763709699 1
1 1082763709702 1
1 1082763709703 1
1 1082763709706 1
1 1082763709707 1
1 1082763709710 1
1 1082763709711 1
1 1082763709714 1
1 1082763709715 1
1 1082763709757 1
1 1082763709758 4
1 1082763709759 1
1 1082763709761 1
1 1082763709762 4
1 1082763709763 1
1 1082763709765 1
1 1082763709766 4
1 1082763709767 1
1 1082763709769 1
1 1082763709770 4
1 1082763709771 1
1 1082763709773 1
1 1082763709774 4
1 1082763709775 1
1 1082763709777 1
1 1082763709778 4
1 1082763709779 1
1 1082763709820 1
1 1082763709821 4
1 1082763709822 1
1 1082763709824 1
1 1082763709825 4
1 1082763709826 1
1 1082763709828 1
1 1082763709829 4
1 1082763709830 1
1 1082763709832 1
1 1082763709833 4
1 1082763709834 1
1 1082763709836 1
1 1082763709837 4
1 1082763709838 1
1 1082763709840 1
1 1082763709841 4
1 1082763709842 1
1 1082763709884 4
1 1082763709885 1
1 1082763709888 4
1 1082763709889 1
1 1082763709892 4
1 1082763709893 1
1 1082763709896 4
1 1082763709897 1
1 1082763709900 4
1 1082763709901 1
1 1082763709904 4
1 1082763709905 1
1 1082763709934 1
1 1082763709935 1
1 1082763709938 1
1 1082763709939 1
1 1082763709942 1
1 1082763709943 1
1 1082763709946 1
1 1082763709947 1
1 1082763709950 1
1 1082763709951 1
1 1082763709954 1
1 1082763709955 1
1 1082763710044 4
1 1082763710045 1
1 1082763710048 4
1 1082763710049 1
1 1082763710052 4
1 1082763710053 1
1 1082763710056 4
1 1082763710057 1
1 1082763710060 4
1 1082763710061 1
1 1082763710064 4
1 1082763710065 1
1 1082763710094 1
1 1082763710095 1
1 1082763710098 1
1 1082763710099 1
1 1082763710102 1
1 1082763710103 1
1 1082763710106 1
1 1082763710107 1
1 1082763710110 1
1 1082763710111 1
1 1082763710114 1
1 1082763710115 1
1 1082763710157 1
1 1082763710158 4
1 1082763710159 1
1 1082763710161 1
1 1082763710162 4
1 1082763710163 1
1 1082763710165 1
1 1082763710166 4
1 1082763710167 1
1 1082763710169 1
1 1082763710170 4
1 1082763710171 1
1 1082763710173 1
1 1082763710174 4
1 1082763710175 1
1 1082763710177 1
1 1082763710178 4
1 1082763710179 1
1 1082763710220 1
1 1082763710221 4
1 1082763710222 1
1 1082763710224 1
1 1082763710225 4
1 1082763710226 1
1 1082763710228 1
1 1082763710229 4
1 1082763710230 1
1 1082763710232 1
1 1082763710233 4
1 1082763710234 1
1 1082763710236 1
1 1082763710237 4
1 1082763710238 1
1 1082763710240 1
1 1082763710241 4
1 1082763710242 1
1 1082763710284 4
1 1082763710285 1
1 1082763710288 4
1 1082763710289 1
1 1082763710292 4
1 1082763710293 1
1 1082763710296 4
1 1082763710297 1
1 1082763710300 4
1 1082763710301 1
1 1082763710304 4
1 1082763710305 1
1 1082763710334 1
1 1082763710335 1
1 1082763710338 1
1 1082763710339 1
1 1082763710342 1
1 1082763710343 1
1 1082763710346 1
1 1082763710347 1
1 1082763710350 1
1 1082763710351 1
1 1082763710354 1
1 1082763710355 1
1 1082763710444 4
1 1082763710445 1
1 1082763710448 4
1 1082763710449 1
1 1082763710452 4
1 1082763710453 1
1 1082763710456 4
1 1082763710457 1
1 1082763710460 4
1 1082763710461 1
1 1082763710464 4
1 1082763710465 1
1 1082763710494 1
1 1082763710495 1
1 1082763710498 1
1 1082763710499 1
1 1082763710502 1
1 1082763710503 1
1 1082763710506 1
1 1082763710507 1
1 1082763710510 1
1 1082763710511 1
1 1082763710514 1
1 1082763710515 1
1 1082763710557 1
1 1082763710558 4
1 1082763710559 1
1 1082763710561 1
1 1082763710562 4
1 1082763710563 1
1 1082763710565 1
1 1082763710566 4
1 1082763710567 1
1 1082763710569 1
1 1082763710570 4
1 1082763710571 1
1 1082763710573 1
1 1082763710574 4
1 1082763710575 1
1 1082763710577 1
1 1082763710578 4
1 1082763710579 1
1 1082763710620 1
1 1082763710621 4
1 1082763710622 1
1 1082763710624 1
1 1082763710625 4
1 1082763710626 1
1 1082763710628 1
1 1082763710629 4
1 1082763710630 1
1 1082763710632 1
1 1082763710633 4
1 1082763710634 1
1 1082763710636 1
1 1082763710637 4
1 1082763710638 1
1 1082763710640 1
1 1082763710641 4
1 1082763710642 1
1 1082763710684 4
1 1082763710685 1
1 1082763710688 4
1 1082763710689 1
1 1082763710692 4
1 1082763710693 1
1 1082763710696 4
1 1082763710697 1
1 1082763710700 4
1 1082763710701 1
1 1082763710704 4
1 1082763710705 1
1 1082763710734 1
1 1082763710735 1
1 1082763710738 1
1 1082763710739 1
1 1082763710742 1
1 1082763710743 1
1 1082763710746 1
1 1082763710747 1
1 1082763710750 1
1 1082763710751 1
1 1082763710754 1
1 1082763710755 1
1 1082763710844 4
1 1082763710845 1
1 1082763710848 4
1 1082763710849 1
1 1082763710852 4
1 1082763710853 1
1 1082763710856 4
1 1082763710857 1
1 1082763710860 4
1 1082763710861 1
1 1082763710864 4
1 1082763710865 1
1 1082763710894 1
1 1082763710895 1
1 1082763710898 1
1 1082763710899 1
1 1082763710902 1
1 1082763710903 1
1 1082763710906 1
1 1082763710907 1
1 1082763710910 1
1 1082763710911 1
1 1082763710914 1
1 1082763710915 1
1 1082763710957 1
1 1082763710958 4
1 1082763710959 1
1 1082763710961 1
1 1082763710962 4
1 1082763710963 1
1 1082763710965 1
1 1082763710966 4
1 1082763710967 1
1 1082763710969 1
1 1082763710970 4
1 1082763710971 1
1 1082763710973 1
1 1082763710974 4
1 1082763710975 1
1 1082763710977 1
1 1082763710978 4
1 1082763710979 1
1 1082763711020 1
1 1082763711021 4
1 1082763711022 1
1 1082763711024 1
1 1082763711025 4
1 1082763711026 1
1 1082763711028 1
1 1082763711029 4
1 1082763711030 1
1 1082763711032 1
1 1082763711033 4
1 1082763711034 1
1 1082763711036 1
1 1082763711037 4
1 1082763711038 1
1 1082763711040 1
1 1082763711041 4
1 1082763711042 1
1 1082763711084 4
1 1082763711085 1
1 1082763711088 4
1 1082763711089 1
1 1082763711092 4
1 1082763711093 1
1 1082763711096 4
1 1082763711097 1
1 1082763711100 4
1 1082763711101 1
1 1082763711104 4
1 1082763711105 1
1 1082763711134 1
1 1082763711135 1
1 1082763711138 1
1 1082763711139 1
1 1082763711142 1
1 1082763711143 1
1 1082763711146 1
1 1082763711147 1
1 1082763711150 1
1 1082763711151 1
1 1082763711154 1
1 1082763711155 1
1 1082763711244 4
1 1082763711245 1
1 1082763711248 4
1 1082763711249 1
1 1082763711252 4
1 1082763711253 1
1 1082763711256 4
1 1082763711257 1
1 1082763711260 4
1 1082763711261 1
1 1082763711264 4
1 1082763711265 1
1 1082763711294 1
1 1082763711295 1
1 1082763711298 1
1 1082763711299 1
1 1082763711302 1
1 1082763711303 1
1 1082763711306 1
1 1082763711307 1
1 1082763711310 1
1 1082763711311 1
1 1082763711314 1
1 1082763711315 1
1 1082763711357 1
1 1082763711358 4
1 1082763711359 1
1 1082763711361 1
1 1082763711362 4
1 1082763711363 1
1 1082763711365 1
1 1082763711366 4
1 1082763711367 1
1 1082763711369 1
1 1082763711370 4
1 1082763711371 1
1 1082763711373 1
1 1082763711374 4
1 1082763711375 1
1 1082763711377 1
1 1082763711378 4
1 1082763711379 1
1 1082763711420 1
1 1082763711421 4
1 1082763711422 1
1 1082763711424 1
1 1082763711425 4
1 1082763711426 1
1 1082763711428 1
1 1082763711429 4
1 1082763711430 1
1 1082763711432 1
1 1082763711433 4
1 1082763711434 1
1 1082763711436 1
1 1082763711437 4
1 1082763711438 1
1 1082763711440 1
1 1082763711441 4
1 1082763711442 1
1 1082763711484 4
1 1082763711485 1
1 1082763711488 4
1 1082763711489 1
1 1082763711492 4
1 1082763711493 1
1 1082763711496 4
1 1082763711497 1
1 1082763711500 4
1 1082763711501 1
1 1082763711504 4
1 1082763711505 1
1 1082763711534 1
1 1082763711535 1
1 1082763711538 1
1 1082763711539 1
1 1082763711542 1
1 1082763711543 1
1 1082763711546 1
1 1082763711547 1
1 1082763711550 1
1 1082763711551 1
1 1082763711554 1
1 1082763711555 1
1 1082763711644 4
1 1082763711645 1
1 1082763711648 4
1 1082763711649 1
1 1082763711652 4
1 1082763711653 1
1 1082763711656 4
1 1082763711657 1
1 1082763711660 4
1 1082763711661 1
1 1082763711664 4
1 1082763711665 1
1 1082763711694 1
1 1082763711695 1
1 1082763711698 1
1 1082763711699 1
1 1082763711702 1
1 1082763711703 1
1 1082763711706 1
1 1082763711707 1
1 1082763711710 1
1 1082763711711 1
1 1082763711714 1
1 1082763711715 1
1 1082763711757 1
1 1082763711758 4
1 1082763711759 1
1 1082763711761 1
1 1082763711762 4
1 1082763711763 1
1 1082763711765 1
1 1082763711766 4
1 1082763711767 1
1 1082763711769 1
1 1082763711770 4
1 1082763711771 1
1 1082763711773 1
1 1082763711774 4
1 1082763711775 1
1 1082763711777 1
1 1082763711778 4
1 1082763711779 1
1 1082763711820 1
1 1082763711821 4
1 1082763711822 1
1 1082763711824 1
1 1082763711825 4
1 1082763711826 1
1 1082763711828 1
1 1082763711829 4
1 1082763711830 1
1 1082763711832 1
1 1082763711833 4
1 1082763711834 1
1 1082763711836 1
1 1082763711837 4
1 1082763711838 1
1 1082763711840 1
1 1082763711841 4
1 1082763711842 1
1 1082763711884 4
1 1082763711885 1
1 1082763711888 4
1 1082763711889 1
1 1082763711892 4
1 1082763711893 1
1 1082763711896 4
1 1082763711897 1
1 1082763711900 4
1 1082763711901 1
1 1082763711904 4
1 1082763711905 1
1 1082763711934 1
1 1082763711935 1
1 1082763711938 1
1 1082763711939 1
1 1082763711942 1
1 1082763711943 1
1 1082763711946 1
1 1082763711947 1
1 1082763711950 1
1 1082763711951 1
1 1082763711954 1
1 1082763711955 1
1 1082763712044 4
1 1082763712045 1
1 1082763712048 4
1 1082763712049 1
1 1082763712052 4
1 1082763712053 1
1 1082763712056 4
1 1082763712057 1
1 1082763712060 4
1 1082763712061 1
1 1082763712064 4
1 1082763712065 1
1 1082763712094 1
1 1082763712095 1
1 1082763712098 1
1 1082763712099 1
1 1082763712102 1
1 1082763712103 1
1 1082763712106 1
1 1082763712107 1
1 1082763712110 1
1 1082763712111 1
1 1082763712114 1
1 1082763712115 1
1 1082763712157 1
1 1082763712158 4
1 1082763712159 1
1 1082763712161 1
1 1082763712162 4
1 1082763712163 1
1 1082763712165 1
1 1082763712166 4
1 1082763712167 1
1 1082763712169 1
1 1082763712170 4
1 1082763712171 1
1 1082763712173 1
1 1082763712174 4
1 1082763712175 1
1 1082763712177 1
1 1082763712178 4
1 1082763712179 1
1 1082763712220 1
1 1082763712221 4
1 1082763712222 1
1 1082763712224 1
1 1082763712225 4
1 1082763712226 1
1 1082763712228 1
1 1082763712229 4
1 1082763712230 1
1 1082763712232 1
1 1082763712233 4
1 1082763712234 1
1 1082763712236 1
1 1082763712237 4
1 1082763712238 1
1 1082763712240 1
1 1082763712241 4
1 1082763712242 1
1 1082763712284 4
1 1082763712285 1
1 1082763712288 4
1 1082763712289 1
1 1082763712292 4
1 1082763712293 1
1 1082763712296 4
1 1082763712297 1
1 1082763712300 4
1 1082763712301 1
1 1082763712304 4
1 1082763712305 1
1 1082763712334 1
1 1082763712335 1
1 1082763712338 1
1 1082763712339 1
1 1082763712342 1
1 1082763712343 1
1 1082763712346 1
1 1082763712347 1
1 1082763712350 1
1 1082763712351 1
1 1082763712354 1
1 1082763712355 1
1 1082763712444 4
1 1082763712445 1
1 1082763712448 4
1 1082763712449 1
1 1082763712452 4
1 1082763712453 1
1 1082763712456 4
1 1082763712457 1
1 1082763712460 4
1 1082763712461 1
1 1082763712464 4
1 1082763712465 1
1 1082763712494 1
1 1082763712495 1
1 1082763712498 1
1 1082763712499 1
1 1082763712502 1
1 1082763712503 1
1 1082763712506 1
1 1082763712507 1
1 1082763712510 1
1 1082763712511 1
1 1082763712514 1
1 1082763712515 1
1 1082763712557 1
1 1082763712558 4
1 1082763712559 1
1 1082763712561 1
1 1082763712562 4
1 1082763712563 1
1 1082763712565 1
1 1082763712566 4
1 1082763712567 1
1 1082763712569 1
1 1082763712570 4
1 1082763712571 1
1 1082763712573 1
1 1082763712574 4
1 1082763712575 1
1 1082763712577 1
1 1082763712578 4
1 1082763712579 1
1 1082763712620 1
1 1082763712621 4
1 1082763712622 1
1 1082763712624 1
1 1082763712625 4
1 1082763712626 1
1 1082763712628 1
1 1082763712629 4
1 1082763712630 1
1 1082763712632 1
1 1082763712633 4
1 1082763712634 1
1 1082763712636 1
1 1082763712637 4
1 1082763712638 1
1 1082763712640 1
1 1082763712641 4
1 1082763712642 1
1 1082763712684 4
1 1082763712685 1
1 1082763712688 4
1 1082763712689 1
1 1082763712692 4
1 1082763712693 1
1 1082763712696 4
1 1082763712697 1
1 1082763712700 4
1 1082763712701 1
1 1082763712704 4
1 1082763712705 1
1 1082763712734 1
1 1082763712735 1
1 1082763712738 1
1 1082763712739 1
1 1082763712742 1
1 1082763712743 1
1 1082763712746 1
1 1082763712747 1
1 1082763712750 1
1 1082763712751 1
1 1082763712754 1
1 1082763712755 1
1 1082763712844 4
1 1082763712845 1
1 1082763712848 4
1 1082763712849 1
1 1082763712852 4
1 1082763712853 1
1 1082763712856 4
1 1082763712857 1
1 1082763712860 4
1 1082763712861 1
1 1082763712864 4
1 1082763712865 1
1 1082763712894 1
1 1082763712895 1
1 1082763712898 1
1 1082763712899 1
1 1082763712902 1
1 1082763712903 1
1 1082763712906 1
1 1082763712907 1
1 1082763712910 1
1 1082763712911 1
1 1082763712914 1
1 1082763712915 1
1 1082763712957 1
1 1082763712958 4
1 1082763712959 1
1 1082763712961 1
1 1082763712962 4
1 1082763712963 1
1 1082763712965 1
1 1082763712966 4
1 1082763712967 1
1 1082763712969 1
1 1082763712970 4
1 1082763712971 1
1 1082763712973 1
1 1082763712974 4
1 1082763712975 1
1 1082763712977 1
1 1082763712978 4
1 1082763712979 1
1 1082763713020 1
1 1082763713021 4
1 1082763713022 1
1 1082763713024 1
1 1082763713025 4
1 1082763713026 1
1 1082763713028 1
1 1082763713029 4
1 1082763713030 1
1 1082763713032 1
1 1082763713033 4
1 1082763713034 1
1 1082763713036 1
1 1082763713037 4
1 1082763713038 1
1 1082763713040 1
1 1082763713041 4
1 1082763713042 1
1 1082763713084 4
1 1082763713085 1
1 1082763713088 4
1 1082763713089 1
1 1082763713092 4
1 1082763713093 1
1 1082763713096 4
1 1082763713097 1
1 1082763713100 4
1 1082763713101 1
1 1082763713104 4
1 1082763713105 1
1 1082763713134 1
1 1082763713135 1
1 1082763713138 1
1 1082763713139 1
1 1082763713142 1
1 1082763713143 1
1 1082763713146 1
1 1082763713147 1
1 1082763713150 1
1 1082763713151 1
1 1082763713154 1
1 1082763713155 1
1 1082763713244 4
1 1082763713245 1
1 1082763713248 4
1 1082763713249 1
1 1082763713252 4
1 1082763713253 1
1 1082763713256 4
1 1082763713257 1
1 1082763713260 4
1 1082763713261 1
1 1082763713264 4
1 1082763713265 1
1 1082763713294 1
1 1082763713295 1
1 1082763713298 1
1 1082763713299 1
1 1082763713302 1
1 1082763713303 1
1 1082763713306 1
1 1082763713307 1
1 1082763713310 1
1 1082763713311 1
1 1082763713314 1
1 1082763713315 1
1 1082763713357 1
1 1082763713358 4
1 1082763713359 1
1 1082763713361 1
1 1082763713362 4
1 1082763713363 1
1 1082763713365 1
1 1082763713366 4
1 1082763713367 1
1 1082763713369 1
1 1082763713370 4
1 1082763713371 1
1 1082763713373 1
1 1082763713374 4
1 1082763713375 1
1 1082763713377 1
1 1082763713378 4
1 1082763713379 1
1 1082763713420 1
1 1082763713421 4
1 1082763713422 1
1 1082763713424 1
1 1082763713425 4
1 1082763713426 1
1 1082763713428 1
1 1082763713429 4
1 1082763713430 1
1 1082763713432 1
1 1082763713433 4
1 1082763713434 1
1 1082763713436 1
1 1082763713437 4
1 1082763713438 1
1 1082763713440 1
1 1082763713441 4
1 1082763713442 1
1 1082763713484 4
1 1082763713485 1
1 1082763713488 4
1 1082763713489 1
1 1082763713492 4
1 1082763713493 1
1 1082763713496 4
1 1082763713497 1
1 1082763713500 4
1 1082763713501 1
1 1082763713504 4
1 1082763713505 1
1 1082763713534 1
1 1082763713535 1
1 1082763713538 1
1 1082763713539 1
1 1082763713542 1
1 1082763713543 1
1 1082763713546 1
1 1082763713547 1
1 1082763713550 1
1 1082763713551 1
1 1082763713554 1
1 1082763713555 1
