1 1082763673612 1
1 1082763673613 4
1 1082763673614 1
1 1082763673616 1
1 1082763673617 4
1 1082763673618 1
1 1082763673620 1
1 1082763673621 4
1 1082763673622 1
1 1082763673624 1
1 1082763673625 4
1 1082763673626 1
1 1082763673628 1
1 1082763673629 4
1 1082763673630 1
1 1082763673632 1
1 1082763673633 4
1 1082763673634 1
1 1082763673676 4
1 1082763673677 1
1 1082763673680 4
1 1082763673681 1
1 1082763673684 4
1 1082763673685 1
1 1082763673688 4
1 1082763673689 1
1 1082763673692 4
1 1082763673693 1
1 1082763673696 4
1 1082763673697 1
1 1082763673726 1
1 1082763673727 1
1 1082763673730 1
1 1082763673731 1
1 1082763673734 1
1 1082763673735 1
1 1082763673738 1
1 1082763673739 1
1 1082763673742 1
1 1082763673743 1
1 1082763673746 1
1 1082763673747 1
1 1082763673789 1
1 1082763673790 4
1 1082763673791 1
1 1082763673793 1
1 1082763673794 31
1 1082763673795 1
1 1082763673797 1
1 1082763673798 4
1 1082763673799 1
1 1082763673801 1
1 1082763673802 4
1 1082763673803 1
1 1082763673805 1
1 1082763673806 4
1 1082763673807 1
1 1082763673809 1
1 1082763673810 4
1 1082763673811 1
1 1082763673852 1
1 1082763673853 4
1 1082763673854 1
1 1082763673856 1
1 1082763673857 4
1 1082763673858 1
1 1082763673860 1
1 1082763673861 4
1 1082763673862 1
1 1082763673864 1
1 1082763673865 4
1 1082763673866 1
1 1082763673868 1
1 1082763673869 4
1 1082763673870 1
1 1082763673872 1
1 1082763673873 4
1 1082763673874 1
1 1082763673916 4
1 1082763673917 1
1 1082763673920 4
1 1082763673921 1
1 1082763673924 4
1 1082763673925 1
1 1082763673928 121
1 1082763673929 1
1 1082763673932 4
1 1082763673933 1
1 1082763673936 4
1 1082763673937 1
1 1082763673966 1
1 1082763673967 1
1 1082763673970 1
1 1082763673971 1
1 1082763673974 1
1 1082763673975 16
1 1082763673978 1
1 1082763673979 1
1 1082763673982 1
1 1082763673983 1
1 1082763673986 1
1 1082763673987 4
1 1082763674012 1
1 1082763674013 4
1 1082763674014 1
1 1082763674016 1
1 1082763674017 4
1 1082763674018 1
1 1082763674020 1
1 1082763674021 4
1 1082763674022 1
1 1082763674024 1
1 1082763674025 4
1 1082763674026 1
1 1082763674028 1
1 1082763674029 4
1 1082763674030 1
1 1082763674032 1
1 1082763674033 4
1 1082763674034 1
1 1082763674076 4
1 1082763674077 1
1 1082763674080 4
1 1082763674081 1
1 1082763674084 4
1 1082763674085 1
1 1082763674088 4
1 1082763674089 1
1 1082763674092 4
1 1082763674093 1
1 1082763674096 4
1 1082763674097 1
1 1082763674126 1
1 1082763674127 1
1 1082763674130 1
1 1082763674131 1
1 1082763674134 1
1 1082763674135 1
1 1082763674138 1
1 1082763674139 1
1 1082763674142 1
1 1082763674143 1
1 1082763674146 1
1 1082763674147 1
1 1082763674189 1
1 1082763674190 4
1 1082763674191 1
1 1082763674193 1
1 1082763674194 4
1 1082763674195 1
1 1082763674197 1
1 1082763674198 4
1 1082763674199 1
1 1082763674201 1
1 1082763674202 4
1 1082763674203 1
1 1082763674205 1
1 1082763674206 4
1 1082763674207 1
1 1082763674209 1
1 1082763674210 4
1 1082763674211 1
1 1082763674252 1
1 1082763674253 4
1 1082763674254 1
1 1082763674256 1
1 1082763674257 4
1 1082763674258 1
1 1082763674260 1
1 1082763674261 176
1 1082763674262 1
1 1082763674264 1
1 1082763674265 4
1 1082763674266 1
1 1082763674268 1
1 1082763674269 4
1 1082763674270 1
1 1082763674272 1
1 1082763674273 4
1 1082763674274 1
1 1082763674316 4
1 1082763674317 1
1 1082763674320 4
1 1082763674321 1
1 1082763674324 4
1 1082763674325 1
1 1082763674328 4
1 1082763674329 1
1 1082763674332 4
1 1082763674333 1
1 1082763674336 4
1 1082763674337 1
1 1082763674366 1
1 1082763674367 1
1 1082763674370 1
1 1082763674371 1
1 1082763674374 1
1 1082763674375 1
1 1082763674378 1
1 1082763674379 1
1 1082763674382 1
1 1082763674383 1
1 1082763674386 1
1 1082763674387 1
1 1082763674412 1
1 1082763674413 4
1 1082763674414 1
1 1082763674416 1
1 1082763674417 4
1 1082763674418 1
1 1082763674420 1
1 1082763674421 4
1 1082763674422 1
1 1082763674424 1
1 1082763674425 4
1 1082763674426 1
1 1082763674428 1
1 1082763674429 4
1 1082763674430 1
1 1082763674432 1
1 1082763674433 4
1 1082763674434 1
1 1082763674476 4
1 1082763674477 1
1 1082763674480 4
1 1082763674481 1
1 1082763674484 4
1 1082763674485 1
1 1082763674488 4
1 1082763674489 1
1 1082763674492 4
1 1082763674493 1
1 1082763674496 4
1 1082763674497 1
1 1082763674526 1
1 1082763674527 1
1 1082763674530 1
1 1082763674531 1
1 1082763674534 1
1 1082763674535 1
1 1082763674538 1
1 1082763674539 1
1 1082763674542 1
1 1082763674543 1
1 1082763674546 1
1 1082763674547 1
1 1082763674589 1
1 1082763674590 4
1 1082763674591 1
1 1082763674593 1
1 1082763674594 4
1 1082763674595 1
1 1082763674597 1
1 1082763674598 4
1 1082763674599 1
1 1082763674601 1
1 1082763674602 4
1 1082763674603 1
1 1082763674605 1
1 1082763674606 4
1 1082763674607 1
1 1082763674609 1
1 1082763674610 4
1 1082763674611 1
1 1082763674652 1
1 1082763674653 4
1 1082763674654 1
1 1082763674656 1
1 1082763674657 4
1 1082763674658 1
1 1082763674660 1
1 1082763674661 4
1 1082763674662 1
1 1082763674664 1
1 1082763674665 4
1 1082763674666 1
1 1082763674668 1
1 1082763674669 4
1 1082763674670 1
1 1082763674672 1
1 1082763674673 4
1 1082763674674 1
1 1082763674716 4
1 1082763674717 1
1 1082763674720 4
1 1082763674721 1
1 1082763674724 4
1 1082763674725 1
1 1082763674728 4
1 1082763674729 1
1 1082763674732 4
1 1082763674733 1
1 1082763674736 4
1 1082763674737 1
1 1082763674766 1
1 1082763674767 1
1 1082763674770 1
1 1082763674771 1
1 1082763674774 1
1 1082763674775 1
1 1082763674778 1
1 1082763674779 1
1 1082763674782 1
1 1082763674783 1
1 1082763674786 1
1 1082763674787 1
1 1082763674812 1
1 1082763674813 4
1 1082763674814 1
1 1082763674816 1
1 1082763674817 4
1 1082763674818 1
1 1082763674820 1
1 1082763674821 4
1 1082763674822 1
1 1082763674824 1
1 1082763674825 4
1 1082763674826 1
1 1082763674828 1
1 1082763674829 4
1 1082763674830 1
1 1082763674832 1
1 1082763674833 4
1 1082763674834 1
1 1082763674876 4
1 1082763674877 1
1 1082763674880 4
1 1082763674881 1
1 1082763674884 4
1 1082763674885 1
1 1082763674888 4
1 1082763674889 1
1 1082763674892 4
1 1082763674893 1
1 1082763674896 4
1 1082763674897 1
1 1082763674926 1
1 1082763674927 1
1 1082763674930 1
1 1082763674931 1
1 1082763674934 1
1 1082763674935 1
1 1082763674938 1
1 1082763674939 1
1 1082763674942 1
1 1082763674943 1
1 1082763674946 1
1 1082763674947 1
1 1082763674989 1
1 1082763674990 4
1 1082763674991 1
1 1082763674993 1
1 1082763674994 4
1 1082763674995 1
1 1082763674997 1
1 1082763674998 4
1 1082763674999 1
1 1082763675001 1
1 1082763675002 4
1 1082763675003 1
1 1082763675005 1
1 1082763675006 4
1 1082763675007 1
1 1082763675009 1
1 1082763675010 4
1 1082763675011 1
1 1082763675052 1
1 1082763675053 4
1 1082763675054 1
1 1082763675056 1
1 1082763675057 4
1 1082763675058 1
1 1082763675060 1
1 1082763675061 4
1 1082763675062 1
1 1082763675064 1
1 1082763675065 4
1 1082763675066 1
1 1082763675068 1
1 1082763675069 4
1 1082763675070 1
1 1082763675072 1
1 1082763675073 4
1 1082763675074 1
1 1082763675116 4
1 1082763675117 1
1 1082763675120 4
1 1082763675121 1
1 1082763675124 4
1 1082763675125 1
1 1082763675128 4
1 1082763675129 1
1 1082763675132 4
1 1082763675133 1
1 1082763675136 4
1 1082763675137 1
1 1082763675166 1
1 1082763675167 1
1 1082763675170 1
1 1082763675171 1
1 1082763675174 1
1 1082763675175 1
1 1082763675178 1
1 1082763675179 1
1 1082763675182 1
1 1082763675183 1
1 1082763675186 1
1 1082763675187 1
1 1082763675212 1
1 1082763675213 4
1 1082763675214 1
1 1082763675216 1
1 1082763675217 4
1 1082763675218 1
1 1082763675220 1
1 1082763675221 4
1 1082763675222 1
1 1082763675224 1
1 1082763675225 4
1 1082763675226 1
1 1082763675228 1
1 1082763675229 4
1 1082763675230 1
1 1082763675232 1
1 1082763675233 4
1 1082763675234 1
1 1082763675276 4
1 1082763675277 1
1 1082763675280 4
1 1082763675281 1
1 1082763675284 4
1 1082763675285 1
1 1082763675288 4
1 1082763675289 1
1 1082763675292 4
1 1082763675293 1
1 1082763675296 4
1 1082763675297 1
1 1082763675326 1
1 1082763675327 1
1 1082763675330 1
1 1082763675331 1
1 1082763675334 1
1 1082763675335 1
1 1082763675338 1
1 1082763675339 1
1 1082763675342 1
1 1082763675343 1
1 1082763675346 1
1 1082763675347 1
1 1082763675389 1
1 1082763675390 4
1 1082763675391 1
1 1082763675393 1
1 1082763675394 4
1 1082763675395 1
1 1082763675397 1
1 1082763675398 4
1 1082763675399 1
1 1082763675401 1
1 1082763675402 4
1 1082763675403 1
1 1082763675405 1
1 1082763675406 4
1 1082763675407 1
1 1082763675409 1
1 1082763675410 4
1 1082763675411 1
1 1082763675452 1
1 1082763675453 4
1 1082763675454 1
1 1082763675456 1
1 1082763675457 4
1 1082763675458 1
1 1082763675460 1
1 1082763675461 4
1 1082763675462 1
1 1082763675464 1
1 1082763675465 4
1 1082763675466 1
1 1082763675468 1
1 1082763675469 4
1 1082763675470 1
1 1082763675472 1
1 1082763675473 4
1 1082763675474 1
1 1082763675516 4
1 1082763675517 1
1 1082763675520 4
1 1082763675521 1
1 1082763675524 4
1 1082763675525 1
1 1082763675528 4
1 1082763675529 1
1 1082763675532 4
1 1082763675533 1
1 1082763675536 4
1 1082763675537 1
1 1082763675566 1
1 1082763675567 1
1 1082763675570 1
1 1082763675571 1
1 1082763675574 1
1 1082763675575 1
1 1082763675578 1
1 1082763675579 1
1 1082763675582 1
1 1082763675583 1
1 1082763675586 1
1 1082763675587 1
1 1082763675612 1
1 1082763675613 4
1 1082763675614 1
1 1082763675616 1
1 1082763675617 4
1 1082763675618 1
1 1082763675620 1
1 1082763675621 4
1 1082763675622 1
1 1082763675624 1
1 1082763675625 4
1 1082763675626 1
1 1082763675628 1
1 1082763675629 4
1 1082763675630 1
1 1082763675632 1
1 1082763675633 4
1 1082763675634 1
1 1082763675676 4
1 1082763675677 1
1 1082763675680 4
1 1082763675681 1
1 1082763675684 4
1 1082763675685 1
1 1082763675688 4
1 1082763675689 1
1 1082763675692 4
1 1082763675693 1
1 1082763675696 4
1 1082763675697 1
1 1082763675726 1
1 1082763675727 1
1 1082763675730 1
1 1082763675731 1
1 1082763675734 1
1 1082763675735 1
1 1082763675738 1
1 1082763675739 1
1 1082763675742 1
1 1082763675743 1
1 1082763675746 1
1 1082763675747 1
1 1082763675789 1
1 1082763675790 4
1 1082763675791 1
1 1082763675793 1
1 1082763675794 4
1 1082763675795 1
1 1082763675797 1
1 1082763675798 4
1 1082763675799 1
1 1082763675801 1
1 1082763675802 4
1 1082763675803 1
1 1082763675805 1
1 1082763675806 4
1 1082763675807 1
1 1082763675809 1
1 1082763675810 4
1 1082763675811 1
1 1082763675852 1
1 1082763675853 4
1 1082763675854 1
1 1082763675856 1
1 1082763675857 4
1 1082763675858 1
1 1082763675860 1
1 1082763675861 4
1 1082763675862 1
1 1082763675864 1
1 1082763675865 4
1 1082763675866 1
1 1082763675868 1
1 1082763675869 4
1 1082763675870 1
1 1082763675872 1
1 1082763675873 4
1 1082763675874 1
1 1082763675916 4
1 1082763675917 1
1 1082763675920 4
1 1082763675921 1
1 1082763675924 4
1 1082763675925 1
1 1082763675928 4
1 1082763675929 1
1 1082763675932 4
1 1082763675933 1
1 1082763675936 4
1 1082763675937 1
1 1082763675966 1
1 1082763675967 1
1 1082763675970 1
1 1082763675971 1
1 1082763675974 1
1 1082763675975 1
1 1082763675978 1
1 1082763675979 1
1 1082763675982 1
1 1082763675983 1
1 1082763675986 1
1 1082763675987 1
1 1082763676012 1
1 1082763676013 4
1 1082763676014 1
1 1082763676016 1
1 1082763676017 4
1 1082763676018 1
1 1082763676020 1
1 1082763676021 4
1 1082763676022 1
1 1082763676024 1
1 1082763676025 4
1 1082763676026 1
1 1082763676028 1
1 1082763676029 4
1 1082763676030 1
1 1082763676032 1
1 1082763676033 4
1 1082763676034 1
1 1082763676076 4
1 1082763676077 1
1 1082763676080 4
1 1082763676081 1
1 1082763676084 4
1 1082763676085 1
1 1082763676088 4
1 1082763676089 1
1 1082763676092 4
1 1082763676093 1
1 1082763676096 4
1 1082763676097 1
1 1082763676126 1
1 1082763676127 1
1 1082763676130 1
1 1082763676131 1
1 1082763676134 1
1 1082763676135 1
1 1082763676138 1
1 1082763676139 1
1 1082763676142 1
1 1082763676143 1
1 1082763676146 1
1 1082763676147 1
1 1082763676189 1
1 1082763676190 4
1 1082763676191 1
1 1082763676193 1
1 1082763676194 4
1 1082763676195 1
1 1082763676197 1
1 1082763676198 4
1 1082763676199 1
1 1082763676201 1
1 1082763676202 4
1 1082763676203 1
1 1082763676205 1
1 1082763676206 4
1 1082763676207 1
1 1082763676209 1
1 1082763676210 4
1 1082763676211 1
1 1082763676252 1
1 1082763676253 4
1 1082763676254 1
1 1082763676256 1
1 1082763676257 4
1 1082763676258 1
1 1082763676260 1
1 1082763676261 4
1 1082763676262 1
1 1082763676264 1
1 1082763676265 4
1 1082763676266 1
1 1082763676268 1
1 1082763676269 4
1 1082763676270 1
1 1082763676272 1
1 1082763676273 4
1 1082763676274 1
1 1082763676316 4
1 1082763676317 1
1 1082763676320 4
1 1082763676321 1
1 1082763676324 4
1 1082763676325 1
1 1082763676328 4
1 1082763676329 1
1 1082763676332 4
1 1082763676333 1
1 1082763676336 4
1 1082763676337 1
1 1082763676366 1
1 1082763676367 1
1 1082763676370 1
1 1082763676371 1
1 1082763676374 1
1 1082763676375 1
1 1082763676378 1
1 1082763676379 1
1 1082763676382 1
1 1082763676383 1
1 1082763676386 1
1 1082763676387 1
1 1082763676412 1
1 1082763676413 4
1 1082763676414 1
1 1082763676416 1
1 1082763676417 4
1 1082763676418 1
1 1082763676420 1
1 1082763676421 4
1 1082763676422 1
1 1082763676424 1
1 1082763676425 4
1 1082763676426 1
1 1082763676428 1
1 1082763676429 4
1 1082763676430 1
1 1082763676432 1
1 1082763676433 4
1 1082763676434 1
1 1082763676476 4
1 1082763676477 1
1 1082763676480 4
1 1082763676481 1
1 1082763676484 4
1 1082763676485 1
1 1082763676488 4
1 1082763676489 1
1 1082763676492 4
1 1082763676493 1
1 1082763676496 4
1 1082763676497 1
1 1082763676526 1
1 1082763676527 1
1 1082763676530 1
1 1082763676531 1
1 1082763676534 1
1 1082763676535 1
1 1082763676538 1
1 1082763676539 1
1 1082763676542 1
1 1082763676543 1
1 1082763676546 1
1 1082763676547 1
1 1082763676589 1
1 1082763676590 4
1 1082763676591 1
1 1082763676593 1
1 1082763676594 4
1 1082763676595 1
1 1082763676597 1
1 1082763676598 4
1 1082763676599 1
1 1082763676601 1
1 1082763676602 4
1 1082763676603 1
1 1082763676605 1
1 1082763676606 4
1 1082763676607 1
1 1082763676609 1
1 1082763676610 4
1 1082763676611 1
1 1082763676652 1
1 1082763676653 4
1 1082763676654 1
1 1082763676656 1
1 1082763676657 4
1 1082763676658 1
1 1082763676660 1
1 1082763676661 4
1 1082763676662 1
1 1082763676664 1
1 1082763676665 4
1 1082763676666 1
1 1082763676668 1
1 1082763676669 4
1 1082763676670 1
1 1082763676672 1
1 1082763676673 4
1 1082763676674 1
1 1082763676716 4
1 1082763676717 1
1 1082763676720 4
1 1082763676721 1
1 1082763676724 4
1 1082763676725 1
1 1082763676728 4
1 1082763676729 1
1 1082763676732 4
1 1082763676733 1
1 1082763676736 4
1 1082763676737 1
1 1082763676766 1
1 1082763676767 1
1 1082763676770 1
1 1082763676771 1
1 1082763676774 1
1 1082763676775 1
1 1082763676778 1
1 1082763676779 1
1 1082763676782 1
1 1082763676783 1
1 1082763676786 1
1 1082763676787 1
1 1082763676812 1
1 1082763676813 4
1 1082763676814 1
1 1082763676816 1
1 1082763676817 4
1 1082763676818 1
1 1082763676820 1
1 1082763676821 4
1 1082763676822 1
1 1082763676824 1
1 1082763676825 4
1 1082763676826 1
1 1082763676828 1
1 1082763676829 4
1 1082763676830 1
1 1082763676832 1
1 1082763676833 4
1 1082763676834 1
1 1082763676876 4
1 1082763676877 1
1 1082763676880 4
1 1082763676881 1
1 1082763676884 4
1 1082763676885 1
1 1082763676888 4
1 1082763676889 1
1 1082763676892 4
1 1082763676893 1
1 1082763676896 4
1 1082763676897 1
1 1082763676926 1
1 1082763676927 1
1 1082763676930 1
1 1082763676931 1
1 1082763676934 1
1 1082763676935 1
1 1082763676938 1
1 1082763676939 1
1 1082763676942 1
1 1082763676943 1
1 1082763676946 1
1 1082763676947 1
1 1082763676989 1
1 1082763676990 4
1 1082763676991 1
1 1082763676993 1
1 1082763676994 4
1 1082763676995 1
1 1082763676997 1
1 1082763676998 4
1 1082763676999 1
1 1082763677001 1
1 1082763677002 4
1 1082763677003 1
1 1082763677005 1
1 1082763677006 4
1 1082763677007 1
1 1082763677009 1
1 1082763677010 4
1 1082763677011 1
1 1082763677052 1
1 1082763677053 4
1 1082763677054 1
1 1082763677056 1
1 1082763677057 4
1 1082763677058 1
1 1082763677060 1
1 1082763677061 4
1 1082763677062 1
1 1082763677064 1
1 1082763677065 4
1 1082763677066 1
1 1082763677068 1
1 1082763677069 4
1 1082763677070 1
1 1082763677072 1
1 1082763677073 4
1 1082763677074 1
1 1082763677116 4
1 1082763677117 1
1 1082763677120 4
1 1082763677121 1
1 1082763677124 4
1 1082763677125 1
1 1082763677128 4
1 1082763677129 1
1 1082763677132 4
1 1082763677133 1
1 1082763677136 4
1 1082763677137 1
1 1082763677166 1
1 1082763677167 1
1 1082763677170 1
1 1082763677171 1
1 1082763677174 1
1 1082763677175 1
1 1082763677178 1
1 1082763677179 1
1 1082763677182 1
1 1082763677183 1
1 1082763677186 1
1 1082763677187 1
1 1082763677212 1
1 1082763677213 4
1 1082763677214 1
1 1082763677216 1
1 1082763677217 4
1 1082763677218 1
1 1082763677220 1
1 1082763677221 4
1 1082763677222 1
1 1082763677224 1
1 1082763677225 4
1 1082763677226 1
1 1082763677228 1
1 1082763677229 4
1 1082763677230 1
1 1082763677232 1
1 1082763677233 4
1 1082763677234 1
1 1082763677276 4
1 1082763677277 1
1 1082763677280 4
1 1082763677281 1
1 1082763677284 4
1 1082763677285 1
1 1082763677288 4
1 1082763677289 1
1 1082763677292 4
1 1082763677293 1
1 1082763677296 4
1 1082763677297 1
1 1082763677326 1
1 1082763677327 1
1 1082763677330 1
1 1082763677331 1
1 1082763677334 1
1 1082763677335 1
1 1082763677338 1
1 1082763677339 1
1 1082763677342 1
1 1082763677343 1
1 1082763677346 1
1 1082763677347 1
1 1082763677389 1
1 1082763677390 4
1 1082763677391 1
1 1082763677393 1
1 1082763677394 4
1 1082763677395 1
1 1082763677397 1
1 1082763677398 4
1 1082763677399 1
1 1082763677401 1
1 1082763677402 4
1 1082763677403 1
1 1082763677405 1
1 1082763677406 4
1 1082763677407 1
1 1082763677409 1
1 1082763677410 4
1 1082763677411 1
1 1082763677452 1
1 1082763677453 4
1 1082763677454 1
1 1082763677456 1
1 1082763677457 4
1 1082763677458 1
1 1082763677460 1
1 1082763677461 4
1 1082763677462 1
1 1082763677464 1
1 1082763677465 4
1 1082763677466 1
1 1082763677468 1
1 1082763677469 4
1 1082763677470 1
1 1082763677472 1
1 1082763677473 4
1 1082763677474 1
1 1082763677516 4
1 1082763677517 1
1 1082763677520 4
1 1082763677521 1
1 1082763677524 4
1 1082763677525 1
1 1082763677528 4
1 1082763677529 1
1 1082763677532 4
1 1082763677533 1
1 1082763677536 4
1 1082763677537 1
1 1082763677566 1
1 1082763677567 1
1 1082763677570 1
1 1082763677571 1
1 1082763677574 1
1 1082763677575 1
1 1082763677578 1
1 1082763677579 1
1 1082763677582 1
1 1082763677583 1
1 1082763677586 1
1 1082763677587 1
1 1082763677612 1
1 1082763677613 4
1 1082763677614 1
1 1082763677616 1
1 1082763677617 4
1 1082763677618 1
1 1082763677620 1
1 1082763677621 4
1 1082763677622 1
1 1082763677624 1
1 1082763677625 4
1 1082763677626 1
1 1082763677628 1
1 1082763677629 4
1 1082763677630 1
1 1082763677632 1
1 1082763677633 4
1 1082763677634 1
1 1082763677676 4
1 1082763677677 1
1 1082763677680 4
1 1082763677681 1
1 1082763677684 4
1 1082763677685 1
1 1082763677688 4
1 1082763677689 1
1 1082763677692 4
1 1082763677693 1
1 1082763677696 4
1 1082763677697 1
1 1082763677726 1
1 1082763677727 1
1 1082763677730 1
1 1082763677731 1
1 1082763677734 1
1 1082763677735 1
1 1082763677738 1
1 1082763677739 1
1 1082763677742 1
1 1082763677743 1
1 1082763677746 1
1 1082763677747 1
1 1082763677789 1
1 1082763677790 4
1 1082763677791 1
1 1082763677793 1
1 1082763677794 4
1 1082763677795 1
1 1082763677797 1
1 1082763677798 4
1 1082763677799 1
1 1082763677801 1
1 1082763677802 4
1 1082763677803 1
1 1082763677805 1
1 1082763677806 4
1 1082763677807 1
1 1082763677809 1
1 1082763677810 4
1 1082763677811 1
1 1082763677852 1
1 1082763677853 4
1 1082763677854 1
1 1082763677856 1
1 1082763677857 4
1 1082763677858 1
1 1082763677860 1
1 1082763677861 4
1 1082763677862 1
1 1082763677864 1
1 1082763677865 4
1 1082763677866 1
1 1082763677868 1
1 1082763677869 4
1 1082763677870 1
1 1082763677872 1
1 1082763677873 4
1 1082763677874 1
1 1082763677916 4
1 1082763677917 1
1 1082763677920 4
1 1082763677921 1
1 1082763677924 4
1 1082763677925 1
1 1082763677928 4
1 1082763677929 1
1 1082763677932 4
1 1082763677933 1
1 1082763677936 4
1 1082763677937 1
1 1082763677966 1
1 1082763677967 1
1 1082763677970 1
1 1082763677971 1
1 1082763677974 1
1 1082763677975 1
1 1082763677978 1
1 1082763677979 1
1 1082763677982 1
1 1082763677983 1
1 1082763677986 1
1 1082763677987 1
1 1082763678012 1
1 1082763678013 4
1 1082763678014 1
1 1082763678016 1
1 1082763678017 4
1 1082763678018 1
1 1082763678020 1
1 1082763678021 4
1 1082763678022 1
1 1082763678024 1
1 1082763678025 4
1 1082763678026 1
1 1082763678028 1
1 1082763678029 4
1 1082763678030 1
1 1082763678032 1
1 1082763678033 4
1 1082763678034 1
1 1082763678076 4
1 1082763678077 1
1 1082763678080 4
1 1082763678081 1
1 1082763678084 4
1 1082763678085 1
1 1082763678088 4
1 1082763678089 1
1 1082763678092 4
1 1082763678093 1
1 1082763678096 4
1 1082763678097 1
1 1082763678126 1
1 1082763678127 1
1 1082763678130 1
1 1082763678131 1
1 1082763678134 1
1 1082763678135 1
1 1082763678138 1
1 1082763678139 1
1 1082763678142 1
1 1082763678143 1
1 1082763678146 1
1 1082763678147 1
1 1082763678189 1
1 1082763678190 4
1 1082763678191 1
1 1082763678193 1
1 1082763678194 4
1 1082763678195 1
1 1082763678197 1
1 1082763678198 4
1 1082763678199 1
1 1082763678201 1
1 1082763678202 4
1 1082763678203 1
1 1082763678205 1
1 1082763678206 4
1 1082763678207 1
1 1082763678209 1
1 1082763678210 4
1 1082763678211 1
1 1082763678252 1
1 1082763678253 4
1 1082763678254 1
1 1082763678256 1
1 1082763678257 4
1 1082763678258 1
1 1082763678260 1
1 1082763678261 4
1 1082763678262 1
1 1082763678264 1
1 1082763678265 4
1 1082763678266 1
1 1082763678268 1
1 1082763678269 4
1 1082763678270 1
1 1082763678272 1
1 1082763678273 4
1 1082763678274 1
1 1082763678316 4
1 1082763678317 1
1 1082763678320 4
1 1082763678321 1
1 1082763678324 4
1 1082763678325 1
1 1082763678328 4
1 1082763678329 1
1 1082763678332 4
1 1082763678333 1
1 1082763678336 4
1 1082763678337 1
1 1082763678366 1
1 1082763678367 1
1 1082763678370 1
1 1082763678371 1
1 1082763678374 1
1 1082763678375 1
1 1082763678378 1
1 1082763678379 1
1 1082763678382 1
1 1082763678383 1
1 1082763678386 1
1 1082763678387 1
1 1082763678412 1
1 1082763678413 4
1 1082763678414 1
1 1082763678416 1
1 1082763678417 4
1 1082763678418 1
1 1082763678420 1
1 1082763678421 4
1 1082763678422 1
1 1082763678424 1
1 1082763678425 4
1 1082763678426 1
1 1082763678428 1
1 1082763678429 4
1 1082763678430 1
1 1082763678432 1
1 1082763678433 4
1 1082763678434 1
1 1082763678476 4
1 1082763678477 1
1 1082763678480 4
1 1082763678481 1
1 1082763678484 4
1 1082763678485 1
1 1082763678488 4
1 1082763678489 1
1 1082763678492 4
1 1082763678493 1
1 1082763678496 4
1 1082763678497 1
1 1082763678526 1
1 1082763678527 1
1 1082763678530 1
1 1082763678531 1
1 1082763678534 1
1 1082763678535 1
1 1082763678538 1
1 1082763678539 1
1 1082763678542 1
1 1082763678543 1
1 1082763678546 1
1 1082763678547 1
1 1082763678589 1
1 1082763678590 4
1 1082763678591 1
1 1082763678593 1
1 1082763678594 4
1 1082763678595 1
1 1082763678597 1
1 1082763678598 4
1 1082763678599 1
1 1082763678601 1
1 1082763678602 4
1 1082763678603 1
1 1082763678605 1
1 1082763678606 4
1 1082763678607 1
1 1082763678609 1
1 1082763678610 4
1 1082763678611 1
1 1082763678652 1
1 1082763678653 4
1 1082763678654 1
1 1082763678656 1
1 1082763678657 4
1 1082763678658 1
1 1082763678660 1
1 1082763678661 4
1 1082763678662 1
1 1082763678664 1
1 1082763678665 4
1 1082763678666 1
1 1082763678668 1
1 1082763678669 4
1 1082763678670 1
1 1082763678672 1
1 1082763678673 4
1 1082763678674 1
1 1082763678716 4
1 1082763678717 1
1 1082763678720 4
1 1082763678721 1
1 1082763678724 4
1 1082763678725 1
1 1082763678728 4
1 1082763678729 1
1 1082763678732 4
1 1082763678733 1
1 1082763678736 4
1 1082763678737 1
1 1082763678766 1
1 1082763678767 1
1 1082763678770 1
1 1082763678771 1
1 1082763678774 1
1 1082763678775 1
1 1082763678778 1
1 1082763678779 1
1 1082763678782 1
1 1082763678783 1
1 1082763678786 1
1 1082763678787 1
1 1082763678812 1
1 1082763678813 4
1 1082763678814 1
1 1082763678816 1
1 1082763678817 4
1 1082763678818 1
1 1082763678820 1
1 1082763678821 4
1 1082763678822 1
1 1082763678824 1
1 1082763678825 4
1 1082763678826 1
1 1082763678828 1
1 1082763678829 4
1 1082763678830 1
1 1082763678832 1
1 1082763678833 4
1 1082763678834 1
1 1082763678876 4
1 1082763678877 1
1 1082763678880 4
1 1082763678881 1
1 1082763678884 4
1 1082763678885 1
1 1082763678888 4
1 1082763678889 1
1 1082763678892 4
1 1082763678893 1
1 1082763678896 4
1 1082763678897 1
1 1082763678926 1
1 1082763678927 1
1 1082763678930 1
1 1082763678931 1
1 1082763678934 1
1 1082763678935 1
1 1082763678938 1
1 1082763678939 1
1 1082763678942 1
1 1082763678943 1
1 1082763678946 1
1 1082763678947 1
1 1082763678989 1
1 1082763678990 4
1 1082763678991 1
1 1082763678993 1
1 1082763678994 4
1 1082763678995 1
1 1082763678997 1
1 1082763678998 4
1 1082763678999 1
1 1082763679001 1
1 1082763679002 4
1 1082763679003 1
1 1082763679005 1
1 1082763679006 4
1 1082763679007 1
1 1082763679009 1
1 1082763679010 4
1 1082763679011 1
1 1082763679052 1
1 1082763679053 4
1 1082763679054 1
1 1082763679056 1
1 1082763679057 4
1 1082763679058 1
1 1082763679060 1
1 1082763679061 4
1 1082763679062 1
1 1082763679064 1
1 1082763679065 4
1 1082763679066 1
1 1082763679068 1
1 1082763679069 4
1 1082763679070 1
1 1082763679072 1
1 1082763679073 4
1 1082763679074 1
1 1082763679116 4
1 1082763679117 1
1 1082763679120 4
1 1082763679121 1
1 1082763679124 4
1 1082763679125 1
1 1082763679128 4
1 1082763679129 1
1 1082763679132 4
1 1082763679133 1
1 1082763679136 4
1 1082763679137 1
1 1082763679166 1
1 1082763679167 1
1 1082763679170 1
1 1082763679171 1
1 1082763679174 1
1 1082763679175 1
1 1082763679178 1
1 1082763679179 1
1 1082763679182 1
1 1082763679183 1
1 1082763679186 1
1 1082763679187 1
1 1082763679212 1
1 1082763679213 4
1 1082763679214 1
1 1082763679216 1
1 1082763679217 4
1 1082763679218 1
1 1082763679220 1
1 1082763679221 4
1 1082763679222 1
1 1082763679224 1
1 1082763679225 4
1 1082763679226 1
1 1082763679228 1
1 1082763679229 4
1 1082763679230 1
1 1082763679232 1
1 1082763679233 4
1 1082763679234 1
1 1082763679276 4
1 1082763679277 1
1 1082763679280 4
1 1082763679281 1
1 1082763679284 4
1 1082763679285 1
1 1082763679288 4
1 1082763679289 1
1 1082763679292 4
1 1082763679293 1
1 1082763679296 4
1 1082763679297 1
1 1082763679326 1
1 1082763679327 1
1 1082763679330 1
1 1082763679331 1
1 1082763679334 1
1 1082763679335 1
1 1082763679338 1
1 1082763679339 1
1 1082763679342 1
1 1082763679343 1
1 1082763679346 1
1 1082763679347 1
1 1082763679389 1
1 1082763679390 4
1 1082763679391 1
1 1082763679393 1
1 1082763679394 4
1 1082763679395 1
1 1082763679397 1
1 1082763679398 4
1 1082763679399 1
1 1082763679401 1
1 1082763679402 4
1 1082763679403 1
1 1082763679405 1
1 1082763679406 4
1 1082763679407 1
1 1082763679409 1
1 1082763679410 4
1 1082763679411 1
1 1082763679452 1
1 1082763679453 4
1 1082763679454 1
1 1082763679456 1
1 1082763679457 4
1 1082763679458 1
1 1082763679460 1
1 1082763679461 4
1 1082763679462 1
1 1082763679464 1
1 1082763679465 4
1 1082763679466 1
1 1082763679468 1
1 1082763679469 4
1 1082763679470 1
1 1082763679472 1
1 1082763679473 4
1 1082763679474 1
1 1082763679516 4
1 1082763679517 1
1 1082763679520 4
1 1082763679521 1
1 1082763679524 4
1 1082763679525 1
1 1082763679528 4
1 1082763679529 1
1 1082763679532 4
1 1082763679533 1
1 1082763679536 4
1 1082763679537 1
1 1082763679566 1
1 1082763679567 1
1 1082763679570 1
1 1082763679571 1
1 1082763679574 1
1 1082763679575 1
1 1082763679578 1
1 1082763679579 1
1 1082763679582 1
1 1082763679583 1
1 1082763679586 1
1 1082763679587 1
1 1082763679612 1
1 1082763679613 4
1 1082763679614 1
1 1082763679616 1
1 1082763679617 4
1 1082763679618 1
1 1082763679620 1
1 1082763679621 4
1 1082763679622 1
1 1082763679624 1
1 1082763679625 4
1 1082763679626 1
1 1082763679628 1
1 1082763679629 4
1 1082763679630 1
1 1082763679632 1
1 1082763679633 4
1 1082763679634 1
1 1082763679676 4
1 1082763679677 1
1 1082763679680 4
1 1082763679681 1
1 1082763679684 4
1 1082763679685 1
1 1082763679688 4
1 1082763679689 1
1 1082763679692 4
1 1082763679693 1
1 1082763679696 4
1 1082763679697 1
1 1082763679726 1
1 1082763679727 1
1 1082763679730 1
1 1082763679731 1
1 1082763679734 1
1 1082763679735 1
1 1082763679738 1
1 1082763679739 1
1 1082763679742 1
1 1082763679743 1
1 1082763679746 1
1 1082763679747 1
1 1082763679789 1
1 1082763679790 4
1 1082763679791 1
1 1082763679793 1
1 1082763679794 4
1 1082763679795 1
1 1082763679797 1
1 1082763679798 4
1 1082763679799 1
1 1082763679801 1
1 1082763679802 4
1 1082763679803 1
1 1082763679805 1
1 1082763679806 4
1 1082763679807 1
1 1082763679809 1
1 1082763679810 4
1 1082763679811 1
1 1082763679852 1
1 1082763679853 4
1 1082763679854 1
1 1082763679856 1
1 1082763679857 4
1 1082763679858 1
1 1082763679860 1
1 1082763679861 4
1 1082763679862 1
1 1082763679864 1
1 1082763679865 4
1 1082763679866 1
1 1082763679868 1
1 1082763679869 4
1 1082763679870 1
1 1082763679872 1
1 1082763679873 4
1 1082763679874 1
1 1082763679916 4
1 1082763679917 1
1 1082763679920 4
1 1082763679921 1
1 1082763679924 4
1 1082763679925 1
1 1082763679928 4
1 1082763679929 1
1 1082763679932 4
1 1082763679933 1
1 1082763679936 4
1 1082763679937 1
1 1082763679966 1
1 1082763679967 1
1 1082763679970 1
1 1082763679971 1
1 1082763679974 1
1 1082763679975 1
1 1082763679978 1
1 1082763679979 1
1 1082763679982 1
1 1082763679983 1
1 1082763679986 1
1 1082763679987 1
1 1082763680012 1
1 1082763680013 4
1 1082763680014 1
1 1082763680016 1
1 1082763680017 4
1 1082763680018 1
1 1082763680020 1
1 1082763680021 4
1 1082763680022 1
1 1082763680024 1
1 1082763680025 4
1 1082763680026 1
1 1082763680028 1
1 1082763680029 4
1 1082763680030 1
1 1082763680032 1
1 1082763680033 4
1 1082763680034 1
1 1082763680076 4
1 1082763680077 1
1 1082763680080 4
1 1082763680081 1
1 1082763680084 4
1 1082763680085 1
1 1082763680088 4
1 1082763680089 1
1 1082763680092 4
1 1082763680093 1
1 1082763680096 4
1 1082763680097 1
1 1082763680126 1
1 1082763680127 1
1 1082763680130 1
1 1082763680131 1
1 1082763680134 1
1 1082763680135 1
1 1082763680138 1
1 1082763680139 1
1 1082763680142 1
1 1082763680143 1
1 1082763680146 1
1 1082763680147 1
1 1082763680189 1
1 1082763680190 4
1 1082763680191 1
1 1082763680193 1
1 1082763680194 4
1 1082763680195 1
1 1082763680197 1
1 1082763680198 4
1 1082763680199 1
1 1082763680201 1
1 1082763680202 4
1 1082763680203 1
1 1082763680205 1
1 1082763680206 4
1 1082763680207 1
1 1082763680209 1
1 1082763680210 4
1 1082763680211 1
1 1082763680252 1
1 1082763680253 4
1 1082763680254 1
1 1082763680256 1
1 1082763680257 4
1 1082763680258 1
1 1082763680260 1
1 1082763680261 4
1 1082763680262 1
1 1082763680264 1
1 1082763680265 4
1 1082763680266 1
1 1082763680268 1
1 1082763680269 4
1 1082763680270 1
1 1082763680272 1
1 1082763680273 4
1 1082763680274 1
1 1082763680316 4
1 1082763680317 1
1 1082763680320 4
1 1082763680321 1
1 1082763680324 4
1 1082763680325 1
1 1082763680328 4
1 1082763680329 1
1 1082763680332 4
1 1082763680333 1
1 1082763680336 4
1 1082763680337 1
1 1082763680366 1
1 1082763680367 1
1 1082763680370 1
1 1082763680371 1
1 1082763680374 1
1 1082763680375 1
1 1082763680378 1
1 1082763680379 1
1 1082763680382 1
1 1082763680383 1
1 1082763680386 1
1 1082763680387 1
1 1082763680412 1
1 1082763680413 4
1 1082763680414 1
1 1082763680416 1
1 1082763680417 4
1 1082763680418 1
1 1082763680420 1
1 1082763680421 4
1 1082763680422 1
1 1082763680424 1
1 1082763680425 4
1 1082763680426 1
1 1082763680428 1
1 1082763680429 4
1 1082763680430 1
1 1082763680432 1
1 1082763680433 4
1 1082763680434 1
1 1082763680476 4
1 1082763680477 1
1 1082763680480 4
1 1082763680481 1
1 1082763680484 4
1 1082763680485 1
1 1082763680488 4
1 1082763680489 1
1 1082763680492 4
1 1082763680493 1
1 1082763680496 4
1 1082763680497 1
1 1082763680526 1
1 1082763680527 1
1 1082763680530 1
1 1082763680531 1
1 1082763680534 1
1 1082763680535 1
1 1082763680538 1
1 1082763680539 1
1 1082763680542 1
1 1082763680543 1
1 1082763680546 1
1 1082763680547 1
1 1082763680589 1
1 1082763680590 4
1 1082763680591 1
1 1082763680593 1
1 1082763680594 4
1 1082763680595 1
1 1082763680597 1
1 1082763680598 4
1 1082763680599 1
1 1082763680601 1
1 1082763680602 4
1 1082763680603 1
1 1082763680605 1
1 1082763680606 4
1 1082763680607 1
1 1082763680609 1
1 1082763680610 4
1 1082763680611 1
1 1082763680652 1
1 1082763680653 4
1 1082763680654 1
1 1082763680656 1
1 1082763680657 4
1 1082763680658 1
1 1082763680660 1
1 1082763680661 4
1 1082763680662 1
1 1082763680664 1
1 1082763680665 4
1 1082763680666 1
1 1082763680668 1
1 1082763680669 4
1 1082763680670 1
1 1082763680672 1
1 1082763680673 4
1 1082763680674 1
1 1082763680716 4
1 1082763680717 1
1 1082763680720 4
1 1082763680721 1
1 1082763680724 4
1 1082763680725 1
1 1082763680728 4
1 1082763680729 1
1 1082763680732 4
1 1082763680733 1
1 1082763680736 4
1 1082763680737 1
1 1082763680766 1
1 1082763680767 1
1 1082763680770 1
1 1082763680771 1
1 1082763680774 1
1 1082763680775 1
1 1082763680778 1
1 1082763680779 1
1 1082763680782 1
1 1082763680783 1
1 1082763680786 1
1 1082763680787 1
1 1082763680812 1
1 1082763680813 4
1 1082763680814 1
1 1082763680816 1
1 1082763680817 4
1 1082763680818 1
1 1082763680820 1
1 1082763680821 4
1 1082763680822 1
1 1082763680824 1
1 1082763680825 4
1 1082763680826 1
1 1082763680828 1
1 1082763680829 4
1 1082763680830 1
1 1082763680832 1
1 1082763680833 4
1 1082763680834 1
1 1082763680876 4
1 1082763680877 1
1 1082763680880 4
1 1082763680881 1
1 1082763680884 4
1 1082763680885 1
1 1082763680888 4
1 1082763680889 1
1 1082763680892 4
1 1082763680893 1
1 1082763680896 4
1 1082763680897 1
1 1082763680926 1
1 1082763680927 1
1 1082763680930 1
1 1082763680931 1
1 1082763680934 1
1 1082763680935 1
1 1082763680938 1
1 1082763680939 1
1 1082763680942 1
1 1082763680943 1
1 1082763680946 1
1 1082763680947 1
1 1082763680989 1
1 1082763680990 4
1 1082763680991 1
1 1082763680993 1
1 1082763680994 4
1 1082763680995 1
1 1082763680997 1
1 1082763680998 4
1 1082763680999 1
1 1082763681001 1
1 1082763681002 4
1 1082763681003 1
1 1082763681005 1
1 1082763681006 4
1 1082763681007 1
1 1082763681009 1
1 1082763681010 4
1 1082763681011 1
1 1082763681052 1
1 1082763681053 4
1 1082763681054 1
1 1082763681056 1
1 1082763681057 4
1 1082763681058 1
1 1082763681060 1
1 1082763681061 4
1 1082763681062 1
1 1082763681064 1
1 1082763681065 4
1 1082763681066 1
1 1082763681068 1
1 1082763681069 4
1 1082763681070 1
1 1082763681072 1
1 1082763681073 4
1 1082763681074 1
1 1082763681116 4
1 1082763681117 1
1 1082763681120 4
1 1082763681121 1
1 1082763681124 4
1 1082763681125 1
1 1082763681128 4
1 1082763681129 1
1 1082763681132 4
1 1082763681133 1
1 1082763681136 4
1 1082763681137 1
1 1082763681166 1
1 1082763681167 1
1 1082763681170 1
1 1082763681171 1
1 1082763681174 1
1 1082763681175 1
1 1082763681178 1
1 1082763681179 1
1 1082763681182 1
1 1082763681183 1
1 1082763681186 1
1 1082763681187 1
1 1082763681212 1
1 1082763681213 4
1 1082763681214 1
1 1082763681216 1
1 1082763681217 4
1 1082763681218 1
1 1082763681220 1
1 1082763681221 4
1 1082763681222 1
1 1082763681224 1
1 1082763681225 4
1 1082763681226 1
1 1082763681228 1
1 1082763681229 4
1 1082763681230 1
1 1082763681232 1
1 1082763681233 4
1 1082763681234 1
1 1082763681276 4
1 1082763681277 1
1 1082763681280 4
1 1082763681281 1
1 1082763681284 4
1 1082763681285 1
1 1082763681288 4
1 1082763681289 1
1 1082763681292 4
1 1082763681293 1
1 1082763681296 4
1 1082763681297 1
1 1082763681326 1
1 1082763681327 1
1 1082763681330 1
1 1082763681331 1
1 1082763681334 1
1 1082763681335 1
1 1082763681338 1
1 1082763681339 1
1 1082763681342 1
1 1082763681343 1
1 1082763681346 1
1 1082763681347 1
1 1082763681389 1
1 1082763681390 4
1 1082763681391 1
1 1082763681393 1
1 1082763681394 4
1 1082763681395 1
1 1082763681397 1
1 1082763681398 4
1 1082763681399 1
1 1082763681401 1
1 1082763681402 4
1 1082763681403 1
1 1082763681405 1
1 1082763681406 4
1 1082763681407 1
1 1082763681409 1
1 1082763681410 4
1 1082763681411 1
1 1082763681452 1
1 1082763681453 4
1 1082763681454 1
1 1082763681456 1
1 1082763681457 4
1 1082763681458 1
1 1082763681460 1
1 1082763681461 4
1 1082763681462 1
1 1082763681464 1
1 1082763681465 4
1 1082763681466 1
1 1082763681468 1
1 1082763681469 4
1 1082763681470 1
1 1082763681472 1
1 1082763681473 4
1 1082763681474 1
1 1082763681516 4
1 1082763681517 1
1 1082763681520 4
1 1082763681521 1
1 1082763681524 4
1 1082763681525 1
1 1082763681528 4
1 1082763681529 1
1 1082763681532 4
1 1082763681533 1
1 1082763681536 4
1 1082763681537 1
1 1082763681566 1
1 1082763681567 1
1 1082763681570 1
1 1082763681571 1
1 1082763681574 1
1 1082763681575 1
1 1082763681578 1
1 1082763681579 1
1 1082763681582 1
1 1082763681583 1
1 1082763681586 1
1 1082763681587 1
1 1082763681612 1
1 1082763681613 4
1 1082763681614 1
1 1082763681616 1
1 1082763681617 4
1 1082763681618 1
1 1082763681620 1
1 1082763681621 4
1 1082763681622 1
1 1082763681624 1
1 1082763681625 4
1 1082763681626 1
1 1082763681628 1
1 1082763681629 4
1 1082763681630 1
1 1082763681632 1
1 1082763681633 4
1 1082763681634 1
1 1082763681676 4
1 1082763681677 1
1 1082763681680 4
1 1082763681681 1
1 1082763681684 4
1 1082763681685 1
1 1082763681688 4
1 1082763681689 1
1 1082763681692 4
1 1082763681693 1
1 1082763681696 4
1 1082763681697 1
1 1082763681726 1
1 1082763681727 1
1 1082763681730 1
1 1082763681731 1
1 1082763681734 1
1 1082763681735 1
1 1082763681738 1
1 1082763681739 1
1 1082763681742 1
1 1082763681743 1
1 1082763681746 1
1 1082763681747 1
1 1082763681789 1
1 1082763681790 4
1 1082763681791 1
1 1082763681793 1
1 1082763681794 4
1 1082763681795 1
1 1082763681797 1
1 1082763681798 4
1 1082763681799 1
1 1082763681801 1
1 1082763681802 4
1 1082763681803 1
1 1082763681805 1
1 1082763681806 4
1 1082763681807 1
1 1082763681809 1
1 1082763681810 4
1 1082763681811 1
1 1082763681852 1
1 1082763681853 4
1 1082763681854 1
1 1082763681856 1
1 1082763681857 4
1 1082763681858 1
1 1082763681860 1
1 1082763681861 4
1 1082763681862 1
1 1082763681864 1
1 1082763681865 4
1 1082763681866 1
1 1082763681868 1
1 1082763681869 4
1 1082763681870 1
1 1082763681872 1
1 1082763681873 4
1 1082763681874 1
1 1082763681916 4
1 1082763681917 1
1 1082763681920 4
1 1082763681921 1
1 1082763681924 4
1 1082763681925 1
1 1082763681928 4
1 1082763681929 1
1 1082763681932 4
1 1082763681933 1
1 1082763681936 4
1 1082763681937 1
1 1082763681966 1
1 1082763681967 1
1 1082763681970 1
1 1082763681971 1
1 1082763681974 1
1 1082763681975 1
1 1082763681978 1
1 1082763681979 1
1 1082763681982 1
1 1082763681983 1
1 1082763681986 1
1 1082763681987 1
1 1082763682012 1
1 1082763682013 4
1 1082763682014 1
1 1082763682016 1
1 1082763682017 4
1 1082763682018 1
1 1082763682020 1
1 1082763682021 4
1 1082763682022 1
1 1082763682024 1
1 1082763682025 4
1 1082763682026 1
1 1082763682028 1
1 1082763682029 4
1 1082763682030 1
1 1082763682032 1
1 1082763682033 4
1 1082763682034 1
1 1082763682076 4
1 1082763682077 1
1 1082763682080 4
1 1082763682081 1
1 1082763682084 4
1 1082763682085 1
1 1082763682088 4
1 1082763682089 1
1 1082763682092 4
1 1082763682093 1
1 1082763682096 4
1 1082763682097 1
1 1082763682126 1
1 1082763682127 1
1 1082763682130 1
1 1082763682131 1
1 1082763682134 1
1 1082763682135 1
1 1082763682138 1
1 1082763682139 1
1 1082763682142 1
1 1082763682143 1
1 1082763682146 1
1 1082763682147 1
1 1082763682189 1
1 1082763682190 4
1 1082763682191 1
1 1082763682193 1
1 1082763682194 4
1 1082763682195 1
1 1082763682197 1
1 1082763682198 4
1 1082763682199 1
1 1082763682201 1
1 1082763682202 4
1 1082763682203 1
1 1082763682205 1
1 1082763682206 4
1 1082763682207 1
1 1082763682209 1
1 1082763682210 4
1 1082763682211 1
1 1082763682252 1
1 1082763682253 4
1 1082763682254 1
1 1082763682256 1
1 1082763682257 4
1 1082763682258 1
1 1082763682260 1
1 1082763682261 4
1 1082763682262 1
1 1082763682264 1
1 1082763682265 4
1 1082763682266 1
1 1082763682268 1
1 1082763682269 4
1 1082763682270 1
1 1082763682272 1
1 1082763682273 4
1 1082763682274 1
1 1082763682316 4
1 1082763682317 1
1 1082763682320 4
1 1082763682321 1
1 1082763682324 4
1 1082763682325 1
1 1082763682328 4
1 1082763682329 1
1 1082763682332 4
1 1082763682333 1
1 1082763682336 4
1 1082763682337 1
1 1082763682366 1
1 1082763682367 1
1 1082763682370 1
1 1082763682371 1
1 1082763682374 1
1 1082763682375 1
1 1082763682378 1
1 1082763682379 1
1 1082763682382 1
1 1082763682383 1
1 1082763682386 1
1 1082763682387 1
1 1082763682412 1
1 1082763682413 4
1 1082763682414 1
1 1082763682416 1
1 1082763682417 4
1 1082763682418 1
1 1082763682420 1
1 1082763682421 4
1 1082763682422 1
1 1082763682424 1
1 1082763682425 4
1 1082763682426 1
1 1082763682428 1
1 1082763682429 4
1 1082763682430 1
1 1082763682432 1
1 1082763682433 4
1 1082763682434 1
1 1082763682476 4
1 1082763682477 1
1 1082763682480 4
1 1082763682481 1
1 1082763682484 4
1 1082763682485 1
1 1082763682488 4
1 1082763682489 1
1 1082763682492 4
1 1082763682493 1
1 1082763682496 4
1 1082763682497 1
1 1082763682526 1
1 1082763682527 1
1 1082763682530 1
1 1082763682531 1
1 1082763682534 1
1 1082763682535 1
1 1082763682538 1
1 1082763682539 1
1 1082763682542 1
1 1082763682543 1
1 1082763682546 1
1 1082763682547 1
1 1082763682589 1
1 1082763682590 4
1 1082763682591 1
1 1082763682593 1
1 1082763682594 4
1 1082763682595 1
1 1082763682597 1
1 1082763682598 4
1 1082763682599 1
1 1082763682601 1
1 1082763682602 4
1 1082763682603 1
1 1082763682605 1
1 1082763682606 4
1 1082763682607 1
1 1082763682609 1
1 1082763682610 4
1 1082763682611 1
1 1082763682652 1
1 1082763682653 4
1 1082763682654 1
1 1082763682656 1
1 1082763682657 4
1 1082763682658 1
1 1082763682660 1
1 1082763682661 4
1 1082763682662 1
1 1082763682664 1
1 1082763682665 4
1 1082763682666 1
1 1082763682668 1
1 1082763682669 4
1 1082763682670 1
1 1082763682672 1
1 1082763682673 4
1 1082763682674 1
1 1082763682716 4
1 1082763682717 1
1 1082763682720 4
1 1082763682721 1
1 1082763682724 4
1 1082763682725 1
1 1082763682728 4
1 1082763682729 1
1 1082763682732 4
1 1082763682733 1
1 1082763682736 4
1 1082763682737 1
1 1082763682766 1
1 1082763682767 1
1 1082763682770 1
1 1082763682771 1
1 1082763682774 1
1 1082763682775 1
1 1082763682778 1
1 1082763682779 1
1 1082763682782 1
1 1082763682783 1
1 1082763682786 1
1 1082763682787 1
1 1082763682812 1
1 1082763682813 4
1 1082763682814 1
1 1082763682816 1
1 1082763682817 4
1 1082763682818 1
1 1082763682820 1
1 1082763682821 4
1 1082763682822 1
1 1082763682824 1
1 1082763682825 4
1 1082763682826 1
1 1082763682828 1
1 1082763682829 4
1 1082763682830 1
1 1082763682832 1
1 1082763682833 4
1 1082763682834 1
1 1082763682876 4
1 1082763682877 1
1 1082763682880 4
1 1082763682881 1
1 1082763682884 4
1 1082763682885 1
1 1082763682888 4
1 1082763682889 1
1 1082763682892 4
1 1082763682893 1
1 1082763682896 4
1 1082763682897 1
1 1082763682926 1
1 1082763682927 1
1 1082763682930 1
1 1082763682931 1
1 1082763682934 1
1 1082763682935 1
1 1082763682938 1
1 1082763682939 1
1 1082763682942 1
1 1082763682943 1
1 1082763682946 1
1 1082763682947 1
1 1082763682989 1
1 1082763682990 4
1 1082763682991 1
1 1082763682993 1
1 1082763682994 4
1 1082763682995 1
1 1082763682997 1
1 1082763682998 4
1 1082763682999 1
1 1082763683001 1
1 1082763683002 4
1 1082763683003 1
1 1082763683005 1
1 1082763683006 4
1 1082763683007 1
1 1082763683009 1
1 1082763683010 4
1 1082763683011 1
1 1082763683052 1
1 1082763683053 4
1 1082763683054 1
1 1082763683056 1
1 1082763683057 4
1 1082763683058 1
1 1082763683060 1
1 1082763683061 4
1 1082763683062 1
1 1082763683064 1
1 1082763683065 4
1 1082763683066 1
1 1082763683068 1
1 1082763683069 4
1 1082763683070 1
1 1082763683072 1
1 1082763683073 4
1 1082763683074 1
1 1082763683116 4
1 1082763683117 1
1 1082763683120 4
1 1082763683121 1
1 1082763683124 4
1 1082763683125 1
1 1082763683128 4
1 1082763683129 1
1 1082763683132 4
1 1082763683133 1
1 1082763683136 4
1 1082763683137 1
1 1082763683166 1
1 1082763683167 1
1 1082763683170 1
1 1082763683171 1
1 1082763683174 1
1 1082763683175 1
1 1082763683178 1
1 1082763683179 1
1 1082763683182 1
1 1082763683183 1
1 1082763683186 1
1 1082763683187 1
1 1082763683212 1
1 1082763683213 4
1 1082763683214 1
1 1082763683216 1
1 1082763683217 4
1 1082763683218 1
1 1082763683220 1
1 1082763683221 4
1 1082763683222 1
1 1082763683224 1
1 1082763683225 4
1 1082763683226 1
1 1082763683228 1
1 1082763683229 4
1 1082763683230 1
1 1082763683232 1
1 1082763683233 4
1 1082763683234 1
1 1082763683276 4
1 1082763683277 1
1 1082763683280 4
1 1082763683281 1
1 1082763683284 4
1 1082763683285 1
1 1082763683288 4
1 1082763683289 1
1 1082763683292 4
1 1082763683293 1
1 1082763683296 4
1 1082763683297 1
1 1082763683326 1
1 1082763683327 1
1 1082763683330 1
1 1082763683331 1
1 1082763683334 1
1 1082763683335 1
1 1082763683338 1
1 1082763683339 1
1 1082763683342 1
1 1082763683343 1
1 1082763683346 1
1 1082763683347 1
1 1082763683389 1
1 1082763683390 4
1 1082763683391 1
1 1082763683393 1
1 1082763683394 4
1 1082763683395 1
1 1082763683397 1
1 1082763683398 4
1 1082763683399 1
1 1082763683401 1
1 1082763683402 4
1 1082763683403 1
1 1082763683405 1
1 1082763683406 4
1 1082763683407 1
1 1082763683409 1
1 1082763683410 4
1 1082763683411 1
1 1082763683452 1
1 1082763683453 4
1 1082763683454 1
1 1082763683456 1
1 1082763683457 4
1 1082763683458 1
1 1082763683460 1
1 1082763683461 4
1 1082763683462 1
1 1082763683464 1
1 1082763683465 4
1 1082763683466 1
1 1082763683468 1
1 1082763683469 4
1 1082763683470 1
1 1082763683472 1
1 1082763683473 4
1 1082763683474 1
1 1082763683516 4
1 1082763683517 1
1 1082763683520 4
1 1082763683521 1
1 1082763683524 4
1 1082763683525 1
1 1082763683528 4
1 1082763683529 1
1 1082763683532 4
1 1082763683533 1
1 1082763683536 4
1 1082763683537 1
1 1082763683566 1
1 1082763683567 1
1 1082763683570 1
1 1082763683571 1
1 1082763683574 1
1 1082763683575 1
1 1082763683578 1
1 1082763683579 1
1 1082763683582 1
1 1082763683583 1
1 1082763683586 1
1 1082763683587 1
1 1082763683612 1
1 1082763683613 4
1 1082763683614 1
1 1082763683616 1
1 1082763683617 4
1 1082763683618 1
1 1082763683620 1
1 1082763683621 4
1 1082763683622 1
1 1082763683624 1
1 1082763683625 4
1 1082763683626 1
1 1082763683628 1
1 1082763683629 4
1 1082763683630 1
1 1082763683632 1
1 1082763683633 4
1 1082763683634 1
1 1082763683676 4
1 1082763683677 1
1 1082763683680 4
1 1082763683681 1
1 1082763683684 4
1 1082763683685 1
1 1082763683688 4
1 1082763683689 1
1 1082763683692 4
1 1082763683693 1
1 1082763683696 4
1 1082763683697 1
1 1082763683726 1
1 1082763683727 1
1 1082763683730 1
1 1082763683731 1
1 1082763683734 1
1 1082763683735 1
1 1082763683738 1
1 1082763683739 1
1 1082763683742 1
1 1082763683743 1
1 1082763683746 1
1 1082763683747 1
1 1082763683789 1
1 1082763683790 4
1 1082763683791 1
1 1082763683793 1
1 1082763683794 4
1 1082763683795 1
1 1082763683797 1
1 1082763683798 4
1 1082763683799 1
1 1082763683801 1
1 1082763683802 4
1 1082763683803 1
1 1082763683805 1
1 1082763683806 4
1 1082763683807 1
1 1082763683809 1
1 1082763683810 4
1 1082763683811 1
1 1082763683852 1
1 1082763683853 4
1 1082763683854 1
1 1082763683856 1
1 1082763683857 4
1 1082763683858 1
1 1082763683860 1
1 1082763683861 4
1 1082763683862 1
1 1082763683864 1
1 1082763683865 4
1 1082763683866 1
1 1082763683868 1
1 1082763683869 4
1 1082763683870 1
1 1082763683872 1
1 1082763683873 4
1 1082763683874 1
1 1082763683916 4
1 1082763683917 1
1 1082763683920 4
1 1082763683921 1
1 1082763683924 4
1 1082763683925 1
1 1082763683928 4
1 1082763683929 1
1 1082763683932 4
1 1082763683933 1
1 1082763683936 4
1 1082763683937 1
1 1082763683966 1
1 1082763683967 1
1 1082763683970 1
1 1082763683971 1
1 1082763683974 1
1 1082763683975 1
1 1082763683978 1
1 1082763683979 1
1 1082763683982 1
1 1082763683983 1
1 1082763683986 1
1 1082763683987 1
1 1082763684012 1
1 1082763684013 4
1 1082763684014 1
1 1082763684016 1
1 1082763684017 4
1 1082763684018 1
1 1082763684020 1
1 1082763684021 4
1 1082763684022 1
1 1082763684024 1
1 1082763684025 4
1 1082763684026 1
1 1082763684028 1
1 1082763684029 4
1 1082763684030 1
1 1082763684032 1
1 1082763684033 4
1 1082763684034 1
1 1082763684076 4
1 1082763684077 1
1 1082763684080 4
1 1082763684081 1
1 1082763684084 4
1 1082763684085 1
1 1082763684088 4
1 1082763684089 1
1 1082763684092 4
1 1082763684093 1
1 1082763684096 4
1 1082763684097 1
1 1082763684126 1
1 1082763684127 1
1 1082763684130 1
1 1082763684131 1
1 1082763684134 1
1 1082763684135 1
1 1082763684138 1
1 1082763684139 1
1 1082763684142 1
1 1082763684143 1
1 1082763684146 1
1 1082763684147 1
1 1082763684189 1
1 1082763684190 4
1 1082763684191 1
1 1082763684193 1
1 1082763684194 4
1 1082763684195 1
1 1082763684197 1
1 1082763684198 4
1 1082763684199 1
1 1082763684201 1
1 1082763684202 4
1 1082763684203 1
1 1082763684205 1
1 1082763684206 4
1 1082763684207 1
1 1082763684209 1
1 1082763684210 4
1 1082763684211 1
1 1082763684252 1
1 1082763684253 4
1 1082763684254 1
1 1082763684256 1
1 1082763684257 4
1 1082763684258 1
1 1082763684260 1
1 1082763684261 4
1 1082763684262 1
1 1082763684264 1
1 1082763684265 4
1 1082763684266 1
1 1082763684268 1
1 1082763684269 4
1 1082763684270 1
1 1082763684272 1
1 1082763684273 4
1 1082763684274 1
1 1082763684316 4
1 1082763684317 1
1 1082763684320 4
1 1082763684321 1
1 1082763684324 4
1 1082763684325 1
1 1082763684328 4
1 1082763684329 1
1 1082763684332 4
1 1082763684333 1
1 1082763684336 4
1 1082763684337 1
1 1082763684366 1
1 1082763684367 1
1 1082763684370 1
1 1082763684371 1
1 1082763684374 1
1 1082763684375 1
1 1082763684378 1
1 1082763684379 1
1 1082763684382 1
1 1082763684383 1
1 1082763684386 1
1 1082763684387 1
1 1082763684412 1
1 1082763684413 4
1 1082763684414 1
1 1082763684416 1
1 1082763684417 4
1 1082763684418 1
1 1082763684420 1
1 1082763684421 4
1 1082763684422 1
1 1082763684424 1
1 1082763684425 4
1 1082763684426 1
1 1082763684428 1
1 1082763684429 4
1 1082763684430 1
1 1082763684432 1
1 1082763684433 4
1 1082763684434 1
1 1082763684476 4
1 1082763684477 1
1 1082763684480 4
1 1082763684481 1
1 1082763684484 4
1 1082763684485 1
1 1082763684488 4
1 1082763684489 1
1 1082763684492 4
1 1082763684493 1
1 1082763684496 4
1 1082763684497 1
1 1082763684526 1
1 1082763684527 1
1 1082763684530 1
1 1082763684531 1
1 1082763684534 1
1 1082763684535 1
1 1082763684538 1
1 1082763684539 1
1 1082763684542 1
1 1082763684543 1
1 1082763684546 1
1 1082763684547 1
1 1082763684589 1
1 1082763684590 4
1 1082763684591 1
1 1082763684593 1
1 1082763684594 4
1 1082763684595 1
1 1082763684597 1
1 1082763684598 4
1 1082763684599 1
1 1082763684601 1
1 1082763684602 4
1 1082763684603 1
1 1082763684605 1
1 1082763684606 4
1 1082763684607 1
1 1082763684609 1
1 1082763684610 4
1 1082763684611 1
1 1082763684652 1
1 1082763684653 4
1 1082763684654 1
1 1082763684656 1
1 1082763684657 4
1 1082763684658 1
1 1082763684660 1
1 1082763684661 4
1 1082763684662 1
1 1082763684664 1
1 1082763684665 4
1 1082763684666 1
1 1082763684668 1
1 1082763684669 4
1 1082763684670 1
1 1082763684672 1
1 1082763684673 4
1 1082763684674 1
1 1082763684716 4
1 1082763684717 1
1 1082763684720 4
1 1082763684721 1
1 1082763684724 4
1 1082763684725 1
1 1082763684728 4
1 1082763684729 1
1 1082763684732 4
1 1082763684733 1
1 1082763684736 4
1 1082763684737 1
1 1082763684766 1
1 1082763684767 1
1 1082763684770 1
1 1082763684771 1
1 1082763684774 1
1 1082763684775 1
1 1082763684778 1
1 1082763684779 1
1 1082763684782 1
1 1082763684783 1
1 1082763684786 1
1 1082763684787 1
1 1082763684812 1
1 1082763684813 4
1 1082763684814 1
1 1082763684816 1
1 1082763684817 4
1 1082763684818 1
1 1082763684820 1
1 1082763684821 4
1 1082763684822 1
1 1082763684824 1
1 1082763684825 4
1 1082763684826 1
1 1082763684828 1
1 1082763684829 4
1 1082763684830 1
1 1082763684832 1
1 1082763684833 4
1 1082763684834 1
1 1082763684876 4
1 1082763684877 1
1 1082763684880 4
1 1082763684881 1
1 1082763684884 4
1 1082763684885 1
1 1082763684888 4
1 1082763684889 1
1 1082763684892 4
1 1082763684893 1
1 1082763684896 4
1 1082763684897 1
1 1082763684926 1
1 1082763684927 1
1 1082763684930 1
1 1082763684931 1
1 1082763684934 1
1 1082763684935 1
1 1082763684938 1
1 1082763684939 1
1 1082763684942 1
1 1082763684943 1
1 1082763684946 1
1 1082763684947 1
1 1082763684989 1
1 1082763684990 4
1 1082763684991 1
1 1082763684993 1
1 1082763684994 4
1 1082763684995 1
1 1082763684997 1
1 1082763684998 4
1 1082763684999 1
1 1082763685001 1
1 1082763685002 4
1 1082763685003 1
1 1082763685005 1
1 1082763685006 4
1 1082763685007 1
1 1082763685009 1
1 1082763685010 4
1 1082763685011 1
1 1082763685052 1
1 1082763685053 4
1 1082763685054 1
1 1082763685056 1
1 1082763685057 4
1 1082763685058 1
1 1082763685060 1
1 1082763685061 4
1 1082763685062 1
1 1082763685064 1
1 1082763685065 4
1 1082763685066 1
1 1082763685068 1
1 1082763685069 4
1 1082763685070 1
1 1082763685072 1
1 1082763685073 4
1 1082763685074 1
1 1082763685116 4
1 1082763685117 1
1 1082763685120 4
1 1082763685121 1
1 1082763685124 4
1 1082763685125 1
1 1082763685128 4
1 1082763685129 1
1 1082763685132 4
1 1082763685133 1
1 1082763685136 4
1 1082763685137 1
1 1082763685166 1
1 1082763685167 1
1 1082763685170 1
1 1082763685171 1
1 1082763685174 1
1 1082763685175 1
1 1082763685178 1
1 1082763685179 1
1 1082763685182 1
1 1082763685183 1
1 1082763685186 1
1 1082763685187 1
1 1082763685212 1
1 1082763685213 4
1 1082763685214 1
1 1082763685216 1
1 1082763685217 4
1 1082763685218 1
1 1082763685220 1
1 1082763685221 4
1 1082763685222 1
1 1082763685224 1
1 1082763685225 4
1 1082763685226 1
1 1082763685228 1
1 1082763685229 4
1 1082763685230 1
1 1082763685232 1
1 1082763685233 4
1 1082763685234 1
1 1082763685276 4
1 1082763685277 1
1 1082763685280 4
1 1082763685281 1
1 1082763685284 4
1 1082763685285 1
1 1082763685288 4
1 1082763685289 1
1 1082763685292 4
1 1082763685293 1
1 1082763685296 4
1 1082763685297 1
1 1082763685326 1
1 1082763685327 1
1 1082763685330 1
1 1082763685331 1
1 1082763685334 1
1 1082763685335 1
1 1082763685338 1
1 1082763685339 1
1 1082763685342 1
1 1082763685343 1
1 1082763685346 1
1 1082763685347 1
1 1082763685389 1
1 1082763685390 4
1 1082763685391 1
1 1082763685393 1
1 1082763685394 4
1 1082763685395 1
1 1082763685397 1
1 1082763685398 4
1 1082763685399 1
1 1082763685401 1
1 1082763685402 4
1 1082763685403 1
1 1082763685405 1
1 1082763685406 4
1 1082763685407 1
1 1082763685409 1
1 1082763685410 4
1 1082763685411 1
1 1082763685452 1
1 1082763685453 4
1 1082763685454 1
1 1082763685456 1
1 1082763685457 4
1 1082763685458 1
1 1082763685460 1
1 1082763685461 4
1 1082763685462 1
1 1082763685464 1
1 1082763685465 4
1 1082763685466 1
1 1082763685468 1
1 1082763685469 4
1 1082763685470 1
1 1082763685472 1
1 1082763685473 4
1 1082763685474 1
1 1082763685516 4
1 1082763685517 1
1 1082763685520 4
1 1082763685521 1
1 1082763685524 4
1 1082763685525 1
1 1082763685528 4
1 1082763685529 1
1 1082763685532 4
1 1082763685533 1
1 1082763685536 4
1 1082763685537 1
1 1082763685566 1
1 1082763685567 1
1 1082763685570 1
1 1082763685571 1
1 1082763685574 1
1 1082763685575 1
1 1082763685578 1
1 1082763685579 1
1 1082763685582 1
1 1082763685583 1
1 1082763685586 1
1 1082763685587 1
1 1082763685612 1
1 1082763685613 4
1 1082763685614 1
1 1082763685616 1
1 1082763685617 4
1 1082763685618 1
1 1082763685620 1
1 1082763685621 4
1 1082763685622 1
1 1082763685624 1
1 1082763685625 4
1 1082763685626 1
1 1082763685628 1
1 1082763685629 4
1 1082763685630 1
1 1082763685632 1
1 1082763685633 4
1 1082763685634 1
1 1082763685676 4
1 1082763685677 1
1 1082763685680 4
1 1082763685681 1
1 1082763685684 4
1 1082763685685 1
1 1082763685688 4
1 1082763685689 1
1 1082763685692 4
1 1082763685693 1
1 1082763685696 4
1 1082763685697 1
1 1082763685726 1
1 1082763685727 1
1 1082763685730 1
1 1082763685731 1
1 1082763685734 1
1 1082763685735 1
1 1082763685738 1
1 1082763685739 1
1 1082763685742 1
1 1082763685743 1
1 1082763685746 1
1 1082763685747 1
1 1082763685789 1
1 1082763685790 4
1 1082763685791 1
1 1082763685793 1
1 1082763685794 4
1 1082763685795 1
1 1082763685797 1
1 1082763685798 4
1 1082763685799 1
1 1082763685801 1
1 1082763685802 4
1 1082763685803 1
1 1082763685805 1
1 1082763685806 4
1 1082763685807 1
1 1082763685809 1
1 1082763685810 4
1 1082763685811 1
1 1082763685852 1
1 1082763685853 4
1 1082763685854 1
1 1082763685856 1
1 1082763685857 4
1 1082763685858 1
1 1082763685860 1
1 1082763685861 4
1 1082763685862 1
1 1082763685864 1
1 1082763685865 4
1 1082763685866 1
1 1082763685868 1
1 1082763685869 4
1 1082763685870 1
1 1082763685872 1
1 1082763685873 4
1 1082763685874 1
1 1082763685916 4
1 1082763685917 1
1 1082763685920 4
1 1082763685921 1
1 1082763685924 4
1 1082763685925 1
1 1082763685928 4
1 1082763685929 1
1 1082763685932 4
1 1082763685933 1
1 1082763685936 4
1 1082763685937 1
1 1082763685966 1
1 1082763685967 1
1 1082763685970 1
1 1082763685971 1
1 1082763685974 1
1 1082763685975 1
1 1082763685978 1
1 1082763685979 1
1 1082763685982 1
1 1082763685983 1
1 1082763685986 1
1 1082763685987 1
1 1082763686012 1
1 1082763686013 4
1 1082763686014 1
1 1082763686016 1
1 1082763686017 4
1 1082763686018 1
1 1082763686020 1
1 1082763686021 4
1 1082763686022 1
1 1082763686024 1
1 1082763686025 4
1 1082763686026 1
1 1082763686028 1
1 1082763686029 4
1 1082763686030 1
1 1082763686032 1
1 1082763686033 4
1 1082763686034 1
1 1082763686076 4
1 1082763686077 1
1 1082763686080 4
1 1082763686081 1
1 1082763686084 4
1 1082763686085 1
1 1082763686088 4
1 1082763686089 1
1 1082763686092 4
1 1082763686093 1
1 1082763686096 4
1 1082763686097 1
1 1082763686126 1
1 1082763686127 1
1 1082763686130 1
1 1082763686131 1
1 1082763686134 1
1 1082763686135 1
1 1082763686138 1
1 1082763686139 1
1 1082763686142 1
1 1082763686143 1
1 1082763686146 1
1 1082763686147 1
1 1082763686189 1
1 1082763686190 4
1 1082763686191 1
1 1082763686193 1
1 1082763686194 4
1 1082763686195 1
1 1082763686197 1
1 1082763686198 4
1 1082763686199 1
1 1082763686201 1
1 1082763686202 4
1 1082763686203 1
1 1082763686205 1
1 1082763686206 4
1 1082763686207 1
1 1082763686209 1
1 1082763686210 4
1 1082763686211 1
1 1082763686252 1
1 1082763686253 4
1 1082763686254 1
1 1082763686256 1
1 1082763686257 4
1 1082763686258 1
1 1082763686260 1
1 1082763686261 4
1 1082763686262 1
1 1082763686264 1
1 1082763686265 4
1 1082763686266 1
1 1082763686268 1
1 1082763686269 4
1 1082763686270 1
1 1082763686272 1
1 1082763686273 4
1 1082763686274 1
1 1082763686316 4
1 1082763686317 1
1 1082763686320 4
1 1082763686321 1
1 1082763686324 4
1 1082763686325 1
1 1082763686328 4
1 1082763686329 1
1 1082763686332 4
1 1082763686333 1
1 1082763686336 4
1 1082763686337 1
1 1082763686366 1
1 1082763686367 1
1 1082763686370 1
1 1082763686371 1
1 1082763686374 1
1 1082763686375 1
1 1082763686378 1
1 1082763686379 1
1 1082763686382 1
1 1082763686383 1
1 1082763686386 1
1 1082763686387 1
1 1082763686412 1
1 1082763686413 4
1 1082763686414 1
1 1082763686416 1
1 1082763686417 4
1 1082763686418 1
1 1082763686420 1
1 1082763686421 4
1 1082763686422 1
1 1082763686424 1
1 1082763686425 4
1 1082763686426 1
1 1082763686428 1
1 1082763686429 4
1 1082763686430 1
1 1082763686432 1
1 1082763686433 4
1 1082763686434 1
1 1082763686476 4
1 1082763686477 1
1 1082763686480 4
1 1082763686481 1
1 1082763686484 4
1 1082763686485 1
1 1082763686488 4
1 1082763686489 1
1 1082763686492 4
1 1082763686493 1
1 1082763686496 4
1 1082763686497 1
1 1082763686526 1
1 1082763686527 1
1 1082763686530 1
1 1082763686531 1
1 1082763686534 1
1 1082763686535 1
1 1082763686538 1
1 1082763686539 1
1 1082763686542 1
1 1082763686543 1
1 1082763686546 1
1 1082763686547 1
1 1082763686589 1
1 1082763686590 4
1 1082763686591 1
1 1082763686593 1
1 1082763686594 4
1 1082763686595 1
1 1082763686597 1
1 1082763686598 4
1 1082763686599 1
1 1082763686601 1
1 1082763686602 4
1 1082763686603 1
1 1082763686605 1
1 1082763686606 4
1 1082763686607 1
1 1082763686609 1
1 1082763686610 4
1 1082763686611 1
1 1082763686652 1
1 1082763686653 4
1 1082763686654 1
1 1082763686656 1
1 1082763686657 4
1 1082763686658 1
1 1082763686660 1
1 1082763686661 4
1 1082763686662 1
1 1082763686664 1
1 1082763686665 4
1 1082763686666 1
1 1082763686668 1
1 1082763686669 4
1 1082763686670 1
1 1082763686672 1
1 1082763686673 4
1 1082763686674 1
1 1082763686716 4
1 1082763686717 1
1 1082763686720 4
1 1082763686721 1
1 1082763686724 4
1 1082763686725 1
1 1082763686728 4
1 1082763686729 1
1 1082763686732 4
1 1082763686733 1
1 1082763686736 4
1 1082763686737 1
1 1082763686766 1
1 1082763686767 1
1 1082763686770 1
1 1082763686771 1
1 1082763686774 1
1 1082763686775 1
1 1082763686778 1
1 1082763686779 1
1 1082763686782 1
1 1082763686783 1
1 1082763686786 1
1 1082763686787 1
1 1082763686812 1
1 1082763686813 4
1 1082763686814 1
1 1082763686816 1
1 1082763686817 4
1 1082763686818 1
1 1082763686820 1
1 1082763686821 4
1 1082763686822 1
1 1082763686824 1
1 1082763686825 4
1 1082763686826 1
1 1082763686828 1
1 1082763686829 4
1 1082763686830 1
1 1082763686832 1
1 1082763686833 4
1 1082763686834 1
1 1082763686876 4
1 1082763686877 1
1 1082763686880 4
1 1082763686881 1
1 1082763686884 4
1 1082763686885 1
1 1082763686888 4
1 1082763686889 1
1 1082763686892 4
1 1082763686893 1
1 1082763686896 4
1 1082763686897 1
1 1082763686926 1
1 1082763686927 1
1 1082763686930 1
1 1082763686931 1
1 1082763686934 1
1 1082763686935 1
1 1082763686938 1
1 1082763686939 1
1 1082763686942 1
1 1082763686943 1
1 1082763686946 1
1 1082763686947 1
1 1082763686989 1
1 1082763686990 4
1 1082763686991 1
1 1082763686993 1
1 1082763686994 4
1 1082763686995 1
1 1082763686997 1
1 1082763686998 4
1 1082763686999 1
1 1082763687001 1
1 1082763687002 4
1 1082763687003 1
1 1082763687005 1
1 1082763687006 4
1 1082763687007 1
1 1082763687009 1
1 1082763687010 4
1 1082763687011 1
1 1082763687052 1
1 1082763687053 4
1 1082763687054 1
1 1082763687056 1
1 1082763687057 4
1 1082763687058 1
1 1082763687060 1
1 1082763687061 4
1 1082763687062 1
1 1082763687064 1
1 1082763687065 4
1 1082763687066 1
1 1082763687068 1
1 1082763687069 4
1 1082763687070 1
1 1082763687072 1
1 1082763687073 4
1 1082763687074 1
1 1082763687116 4
1 1082763687117 1
1 1082763687120 4
1 1082763687121 1
1 1082763687124 4
1 1082763687125 1
1 1082763687128 4
1 1082763687129 1
1 1082763687132 4
1 1082763687133 1
1 1082763687136 4
1 1082763687137 1
1 1082763687166 1
1 1082763687167 1
1 1082763687170 1
1 1082763687171 1
1 1082763687174 1
1 1082763687175 1
1 1082763687178 1
1 1082763687179 1
1 1082763687182 1
1 1082763687183 1
1 1082763687186 1
1 1082763687187 1
1 1082763687212 1
1 1082763687213 4
1 1082763687214 1
1 1082763687216 1
1 1082763687217 4
1 1082763687218 1
1 1082763687220 1
1 1082763687221 4
1 1082763687222 1
1 1082763687224 1
1 1082763687225 4
1 1082763687226 1
1 1082763687228 1
1 1082763687229 4
1 1082763687230 1
1 1082763687232 1
1 1082763687233 4
1 1082763687234 1
1 1082763687276 4
1 1082763687277 1
1 1082763687280 4
1 1082763687281 1
1 1082763687284 4
1 1082763687285 1
1 1082763687288 4
1 1082763687289 1
1 1082763687292 4
1 1082763687293 1
1 1082763687296 4
1 1082763687297 1
1 1082763687326 1
1 1082763687327 1
1 1082763687330 1
1 1082763687331 1
1 1082763687334 1
1 1082763687335 1
1 1082763687338 1
1 1082763687339 1
1 1082763687342 1
1 1082763687343 1
1 1082763687346 1
1 1082763687347 1
1 1082763687389 1
1 1082763687390 4
1 1082763687391 1
1 1082763687393 1
1 1082763687394 4
1 1082763687395 1
1 1082763687397 1
1 1082763687398 4
1 1082763687399 1
1 1082763687401 1
1 1082763687402 4
1 1082763687403 1
1 1082763687405 1
1 1082763687406 4
1 1082763687407 1
1 1082763687409 1
1 1082763687410 4
1 1082763687411 1
1 1082763687452 1
1 1082763687453 4
1 1082763687454 1
1 1082763687456 1
1 1082763687457 4
1 1082763687458 1
1 1082763687460 1
1 1082763687461 4
1 1082763687462 1
1 1082763687464 1
1 1082763687465 4
1 1082763687466 1
1 1082763687468 1
1 1082763687469 4
1 1082763687470 1
1 1082763687472 1
1 1082763687473 4
1 1082763687474 1
1 1082763687516 4
1 1082763687517 1
1 1082763687520 4
1 1082763687521 1
1 1082763687524 4
1 1082763687525 1
1 1082763687528 4
1 1082763687529 1
1 1082763687532 4
1 1082763687533 1
1 1082763687536 4
1 1082763687537 1
1 1082763687566 1
1 1082763687567 1
1 1082763687570 1
1 1082763687571 1
1 1082763687574 1
1 1082763687575 1
1 1082763687578 1
1 1082763687579 1
1 1082763687582 1
1 1082763687583 1
1 1082763687586 1
1 1082763687587 1
1 1082763687612 1
1 1082763687613 4
1 1082763687614 1
1 1082763687616 1
1 1082763687617 4
1 1082763687618 1
1 1082763687620 1
1 1082763687621 4
1 1082763687622 1
1 1082763687624 1
1 1082763687625 4
1 1082763687626 1
1 1082763687628 1
1 1082763687629 4
1 1082763687630 1
1 1082763687632 1
1 1082763687633 4
1 1082763687634 1
1 1082763687676 4
1 1082763687677 1
1 1082763687680 4
1 1082763687681 1
1 1082763687684 4
1 1082763687685 1
1 1082763687688 4
1 1082763687689 1
1 1082763687692 4
1 1082763687693 1
1 1082763687696 4
1 1082763687697 1
1 1082763687726 1
1 1082763687727 1
1 1082763687730 1
1 1082763687731 1
1 1082763687734 1
1 1082763687735 1
1 1082763687738 1
1 1082763687739 1
1 1082763687742 1
1 1082763687743 1
1 1082763687746 1
1 1082763687747 1
1 1082763687789 1
1 1082763687790 4
1 1082763687791 1
1 1082763687793 1
1 1082763687794 4
1 1082763687795 1
1 1082763687797 1
1 1082763687798 4
1 1082763687799 1
1 1082763687801 1
1 1082763687802 4
1 1082763687803 1
1 1082763687805 1
1 1082763687806 4
1 1082763687807 1
1 1082763687809 1
1 1082763687810 4
1 1082763687811 1
1 1082763687852 1
1 1082763687853 4
1 1082763687854 1
1 1082763687856 1
1 1082763687857 4
1 1082763687858 1
1 1082763687860 1
1 1082763687861 4
1 1082763687862 1
1 1082763687864 1
1 1082763687865 4
1 1082763687866 1
1 1082763687868 1
1 1082763687869 4
1 1082763687870 1
1 1082763687872 1
1 1082763687873 4
1 1082763687874 1
1 1082763687916 4
1 1082763687917 1
1 1082763687920 4
1 1082763687921 1
1 1082763687924 4
1 1082763687925 1
1 1082763687928 4
1 1082763687929 1
1 1082763687932 4
1 1082763687933 1
1 1082763687936 4
1 1082763687937 1
1 1082763687966 1
1 1082763687967 1
1 1082763687970 1
1 1082763687971 1
1 1082763687974 1
1 1082763687975 1
1 1082763687978 1
1 1082763687979 1
1 1082763687982 1
1 1082763687983 1
1 1082763687986 1
1 1082763687987 1
1 1082763688012 1
1 1082763688013 4
1 1082763688014 1
1 1082763688016 1
1 1082763688017 4
1 1082763688018 1
1 1082763688020 1
1 1082763688021 4
1 1082763688022 1
1 1082763688024 1
1 1082763688025 4
1 1082763688026 1
1 1082763688028 1
1 1082763688029 4
1 1082763688030 1
1 1082763688032 1
1 1082763688033 4
1 1082763688034 1
1 1082763688076 4
1 1082763688077 1
1 1082763688080 4
1 1082763688081 1
1 1082763688084 4
1 1082763688085 1
1 1082763688088 4
1 1082763688089 1
1 1082763688092 4
1 1082763688093 1
1 1082763688096 4
1 1082763688097 1
1 1082763688126 1
1 1082763688127 1
1 1082763688130 1
1 1082763688131 1
1 1082763688134 1
1 1082763688135 1
1 1082763688138 1
1 1082763688139 1
1 1082763688142 1
1 1082763688143 1
1 1082763688146 1
1 1082763688147 1
1 1082763688189 1
1 1082763688190 4
1 1082763688191 1
1 1082763688193 1
1 1082763688194 4
1 1082763688195 1
1 1082763688197 1
1 1082763688198 4
1 1082763688199 1
1 1082763688201 1
1 1082763688202 4
1 1082763688203 1
1 1082763688205 1
1 1082763688206 4
1 1082763688207 1
1 1082763688209 1
1 1082763688210 4
1 1082763688211 1
1 1082763688252 1
1 1082763688253 4
1 1082763688254 1
1 1082763688256 1
1 1082763688257 4
1 1082763688258 1
1 1082763688260 1
1 1082763688261 4
1 1082763688262 1
1 1082763688264 1
1 1082763688265 4
1 1082763688266 1
1 1082763688268 1
1 1082763688269 4
1 1082763688270 1
1 1082763688272 1
1 1082763688273 4
1 1082763688274 1
1 1082763688316 4
1 1082763688317 1
1 1082763688320 4
1 1082763688321 1
1 1082763688324 4
1 1082763688325 1
1 1082763688328 4
1 1082763688329 1
1 1082763688332 4
1 1082763688333 1
1 1082763688336 4
1 1082763688337 1
1 1082763688366 1
1 1082763688367 1
1 1082763688370 1
1 1082763688371 1
1 1082763688374 1
1 1082763688375 1
1 1082763688378 1
1 1082763688379 1
1 1082763688382 1
1 1082763688383 1
1 1082763688386 1
1 1082763688387 1
1 1082763688412 1
1 1082763688413 4
1 1082763688414 1
1 1082763688416 1
1 1082763688417 4
1 1082763688418 1
1 1082763688420 1
1 1082763688421 4
1 1082763688422 1
1 1082763688424 1
1 1082763688425 4
1 1082763688426 1
1 1082763688428 1
1 1082763688429 4
1 1082763688430 1
1 1082763688432 1
1 1082763688433 4
1 1082763688434 1
1 1082763688476 4
1 1082763688477 1
1 1082763688480 4
1 1082763688481 1
1 1082763688484 4
1 1082763688485 1
1 1082763688488 4
1 1082763688489 1
1 1082763688492 4
1 1082763688493 1
1 1082763688496 4
1 1082763688497 1
1 1082763688526 1
1 1082763688527 1
1 1082763688530 1
1 1082763688531 1
1 1082763688534 1
1 1082763688535 1
1 1082763688538 1
1 1082763688539 1
1 1082763688542 1
1 1082763688543 1
1 1082763688546 1
1 1082763688547 1
1 1082763688589 1
1 1082763688590 4
1 1082763688591 1
1 1082763688593 1
1 1082763688594 4
1 1082763688595 1
1 1082763688597 1
1 1082763688598 4
1 1082763688599 1
1 1082763688601 1
1 1082763688602 4
1 1082763688603 1
1 1082763688605 1
1 1082763688606 4
1 1082763688607 1
1 1082763688609 1
1 1082763688610 4
1 1082763688611 1
1 1082763688652 1
1 1082763688653 4
1 1082763688654 1
1 1082763688656 1
1 1082763688657 4
1 1082763688658 1
1 1082763688660 1
1 1082763688661 4
1 1082763688662 1
1 1082763688664 1
1 1082763688665 4
1 1082763688666 1
1 1082763688668 1
1 1082763688669 4
1 1082763688670 1
1 1082763688672 1
1 1082763688673 4
1 1082763688674 1
1 1082763688716 4
1 1082763688717 1
1 1082763688720 4
1 1082763688721 1
1 1082763688724 4
1 1082763688725 1
1 1082763688728 4
1 1082763688729 1
1 1082763688732 4
1 1082763688733 1
1 1082763688736 4
1 1082763688737 1
1 1082763688766 1
1 1082763688767 1
1 1082763688770 1
1 1082763688771 1
1 1082763688774 1
1 1082763688775 1
1 1082763688778 1
1 1082763688779 1
1 1082763688782 1
1 1082763688783 1
1 1082763688786 1
1 1082763688787 1
1 1082763688812 1
1 1082763688813 4
1 1082763688814 1
1 1082763688816 1
1 1082763688817 4
1 1082763688818 1
1 1082763688820 1
1 1082763688821 4
1 1082763688822 1
1 1082763688824 1
1 1082763688825 4
1 1082763688826 1
1 1082763688828 1
1 1082763688829 4
1 1082763688830 1
1 1082763688832 1
1 1082763688833 4
1 1082763688834 1
1 1082763688876 4
1 1082763688877 1
1 1082763688880 4
1 1082763688881 1
1 1082763688884 4
1 1082763688885 1
1 1082763688888 4
1 1082763688889 1
1 1082763688892 4
1 1082763688893 1
1 1082763688896 4
1 1082763688897 1
1 1082763688926 1
1 1082763688927 1
1 1082763688930 1
1 1082763688931 1
1 1082763688934 1
1 1082763688935 1
1 1082763688938 1
1 1082763688939 1
1 1082763688942 1
1 1082763688943 1
1 1082763688946 1
1 1082763688947 1
1 1082763688989 1
1 1082763688990 4
1 1082763688991 1
1 1082763688993 1
1 1082763688994 4
1 1082763688995 1
1 1082763688997 1
1 1082763688998 4
1 1082763688999 1
1 1082763689001 1
1 1082763689002 4
1 1082763689003 1
1 1082763689005 1
1 1082763689006 4
1 1082763689007 1
1 1082763689009 1
1 1082763689010 4
1 1082763689011 1
1 1082763689052 1
1 1082763689053 4
1 1082763689054 1
1 1082763689056 1
1 1082763689057 4
1 1082763689058 1
1 1082763689060 1
1 1082763689061 4
1 1082763689062 1
1 1082763689064 1
1 1082763689065 4
1 1082763689066 1
1 1082763689068 1
1 1082763689069 4
1 1082763689070 1
1 1082763689072 1
1 1082763689073 4
1 1082763689074 1
1 1082763689116 4
1 1082763689117 1
1 1082763689120 4
1 1082763689121 1
1 1082763689124 4
1 1082763689125 1
1 1082763689128 4
1 1082763689129 1
1 1082763689132 4
1 1082763689133 1
1 1082763689136 4
1 1082763689137 1
1 1082763689166 1
1 1082763689167 1
1 1082763689170 1
1 1082763689171 1
1 1082763689174 1
1 1082763689175 1
1 1082763689178 1
1 1082763689179 1
1 1082763689182 1
1 1082763689183 1
1 1082763689186 1
1 1082763689187 1
1 1082763689212 1
1 1082763689213 4
1 1082763689214 1
1 1082763689216 1
1 1082763689217 4
1 1082763689218 1
1 1082763689220 1
1 1082763689221 4
1 1082763689222 1
1 1082763689224 1
1 1082763689225 4
1 1082763689226 1
1 1082763689228 1
1 1082763689229 4
1 1082763689230 1
1 1082763689232 1
1 1082763689233 4
1 1082763689234 1
1 1082763689276 4
1 1082763689277 1
1 1082763689280 4
1 1082763689281 1
1 1082763689284 4
1 1082763689285 1
1 1082763689288 4
1 1082763689289 1
1 1082763689292 4
1 1082763689293 1
1 1082763689296 4
1 1082763689297 1
1 1082763689326 1
1 1082763689327 1
1 1082763689330 1
1 1082763689331 1
1 1082763689334 1
1 1082763689335 1
1 1082763689338 1
1 1082763689339 1
1 1082763689342 1
1 1082763689343 1
1 1082763689346 1
1 1082763689347 1
1 1082763689389 1
1 1082763689390 4
1 1082763689391 1
1 1082763689393 1
1 1082763689394 4
1 1082763689395 1
1 1082763689397 1
1 1082763689398 4
1 1082763689399 1
1 1082763689401 1
1 1082763689402 4
1 1082763689403 1
1 1082763689405 1
1 1082763689406 4
1 1082763689407 1
1 1082763689409 1
1 1082763689410 4
1 1082763689411 1
1 1082763689452 1
1 1082763689453 4
1 1082763689454 1
1 1082763689456 1
1 1082763689457 4
1 1082763689458 1
1 1082763689460 1
1 1082763689461 4
1 1082763689462 1
1 1082763689464 1
1 1082763689465 4
1 1082763689466 1
1 1082763689468 1
1 1082763689469 4
1 1082763689470 1
1 1082763689472 1
1 1082763689473 4
1 1082763689474 1
1 1082763689516 4
1 1082763689517 1
1 1082763689520 4
1 1082763689521 1
1 1082763689524 4
1 1082763689525 1
1 1082763689528 4
1 1082763689529 1
1 1082763689532 4
1 1082763689533 1
1 1082763689536 4
1 1082763689537 1
1 1082763689566 1
1 1082763689567 1
1 1082763689570 1
1 1082763689571 1
1 1082763689574 1
1 1082763689575 1
1 1082763689578 1
1 1082763689579 1
1 1082763689582 1
1 1082763689583 1
1 1082763689586 1
1 1082763689587 1
1 1082763689612 1
1 1082763689613 4
1 1082763689614 1
1 1082763689616 1
1 1082763689617 4
1 1082763689618 1
1 1082763689620 1
1 1082763689621 4
1 1082763689622 1
1 1082763689624 1
1 1082763689625 4
1 1082763689626 1
1 1082763689628 1
1 1082763689629 4
1 1082763689630 1
1 1082763689632 1
1 1082763689633 4
1 1082763689634 1
1 1082763689676 4
1 1082763689677 1
1 1082763689680 4
1 1082763689681 1
1 1082763689684 4
1 1082763689685 1
1 1082763689688 4
1 1082763689689 1
1 1082763689692 4
1 1082763689693 1
1 1082763689696 4
1 1082763689697 1
1 1082763689726 1
1 1082763689727 1
1 1082763689730 1
1 1082763689731 1
1 1082763689734 1
1 1082763689735 1
1 1082763689738 1
1 1082763689739 1
1 1082763689742 1
1 1082763689743 1
1 1082763689746 1
1 1082763689747 1
1 1082763689789 1
1 1082763689790 4
1 1082763689791 1
1 1082763689793 1
1 1082763689794 4
1 1082763689795 1
1 1082763689797 1
1 1082763689798 4
1 1082763689799 1
1 1082763689801 1
1 1082763689802 4
1 1082763689803 1
1 1082763689805 1
1 1082763689806 4
1 1082763689807 1
1 1082763689809 1
1 1082763689810 4
1 1082763689811 1
1 1082763689852 1
1 1082763689853 4
1 1082763689854 1
1 1082763689856 1
1 1082763689857 4
1 1082763689858 1
1 1082763689860 1
1 1082763689861 4
1 1082763689862 1
1 1082763689864 1
1 1082763689865 4
1 1082763689866 1
1 1082763689868 1
1 1082763689869 4
1 1082763689870 1
1 1082763689872 1
1 1082763689873 4
1 1082763689874 1
1 1082763689916 4
1 1082763689917 1
1 1082763689920 4
1 1082763689921 1
1 1082763689924 4
1 1082763689925 1
1 1082763689928 4
1 1082763689929 1
1 1082763689932 4
1 1082763689933 1
1 1082763689936 4
1 1082763689937 1
1 1082763689966 1
1 1082763689967 1
1 1082763689970 1
1 1082763689971 1
1 1082763689974 1
1 1082763689975 1
1 1082763689978 1
1 1082763689979 1
1 1082763689982 1
1 1082763689983 1
1 1082763689986 1
1 1082763689987 1
1 1082763690012 1
1 1082763690013 4
1 1082763690014 1
1 1082763690016 1
1 1082763690017 4
1 1082763690018 1
1 1082763690020 1
1 1082763690021 4
1 1082763690022 1
1 1082763690024 1
1 1082763690025 4
1 1082763690026 1
1 1082763690028 1
1 1082763690029 4
1 1082763690030 1
1 1082763690032 1
1 1082763690033 4
1 1082763690034 1
1 1082763690076 4
1 1082763690077 1
1 1082763690080 4
1 1082763690081 1
1 1082763690084 4
1 1082763690085 1
1 1082763690088 4
1 1082763690089 1
1 1082763690092 4
1 1082763690093 1
1 1082763690096 4
1 1082763690097 1
1 1082763690126 1
1 1082763690127 1
1 1082763690130 1
1 1082763690131 1
1 1082763690134 1
1 1082763690135 1
1 1082763690138 1
1 1082763690139 1
1 1082763690142 1
1 1082763690143 1
1 1082763690146 1
1 1082763690147 1
1 1082763690189 1
1 1082763690190 4
1 1082763690191 1
1 1082763690193 1
1 1082763690194 4
1 1082763690195 1
1 1082763690197 1
1 1082763690198 4
1 1082763690199 1
1 1082763690201 1
1 1082763690202 4
1 1082763690203 1
1 1082763690205 1
1 1082763690206 4
1 1082763690207 1
1 1082763690209 1
1 1082763690210 4
1 1082763690211 1
1 1082763690252 1
1 1082763690253 4
1 1082763690254 1
1 1082763690256 1
1 1082763690257 4
1 1082763690258 1
1 1082763690260 1
1 1082763690261 4
1 1082763690262 1
1 1082763690264 1
1 1082763690265 4
1 1082763690266 1
1 1082763690268 1
1 1082763690269 4
1 1082763690270 1
1 1082763690272 1
1 1082763690273 4
1 1082763690274 1
1 1082763690316 4
1 1082763690317 1
1 1082763690320 4
1 1082763690321 1
1 1082763690324 4
1 1082763690325 1
1 1082763690328 4
1 1082763690329 1
1 1082763690332 4
1 1082763690333 1
1 1082763690336 4
1 1082763690337 1
1 1082763690366 1
1 1082763690367 1
1 1082763690370 1
1 1082763690371 1
1 1082763690374 1
1 1082763690375 1
1 1082763690378 1
1 1082763690379 1
1 1082763690382 1
1 1082763690383 1
1 1082763690386 1
1 1082763690387 1
1 1082763690412 1
1 1082763690413 4
1 1082763690414 1
1 1082763690416 1
1 1082763690417 4
1 1082763690418 1
1 1082763690420 1
1 1082763690421 4
1 1082763690422 1
1 1082763690424 1
1 1082763690425 4
1 1082763690426 1
1 1082763690428 1
1 1082763690429 4
1 1082763690430 1
1 1082763690432 1
1 1082763690433 4
1 1082763690434 1
1 1082763690476 4
1 1082763690477 1
1 1082763690480 4
1 1082763690481 1
1 1082763690484 4
1 1082763690485 1
1 1082763690488 4
1 1082763690489 1
1 1082763690492 4
1 1082763690493 1
1 1082763690496 4
1 1082763690497 1
1 1082763690526 1
1 1082763690527 1
1 1082763690530 1
1 1082763690531 1
1 1082763690534 1
1 1082763690535 1
1 1082763690538 1
1 1082763690539 1
1 1082763690542 1
1 1082763690543 1
1 1082763690546 1
1 1082763690547 1
1 1082763690589 1
1 1082763690590 4
1 1082763690591 1
1 1082763690593 1
1 1082763690594 4
1 1082763690595 1
1 1082763690597 1
1 1082763690598 4
1 1082763690599 1
1 1082763690601 1
1 1082763690602 4
1 1082763690603 1
1 1082763690605 1
1 1082763690606 4
1 1082763690607 1
1 1082763690609 1
1 1082763690610 4
1 1082763690611 1
1 1082763690652 1
1 1082763690653 4
1 1082763690654 1
1 1082763690656 1
1 1082763690657 4
1 1082763690658 1
1 1082763690660 1
1 1082763690661 4
1 1082763690662 1
1 1082763690664 1
1 1082763690665 4
1 1082763690666 1
1 1082763690668 1
1 1082763690669 4
1 1082763690670 1
1 1082763690672 1
1 1082763690673 4
1 1082763690674 1
1 1082763690716 4
1 1082763690717 1
1 1082763690720 4
1 1082763690721 1
1 1082763690724 4
1 1082763690725 1
1 1082763690728 4
1 1082763690729 1
1 1082763690732 4
1 1082763690733 1
1 1082763690736 4
1 1082763690737 1
1 1082763690766 1
1 1082763690767 1
1 1082763690770 1
1 1082763690771 1
1 1082763690774 1
1 1082763690775 1
1 1082763690778 1
1 1082763690779 1
1 1082763690782 1
1 1082763690783 1
1 1082763690786 1
1 1082763690787 1
1 1082763690812 1
1 1082763690813 4
1 1082763690814 1
1 1082763690816 1
1 1082763690817 4
1 1082763690818 1
1 1082763690820 1
1 1082763690821 4
1 1082763690822 1
1 1082763690824 1
1 1082763690825 4
1 1082763690826 1
1 1082763690828 1
1 1082763690829 4
1 1082763690830 1
1 1082763690832 1
1 1082763690833 4
1 1082763690834 1
1 1082763690876 4
1 1082763690877 1
1 1082763690880 4
1 1082763690881 1
1 1082763690884 4
1 1082763690885 1
1 1082763690888 4
1 1082763690889 1
1 1082763690892 4
1 1082763690893 1
1 1082763690896 4
1 1082763690897 1
1 1082763690926 1
1 1082763690927 1
1 1082763690930 1
1 1082763690931 1
1 1082763690934 1
1 1082763690935 1
1 1082763690938 1
1 1082763690939 1
1 1082763690942 1
1 1082763690943 1
1 1082763690946 1
1 1082763690947 1
1 1082763690989 1
1 1082763690990 4
1 1082763690991 1
1 1082763690993 1
1 1082763690994 4
1 1082763690995 1
1 1082763690997 1
1 1082763690998 4
1 1082763690999 1
1 1082763691001 1
1 1082763691002 4
1 1082763691003 1
1 1082763691005 1
1 1082763691006 4
1 1082763691007 1
1 1082763691009 1
1 1082763691010 4
1 1082763691011 1
1 1082763691052 1
1 1082763691053 4
1 1082763691054 1
1 1082763691056 1
1 1082763691057 4
1 1082763691058 1
1 1082763691060 1
1 1082763691061 4
1 1082763691062 1
1 1082763691064 1
1 1082763691065 4
1 1082763691066 1
1 1082763691068 1
1 1082763691069 4
1 1082763691070 1
1 1082763691072 1
1 1082763691073 4
1 1082763691074 1
1 1082763691116 4
1 1082763691117 1
1 1082763691120 4
1 1082763691121 1
1 1082763691124 4
1 1082763691125 1
1 1082763691128 4
1 1082763691129 1
1 1082763691132 4
1 1082763691133 1
1 1082763691136 4
1 1082763691137 1
1 1082763691166 1
1 1082763691167 1
1 1082763691170 1
1 1082763691171 1
1 1082763691174 1
1 1082763691175 1
1 1082763691178 1
1 1082763691179 1
1 1082763691182 1
1 1082763691183 1
1 1082763691186 1
1 1082763691187 1
1 1082763691212 1
1 1082763691213 4
1 1082763691214 1
1 1082763691216 1
1 1082763691217 4
1 1082763691218 1
1 1082763691220 1
1 1082763691221 4
1 1082763691222 1
1 1082763691224 1
1 1082763691225 4
1 1082763691226 1
1 1082763691228 1
1 1082763691229 4
1 1082763691230 1
1 1082763691232 1
1 1082763691233 4
1 1082763691234 1
1 1082763691276 4
1 1082763691277 1
1 1082763691280 4
1 1082763691281 1
1 1082763691284 4
1 1082763691285 1
1 1082763691288 4
1 1082763691289 1
1 1082763691292 4
1 1082763691293 1
1 1082763691296 4
1 1082763691297 1
1 1082763691326 1
1 1082763691327 1
1 1082763691330 1
1 1082763691331 1
1 1082763691334 1
1 1082763691335 1
1 1082763691338 1
1 1082763691339 1
1 1082763691342 1
1 1082763691343 1
1 1082763691346 1
1 1082763691347 1
1 1082763691389 1
1 1082763691390 4
1 1082763691391 1
1 1082763691393 1
1 1082763691394 4
1 1082763691395 1
1 1082763691397 1
1 1082763691398 4
1 1082763691399 1
1 1082763691401 1
1 1082763691402 4
1 1082763691403 1
1 1082763691405 1
1 1082763691406 4
1 1082763691407 1
1 1082763691409 1
1 1082763691410 4
1 1082763691411 1
1 1082763691452 1
1 1082763691453 4
1 1082763691454 1
1 1082763691456 1
1 1082763691457 4
1 1082763691458 1
1 1082763691460 1
1 1082763691461 4
1 1082763691462 1
1 1082763691464 1
1 1082763691465 4
1 1082763691466 1
1 1082763691468 1
1 1082763691469 4
1 1082763691470 1
1 1082763691472 1
1 1082763691473 4
1 1082763691474 1
1 1082763691516 4
1 1082763691517 1
1 1082763691520 4
1 1082763691521 1
1 1082763691524 4
1 1082763691525 1
1 1082763691528 4
1 1082763691529 1
1 1082763691532 4
1 1082763691533 1
1 1082763691536 4
1 1082763691537 1
1 1082763691566 1
1 1082763691567 1
1 1082763691570 1
1 1082763691571 1
1 1082763691574 1
1 1082763691575 1
1 1082763691578 1
1 1082763691579 1
1 1082763691582 1
1 1082763691583 1
1 1082763691586 1
1 1082763691587 1
1 1082763691612 1
1 1082763691613 4
1 1082763691614 1
1 1082763691616 1
1 1082763691617 4
1 1082763691618 1
1 1082763691620 1
1 1082763691621 4
1 1082763691622 1
1 1082763691624 1
1 1082763691625 4
1 1082763691626 1
1 1082763691628 1
1 1082763691629 4
1 1082763691630 1
1 1082763691632 1
1 1082763691633 4
1 1082763691634 1
1 1082763691676 4
1 1082763691677 1
1 1082763691680 4
1 1082763691681 1
1 1082763691684 4
1 1082763691685 1
1 1082763691688 4
1 1082763691689 1
1 1082763691692 4
1 1082763691693 1
1 1082763691696 4
1 1082763691697 1
1 1082763691726 1
1 1082763691727 1
1 1082763691730 1
1 1082763691731 1
1 1082763691734 1
1 1082763691735 1
1 1082763691738 1
1 1082763691739 1
1 1082763691742 1
1 1082763691743 1
1 1082763691746 1
1 1082763691747 1
1 1082763691789 1
1 1082763691790 4
1 1082763691791 1
1 1082763691793 1
1 1082763691794 4
1 1082763691795 1
1 1082763691797 1
1 1082763691798 4
1 1082763691799 1
1 1082763691801 1
1 1082763691802 4
1 1082763691803 1
1 1082763691805 1
1 1082763691806 4
1 1082763691807 1
1 1082763691809 1
1 1082763691810 4
1 1082763691811 1
1 1082763691852 1
1 1082763691853 4
1 1082763691854 1
1 1082763691856 1
1 1082763691857 4
1 1082763691858 1
1 1082763691860 1
1 1082763691861 4
1 1082763691862 1
1 1082763691864 1
1 1082763691865 4
1 1082763691866 1
1 1082763691868 1
1 1082763691869 4
1 1082763691870 1
1 1082763691872 1
1 1082763691873 4
1 1082763691874 1
1 1082763691916 4
1 1082763691917 1
1 1082763691920 4
1 1082763691921 1
1 1082763691924 4
1 1082763691925 1
1 1082763691928 4
1 1082763691929 1
1 1082763691932 4
1 1082763691933 1
1 1082763691936 4
1 1082763691937 1
1 1082763691966 1
1 1082763691967 1
1 1082763691970 1
1 1082763691971 1
1 1082763691974 1
1 1082763691975 1
1 1082763691978 1
1 1082763691979 1
1 1082763691982 1
1 1082763691983 1
1 1082763691986 1
1 1082763691987 1
1 1082763692012 1
1 1082763692013 4
1 1082763692014 1
1 1082763692016 1
1 1082763692017 4
1 1082763692018 1
1 1082763692020 1
1 1082763692021 4
1 1082763692022 1
1 1082763692024 1
1 1082763692025 4
1 1082763692026 1
1 1082763692028 1
1 1082763692029 4
1 1082763692030 1
1 1082763692032 1
1 1082763692033 4
1 1082763692034 1
1 1082763692076 4
1 1082763692077 1
1 1082763692080 4
1 1082763692081 1
1 1082763692084 4
1 1082763692085 1
1 1082763692088 4
1 1082763692089 1
1 1082763692092 4
1 1082763692093 1
1 1082763692096 4
1 1082763692097 1
1 1082763692126 1
1 1082763692127 1
1 1082763692130 1
1 1082763692131 1
1 1082763692134 1
1 1082763692135 1
1 1082763692138 1
1 1082763692139 1
1 1082763692142 1
1 1082763692143 1
1 1082763692146 1
1 1082763692147 1
1 1082763692189 1
1 1082763692190 4
1 1082763692191 1
1 1082763692193 1
1 1082763692194 4
1 1082763692195 1
1 1082763692197 1
1 1082763692198 4
1 1082763692199 1
1 1082763692201 1
1 1082763692202 4
1 1082763692203 1
1 1082763692205 1
1 1082763692206 4
1 1082763692207 1
1 1082763692209 1
1 1082763692210 4
1 1082763692211 1
1 1082763692252 1
1 1082763692253 4
1 1082763692254 1
1 1082763692256 1
1 1082763692257 4
1 1082763692258 1
1 1082763692260 1
1 1082763692261 4
1 1082763692262 1
1 1082763692264 1
1 1082763692265 4
1 1082763692266 1
1 1082763692268 1
1 1082763692269 4
1 1082763692270 1
1 1082763692272 1
1 1082763692273 4
1 1082763692274 1
1 1082763692316 4
1 1082763692317 1
1 1082763692320 4
1 1082763692321 1
1 1082763692324 4
1 1082763692325 1
1 1082763692328 4
1 1082763692329 1
1 1082763692332 4
1 1082763692333 1
1 1082763692336 4
1 1082763692337 1
1 1082763692366 1
1 1082763692367 1
1 1082763692370 1
1 1082763692371 1
1 1082763692374 1
1 1082763692375 1
1 1082763692378 1
1 1082763692379 1
1 1082763692382 1
1 1082763692383 1
1 1082763692386 1
1 1082763692387 1
1 1082763692412 1
1 1082763692413 4
1 1082763692414 1
1 1082763692416 1
1 1082763692417 4
1 1082763692418 1
1 1082763692420 1
1 1082763692421 4
1 1082763692422 1
1 1082763692424 1
1 1082763692425 4
1 1082763692426 1
1 1082763692428 1
1 1082763692429 4
1 1082763692430 1
1 1082763692432 1
1 1082763692433 4
1 1082763692434 1
1 1082763692476 4
1 1082763692477 1
1 1082763692480 4
1 1082763692481 1
1 1082763692484 4
1 1082763692485 1
1 1082763692488 4
1 1082763692489 1
1 1082763692492 4
1 1082763692493 1
1 1082763692496 4
1 1082763692497 1
1 1082763692526 1
1 1082763692527 1
1 1082763692530 1
1 1082763692531 1
1 1082763692534 1
1 1082763692535 1
1 1082763692538 1
1 1082763692539 1
1 1082763692542 1
1 1082763692543 1
1 1082763692546 1
1 1082763692547 1
1 1082763692589 1
1 1082763692590 4
1 1082763692591 1
1 1082763692593 1
1 1082763692594 4
1 1082763692595 1
1 1082763692597 1
1 1082763692598 4
1 1082763692599 1
1 1082763692601 1
1 1082763692602 4
1 1082763692603 1
1 1082763692605 1
1 1082763692606 4
1 1082763692607 1
1 1082763692609 1
1 1082763692610 4
1 1082763692611 1
1 1082763692652 1
1 1082763692653 4
1 1082763692654 1
1 1082763692656 1
1 1082763692657 4
1 1082763692658 1
1 1082763692660 1
1 1082763692661 4
1 1082763692662 1
1 1082763692664 1
1 1082763692665 4
1 1082763692666 1
1 1082763692668 1
1 1082763692669 4
1 1082763692670 1
1 1082763692672 1
1 1082763692673 4
1 1082763692674 1
1 1082763692716 4
1 1082763692717 1
1 1082763692720 4
1 1082763692721 1
1 1082763692724 4
1 1082763692725 1
1 1082763692728 4
1 1082763692729 1
1 1082763692732 4
1 1082763692733 1
1 1082763692736 4
1 1082763692737 1
1 1082763692766 1
1 1082763692767 1
1 1082763692770 1
1 1082763692771 1
1 1082763692774 1
1 1082763692775 1
1 1082763692778 1
1 1082763692779 1
1 1082763692782 1
1 1082763692783 1
1 1082763692786 1
1 1082763692787 1
1 1082763692812 1
1 1082763692813 4
1 1082763692814 1
1 1082763692816 1
1 1082763692817 4
1 1082763692818 1
1 1082763692820 1
1 1082763692821 4
1 1082763692822 1
1 1082763692824 1
1 1082763692825 4
1 1082763692826 1
1 1082763692828 1
1 1082763692829 4
1 1082763692830 1
1 1082763692832 1
1 1082763692833 4
1 1082763692834 1
1 1082763692876 4
1 1082763692877 1
1 1082763692880 4
1 1082763692881 1
1 1082763692884 4
1 1082763692885 1
1 1082763692888 4
1 1082763692889 1
1 1082763692892 4
1 1082763692893 1
1 1082763692896 4
1 1082763692897 1
1 1082763692926 1
1 1082763692927 1
1 1082763692930 1
1 1082763692931 1
1 1082763692934 1
1 1082763692935 1
1 1082763692938 1
1 1082763692939 1
1 1082763692942 1
1 1082763692943 1
1 1082763692946 1
1 1082763692947 1
1 1082763692989 1
1 1082763692990 4
1 1082763692991 1
1 1082763692993 1
1 1082763692994 4
1 1082763692995 1
1 1082763692997 1
1 1082763692998 4
1 1082763692999 1
1 1082763693001 1
1 1082763693002 4
1 1082763693003 1
1 1082763693005 1
1 1082763693006 4
1 1082763693007 1
1 1082763693009 1
1 1082763693010 4
1 1082763693011 1
1 1082763693052 1
1 1082763693053 4
1 1082763693054 1
1 1082763693056 1
1 1082763693057 4
1 1082763693058 1
1 1082763693060 1
1 1082763693061 4
1 1082763693062 1
1 1082763693064 1
1 1082763693065 4
1 1082763693066 1
1 1082763693068 1
1 1082763693069 4
1 1082763693070 1
1 1082763693072 1
1 1082763693073 4
1 1082763693074 1
1 1082763693116 4
1 1082763693117 1
1 1082763693120 4
1 1082763693121 1
1 1082763693124 4
1 1082763693125 1
1 1082763693128 4
1 1082763693129 1
1 1082763693132 4
1 1082763693133 1
1 1082763693136 4
1 1082763693137 1
1 1082763693166 1
1 1082763693167 1
1 1082763693170 1
1 1082763693171 1
1 1082763693174 1
1 1082763693175 1
1 1082763693178 1
1 1082763693179 1
1 1082763693182 1
1 1082763693183 1
1 1082763693186 1
1 1082763693187 1
1 1082763693212 1
1 1082763693213 4
1 1082763693214 1
1 1082763693216 1
1 1082763693217 4
1 1082763693218 1
1 1082763693220 1
1 1082763693221 4
1 1082763693222 1
1 1082763693224 1
1 1082763693225 4
1 1082763693226 1
1 1082763693228 1
1 1082763693229 4
1 1082763693230 1
1 1082763693232 1
1 1082763693233 4
1 1082763693234 1
1 1082763693276 4
1 1082763693277 1
1 1082763693280 4
1 1082763693281 1
1 1082763693284 4
1 1082763693285 1
1 1082763693288 4
1 1082763693289 1
1 1082763693292 4
1 1082763693293 1
1 1082763693296 4
1 1082763693297 1
1 1082763693326 1
1 1082763693327 1
1 1082763693330 1
1 1082763693331 1
1 1082763693334 1
1 1082763693335 1
1 1082763693338 1
1 1082763693339 1
1 1082763693342 1
1 1082763693343 1
1 1082763693346 1
1 1082763693347 1
1 1082763693389 1
1 1082763693390 4
1 1082763693391 1
1 1082763693393 1
1 1082763693394 4
1 1082763693395 1
1 1082763693397 1
1 1082763693398 4
1 1082763693399 1
1 1082763693401 1
1 1082763693402 4
1 1082763693403 1
1 1082763693405 1
1 1082763693406 4
1 1082763693407 1
1 1082763693409 1
1 1082763693410 4
1 1082763693411 1
1 1082763693452 1
1 1082763693453 4
1 1082763693454 1
1 1082763693456 1
1 1082763693457 4
1 1082763693458 1
1 1082763693460 1
1 1082763693461 4
1 1082763693462 1
1 1082763693464 1
1 1082763693465 4
1 1082763693466 1
1 1082763693468 1
1 1082763693469 4
1 1082763693470 1
1 1082763693472 1
1 1082763693473 4
1 1082763693474 1
1 1082763693516 4
1 1082763693517 1
1 1082763693520 4
1 1082763693521 1
1 1082763693524 4
1 1082763693525 1
1 1082763693528 4
1 1082763693529 1
1 1082763693532 4
1 1082763693533 1
1 1082763693536 4
1 1082763693537 1
1 1082763693566 1
1 1082763693567 1
1 1082763693570 1
1 1082763693571 1
1 1082763693574 1
1 1082763693575 1
1 1082763693578 1
1 1082763693579 1
1 1082763693582 1
1 1082763693583 1
1 1082763693586 1
1 1082763693587 1
1 1082763693612 1
1 1082763693613 4
1 1082763693614 1
1 1082763693616 1
1 1082763693617 4
1 1082763693618 1
1 1082763693620 1
1 1082763693621 4
1 1082763693622 1
1 1082763693624 1
1 1082763693625 4
1 1082763693626 1
1 1082763693628 1
1 1082763693629 4
1 1082763693630 1
1 1082763693632 1
1 1082763693633 4
1 1082763693634 1
1 1082763693676 4
1 1082763693677 1
1 1082763693680 4
1 1082763693681 1
1 1082763693684 4
1 1082763693685 1
1 1082763693688 4
1 1082763693689 1
1 1082763693692 4
1 1082763693693 1
1 1082763693696 4
1 1082763693697 1
1 1082763693726 1
1 1082763693727 1
1 1082763693730 1
1 1082763693731 1
1 1082763693734 1
1 1082763693735 1
1 1082763693738 1
1 1082763693739 1
1 1082763693742 1
1 1082763693743 1
1 1082763693746 1
1 1082763693747 1
1 1082763693789 1
1 1082763693790 4
1 1082763693791 1
1 1082763693793 1
1 1082763693794 4
1 1082763693795 1
1 1082763693797 1
1 1082763693798 4
1 1082763693799 1
1 1082763693801 1
1 1082763693802 4
1 1082763693803 1
1 1082763693805 1
1 1082763693806 4
1 1082763693807 1
1 1082763693809 1
1 1082763693810 4
1 1082763693811 1
1 1082763693852 1
1 1082763693853 4
1 1082763693854 1
1 1082763693856 1
1 1082763693857 4
1 1082763693858 1
1 1082763693860 1
1 1082763693861 4
1 1082763693862 1
1 1082763693864 1
1 1082763693865 4
1 1082763693866 1
1 1082763693868 1
1 1082763693869 4
1 1082763693870 1
1 1082763693872 1
1 1082763693873 4
1 1082763693874 1
1 1082763693916 4
1 1082763693917 1
1 1082763693920 4
1 1082763693921 1
1 1082763693924 4
1 1082763693925 1
1 1082763693928 4
1 1082763693929 1
1 1082763693932 4
1 1082763693933 1
1 1082763693936 4
1 1082763693937 1
1 1082763693966 1
1 1082763693967 1
1 1082763693970 1
1 1082763693971 1
1 1082763693974 1
1 1082763693975 1
1 1082763693978 1
1 1082763693979 1
1 1082763693982 1
1 1082763693983 1
1 1082763693986 1
1 1082763693987 1
1 1082763694012 1
1 1082763694013 4
1 1082763694014 1
1 1082763694016 1
1 1082763694017 4
1 1082763694018 1
1 1082763694020 1
1 1082763694021 4
1 1082763694022 1
1 1082763694024 1
1 1082763694025 4
1 1082763694026 1
1 1082763694028 1
1 1082763694029 4
1 1082763694030 1
1 1082763694032 1
1 1082763694033 4
1 1082763694034 1
1 1082763694076 4
1 1082763694077 1
1 1082763694080 4
1 1082763694081 1
1 1082763694084 4
1 1082763694085 1
1 1082763694088 4
1 1082763694089 1
1 1082763694092 4
1 1082763694093 1
1 1082763694096 4
1 1082763694097 1
1 1082763694126 1
1 1082763694127 1
1 1082763694130 1
1 1082763694131 1
1 1082763694134 1
1 1082763694135 1
1 1082763694138 1
1 1082763694139 1
1 1082763694142 1
1 1082763694143 1
1 1082763694146 1
1 1082763694147 1
1 1082763694189 1
1 1082763694190 4
1 1082763694191 1
1 1082763694193 1
1 1082763694194 4
1 1082763694195 1
1 1082763694197 1
1 1082763694198 4
1 1082763694199 1
1 1082763694201 1
1 1082763694202 4
1 1082763694203 1
1 1082763694205 1
1 1082763694206 4
1 1082763694207 1
1 1082763694209 1
1 1082763694210 4
1 1082763694211 1
1 1082763694252 1
1 1082763694253 4
1 1082763694254 1
1 1082763694256 1
1 1082763694257 4
1 1082763694258 1
1 1082763694260 1
1 1082763694261 4
1 1082763694262 1
1 1082763694264 1
1 1082763694265 4
1 1082763694266 1
1 1082763694268 1
1 1082763694269 4
1 1082763694270 1
1 1082763694272 1
1 1082763694273 4
1 1082763694274 1
1 1082763694316 4
1 1082763694317 1
1 1082763694320 4
1 1082763694321 1
1 1082763694324 4
1 1082763694325 1
1 1082763694328 4
1 1082763694329 1
1 1082763694332 4
1 1082763694333 1
1 1082763694336 4
1 1082763694337 1
1 1082763694366 1
1 1082763694367 1
1 1082763694370 1
1 1082763694371 1
1 1082763694374 1
1 1082763694375 1
1 1082763694378 1
1 1082763694379 1
1 1082763694382 1
1 1082763694383 1
1 1082763694386 1
1 1082763694387 1
1 1082763694412 1
1 1082763694413 4
1 1082763694414 1
1 1082763694416 1
1 1082763694417 4
1 1082763694418 1
1 1082763694420 1
1 1082763694421 4
1 1082763694422 1
1 1082763694424 1
1 1082763694425 4
1 1082763694426 1
1 1082763694428 1
1 1082763694429 4
1 1082763694430 1
1 1082763694432 1
1 1082763694433 4
1 1082763694434 1
1 1082763694476 4
1 1082763694477 1
1 1082763694480 4
1 1082763694481 1
1 1082763694484 4
1 1082763694485 1
1 1082763694488 4
1 1082763694489 1
1 1082763694492 4
1 1082763694493 1
1 1082763694496 4
1 1082763694497 1
1 1082763694526 1
1 1082763694527 1
1 1082763694530 1
1 1082763694531 1
1 1082763694534 1
1 1082763694535 1
1 1082763694538 1
1 1082763694539 1
1 1082763694542 1
1 1082763694543 1
1 1082763694546 1
1 1082763694547 1
1 1082763694589 1
1 1082763694590 4
1 1082763694591 1
1 1082763694593 1
1 1082763694594 4
1 1082763694595 1
1 1082763694597 1
1 1082763694598 4
1 1082763694599 1
1 1082763694601 1
1 1082763694602 4
1 1082763694603 1
1 1082763694605 1
1 1082763694606 4
1 1082763694607 1
1 1082763694609 1
1 1082763694610 4
1 1082763694611 1
1 1082763694652 1
1 1082763694653 4
1 1082763694654 1
1 1082763694656 1
1 1082763694657 4
1 1082763694658 1
1 1082763694660 1
1 1082763694661 4
1 1082763694662 1
1 1082763694664 1
1 1082763694665 4
1 1082763694666 1
1 1082763694668 1
1 1082763694669 4
1 1082763694670 1
1 1082763694672 1
1 1082763694673 4
1 1082763694674 1
1 1082763694716 4
1 1082763694717 1
1 1082763694720 4
1 1082763694721 1
1 1082763694724 4
1 1082763694725 1
1 1082763694728 4
1 1082763694729 1
1 1082763694732 4
1 1082763694733 1
1 1082763694736 4
1 1082763694737 1
1 1082763694766 1
1 1082763694767 1
1 1082763694770 1
1 1082763694771 1
1 1082763694774 1
1 1082763694775 1
1 1082763694778 1
1 1082763694779 1
1 1082763694782 1
1 1082763694783 1
1 1082763694786 1
1 1082763694787 1
1 1082763694812 1
1 1082763694813 4
1 1082763694814 1
1 1082763694816 1
1 1082763694817 4
1 1082763694818 1
1 1082763694820 1
1 1082763694821 4
1 1082763694822 1
1 1082763694824 1
1 1082763694825 4
1 1082763694826 1
1 1082763694828 1
1 1082763694829 4
1 1082763694830 1
1 1082763694832 1
1 1082763694833 4
1 1082763694834 1
1 1082763694876 4
1 1082763694877 1
1 1082763694880 4
1 1082763694881 1
1 1082763694884 4
1 1082763694885 1
1 1082763694888 4
1 1082763694889 1
1 1082763694892 4
1 1082763694893 1
1 1082763694896 4
1 1082763694897 1
1 1082763694926 1
1 1082763694927 1
1 1082763694930 1
1 1082763694931 1
1 1082763694934 1
1 1082763694935 1
1 1082763694938 1
1 1082763694939 1
1 1082763694942 1
1 1082763694943 1
1 1082763694946 1
1 1082763694947 1
1 1082763694989 1
1 1082763694990 4
1 1082763694991 1
1 1082763694993 1
1 1082763694994 4
1 1082763694995 1
1 1082763694997 1
1 1082763694998 4
1 1082763694999 1
1 1082763695001 1
1 1082763695002 4
1 1082763695003 1
1 1082763695005 1
1 1082763695006 4
1 1082763695007 1
1 1082763695009 1
1 1082763695010 4
1 1082763695011 1
1 1082763695052 1
1 1082763695053 4
1 1082763695054 1
1 1082763695056 1
1 1082763695057 4
1 1082763695058 1
1 1082763695060 1
1 1082763695061 4
1 1082763695062 1
1 1082763695064 1
1 1082763695065 4
1 1082763695066 1
1 1082763695068 1
1 1082763695069 4
1 1082763695070 1
1 1082763695072 1
1 1082763695073 4
1 1082763695074 1
1 1082763695116 4
1 1082763695117 1
1 1082763695120 4
1 1082763695121 1
1 1082763695124 4
1 1082763695125 1
1 1082763695128 4
1 1082763695129 1
1 1082763695132 4
1 1082763695133 1
1 1082763695136 4
1 1082763695137 1
1 1082763695166 1
1 1082763695167 1
1 1082763695170 1
1 1082763695171 1
1 1082763695174 1
1 1082763695175 1
1 1082763695178 1
1 1082763695179 1
1 1082763695182 1
1 1082763695183 1
1 1082763695186 1
1 1082763695187 1
1 1082763695212 1
1 1082763695213 4
1 1082763695214 1
1 1082763695216 1
1 1082763695217 4
1 1082763695218 1
1 1082763695220 1
1 1082763695221 4
1 1082763695222 1
1 1082763695224 1
1 1082763695225 4
1 1082763695226 1
1 1082763695228 1
1 1082763695229 4
1 1082763695230 1
1 1082763695232 1
1 1082763695233 4
1 1082763695234 1
1 1082763695276 4
1 1082763695277 1
1 1082763695280 4
1 1082763695281 1
1 1082763695284 4
1 1082763695285 1
1 1082763695288 4
1 1082763695289 1
1 1082763695292 4
1 1082763695293 1
1 1082763695296 4
1 1082763695297 1
1 1082763695326 1
1 1082763695327 1
1 1082763695330 1
1 1082763695331 1
1 1082763695334 1
1 1082763695335 1
1 1082763695338 1
1 1082763695339 1
1 1082763695342 1
1 1082763695343 1
1 1082763695346 1
1 1082763695347 1
1 1082763695389 1
1 1082763695390 4
1 1082763695391 1
1 1082763695393 1
1 1082763695394 4
1 1082763695395 1
1 1082763695397 1
1 1082763695398 4
1 1082763695399 1
1 1082763695401 1
1 1082763695402 4
1 1082763695403 1
1 1082763695405 1
1 1082763695406 4
1 1082763695407 1
1 1082763695409 1
1 1082763695410 4
1 1082763695411 1
1 1082763695452 1
1 1082763695453 4
1 1082763695454 1
1 1082763695456 1
1 1082763695457 4
1 1082763695458 1
1 1082763695460 1
1 1082763695461 4
1 1082763695462 1
1 1082763695464 1
1 1082763695465 4
1 1082763695466 1
1 1082763695468 1
1 1082763695469 4
1 1082763695470 1
1 1082763695472 1
1 1082763695473 4
1 1082763695474 1
1 1082763695516 4
1 1082763695517 1
1 1082763695520 4
1 1082763695521 1
1 1082763695524 4
1 1082763695525 1
1 1082763695528 4
1 1082763695529 1
1 1082763695532 4
1 1082763695533 1
1 1082763695536 4
1 1082763695537 1
1 1082763695566 1
1 1082763695567 1
1 1082763695570 1
1 1082763695571 1
1 1082763695574 1
1 1082763695575 1
1 1082763695578 1
1 1082763695579 1
1 1082763695582 1
1 1082763695583 1
1 1082763695586 1
1 1082763695587 1
1 1082763695612 1
1 1082763695613 4
1 1082763695614 1
1 1082763695616 1
1 1082763695617 4
1 1082763695618 1
1 1082763695620 1
1 1082763695621 4
1 1082763695622 1
1 1082763695624 1
1 1082763695625 4
1 1082763695626 1
1 1082763695628 1
1 1082763695629 4
1 1082763695630 1
1 1082763695632 1
1 1082763695633 4
1 1082763695634 1
1 1082763695676 4
1 1082763695677 1
1 1082763695680 4
1 1082763695681 1
1 1082763695684 4
1 1082763695685 1
1 1082763695688 4
1 1082763695689 1
1 1082763695692 4
1 1082763695693 1
1 1082763695696 4
1 1082763695697 1
1 1082763695726 1
1 1082763695727 1
1 1082763695730 1
1 1082763695731 1
1 1082763695734 1
1 1082763695735 1
1 1082763695738 1
1 1082763695739 1
1 1082763695742 1
1 1082763695743 1
1 1082763695746 1
1 1082763695747 1
1 1082763695789 1
1 1082763695790 4
1 1082763695791 1
1 1082763695793 1
1 1082763695794 4
1 1082763695795 1
1 1082763695797 1
1 1082763695798 4
1 1082763695799 1
1 1082763695801 1
1 1082763695802 4
1 1082763695803 1
1 1082763695805 1
1 1082763695806 4
1 1082763695807 1
1 1082763695809 1
1 1082763695810 4
1 1082763695811 1
1 1082763695852 1
1 1082763695853 4
1 1082763695854 1
1 1082763695856 1
1 1082763695857 4
1 1082763695858 1
1 1082763695860 1
1 1082763695861 4
1 1082763695862 1
1 1082763695864 1
1 1082763695865 4
1 1082763695866 1
1 1082763695868 1
1 1082763695869 4
1 1082763695870 1
1 1082763695872 1
1 1082763695873 4
1 1082763695874 1
1 1082763695916 4
1 1082763695917 1
1 1082763695920 4
1 1082763695921 1
1 1082763695924 4
1 1082763695925 1
1 1082763695928 4
1 1082763695929 1
1 1082763695932 4
1 1082763695933 1
1 1082763695936 4
1 1082763695937 1
1 1082763695966 1
1 1082763695967 1
1 1082763695970 1
1 1082763695971 1
1 1082763695974 1
1 1082763695975 1
1 1082763695978 1
1 1082763695979 1
1 1082763695982 1
1 1082763695983 1
1 1082763695986 1
1 1082763695987 1
1 1082763696012 1
1 1082763696013 4
1 1082763696014 1
1 1082763696016 1
1 1082763696017 4
1 1082763696018 1
1 1082763696020 1
1 1082763696021 4
1 1082763696022 1
1 1082763696024 1
1 1082763696025 4
1 1082763696026 1
1 1082763696028 1
1 1082763696029 4
1 1082763696030 1
1 1082763696032 1
1 1082763696033 4
1 1082763696034 1
1 1082763696076 4
1 1082763696077 1
1 1082763696080 4
1 1082763696081 1
1 1082763696084 4
1 1082763696085 1
1 1082763696088 4
1 1082763696089 1
1 1082763696092 4
1 1082763696093 1
1 1082763696096 4
1 1082763696097 1
1 1082763696126 1
1 1082763696127 1
1 1082763696130 1
1 1082763696131 1
1 1082763696134 1
1 1082763696135 1
1 1082763696138 1
1 1082763696139 1
1 1082763696142 1
1 1082763696143 1
1 1082763696146 1
1 1082763696147 1
1 1082763696189 1
1 1082763696190 4
1 1082763696191 1
1 1082763696193 1
1 1082763696194 4
1 1082763696195 1
1 1082763696197 1
1 1082763696198 4
1 1082763696199 1
1 1082763696201 1
1 1082763696202 4
1 1082763696203 1
1 1082763696205 1
1 1082763696206 4
1 1082763696207 1
1 1082763696209 1
1 1082763696210 4
1 1082763696211 1
1 1082763696252 1
1 1082763696253 4
1 1082763696254 1
1 1082763696256 1
1 1082763696257 4
1 1082763696258 1
1 1082763696260 1
1 1082763696261 4
1 1082763696262 1
1 1082763696264 1
1 1082763696265 4
1 1082763696266 1
1 1082763696268 1
1 1082763696269 4
1 1082763696270 1
1 1082763696272 1
1 1082763696273 4
1 1082763696274 1
1 1082763696316 4
1 1082763696317 1
1 1082763696320 4
1 1082763696321 1
1 1082763696324 4
1 1082763696325 1
1 1082763696328 4
1 1082763696329 1
1 1082763696332 4
1 1082763696333 1
1 1082763696336 4
1 1082763696337 1
1 1082763696366 1
1 1082763696367 1
1 1082763696370 1
1 1082763696371 1
1 1082763696374 1
1 1082763696375 1
1 1082763696378 1
1 1082763696379 1
1 1082763696382 1
1 1082763696383 1
1 1082763696386 1
1 1082763696387 1
1 1082763696412 1
1 1082763696413 4
1 1082763696414 1
1 1082763696416 1
1 1082763696417 4
1 1082763696418 1
1 1082763696420 1
1 1082763696421 4
1 1082763696422 1
1 1082763696424 1
1 1082763696425 4
1 1082763696426 1
1 1082763696428 1
1 1082763696429 4
1 1082763696430 1
1 1082763696432 1
1 1082763696433 4
1 1082763696434 1
1 1082763696476 4
1 1082763696477 1
1 1082763696480 4
1 1082763696481 1
1 1082763696484 4
1 1082763696485 1
1 1082763696488 4
1 1082763696489 1
1 1082763696492 4
1 1082763696493 1
1 1082763696496 4
1 1082763696497 1
1 1082763696526 1
1 1082763696527 1
1 1082763696530 1
1 1082763696531 1
1 1082763696534 1
1 1082763696535 1
1 1082763696538 1
1 1082763696539 1
1 1082763696542 1
1 1082763696543 1
1 1082763696546 1
1 1082763696547 1
1 1082763696589 1
1 1082763696590 4
1 1082763696591 1
1 1082763696593 1
1 1082763696594 4
1 1082763696595 1
1 1082763696597 1
1 1082763696598 4
1 1082763696599 1
1 1082763696601 1
1 1082763696602 4
1 1082763696603 1
1 1082763696605 1
1 1082763696606 4
1 1082763696607 1
1 1082763696609 1
1 1082763696610 4
1 1082763696611 1
1 1082763696652 1
1 1082763696653 4
1 1082763696654 1
1 1082763696656 1
1 1082763696657 4
1 1082763696658 1
1 1082763696660 1
1 1082763696661 4
1 1082763696662 1
1 1082763696664 1
1 1082763696665 4
1 1082763696666 1
1 1082763696668 1
1 1082763696669 4
1 1082763696670 1
1 1082763696672 1
1 1082763696673 4
1 1082763696674 1
1 1082763696716 4
1 1082763696717 1
1 1082763696720 4
1 1082763696721 1
1 1082763696724 4
1 1082763696725 1
1 1082763696728 4
1 1082763696729 1
1 1082763696732 4
1 1082763696733 1
1 1082763696736 4
1 1082763696737 1
1 1082763696766 1
1 1082763696767 1
1 1082763696770 1
1 1082763696771 1
1 1082763696774 1
1 1082763696775 1
1 1082763696778 1
1 1082763696779 1
1 1082763696782 1
1 1082763696783 1
1 1082763696786 1
1 1082763696787 1
1 1082763696812 1
1 1082763696813 4
1 1082763696814 1
1 1082763696816 1
1 1082763696817 4
1 1082763696818 1
1 1082763696820 1
1 1082763696821 4
1 1082763696822 1
1 1082763696824 1
1 1082763696825 4
1 1082763696826 1
1 1082763696828 1
1 1082763696829 4
1 1082763696830 1
1 1082763696832 1
1 1082763696833 4
1 1082763696834 1
1 1082763696876 4
1 1082763696877 1
1 1082763696880 4
1 1082763696881 1
1 1082763696884 4
1 1082763696885 1
1 1082763696888 4
1 1082763696889 1
1 1082763696892 4
1 1082763696893 1
1 1082763696896 4
1 1082763696897 1
1 1082763696926 1
1 1082763696927 1
1 1082763696930 1
1 1082763696931 1
1 1082763696934 1
1 1082763696935 1
1 1082763696938 1
1 1082763696939 1
1 1082763696942 1
1 1082763696943 1
1 1082763696946 1
1 1082763696947 1
1 1082763696989 1
1 1082763696990 4
1 1082763696991 1
1 1082763696993 1
1 1082763696994 4
1 1082763696995 1
1 1082763696997 1
1 1082763696998 4
1 1082763696999 1
1 1082763697001 1
1 1082763697002 4
1 1082763697003 1
1 1082763697005 1
1 1082763697006 4
1 1082763697007 1
1 1082763697009 1
1 1082763697010 4
1 1082763697011 1
1 1082763697052 1
1 1082763697053 4
1 1082763697054 1
1 1082763697056 1
1 1082763697057 4
1 1082763697058 1
1 1082763697060 1
1 1082763697061 4
1 1082763697062 1
1 1082763697064 1
1 1082763697065 4
1 1082763697066 1
1 1082763697068 1
1 1082763697069 4
1 1082763697070 1
1 1082763697072 1
1 1082763697073 4
1 1082763697074 1
1 1082763697116 4
1 1082763697117 1
1 1082763697120 4
1 1082763697121 1
1 1082763697124 4
1 1082763697125 1
1 1082763697128 4
1 1082763697129 1
1 1082763697132 4
1 1082763697133 1
1 1082763697136 4
1 1082763697137 1
1 1082763697166 1
1 1082763697167 1
1 1082763697170 1
1 1082763697171 1
1 1082763697174 1
1 1082763697175 1
1 1082763697178 1
1 1082763697179 1
1 1082763697182 1
1 1082763697183 1
1 1082763697186 1
1 1082763697187 1
1 1082763697212 1
1 1082763697213 4
1 1082763697214 1
1 1082763697216 1
1 1082763697217 4
1 1082763697218 1
1 1082763697220 1
1 1082763697221 4
1 1082763697222 1
1 1082763697224 1
1 1082763697225 4
1 1082763697226 1
1 1082763697228 1
1 1082763697229 4
1 1082763697230 1
1 1082763697232 1
1 1082763697233 4
1 1082763697234 1
1 1082763697276 4
1 1082763697277 1
1 1082763697280 4
1 1082763697281 1
1 1082763697284 4
1 1082763697285 1
1 1082763697288 4
1 1082763697289 1
1 1082763697292 4
1 1082763697293 1
1 1082763697296 4
1 1082763697297 1
1 1082763697326 1
1 1082763697327 1
1 1082763697330 1
1 1082763697331 1
1 1082763697334 1
1 1082763697335 1
1 1082763697338 1
1 1082763697339 1
1 1082763697342 1
1 1082763697343 1
1 1082763697346 1
1 1082763697347 1
1 1082763697389 1
1 1082763697390 4
1 1082763697391 1
1 1082763697393 1
1 1082763697394 4
1 1082763697395 1
1 1082763697397 1
1 1082763697398 4
1 1082763697399 1
1 1082763697401 1
1 1082763697402 4
1 1082763697403 1
1 1082763697405 1
1 1082763697406 4
1 1082763697407 1
1 1082763697409 1
1 1082763697410 4
1 1082763697411 1
1 1082763697452 1
1 1082763697453 4
1 1082763697454 1
1 1082763697456 1
1 1082763697457 4
1 1082763697458 1
1 1082763697460 1
1 1082763697461 4
1 1082763697462 1
1 1082763697464 1
1 1082763697465 4
1 1082763697466 1
1 1082763697468 1
1 1082763697469 4
1 1082763697470 1
1 1082763697472 1
1 1082763697473 4
1 1082763697474 1
1 1082763697516 4
1 1082763697517 1
1 1082763697520 4
1 1082763697521 1
1 1082763697524 4
1 1082763697525 1
1 1082763697528 4
1 1082763697529 1
1 1082763697532 4
1 1082763697533 1
1 1082763697536 4
1 1082763697537 1
1 1082763697566 1
1 1082763697567 1
1 1082763697570 1
1 1082763697571 1
1 1082763697574 1
1 1082763697575 1
1 1082763697578 1
1 1082763697579 1
1 1082763697582 1
1 1082763697583 1
1 1082763697586 1
1 1082763697587 1
1 1082763697612 1
1 1082763697613 4
1 1082763697614 1
1 1082763697616 1
1 1082763697617 4
1 1082763697618 1
1 1082763697620 1
1 1082763697621 4
1 1082763697622 1
1 1082763697624 1
1 1082763697625 4
1 1082763697626 1
1 1082763697628 1
1 1082763697629 4
1 1082763697630 1
1 1082763697632 1
1 1082763697633 4
1 1082763697634 1
1 1082763697676 4
1 1082763697677 1
1 1082763697680 4
1 1082763697681 1
1 1082763697684 4
1 1082763697685 1
1 1082763697688 4
1 1082763697689 1
1 1082763697692 4
1 1082763697693 1
1 1082763697696 4
1 1082763697697 1
1 1082763697726 1
1 1082763697727 1
1 1082763697730 1
1 1082763697731 1
1 1082763697734 1
1 1082763697735 1
1 1082763697738 1
1 1082763697739 1
1 1082763697742 1
1 1082763697743 1
1 1082763697746 1
1 1082763697747 1
1 1082763697789 1
1 1082763697790 4
1 1082763697791 1
1 1082763697793 1
1 1082763697794 4
1 1082763697795 1
1 1082763697797 1
1 1082763697798 4
1 1082763697799 1
1 1082763697801 1
1 1082763697802 4
1 1082763697803 1
1 1082763697805 1
1 1082763697806 4
1 1082763697807 1
1 1082763697809 1
1 1082763697810 4
1 1082763697811 1
1 1082763697852 1
1 1082763697853 4
1 1082763697854 1
1 1082763697856 1
1 1082763697857 4
1 1082763697858 1
1 1082763697860 1
1 1082763697861 4
1 1082763697862 1
1 1082763697864 1
1 1082763697865 4
1 1082763697866 1
1 1082763697868 1
1 1082763697869 4
1 1082763697870 1
1 1082763697872 1
1 1082763697873 4
1 1082763697874 1
1 1082763697916 4
1 1082763697917 1
1 1082763697920 4
1 1082763697921 1
1 1082763697924 4
1 1082763697925 1
1 1082763697928 4
1 1082763697929 1
1 1082763697932 4
1 1082763697933 1
1 1082763697936 4
1 1082763697937 1
1 1082763697966 1
1 1082763697967 1
1 1082763697970 1
1 1082763697971 1
1 1082763697974 1
1 1082763697975 1
1 1082763697978 1
1 1082763697979 1
1 1082763697982 1
1 1082763697983 1
1 1082763697986 1
1 1082763697987 1
1 1082763698012 1
1 1082763698013 4
1 1082763698014 1
1 1082763698016 1
1 1082763698017 4
1 1082763698018 1
1 1082763698020 1
1 1082763698021 4
1 1082763698022 1
1 1082763698024 1
1 1082763698025 4
1 1082763698026 1
1 1082763698028 1
1 1082763698029 4
1 1082763698030 1
1 1082763698032 1
1 1082763698033 4
1 1082763698034 1
1 1082763698076 4
1 1082763698077 1
1 1082763698080 4
1 1082763698081 1
1 1082763698084 4
1 1082763698085 1
1 1082763698088 4
1 1082763698089 1
1 1082763698092 4
1 1082763698093 1
1 1082763698096 4
1 1082763698097 1
1 1082763698126 1
1 1082763698127 1
1 1082763698130 1
1 1082763698131 1
1 1082763698134 1
1 1082763698135 1
1 1082763698138 1
1 1082763698139 1
1 1082763698142 1
1 1082763698143 1
1 1082763698146 1
1 1082763698147 1
1 1082763698189 1
1 1082763698190 4
1 1082763698191 1
1 1082763698193 1
1 1082763698194 4
1 1082763698195 1
1 1082763698197 1
1 1082763698198 4
1 1082763698199 1
1 1082763698201 1
1 1082763698202 4
1 1082763698203 1
1 1082763698205 1
1 1082763698206 4
1 1082763698207 1
1 1082763698209 1
1 1082763698210 4
1 1082763698211 1
1 1082763698252 1
1 1082763698253 4
1 1082763698254 1
1 1082763698256 1
1 1082763698257 4
1 1082763698258 1
1 1082763698260 1
1 1082763698261 4
1 1082763698262 1
1 1082763698264 1
1 1082763698265 4
1 1082763698266 1
1 1082763698268 1
1 1082763698269 4
1 1082763698270 1
1 1082763698272 1
1 1082763698273 4
1 1082763698274 1
1 1082763698316 4
1 1082763698317 1
1 1082763698320 4
1 1082763698321 1
1 1082763698324 4
1 1082763698325 1
1 1082763698328 4
1 1082763698329 1
1 1082763698332 4
1 1082763698333 1
1 1082763698336 4
1 1082763698337 1
1 1082763698366 1
1 1082763698367 1
1 1082763698370 1
1 1082763698371 1
1 1082763698374 1
1 1082763698375 1
1 1082763698378 1
1 1082763698379 1
1 1082763698382 1
1 1082763698383 1
1 1082763698386 1
1 1082763698387 1
1 1082763698412 1
1 1082763698413 4
1 1082763698414 1
1 1082763698416 1
1 1082763698417 4
1 1082763698418 1
1 1082763698420 1
1 1082763698421 4
1 1082763698422 1
1 1082763698424 1
1 1082763698425 4
1 1082763698426 1
1 1082763698428 1
1 1082763698429 4
1 1082763698430 1
1 1082763698432 1
1 1082763698433 4
1 1082763698434 1
1 1082763698476 4
1 1082763698477 1
1 1082763698480 4
1 1082763698481 1
1 1082763698484 4
1 1082763698485 1
1 1082763698488 4
1 1082763698489 1
1 1082763698492 4
1 1082763698493 1
1 1082763698496 4
1 1082763698497 1
1 1082763698526 1
1 1082763698527 1
1 1082763698530 1
1 1082763698531 1
1 1082763698534 1
1 1082763698535 1
1 1082763698538 1
1 1082763698539 1
1 1082763698542 1
1 1082763698543 1
1 1082763698546 1
1 1082763698547 1
1 1082763698589 1
1 1082763698590 4
1 1082763698591 1
1 1082763698593 1
1 1082763698594 4
1 1082763698595 1
1 1082763698597 1
1 1082763698598 4
1 1082763698599 1
1 1082763698601 1
1 1082763698602 4
1 1082763698603 1
1 1082763698605 1
1 1082763698606 4
1 1082763698607 1
1 1082763698609 1
1 1082763698610 4
1 1082763698611 1
1 1082763698652 1
1 1082763698653 4
1 1082763698654 1
1 1082763698656 1
1 1082763698657 4
1 1082763698658 1
1 1082763698660 1
1 1082763698661 4
1 1082763698662 1
1 1082763698664 1
1 1082763698665 4
1 1082763698666 1
1 1082763698668 1
1 1082763698669 4
1 1082763698670 1
1 1082763698672 1
1 1082763698673 4
1 1082763698674 1
1 1082763698716 4
1 1082763698717 1
1 1082763698720 4
1 1082763698721 1
1 1082763698724 4
1 1082763698725 1
1 1082763698728 4
1 1082763698729 1
1 1082763698732 4
1 1082763698733 1
1 1082763698736 4
1 1082763698737 1
1 1082763698766 1
1 1082763698767 1
1 1082763698770 1
1 1082763698771 1
1 1082763698774 1
1 1082763698775 1
1 1082763698778 1
1 1082763698779 1
1 1082763698782 1
1 1082763698783 1
1 1082763698786 1
1 1082763698787 1
1 1082763698812 1
1 1082763698813 4
1 1082763698814 1
1 1082763698816 1
1 1082763698817 4
1 1082763698818 1
1 1082763698820 1
1 1082763698821 4
1 1082763698822 1
1 1082763698824 1
1 1082763698825 4
1 1082763698826 1
1 1082763698828 1
1 1082763698829 4
1 1082763698830 1
1 1082763698832 1
1 1082763698833 4
1 1082763698834 1
1 1082763698876 4
1 1082763698877 1
1 1082763698880 4
1 1082763698881 1
1 1082763698884 4
1 1082763698885 1
1 1082763698888 4
1 1082763698889 1
1 1082763698892 4
1 1082763698893 1
1 1082763698896 4
1 1082763698897 1
1 1082763698926 1
1 1082763698927 1
1 1082763698930 1
1 1082763698931 1
1 1082763698934 1
1 1082763698935 1
1 1082763698938 1
1 1082763698939 1
1 1082763698942 1
1 1082763698943 1
1 1082763698946 1
1 1082763698947 1
1 1082763698989 1
1 1082763698990 4
1 1082763698991 1
1 1082763698993 1
1 1082763698994 4
1 1082763698995 1
1 1082763698997 1
1 1082763698998 4
1 1082763698999 1
1 1082763699001 1
1 1082763699002 4
1 1082763699003 1
1 1082763699005 1
1 1082763699006 4
1 1082763699007 1
1 1082763699009 1
1 1082763699010 4
1 1082763699011 1
1 1082763699052 1
1 1082763699053 4
1 1082763699054 1
1 1082763699056 1
1 1082763699057 4
1 1082763699058 1
1 1082763699060 1
1 1082763699061 4
1 1082763699062 1
1 1082763699064 1
1 1082763699065 4
1 1082763699066 1
1 1082763699068 1
1 1082763699069 4
1 1082763699070 1
1 1082763699072 1
1 1082763699073 4
1 1082763699074 1
1 1082763699116 4
1 1082763699117 1
1 1082763699120 4
1 1082763699121 1
1 1082763699124 4
1 1082763699125 1
1 1082763699128 4
1 1082763699129 1
1 1082763699132 4
1 1082763699133 1
1 1082763699136 4
1 1082763699137 1
1 1082763699166 1
1 1082763699167 1
1 1082763699170 1
1 1082763699171 1
1 1082763699174 1
1 1082763699175 1
1 1082763699178 1
1 1082763699179 1
1 1082763699182 1
1 1082763699183 1
1 1082763699186 1
1 1082763699187 1
1 1082763699212 1
1 1082763699213 4
1 1082763699214 1
1 1082763699216 1
1 1082763699217 4
1 1082763699218 1
1 1082763699220 1
1 1082763699221 4
1 1082763699222 1
1 1082763699224 1
1 1082763699225 4
1 1082763699226 1
1 1082763699228 1
1 1082763699229 4
1 1082763699230 1
1 1082763699232 1
1 1082763699233 4
1 1082763699234 1
1 1082763699276 4
1 1082763699277 1
1 1082763699280 4
1 1082763699281 1
1 1082763699284 4
1 1082763699285 1
1 1082763699288 4
1 1082763699289 1
1 1082763699292 4
1 1082763699293 1
1 1082763699296 4
1 1082763699297 1
1 1082763699326 1
1 1082763699327 1
1 1082763699330 1
1 1082763699331 1
1 1082763699334 1
1 1082763699335 1
1 1082763699338 1
1 1082763699339 1
1 1082763699342 1
1 1082763699343 1
1 1082763699346 1
1 1082763699347 1
1 1082763699389 1
1 1082763699390 4
1 1082763699391 1
1 1082763699393 1
1 1082763699394 4
1 1082763699395 1
1 1082763699397 1
1 1082763699398 4
1 1082763699399 1
1 1082763699401 1
1 1082763699402 4
1 1082763699403 1
1 1082763699405 1
1 1082763699406 4
1 1082763699407 1
1 1082763699409 1
1 1082763699410 4
1 1082763699411 1
1 1082763699452 1
1 1082763699453 4
1 1082763699454 1
1 1082763699456 1
1 1082763699457 4
1 1082763699458 1
1 1082763699460 1
1 1082763699461 4
1 1082763699462 1
1 1082763699464 1
1 1082763699465 4
1 1082763699466 1
1 1082763699468 1
1 1082763699469 4
1 1082763699470 1
1 1082763699472 1
1 1082763699473 4
1 1082763699474 1
1 1082763699516 4
1 1082763699517 1
1 1082763699520 4
1 1082763699521 1
1 1082763699524 4
1 1082763699525 1
1 1082763699528 4
1 1082763699529 1
1 1082763699532 4
1 1082763699533 1
1 1082763699536 4
1 1082763699537 1
1 1082763699566 1
1 1082763699567 1
1 1082763699570 1
1 1082763699571 1
1 1082763699574 1
1 1082763699575 1
1 1082763699578 1
1 1082763699579 1
1 1082763699582 1
1 1082763699583 1
1 1082763699586 1
1 1082763699587 1
1 1082763699612 1
1 1082763699613 4
1 1082763699614 1
1 1082763699616 1
1 1082763699617 4
1 1082763699618 1
1 1082763699620 1
1 1082763699621 4
1 1082763699622 1
1 1082763699624 1
1 1082763699625 4
1 1082763699626 1
1 1082763699628 1
1 1082763699629 4
1 1082763699630 1
1 1082763699632 1
1 1082763699633 4
1 1082763699634 1
1 1082763699676 4
1 1082763699677 1
1 1082763699680 4
1 1082763699681 1
1 1082763699684 4
1 1082763699685 1
1 1082763699688 4
1 1082763699689 1
1 1082763699692 4
1 1082763699693 1
1 1082763699696 4
1 1082763699697 1
1 1082763699726 1
1 1082763699727 1
1 1082763699730 1
1 1082763699731 1
1 1082763699734 1
1 1082763699735 1
1 1082763699738 1
1 1082763699739 1
1 1082763699742 1
1 1082763699743 1
1 1082763699746 1
1 1082763699747 1
1 1082763699789 1
1 1082763699790 4
1 1082763699791 1
1 1082763699793 1
1 1082763699794 4
1 1082763699795 1
1 1082763699797 1
1 1082763699798 4
1 1082763699799 1
1 1082763699801 1
1 1082763699802 4
1 1082763699803 1
1 1082763699805 1
1 1082763699806 4
1 1082763699807 1
1 1082763699809 1
1 1082763699810 4
1 1082763699811 1
1 1082763699852 1
1 1082763699853 4
1 1082763699854 1
1 1082763699856 1
1 1082763699857 4
1 1082763699858 1
1 1082763699860 1
1 1082763699861 4
1 1082763699862 1
1 1082763699864 1
1 1082763699865 4
1 1082763699866 1
1 1082763699868 1
1 1082763699869 4
1 1082763699870 1
1 1082763699872 1
1 1082763699873 4
1 1082763699874 1
1 1082763699916 4
1 1082763699917 1
1 1082763699920 4
1 1082763699921 1
1 1082763699924 4
1 1082763699925 1
1 1082763699928 4
1 1082763699929 1
1 1082763699932 4
1 1082763699933 1
1 1082763699936 4
1 1082763699937 1
1 1082763699966 1
1 1082763699967 1
1 1082763699970 1
1 1082763699971 1
1 1082763699974 1
1 1082763699975 1
1 1082763699978 1
1 1082763699979 1
1 1082763699982 1
1 1082763699983 1
1 1082763699986 1
1 1082763699987 1
1 1082763700012 1
1 1082763700013 4
1 1082763700014 1
1 1082763700016 1
1 1082763700017 4
1 1082763700018 1
1 1082763700020 1
1 1082763700021 4
1 1082763700022 1
1 1082763700024 1
1 1082763700025 4
1 1082763700026 1
1 1082763700028 1
1 1082763700029 4
1 1082763700030 1
1 1082763700032 1
1 1082763700033 4
1 1082763700034 1
1 1082763700076 4
1 1082763700077 1
1 1082763700080 4
1 1082763700081 1
1 1082763700084 4
1 1082763700085 1
1 1082763700088 4
1 1082763700089 1
1 1082763700092 4
1 1082763700093 1
1 1082763700096 4
1 1082763700097 1
1 1082763700126 1
1 1082763700127 1
1 1082763700130 1
1 1082763700131 1
1 1082763700134 1
1 1082763700135 1
1 1082763700138 1
1 1082763700139 1
1 1082763700142 1
1 1082763700143 1
1 1082763700146 1
1 1082763700147 1
1 1082763700189 1
1 1082763700190 4
1 1082763700191 1
1 1082763700193 1
1 1082763700194 4
1 1082763700195 1
1 1082763700197 1
1 1082763700198 4
1 1082763700199 1
1 1082763700201 1
1 1082763700202 4
1 1082763700203 1
1 1082763700205 1
1 1082763700206 4
1 1082763700207 1
1 1082763700209 1
1 1082763700210 4
1 1082763700211 1
1 1082763700252 1
1 1082763700253 4
1 1082763700254 1
1 1082763700256 1
1 1082763700257 4
1 1082763700258 1
1 1082763700260 1
1 1082763700261 4
1 1082763700262 1
1 1082763700264 1
1 1082763700265 4
1 1082763700266 1
1 1082763700268 1
1 1082763700269 4
1 1082763700270 1
1 1082763700272 1
1 1082763700273 4
1 1082763700274 1
1 1082763700316 4
1 1082763700317 1
1 1082763700320 4
1 1082763700321 1
1 1082763700324 4
1 1082763700325 1
1 1082763700328 4
1 1082763700329 1
1 1082763700332 4
1 1082763700333 1
1 1082763700336 4
1 1082763700337 1
1 1082763700366 1
1 1082763700367 1
1 1082763700370 1
1 1082763700371 1
1 1082763700374 1
1 1082763700375 1
1 1082763700378 1
1 1082763700379 1
1 1082763700382 1
1 1082763700383 1
1 1082763700386 1
1 1082763700387 1
1 1082763700412 1
1 1082763700413 4
1 1082763700414 1
1 1082763700416 1
1 1082763700417 4
1 1082763700418 1
1 1082763700420 1
1 1082763700421 4
1 1082763700422 1
1 1082763700424 1
1 1082763700425 4
1 1082763700426 1
1 1082763700428 1
1 1082763700429 4
1 1082763700430 1
1 1082763700432 1
1 1082763700433 4
1 1082763700434 1
1 1082763700476 4
1 1082763700477 1
1 1082763700480 4
1 1082763700481 1
1 1082763700484 4
1 1082763700485 1
1 1082763700488 4
1 1082763700489 1
1 1082763700492 4
1 1082763700493 1
1 1082763700496 4
1 1082763700497 1
1 1082763700526 1
1 1082763700527 1
1 1082763700530 1
1 1082763700531 1
1 1082763700534 1
1 1082763700535 1
1 1082763700538 1
1 1082763700539 1
1 1082763700542 1
1 1082763700543 1
1 1082763700546 1
1 1082763700547 1
1 1082763700589 1
1 1082763700590 4
1 1082763700591 1
1 1082763700593 1
1 1082763700594 4
1 1082763700595 1
1 1082763700597 1
1 1082763700598 4
1 1082763700599 1
1 1082763700601 1
1 1082763700602 4
1 1082763700603 1
1 1082763700605 1
1 1082763700606 4
1 1082763700607 1
1 1082763700609 1
1 1082763700610 4
1 1082763700611 1
1 1082763700652 1
1 1082763700653 4
1 1082763700654 1
1 1082763700656 1
1 1082763700657 4
1 1082763700658 1
1 1082763700660 1
1 1082763700661 4
1 1082763700662 1
1 1082763700664 1
1 1082763700665 4
1 1082763700666 1
1 1082763700668 1
1 1082763700669 4
1 1082763700670 1
1 1082763700672 1
1 1082763700673 4
1 1082763700674 1
1 1082763700716 4
1 1082763700717 1
1 1082763700720 4
1 1082763700721 1
1 1082763700724 4
1 1082763700725 1
1 1082763700728 4
1 1082763700729 1
1 1082763700732 4
1 1082763700733 1
1 1082763700736 4
1 1082763700737 1
1 1082763700766 1
1 1082763700767 1
1 1082763700770 1
1 1082763700771 1
1 1082763700774 1
1 1082763700775 1
1 1082763700778 1
1 1082763700779 1
1 1082763700782 1
1 1082763700783 1
1 1082763700786 1
1 1082763700787 1
1 1082763700812 1
1 1082763700813 4
1 1082763700814 1
1 1082763700816 1
1 1082763700817 4
1 1082763700818 1
1 1082763700820 1
1 1082763700821 4
1 1082763700822 1
1 1082763700824 1
1 1082763700825 4
1 1082763700826 1
1 1082763700828 1
1 1082763700829 4
1 1082763700830 1
1 1082763700832 1
1 1082763700833 4
1 1082763700834 1
1 1082763700876 4
1 1082763700877 1
1 1082763700880 4
1 1082763700881 1
1 1082763700884 4
1 1082763700885 1
1 1082763700888 4
1 1082763700889 1
1 1082763700892 4
1 1082763700893 1
1 1082763700896 4
1 1082763700897 1
1 1082763700926 1
1 1082763700927 1
1 1082763700930 1
1 1082763700931 1
1 1082763700934 1
1 1082763700935 1
1 1082763700938 1
1 1082763700939 1
1 1082763700942 1
1 1082763700943 1
1 1082763700946 1
1 1082763700947 1
1 1082763700989 1
1 1082763700990 4
1 1082763700991 1
1 1082763700993 1
1 1082763700994 4
1 1082763700995 1
1 1082763700997 1
1 1082763700998 4
1 1082763700999 1
1 1082763701001 1
1 1082763701002 4
1 1082763701003 1
1 1082763701005 1
1 1082763701006 4
1 1082763701007 1
1 1082763701009 1
1 1082763701010 4
1 1082763701011 1
1 1082763701052 1
1 1082763701053 4
1 1082763701054 1
1 1082763701056 1
1 1082763701057 4
1 1082763701058 1
1 1082763701060 1
1 1082763701061 4
1 1082763701062 1
1 1082763701064 1
1 1082763701065 4
1 1082763701066 1
1 1082763701068 1
1 1082763701069 4
1 1082763701070 1
1 1082763701072 1
1 1082763701073 4
1 1082763701074 1
1 1082763701116 4
1 1082763701117 1
1 1082763701120 4
1 1082763701121 1
1 1082763701124 4
1 1082763701125 1
1 1082763701128 4
1 1082763701129 1
1 1082763701132 4
1 1082763701133 1
1 1082763701136 4
1 1082763701137 1
1 1082763701166 1
1 1082763701167 1
1 1082763701170 1
1 1082763701171 1
1 1082763701174 1
1 1082763701175 1
1 1082763701178 1
1 1082763701179 1
1 1082763701182 1
1 1082763701183 1
1 1082763701186 1
1 1082763701187 1
1 1082763701212 1
1 1082763701213 4
1 1082763701214 1
1 1082763701216 1
1 1082763701217 4
1 1082763701218 1
1 1082763701220 1
1 1082763701221 4
1 1082763701222 1
1 1082763701224 1
1 1082763701225 4
1 1082763701226 1
1 1082763701228 1
1 1082763701229 4
1 1082763701230 1
1 1082763701232 1
1 1082763701233 4
1 1082763701234 1
1 1082763701276 4
1 1082763701277 1
1 1082763701280 4
1 1082763701281 1
1 1082763701284 4
1 1082763701285 1
1 1082763701288 4
1 1082763701289 1
1 1082763701292 4
1 1082763701293 1
1 1082763701296 4
1 1082763701297 1
1 1082763701326 1
1 1082763701327 1
1 1082763701330 1
1 1082763701331 1
1 1082763701334 1
1 1082763701335 1
1 1082763701338 1
1 1082763701339 1
1 1082763701342 1
1 1082763701343 1
1 1082763701346 1
1 1082763701347 1
1 1082763701389 1
1 1082763701390 4
1 1082763701391 1
1 1082763701393 1
1 1082763701394 4
1 1082763701395 1
1 1082763701397 1
1 1082763701398 4
1 1082763701399 1
1 1082763701401 1
1 1082763701402 4
1 1082763701403 1
1 1082763701405 1
1 1082763701406 4
1 1082763701407 1
1 1082763701409 1
1 1082763701410 4
1 1082763701411 1
1 1082763701452 1
1 1082763701453 4
1 1082763701454 1
1 1082763701456 1
1 1082763701457 4
1 1082763701458 1
1 1082763701460 1
1 1082763701461 4
1 1082763701462 1
1 1082763701464 1
1 1082763701465 4
1 1082763701466 1
1 1082763701468 1
1 1082763701469 4
1 1082763701470 1
1 1082763701472 1
1 1082763701473 4
1 1082763701474 1
1 1082763701516 4
1 1082763701517 1
1 1082763701520 4
1 1082763701521 1
1 1082763701524 4
1 1082763701525 1
1 1082763701528 4
1 1082763701529 1
1 1082763701532 4
1 1082763701533 1
1 1082763701536 4
1 1082763701537 1
1 1082763701566 1
1 1082763701567 1
1 1082763701570 1
1 1082763701571 1
1 1082763701574 1
1 1082763701575 1
1 1082763701578 1
1 1082763701579 1
1 1082763701582 1
1 1082763701583 1
1 1082763701586 1
1 1082763701587 1
1 1082763701612 1
1 1082763701613 4
1 1082763701614 1
1 1082763701616 1
1 1082763701617 4
1 1082763701618 1
1 1082763701620 1
1 1082763701621 4
1 1082763701622 1
1 1082763701624 1
1 1082763701625 4
1 1082763701626 1
1 1082763701628 1
1 1082763701629 4
1 1082763701630 1
1 1082763701632 1
1 1082763701633 4
1 1082763701634 1
1 1082763701676 4
1 1082763701677 1
1 1082763701680 4
1 1082763701681 1
1 1082763701684 4
1 1082763701685 1
1 1082763701688 4
1 1082763701689 1
1 1082763701692 4
1 1082763701693 1
1 1082763701696 4
1 1082763701697 1
1 1082763701726 1
1 1082763701727 1
1 1082763701730 1
1 1082763701731 1
1 1082763701734 1
1 1082763701735 1
1 1082763701738 1
1 1082763701739 1
1 1082763701742 1
1 1082763701743 1
1 1082763701746 1
1 1082763701747 1
1 1082763701789 1
1 1082763701790 4
1 1082763701791 1
1 1082763701793 1
1 1082763701794 4
1 1082763701795 1
1 1082763701797 1
1 1082763701798 4
1 1082763701799 1
1 1082763701801 1
1 1082763701802 4
1 1082763701803 1
1 1082763701805 1
1 1082763701806 4
1 1082763701807 1
1 1082763701809 1
1 1082763701810 4
1 1082763701811 1
1 1082763701852 1
1 1082763701853 4
1 1082763701854 1
1 1082763701856 1
1 1082763701857 4
1 1082763701858 1
1 1082763701860 1
1 1082763701861 4
1 1082763701862 1
1 1082763701864 1
1 1082763701865 4
1 1082763701866 1
1 1082763701868 1
1 1082763701869 4
1 1082763701870 1
1 1082763701872 1
1 1082763701873 4
1 1082763701874 1
1 1082763701916 4
1 1082763701917 1
1 1082763701920 4
1 1082763701921 1
1 1082763701924 4
1 1082763701925 1
1 1082763701928 4
1 1082763701929 1
1 1082763701932 4
1 1082763701933 1
1 1082763701936 4
1 1082763701937 1
1 1082763701966 1
1 1082763701967 1
1 1082763701970 1
1 1082763701971 1
1 1082763701974 1
1 1082763701975 1
1 1082763701978 1
1 1082763701979 1
1 1082763701982 1
1 1082763701983 1
1 1082763701986 1
1 1082763701987 1
1 1082763702012 1
1 1082763702013 4
1 1082763702014 1
1 1082763702016 1
1 1082763702017 4
1 1082763702018 1
1 1082763702020 1
1 1082763702021 4
1 1082763702022 1
1 1082763702024 1
1 1082763702025 4
1 1082763702026 1
1 1082763702028 1
1 1082763702029 4
1 1082763702030 1
1 1082763702032 1
1 1082763702033 4
1 1082763702034 1
1 1082763702076 4
1 1082763702077 1
1 1082763702080 4
1 1082763702081 1
1 1082763702084 4
1 1082763702085 1
1 1082763702088 4
1 1082763702089 1
1 1082763702092 4
1 1082763702093 1
1 1082763702096 4
1 1082763702097 1
1 1082763702126 1
1 1082763702127 1
1 1082763702130 1
1 1082763702131 1
1 1082763702134 1
1 1082763702135 1
1 1082763702138 1
1 1082763702139 1
1 1082763702142 1
1 1082763702143 1
1 1082763702146 1
1 1082763702147 1
1 1082763702189 1
1 1082763702190 4
1 1082763702191 1
1 1082763702193 1
1 1082763702194 4
1 1082763702195 1
1 1082763702197 1
1 1082763702198 4
1 1082763702199 1
1 1082763702201 1
1 1082763702202 4
1 1082763702203 1
1 1082763702205 1
1 1082763702206 4
1 1082763702207 1
1 1082763702209 1
1 1082763702210 4
1 1082763702211 1
1 1082763702252 1
1 1082763702253 4
1 1082763702254 1
1 1082763702256 1
1 1082763702257 4
1 1082763702258 1
1 1082763702260 1
1 1082763702261 4
1 1082763702262 1
1 1082763702264 1
1 1082763702265 4
1 1082763702266 1
1 1082763702268 1
1 1082763702269 4
1 1082763702270 1
1 1082763702272 1
1 1082763702273 4
1 1082763702274 1
1 1082763702316 4
1 1082763702317 1
1 1082763702320 4
1 1082763702321 1
1 1082763702324 4
1 1082763702325 1
1 1082763702328 4
1 1082763702329 1
1 1082763702332 4
1 1082763702333 1
1 1082763702336 4
1 1082763702337 1
1 1082763702366 1
1 1082763702367 1
1 1082763702370 1
1 1082763702371 1
1 1082763702374 1
1 1082763702375 1
1 1082763702378 1
1 1082763702379 1
1 1082763702382 1
1 1082763702383 1
1 1082763702386 1
1 1082763702387 1
1 1082763702412 1
1 1082763702413 4
1 1082763702414 1
1 1082763702416 1
1 1082763702417 4
1 1082763702418 1
1 1082763702420 1
1 1082763702421 4
1 1082763702422 1
1 1082763702424 1
1 1082763702425 4
1 1082763702426 1
1 1082763702428 1
1 1082763702429 4
1 1082763702430 1
1 1082763702432 1
1 1082763702433 4
1 1082763702434 1
1 1082763702476 4
1 1082763702477 1
1 1082763702480 4
1 1082763702481 1
1 1082763702484 4
1 1082763702485 1
1 1082763702488 4
1 1082763702489 1
1 1082763702492 4
1 1082763702493 1
1 1082763702496 4
1 1082763702497 1
1 1082763702526 1
1 1082763702527 1
1 1082763702530 1
1 1082763702531 1
1 1082763702534 1
1 1082763702535 1
1 1082763702538 1
1 1082763702539 1
1 1082763702542 1
1 1082763702543 1
1 1082763702546 1
1 1082763702547 1
1 1082763702589 1
1 1082763702590 4
1 1082763702591 1
1 1082763702593 1
1 1082763702594 4
1 1082763702595 1
1 1082763702597 1
1 1082763702598 4
1 1082763702599 1
1 1082763702601 1
1 1082763702602 4
1 1082763702603 1
1 1082763702605 1
1 1082763702606 4
1 1082763702607 1
1 1082763702609 1
1 1082763702610 4
1 1082763702611 1
1 1082763702652 1
1 1082763702653 4
1 1082763702654 1
1 1082763702656 1
1 1082763702657 4
1 1082763702658 1
1 1082763702660 1
1 1082763702661 4
1 1082763702662 1
1 1082763702664 1
1 1082763702665 4
1 1082763702666 1
1 1082763702668 1
1 1082763702669 4
1 1082763702670 1
1 1082763702672 1
1 1082763702673 4
1 1082763702674 1
1 1082763702716 4
1 1082763702717 1
1 1082763702720 4
1 1082763702721 1
1 1082763702724 4
1 1082763702725 1
1 1082763702728 4
1 1082763702729 1
1 1082763702732 4
1 1082763702733 1
1 1082763702736 4
1 1082763702737 1
1 1082763702766 1
1 1082763702767 1
1 1082763702770 1
1 1082763702771 1
1 1082763702774 1
1 1082763702775 1
1 1082763702778 1
1 1082763702779 1
1 1082763702782 1
1 1082763702783 1
1 1082763702786 1
1 1082763702787 1
1 1082763702812 1
1 1082763702813 4
1 1082763702814 1
1 1082763702816 1
1 1082763702817 4
1 1082763702818 1
1 1082763702820 1
1 1082763702821 4
1 1082763702822 1
1 1082763702824 1
1 1082763702825 4
1 1082763702826 1
1 1082763702828 1
1 1082763702829 4
1 1082763702830 1
1 1082763702832 1
1 1082763702833 4
1 1082763702834 1
1 1082763702876 4
1 1082763702877 1
1 1082763702880 4
1 1082763702881 1
1 1082763702884 4
1 1082763702885 1
1 1082763702888 4
1 1082763702889 1
1 1082763702892 4
1 1082763702893 1
1 1082763702896 4
1 1082763702897 1
1 1082763702926 1
1 1082763702927 1
1 1082763702930 1
1 1082763702931 1
1 1082763702934 1
1 1082763702935 1
1 1082763702938 1
1 1082763702939 1
1 1082763702942 1
1 1082763702943 1
1 1082763702946 1
1 1082763702947 1
1 1082763702989 1
1 1082763702990 4
1 1082763702991 1
1 1082763702993 1
1 1082763702994 4
1 1082763702995 1
1 1082763702997 1
1 1082763702998 4
1 1082763702999 1
1 1082763703001 1
1 1082763703002 4
1 1082763703003 1
1 1082763703005 1
1 1082763703006 4
1 1082763703007 1
1 1082763703009 1
1 1082763703010 4
1 1082763703011 1
1 1082763703052 1
1 1082763703053 4
1 1082763703054 1
1 1082763703056 1
1 1082763703057 4
1 1082763703058 1
1 1082763703060 1
1 1082763703061 4
1 1082763703062 1
1 1082763703064 1
1 1082763703065 4
1 1082763703066 1
1 1082763703068 1
1 1082763703069 4
1 1082763703070 1
1 1082763703072 1
1 1082763703073 4
1 1082763703074 1
1 1082763703116 4
1 1082763703117 1
1 1082763703120 4
1 1082763703121 1
1 1082763703124 4
1 1082763703125 1
1 1082763703128 4
1 1082763703129 1
1 1082763703132 4
1 1082763703133 1
1 1082763703136 4
1 1082763703137 1
1 1082763703166 1
1 1082763703167 1
1 1082763703170 1
1 1082763703171 1
1 1082763703174 1
1 1082763703175 1
1 1082763703178 1
1 1082763703179 1
1 1082763703182 1
1 1082763703183 1
1 1082763703186 1
1 1082763703187 1
1 1082763703212 1
1 1082763703213 4
1 1082763703214 1
1 1082763703216 1
1 1082763703217 4
1 1082763703218 1
1 1082763703220 1
1 1082763703221 4
1 1082763703222 1
1 1082763703224 1
1 1082763703225 4
1 1082763703226 1
1 1082763703228 1
1 1082763703229 4
1 1082763703230 1
1 1082763703232 1
1 1082763703233 4
1 1082763703234 1
1 1082763703276 4
1 1082763703277 1
1 1082763703280 4
1 1082763703281 1
1 1082763703284 4
1 1082763703285 1
1 1082763703288 4
1 1082763703289 1
1 1082763703292 4
1 1082763703293 1
1 1082763703296 4
1 1082763703297 1
1 1082763703326 1
1 1082763703327 1
1 1082763703330 1
1 1082763703331 1
1 1082763703334 1
1 1082763703335 1
1 1082763703338 1
1 1082763703339 1
1 1082763703342 1
1 1082763703343 1
1 1082763703346 1
1 1082763703347 1
1 1082763703389 1
1 1082763703390 4
1 1082763703391 1
1 1082763703393 1
1 1082763703394 4
1 1082763703395 1
1 1082763703397 1
1 1082763703398 4
1 1082763703399 1
1 1082763703401 1
1 1082763703402 4
1 1082763703403 1
1 1082763703405 1
1 1082763703406 4
1 1082763703407 1
1 1082763703409 1
1 1082763703410 4
1 1082763703411 1
1 1082763703452 1
1 1082763703453 4
1 1082763703454 1
1 1082763703456 1
1 1082763703457 4
1 1082763703458 1
1 1082763703460 1
1 1082763703461 4
1 1082763703462 1
1 1082763703464 1
1 1082763703465 4
1 1082763703466 1
1 1082763703468 1
1 1082763703469 4
1 1082763703470 1
1 1082763703472 1
1 1082763703473 4
1 1082763703474 1
1 1082763703516 4
1 1082763703517 1
1 1082763703520 4
1 1082763703521 1
1 1082763703524 4
1 1082763703525 1
1 1082763703528 4
1 1082763703529 1
1 1082763703532 4
1 1082763703533 1
1 1082763703536 4
1 1082763703537 1
1 1082763703566 1
1 1082763703567 1
1 1082763703570 1
1 1082763703571 1
1 1082763703574 1
1 1082763703575 1
1 1082763703578 1
1 1082763703579 1
1 1082763703582 1
1 1082763703583 1
1 1082763703586 1
1 1082763703587 1
1 1082763703612 1
1 1082763703613 4
1 1082763703614 1
1 1082763703616 1
1 1082763703617 4
1 1082763703618 1
1 1082763703620 1
1 1082763703621 4
1 1082763703622 1
1 1082763703624 1
1 1082763703625 4
1 1082763703626 1
1 1082763703628 1
1 1082763703629 4
1 1082763703630 1
1 1082763703632 1
1 1082763703633 4
1 1082763703634 1
1 1082763703676 4
1 1082763703677 1
1 1082763703680 4
1 1082763703681 1
1 1082763703684 4
1 1082763703685 1
1 1082763703688 4
1 1082763703689 1
1 1082763703692 4
1 1082763703693 1
1 1082763703696 4
1 1082763703697 1
1 1082763703726 1
1 1082763703727 1
1 1082763703730 1
1 1082763703731 1
1 1082763703734 1
1 1082763703735 1
1 1082763703738 1
1 1082763703739 1
1 1082763703742 1
1 1082763703743 1
1 1082763703746 1
1 1082763703747 1
1 1082763703789 1
1 1082763703790 4
1 1082763703791 1
1 1082763703793 1
1 1082763703794 4
1 1082763703795 1
1 1082763703797 1
1 1082763703798 4
1 1082763703799 1
1 1082763703801 1
1 1082763703802 4
1 1082763703803 1
1 1082763703805 1
1 1082763703806 4
1 1082763703807 1
1 1082763703809 1
1 1082763703810 4
1 1082763703811 1
1 1082763703852 1
1 1082763703853 4
1 1082763703854 1
1 1082763703856 1
1 1082763703857 4
1 1082763703858 1
1 1082763703860 1
1 1082763703861 4
1 1082763703862 1
1 1082763703864 1
1 1082763703865 4
1 1082763703866 1
1 1082763703868 1
1 1082763703869 4
1 1082763703870 1
1 1082763703872 1
1 1082763703873 4
1 1082763703874 1
1 1082763703916 4
1 1082763703917 1
1 1082763703920 4
1 1082763703921 1
1 1082763703924 4
1 1082763703925 1
1 1082763703928 4
1 1082763703929 1
1 1082763703932 4
1 1082763703933 1
1 1082763703936 4
1 1082763703937 1
1 1082763703966 1
1 1082763703967 1
1 1082763703970 1
1 1082763703971 1
1 1082763703974 1
1 1082763703975 1
1 1082763703978 1
1 1082763703979 1
1 1082763703982 1
1 1082763703983 1
1 1082763703986 1
1 1082763703987 1
1 1082763704012 1
1 1082763704013 4
1 1082763704014 1
1 1082763704016 1
1 1082763704017 4
1 1082763704018 1
1 1082763704020 1
1 1082763704021 4
1 1082763704022 1
1 1082763704024 1
1 1082763704025 4
1 1082763704026 1
1 1082763704028 1
1 1082763704029 4
1 1082763704030 1
1 1082763704032 1
1 1082763704033 4
1 1082763704034 1
1 1082763704076 4
1 1082763704077 1
1 1082763704080 4
1 1082763704081 1
1 1082763704084 4
1 1082763704085 1
1 1082763704088 4
1 1082763704089 1
1 1082763704092 4
1 1082763704093 1
1 1082763704096 4
1 1082763704097 1
1 1082763704126 1
1 1082763704127 1
1 1082763704130 1
1 1082763704131 1
1 1082763704134 1
1 1082763704135 1
1 1082763704138 1
1 1082763704139 1
1 1082763704142 1
1 1082763704143 1
1 1082763704146 1
1 1082763704147 1
1 1082763704189 1
1 1082763704190 4
1 1082763704191 1
1 1082763704193 1
1 1082763704194 4
1 1082763704195 1
1 1082763704197 1
1 1082763704198 4
1 1082763704199 1
1 1082763704201 1
1 1082763704202 4
1 1082763704203 1
1 1082763704205 1
1 1082763704206 4
1 1082763704207 1
1 1082763704209 1
1 1082763704210 4
1 1082763704211 1
1 1082763704252 1
1 1082763704253 4
1 1082763704254 1
1 1082763704256 1
1 1082763704257 4
1 1082763704258 1
1 1082763704260 1
1 1082763704261 4
1 1082763704262 1
1 1082763704264 1
1 1082763704265 4
1 1082763704266 1
1 1082763704268 1
1 1082763704269 4
1 1082763704270 1
1 1082763704272 1
1 1082763704273 4
1 1082763704274 1
1 1082763704316 4
1 1082763704317 1
1 1082763704320 4
1 1082763704321 1
1 1082763704324 4
1 1082763704325 1
1 1082763704328 4
1 1082763704329 1
1 1082763704332 4
1 1082763704333 1
1 1082763704336 4
1 1082763704337 1
1 1082763704366 1
1 1082763704367 1
1 1082763704370 1
1 1082763704371 1
1 1082763704374 1
1 1082763704375 1
1 1082763704378 1
1 1082763704379 1
1 1082763704382 1
1 1082763704383 1
1 1082763704386 1
1 1082763704387 1
1 1082763704412 1
1 1082763704413 4
1 1082763704414 1
1 1082763704416 1
1 1082763704417 4
1 1082763704418 1
1 1082763704420 1
1 1082763704421 4
1 1082763704422 1
1 1082763704424 1
1 1082763704425 4
1 1082763704426 1
1 1082763704428 1
1 1082763704429 4
1 1082763704430 1
1 1082763704432 1
1 1082763704433 4
1 1082763704434 1
1 1082763704476 4
1 1082763704477 1
1 1082763704480 4
1 1082763704481 1
1 1082763704484 4
1 1082763704485 1
1 1082763704488 4
1 1082763704489 1
1 1082763704492 4
1 1082763704493 1
1 1082763704496 4
1 1082763704497 1
1 1082763704526 1
1 1082763704527 1
1 1082763704530 1
1 1082763704531 1
1 1082763704534 1
1 1082763704535 1
1 1082763704538 1
1 1082763704539 1
1 1082763704542 1
1 1082763704543 1
1 1082763704546 1
1 1082763704547 1
1 1082763704589 1
1 1082763704590 4
1 1082763704591 1
1 1082763704593 1
1 1082763704594 4
1 1082763704595 1
1 1082763704597 1
1 1082763704598 4
1 1082763704599 1
1 1082763704601 1
1 1082763704602 4
1 1082763704603 1
1 1082763704605 1
1 1082763704606 4
1 1082763704607 1
1 1082763704609 1
1 1082763704610 4
1 1082763704611 1
1 1082763704652 1
1 1082763704653 4
1 1082763704654 1
1 1082763704656 1
1 1082763704657 4
1 1082763704658 1
1 1082763704660 1
1 1082763704661 4
1 1082763704662 1
1 1082763704664 1
1 1082763704665 4
1 1082763704666 1
1 1082763704668 1
1 1082763704669 4
1 1082763704670 1
1 1082763704672 1
1 1082763704673 4
1 1082763704674 1
1 1082763704716 4
1 1082763704717 1
1 1082763704720 4
1 1082763704721 1
1 1082763704724 4
1 1082763704725 1
1 1082763704728 4
1 1082763704729 1
1 1082763704732 4
1 1082763704733 1
1 1082763704736 4
1 1082763704737 1
1 1082763704766 1
1 1082763704767 1
1 1082763704770 1
1 1082763704771 1
1 1082763704774 1
1 1082763704775 1
1 1082763704778 1
1 1082763704779 1
1 1082763704782 1
1 1082763704783 1
1 1082763704786 1
1 1082763704787 1
1 1082763704812 1
1 1082763704813 4
1 1082763704814 1
1 1082763704816 1
1 1082763704817 4
1 1082763704818 1
1 1082763704820 1
1 1082763704821 4
1 1082763704822 1
1 1082763704824 1
1 1082763704825 4
1 1082763704826 1
1 1082763704828 1
1 1082763704829 4
1 1082763704830 1
1 1082763704832 1
1 1082763704833 4
1 1082763704834 1
1 1082763704876 4
1 1082763704877 1
1 1082763704880 4
1 1082763704881 1
1 1082763704884 4
1 1082763704885 1
1 1082763704888 4
1 1082763704889 1
1 1082763704892 4
1 1082763704893 1
1 1082763704896 4
1 1082763704897 1
1 1082763704926 1
1 1082763704927 1
1 1082763704930 1
1 1082763704931 1
1 1082763704934 1
1 1082763704935 1
1 1082763704938 1
1 1082763704939 1
1 1082763704942 1
1 1082763704943 1
1 1082763704946 1
1 1082763704947 1
1 1082763704989 1
1 1082763704990 4
1 1082763704991 1
1 1082763704993 1
1 1082763704994 4
1 1082763704995 1
1 1082763704997 1
1 1082763704998 4
1 1082763704999 1
1 1082763705001 1
1 1082763705002 4
1 1082763705003 1
1 1082763705005 1
1 1082763705006 4
1 1082763705007 1
1 1082763705009 1
1 1082763705010 4
1 1082763705011 1
1 1082763705052 1
1 1082763705053 4
1 1082763705054 1
1 1082763705056 1
1 1082763705057 4
1 1082763705058 1
1 1082763705060 1
1 1082763705061 4
1 1082763705062 1
1 1082763705064 1
1 1082763705065 4
1 1082763705066 1
1 1082763705068 1
1 1082763705069 4
1 1082763705070 1
1 1082763705072 1
1 1082763705073 4
1 1082763705074 1
1 1082763705116 4
1 1082763705117 1
1 1082763705120 4
1 1082763705121 1
1 1082763705124 4
1 1082763705125 1
1 1082763705128 4
1 1082763705129 1
1 1082763705132 4
1 1082763705133 1
1 1082763705136 4
1 1082763705137 1
1 1082763705166 1
1 1082763705167 1
1 1082763705170 1
1 1082763705171 1
1 1082763705174 1
1 1082763705175 1
1 1082763705178 1
1 1082763705179 1
1 1082763705182 1
1 1082763705183 1
1 1082763705186 1
1 1082763705187 1
1 1082763705212 1
1 1082763705213 4
1 1082763705214 1
1 1082763705216 1
1 1082763705217 4
1 1082763705218 1
1 1082763705220 1
1 1082763705221 4
1 1082763705222 1
1 1082763705224 1
1 1082763705225 4
1 1082763705226 1
1 1082763705228 1
1 1082763705229 4
1 1082763705230 1
1 1082763705232 1
1 1082763705233 4
1 1082763705234 1
1 1082763705276 4
1 1082763705277 1
1 1082763705280 4
1 1082763705281 1
1 1082763705284 4
1 1082763705285 1
1 1082763705288 4
1 1082763705289 1
1 1082763705292 4
1 1082763705293 1
1 1082763705296 4
1 1082763705297 1
1 1082763705326 1
1 1082763705327 1
1 1082763705330 1
1 1082763705331 1
1 1082763705334 1
1 1082763705335 1
1 1082763705338 1
1 1082763705339 1
1 1082763705342 1
1 1082763705343 1
1 1082763705346 1
1 1082763705347 1
1 1082763705389 1
1 1082763705390 4
1 1082763705391 1
1 1082763705393 1
1 1082763705394 4
1 1082763705395 1
1 1082763705397 1
1 1082763705398 4
1 1082763705399 1
1 1082763705401 1
1 1082763705402 4
1 1082763705403 1
1 1082763705405 1
1 1082763705406 4
1 1082763705407 1
1 1082763705409 1
1 1082763705410 4
1 1082763705411 1
1 1082763705452 1
1 1082763705453 4
1 1082763705454 1
1 1082763705456 1
1 1082763705457 4
1 1082763705458 1
1 1082763705460 1
1 1082763705461 4
1 1082763705462 1
1 1082763705464 1
1 1082763705465 4
1 1082763705466 1
1 1082763705468 1
1 1082763705469 4
1 1082763705470 1
1 1082763705472 1
1 1082763705473 4
1 1082763705474 1
1 1082763705516 4
1 1082763705517 1
1 1082763705520 4
1 1082763705521 1
1 1082763705524 4
1 1082763705525 1
1 1082763705528 4
1 1082763705529 1
1 1082763705532 4
1 1082763705533 1
1 1082763705536 4
1 1082763705537 1
1 1082763705566 1
1 1082763705567 1
1 1082763705570 1
1 1082763705571 1
1 1082763705574 1
1 1082763705575 1
1 1082763705578 1
1 1082763705579 1
1 1082763705582 1
1 1082763705583 1
1 1082763705586 1
1 1082763705587 1
1 1082763705612 1
1 1082763705613 4
1 1082763705614 1
1 1082763705616 1
1 1082763705617 4
1 1082763705618 1
1 1082763705620 1
1 1082763705621 4
1 1082763705622 1
1 1082763705624 1
1 1082763705625 4
1 1082763705626 1
1 1082763705628 1
1 1082763705629 4
1 1082763705630 1
1 1082763705632 1
1 1082763705633 4
1 1082763705634 1
1 1082763705676 4
1 1082763705677 1
1 1082763705680 4
1 1082763705681 1
1 1082763705684 4
1 1082763705685 1
1 1082763705688 4
1 1082763705689 1
1 1082763705692 4
1 1082763705693 1
1 1082763705696 4
1 1082763705697 1
1 1082763705726 1
1 1082763705727 1
1 1082763705730 1
1 1082763705731 1
1 1082763705734 1
1 1082763705735 1
1 1082763705738 1
1 1082763705739 1
1 1082763705742 1
1 1082763705743 1
1 1082763705746 1
1 1082763705747 1
1 1082763705789 1
1 1082763705790 4
1 1082763705791 1
1 1082763705793 1
1 1082763705794 4
1 1082763705795 1
1 1082763705797 1
1 1082763705798 4
1 1082763705799 1
1 1082763705801 1
1 1082763705802 4
1 1082763705803 1
1 1082763705805 1
1 1082763705806 4
1 1082763705807 1
1 1082763705809 1
1 1082763705810 4
1 1082763705811 1
1 1082763705852 1
1 1082763705853 4
1 1082763705854 1
1 1082763705856 1
1 1082763705857 4
1 1082763705858 1
1 1082763705860 1
1 1082763705861 4
1 1082763705862 1
1 1082763705864 1
1 1082763705865 4
1 1082763705866 1
1 1082763705868 1
1 1082763705869 4
1 1082763705870 1
1 1082763705872 1
1 1082763705873 4
1 1082763705874 1
1 1082763705916 4
1 1082763705917 1
1 1082763705920 4
1 1082763705921 1
1 1082763705924 4
1 1082763705925 1
1 1082763705928 4
1 1082763705929 1
1 1082763705932 4
1 1082763705933 1
1 1082763705936 4
1 1082763705937 1
1 1082763705966 1
1 1082763705967 1
1 1082763705970 1
1 1082763705971 1
1 1082763705974 1
1 1082763705975 1
1 1082763705978 1
1 1082763705979 1
1 1082763705982 1
1 1082763705983 1
1 1082763705986 1
1 1082763705987 1
1 1082763706012 1
1 1082763706013 4
1 1082763706014 1
1 1082763706016 1
1 1082763706017 4
1 1082763706018 1
1 1082763706020 1
1 1082763706021 4
1 1082763706022 1
1 1082763706024 1
1 1082763706025 4
1 1082763706026 1
1 1082763706028 1
1 1082763706029 4
1 1082763706030 1
1 1082763706032 1
1 1082763706033 4
1 1082763706034 1
1 1082763706076 4
1 1082763706077 1
1 1082763706080 4
1 1082763706081 1
1 1082763706084 4
1 1082763706085 1
1 1082763706088 4
1 1082763706089 1
1 1082763706092 4
1 1082763706093 1
1 1082763706096 4
1 1082763706097 1
1 1082763706126 1
1 1082763706127 1
1 1082763706130 1
1 1082763706131 1
1 1082763706134 1
1 1082763706135 1
1 1082763706138 1
1 1082763706139 1
1 1082763706142 1
1 1082763706143 1
1 1082763706146 1
1 1082763706147 1
1 1082763706189 1
1 1082763706190 4
1 1082763706191 1
1 1082763706193 1
1 1082763706194 4
1 1082763706195 1
1 1082763706197 1
1 1082763706198 4
1 1082763706199 1
1 1082763706201 1
1 1082763706202 4
1 1082763706203 1
1 1082763706205 1
1 1082763706206 4
1 1082763706207 1
1 1082763706209 1
1 1082763706210 4
1 1082763706211 1
1 1082763706252 1
1 1082763706253 4
1 1082763706254 1
1 1082763706256 1
1 1082763706257 4
1 1082763706258 1
1 1082763706260 1
1 1082763706261 4
1 1082763706262 1
1 1082763706264 1
1 1082763706265 4
1 1082763706266 1
1 1082763706268 1
1 1082763706269 4
1 1082763706270 1
1 1082763706272 1
1 1082763706273 4
1 1082763706274 1
1 1082763706316 4
1 1082763706317 1
1 1082763706320 4
1 1082763706321 1
1 1082763706324 4
1 1082763706325 1
1 1082763706328 4
1 1082763706329 1
1 1082763706332 4
1 1082763706333 1
1 1082763706336 4
1 1082763706337 1
1 1082763706366 1
1 1082763706367 1
1 1082763706370 1
1 1082763706371 1
1 1082763706374 1
1 1082763706375 1
1 1082763706378 1
1 1082763706379 1
1 1082763706382 1
1 1082763706383 1
1 1082763706386 1
1 1082763706387 1
1 1082763706412 1
1 1082763706413 4
1 1082763706414 1
1 1082763706416 1
1 1082763706417 4
1 1082763706418 1
1 1082763706420 1
1 1082763706421 4
1 1082763706422 1
1 1082763706424 1
1 1082763706425 4
1 1082763706426 1
1 1082763706428 1
1 1082763706429 4
1 1082763706430 1
1 1082763706432 1
1 1082763706433 4
1 1082763706434 1
1 1082763706476 4
1 1082763706477 1
1 1082763706480 4
1 1082763706481 1
1 1082763706484 4
1 1082763706485 1
1 1082763706488 4
1 1082763706489 1
1 1082763706492 4
1 1082763706493 1
1 1082763706496 4
1 1082763706497 1
1 1082763706526 1
1 1082763706527 1
1 1082763706530 1
1 1082763706531 1
1 1082763706534 1
1 1082763706535 1
1 1082763706538 1
1 1082763706539 1
1 1082763706542 1
1 1082763706543 1
1 1082763706546 1
1 1082763706547 1
1 1082763706589 1
1 1082763706590 4
1 1082763706591 1
1 1082763706593 1
1 1082763706594 4
1 1082763706595 1
1 1082763706597 1
1 1082763706598 4
1 1082763706599 1
1 1082763706601 1
1 1082763706602 4
1 1082763706603 1
1 1082763706605 1
1 1082763706606 4
1 1082763706607 1
1 1082763706609 1
1 1082763706610 4
1 1082763706611 1
1 1082763706652 1
1 1082763706653 4
1 1082763706654 1
1 1082763706656 1
1 1082763706657 4
1 1082763706658 1
1 1082763706660 1
1 1082763706661 4
1 1082763706662 1
1 1082763706664 1
1 1082763706665 4
1 1082763706666 1
1 1082763706668 1
1 1082763706669 4
1 1082763706670 1
1 1082763706672 1
1 1082763706673 4
1 1082763706674 1
1 1082763706716 4
1 1082763706717 1
1 1082763706720 4
1 1082763706721 1
1 1082763706724 4
1 1082763706725 1
1 1082763706728 4
1 1082763706729 1
1 1082763706732 4
1 1082763706733 1
1 1082763706736 4
1 1082763706737 1
1 1082763706766 1
1 1082763706767 1
1 1082763706770 1
1 1082763706771 1
1 1082763706774 1
1 1082763706775 1
1 1082763706778 1
1 1082763706779 1
1 1082763706782 1
1 1082763706783 1
1 1082763706786 1
1 1082763706787 1
1 1082763706812 1
1 1082763706813 4
1 1082763706814 1
1 1082763706816 1
1 1082763706817 4
1 1082763706818 1
1 1082763706820 1
1 1082763706821 4
1 1082763706822 1
1 1082763706824 1
1 1082763706825 4
1 1082763706826 1
1 1082763706828 1
1 1082763706829 4
1 1082763706830 1
1 1082763706832 1
1 1082763706833 4
1 1082763706834 1
1 1082763706876 4
1 1082763706877 1
1 1082763706880 4
1 1082763706881 1
1 1082763706884 4
1 1082763706885 1
1 1082763706888 4
1 1082763706889 1
1 1082763706892 4
1 1082763706893 1
1 1082763706896 4
1 1082763706897 1
1 1082763706926 1
1 1082763706927 1
1 1082763706930 1
1 1082763706931 1
1 1082763706934 1
1 1082763706935 1
1 1082763706938 1
1 1082763706939 1
1 1082763706942 1
1 1082763706943 1
1 1082763706946 1
1 1082763706947 1
1 1082763706989 1
1 1082763706990 4
1 1082763706991 1
1 1082763706993 1
1 1082763706994 4
1 1082763706995 1
1 1082763706997 1
1 1082763706998 4
1 1082763706999 1
1 1082763707001 1
1 1082763707002 4
1 1082763707003 1
1 1082763707005 1
1 1082763707006 4
1 1082763707007 1
1 1082763707009 1
1 1082763707010 4
1 1082763707011 1
1 1082763707052 1
1 1082763707053 4
1 1082763707054 1
1 1082763707056 1
1 1082763707057 4
1 1082763707058 1
1 1082763707060 1
1 1082763707061 4
1 1082763707062 1
1 1082763707064 1
1 1082763707065 4
1 1082763707066 1
1 1082763707068 1
1 1082763707069 4
1 1082763707070 1
1 1082763707072 1
1 1082763707073 4
1 1082763707074 1
1 1082763707116 4
1 1082763707117 1
1 1082763707120 4
1 1082763707121 1
1 1082763707124 4
1 1082763707125 1
1 1082763707128 4
1 1082763707129 1
1 1082763707132 4
1 1082763707133 1
1 1082763707136 4
1 1082763707137 1
1 1082763707166 1
1 1082763707167 1
1 1082763707170 1
1 1082763707171 1
1 1082763707174 1
1 1082763707175 1
1 1082763707178 1
1 1082763707179 1
1 1082763707182 1
1 1082763707183 1
1 1082763707186 1
1 1082763707187 1
1 1082763707212 1
1 1082763707213 4
1 1082763707214 1
1 1082763707216 1
1 1082763707217 4
1 1082763707218 1
1 1082763707220 1
1 1082763707221 4
1 1082763707222 1
1 1082763707224 1
1 1082763707225 4
1 1082763707226 1
1 1082763707228 1
1 1082763707229 4
1 1082763707230 1
1 1082763707232 1
1 1082763707233 4
1 1082763707234 1
1 1082763707276 4
1 1082763707277 1
1 1082763707280 4
1 1082763707281 1
1 1082763707284 4
1 1082763707285 1
1 1082763707288 4
1 1082763707289 1
1 1082763707292 4
1 1082763707293 1
1 1082763707296 4
1 1082763707297 1
1 1082763707326 1
1 1082763707327 1
1 1082763707330 1
1 1082763707331 1
1 1082763707334 1
1 1082763707335 1
1 1082763707338 1
1 1082763707339 1
1 1082763707342 1
1 1082763707343 1
1 1082763707346 1
1 1082763707347 1
1 1082763707389 1
1 1082763707390 4
1 1082763707391 1
1 1082763707393 1
1 1082763707394 4
1 1082763707395 1
1 1082763707397 1
1 1082763707398 4
1 1082763707399 1
1 1082763707401 1
1 1082763707402 4
1 1082763707403 1
1 1082763707405 1
1 1082763707406 4
1 1082763707407 1
1 1082763707409 1
1 1082763707410 4
1 1082763707411 1
1 1082763707452 1
1 1082763707453 4
1 1082763707454 1
1 1082763707456 1
1 1082763707457 4
1 1082763707458 1
1 1082763707460 1
1 1082763707461 4
1 1082763707462 1
1 1082763707464 1
1 1082763707465 4
1 1082763707466 1
1 1082763707468 1
1 1082763707469 4
1 1082763707470 1
1 1082763707472 1
1 1082763707473 4
1 1082763707474 1
1 1082763707516 4
1 1082763707517 1
1 1082763707520 4
1 1082763707521 1
1 1082763707524 4
1 1082763707525 1
1 1082763707528 4
1 1082763707529 1
1 1082763707532 4
1 1082763707533 1
1 1082763707536 4
1 1082763707537 1
1 1082763707566 1
1 1082763707567 1
1 1082763707570 1
1 1082763707571 1
1 1082763707574 1
1 1082763707575 1
1 1082763707578 1
1 1082763707579 1
1 1082763707582 1
1 1082763707583 1
1 1082763707586 1
1 1082763707587 1
1 1082763707612 1
1 1082763707613 4
1 1082763707614 1
1 1082763707616 1
1 1082763707617 4
1 1082763707618 1
1 1082763707620 1
1 1082763707621 4
1 1082763707622 1
1 1082763707624 1
1 1082763707625 4
1 1082763707626 1
1 1082763707628 1
1 1082763707629 4
1 1082763707630 1
1 1082763707632 1
1 1082763707633 4
1 1082763707634 1
1 1082763707676 4
1 1082763707677 1
1 1082763707680 4
1 1082763707681 1
1 1082763707684 4
1 1082763707685 1
1 1082763707688 4
1 1082763707689 1
1 1082763707692 4
1 1082763707693 1
1 1082763707696 4
1 1082763707697 1
1 1082763707726 1
1 1082763707727 1
1 1082763707730 1
1 1082763707731 1
1 1082763707734 1
1 1082763707735 1
1 1082763707738 1
1 1082763707739 1
1 1082763707742 1
1 1082763707743 1
1 1082763707746 1
1 1082763707747 1
1 1082763707789 1
1 1082763707790 4
1 1082763707791 1
1 1082763707793 1
1 1082763707794 4
1 1082763707795 1
1 1082763707797 1
1 1082763707798 4
1 1082763707799 1
1 1082763707801 1
1 1082763707802 4
1 1082763707803 1
1 1082763707805 1
1 1082763707806 4
1 1082763707807 1
1 1082763707809 1
1 1082763707810 4
1 1082763707811 1
1 1082763707852 1
1 1082763707853 4
1 1082763707854 1
1 1082763707856 1
1 1082763707857 4
1 1082763707858 1
1 1082763707860 1
1 1082763707861 4
1 1082763707862 1
1 1082763707864 1
1 1082763707865 4
1 1082763707866 1
1 1082763707868 1
1 1082763707869 4
1 1082763707870 1
1 1082763707872 1
1 1082763707873 4
1 1082763707874 1
1 1082763707916 4
1 1082763707917 1
1 1082763707920 4
1 1082763707921 1
1 1082763707924 4
1 1082763707925 1
1 1082763707928 4
1 1082763707929 1
1 1082763707932 4
1 1082763707933 1
1 1082763707936 4
1 1082763707937 1
1 1082763707966 1
1 1082763707967 1
1 1082763707970 1
1 1082763707971 1
1 1082763707974 1
1 1082763707975 1
1 1082763707978 1
1 1082763707979 1
1 1082763707982 1
1 1082763707983 1
1 1082763707986 1
1 1082763707987 1
1 1082763708012 1
1 1082763708013 4
1 1082763708014 1
1 1082763708016 1
1 1082763708017 4
1 1082763708018 1
1 1082763708020 1
1 1082763708021 4
1 1082763708022 1
1 1082763708024 1
1 1082763708025 4
1 1082763708026 1
1 1082763708028 1
1 1082763708029 4
1 1082763708030 1
1 1082763708032 1
1 1082763708033 4
1 1082763708034 1
1 1082763708076 4
1 1082763708077 1
1 1082763708080 4
1 1082763708081 1
1 1082763708084 4
1 1082763708085 1
1 1082763708088 4
1 1082763708089 1
1 1082763708092 4
1 1082763708093 1
1 1082763708096 4
1 1082763708097 1
1 1082763708126 1
1 1082763708127 1
1 1082763708130 1
1 1082763708131 1
1 1082763708134 1
1 1082763708135 1
1 1082763708138 1
1 1082763708139 1
1 1082763708142 1
1 1082763708143 1
1 1082763708146 1
1 1082763708147 1
1 1082763708189 1
1 1082763708190 4
1 1082763708191 1
1 1082763708193 1
1 1082763708194 4
1 1082763708195 1
1 1082763708197 1
1 1082763708198 4
1 1082763708199 1
1 1082763708201 1
1 1082763708202 4
1 1082763708203 1
1 1082763708205 1
1 1082763708206 4
1 1082763708207 1
1 1082763708209 1
1 1082763708210 4
1 1082763708211 1
1 1082763708252 1
1 1082763708253 4
1 1082763708254 1
1 1082763708256 1
1 1082763708257 4
1 1082763708258 1
1 1082763708260 1
1 1082763708261 4
1 1082763708262 1
1 1082763708264 1
1 1082763708265 4
1 1082763708266 1
1 1082763708268 1
1 1082763708269 4
1 1082763708270 1
1 1082763708272 1
1 1082763708273 4
1 1082763708274 1
1 1082763708316 4
1 1082763708317 1
1 1082763708320 4
1 1082763708321 1
1 1082763708324 4
1 1082763708325 1
1 1082763708328 4
1 1082763708329 1
1 1082763708332 4
1 1082763708333 1
1 1082763708336 4
1 1082763708337 1
1 1082763708366 1
1 1082763708367 1
1 1082763708370 1
1 1082763708371 1
1 1082763708374 1
1 1082763708375 1
1 1082763708378 1
1 1082763708379 1
1 1082763708382 1
1 1082763708383 1
1 1082763708386 1
1 1082763708387 1
1 1082763708412 1
1 1082763708413 4
1 1082763708414 1
1 1082763708416 1
1 1082763708417 4
1 1082763708418 1
1 1082763708420 1
1 1082763708421 4
1 1082763708422 1
1 1082763708424 1
1 1082763708425 4
1 1082763708426 1
1 1082763708428 1
1 1082763708429 4
1 1082763708430 1
1 1082763708432 1
1 1082763708433 4
1 1082763708434 1
1 1082763708476 4
1 1082763708477 1
1 1082763708480 4
1 1082763708481 1
1 1082763708484 4
1 1082763708485 1
1 1082763708488 4
1 1082763708489 1
1 1082763708492 4
1 1082763708493 1
1 1082763708496 4
1 1082763708497 1
1 1082763708526 1
1 1082763708527 1
1 1082763708530 1
1 1082763708531 1
1 1082763708534 1
1 1082763708535 1
1 1082763708538 1
1 1082763708539 1
1 1082763708542 1
1 1082763708543 1
1 1082763708546 1
1 1082763708547 1
1 1082763708589 1
1 1082763708590 4
1 1082763708591 1
1 1082763708593 1
1 1082763708594 4
1 1082763708595 1
1 1082763708597 1
1 1082763708598 4
1 1082763708599 1
1 1082763708601 1
1 1082763708602 4
1 1082763708603 1
1 1082763708605 1
1 1082763708606 4
1 1082763708607 1
1 1082763708609 1
1 1082763708610 4
1 1082763708611 1
1 1082763708652 1
1 1082763708653 4
1 1082763708654 1
1 1082763708656 1
1 1082763708657 4
1 1082763708658 1
1 1082763708660 1
1 1082763708661 4
1 1082763708662 1
1 1082763708664 1
1 1082763708665 4
1 1082763708666 1
1 1082763708668 1
1 1082763708669 4
1 1082763708670 1
1 1082763708672 1
1 1082763708673 4
1 1082763708674 1
1 1082763708716 4
1 1082763708717 1
1 1082763708720 4
1 1082763708721 1
1 1082763708724 4
1 1082763708725 1
1 1082763708728 4
1 1082763708729 1
1 1082763708732 4
1 1082763708733 1
1 1082763708736 4
1 1082763708737 1
1 1082763708766 1
1 1082763708767 1
1 1082763708770 1
1 1082763708771 1
1 1082763708774 1
1 1082763708775 1
1 1082763708778 1
1 1082763708779 1
1 1082763708782 1
1 1082763708783 1
1 1082763708786 1
1 1082763708787 1
1 1082763708812 1
1 1082763708813 4
1 1082763708814 1
1 1082763708816 1
1 1082763708817 4
1 1082763708818 1
1 1082763708820 1
1 1082763708821 4
1 1082763708822 1
1 1082763708824 1
1 1082763708825 4
1 1082763708826 1
1 1082763708828 1
1 1082763708829 4
1 1082763708830 1
1 1082763708832 1
1 1082763708833 4
1 1082763708834 1
1 1082763708876 4
1 1082763708877 1
1 1082763708880 4
1 1082763708881 1
1 1082763708884 4
1 1082763708885 1
1 1082763708888 4
1 1082763708889 1
1 1082763708892 4
1 1082763708893 1
1 1082763708896 4
1 1082763708897 1
1 1082763708926 1
1 1082763708927 1
1 1082763708930 1
1 1082763708931 1
1 1082763708934 1
1 1082763708935 1
1 1082763708938 1
1 1082763708939 1
1 1082763708942 1
1 1082763708943 1
1 1082763708946 1
1 1082763708947 1
1 1082763708989 1
1 1082763708990 4
1 1082763708991 1
1 1082763708993 1
1 1082763708994 4
1 1082763708995 1
1 1082763708997 1
1 1082763708998 4
1 1082763708999 1
1 1082763709001 1
1 1082763709002 4
1 1082763709003 1
1 1082763709005 1
1 1082763709006 4
1 1082763709007 1
1 1082763709009 1
1 1082763709010 4
1 1082763709011 1
1 1082763709052 1
1 1082763709053 4
1 1082763709054 1
1 1082763709056 1
1 1082763709057 4
1 1082763709058 1
1 1082763709060 1
1 1082763709061 4
1 1082763709062 1
1 1082763709064 1
1 1082763709065 4
1 1082763709066 1
1 1082763709068 1
1 1082763709069 4
1 1082763709070 1
1 1082763709072 1
1 1082763709073 4
1 1082763709074 1
1 1082763709116 4
1 1082763709117 1
1 1082763709120 4
1 1082763709121 1
1 1082763709124 4
1 1082763709125 1
1 1082763709128 4
1 1082763709129 1
1 1082763709132 4
1 1082763709133 1
1 1082763709136 4
1 1082763709137 1
1 1082763709166 1
1 1082763709167 1
1 1082763709170 1
1 1082763709171 1
1 1082763709174 1
1 1082763709175 1
1 1082763709178 1
1 1082763709179 1
1 1082763709182 1
1 1082763709183 1
1 1082763709186 1
1 1082763709187 1
1 1082763709212 1
1 1082763709213 4
1 1082763709214 1
1 1082763709216 1
1 1082763709217 4
1 1082763709218 1
1 1082763709220 1
1 1082763709221 4
1 1082763709222 1
1 1082763709224 1
1 1082763709225 4
1 1082763709226 1
1 1082763709228 1
1 1082763709229 4
1 1082763709230 1
1 1082763709232 1
1 1082763709233 4
1 1082763709234 1
1 1082763709276 4
1 1082763709277 1
1 1082763709280 4
1 1082763709281 1
1 1082763709284 4
1 1082763709285 1
1 1082763709288 4
1 1082763709289 1
1 1082763709292 4
1 1082763709293 1
1 1082763709296 4
1 1082763709297 1
1 1082763709326 1
1 1082763709327 1
1 1082763709330 1
1 1082763709331 1
1 1082763709334 1
1 1082763709335 1
1 1082763709338 1
1 1082763709339 1
1 1082763709342 1
1 1082763709343 1
1 1082763709346 1
1 1082763709347 1
1 1082763709389 1
1 1082763709390 4
1 1082763709391 1
1 1082763709393 1
1 1082763709394 4
1 1082763709395 1
1 1082763709397 1
1 1082763709398 4
1 1082763709399 1
1 1082763709401 1
1 1082763709402 4
1 1082763709403 1
1 1082763709405 1
1 1082763709406 4
1 1082763709407 1
1 1082763709409 1
1 1082763709410 4
1 1082763709411 1
1 1082763709452 1
1 1082763709453 4
1 1082763709454 1
1 1082763709456 1
1 1082763709457 4
1 1082763709458 1
1 1082763709460 1
1 1082763709461 4
1 1082763709462 1
1 1082763709464 1
1 1082763709465 4
1 1082763709466 1
1 1082763709468 1
1 1082763709469 4
1 1082763709470 1
1 1082763709472 1
1 1082763709473 4
1 1082763709474 1
1 1082763709516 4
1 1082763709517 1
1 1082763709520 4
1 1082763709521 1
1 1082763709524 4
1 1082763709525 1
1 1082763709528 4
1 1082763709529 1
1 1082763709532 4
1 1082763709533 1
1 1082763709536 4
1 1082763709537 1
1 1082763709566 1
1 1082763709567 1
1 1082763709570 1
1 1082763709571 1
1 1082763709574 1
1 1082763709575 1
1 1082763709578 1
1 1082763709579 1
1 1082763709582 1
1 1082763709583 1
1 1082763709586 1
1 1082763709587 1
1 1082763709612 1
1 1082763709613 4
1 1082763709614 1
1 1082763709616 1
1 1082763709617 4
1 1082763709618 1
1 1082763709620 1
1 1082763709621 4
1 1082763709622 1
1 1082763709624 1
1 1082763709625 4
1 1082763709626 1
1 1082763709628 1
1 1082763709629 4
1 1082763709630 1
1 1082763709632 1
1 1082763709633 4
1 1082763709634 1
1 1082763709676 4
1 1082763709677 1
1 1082763709680 4
1 1082763709681 1
1 1082763709684 4
1 1082763709685 1
1 1082763709688 4
1 1082763709689 1
1 1082763709692 4
1 1082763709693 1
1 1082763709696 4
1 1082763709697 1
1 1082763709726 1
1 1082763709727 1
1 1082763709730 1
1 1082763709731 1
1 1082763709734 1
1 1082763709735 1
1 1082763709738 1
1 1082763709739 1
1 1082763709742 1
1 1082763709743 1
1 1082763709746 1
1 1082763709747 1
1 1082763709789 1
1 1082763709790 4
1 1082763709791 1
1 1082763709793 1
1 1082763709794 4
1 1082763709795 1
1 1082763709797 1
1 1082763709798 4
1 1082763709799 1
1 1082763709801 1
1 1082763709802 4
1 1082763709803 1
1 1082763709805 1
1 1082763709806 4
1 1082763709807 1
1 1082763709809 1
1 1082763709810 4
1 1082763709811 1
1 1082763709852 1
1 1082763709853 4
1 1082763709854 1
1 1082763709856 1
1 1082763709857 4
1 1082763709858 1
1 1082763709860 1
1 1082763709861 4
1 1082763709862 1
1 1082763709864 1
1 1082763709865 4
1 1082763709866 1
1 1082763709868 1
1 1082763709869 4
1 1082763709870 1
1 1082763709872 1
1 1082763709873 4
1 1082763709874 1
1 1082763709916 4
1 1082763709917 1
1 1082763709920 4
1 1082763709921 1
1 1082763709924 4
1 1082763709925 1
1 1082763709928 4
1 1082763709929 1
1 1082763709932 4
1 1082763709933 1
1 1082763709936 4
1 1082763709937 1
1 1082763709966 1
1 1082763709967 1
1 1082763709970 1
1 1082763709971 1
1 1082763709974 1
1 1082763709975 1
1 1082763709978 1
1 1082763709979 1
1 1082763709982 1
1 1082763709983 1
1 1082763709986 1
1 1082763709987 1
1 1082763710012 1
1 1082763710013 4
1 1082763710014 1
1 1082763710016 1
1 1082763710017 4
1 1082763710018 1
1 1082763710020 1
1 1082763710021 4
1 1082763710022 1
1 1082763710024 1
1 1082763710025 4
1 1082763710026 1
1 1082763710028 1
1 1082763710029 4
1 1082763710030 1
1 1082763710032 1
1 1082763710033 4
1 1082763710034 1
1 1082763710076 4
1 1082763710077 1
1 1082763710080 4
1 1082763710081 1
1 1082763710084 4
1 1082763710085 1
1 1082763710088 4
1 1082763710089 1
1 1082763710092 4
1 1082763710093 1
1 1082763710096 4
1 1082763710097 1
1 1082763710126 1
1 1082763710127 1
1 1082763710130 1
1 1082763710131 1
1 1082763710134 1
1 1082763710135 1
1 1082763710138 1
1 1082763710139 1
1 1082763710142 1
1 1082763710143 1
1 1082763710146 1
1 1082763710147 1
1 1082763710189 1
1 1082763710190 4
1 1082763710191 1
1 1082763710193 1
1 1082763710194 4
1 1082763710195 1
1 1082763710197 1
1 1082763710198 4
1 1082763710199 1
1 1082763710201 1
1 1082763710202 4
1 1082763710203 1
1 1082763710205 1
1 1082763710206 4
1 1082763710207 1
1 1082763710209 1
1 1082763710210 4
1 1082763710211 1
1 1082763710252 1
1 1082763710253 4
1 1082763710254 1
1 1082763710256 1
1 1082763710257 4
1 1082763710258 1
1 1082763710260 1
1 1082763710261 4
1 1082763710262 1
1 1082763710264 1
1 1082763710265 4
1 1082763710266 1
1 1082763710268 1
1 1082763710269 4
1 1082763710270 1
1 1082763710272 1
1 1082763710273 4
1 1082763710274 1
1 1082763710316 4
1 1082763710317 1
1 1082763710320 4
1 1082763710321 1
1 1082763710324 4
1 1082763710325 1
1 1082763710328 4
1 1082763710329 1
1 1082763710332 4
1 1082763710333 1
1 1082763710336 4
1 1082763710337 1
1 1082763710366 1
1 1082763710367 1
1 1082763710370 1
1 1082763710371 1
1 1082763710374 1
1 1082763710375 1
1 1082763710378 1
1 1082763710379 1
1 1082763710382 1
1 1082763710383 1
1 1082763710386 1
1 1082763710387 1
1 1082763710412 1
1 1082763710413 4
1 1082763710414 1
1 1082763710416 1
1 1082763710417 4
1 1082763710418 1
1 1082763710420 1
1 1082763710421 4
1 1082763710422 1
1 1082763710424 1
1 1082763710425 4
1 1082763710426 1
1 1082763710428 1
1 1082763710429 4
1 1082763710430 1
1 1082763710432 1
1 1082763710433 4
1 1082763710434 1
1 1082763710476 4
1 1082763710477 1
1 1082763710480 4
1 1082763710481 1
1 1082763710484 4
1 1082763710485 1
1 1082763710488 4
1 1082763710489 1
1 1082763710492 4
1 1082763710493 1
1 1082763710496 4
1 1082763710497 1
1 1082763710526 1
1 1082763710527 1
1 1082763710530 1
1 1082763710531 1
1 1082763710534 1
1 1082763710535 1
1 1082763710538 1
1 1082763710539 1
1 1082763710542 1
1 1082763710543 1
1 1082763710546 1
1 1082763710547 1
1 1082763710589 1
1 1082763710590 4
1 1082763710591 1
1 1082763710593 1
1 1082763710594 4
1 1082763710595 1
1 1082763710597 1
1 1082763710598 4
1 1082763710599 1
1 1082763710601 1
1 1082763710602 4
1 1082763710603 1
1 1082763710605 1
1 1082763710606 4
1 1082763710607 1
1 1082763710609 1
1 1082763710610 4
1 1082763710611 1
1 1082763710652 1
1 1082763710653 4
1 1082763710654 1
1 1082763710656 1
1 1082763710657 4
1 1082763710658 1
1 1082763710660 1
1 1082763710661 4
1 1082763710662 1
1 1082763710664 1
1 1082763710665 4
1 1082763710666 1
1 1082763710668 1
1 1082763710669 4
1 1082763710670 1
1 1082763710672 1
1 1082763710673 4
1 1082763710674 1
1 1082763710716 4
1 1082763710717 1
1 1082763710720 4
1 1082763710721 1
1 1082763710724 4
1 1082763710725 1
1 1082763710728 4
1 1082763710729 1
1 1082763710732 4
1 1082763710733 1
1 1082763710736 4
1 1082763710737 1
1 1082763710766 1
1 1082763710767 1
1 1082763710770 1
1 1082763710771 1
1 1082763710774 1
1 1082763710775 1
1 1082763710778 1
1 1082763710779 1
1 1082763710782 1
1 1082763710783 1
1 1082763710786 1
1 1082763710787 1
1 1082763710812 1
1 1082763710813 4
1 1082763710814 1
1 1082763710816 1
1 1082763710817 4
1 1082763710818 1
1 1082763710820 1
1 1082763710821 4
1 1082763710822 1
1 1082763710824 1
1 1082763710825 4
1 1082763710826 1
1 1082763710828 1
1 1082763710829 4
1 1082763710830 1
1 1082763710832 1
1 1082763710833 4
1 1082763710834 1
1 1082763710876 4
1 1082763710877 1
1 1082763710880 4
1 1082763710881 1
1 1082763710884 4
1 1082763710885 1
1 1082763710888 4
1 1082763710889 1
1 1082763710892 4
1 1082763710893 1
1 1082763710896 4
1 1082763710897 1
1 1082763710926 1
1 1082763710927 1
1 1082763710930 1
1 1082763710931 1
1 1082763710934 1
1 1082763710935 1
1 1082763710938 1
1 1082763710939 1
1 1082763710942 1
1 1082763710943 1
1 1082763710946 1
1 1082763710947 1
1 1082763710989 1
1 1082763710990 4
1 1082763710991 1
1 1082763710993 1
1 1082763710994 4
1 1082763710995 1
1 1082763710997 1
1 1082763710998 4
1 1082763710999 1
1 1082763711001 1
1 1082763711002 4
1 1082763711003 1
1 1082763711005 1
1 1082763711006 4
1 1082763711007 1
1 1082763711009 1
1 1082763711010 4
1 1082763711011 1
1 1082763711052 1
1 1082763711053 4
1 1082763711054 1
1 1082763711056 1
1 1082763711057 4
1 1082763711058 1
1 1082763711060 1
1 1082763711061 4
1 1082763711062 1
1 1082763711064 1
1 1082763711065 4
1 1082763711066 1
1 1082763711068 1
1 1082763711069 4
1 1082763711070 1
1 1082763711072 1
1 1082763711073 4
1 1082763711074 1
1 1082763711116 4
1 1082763711117 1
1 1082763711120 4
1 1082763711121 1
1 1082763711124 4
1 1082763711125 1
1 1082763711128 4
1 1082763711129 1
1 1082763711132 4
1 1082763711133 1
1 1082763711136 4
1 1082763711137 1
1 1082763711166 1
1 1082763711167 1
1 1082763711170 1
1 1082763711171 1
1 1082763711174 1
1 1082763711175 1
1 1082763711178 1
1 1082763711179 1
1 1082763711182 1
1 1082763711183 1
1 1082763711186 1
1 1082763711187 1
1 1082763711212 1
1 1082763711213 4
1 1082763711214 1
1 1082763711216 1
1 1082763711217 4
1 1082763711218 1
1 1082763711220 1
1 1082763711221 4
1 1082763711222 1
1 1082763711224 1
1 1082763711225 4
1 1082763711226 1
1 1082763711228 1
1 1082763711229 4
1 1082763711230 1
1 1082763711232 1
1 1082763711233 4
1 1082763711234 1
1 1082763711276 4
1 1082763711277 1
1 1082763711280 4
1 1082763711281 1
1 1082763711284 4
1 1082763711285 1
1 1082763711288 4
1 1082763711289 1
1 1082763711292 4
1 1082763711293 1
1 1082763711296 4
1 1082763711297 1
1 1082763711326 1
1 1082763711327 1
1 1082763711330 1
1 1082763711331 1
1 1082763711334 1
1 1082763711335 1
1 1082763711338 1
1 1082763711339 1
1 1082763711342 1
1 1082763711343 1
1 1082763711346 1
1 1082763711347 1
1 1082763711389 1
1 1082763711390 4
1 1082763711391 1
1 1082763711393 1
1 1082763711394 4
1 1082763711395 1
1 1082763711397 1
1 1082763711398 4
1 1082763711399 1
1 1082763711401 1
1 1082763711402 4
1 1082763711403 1
1 1082763711405 1
1 1082763711406 4
1 1082763711407 1
1 1082763711409 1
1 1082763711410 4
1 1082763711411 1
1 1082763711452 1
1 1082763711453 4
1 1082763711454 1
1 1082763711456 1
1 1082763711457 4
1 1082763711458 1
1 1082763711460 1
1 1082763711461 4
1 1082763711462 1
1 1082763711464 1
1 1082763711465 4
1 1082763711466 1
1 1082763711468 1
1 1082763711469 4
1 1082763711470 1
1 1082763711472 1
1 1082763711473 4
1 1082763711474 1
1 1082763711516 4
1 1082763711517 1
1 1082763711520 4
1 1082763711521 1
1 1082763711524 4
1 1082763711525 1
1 1082763711528 4
1 1082763711529 1
1 1082763711532 4
1 1082763711533 1
1 1082763711536 4
1 1082763711537 1
1 1082763711566 1
1 1082763711567 1
1 1082763711570 1
1 1082763711571 1
1 1082763711574 1
1 1082763711575 1
1 1082763711578 1
1 1082763711579 1
1 1082763711582 1
1 1082763711583 1
1 1082763711586 1
1 1082763711587 1
1 1082763711612 1
1 1082763711613 4
1 1082763711614 1
1 1082763711616 1
1 1082763711617 4
1 1082763711618 1
1 1082763711620 1
1 1082763711621 4
1 1082763711622 1
1 1082763711624 1
1 1082763711625 4
1 1082763711626 1
1 1082763711628 1
1 1082763711629 4
1 1082763711630 1
1 1082763711632 1
1 1082763711633 4
1 1082763711634 1
1 1082763711676 4
1 1082763711677 1
1 1082763711680 4
1 1082763711681 1
1 1082763711684 4
1 1082763711685 1
1 1082763711688 4
1 1082763711689 1
1 1082763711692 4
1 1082763711693 1
1 1082763711696 4
1 1082763711697 1
1 1082763711726 1
1 1082763711727 1
1 1082763711730 1
1 1082763711731 1
1 1082763711734 1
1 1082763711735 1
1 1082763711738 1
1 1082763711739 1
1 1082763711742 1
1 1082763711743 1
1 1082763711746 1
1 1082763711747 1
1 1082763711789 1
1 1082763711790 4
1 1082763711791 1
1 1082763711793 1
1 1082763711794 4
1 1082763711795 1
1 1082763711797 1
1 1082763711798 4
1 1082763711799 1
1 1082763711801 1
1 1082763711802 4
1 1082763711803 1
1 1082763711805 1
1 1082763711806 4
1 1082763711807 1
1 1082763711809 1
1 1082763711810 4
1 1082763711811 1
1 1082763711852 1
1 1082763711853 4
1 1082763711854 1
1 1082763711856 1
1 1082763711857 4
1 1082763711858 1
1 1082763711860 1
1 1082763711861 4
1 1082763711862 1
1 1082763711864 1
1 1082763711865 4
1 1082763711866 1
1 1082763711868 1
1 1082763711869 4
1 1082763711870 1
1 1082763711872 1
1 1082763711873 4
1 1082763711874 1
1 1082763711916 4
1 1082763711917 1
1 1082763711920 4
1 1082763711921 1
1 1082763711924 4
1 1082763711925 1
1 1082763711928 4
1 1082763711929 1
1 1082763711932 4
1 1082763711933 1
1 1082763711936 4
1 1082763711937 1
1 1082763711966 1
1 1082763711967 1
1 1082763711970 1
1 1082763711971 1
1 1082763711974 1
1 1082763711975 1
1 1082763711978 1
1 1082763711979 1
1 1082763711982 1
1 1082763711983 1
1 1082763711986 1
1 1082763711987 1
1 1082763712012 1
1 1082763712013 4
1 1082763712014 1
1 1082763712016 1
1 1082763712017 4
1 1082763712018 1
1 1082763712020 1
1 1082763712021 4
1 1082763712022 1
1 1082763712024 1
1 1082763712025 4
1 1082763712026 1
1 1082763712028 1
1 1082763712029 4
1 1082763712030 1
1 1082763712032 1
1 1082763712033 4
1 1082763712034 1
1 1082763712076 4
1 1082763712077 1
1 1082763712080 4
1 1082763712081 1
1 1082763712084 4
1 1082763712085 1
1 1082763712088 4
1 1082763712089 1
1 1082763712092 4
1 1082763712093 1
1 1082763712096 4
1 1082763712097 1
1 1082763712126 1
1 1082763712127 1
1 1082763712130 1
1 1082763712131 1
1 1082763712134 1
1 1082763712135 1
1 1082763712138 1
1 1082763712139 1
1 1082763712142 1
1 1082763712143 1
1 1082763712146 1
1 1082763712147 1
1 1082763712189 1
1 1082763712190 4
1 1082763712191 1
1 1082763712193 1
1 1082763712194 4
1 1082763712195 1
1 1082763712197 1
1 1082763712198 4
1 1082763712199 1
1 1082763712201 1
1 1082763712202 4
1 1082763712203 1
1 1082763712205 1
1 1082763712206 4
1 1082763712207 1
1 1082763712209 1
1 1082763712210 4
1 1082763712211 1
1 1082763712252 1
1 1082763712253 4
1 1082763712254 1
1 1082763712256 1
1 1082763712257 4
1 1082763712258 1
1 1082763712260 1
1 1082763712261 4
1 1082763712262 1
1 1082763712264 1
1 1082763712265 4
1 1082763712266 1
1 1082763712268 1
1 1082763712269 4
1 1082763712270 1
1 1082763712272 1
1 1082763712273 4
1 1082763712274 1
1 1082763712316 4
1 1082763712317 1
1 1082763712320 4
1 1082763712321 1
1 1082763712324 4
1 1082763712325 1
1 1082763712328 4
1 1082763712329 1
1 1082763712332 4
1 1082763712333 1
1 1082763712336 4
1 1082763712337 1
1 1082763712366 1
1 1082763712367 1
1 1082763712370 1
1 1082763712371 1
1 1082763712374 1
1 1082763712375 1
1 1082763712378 1
1 1082763712379 1
1 1082763712382 1
1 1082763712383 1
1 1082763712386 1
1 1082763712387 1
1 1082763712412 1
1 1082763712413 4
1 1082763712414 1
1 1082763712416 1
1 1082763712417 4
1 1082763712418 1
1 1082763712420 1
1 1082763712421 4
1 1082763712422 1
1 1082763712424 1
1 1082763712425 4
1 1082763712426 1
1 1082763712428 1
1 1082763712429 4
1 1082763712430 1
1 1082763712432 1
1 1082763712433 4
1 1082763712434 1
1 1082763712476 4
1 1082763712477 1
1 1082763712480 4
1 1082763712481 1
1 1082763712484 4
1 1082763712485 1
1 1082763712488 4
1 1082763712489 1
1 1082763712492 4
1 1082763712493 1
1 1082763712496 4
1 1082763712497 1
1 1082763712526 1
1 1082763712527 1
1 1082763712530 1
1 1082763712531 1
1 1082763712534 1
1 1082763712535 1
1 1082763712538 1
1 1082763712539 1
1 1082763712542 1
1 1082763712543 1
1 1082763712546 1
1 1082763712547 1
1 1082763712589 1
1 1082763712590 4
1 1082763712591 1
1 1082763712593 1
1 1082763712594 4
1 1082763712595 1
1 1082763712597 1
1 1082763712598 4
1 1082763712599 1
1 1082763712601 1
1 1082763712602 4
1 1082763712603 1
1 1082763712605 1
1 1082763712606 4
1 1082763712607 1
1 1082763712609 1
1 1082763712610 4
1 1082763712611 1
1 1082763712652 1
1 1082763712653 4
1 1082763712654 1
1 1082763712656 1
1 1082763712657 4
1 1082763712658 1
1 1082763712660 1
1 1082763712661 4
1 1082763712662 1
1 1082763712664 1
1 1082763712665 4
1 1082763712666 1
1 1082763712668 1
1 1082763712669 4
1 1082763712670 1
1 1082763712672 1
1 1082763712673 4
1 1082763712674 1
1 1082763712716 4
1 1082763712717 1
1 1082763712720 4
1 1082763712721 1
1 1082763712724 4
1 1082763712725 1
1 1082763712728 4
1 1082763712729 1
1 1082763712732 4
1 1082763712733 1
1 1082763712736 4
1 1082763712737 1
1 1082763712766 1
1 1082763712767 1
1 1082763712770 1
1 1082763712771 1
1 1082763712774 1
1 1082763712775 1
1 1082763712778 1
1 1082763712779 1
1 1082763712782 1
1 1082763712783 1
1 1082763712786 1
1 1082763712787 1
1 1082763712812 1
1 1082763712813 4
1 1082763712814 1
1 1082763712816 1
1 1082763712817 4
1 1082763712818 1
1 1082763712820 1
1 1082763712821 4
1 1082763712822 1
1 1082763712824 1
1 1082763712825 4
1 1082763712826 1
1 1082763712828 1
1 1082763712829 4
1 1082763712830 1
1 1082763712832 1
1 1082763712833 4
1 1082763712834 1
1 1082763712876 4
1 1082763712877 1
1 1082763712880 4
1 1082763712881 1
1 1082763712884 4
1 1082763712885 1
1 1082763712888 4
1 1082763712889 1
1 1082763712892 4
1 1082763712893 1
1 1082763712896 4
1 1082763712897 1
1 1082763712926 1
1 1082763712927 1
1 1082763712930 1
1 1082763712931 1
1 1082763712934 1
1 1082763712935 1
1 1082763712938 1
1 1082763712939 1
1 1082763712942 1
1 1082763712943 1
1 1082763712946 1
1 1082763712947 1
1 1082763712989 1
1 1082763712990 4
1 1082763712991 1
1 1082763712993 1
1 1082763712994 4
1 1082763712995 1
1 1082763712997 1
1 1082763712998 4
1 1082763712999 1
1 1082763713001 1
1 1082763713002 4
1 1082763713003 1
1 1082763713005 1
1 1082763713006 4
1 1082763713007 1
1 1082763713009 1
1 1082763713010 4
1 1082763713011 1
1 1082763713052 1
1 1082763713053 4
1 1082763713054 1
1 1082763713056 1
1 1082763713057 4
1 1082763713058 1
1 1082763713060 1
1 1082763713061 4
1 1082763713062 1
1 1082763713064 1
1 1082763713065 4
1 1082763713066 1
1 1082763713068 1
1 1082763713069 4
1 1082763713070 1
1 1082763713072 1
1 1082763713073 4
1 1082763713074 1
1 1082763713116 4
1 1082763713117 1
1 1082763713120 4
1 1082763713121 1
1 1082763713124 4
1 1082763713125 1
1 1082763713128 4
1 1082763713129 1
1 1082763713132 4
1 1082763713133 1
1 1082763713136 4
1 1082763713137 1
1 1082763713166 1
1 1082763713167 1
1 1082763713170 1
1 1082763713171 1
1 1082763713174 1
1 1082763713175 1
1 1082763713178 1
1 1082763713179 1
1 1082763713182 1
1 1082763713183 1
1 1082763713186 1
1 1082763713187 1
1 1082763713212 1
1 1082763713213 4
1 1082763713214 1
1 1082763713216 1
1 1082763713217 4
1 1082763713218 1
1 1082763713220 1
1 1082763713221 4
1 1082763713222 1
1 1082763713224 1
1 1082763713225 4
1 1082763713226 1
1 1082763713228 1
1 1082763713229 4
1 1082763713230 1
1 1082763713232 1
1 1082763713233 4
1 1082763713234 1
1 1082763713276 4
1 1082763713277 1
1 1082763713280 4
1 1082763713281 1
1 1082763713284 4
1 1082763713285 1
1 1082763713288 4
1 1082763713289 1
1 1082763713292 4
1 1082763713293 1
1 1082763713296 4
1 1082763713297 1
1 1082763713326 1
1 1082763713327 1
1 1082763713330 1
1 1082763713331 1
1 1082763713334 1
1 1082763713335 1
1 1082763713338 1
1 1082763713339 1
1 1082763713342 1
1 1082763713343 1
1 1082763713346 1
1 1082763713347 1
1 1082763713389 1
1 1082763713390 4
1 1082763713391 1
1 1082763713393 1
1 1082763713394 4
1 1082763713395 1
1 1082763713397 1
1 1082763713398 4
1 1082763713399 1
1 1082763713401 1
1 1082763713402 4
1 1082763713403 1
1 1082763713405 1
1 1082763713406 4
1 1082763713407 1
1 1082763713409 1
1 1082763713410 4
1 1082763713411 1
1 1082763713452 1
1 1082763713453 4
1 1082763713454 1
1 1082763713456 1
1 1082763713457 4
1 1082763713458 1
1 1082763713460 1
1 1082763713461 4
1 1082763713462 1
1 1082763713464 1
1 1082763713465 4
1 1082763713466 1
1 1082763713468 1
1 1082763713469 4
1 1082763713470 1
1 1082763713472 1
1 1082763713473 4
1 1082763713474 1
1 1082763713516 4
1 1082763713517 1
1 1082763713520 4
1 1082763713521 1
1 1082763713524 4
1 1082763713525 1
1 1082763713528 4
1 1082763713529 1
1 1082763713532 4
1 1082763713533 1
1 1082763713536 4
1 1082763713537 1
1 1082763713566 1
1 1082763713567 1
1 1082763713570 1
1 1082763713571 1
1 1082763713574 1
1 1082763713575 1
1 1082763713578 1
1 1082763713579 1
1 1082763713582 1
1 1082763713583 1
1 1082763713586 1
1 1082763713587 1
