1 1082763673601 1
1 1082763673602 4
1 1082763673603 1
1 1082763673605 1
1 1082763673606 4
1 1082763673607 1
1 1082763673609 1
1 1082763673610 4
1 1082763673611 1
1 1082763673613 1
1 1082763673614 4
1 1082763673615 1
1 1082763673617 1
1 1082763673618 4
1 1082763673619 1
1 1082763673660 1
1 1082763673661 4
1 1082763673662 1
1 1082763673664 1
1 1082763673665 4
1 1082763673666 1
1 1082763673668 1
1 1082763673669 4
1 1082763673670 1
1 1082763673672 1
1 1082763673673 4
1 1082763673674 1
1 1082763673676 1
1 1082763673677 4
1 1082763673678 1
1 1082763673680 1
1 1082763673681 4
1 1082763673682 1
1 1082763673724 4
1 1082763673725 1
1 1082763673728 4
1 1082763673729 1
1 1082763673732 4
1 1082763673733 1
1 1082763673736 4
1 1082763673737 1
1 1082763673740 4
1 1082763673741 1
1 1082763673744 4
1 1082763673745 1
1 1082763673774 1
1 1082763673775 1
1 1082763673778 1
1 1082763673779 1
1 1082763673782 1
1 1082763673783 1
1 1082763673786 1
1 1082763673787 1
1 1082763673790 1
1 1082763673791 1
1 1082763673794 1
1 1082763673795 1
1 1082763673837 1
1 1082763673838 4
1 1082763673839 1
1 1082763673841 1
1 1082763673842 12
1 1082763673843 1
1 1082763673845 1
1 1082763673846 4
1 1082763673847 1
1 1082763673849 1
1 1082763673850 4
1 1082763673851 1
1 1082763673853 1
1 1082763673854 4
1 1082763673855 1
1 1082763673857 1
1 1082763673858 4
1 1082763673859 1
1 1082763673900 1
1 1082763673901 4
1 1082763673902 1
1 1082763673904 6
1 1082763673905 4
1 1082763673906 12
1 1082763673908 7
1 1082763673909 4
1 1082763673910 13
1 1082763673912 32
1 1082763673913 9
1 1082763673914 9
1 1082763673916 14
1 1082763673917 4
1 1082763673918 1
1 1082763673920 1
1 1082763673921 4
1 1082763673922 1
1 1082763673964 4
1 1082763673965 22
1 1082763673968 4
1 1082763673969 1
1 1082763673972 4
1 1082763673973 1
1 1082763673976 7
1 1082763673977 1
1 1082763673980 4
1 1082763673981 29
1 1082763673984 4
1 1082763673985 1
1 1082763674001 1
1 1082763674002 78
1 1082763674003 1
1 1082763674005 1
1 1082763674006 4
1 1082763674007 1
1 1082763674009 1
1 1082763674010 4
1 1082763674011 1
1 1082763674013 1
1 1082763674014 4
1 1082763674015 1
1 1082763674017 1
1 1082763674018 4
1 1082763674019 1
1 1082763674060 1
1 1082763674061 4
1 1082763674062 1
1 1082763674064 1
1 1082763674065 4
1 1082763674066 1
1 1082763674068 1
1 1082763674069 4
1 1082763674070 1
1 1082763674072 1
1 1082763674073 4
1 1082763674074 1
1 1082763674076 1
1 1082763674077 4
1 1082763674078 1
1 1082763674080 1
1 1082763674081 4
1 1082763674082 1
1 1082763674124 4
1 1082763674125 1
1 1082763674128 4
1 1082763674129 1
1 1082763674132 4
1 1082763674133 1
1 1082763674136 4
1 1082763674137 1
1 1082763674140 4
1 1082763674141 1
1 1082763674144 4
1 1082763674145 1
1 1082763674174 1
1 1082763674175 1
1 1082763674178 1
1 1082763674179 1
1 1082763674182 1
1 1082763674183 1
1 1082763674186 1
1 1082763674187 1
1 1082763674190 1
1 1082763674191 1
1 1082763674194 1
1 1082763674195 1
1 1082763674237 1
1 1082763674238 4
1 1082763674239 1
1 1082763674241 1
1 1082763674242 4
1 1082763674243 1
1 1082763674245 1
1 1082763674246 4
1 1082763674247 1
1 1082763674249 1
1 1082763674250 4
1 1082763674251 1
1 1082763674253 1
1 1082763674254 4
1 1082763674255 1
1 1082763674257 1
1 1082763674258 4
1 1082763674259 1
1 1082763674300 1
1 1082763674301 4
1 1082763674302 1
1 1082763674304 1
1 1082763674305 51
1 1082763674306 1
1 1082763674308 1
1 1082763674309 4
1 1082763674310 1
1 1082763674312 1
1 1082763674313 4
1 1082763674314 1
1 1082763674316 1
1 1082763674317 4
1 1082763674318 1
1 1082763674320 1
1 1082763674321 4
1 1082763674322 1
1 1082763674364 4
1 1082763674365 1
1 1082763674368 4
1 1082763674369 1
1 1082763674372 4
1 1082763674373 1
1 1082763674376 4
1 1082763674377 1
1 1082763674380 4
1 1082763674381 1
1 1082763674384 4
1 1082763674385 1
1 1082763674401 1
1 1082763674402 4
1 1082763674403 1
1 1082763674405 1
1 1082763674406 4
1 1082763674407 1
1 1082763674409 1
1 1082763674410 4
1 1082763674411 1
1 1082763674413 1
1 1082763674414 4
1 1082763674415 1
1 1082763674417 1
1 1082763674418 4
1 1082763674419 1
1 1082763674460 1
1 1082763674461 4
1 1082763674462 1
1 1082763674464 1
1 1082763674465 4
1 1082763674466 1
1 1082763674468 1
1 1082763674469 4
1 1082763674470 1
1 1082763674472 1
1 1082763674473 4
1 1082763674474 1
1 1082763674476 1
1 1082763674477 4
1 1082763674478 1
1 1082763674480 1
1 1082763674481 4
1 1082763674482 1
1 1082763674524 4
1 1082763674525 1
1 1082763674528 4
1 1082763674529 1
1 1082763674532 4
1 1082763674533 1
1 1082763674536 4
1 1082763674537 1
1 1082763674540 4
1 1082763674541 1
1 1082763674544 4
1 1082763674545 1
1 1082763674574 1
1 1082763674575 1
1 1082763674578 1
1 1082763674579 1
1 1082763674582 1
1 1082763674583 1
1 1082763674586 1
1 1082763674587 1
1 1082763674590 1
1 1082763674591 1
1 1082763674594 1
1 1082763674595 1
1 1082763674637 1
1 1082763674638 4
1 1082763674639 1
1 1082763674641 1
1 1082763674642 4
1 1082763674643 1
1 1082763674645 1
1 1082763674646 4
1 1082763674647 1
1 1082763674649 1
1 1082763674650 4
1 1082763674651 1
1 1082763674653 1
1 1082763674654 4
1 1082763674655 1
1 1082763674657 1
1 1082763674658 4
1 1082763674659 1
1 1082763674700 1
1 1082763674701 4
1 1082763674702 1
1 1082763674704 1
1 1082763674705 4
1 1082763674706 1
1 1082763674708 1
1 1082763674709 4
1 1082763674710 1
1 1082763674712 1
1 1082763674713 4
1 1082763674714 1
1 1082763674716 1
1 1082763674717 4
1 1082763674718 1
1 1082763674720 1
1 1082763674721 4
1 1082763674722 1
1 1082763674764 4
1 1082763674765 1
1 1082763674768 4
1 1082763674769 1
1 1082763674772 4
1 1082763674773 1
1 1082763674776 4
1 1082763674777 1
1 1082763674780 4
1 1082763674781 1
1 1082763674784 4
1 1082763674785 1
1 1082763674801 1
1 1082763674802 4
1 1082763674803 1
1 1082763674805 1
1 1082763674806 4
1 1082763674807 1
1 1082763674809 1
1 1082763674810 4
1 1082763674811 1
1 1082763674813 1
1 1082763674814 4
1 1082763674815 1
1 1082763674817 1
1 1082763674818 4
1 1082763674819 1
1 1082763674860 1
1 1082763674861 4
1 1082763674862 1
1 1082763674864 1
1 1082763674865 4
1 1082763674866 1
1 1082763674868 1
1 1082763674869 4
1 1082763674870 1
1 1082763674872 1
1 1082763674873 4
1 1082763674874 1
1 1082763674876 1
1 1082763674877 4
1 1082763674878 1
1 1082763674880 1
1 1082763674881 4
1 1082763674882 1
1 1082763674924 4
1 1082763674925 1
1 1082763674928 4
1 1082763674929 1
1 1082763674932 4
1 1082763674933 1
1 1082763674936 4
1 1082763674937 1
1 1082763674940 4
1 1082763674941 1
1 1082763674944 4
1 1082763674945 1
1 1082763674974 1
1 1082763674975 1
1 1082763674978 1
1 1082763674979 1
1 1082763674982 1
1 1082763674983 1
1 1082763674986 1
1 1082763674987 1
1 1082763674990 1
1 1082763674991 1
1 1082763674994 1
1 1082763674995 1
1 1082763675037 1
1 1082763675038 4
1 1082763675039 1
1 1082763675041 1
1 1082763675042 4
1 1082763675043 1
1 1082763675045 1
1 1082763675046 4
1 1082763675047 1
1 1082763675049 1
1 1082763675050 4
1 1082763675051 1
1 1082763675053 1
1 1082763675054 4
1 1082763675055 1
1 1082763675057 1
1 1082763675058 4
1 1082763675059 1
1 1082763675100 1
1 1082763675101 4
1 1082763675102 1
1 1082763675104 1
1 1082763675105 4
1 1082763675106 1
1 1082763675108 1
1 1082763675109 4
1 1082763675110 1
1 1082763675112 1
1 1082763675113 4
1 1082763675114 1
1 1082763675116 1
1 1082763675117 4
1 1082763675118 1
1 1082763675120 1
1 1082763675121 4
1 1082763675122 1
1 1082763675164 4
1 1082763675165 1
1 1082763675168 4
1 1082763675169 1
1 1082763675172 4
1 1082763675173 1
1 1082763675176 4
1 1082763675177 1
1 1082763675180 4
1 1082763675181 1
1 1082763675184 4
1 1082763675185 1
1 1082763675201 1
1 1082763675202 4
1 1082763675203 1
1 1082763675205 1
1 1082763675206 4
1 1082763675207 1
1 1082763675209 1
1 1082763675210 4
1 1082763675211 1
1 1082763675213 1
1 1082763675214 4
1 1082763675215 1
1 1082763675217 1
1 1082763675218 4
1 1082763675219 1
1 1082763675260 1
1 1082763675261 4
1 1082763675262 1
1 1082763675264 1
1 1082763675265 4
1 1082763675266 1
1 1082763675268 1
1 1082763675269 4
1 1082763675270 1
1 1082763675272 1
1 1082763675273 4
1 1082763675274 1
1 1082763675276 1
1 1082763675277 4
1 1082763675278 1
1 1082763675280 1
1 1082763675281 4
1 1082763675282 1
1 1082763675324 4
1 1082763675325 1
1 1082763675328 4
1 1082763675329 1
1 1082763675332 4
1 1082763675333 1
1 1082763675336 4
1 1082763675337 1
1 1082763675340 4
1 1082763675341 1
1 1082763675344 4
1 1082763675345 1
1 1082763675374 1
1 1082763675375 1
1 1082763675378 1
1 1082763675379 1
1 1082763675382 1
1 1082763675383 1
1 1082763675386 1
1 1082763675387 1
1 1082763675390 1
1 1082763675391 1
1 1082763675394 1
1 1082763675395 1
1 1082763675437 1
1 1082763675438 4
1 1082763675439 1
1 1082763675441 1
1 1082763675442 4
1 1082763675443 1
1 1082763675445 1
1 1082763675446 4
1 1082763675447 1
1 1082763675449 1
1 1082763675450 4
1 1082763675451 1
1 1082763675453 1
1 1082763675454 4
1 1082763675455 1
1 1082763675457 1
1 1082763675458 4
1 1082763675459 1
1 1082763675500 1
1 1082763675501 4
1 1082763675502 1
1 1082763675504 1
1 1082763675505 4
1 1082763675506 1
1 1082763675508 1
1 1082763675509 4
1 1082763675510 1
1 1082763675512 1
1 1082763675513 4
1 1082763675514 1
1 1082763675516 1
1 1082763675517 4
1 1082763675518 1
1 1082763675520 1
1 1082763675521 4
1 1082763675522 1
1 1082763675564 4
1 1082763675565 1
1 1082763675568 4
1 1082763675569 1
1 1082763675572 4
1 1082763675573 1
1 1082763675576 4
1 1082763675577 1
1 1082763675580 4
1 1082763675581 1
1 1082763675584 4
1 1082763675585 1
1 1082763675601 1
1 1082763675602 4
1 1082763675603 1
1 1082763675605 1
1 1082763675606 4
1 1082763675607 1
1 1082763675609 1
1 1082763675610 4
1 1082763675611 1
1 1082763675613 1
1 1082763675614 4
1 1082763675615 1
1 1082763675617 1
1 1082763675618 4
1 1082763675619 1
1 1082763675660 1
1 1082763675661 4
1 1082763675662 1
1 1082763675664 1
1 1082763675665 4
1 1082763675666 1
1 1082763675668 1
1 1082763675669 4
1 1082763675670 1
1 1082763675672 1
1 1082763675673 4
1 1082763675674 1
1 1082763675676 1
1 1082763675677 4
1 1082763675678 1
1 1082763675680 1
1 1082763675681 4
1 1082763675682 1
1 1082763675724 4
1 1082763675725 1
1 1082763675728 4
1 1082763675729 1
1 1082763675732 4
1 1082763675733 1
1 1082763675736 4
1 1082763675737 1
1 1082763675740 4
1 1082763675741 1
1 1082763675744 4
1 1082763675745 1
1 1082763675774 1
1 1082763675775 1
1 1082763675778 1
1 1082763675779 1
1 1082763675782 1
1 1082763675783 1
1 1082763675786 1
1 1082763675787 1
1 1082763675790 1
1 1082763675791 1
1 1082763675794 1
1 1082763675795 1
1 1082763675837 1
1 1082763675838 4
1 1082763675839 1
1 1082763675841 1
1 1082763675842 4
1 1082763675843 1
1 1082763675845 1
1 1082763675846 4
1 1082763675847 94
1 1082763675849 1
1 1082763675850 4
1 1082763675851 1
1 1082763675853 1
1 1082763675854 4
1 1082763675855 1
1 1082763675857 1
1 1082763675858 4
1 1082763675859 1
1 1082763675900 1
1 1082763675901 4
1 1082763675902 1
1 1082763675904 1
1 1082763675905 4
1 1082763675906 1
1 1082763675908 1
1 1082763675909 4
1 1082763675910 1
1 1082763675912 1
1 1082763675913 4
1 1082763675914 1
1 1082763675916 1
1 1082763675917 4
1 1082763675918 1
1 1082763675920 1
1 1082763675921 4
1 1082763675922 1
1 1082763675964 4
1 1082763675965 1
1 1082763675968 4
1 1082763675969 1
1 1082763675972 4
1 1082763675973 1
1 1082763675976 4
1 1082763675977 1
1 1082763675980 4
1 1082763675981 1
1 1082763675984 4
1 1082763675985 1
1 1082763676001 1
1 1082763676002 4
1 1082763676003 1
1 1082763676005 1
1 1082763676006 4
1 1082763676007 1
1 1082763676009 1
1 1082763676010 4
1 1082763676011 1
1 1082763676013 1
1 1082763676014 4
1 1082763676015 1
1 1082763676017 1
1 1082763676018 4
1 1082763676019 1
1 1082763676060 1
1 1082763676061 4
1 1082763676062 1
1 1082763676064 1
1 1082763676065 4
1 1082763676066 1
1 1082763676068 1
1 1082763676069 4
1 1082763676070 1
1 1082763676072 1
1 1082763676073 4
1 1082763676074 1
1 1082763676076 1
1 1082763676077 4
1 1082763676078 1
1 1082763676080 1
1 1082763676081 4
1 1082763676082 1
1 1082763676124 4
1 1082763676125 1
1 1082763676128 4
1 1082763676129 1
1 1082763676132 4
1 1082763676133 1
1 1082763676136 4
1 1082763676137 1
1 1082763676140 4
1 1082763676141 1
1 1082763676144 4
1 1082763676145 1
1 1082763676174 1
1 1082763676175 1
1 1082763676178 1
1 1082763676179 1
1 1082763676182 1
1 1082763676183 1
1 1082763676186 1
1 1082763676187 1
1 1082763676190 1
1 1082763676191 1
1 1082763676194 1
1 1082763676195 1
1 1082763676237 1
1 1082763676238 4
1 1082763676239 1
1 1082763676241 1
1 1082763676242 4
1 1082763676243 1
1 1082763676245 1
1 1082763676246 4
1 1082763676247 1
1 1082763676249 1
1 1082763676250 4
1 1082763676251 1
1 1082763676253 1
1 1082763676254 4
1 1082763676255 1
1 1082763676257 1
1 1082763676258 4
1 1082763676259 1
1 1082763676300 1
1 1082763676301 4
1 1082763676302 1
1 1082763676304 1
1 1082763676305 4
1 1082763676306 1
1 1082763676308 1
1 1082763676309 4
1 1082763676310 1
1 1082763676312 1
1 1082763676313 4
1 1082763676314 1
1 1082763676316 1
1 1082763676317 4
1 1082763676318 1
1 1082763676320 1
1 1082763676321 4
1 1082763676322 1
1 1082763676364 4
1 1082763676365 1
1 1082763676368 4
1 1082763676369 1
1 1082763676372 4
1 1082763676373 1
1 1082763676376 4
1 1082763676377 1
1 1082763676380 4
1 1082763676381 1
1 1082763676384 4
1 1082763676385 1
1 1082763676401 1
1 1082763676402 4
1 1082763676403 1
1 1082763676405 1
1 1082763676406 4
1 1082763676407 1
1 1082763676409 1
1 1082763676410 4
1 1082763676411 1
1 1082763676413 1
1 1082763676414 4
1 1082763676415 1
1 1082763676417 1
1 1082763676418 4
1 1082763676419 1
1 1082763676460 1
1 1082763676461 4
1 1082763676462 1
1 1082763676464 1
1 1082763676465 4
1 1082763676466 1
1 1082763676468 1
1 1082763676469 4
1 1082763676470 1
1 1082763676472 1
1 1082763676473 4
1 1082763676474 1
1 1082763676476 1
1 1082763676477 4
1 1082763676478 1
1 1082763676480 1
1 1082763676481 4
1 1082763676482 1
1 1082763676524 4
1 1082763676525 1
1 1082763676528 4
1 1082763676529 1
1 1082763676532 4
1 1082763676533 1
1 1082763676536 4
1 1082763676537 1
1 1082763676540 4
1 1082763676541 1
1 1082763676544 4
1 1082763676545 1
1 1082763676574 1
1 1082763676575 1
1 1082763676578 1
1 1082763676579 1
1 1082763676582 1
1 1082763676583 1
1 1082763676586 1
1 1082763676587 1
1 1082763676590 1
1 1082763676591 1
1 1082763676594 1
1 1082763676595 1
1 1082763676637 1
1 1082763676638 4
1 1082763676639 1
1 1082763676641 1
1 1082763676642 4
1 1082763676643 1
1 1082763676645 1
1 1082763676646 4
1 1082763676647 1
1 1082763676649 1
1 1082763676650 4
1 1082763676651 1
1 1082763676653 1
1 1082763676654 4
1 1082763676655 1
1 1082763676657 1
1 1082763676658 4
1 1082763676659 1
1 1082763676700 1
1 1082763676701 4
1 1082763676702 1
1 1082763676704 1
1 1082763676705 4
1 1082763676706 1
1 1082763676708 1
1 1082763676709 4
1 1082763676710 1
1 1082763676712 1
1 1082763676713 4
1 1082763676714 1
1 1082763676716 1
1 1082763676717 4
1 1082763676718 1
1 1082763676720 1
1 1082763676721 4
1 1082763676722 1
1 1082763676764 4
1 1082763676765 1
1 1082763676768 4
1 1082763676769 1
1 1082763676772 4
1 1082763676773 1
1 1082763676776 4
1 1082763676777 1
1 1082763676780 4
1 1082763676781 1
1 1082763676784 4
1 1082763676785 1
1 1082763676801 1
1 1082763676802 4
1 1082763676803 1
1 1082763676805 1
1 1082763676806 4
1 1082763676807 1
1 1082763676809 1
1 1082763676810 4
1 1082763676811 1
1 1082763676813 1
1 1082763676814 4
1 1082763676815 1
1 1082763676817 1
1 1082763676818 4
1 1082763676819 1
1 1082763676860 1
1 1082763676861 4
1 1082763676862 1
1 1082763676864 1
1 1082763676865 4
1 1082763676866 1
1 1082763676868 1
1 1082763676869 4
1 1082763676870 1
1 1082763676872 1
1 1082763676873 4
1 1082763676874 1
1 1082763676876 1
1 1082763676877 4
1 1082763676878 1
1 1082763676880 1
1 1082763676881 4
1 1082763676882 1
1 1082763676924 4
1 1082763676925 1
1 1082763676928 4
1 1082763676929 1
1 1082763676932 4
1 1082763676933 1
1 1082763676936 4
1 1082763676937 1
1 1082763676940 4
1 1082763676941 1
1 1082763676944 4
1 1082763676945 1
1 1082763676974 1
1 1082763676975 1
1 1082763676978 1
1 1082763676979 1
1 1082763676982 1
1 1082763676983 1
1 1082763676986 1
1 1082763676987 1
1 1082763676990 1
1 1082763676991 1
1 1082763676994 1
1 1082763676995 1
1 1082763677037 1
1 1082763677038 4
1 1082763677039 1
1 1082763677041 1
1 1082763677042 4
1 1082763677043 1
1 1082763677045 1
1 1082763677046 4
1 1082763677047 1
1 1082763677049 1
1 1082763677050 4
1 1082763677051 1
1 1082763677053 1
1 1082763677054 4
1 1082763677055 1
1 1082763677057 1
1 1082763677058 4
1 1082763677059 1
1 1082763677100 1
1 1082763677101 4
1 1082763677102 1
1 1082763677104 1
1 1082763677105 4
1 1082763677106 1
1 1082763677108 1
1 1082763677109 4
1 1082763677110 1
1 1082763677112 1
1 1082763677113 4
1 1082763677114 1
1 1082763677116 1
1 1082763677117 4
1 1082763677118 1
1 1082763677120 1
1 1082763677121 4
1 1082763677122 1
1 1082763677164 4
1 1082763677165 1
1 1082763677168 4
1 1082763677169 1
1 1082763677172 4
1 1082763677173 1
1 1082763677176 4
1 1082763677177 1
1 1082763677180 4
1 1082763677181 1
1 1082763677184 4
1 1082763677185 1
1 1082763677201 1
1 1082763677202 4
1 1082763677203 1
1 1082763677205 1
1 1082763677206 4
1 1082763677207 1
1 1082763677209 1
1 1082763677210 4
1 1082763677211 1
1 1082763677213 1
1 1082763677214 4
1 1082763677215 1
1 1082763677217 1
1 1082763677218 4
1 1082763677219 1
1 1082763677260 1
1 1082763677261 4
1 1082763677262 1
1 1082763677264 1
1 1082763677265 4
1 1082763677266 1
1 1082763677268 1
1 1082763677269 4
1 1082763677270 1
1 1082763677272 1
1 1082763677273 4
1 1082763677274 1
1 1082763677276 1
1 1082763677277 4
1 1082763677278 1
1 1082763677280 1
1 1082763677281 4
1 1082763677282 1
1 1082763677324 4
1 1082763677325 1
1 1082763677328 4
1 1082763677329 1
1 1082763677332 4
1 1082763677333 1
1 1082763677336 4
1 1082763677337 1
1 1082763677340 4
1 1082763677341 1
1 1082763677344 4
1 1082763677345 1
1 1082763677374 1
1 1082763677375 1
1 1082763677378 1
1 1082763677379 1
1 1082763677382 1
1 1082763677383 1
1 1082763677386 1
1 1082763677387 1
1 1082763677390 1
1 1082763677391 1
1 1082763677394 1
1 1082763677395 1
1 1082763677437 1
1 1082763677438 4
1 1082763677439 1
1 1082763677441 1
1 1082763677442 4
1 1082763677443 1
1 1082763677445 1
1 1082763677446 4
1 1082763677447 1
1 1082763677449 1
1 1082763677450 4
1 1082763677451 1
1 1082763677453 1
1 1082763677454 4
1 1082763677455 1
1 1082763677457 1
1 1082763677458 4
1 1082763677459 1
1 1082763677500 1
1 1082763677501 4
1 1082763677502 1
1 1082763677504 1
1 1082763677505 4
1 1082763677506 1
1 1082763677508 1
1 1082763677509 4
1 1082763677510 1
1 1082763677512 1
1 1082763677513 4
1 1082763677514 1
1 1082763677516 1
1 1082763677517 4
1 1082763677518 1
1 1082763677520 1
1 1082763677521 4
1 1082763677522 1
1 1082763677564 4
1 1082763677565 1
1 1082763677568 4
1 1082763677569 1
1 1082763677572 4
1 1082763677573 1
1 1082763677576 4
1 1082763677577 1
1 1082763677580 4
1 1082763677581 1
1 1082763677584 4
1 1082763677585 1
1 1082763677601 1
1 1082763677602 4
1 1082763677603 1
1 1082763677605 1
1 1082763677606 4
1 1082763677607 1
1 1082763677609 1
1 1082763677610 4
1 1082763677611 1
1 1082763677613 1
1 1082763677614 4
1 1082763677615 1
1 1082763677617 1
1 1082763677618 4
1 1082763677619 1
1 1082763677660 1
1 1082763677661 4
1 1082763677662 1
1 1082763677664 1
1 1082763677665 4
1 1082763677666 1
1 1082763677668 1
1 1082763677669 4
1 1082763677670 1
1 1082763677672 1
1 1082763677673 4
1 1082763677674 1
1 1082763677676 1
1 1082763677677 4
1 1082763677678 1
1 1082763677680 1
1 1082763677681 4
1 1082763677682 1
1 1082763677724 4
1 1082763677725 1
1 1082763677728 4
1 1082763677729 1
1 1082763677732 4
1 1082763677733 1
1 1082763677736 4
1 1082763677737 1
1 1082763677740 4
1 1082763677741 1
1 1082763677744 4
1 1082763677745 1
1 1082763677774 1
1 1082763677775 1
1 1082763677778 1
1 1082763677779 1
1 1082763677782 1
1 1082763677783 1
1 1082763677786 1
1 1082763677787 1
1 1082763677790 1
1 1082763677791 1
1 1082763677794 1
1 1082763677795 1
1 1082763677837 1
1 1082763677838 4
1 1082763677839 1
1 1082763677841 1
1 1082763677842 4
1 1082763677843 1
1 1082763677845 1
1 1082763677846 4
1 1082763677847 1
1 1082763677849 1
1 1082763677850 4
1 1082763677851 1
1 1082763677853 1
1 1082763677854 4
1 1082763677855 1
1 1082763677857 1
1 1082763677858 4
1 1082763677859 1
1 1082763677900 1
1 1082763677901 4
1 1082763677902 1
1 1082763677904 1
1 1082763677905 4
1 1082763677906 1
1 1082763677908 1
1 1082763677909 4
1 1082763677910 1
1 1082763677912 1
1 1082763677913 4
1 1082763677914 1
1 1082763677916 1
1 1082763677917 4
1 1082763677918 1
1 1082763677920 1
1 1082763677921 4
1 1082763677922 1
1 1082763677964 4
1 1082763677965 1
1 1082763677968 4
1 1082763677969 1
1 1082763677972 4
1 1082763677973 1
1 1082763677976 4
1 1082763677977 1
1 1082763677980 4
1 1082763677981 1
1 1082763677984 4
1 1082763677985 1
1 1082763678001 1
1 1082763678002 4
1 1082763678003 1
1 1082763678005 1
1 1082763678006 4
1 1082763678007 1
1 1082763678009 1
1 1082763678010 4
1 1082763678011 1
1 1082763678013 1
1 1082763678014 4
1 1082763678015 1
1 1082763678017 1
1 1082763678018 4
1 1082763678019 1
1 1082763678060 1
1 1082763678061 4
1 1082763678062 1
1 1082763678064 1
1 1082763678065 4
1 1082763678066 1
1 1082763678068 1
1 1082763678069 4
1 1082763678070 1
1 1082763678072 1
1 1082763678073 4
1 1082763678074 1
1 1082763678076 1
1 1082763678077 4
1 1082763678078 1
1 1082763678080 1
1 1082763678081 4
1 1082763678082 1
1 1082763678124 4
1 1082763678125 1
1 1082763678128 4
1 1082763678129 1
1 1082763678132 4
1 1082763678133 1
1 1082763678136 4
1 1082763678137 1
1 1082763678140 4
1 1082763678141 1
1 1082763678144 4
1 1082763678145 1
1 1082763678174 1
1 1082763678175 1
1 1082763678178 1
1 1082763678179 1
1 1082763678182 1
1 1082763678183 1
1 1082763678186 1
1 1082763678187 1
1 1082763678190 1
1 1082763678191 1
1 1082763678194 1
1 1082763678195 1
1 1082763678237 1
1 1082763678238 4
1 1082763678239 1
1 1082763678241 1
1 1082763678242 4
1 1082763678243 1
1 1082763678245 1
1 1082763678246 4
1 1082763678247 1
1 1082763678249 1
1 1082763678250 4
1 1082763678251 1
1 1082763678253 1
1 1082763678254 4
1 1082763678255 1
1 1082763678257 1
1 1082763678258 4
1 1082763678259 1
1 1082763678300 1
1 1082763678301 4
1 1082763678302 1
1 1082763678304 1
1 1082763678305 4
1 1082763678306 1
1 1082763678308 1
1 1082763678309 4
1 1082763678310 1
1 1082763678312 1
1 1082763678313 4
1 1082763678314 1
1 1082763678316 1
1 1082763678317 4
1 1082763678318 1
1 1082763678320 1
1 1082763678321 4
1 1082763678322 1
1 1082763678364 4
1 1082763678365 1
1 1082763678368 4
1 1082763678369 1
1 1082763678372 4
1 1082763678373 1
1 1082763678376 4
1 1082763678377 1
1 1082763678380 4
1 1082763678381 1
1 1082763678384 4
1 1082763678385 1
1 1082763678401 1
1 1082763678402 4
1 1082763678403 1
1 1082763678405 1
1 1082763678406 4
1 1082763678407 1
1 1082763678409 1
1 1082763678410 4
1 1082763678411 1
1 1082763678413 1
1 1082763678414 4
1 1082763678415 1
1 1082763678417 1
1 1082763678418 4
1 1082763678419 1
1 1082763678460 1
1 1082763678461 4
1 1082763678462 1
1 1082763678464 1
1 1082763678465 4
1 1082763678466 1
1 1082763678468 1
1 1082763678469 4
1 1082763678470 1
1 1082763678472 1
1 1082763678473 4
1 1082763678474 1
1 1082763678476 1
1 1082763678477 4
1 1082763678478 1
1 1082763678480 1
1 1082763678481 4
1 1082763678482 1
1 1082763678524 4
1 1082763678525 1
1 1082763678528 4
1 1082763678529 1
1 1082763678532 4
1 1082763678533 1
1 1082763678536 4
1 1082763678537 1
1 1082763678540 4
1 1082763678541 1
1 1082763678544 4
1 1082763678545 1
1 1082763678574 1
1 1082763678575 1
1 1082763678578 1
1 1082763678579 1
1 1082763678582 1
1 1082763678583 1
1 1082763678586 1
1 1082763678587 1
1 1082763678590 1
1 1082763678591 1
1 1082763678594 1
1 1082763678595 1
1 1082763678637 1
1 1082763678638 4
1 1082763678639 1
1 1082763678641 1
1 1082763678642 4
1 1082763678643 1
1 1082763678645 1
1 1082763678646 4
1 1082763678647 1
1 1082763678649 1
1 1082763678650 4
1 1082763678651 1
1 1082763678653 1
1 1082763678654 4
1 1082763678655 1
1 1082763678657 1
1 1082763678658 4
1 1082763678659 1
1 1082763678700 1
1 1082763678701 4
1 1082763678702 1
1 1082763678704 1
1 1082763678705 4
1 1082763678706 1
1 1082763678708 1
1 1082763678709 4
1 1082763678710 1
1 1082763678712 1
1 1082763678713 4
1 1082763678714 1
1 1082763678716 1
1 1082763678717 4
1 1082763678718 1
1 1082763678720 1
1 1082763678721 4
1 1082763678722 1
1 1082763678764 4
1 1082763678765 1
1 1082763678768 4
1 1082763678769 1
1 1082763678772 4
1 1082763678773 1
1 1082763678776 4
1 1082763678777 1
1 1082763678780 4
1 1082763678781 1
1 1082763678784 4
1 1082763678785 1
1 1082763678801 1
1 1082763678802 4
1 1082763678803 1
1 1082763678805 1
1 1082763678806 4
1 1082763678807 1
1 1082763678809 1
1 1082763678810 4
1 1082763678811 1
1 1082763678813 1
1 1082763678814 4
1 1082763678815 1
1 1082763678817 1
1 1082763678818 4
1 1082763678819 1
1 1082763678860 1
1 1082763678861 4
1 1082763678862 1
1 1082763678864 1
1 1082763678865 4
1 1082763678866 1
1 1082763678868 1
1 1082763678869 4
1 1082763678870 1
1 1082763678872 1
1 1082763678873 4
1 1082763678874 1
1 1082763678876 1
1 1082763678877 4
1 1082763678878 1
1 1082763678880 1
1 1082763678881 4
1 1082763678882 1
1 1082763678924 4
1 1082763678925 1
1 1082763678928 4
1 1082763678929 1
1 1082763678932 4
1 1082763678933 1
1 1082763678936 4
1 1082763678937 1
1 1082763678940 4
1 1082763678941 1
1 1082763678944 4
1 1082763678945 1
1 1082763678974 1
1 1082763678975 1
1 1082763678978 1
1 1082763678979 1
1 1082763678982 1
1 1082763678983 1
1 1082763678986 1
1 1082763678987 1
1 1082763678990 1
1 1082763678991 1
1 1082763678994 1
1 1082763678995 1
1 1082763679037 1
1 1082763679038 4
1 1082763679039 1
1 1082763679041 1
1 1082763679042 4
1 1082763679043 1
1 1082763679045 1
1 1082763679046 4
1 1082763679047 1
1 1082763679049 1
1 1082763679050 4
1 1082763679051 1
1 1082763679053 1
1 1082763679054 4
1 1082763679055 1
1 1082763679057 1
1 1082763679058 4
1 1082763679059 1
1 1082763679100 1
1 1082763679101 4
1 1082763679102 1
1 1082763679104 1
1 1082763679105 4
1 1082763679106 1
1 1082763679108 1
1 1082763679109 4
1 1082763679110 1
1 1082763679112 1
1 1082763679113 4
1 1082763679114 1
1 1082763679116 1
1 1082763679117 4
1 1082763679118 1
1 1082763679120 1
1 1082763679121 4
1 1082763679122 1
1 1082763679164 4
1 1082763679165 1
1 1082763679168 4
1 1082763679169 1
1 1082763679172 4
1 1082763679173 1
1 1082763679176 4
1 1082763679177 1
1 1082763679180 4
1 1082763679181 1
1 1082763679184 4
1 1082763679185 1
1 1082763679201 1
1 1082763679202 4
1 1082763679203 1
1 1082763679205 1
1 1082763679206 4
1 1082763679207 1
1 1082763679209 1
1 1082763679210 4
1 1082763679211 1
1 1082763679213 1
1 1082763679214 4
1 1082763679215 1
1 1082763679217 1
1 1082763679218 4
1 1082763679219 1
1 1082763679260 1
1 1082763679261 4
1 1082763679262 1
1 1082763679264 1
1 1082763679265 4
1 1082763679266 1
1 1082763679268 1
1 1082763679269 4
1 1082763679270 1
1 1082763679272 1
1 1082763679273 4
1 1082763679274 1
1 1082763679276 1
1 1082763679277 4
1 1082763679278 1
1 1082763679280 1
1 1082763679281 4
1 1082763679282 1
1 1082763679324 4
1 1082763679325 1
1 1082763679328 4
1 1082763679329 1
1 1082763679332 4
1 1082763679333 1
1 1082763679336 4
1 1082763679337 1
1 1082763679340 4
1 1082763679341 1
1 1082763679344 4
1 1082763679345 1
1 1082763679374 1
1 1082763679375 1
1 1082763679378 1
1 1082763679379 1
1 1082763679382 1
1 1082763679383 1
1 1082763679386 1
1 1082763679387 1
1 1082763679390 1
1 1082763679391 1
1 1082763679394 1
1 1082763679395 1
1 1082763679437 1
1 1082763679438 4
1 1082763679439 1
1 1082763679441 1
1 1082763679442 4
1 1082763679443 1
1 1082763679445 1
1 1082763679446 4
1 1082763679447 1
1 1082763679449 1
1 1082763679450 4
1 1082763679451 1
1 1082763679453 1
1 1082763679454 4
1 1082763679455 1
1 1082763679457 1
1 1082763679458 4
1 1082763679459 1
1 1082763679500 1
1 1082763679501 4
1 1082763679502 1
1 1082763679504 1
1 1082763679505 4
1 1082763679506 1
1 1082763679508 1
1 1082763679509 4
1 1082763679510 1
1 1082763679512 1
1 1082763679513 4
1 1082763679514 1
1 1082763679516 1
1 1082763679517 4
1 1082763679518 1
1 1082763679520 1
1 1082763679521 4
1 1082763679522 1
1 1082763679564 4
1 1082763679565 1
1 1082763679568 4
1 1082763679569 1
1 1082763679572 4
1 1082763679573 1
1 1082763679576 4
1 1082763679577 1
1 1082763679580 4
1 1082763679581 1
1 1082763679584 4
1 1082763679585 1
1 1082763679601 1
1 1082763679602 4
1 1082763679603 1
1 1082763679605 1
1 1082763679606 4
1 1082763679607 1
1 1082763679609 1
1 1082763679610 4
1 1082763679611 1
1 1082763679613 1
1 1082763679614 4
1 1082763679615 1
1 1082763679617 1
1 1082763679618 4
1 1082763679619 1
1 1082763679660 1
1 1082763679661 4
1 1082763679662 1
1 1082763679664 1
1 1082763679665 4
1 1082763679666 1
1 1082763679668 1
1 1082763679669 4
1 1082763679670 1
1 1082763679672 1
1 1082763679673 4
1 1082763679674 1
1 1082763679676 1
1 1082763679677 4
1 1082763679678 1
1 1082763679680 1
1 1082763679681 4
1 1082763679682 1
1 1082763679724 4
1 1082763679725 1
1 1082763679728 4
1 1082763679729 1
1 1082763679732 4
1 1082763679733 1
1 1082763679736 4
1 1082763679737 1
1 1082763679740 4
1 1082763679741 1
1 1082763679744 4
1 1082763679745 1
1 1082763679774 1
1 1082763679775 1
1 1082763679778 1
1 1082763679779 1
1 1082763679782 1
1 1082763679783 1
1 1082763679786 1
1 1082763679787 1
1 1082763679790 1
1 1082763679791 1
1 1082763679794 1
1 1082763679795 1
1 1082763679837 1
1 1082763679838 4
1 1082763679839 1
1 1082763679841 1
1 1082763679842 4
1 1082763679843 1
1 1082763679845 1
1 1082763679846 4
1 1082763679847 1
1 1082763679849 1
1 1082763679850 4
1 1082763679851 1
1 1082763679853 1
1 1082763679854 4
1 1082763679855 1
1 1082763679857 1
1 1082763679858 4
1 1082763679859 1
1 1082763679900 1
1 1082763679901 4
1 1082763679902 1
1 1082763679904 1
1 1082763679905 4
1 1082763679906 1
1 1082763679908 1
1 1082763679909 4
1 1082763679910 1
1 1082763679912 1
1 1082763679913 4
1 1082763679914 1
1 1082763679916 1
1 1082763679917 4
1 1082763679918 1
1 1082763679920 1
1 1082763679921 4
1 1082763679922 1
1 1082763679964 4
1 1082763679965 1
1 1082763679968 4
1 1082763679969 1
1 1082763679972 4
1 1082763679973 1
1 1082763679976 4
1 1082763679977 1
1 1082763679980 4
1 1082763679981 1
1 1082763679984 4
1 1082763679985 1
1 1082763680001 1
1 1082763680002 4
1 1082763680003 1
1 1082763680005 1
1 1082763680006 4
1 1082763680007 1
1 1082763680009 1
1 1082763680010 4
1 1082763680011 1
1 1082763680013 1
1 1082763680014 4
1 1082763680015 1
1 1082763680017 1
1 1082763680018 4
1 1082763680019 1
1 1082763680060 1
1 1082763680061 4
1 1082763680062 1
1 1082763680064 1
1 1082763680065 4
1 1082763680066 1
1 1082763680068 1
1 1082763680069 4
1 1082763680070 1
1 1082763680072 1
1 1082763680073 4
1 1082763680074 1
1 1082763680076 1
1 1082763680077 4
1 1082763680078 1
1 1082763680080 1
1 1082763680081 4
1 1082763680082 1
1 1082763680124 4
1 1082763680125 1
1 1082763680128 4
1 1082763680129 1
1 1082763680132 4
1 1082763680133 1
1 1082763680136 4
1 1082763680137 1
1 1082763680140 4
1 1082763680141 1
1 1082763680144 4
1 1082763680145 1
1 1082763680174 1
1 1082763680175 1
1 1082763680178 1
1 1082763680179 1
1 1082763680182 1
1 1082763680183 1
1 1082763680186 1
1 1082763680187 1
1 1082763680190 1
1 1082763680191 1
1 1082763680194 1
1 1082763680195 1
1 1082763680237 1
1 1082763680238 4
1 1082763680239 1
1 1082763680241 1
1 1082763680242 4
1 1082763680243 1
1 1082763680245 1
1 1082763680246 4
1 1082763680247 1
1 1082763680249 1
1 1082763680250 4
1 1082763680251 1
1 1082763680253 1
1 1082763680254 4
1 1082763680255 1
1 1082763680257 1
1 1082763680258 4
1 1082763680259 1
1 1082763680300 1
1 1082763680301 4
1 1082763680302 1
1 1082763680304 1
1 1082763680305 4
1 1082763680306 1
1 1082763680308 1
1 1082763680309 4
1 1082763680310 1
1 1082763680312 1
1 1082763680313 4
1 1082763680314 1
1 1082763680316 1
1 1082763680317 4
1 1082763680318 1
1 1082763680320 1
1 1082763680321 4
1 1082763680322 1
1 1082763680364 4
1 1082763680365 1
1 1082763680368 4
1 1082763680369 1
1 1082763680372 4
1 1082763680373 1
1 1082763680376 4
1 1082763680377 1
1 1082763680380 4
1 1082763680381 1
1 1082763680384 4
1 1082763680385 1
1 1082763680401 1
1 1082763680402 4
1 1082763680403 1
1 1082763680405 1
1 1082763680406 4
1 1082763680407 1
1 1082763680409 1
1 1082763680410 4
1 1082763680411 1
1 1082763680413 1
1 1082763680414 4
1 1082763680415 1
1 1082763680417 1
1 1082763680418 4
1 1082763680419 1
1 1082763680460 1
1 1082763680461 4
1 1082763680462 1
1 1082763680464 1
1 1082763680465 4
1 1082763680466 1
1 1082763680468 1
1 1082763680469 4
1 1082763680470 1
1 1082763680472 1
1 1082763680473 4
1 1082763680474 1
1 1082763680476 1
1 1082763680477 4
1 1082763680478 1
1 1082763680480 1
1 1082763680481 4
1 1082763680482 1
1 1082763680524 4
1 1082763680525 1
1 1082763680528 4
1 1082763680529 1
1 1082763680532 4
1 1082763680533 1
1 1082763680536 4
1 1082763680537 1
1 1082763680540 4
1 1082763680541 1
1 1082763680544 4
1 1082763680545 1
1 1082763680574 1
1 1082763680575 1
1 1082763680578 1
1 1082763680579 1
1 1082763680582 1
1 1082763680583 1
1 1082763680586 1
1 1082763680587 1
1 1082763680590 1
1 1082763680591 1
1 1082763680594 1
1 1082763680595 1
1 1082763680637 1
1 1082763680638 4
1 1082763680639 1
1 1082763680641 1
1 1082763680642 4
1 1082763680643 1
1 1082763680645 1
1 1082763680646 4
1 1082763680647 1
1 1082763680649 1
1 1082763680650 4
1 1082763680651 1
1 1082763680653 1
1 1082763680654 4
1 1082763680655 1
1 1082763680657 1
1 1082763680658 4
1 1082763680659 1
1 1082763680700 1
1 1082763680701 4
1 1082763680702 1
1 1082763680704 1
1 1082763680705 4
1 1082763680706 1
1 1082763680708 1
1 1082763680709 4
1 1082763680710 1
1 1082763680712 1
1 1082763680713 4
1 1082763680714 1
1 1082763680716 1
1 1082763680717 4
1 1082763680718 1
1 1082763680720 1
1 1082763680721 4
1 1082763680722 1
1 1082763680764 4
1 1082763680765 1
1 1082763680768 4
1 1082763680769 1
1 1082763680772 4
1 1082763680773 1
1 1082763680776 4
1 1082763680777 1
1 1082763680780 4
1 1082763680781 1
1 1082763680784 4
1 1082763680785 1
1 1082763680801 1
1 1082763680802 4
1 1082763680803 1
1 1082763680805 1
1 1082763680806 4
1 1082763680807 1
1 1082763680809 1
1 1082763680810 4
1 1082763680811 1
1 1082763680813 1
1 1082763680814 4
1 1082763680815 1
1 1082763680817 1
1 1082763680818 4
1 1082763680819 1
1 1082763680860 1
1 1082763680861 4
1 1082763680862 1
1 1082763680864 1
1 1082763680865 4
1 1082763680866 1
1 1082763680868 1
1 1082763680869 4
1 1082763680870 1
1 1082763680872 1
1 1082763680873 4
1 1082763680874 1
1 1082763680876 1
1 1082763680877 4
1 1082763680878 1
1 1082763680880 1
1 1082763680881 4
1 1082763680882 1
1 1082763680924 4
1 1082763680925 1
1 1082763680928 4
1 1082763680929 1
1 1082763680932 4
1 1082763680933 1
1 1082763680936 4
1 1082763680937 1
1 1082763680940 4
1 1082763680941 1
1 1082763680944 4
1 1082763680945 1
1 1082763680974 1
1 1082763680975 1
1 1082763680978 1
1 1082763680979 1
1 1082763680982 1
1 1082763680983 1
1 1082763680986 1
1 1082763680987 1
1 1082763680990 1
1 1082763680991 1
1 1082763680994 1
1 1082763680995 1
1 1082763681037 1
1 1082763681038 4
1 1082763681039 1
1 1082763681041 1
1 1082763681042 4
1 1082763681043 1
1 1082763681045 1
1 1082763681046 4
1 1082763681047 1
1 1082763681049 1
1 1082763681050 4
1 1082763681051 1
1 1082763681053 1
1 1082763681054 4
1 1082763681055 1
1 1082763681057 1
1 1082763681058 4
1 1082763681059 1
1 1082763681100 1
1 1082763681101 4
1 1082763681102 1
1 1082763681104 1
1 1082763681105 4
1 1082763681106 1
1 1082763681108 1
1 1082763681109 4
1 1082763681110 1
1 1082763681112 1
1 1082763681113 4
1 1082763681114 1
1 1082763681116 1
1 1082763681117 4
1 1082763681118 1
1 1082763681120 1
1 1082763681121 4
1 1082763681122 1
1 1082763681164 4
1 1082763681165 1
1 1082763681168 4
1 1082763681169 1
1 1082763681172 4
1 1082763681173 1
1 1082763681176 4
1 1082763681177 1
1 1082763681180 4
1 1082763681181 1
1 1082763681184 4
1 1082763681185 1
1 1082763681201 1
1 1082763681202 4
1 1082763681203 1
1 1082763681205 1
1 1082763681206 4
1 1082763681207 1
1 1082763681209 1
1 1082763681210 4
1 1082763681211 1
1 1082763681213 1
1 1082763681214 4
1 1082763681215 1
1 1082763681217 1
1 1082763681218 4
1 1082763681219 1
1 1082763681260 1
1 1082763681261 4
1 1082763681262 1
1 1082763681264 1
1 1082763681265 4
1 1082763681266 1
1 1082763681268 1
1 1082763681269 4
1 1082763681270 1
1 1082763681272 1
1 1082763681273 4
1 1082763681274 1
1 1082763681276 1
1 1082763681277 4
1 1082763681278 1
1 1082763681280 1
1 1082763681281 4
1 1082763681282 1
1 1082763681324 4
1 1082763681325 1
1 1082763681328 4
1 1082763681329 1
1 1082763681332 4
1 1082763681333 1
1 1082763681336 4
1 1082763681337 1
1 1082763681340 4
1 1082763681341 1
1 1082763681344 4
1 1082763681345 1
1 1082763681374 1
1 1082763681375 1
1 1082763681378 1
1 1082763681379 1
1 1082763681382 1
1 1082763681383 1
1 1082763681386 1
1 1082763681387 1
1 1082763681390 1
1 1082763681391 1
1 1082763681394 1
1 1082763681395 1
1 1082763681437 1
1 1082763681438 4
1 1082763681439 1
1 1082763681441 1
1 1082763681442 4
1 1082763681443 1
1 1082763681445 1
1 1082763681446 4
1 1082763681447 1
1 1082763681449 1
1 1082763681450 4
1 1082763681451 1
1 1082763681453 1
1 1082763681454 4
1 1082763681455 1
1 1082763681457 1
1 1082763681458 4
1 1082763681459 1
1 1082763681500 1
1 1082763681501 4
1 1082763681502 1
1 1082763681504 1
1 1082763681505 4
1 1082763681506 1
1 1082763681508 1
1 1082763681509 4
1 1082763681510 1
1 1082763681512 1
1 1082763681513 4
1 1082763681514 1
1 1082763681516 1
1 1082763681517 4
1 1082763681518 1
1 1082763681520 1
1 1082763681521 4
1 1082763681522 1
1 1082763681564 4
1 1082763681565 1
1 1082763681568 4
1 1082763681569 1
1 1082763681572 4
1 1082763681573 1
1 1082763681576 4
1 1082763681577 1
1 1082763681580 4
1 1082763681581 1
1 1082763681584 4
1 1082763681585 1
1 1082763681601 1
1 1082763681602 4
1 1082763681603 1
1 1082763681605 1
1 1082763681606 4
1 1082763681607 1
1 1082763681609 1
1 1082763681610 4
1 1082763681611 1
1 1082763681613 1
1 1082763681614 4
1 1082763681615 1
1 1082763681617 1
1 1082763681618 4
1 1082763681619 1
1 1082763681660 1
1 1082763681661 4
1 1082763681662 1
1 1082763681664 1
1 1082763681665 4
1 1082763681666 1
1 1082763681668 1
1 1082763681669 4
1 1082763681670 1
1 1082763681672 1
1 1082763681673 4
1 1082763681674 1
1 1082763681676 1
1 1082763681677 4
1 1082763681678 1
1 1082763681680 1
1 1082763681681 4
1 1082763681682 1
1 1082763681724 4
1 1082763681725 1
1 1082763681728 4
1 1082763681729 1
1 1082763681732 4
1 1082763681733 1
1 1082763681736 4
1 1082763681737 1
1 1082763681740 4
1 1082763681741 1
1 1082763681744 4
1 1082763681745 1
1 1082763681774 1
1 1082763681775 1
1 1082763681778 1
1 1082763681779 1
1 1082763681782 1
1 1082763681783 1
1 1082763681786 1
1 1082763681787 1
1 1082763681790 1
1 1082763681791 1
1 1082763681794 1
1 1082763681795 1
1 1082763681837 1
1 1082763681838 4
1 1082763681839 1
1 1082763681841 1
1 1082763681842 4
1 1082763681843 1
1 1082763681845 1
1 1082763681846 4
1 1082763681847 1
1 1082763681849 1
1 1082763681850 4
1 1082763681851 1
1 1082763681853 1
1 1082763681854 4
1 1082763681855 1
1 1082763681857 1
1 1082763681858 4
1 1082763681859 1
1 1082763681900 1
1 1082763681901 4
1 1082763681902 1
1 1082763681904 1
1 1082763681905 4
1 1082763681906 1
1 1082763681908 1
1 1082763681909 4
1 1082763681910 1
1 1082763681912 1
1 1082763681913 4
1 1082763681914 1
1 1082763681916 1
1 1082763681917 4
1 1082763681918 1
1 1082763681920 1
1 1082763681921 4
1 1082763681922 1
1 1082763681964 4
1 1082763681965 1
1 1082763681968 4
1 1082763681969 1
1 1082763681972 4
1 1082763681973 1
1 1082763681976 4
1 1082763681977 1
1 1082763681980 4
1 1082763681981 1
1 1082763681984 4
1 1082763681985 1
1 1082763682001 1
1 1082763682002 4
1 1082763682003 1
1 1082763682005 1
1 1082763682006 4
1 1082763682007 1
1 1082763682009 1
1 1082763682010 4
1 1082763682011 1
1 1082763682013 1
1 1082763682014 4
1 1082763682015 1
1 1082763682017 1
1 1082763682018 4
1 1082763682019 1
1 1082763682060 1
1 1082763682061 4
1 1082763682062 1
1 1082763682064 1
1 1082763682065 4
1 1082763682066 1
1 1082763682068 1
1 1082763682069 4
1 1082763682070 1
1 1082763682072 1
1 1082763682073 4
1 1082763682074 1
1 1082763682076 1
1 1082763682077 4
1 1082763682078 1
1 1082763682080 1
1 1082763682081 4
1 1082763682082 1
1 1082763682124 4
1 1082763682125 1
1 1082763682128 4
1 1082763682129 1
1 1082763682132 4
1 1082763682133 1
1 1082763682136 4
1 1082763682137 1
1 1082763682140 4
1 1082763682141 1
1 1082763682144 4
1 1082763682145 1
1 1082763682174 1
1 1082763682175 1
1 1082763682178 1
1 1082763682179 1
1 1082763682182 1
1 1082763682183 1
1 1082763682186 1
1 1082763682187 1
1 1082763682190 1
1 1082763682191 1
1 1082763682194 1
1 1082763682195 1
1 1082763682237 1
1 1082763682238 4
1 1082763682239 1
1 1082763682241 1
1 1082763682242 4
1 1082763682243 1
1 1082763682245 1
1 1082763682246 4
1 1082763682247 1
1 1082763682249 1
1 1082763682250 4
1 1082763682251 1
1 1082763682253 1
1 1082763682254 4
1 1082763682255 1
1 1082763682257 1
1 1082763682258 4
1 1082763682259 1
1 1082763682300 1
1 1082763682301 4
1 1082763682302 1
1 1082763682304 1
1 1082763682305 4
1 1082763682306 1
1 1082763682308 1
1 1082763682309 4
1 1082763682310 1
1 1082763682312 1
1 1082763682313 4
1 1082763682314 1
1 1082763682316 1
1 1082763682317 4
1 1082763682318 1
1 1082763682320 1
1 1082763682321 4
1 1082763682322 1
1 1082763682364 4
1 1082763682365 1
1 1082763682368 4
1 1082763682369 1
1 1082763682372 4
1 1082763682373 1
1 1082763682376 4
1 1082763682377 1
1 1082763682380 4
1 1082763682381 1
1 1082763682384 4
1 1082763682385 1
1 1082763682401 1
1 1082763682402 4
1 1082763682403 1
1 1082763682405 1
1 1082763682406 4
1 1082763682407 1
1 1082763682409 1
1 1082763682410 4
1 1082763682411 1
1 1082763682413 1
1 1082763682414 4
1 1082763682415 1
1 1082763682417 1
1 1082763682418 4
1 1082763682419 1
1 1082763682460 1
1 1082763682461 4
1 1082763682462 1
1 1082763682464 1
1 1082763682465 4
1 1082763682466 1
1 1082763682468 1
1 1082763682469 4
1 1082763682470 1
1 1082763682472 1
1 1082763682473 4
1 1082763682474 1
1 1082763682476 1
1 1082763682477 4
1 1082763682478 1
1 1082763682480 1
1 1082763682481 4
1 1082763682482 1
1 1082763682524 4
1 1082763682525 1
1 1082763682528 4
1 1082763682529 1
1 1082763682532 4
1 1082763682533 1
1 1082763682536 4
1 1082763682537 1
1 1082763682540 4
1 1082763682541 1
1 1082763682544 4
1 1082763682545 1
1 1082763682574 1
1 1082763682575 1
1 1082763682578 1
1 1082763682579 1
1 1082763682582 1
1 1082763682583 1
1 1082763682586 1
1 1082763682587 1
1 1082763682590 1
1 1082763682591 1
1 1082763682594 1
1 1082763682595 1
1 1082763682637 1
1 1082763682638 4
1 1082763682639 1
1 1082763682641 1
1 1082763682642 4
1 1082763682643 1
1 1082763682645 1
1 1082763682646 4
1 1082763682647 1
1 1082763682649 1
1 1082763682650 4
1 1082763682651 1
1 1082763682653 1
1 1082763682654 4
1 1082763682655 1
1 1082763682657 1
1 1082763682658 4
1 1082763682659 1
1 1082763682700 1
1 1082763682701 4
1 1082763682702 1
1 1082763682704 1
1 1082763682705 4
1 1082763682706 1
1 1082763682708 1
1 1082763682709 4
1 1082763682710 1
1 1082763682712 1
1 1082763682713 4
1 1082763682714 1
1 1082763682716 1
1 1082763682717 4
1 1082763682718 1
1 1082763682720 1
1 1082763682721 4
1 1082763682722 1
1 1082763682764 4
1 1082763682765 1
1 1082763682768 4
1 1082763682769 1
1 1082763682772 4
1 1082763682773 1
1 1082763682776 4
1 1082763682777 1
1 1082763682780 4
1 1082763682781 1
1 1082763682784 4
1 1082763682785 1
1 1082763682801 1
1 1082763682802 4
1 1082763682803 1
1 1082763682805 1
1 1082763682806 4
1 1082763682807 1
1 1082763682809 1
1 1082763682810 4
1 1082763682811 1
1 1082763682813 1
1 1082763682814 4
1 1082763682815 1
1 1082763682817 1
1 1082763682818 4
1 1082763682819 1
1 1082763682860 1
1 1082763682861 4
1 1082763682862 1
1 1082763682864 1
1 1082763682865 4
1 1082763682866 1
1 1082763682868 1
1 1082763682869 4
1 1082763682870 1
1 1082763682872 1
1 1082763682873 4
1 1082763682874 1
1 1082763682876 1
1 1082763682877 4
1 1082763682878 1
1 1082763682880 1
1 1082763682881 4
1 1082763682882 1
1 1082763682924 4
1 1082763682925 1
1 1082763682928 4
1 1082763682929 1
1 1082763682932 4
1 1082763682933 1
1 1082763682936 4
1 1082763682937 1
1 1082763682940 4
1 1082763682941 1
1 1082763682944 4
1 1082763682945 1
1 1082763682974 1
1 1082763682975 1
1 1082763682978 1
1 1082763682979 1
1 1082763682982 1
1 1082763682983 1
1 1082763682986 1
1 1082763682987 1
1 1082763682990 1
1 1082763682991 1
1 1082763682994 1
1 1082763682995 1
1 1082763683037 1
1 1082763683038 4
1 1082763683039 1
1 1082763683041 1
1 1082763683042 4
1 1082763683043 1
1 1082763683045 1
1 1082763683046 4
1 1082763683047 1
1 1082763683049 1
1 1082763683050 4
1 1082763683051 1
1 1082763683053 1
1 1082763683054 4
1 1082763683055 1
1 1082763683057 1
1 1082763683058 4
1 1082763683059 1
1 1082763683100 1
1 1082763683101 4
1 1082763683102 1
1 1082763683104 1
1 1082763683105 4
1 1082763683106 1
1 1082763683108 1
1 1082763683109 4
1 1082763683110 1
1 1082763683112 1
1 1082763683113 4
1 1082763683114 1
1 1082763683116 1
1 1082763683117 4
1 1082763683118 1
1 1082763683120 1
1 1082763683121 4
1 1082763683122 1
1 1082763683164 4
1 1082763683165 1
1 1082763683168 4
1 1082763683169 1
1 1082763683172 4
1 1082763683173 1
1 1082763683176 4
1 1082763683177 1
1 1082763683180 4
1 1082763683181 1
1 1082763683184 4
1 1082763683185 1
1 1082763683201 1
1 1082763683202 4
1 1082763683203 1
1 1082763683205 1
1 1082763683206 4
1 1082763683207 1
1 1082763683209 1
1 1082763683210 4
1 1082763683211 1
1 1082763683213 1
1 1082763683214 4
1 1082763683215 1
1 1082763683217 1
1 1082763683218 4
1 1082763683219 1
1 1082763683260 1
1 1082763683261 4
1 1082763683262 1
1 1082763683264 1
1 1082763683265 4
1 1082763683266 1
1 1082763683268 1
1 1082763683269 4
1 1082763683270 1
1 1082763683272 1
1 1082763683273 4
1 1082763683274 1
1 1082763683276 1
1 1082763683277 4
1 1082763683278 1
1 1082763683280 1
1 1082763683281 4
1 1082763683282 1
1 1082763683324 4
1 1082763683325 1
1 1082763683328 4
1 1082763683329 1
1 1082763683332 4
1 1082763683333 1
1 1082763683336 4
1 1082763683337 1
1 1082763683340 4
1 1082763683341 1
1 1082763683344 4
1 1082763683345 1
1 1082763683374 1
1 1082763683375 1
1 1082763683378 1
1 1082763683379 1
1 1082763683382 1
1 1082763683383 1
1 1082763683386 1
1 1082763683387 1
1 1082763683390 1
1 1082763683391 1
1 1082763683394 1
1 1082763683395 1
1 1082763683437 1
1 1082763683438 4
1 1082763683439 1
1 1082763683441 1
1 1082763683442 4
1 1082763683443 1
1 1082763683445 1
1 1082763683446 4
1 1082763683447 1
1 1082763683449 1
1 1082763683450 4
1 1082763683451 1
1 1082763683453 1
1 1082763683454 4
1 1082763683455 1
1 1082763683457 1
1 1082763683458 4
1 1082763683459 1
1 1082763683500 1
1 1082763683501 4
1 1082763683502 1
1 1082763683504 1
1 1082763683505 4
1 1082763683506 1
1 1082763683508 1
1 1082763683509 4
1 1082763683510 1
1 1082763683512 1
1 1082763683513 4
1 1082763683514 1
1 1082763683516 1
1 1082763683517 4
1 1082763683518 1
1 1082763683520 1
1 1082763683521 4
1 1082763683522 1
1 1082763683564 4
1 1082763683565 1
1 1082763683568 4
1 1082763683569 1
1 1082763683572 4
1 1082763683573 1
1 1082763683576 4
1 1082763683577 1
1 1082763683580 4
1 1082763683581 1
1 1082763683584 4
1 1082763683585 1
1 1082763683601 1
1 1082763683602 4
1 1082763683603 1
1 1082763683605 1
1 1082763683606 4
1 1082763683607 1
1 1082763683609 1
1 1082763683610 4
1 1082763683611 1
1 1082763683613 1
1 1082763683614 4
1 1082763683615 1
1 1082763683617 1
1 1082763683618 4
1 1082763683619 1
1 1082763683660 1
1 1082763683661 4
1 1082763683662 1
1 1082763683664 1
1 1082763683665 4
1 1082763683666 1
1 1082763683668 1
1 1082763683669 4
1 1082763683670 1
1 1082763683672 1
1 1082763683673 4
1 1082763683674 1
1 1082763683676 1
1 1082763683677 4
1 1082763683678 1
1 1082763683680 1
1 1082763683681 4
1 1082763683682 1
1 1082763683724 4
1 1082763683725 1
1 1082763683728 4
1 1082763683729 1
1 1082763683732 4
1 1082763683733 1
1 1082763683736 4
1 1082763683737 1
1 1082763683740 4
1 1082763683741 1
1 1082763683744 4
1 1082763683745 1
1 1082763683774 1
1 1082763683775 1
1 1082763683778 1
1 1082763683779 1
1 1082763683782 1
1 1082763683783 1
1 1082763683786 1
1 1082763683787 1
1 1082763683790 1
1 1082763683791 1
1 1082763683794 1
1 1082763683795 1
1 1082763683837 1
1 1082763683838 4
1 1082763683839 1
1 1082763683841 1
1 1082763683842 4
1 1082763683843 1
1 1082763683845 1
1 1082763683846 4
1 1082763683847 1
1 1082763683849 1
1 1082763683850 4
1 1082763683851 1
1 1082763683853 1
1 1082763683854 4
1 1082763683855 1
1 1082763683857 1
1 1082763683858 4
1 1082763683859 1
1 1082763683900 1
1 1082763683901 4
1 1082763683902 1
1 1082763683904 1
1 1082763683905 4
1 1082763683906 1
1 1082763683908 1
1 1082763683909 4
1 1082763683910 1
1 1082763683912 1
1 1082763683913 4
1 1082763683914 1
1 1082763683916 1
1 1082763683917 4
1 1082763683918 1
1 1082763683920 1
1 1082763683921 4
1 1082763683922 1
1 1082763683964 4
1 1082763683965 1
1 1082763683968 4
1 1082763683969 1
1 1082763683972 4
1 1082763683973 1
1 1082763683976 4
1 1082763683977 1
1 1082763683980 4
1 1082763683981 1
1 1082763683984 4
1 1082763683985 1
1 1082763684001 1
1 1082763684002 4
1 1082763684003 1
1 1082763684005 1
1 1082763684006 4
1 1082763684007 1
1 1082763684009 1
1 1082763684010 4
1 1082763684011 1
1 1082763684013 1
1 1082763684014 4
1 1082763684015 1
1 1082763684017 1
1 1082763684018 4
1 1082763684019 1
1 1082763684060 1
1 1082763684061 4
1 1082763684062 1
1 1082763684064 1
1 1082763684065 4
1 1082763684066 1
1 1082763684068 1
1 1082763684069 4
1 1082763684070 1
1 1082763684072 1
1 1082763684073 4
1 1082763684074 1
1 1082763684076 1
1 1082763684077 4
1 1082763684078 1
1 1082763684080 1
1 1082763684081 4
1 1082763684082 1
1 1082763684124 4
1 1082763684125 1
1 1082763684128 4
1 1082763684129 1
1 1082763684132 4
1 1082763684133 1
1 1082763684136 4
1 1082763684137 1
1 1082763684140 4
1 1082763684141 1
1 1082763684144 4
1 1082763684145 1
1 1082763684174 1
1 1082763684175 1
1 1082763684178 1
1 1082763684179 1
1 1082763684182 1
1 1082763684183 1
1 1082763684186 1
1 1082763684187 1
1 1082763684190 1
1 1082763684191 1
1 1082763684194 1
1 1082763684195 1
1 1082763684237 1
1 1082763684238 4
1 1082763684239 1
1 1082763684241 1
1 1082763684242 4
1 1082763684243 1
1 1082763684245 1
1 1082763684246 4
1 1082763684247 1
1 1082763684249 1
1 1082763684250 4
1 1082763684251 1
1 1082763684253 1
1 1082763684254 4
1 1082763684255 1
1 1082763684257 1
1 1082763684258 4
1 1082763684259 1
1 1082763684300 1
1 1082763684301 4
1 1082763684302 1
1 1082763684304 1
1 1082763684305 4
1 1082763684306 1
1 1082763684308 1
1 1082763684309 4
1 1082763684310 1
1 1082763684312 1
1 1082763684313 4
1 1082763684314 1
1 1082763684316 1
1 1082763684317 4
1 1082763684318 1
1 1082763684320 1
1 1082763684321 4
1 1082763684322 1
1 1082763684364 4
1 1082763684365 1
1 1082763684368 4
1 1082763684369 1
1 1082763684372 4
1 1082763684373 1
1 1082763684376 4
1 1082763684377 1
1 1082763684380 4
1 1082763684381 1
1 1082763684384 4
1 1082763684385 1
1 1082763684401 1
1 1082763684402 4
1 1082763684403 1
1 1082763684405 1
1 1082763684406 4
1 1082763684407 1
1 1082763684409 1
1 1082763684410 4
1 1082763684411 1
1 1082763684413 1
1 1082763684414 4
1 1082763684415 1
1 1082763684417 1
1 1082763684418 4
1 1082763684419 1
1 1082763684460 1
1 1082763684461 4
1 1082763684462 1
1 1082763684464 1
1 1082763684465 4
1 1082763684466 1
1 1082763684468 1
1 1082763684469 4
1 1082763684470 1
1 1082763684472 1
1 1082763684473 4
1 1082763684474 1
1 1082763684476 1
1 1082763684477 4
1 1082763684478 1
1 1082763684480 1
1 1082763684481 4
1 1082763684482 1
1 1082763684524 4
1 1082763684525 1
1 1082763684528 4
1 1082763684529 1
1 1082763684532 4
1 1082763684533 1
1 1082763684536 4
1 1082763684537 1
1 1082763684540 4
1 1082763684541 1
1 1082763684544 4
1 1082763684545 1
1 1082763684574 1
1 1082763684575 1
1 1082763684578 1
1 1082763684579 1
1 1082763684582 1
1 1082763684583 1
1 1082763684586 1
1 1082763684587 1
1 1082763684590 1
1 1082763684591 1
1 1082763684594 1
1 1082763684595 1
1 1082763684637 1
1 1082763684638 4
1 1082763684639 1
1 1082763684641 1
1 1082763684642 4
1 1082763684643 1
1 1082763684645 1
1 1082763684646 4
1 1082763684647 1
1 1082763684649 1
1 1082763684650 4
1 1082763684651 1
1 1082763684653 1
1 1082763684654 4
1 1082763684655 1
1 1082763684657 1
1 1082763684658 4
1 1082763684659 1
1 1082763684700 1
1 1082763684701 4
1 1082763684702 1
1 1082763684704 1
1 1082763684705 4
1 1082763684706 1
1 1082763684708 1
1 1082763684709 4
1 1082763684710 1
1 1082763684712 1
1 1082763684713 4
1 1082763684714 1
1 1082763684716 1
1 1082763684717 4
1 1082763684718 1
1 1082763684720 1
1 1082763684721 4
1 1082763684722 1
1 1082763684764 4
1 1082763684765 1
1 1082763684768 4
1 1082763684769 1
1 1082763684772 4
1 1082763684773 1
1 1082763684776 4
1 1082763684777 1
1 1082763684780 4
1 1082763684781 1
1 1082763684784 4
1 1082763684785 1
1 1082763684801 1
1 1082763684802 4
1 1082763684803 1
1 1082763684805 1
1 1082763684806 4
1 1082763684807 1
1 1082763684809 1
1 1082763684810 4
1 1082763684811 1
1 1082763684813 1
1 1082763684814 4
1 1082763684815 1
1 1082763684817 1
1 1082763684818 4
1 1082763684819 1
1 1082763684860 1
1 1082763684861 4
1 1082763684862 1
1 1082763684864 1
1 1082763684865 4
1 1082763684866 1
1 1082763684868 1
1 1082763684869 4
1 1082763684870 1
1 1082763684872 1
1 1082763684873 4
1 1082763684874 1
1 1082763684876 1
1 1082763684877 4
1 1082763684878 1
1 1082763684880 1
1 1082763684881 4
1 1082763684882 1
1 1082763684924 4
1 1082763684925 1
1 1082763684928 4
1 1082763684929 1
1 1082763684932 4
1 1082763684933 1
1 1082763684936 4
1 1082763684937 1
1 1082763684940 4
1 1082763684941 1
1 1082763684944 4
1 1082763684945 1
1 1082763684974 1
1 1082763684975 1
1 1082763684978 1
1 1082763684979 1
1 1082763684982 1
1 1082763684983 1
1 1082763684986 1
1 1082763684987 1
1 1082763684990 1
1 1082763684991 1
1 1082763684994 1
1 1082763684995 1
1 1082763685037 1
1 1082763685038 4
1 1082763685039 1
1 1082763685041 1
1 1082763685042 4
1 1082763685043 1
1 1082763685045 1
1 1082763685046 4
1 1082763685047 1
1 1082763685049 1
1 1082763685050 4
1 1082763685051 1
1 1082763685053 1
1 1082763685054 4
1 1082763685055 1
1 1082763685057 1
1 1082763685058 4
1 1082763685059 1
1 1082763685100 1
1 1082763685101 4
1 1082763685102 1
1 1082763685104 1
1 1082763685105 4
1 1082763685106 1
1 1082763685108 1
1 1082763685109 4
1 1082763685110 1
1 1082763685112 1
1 1082763685113 4
1 1082763685114 1
1 1082763685116 1
1 1082763685117 4
1 1082763685118 1
1 1082763685120 1
1 1082763685121 4
1 1082763685122 1
1 1082763685164 4
1 1082763685165 1
1 1082763685168 4
1 1082763685169 1
1 1082763685172 4
1 1082763685173 1
1 1082763685176 4
1 1082763685177 1
1 1082763685180 4
1 1082763685181 1
1 1082763685184 4
1 1082763685185 1
1 1082763685201 1
1 1082763685202 4
1 1082763685203 1
1 1082763685205 1
1 1082763685206 4
1 1082763685207 1
1 1082763685209 1
1 1082763685210 4
1 1082763685211 1
1 1082763685213 1
1 1082763685214 4
1 1082763685215 1
1 1082763685217 1
1 1082763685218 4
1 1082763685219 1
1 1082763685260 1
1 1082763685261 4
1 1082763685262 1
1 1082763685264 1
1 1082763685265 4
1 1082763685266 1
1 1082763685268 1
1 1082763685269 4
1 1082763685270 1
1 1082763685272 1
1 1082763685273 4
1 1082763685274 1
1 1082763685276 1
1 1082763685277 4
1 1082763685278 1
1 1082763685280 1
1 1082763685281 4
1 1082763685282 1
1 1082763685324 4
1 1082763685325 1
1 1082763685328 4
1 1082763685329 1
1 1082763685332 4
1 1082763685333 1
1 1082763685336 4
1 1082763685337 1
1 1082763685340 4
1 1082763685341 1
1 1082763685344 4
1 1082763685345 1
1 1082763685374 1
1 1082763685375 1
1 1082763685378 1
1 1082763685379 1
1 1082763685382 1
1 1082763685383 1
1 1082763685386 1
1 1082763685387 1
1 1082763685390 1
1 1082763685391 1
1 1082763685394 1
1 1082763685395 1
1 1082763685437 1
1 1082763685438 4
1 1082763685439 1
1 1082763685441 1
1 1082763685442 4
1 1082763685443 1
1 1082763685445 1
1 1082763685446 4
1 1082763685447 1
1 1082763685449 1
1 1082763685450 4
1 1082763685451 1
1 1082763685453 1
1 1082763685454 4
1 1082763685455 1
1 1082763685457 1
1 1082763685458 4
1 1082763685459 1
1 1082763685500 1
1 1082763685501 4
1 1082763685502 1
1 1082763685504 1
1 1082763685505 4
1 1082763685506 1
1 1082763685508 1
1 1082763685509 4
1 1082763685510 1
1 1082763685512 1
1 1082763685513 4
1 1082763685514 1
1 1082763685516 1
1 1082763685517 4
1 1082763685518 1
1 1082763685520 1
1 1082763685521 4
1 1082763685522 1
1 1082763685564 4
1 1082763685565 1
1 1082763685568 4
1 1082763685569 1
1 1082763685572 4
1 1082763685573 1
1 1082763685576 4
1 1082763685577 1
1 1082763685580 4
1 1082763685581 1
1 1082763685584 4
1 1082763685585 1
1 1082763685601 1
1 1082763685602 4
1 1082763685603 1
1 1082763685605 1
1 1082763685606 4
1 1082763685607 1
1 1082763685609 1
1 1082763685610 4
1 1082763685611 1
1 1082763685613 1
1 1082763685614 4
1 1082763685615 1
1 1082763685617 1
1 1082763685618 4
1 1082763685619 1
1 1082763685660 1
1 1082763685661 4
1 1082763685662 1
1 1082763685664 1
1 1082763685665 4
1 1082763685666 1
1 1082763685668 1
1 1082763685669 4
1 1082763685670 1
1 1082763685672 1
1 1082763685673 4
1 1082763685674 1
1 1082763685676 1
1 1082763685677 4
1 1082763685678 1
1 1082763685680 1
1 1082763685681 4
1 1082763685682 1
1 1082763685724 4
1 1082763685725 1
1 1082763685728 4
1 1082763685729 1
1 1082763685732 4
1 1082763685733 1
1 1082763685736 4
1 1082763685737 1
1 1082763685740 4
1 1082763685741 1
1 1082763685744 4
1 1082763685745 1
1 1082763685774 1
1 1082763685775 1
1 1082763685778 1
1 1082763685779 1
1 1082763685782 1
1 1082763685783 1
1 1082763685786 1
1 1082763685787 1
1 1082763685790 1
1 1082763685791 1
1 1082763685794 1
1 1082763685795 1
1 1082763685837 1
1 1082763685838 4
1 1082763685839 1
1 1082763685841 1
1 1082763685842 4
1 1082763685843 1
1 1082763685845 1
1 1082763685846 4
1 1082763685847 1
1 1082763685849 1
1 1082763685850 4
1 1082763685851 1
1 1082763685853 1
1 1082763685854 4
1 1082763685855 1
1 1082763685857 1
1 1082763685858 4
1 1082763685859 1
1 1082763685900 1
1 1082763685901 4
1 1082763685902 1
1 1082763685904 1
1 1082763685905 4
1 1082763685906 1
1 1082763685908 1
1 1082763685909 4
1 1082763685910 1
1 1082763685912 1
1 1082763685913 4
1 1082763685914 1
1 1082763685916 1
1 1082763685917 4
1 1082763685918 1
1 1082763685920 1
1 1082763685921 4
1 1082763685922 1
1 1082763685964 4
1 1082763685965 1
1 1082763685968 4
1 1082763685969 1
1 1082763685972 4
1 1082763685973 1
1 1082763685976 4
1 1082763685977 1
1 1082763685980 4
1 1082763685981 1
1 1082763685984 4
1 1082763685985 1
1 1082763686001 1
1 1082763686002 4
1 1082763686003 1
1 1082763686005 1
1 1082763686006 4
1 1082763686007 1
1 1082763686009 1
1 1082763686010 4
1 1082763686011 1
1 1082763686013 1
1 1082763686014 4
1 1082763686015 1
1 1082763686017 1
1 1082763686018 4
1 1082763686019 1
1 1082763686060 1
1 1082763686061 4
1 1082763686062 1
1 1082763686064 1
1 1082763686065 4
1 1082763686066 1
1 1082763686068 1
1 1082763686069 4
1 1082763686070 1
1 1082763686072 1
1 1082763686073 4
1 1082763686074 1
1 1082763686076 1
1 1082763686077 4
1 1082763686078 1
1 1082763686080 1
1 1082763686081 4
1 1082763686082 1
1 1082763686124 4
1 1082763686125 1
1 1082763686128 4
1 1082763686129 1
1 1082763686132 4
1 1082763686133 1
1 1082763686136 4
1 1082763686137 1
1 1082763686140 4
1 1082763686141 1
1 1082763686144 4
1 1082763686145 1
1 1082763686174 1
1 1082763686175 1
1 1082763686178 1
1 1082763686179 1
1 1082763686182 1
1 1082763686183 1
1 1082763686186 1
1 1082763686187 1
1 1082763686190 1
1 1082763686191 1
1 1082763686194 1
1 1082763686195 1
1 1082763686237 1
1 1082763686238 4
1 1082763686239 1
1 1082763686241 1
1 1082763686242 4
1 1082763686243 1
1 1082763686245 1
1 1082763686246 4
1 1082763686247 1
1 1082763686249 1
1 1082763686250 4
1 1082763686251 1
1 1082763686253 1
1 1082763686254 4
1 1082763686255 1
1 1082763686257 1
1 1082763686258 4
1 1082763686259 1
1 1082763686300 1
1 1082763686301 4
1 1082763686302 1
1 1082763686304 1
1 1082763686305 4
1 1082763686306 1
1 1082763686308 1
1 1082763686309 4
1 1082763686310 1
1 1082763686312 1
1 1082763686313 4
1 1082763686314 1
1 1082763686316 1
1 1082763686317 4
1 1082763686318 1
1 1082763686320 1
1 1082763686321 4
1 1082763686322 1
1 1082763686364 4
1 1082763686365 1
1 1082763686368 4
1 1082763686369 1
1 1082763686372 4
1 1082763686373 1
1 1082763686376 4
1 1082763686377 1
1 1082763686380 4
1 1082763686381 1
1 1082763686384 4
1 1082763686385 1
1 1082763686401 1
1 1082763686402 4
1 1082763686403 1
1 1082763686405 1
1 1082763686406 4
1 1082763686407 1
1 1082763686409 1
1 1082763686410 4
1 1082763686411 1
1 1082763686413 1
1 1082763686414 4
1 1082763686415 1
1 1082763686417 1
1 1082763686418 4
1 1082763686419 1
1 1082763686460 1
1 1082763686461 4
1 1082763686462 1
1 1082763686464 1
1 1082763686465 4
1 1082763686466 1
1 1082763686468 1
1 1082763686469 4
1 1082763686470 1
1 1082763686472 1
1 1082763686473 4
1 1082763686474 1
1 1082763686476 1
1 1082763686477 4
1 1082763686478 1
1 1082763686480 1
1 1082763686481 4
1 1082763686482 1
1 1082763686524 4
1 1082763686525 1
1 1082763686528 4
1 1082763686529 1
1 1082763686532 4
1 1082763686533 1
1 1082763686536 4
1 1082763686537 1
1 1082763686540 4
1 1082763686541 1
1 1082763686544 4
1 1082763686545 1
1 1082763686574 1
1 1082763686575 1
1 1082763686578 1
1 1082763686579 1
1 1082763686582 1
1 1082763686583 1
1 1082763686586 1
1 1082763686587 1
1 1082763686590 1
1 1082763686591 1
1 1082763686594 1
1 1082763686595 1
1 1082763686637 1
1 1082763686638 4
1 1082763686639 1
1 1082763686641 1
1 1082763686642 4
1 1082763686643 1
1 1082763686645 1
1 1082763686646 4
1 1082763686647 1
1 1082763686649 1
1 1082763686650 4
1 1082763686651 1
1 1082763686653 1
1 1082763686654 4
1 1082763686655 1
1 1082763686657 1
1 1082763686658 4
1 1082763686659 1
1 1082763686700 1
1 1082763686701 4
1 1082763686702 1
1 1082763686704 1
1 1082763686705 4
1 1082763686706 1
1 1082763686708 1
1 1082763686709 4
1 1082763686710 1
1 1082763686712 1
1 1082763686713 4
1 1082763686714 1
1 1082763686716 1
1 1082763686717 4
1 1082763686718 1
1 1082763686720 1
1 1082763686721 4
1 1082763686722 1
1 1082763686764 4
1 1082763686765 1
1 1082763686768 4
1 1082763686769 1
1 1082763686772 4
1 1082763686773 1
1 1082763686776 4
1 1082763686777 1
1 1082763686780 4
1 1082763686781 1
1 1082763686784 4
1 1082763686785 1
1 1082763686801 1
1 1082763686802 4
1 1082763686803 1
1 1082763686805 1
1 1082763686806 4
1 1082763686807 1
1 1082763686809 1
1 1082763686810 4
1 1082763686811 1
1 1082763686813 1
1 1082763686814 4
1 1082763686815 1
1 1082763686817 1
1 1082763686818 4
1 1082763686819 1
1 1082763686860 1
1 1082763686861 4
1 1082763686862 1
1 1082763686864 1
1 1082763686865 4
1 1082763686866 1
1 1082763686868 1
1 1082763686869 4
1 1082763686870 1
1 1082763686872 1
1 1082763686873 4
1 1082763686874 1
1 1082763686876 1
1 1082763686877 4
1 1082763686878 1
1 1082763686880 1
1 1082763686881 4
1 1082763686882 1
1 1082763686924 4
1 1082763686925 1
1 1082763686928 4
1 1082763686929 1
1 1082763686932 4
1 1082763686933 1
1 1082763686936 4
1 1082763686937 1
1 1082763686940 4
1 1082763686941 1
1 1082763686944 4
1 1082763686945 1
1 1082763686974 1
1 1082763686975 1
1 1082763686978 1
1 1082763686979 1
1 1082763686982 1
1 1082763686983 1
1 1082763686986 1
1 1082763686987 1
1 1082763686990 1
1 1082763686991 1
1 1082763686994 1
1 1082763686995 1
1 1082763687037 1
1 1082763687038 4
1 1082763687039 1
1 1082763687041 1
1 1082763687042 4
1 1082763687043 1
1 1082763687045 1
1 1082763687046 4
1 1082763687047 1
1 1082763687049 1
1 1082763687050 4
1 1082763687051 1
1 1082763687053 1
1 1082763687054 4
1 1082763687055 1
1 1082763687057 1
1 1082763687058 4
1 1082763687059 1
1 1082763687100 1
1 1082763687101 4
1 1082763687102 1
1 1082763687104 1
1 1082763687105 4
1 1082763687106 1
1 1082763687108 1
1 1082763687109 4
1 1082763687110 1
1 1082763687112 1
1 1082763687113 4
1 1082763687114 1
1 1082763687116 1
1 1082763687117 4
1 1082763687118 1
1 1082763687120 1
1 1082763687121 4
1 1082763687122 1
1 1082763687164 4
1 1082763687165 1
1 1082763687168 4
1 1082763687169 1
1 1082763687172 4
1 1082763687173 1
1 1082763687176 4
1 1082763687177 1
1 1082763687180 4
1 1082763687181 1
1 1082763687184 4
1 1082763687185 1
1 1082763687201 1
1 1082763687202 4
1 1082763687203 1
1 1082763687205 1
1 1082763687206 4
1 1082763687207 1
1 1082763687209 1
1 1082763687210 4
1 1082763687211 1
1 1082763687213 1
1 1082763687214 4
1 1082763687215 1
1 1082763687217 1
1 1082763687218 4
1 1082763687219 1
1 1082763687260 1
1 1082763687261 4
1 1082763687262 1
1 1082763687264 1
1 1082763687265 4
1 1082763687266 1
1 1082763687268 1
1 1082763687269 4
1 1082763687270 1
1 1082763687272 1
1 1082763687273 4
1 1082763687274 1
1 1082763687276 1
1 1082763687277 4
1 1082763687278 1
1 1082763687280 1
1 1082763687281 4
1 1082763687282 1
1 1082763687324 4
1 1082763687325 1
1 1082763687328 4
1 1082763687329 1
1 1082763687332 4
1 1082763687333 1
1 1082763687336 4
1 1082763687337 1
1 1082763687340 4
1 1082763687341 1
1 1082763687344 4
1 1082763687345 1
1 1082763687374 1
1 1082763687375 1
1 1082763687378 1
1 1082763687379 1
1 1082763687382 1
1 1082763687383 1
1 1082763687386 1
1 1082763687387 1
1 1082763687390 1
1 1082763687391 1
1 1082763687394 1
1 1082763687395 1
1 1082763687437 1
1 1082763687438 4
1 1082763687439 1
1 1082763687441 1
1 1082763687442 4
1 1082763687443 1
1 1082763687445 1
1 1082763687446 4
1 1082763687447 1
1 1082763687449 1
1 1082763687450 4
1 1082763687451 1
1 1082763687453 1
1 1082763687454 4
1 1082763687455 1
1 1082763687457 1
1 1082763687458 4
1 1082763687459 1
1 1082763687500 1
1 1082763687501 4
1 1082763687502 1
1 1082763687504 1
1 1082763687505 4
1 1082763687506 1
1 1082763687508 1
1 1082763687509 4
1 1082763687510 1
1 1082763687512 1
1 1082763687513 4
1 1082763687514 1
1 1082763687516 1
1 1082763687517 4
1 1082763687518 1
1 1082763687520 1
1 1082763687521 4
1 1082763687522 1
1 1082763687564 4
1 1082763687565 1
1 1082763687568 4
1 1082763687569 1
1 1082763687572 4
1 1082763687573 1
1 1082763687576 4
1 1082763687577 1
1 1082763687580 4
1 1082763687581 1
1 1082763687584 4
1 1082763687585 1
1 1082763687601 1
1 1082763687602 4
1 1082763687603 1
1 1082763687605 1
1 1082763687606 4
1 1082763687607 1
1 1082763687609 1
1 1082763687610 4
1 1082763687611 1
1 1082763687613 1
1 1082763687614 4
1 1082763687615 1
1 1082763687617 1
1 1082763687618 4
1 1082763687619 1
1 1082763687660 1
1 1082763687661 4
1 1082763687662 1
1 1082763687664 1
1 1082763687665 4
1 1082763687666 1
1 1082763687668 1
1 1082763687669 4
1 1082763687670 1
1 1082763687672 1
1 1082763687673 4
1 1082763687674 1
1 1082763687676 1
1 1082763687677 4
1 1082763687678 1
1 1082763687680 1
1 1082763687681 4
1 1082763687682 1
1 1082763687724 4
1 1082763687725 1
1 1082763687728 4
1 1082763687729 1
1 1082763687732 4
1 1082763687733 1
1 1082763687736 4
1 1082763687737 1
1 1082763687740 4
1 1082763687741 1
1 1082763687744 4
1 1082763687745 1
1 1082763687774 1
1 1082763687775 1
1 1082763687778 1
1 1082763687779 1
1 1082763687782 1
1 1082763687783 1
1 1082763687786 1
1 1082763687787 1
1 1082763687790 1
1 1082763687791 1
1 1082763687794 1
1 1082763687795 1
1 1082763687837 1
1 1082763687838 4
1 1082763687839 1
1 1082763687841 1
1 1082763687842 4
1 1082763687843 1
1 1082763687845 1
1 1082763687846 4
1 1082763687847 1
1 1082763687849 1
1 1082763687850 4
1 1082763687851 1
1 1082763687853 1
1 1082763687854 4
1 1082763687855 1
1 1082763687857 1
1 1082763687858 4
1 1082763687859 1
1 1082763687900 1
1 1082763687901 4
1 1082763687902 1
1 1082763687904 1
1 1082763687905 4
1 1082763687906 1
1 1082763687908 1
1 1082763687909 4
1 1082763687910 1
1 1082763687912 1
1 1082763687913 4
1 1082763687914 1
1 1082763687916 1
1 1082763687917 4
1 1082763687918 1
1 1082763687920 1
1 1082763687921 4
1 1082763687922 1
1 1082763687964 4
1 1082763687965 1
1 1082763687968 4
1 1082763687969 1
1 1082763687972 4
1 1082763687973 1
1 1082763687976 4
1 1082763687977 1
1 1082763687980 4
1 1082763687981 1
1 1082763687984 4
1 1082763687985 1
1 1082763688001 1
1 1082763688002 4
1 1082763688003 1
1 1082763688005 1
1 1082763688006 4
1 1082763688007 1
1 1082763688009 1
1 1082763688010 4
1 1082763688011 1
1 1082763688013 1
1 1082763688014 4
1 1082763688015 1
1 1082763688017 1
1 1082763688018 4
1 1082763688019 1
1 1082763688060 1
1 1082763688061 4
1 1082763688062 1
1 1082763688064 1
1 1082763688065 4
1 1082763688066 1
1 1082763688068 1
1 1082763688069 4
1 1082763688070 1
1 1082763688072 1
1 1082763688073 4
1 1082763688074 1
1 1082763688076 1
1 1082763688077 4
1 1082763688078 1
1 1082763688080 1
1 1082763688081 4
1 1082763688082 1
1 1082763688124 4
1 1082763688125 1
1 1082763688128 4
1 1082763688129 1
1 1082763688132 4
1 1082763688133 1
1 1082763688136 4
1 1082763688137 1
1 1082763688140 4
1 1082763688141 1
1 1082763688144 4
1 1082763688145 1
1 1082763688174 1
1 1082763688175 1
1 1082763688178 1
1 1082763688179 1
1 1082763688182 1
1 1082763688183 1
1 1082763688186 1
1 1082763688187 1
1 1082763688190 1
1 1082763688191 1
1 1082763688194 1
1 1082763688195 1
1 1082763688237 1
1 1082763688238 4
1 1082763688239 1
1 1082763688241 1
1 1082763688242 4
1 1082763688243 1
1 1082763688245 1
1 1082763688246 4
1 1082763688247 1
1 1082763688249 1
1 1082763688250 4
1 1082763688251 1
1 1082763688253 1
1 1082763688254 4
1 1082763688255 1
1 1082763688257 1
1 1082763688258 4
1 1082763688259 1
1 1082763688300 1
1 1082763688301 4
1 1082763688302 1
1 1082763688304 1
1 1082763688305 4
1 1082763688306 1
1 1082763688308 1
1 1082763688309 4
1 1082763688310 1
1 1082763688312 1
1 1082763688313 4
1 1082763688314 1
1 1082763688316 1
1 1082763688317 4
1 1082763688318 1
1 1082763688320 1
1 1082763688321 4
1 1082763688322 1
1 1082763688364 4
1 1082763688365 1
1 1082763688368 4
1 1082763688369 1
1 1082763688372 4
1 1082763688373 1
1 1082763688376 4
1 1082763688377 1
1 1082763688380 4
1 1082763688381 1
1 1082763688384 4
1 1082763688385 1
1 1082763688401 1
1 1082763688402 4
1 1082763688403 1
1 1082763688405 1
1 1082763688406 4
1 1082763688407 1
1 1082763688409 1
1 1082763688410 4
1 1082763688411 1
1 1082763688413 1
1 1082763688414 4
1 1082763688415 1
1 1082763688417 1
1 1082763688418 4
1 1082763688419 1
1 1082763688460 1
1 1082763688461 4
1 1082763688462 1
1 1082763688464 1
1 1082763688465 4
1 1082763688466 1
1 1082763688468 1
1 1082763688469 4
1 1082763688470 1
1 1082763688472 1
1 1082763688473 4
1 1082763688474 1
1 1082763688476 1
1 1082763688477 4
1 1082763688478 1
1 1082763688480 1
1 1082763688481 4
1 1082763688482 1
1 1082763688524 4
1 1082763688525 1
1 1082763688528 4
1 1082763688529 1
1 1082763688532 4
1 1082763688533 1
1 1082763688536 4
1 1082763688537 1
1 1082763688540 4
1 1082763688541 1
1 1082763688544 4
1 1082763688545 1
1 1082763688574 1
1 1082763688575 1
1 1082763688578 1
1 1082763688579 1
1 1082763688582 1
1 1082763688583 1
1 1082763688586 1
1 1082763688587 1
1 1082763688590 1
1 1082763688591 1
1 1082763688594 1
1 1082763688595 1
1 1082763688637 1
1 1082763688638 4
1 1082763688639 1
1 1082763688641 1
1 1082763688642 4
1 1082763688643 1
1 1082763688645 1
1 1082763688646 4
1 1082763688647 1
1 1082763688649 1
1 1082763688650 4
1 1082763688651 1
1 1082763688653 1
1 1082763688654 4
1 1082763688655 1
1 1082763688657 1
1 1082763688658 4
1 1082763688659 1
1 1082763688700 1
1 1082763688701 4
1 1082763688702 1
1 1082763688704 1
1 1082763688705 4
1 1082763688706 1
1 1082763688708 1
1 1082763688709 4
1 1082763688710 1
1 1082763688712 1
1 1082763688713 4
1 1082763688714 1
1 1082763688716 1
1 1082763688717 4
1 1082763688718 1
1 1082763688720 1
1 1082763688721 4
1 1082763688722 1
1 1082763688764 4
1 1082763688765 1
1 1082763688768 4
1 1082763688769 1
1 1082763688772 4
1 1082763688773 1
1 1082763688776 4
1 1082763688777 1
1 1082763688780 4
1 1082763688781 1
1 1082763688784 4
1 1082763688785 1
1 1082763688801 1
1 1082763688802 4
1 1082763688803 1
1 1082763688805 1
1 1082763688806 4
1 1082763688807 1
1 1082763688809 1
1 1082763688810 4
1 1082763688811 1
1 1082763688813 1
1 1082763688814 4
1 1082763688815 1
1 1082763688817 1
1 1082763688818 4
1 1082763688819 1
1 1082763688860 1
1 1082763688861 4
1 1082763688862 1
1 1082763688864 1
1 1082763688865 4
1 1082763688866 1
1 1082763688868 1
1 1082763688869 4
1 1082763688870 1
1 1082763688872 1
1 1082763688873 4
1 1082763688874 1
1 1082763688876 1
1 1082763688877 4
1 1082763688878 1
1 1082763688880 1
1 1082763688881 4
1 1082763688882 1
1 1082763688924 4
1 1082763688925 1
1 1082763688928 4
1 1082763688929 1
1 1082763688932 4
1 1082763688933 1
1 1082763688936 4
1 1082763688937 1
1 1082763688940 4
1 1082763688941 1
1 1082763688944 4
1 1082763688945 1
1 1082763688974 1
1 1082763688975 1
1 1082763688978 1
1 1082763688979 1
1 1082763688982 1
1 1082763688983 1
1 1082763688986 1
1 1082763688987 1
1 1082763688990 1
1 1082763688991 1
1 1082763688994 1
1 1082763688995 1
1 1082763689037 1
1 1082763689038 4
1 1082763689039 1
1 1082763689041 1
1 1082763689042 4
1 1082763689043 1
1 1082763689045 1
1 1082763689046 4
1 1082763689047 1
1 1082763689049 1
1 1082763689050 4
1 1082763689051 1
1 1082763689053 1
1 1082763689054 4
1 1082763689055 1
1 1082763689057 1
1 1082763689058 4
1 1082763689059 1
1 1082763689100 1
1 1082763689101 4
1 1082763689102 1
1 1082763689104 1
1 1082763689105 4
1 1082763689106 1
1 1082763689108 1
1 1082763689109 4
1 1082763689110 1
1 1082763689112 1
1 1082763689113 4
1 1082763689114 1
1 1082763689116 1
1 1082763689117 4
1 1082763689118 1
1 1082763689120 1
1 1082763689121 4
1 1082763689122 1
1 1082763689164 4
1 1082763689165 1
1 1082763689168 4
1 1082763689169 1
1 1082763689172 4
1 1082763689173 1
1 1082763689176 4
1 1082763689177 1
1 1082763689180 4
1 1082763689181 1
1 1082763689184 4
1 1082763689185 1
1 1082763689201 1
1 1082763689202 4
1 1082763689203 1
1 1082763689205 1
1 1082763689206 4
1 1082763689207 1
1 1082763689209 1
1 1082763689210 4
1 1082763689211 1
1 1082763689213 1
1 1082763689214 4
1 1082763689215 1
1 1082763689217 1
1 1082763689218 4
1 1082763689219 1
1 1082763689260 1
1 1082763689261 4
1 1082763689262 1
1 1082763689264 1
1 1082763689265 4
1 1082763689266 1
1 1082763689268 1
1 1082763689269 4
1 1082763689270 1
1 1082763689272 1
1 1082763689273 4
1 1082763689274 1
1 1082763689276 1
1 1082763689277 4
1 1082763689278 1
1 1082763689280 1
1 1082763689281 4
1 1082763689282 1
1 1082763689324 4
1 1082763689325 1
1 1082763689328 4
1 1082763689329 1
1 1082763689332 4
1 1082763689333 1
1 1082763689336 4
1 1082763689337 1
1 1082763689340 4
1 1082763689341 1
1 1082763689344 4
1 1082763689345 1
1 1082763689374 1
1 1082763689375 1
1 1082763689378 1
1 1082763689379 1
1 1082763689382 1
1 1082763689383 1
1 1082763689386 1
1 1082763689387 1
1 1082763689390 1
1 1082763689391 1
1 1082763689394 1
1 1082763689395 1
1 1082763689437 1
1 1082763689438 4
1 1082763689439 1
1 1082763689441 1
1 1082763689442 4
1 1082763689443 1
1 1082763689445 1
1 1082763689446 4
1 1082763689447 1
1 1082763689449 1
1 1082763689450 4
1 1082763689451 1
1 1082763689453 1
1 1082763689454 4
1 1082763689455 1
1 1082763689457 1
1 1082763689458 4
1 1082763689459 1
1 1082763689500 1
1 1082763689501 4
1 1082763689502 1
1 1082763689504 1
1 1082763689505 4
1 1082763689506 1
1 1082763689508 1
1 1082763689509 4
1 1082763689510 1
1 1082763689512 1
1 1082763689513 4
1 1082763689514 1
1 1082763689516 1
1 1082763689517 4
1 1082763689518 1
1 1082763689520 1
1 1082763689521 4
1 1082763689522 1
1 1082763689564 4
1 1082763689565 1
1 1082763689568 4
1 1082763689569 1
1 1082763689572 4
1 1082763689573 1
1 1082763689576 4
1 1082763689577 1
1 1082763689580 4
1 1082763689581 1
1 1082763689584 4
1 1082763689585 1
1 1082763689601 1
1 1082763689602 4
1 1082763689603 1
1 1082763689605 1
1 1082763689606 4
1 1082763689607 1
1 1082763689609 1
1 1082763689610 4
1 1082763689611 1
1 1082763689613 1
1 1082763689614 4
1 1082763689615 1
1 1082763689617 1
1 1082763689618 4
1 1082763689619 1
1 1082763689660 1
1 1082763689661 4
1 1082763689662 1
1 1082763689664 1
1 1082763689665 4
1 1082763689666 1
1 1082763689668 1
1 1082763689669 4
1 1082763689670 1
1 1082763689672 1
1 1082763689673 4
1 1082763689674 1
1 1082763689676 1
1 1082763689677 4
1 1082763689678 1
1 1082763689680 1
1 1082763689681 4
1 1082763689682 1
1 1082763689724 4
1 1082763689725 1
1 1082763689728 4
1 1082763689729 1
1 1082763689732 4
1 1082763689733 1
1 1082763689736 4
1 1082763689737 1
1 1082763689740 4
1 1082763689741 1
1 1082763689744 4
1 1082763689745 1
1 1082763689774 1
1 1082763689775 1
1 1082763689778 1
1 1082763689779 1
1 1082763689782 1
1 1082763689783 1
1 1082763689786 1
1 1082763689787 1
1 1082763689790 1
1 1082763689791 1
1 1082763689794 1
1 1082763689795 1
1 1082763689837 1
1 1082763689838 4
1 1082763689839 1
1 1082763689841 1
1 1082763689842 4
1 1082763689843 1
1 1082763689845 1
1 1082763689846 4
1 1082763689847 1
1 1082763689849 1
1 1082763689850 4
1 1082763689851 1
1 1082763689853 1
1 1082763689854 4
1 1082763689855 1
1 1082763689857 1
1 1082763689858 4
1 1082763689859 1
1 1082763689900 1
1 1082763689901 4
1 1082763689902 1
1 1082763689904 1
1 1082763689905 4
1 1082763689906 1
1 1082763689908 1
1 1082763689909 4
1 1082763689910 1
1 1082763689912 1
1 1082763689913 4
1 1082763689914 1
1 1082763689916 1
1 1082763689917 4
1 1082763689918 1
1 1082763689920 1
1 1082763689921 4
1 1082763689922 1
1 1082763689964 4
1 1082763689965 1
1 1082763689968 4
1 1082763689969 1
1 1082763689972 4
1 1082763689973 1
1 1082763689976 4
1 1082763689977 1
1 1082763689980 4
1 1082763689981 1
1 1082763689984 4
1 1082763689985 1
1 1082763690001 1
1 1082763690002 4
1 1082763690003 1
1 1082763690005 1
1 1082763690006 4
1 1082763690007 1
1 1082763690009 1
1 1082763690010 4
1 1082763690011 1
1 1082763690013 1
1 1082763690014 4
1 1082763690015 1
1 1082763690017 1
1 1082763690018 4
1 1082763690019 1
1 1082763690060 1
1 1082763690061 4
1 1082763690062 1
1 1082763690064 1
1 1082763690065 4
1 1082763690066 1
1 1082763690068 1
1 1082763690069 4
1 1082763690070 1
1 1082763690072 1
1 1082763690073 4
1 1082763690074 1
1 1082763690076 1
1 1082763690077 4
1 1082763690078 1
1 1082763690080 1
1 1082763690081 4
1 1082763690082 1
1 1082763690124 4
1 1082763690125 1
1 1082763690128 4
1 1082763690129 1
1 1082763690132 4
1 1082763690133 1
1 1082763690136 4
1 1082763690137 1
1 1082763690140 4
1 1082763690141 1
1 1082763690144 4
1 1082763690145 1
1 1082763690174 1
1 1082763690175 1
1 1082763690178 1
1 1082763690179 1
1 1082763690182 1
1 1082763690183 1
1 1082763690186 1
1 1082763690187 1
1 1082763690190 1
1 1082763690191 1
1 1082763690194 1
1 1082763690195 1
1 1082763690237 1
1 1082763690238 4
1 1082763690239 1
1 1082763690241 1
1 1082763690242 4
1 1082763690243 1
1 1082763690245 1
1 1082763690246 4
1 1082763690247 1
1 1082763690249 1
1 1082763690250 4
1 1082763690251 1
1 1082763690253 1
1 1082763690254 4
1 1082763690255 1
1 1082763690257 1
1 1082763690258 4
1 1082763690259 1
1 1082763690300 1
1 1082763690301 4
1 1082763690302 1
1 1082763690304 1
1 1082763690305 4
1 1082763690306 1
1 1082763690308 1
1 1082763690309 4
1 1082763690310 1
1 1082763690312 1
1 1082763690313 4
1 1082763690314 1
1 1082763690316 1
1 1082763690317 4
1 1082763690318 1
1 1082763690320 1
1 1082763690321 4
1 1082763690322 1
1 1082763690364 4
1 1082763690365 1
1 1082763690368 4
1 1082763690369 1
1 1082763690372 4
1 1082763690373 1
1 1082763690376 4
1 1082763690377 1
1 1082763690380 4
1 1082763690381 1
1 1082763690384 4
1 1082763690385 1
1 1082763690401 1
1 1082763690402 4
1 1082763690403 1
1 1082763690405 1
1 1082763690406 4
1 1082763690407 1
1 1082763690409 1
1 1082763690410 4
1 1082763690411 1
1 1082763690413 1
1 1082763690414 4
1 1082763690415 1
1 1082763690417 1
1 1082763690418 4
1 1082763690419 1
1 1082763690460 1
1 1082763690461 4
1 1082763690462 1
1 1082763690464 1
1 1082763690465 4
1 1082763690466 1
1 1082763690468 1
1 1082763690469 4
1 1082763690470 1
1 1082763690472 1
1 1082763690473 4
1 1082763690474 1
1 1082763690476 1
1 1082763690477 4
1 1082763690478 1
1 1082763690480 1
1 1082763690481 4
1 1082763690482 1
1 1082763690524 4
1 1082763690525 1
1 1082763690528 4
1 1082763690529 1
1 1082763690532 4
1 1082763690533 1
1 1082763690536 4
1 1082763690537 1
1 1082763690540 4
1 1082763690541 1
1 1082763690544 4
1 1082763690545 1
1 1082763690574 1
1 1082763690575 1
1 1082763690578 1
1 1082763690579 1
1 1082763690582 1
1 1082763690583 1
1 1082763690586 1
1 1082763690587 1
1 1082763690590 1
1 1082763690591 1
1 1082763690594 1
1 1082763690595 1
1 1082763690637 1
1 1082763690638 4
1 1082763690639 1
1 1082763690641 1
1 1082763690642 4
1 1082763690643 1
1 1082763690645 1
1 1082763690646 4
1 1082763690647 1
1 1082763690649 1
1 1082763690650 4
1 1082763690651 1
1 1082763690653 1
1 1082763690654 4
1 1082763690655 1
1 1082763690657 1
1 1082763690658 4
1 1082763690659 1
1 1082763690700 1
1 1082763690701 4
1 1082763690702 1
1 1082763690704 1
1 1082763690705 4
1 1082763690706 1
1 1082763690708 1
1 1082763690709 4
1 1082763690710 1
1 1082763690712 1
1 1082763690713 4
1 1082763690714 1
1 1082763690716 1
1 1082763690717 4
1 1082763690718 1
1 1082763690720 1
1 1082763690721 4
1 1082763690722 1
1 1082763690764 4
1 1082763690765 1
1 1082763690768 4
1 1082763690769 1
1 1082763690772 4
1 1082763690773 1
1 1082763690776 4
1 1082763690777 1
1 1082763690780 4
1 1082763690781 1
1 1082763690784 4
1 1082763690785 1
1 1082763690801 1
1 1082763690802 4
1 1082763690803 1
1 1082763690805 1
1 1082763690806 4
1 1082763690807 1
1 1082763690809 1
1 1082763690810 4
1 1082763690811 1
1 1082763690813 1
1 1082763690814 4
1 1082763690815 1
1 1082763690817 1
1 1082763690818 4
1 1082763690819 1
1 1082763690860 1
1 1082763690861 4
1 1082763690862 1
1 1082763690864 1
1 1082763690865 4
1 1082763690866 1
1 1082763690868 1
1 1082763690869 4
1 1082763690870 1
1 1082763690872 1
1 1082763690873 4
1 1082763690874 1
1 1082763690876 1
1 1082763690877 4
1 1082763690878 1
1 1082763690880 1
1 1082763690881 4
1 1082763690882 1
1 1082763690924 4
1 1082763690925 1
1 1082763690928 4
1 1082763690929 1
1 1082763690932 4
1 1082763690933 1
1 1082763690936 4
1 1082763690937 1
1 1082763690940 4
1 1082763690941 1
1 1082763690944 4
1 1082763690945 1
1 1082763690974 1
1 1082763690975 1
1 1082763690978 1
1 1082763690979 1
1 1082763690982 1
1 1082763690983 1
1 1082763690986 1
1 1082763690987 1
1 1082763690990 1
1 1082763690991 1
1 1082763690994 1
1 1082763690995 1
1 1082763691037 1
1 1082763691038 4
1 1082763691039 1
1 1082763691041 1
1 1082763691042 4
1 1082763691043 1
1 1082763691045 1
1 1082763691046 4
1 1082763691047 1
1 1082763691049 1
1 1082763691050 4
1 1082763691051 1
1 1082763691053 1
1 1082763691054 4
1 1082763691055 1
1 1082763691057 1
1 1082763691058 4
1 1082763691059 1
1 1082763691100 1
1 1082763691101 4
1 1082763691102 1
1 1082763691104 1
1 1082763691105 4
1 1082763691106 1
1 1082763691108 1
1 1082763691109 4
1 1082763691110 1
1 1082763691112 1
1 1082763691113 4
1 1082763691114 1
1 1082763691116 1
1 1082763691117 4
1 1082763691118 1
1 1082763691120 1
1 1082763691121 4
1 1082763691122 1
1 1082763691164 4
1 1082763691165 1
1 1082763691168 4
1 1082763691169 1
1 1082763691172 4
1 1082763691173 1
1 1082763691176 4
1 1082763691177 1
1 1082763691180 4
1 1082763691181 1
1 1082763691184 4
1 1082763691185 1
1 1082763691201 1
1 1082763691202 4
1 1082763691203 1
1 1082763691205 1
1 1082763691206 4
1 1082763691207 1
1 1082763691209 1
1 1082763691210 4
1 1082763691211 1
1 1082763691213 1
1 1082763691214 4
1 1082763691215 1
1 1082763691217 1
1 1082763691218 4
1 1082763691219 1
1 1082763691260 1
1 1082763691261 4
1 1082763691262 1
1 1082763691264 1
1 1082763691265 4
1 1082763691266 1
1 1082763691268 1
1 1082763691269 4
1 1082763691270 1
1 1082763691272 1
1 1082763691273 4
1 1082763691274 1
1 1082763691276 1
1 1082763691277 4
1 1082763691278 1
1 1082763691280 1
1 1082763691281 4
1 1082763691282 1
1 1082763691324 4
1 1082763691325 1
1 1082763691328 4
1 1082763691329 1
1 1082763691332 4
1 1082763691333 1
1 1082763691336 4
1 1082763691337 1
1 1082763691340 4
1 1082763691341 1
1 1082763691344 4
1 1082763691345 1
1 1082763691374 1
1 1082763691375 1
1 1082763691378 1
1 1082763691379 1
1 1082763691382 1
1 1082763691383 1
1 1082763691386 1
1 1082763691387 1
1 1082763691390 1
1 1082763691391 1
1 1082763691394 1
1 1082763691395 1
1 1082763691437 1
1 1082763691438 4
1 1082763691439 1
1 1082763691441 1
1 1082763691442 4
1 1082763691443 1
1 1082763691445 1
1 1082763691446 4
1 1082763691447 1
1 1082763691449 1
1 1082763691450 4
1 1082763691451 1
1 1082763691453 1
1 1082763691454 4
1 1082763691455 1
1 1082763691457 1
1 1082763691458 4
1 1082763691459 1
1 1082763691500 1
1 1082763691501 4
1 1082763691502 1
1 1082763691504 1
1 1082763691505 4
1 1082763691506 1
1 1082763691508 1
1 1082763691509 4
1 1082763691510 1
1 1082763691512 1
1 1082763691513 4
1 1082763691514 1
1 1082763691516 1
1 1082763691517 4
1 1082763691518 1
1 1082763691520 1
1 1082763691521 4
1 1082763691522 1
1 1082763691564 4
1 1082763691565 1
1 1082763691568 4
1 1082763691569 1
1 1082763691572 4
1 1082763691573 1
1 1082763691576 4
1 1082763691577 1
1 1082763691580 4
1 1082763691581 1
1 1082763691584 4
1 1082763691585 1
1 1082763691601 1
1 1082763691602 4
1 1082763691603 1
1 1082763691605 1
1 1082763691606 4
1 1082763691607 1
1 1082763691609 1
1 1082763691610 4
1 1082763691611 1
1 1082763691613 1
1 1082763691614 4
1 1082763691615 1
1 1082763691617 1
1 1082763691618 4
1 1082763691619 1
1 1082763691660 1
1 1082763691661 4
1 1082763691662 1
1 1082763691664 1
1 1082763691665 4
1 1082763691666 1
1 1082763691668 1
1 1082763691669 4
1 1082763691670 1
1 1082763691672 1
1 1082763691673 4
1 1082763691674 1
1 1082763691676 1
1 1082763691677 4
1 1082763691678 1
1 1082763691680 1
1 1082763691681 4
1 1082763691682 1
1 1082763691724 4
1 1082763691725 1
1 1082763691728 4
1 1082763691729 1
1 1082763691732 4
1 1082763691733 1
1 1082763691736 4
1 1082763691737 1
1 1082763691740 4
1 1082763691741 1
1 1082763691744 4
1 1082763691745 1
1 1082763691774 1
1 1082763691775 1
1 1082763691778 1
1 1082763691779 1
1 1082763691782 1
1 1082763691783 1
1 1082763691786 1
1 1082763691787 1
1 1082763691790 1
1 1082763691791 1
1 1082763691794 1
1 1082763691795 1
1 1082763691837 1
1 1082763691838 4
1 1082763691839 1
1 1082763691841 1
1 1082763691842 4
1 1082763691843 1
1 1082763691845 1
1 1082763691846 4
1 1082763691847 1
1 1082763691849 1
1 1082763691850 4
1 1082763691851 1
1 1082763691853 1
1 1082763691854 4
1 1082763691855 1
1 1082763691857 1
1 1082763691858 4
1 1082763691859 1
1 1082763691900 1
1 1082763691901 4
1 1082763691902 1
1 1082763691904 1
1 1082763691905 4
1 1082763691906 1
1 1082763691908 1
1 1082763691909 4
1 1082763691910 1
1 1082763691912 1
1 1082763691913 4
1 1082763691914 1
1 1082763691916 1
1 1082763691917 4
1 1082763691918 1
1 1082763691920 1
1 1082763691921 4
1 1082763691922 1
1 1082763691964 4
1 1082763691965 1
1 1082763691968 4
1 1082763691969 1
1 1082763691972 4
1 1082763691973 1
1 1082763691976 4
1 1082763691977 1
1 1082763691980 4
1 1082763691981 1
1 1082763691984 4
1 1082763691985 1
1 1082763692001 1
1 1082763692002 4
1 1082763692003 1
1 1082763692005 1
1 1082763692006 4
1 1082763692007 1
1 1082763692009 1
1 1082763692010 4
1 1082763692011 1
1 1082763692013 1
1 1082763692014 4
1 1082763692015 1
1 1082763692017 1
1 1082763692018 4
1 1082763692019 1
1 1082763692060 1
1 1082763692061 4
1 1082763692062 1
1 1082763692064 1
1 1082763692065 4
1 1082763692066 1
1 1082763692068 1
1 1082763692069 4
1 1082763692070 1
1 1082763692072 1
1 1082763692073 4
1 1082763692074 1
1 1082763692076 1
1 1082763692077 4
1 1082763692078 1
1 1082763692080 1
1 1082763692081 4
1 1082763692082 1
1 1082763692124 4
1 1082763692125 1
1 1082763692128 4
1 1082763692129 1
1 1082763692132 4
1 1082763692133 1
1 1082763692136 4
1 1082763692137 1
1 1082763692140 4
1 1082763692141 1
1 1082763692144 4
1 1082763692145 1
1 1082763692174 1
1 1082763692175 1
1 1082763692178 1
1 1082763692179 1
1 1082763692182 1
1 1082763692183 1
1 1082763692186 1
1 1082763692187 1
1 1082763692190 1
1 1082763692191 1
1 1082763692194 1
1 1082763692195 1
1 1082763692237 1
1 1082763692238 4
1 1082763692239 1
1 1082763692241 1
1 1082763692242 4
1 1082763692243 1
1 1082763692245 1
1 1082763692246 4
1 1082763692247 1
1 1082763692249 1
1 1082763692250 4
1 1082763692251 1
1 1082763692253 1
1 1082763692254 4
1 1082763692255 1
1 1082763692257 1
1 1082763692258 4
1 1082763692259 1
1 1082763692300 1
1 1082763692301 4
1 1082763692302 1
1 1082763692304 1
1 1082763692305 4
1 1082763692306 1
1 1082763692308 1
1 1082763692309 4
1 1082763692310 1
1 1082763692312 1
1 1082763692313 4
1 1082763692314 1
1 1082763692316 1
1 1082763692317 4
1 1082763692318 1
1 1082763692320 1
1 1082763692321 4
1 1082763692322 1
1 1082763692364 4
1 1082763692365 1
1 1082763692368 4
1 1082763692369 1
1 1082763692372 4
1 1082763692373 1
1 1082763692376 4
1 1082763692377 1
1 1082763692380 4
1 1082763692381 1
1 1082763692384 4
1 1082763692385 1
1 1082763692401 1
1 1082763692402 4
1 1082763692403 1
1 1082763692405 1
1 1082763692406 4
1 1082763692407 1
1 1082763692409 1
1 1082763692410 4
1 1082763692411 1
1 1082763692413 1
1 1082763692414 4
1 1082763692415 1
1 1082763692417 1
1 1082763692418 4
1 1082763692419 1
1 1082763692460 1
1 1082763692461 4
1 1082763692462 1
1 1082763692464 1
1 1082763692465 4
1 1082763692466 1
1 1082763692468 1
1 1082763692469 4
1 1082763692470 1
1 1082763692472 1
1 1082763692473 4
1 1082763692474 1
1 1082763692476 1
1 1082763692477 4
1 1082763692478 1
1 1082763692480 1
1 1082763692481 4
1 1082763692482 1
1 1082763692524 4
1 1082763692525 1
1 1082763692528 4
1 1082763692529 1
1 1082763692532 4
1 1082763692533 1
1 1082763692536 4
1 1082763692537 1
1 1082763692540 4
1 1082763692541 1
1 1082763692544 4
1 1082763692545 1
1 1082763692574 1
1 1082763692575 1
1 1082763692578 1
1 1082763692579 1
1 1082763692582 1
1 1082763692583 1
1 1082763692586 1
1 1082763692587 1
1 1082763692590 1
1 1082763692591 1
1 1082763692594 1
1 1082763692595 1
1 1082763692637 1
1 1082763692638 4
1 1082763692639 1
1 1082763692641 1
1 1082763692642 4
1 1082763692643 1
1 1082763692645 1
1 1082763692646 4
1 1082763692647 1
1 1082763692649 1
1 1082763692650 4
1 1082763692651 1
1 1082763692653 1
1 1082763692654 4
1 1082763692655 1
1 1082763692657 1
1 1082763692658 4
1 1082763692659 1
1 1082763692700 1
1 1082763692701 4
1 1082763692702 1
1 1082763692704 1
1 1082763692705 4
1 1082763692706 1
1 1082763692708 1
1 1082763692709 4
1 1082763692710 1
1 1082763692712 1
1 1082763692713 4
1 1082763692714 1
1 1082763692716 1
1 1082763692717 4
1 1082763692718 1
1 1082763692720 1
1 1082763692721 4
1 1082763692722 1
1 1082763692764 4
1 1082763692765 1
1 1082763692768 4
1 1082763692769 1
1 1082763692772 4
1 1082763692773 1
1 1082763692776 4
1 1082763692777 1
1 1082763692780 4
1 1082763692781 1
1 1082763692784 4
1 1082763692785 1
1 1082763692801 1
1 1082763692802 4
1 1082763692803 1
1 1082763692805 1
1 1082763692806 4
1 1082763692807 1
1 1082763692809 1
1 1082763692810 4
1 1082763692811 1
1 1082763692813 1
1 1082763692814 4
1 1082763692815 1
1 1082763692817 1
1 1082763692818 4
1 1082763692819 1
1 1082763692860 1
1 1082763692861 4
1 1082763692862 1
1 1082763692864 1
1 1082763692865 4
1 1082763692866 1
1 1082763692868 1
1 1082763692869 4
1 1082763692870 1
1 1082763692872 1
1 1082763692873 4
1 1082763692874 1
1 1082763692876 1
1 1082763692877 4
1 1082763692878 1
1 1082763692880 1
1 1082763692881 4
1 1082763692882 1
1 1082763692924 4
1 1082763692925 1
1 1082763692928 4
1 1082763692929 1
1 1082763692932 4
1 1082763692933 1
1 1082763692936 4
1 1082763692937 1
1 1082763692940 4
1 1082763692941 1
1 1082763692944 4
1 1082763692945 1
1 1082763692974 1
1 1082763692975 1
1 1082763692978 1
1 1082763692979 1
1 1082763692982 1
1 1082763692983 1
1 1082763692986 1
1 1082763692987 1
1 1082763692990 1
1 1082763692991 1
1 1082763692994 1
1 1082763692995 1
1 1082763693037 1
1 1082763693038 4
1 1082763693039 1
1 1082763693041 1
1 1082763693042 4
1 1082763693043 1
1 1082763693045 1
1 1082763693046 4
1 1082763693047 1
1 1082763693049 1
1 1082763693050 4
1 1082763693051 1
1 1082763693053 1
1 1082763693054 4
1 1082763693055 1
1 1082763693057 1
1 1082763693058 4
1 1082763693059 1
1 1082763693100 1
1 1082763693101 4
1 1082763693102 1
1 1082763693104 1
1 1082763693105 4
1 1082763693106 1
1 1082763693108 1
1 1082763693109 4
1 1082763693110 1
1 1082763693112 1
1 1082763693113 4
1 1082763693114 1
1 1082763693116 1
1 1082763693117 4
1 1082763693118 1
1 1082763693120 1
1 1082763693121 4
1 1082763693122 1
1 1082763693164 4
1 1082763693165 1
1 1082763693168 4
1 1082763693169 1
1 1082763693172 4
1 1082763693173 1
1 1082763693176 4
1 1082763693177 1
1 1082763693180 4
1 1082763693181 1
1 1082763693184 4
1 1082763693185 1
1 1082763693201 1
1 1082763693202 4
1 1082763693203 1
1 1082763693205 1
1 1082763693206 4
1 1082763693207 1
1 1082763693209 1
1 1082763693210 4
1 1082763693211 1
1 1082763693213 1
1 1082763693214 4
1 1082763693215 1
1 1082763693217 1
1 1082763693218 4
1 1082763693219 1
1 1082763693260 1
1 1082763693261 4
1 1082763693262 1
1 1082763693264 1
1 1082763693265 4
1 1082763693266 1
1 1082763693268 1
1 1082763693269 4
1 1082763693270 1
1 1082763693272 1
1 1082763693273 4
1 1082763693274 1
1 1082763693276 1
1 1082763693277 4
1 1082763693278 1
1 1082763693280 1
1 1082763693281 4
1 1082763693282 1
1 1082763693324 4
1 1082763693325 1
1 1082763693328 4
1 1082763693329 1
1 1082763693332 4
1 1082763693333 1
1 1082763693336 4
1 1082763693337 1
1 1082763693340 4
1 1082763693341 1
1 1082763693344 4
1 1082763693345 1
1 1082763693374 1
1 1082763693375 1
1 1082763693378 1
1 1082763693379 1
1 1082763693382 1
1 1082763693383 1
1 1082763693386 1
1 1082763693387 1
1 1082763693390 1
1 1082763693391 1
1 1082763693394 1
1 1082763693395 1
1 1082763693437 1
1 1082763693438 4
1 1082763693439 1
1 1082763693441 1
1 1082763693442 4
1 1082763693443 1
1 1082763693445 1
1 1082763693446 4
1 1082763693447 1
1 1082763693449 1
1 1082763693450 4
1 1082763693451 1
1 1082763693453 1
1 1082763693454 4
1 1082763693455 1
1 1082763693457 1
1 1082763693458 4
1 1082763693459 1
1 1082763693500 1
1 1082763693501 4
1 1082763693502 1
1 1082763693504 1
1 1082763693505 4
1 1082763693506 1
1 1082763693508 1
1 1082763693509 4
1 1082763693510 1
1 1082763693512 1
1 1082763693513 4
1 1082763693514 1
1 1082763693516 1
1 1082763693517 4
1 1082763693518 1
1 1082763693520 1
1 1082763693521 4
1 1082763693522 1
1 1082763693564 4
1 1082763693565 1
1 1082763693568 4
1 1082763693569 1
1 1082763693572 4
1 1082763693573 1
1 1082763693576 4
1 1082763693577 1
1 1082763693580 4
1 1082763693581 1
1 1082763693584 4
1 1082763693585 1
1 1082763693601 1
1 1082763693602 4
1 1082763693603 1
1 1082763693605 1
1 1082763693606 4
1 1082763693607 1
1 1082763693609 1
1 1082763693610 4
1 1082763693611 1
1 1082763693613 1
1 1082763693614 4
1 1082763693615 1
1 1082763693617 1
1 1082763693618 4
1 1082763693619 1
1 1082763693660 1
1 1082763693661 4
1 1082763693662 1
1 1082763693664 1
1 1082763693665 4
1 1082763693666 1
1 1082763693668 1
1 1082763693669 4
1 1082763693670 1
1 1082763693672 1
1 1082763693673 4
1 1082763693674 1
1 1082763693676 1
1 1082763693677 4
1 1082763693678 1
1 1082763693680 1
1 1082763693681 4
1 1082763693682 1
1 1082763693724 4
1 1082763693725 1
1 1082763693728 4
1 1082763693729 1
1 1082763693732 4
1 1082763693733 1
1 1082763693736 4
1 1082763693737 1
1 1082763693740 4
1 1082763693741 1
1 1082763693744 4
1 1082763693745 1
1 1082763693774 1
1 1082763693775 1
1 1082763693778 1
1 1082763693779 1
1 1082763693782 1
1 1082763693783 1
1 1082763693786 1
1 1082763693787 1
1 1082763693790 1
1 1082763693791 1
1 1082763693794 1
1 1082763693795 1
1 1082763693837 1
1 1082763693838 4
1 1082763693839 1
1 1082763693841 1
1 1082763693842 4
1 1082763693843 1
1 1082763693845 1
1 1082763693846 4
1 1082763693847 1
1 1082763693849 1
1 1082763693850 4
1 1082763693851 1
1 1082763693853 1
1 1082763693854 4
1 1082763693855 1
1 1082763693857 1
1 1082763693858 4
1 1082763693859 1
1 1082763693900 1
1 1082763693901 4
1 1082763693902 1
1 1082763693904 1
1 1082763693905 4
1 1082763693906 1
1 1082763693908 1
1 1082763693909 4
1 1082763693910 1
1 1082763693912 1
1 1082763693913 4
1 1082763693914 1
1 1082763693916 1
1 1082763693917 4
1 1082763693918 1
1 1082763693920 1
1 1082763693921 4
1 1082763693922 1
1 1082763693964 4
1 1082763693965 1
1 1082763693968 4
1 1082763693969 1
1 1082763693972 4
1 1082763693973 1
1 1082763693976 4
1 1082763693977 1
1 1082763693980 4
1 1082763693981 1
1 1082763693984 4
1 1082763693985 1
1 1082763694001 1
1 1082763694002 4
1 1082763694003 1
1 1082763694005 1
1 1082763694006 4
1 1082763694007 1
1 1082763694009 1
1 1082763694010 4
1 1082763694011 1
1 1082763694013 1
1 1082763694014 4
1 1082763694015 1
1 1082763694017 1
1 1082763694018 4
1 1082763694019 1
1 1082763694060 1
1 1082763694061 4
1 1082763694062 1
1 1082763694064 1
1 1082763694065 4
1 1082763694066 1
1 1082763694068 1
1 1082763694069 4
1 1082763694070 1
1 1082763694072 1
1 1082763694073 4
1 1082763694074 1
1 1082763694076 1
1 1082763694077 4
1 1082763694078 1
1 1082763694080 1
1 1082763694081 4
1 1082763694082 1
1 1082763694124 4
1 1082763694125 1
1 1082763694128 4
1 1082763694129 1
1 1082763694132 4
1 1082763694133 1
1 1082763694136 4
1 1082763694137 1
1 1082763694140 4
1 1082763694141 1
1 1082763694144 4
1 1082763694145 1
1 1082763694174 1
1 1082763694175 1
1 1082763694178 1
1 1082763694179 1
1 1082763694182 1
1 1082763694183 1
1 1082763694186 1
1 1082763694187 1
1 1082763694190 1
1 1082763694191 1
1 1082763694194 1
1 1082763694195 1
1 1082763694237 1
1 1082763694238 4
1 1082763694239 1
1 1082763694241 1
1 1082763694242 4
1 1082763694243 1
1 1082763694245 1
1 1082763694246 4
1 1082763694247 1
1 1082763694249 1
1 1082763694250 4
1 1082763694251 1
1 1082763694253 1
1 1082763694254 4
1 1082763694255 1
1 1082763694257 1
1 1082763694258 4
1 1082763694259 1
1 1082763694300 1
1 1082763694301 4
1 1082763694302 1
1 1082763694304 1
1 1082763694305 4
1 1082763694306 1
1 1082763694308 1
1 1082763694309 4
1 1082763694310 1
1 1082763694312 1
1 1082763694313 4
1 1082763694314 1
1 1082763694316 1
1 1082763694317 4
1 1082763694318 1
1 1082763694320 1
1 1082763694321 4
1 1082763694322 1
1 1082763694364 4
1 1082763694365 1
1 1082763694368 4
1 1082763694369 1
1 1082763694372 4
1 1082763694373 1
1 1082763694376 4
1 1082763694377 1
1 1082763694380 4
1 1082763694381 1
1 1082763694384 4
1 1082763694385 1
1 1082763694401 1
1 1082763694402 4
1 1082763694403 1
1 1082763694405 1
1 1082763694406 4
1 1082763694407 1
1 1082763694409 1
1 1082763694410 4
1 1082763694411 1
1 1082763694413 1
1 1082763694414 4
1 1082763694415 1
1 1082763694417 1
1 1082763694418 4
1 1082763694419 1
1 1082763694460 1
1 1082763694461 4
1 1082763694462 1
1 1082763694464 1
1 1082763694465 4
1 1082763694466 1
1 1082763694468 1
1 1082763694469 4
1 1082763694470 1
1 1082763694472 1
1 1082763694473 4
1 1082763694474 1
1 1082763694476 1
1 1082763694477 4
1 1082763694478 1
1 1082763694480 1
1 1082763694481 4
1 1082763694482 1
1 1082763694524 4
1 1082763694525 1
1 1082763694528 4
1 1082763694529 1
1 1082763694532 4
1 1082763694533 1
1 1082763694536 4
1 1082763694537 1
1 1082763694540 4
1 1082763694541 1
1 1082763694544 4
1 1082763694545 1
1 1082763694574 1
1 1082763694575 1
1 1082763694578 1
1 1082763694579 1
1 1082763694582 1
1 1082763694583 1
1 1082763694586 1
1 1082763694587 1
1 1082763694590 1
1 1082763694591 1
1 1082763694594 1
1 1082763694595 1
1 1082763694637 1
1 1082763694638 4
1 1082763694639 1
1 1082763694641 1
1 1082763694642 4
1 1082763694643 1
1 1082763694645 1
1 1082763694646 4
1 1082763694647 1
1 1082763694649 1
1 1082763694650 4
1 1082763694651 1
1 1082763694653 1
1 1082763694654 4
1 1082763694655 1
1 1082763694657 1
1 1082763694658 4
1 1082763694659 1
1 1082763694700 1
1 1082763694701 4
1 1082763694702 1
1 1082763694704 1
1 1082763694705 4
1 1082763694706 1
1 1082763694708 1
1 1082763694709 4
1 1082763694710 1
1 1082763694712 1
1 1082763694713 4
1 1082763694714 1
1 1082763694716 1
1 1082763694717 4
1 1082763694718 1
1 1082763694720 1
1 1082763694721 4
1 1082763694722 1
1 1082763694764 4
1 1082763694765 1
1 1082763694768 4
1 1082763694769 1
1 1082763694772 4
1 1082763694773 1
1 1082763694776 4
1 1082763694777 1
1 1082763694780 4
1 1082763694781 1
1 1082763694784 4
1 1082763694785 1
1 1082763694801 1
1 1082763694802 4
1 1082763694803 1
1 1082763694805 1
1 1082763694806 4
1 1082763694807 1
1 1082763694809 1
1 1082763694810 4
1 1082763694811 1
1 1082763694813 1
1 1082763694814 4
1 1082763694815 1
1 1082763694817 1
1 1082763694818 4
1 1082763694819 1
1 1082763694860 1
1 1082763694861 4
1 1082763694862 1
1 1082763694864 1
1 1082763694865 4
1 1082763694866 1
1 1082763694868 1
1 1082763694869 4
1 1082763694870 1
1 1082763694872 1
1 1082763694873 4
1 1082763694874 1
1 1082763694876 1
1 1082763694877 4
1 1082763694878 1
1 1082763694880 1
1 1082763694881 4
1 1082763694882 1
1 1082763694924 4
1 1082763694925 1
1 1082763694928 4
1 1082763694929 1
1 1082763694932 4
1 1082763694933 1
1 1082763694936 4
1 1082763694937 1
1 1082763694940 4
1 1082763694941 1
1 1082763694944 4
1 1082763694945 1
1 1082763694974 1
1 1082763694975 1
1 1082763694978 1
1 1082763694979 1
1 1082763694982 1
1 1082763694983 1
1 1082763694986 1
1 1082763694987 1
1 1082763694990 1
1 1082763694991 1
1 1082763694994 1
1 1082763694995 1
1 1082763695037 1
1 1082763695038 4
1 1082763695039 1
1 1082763695041 1
1 1082763695042 4
1 1082763695043 1
1 1082763695045 1
1 1082763695046 4
1 1082763695047 1
1 1082763695049 1
1 1082763695050 4
1 1082763695051 1
1 1082763695053 1
1 1082763695054 4
1 1082763695055 1
1 1082763695057 1
1 1082763695058 4
1 1082763695059 1
1 1082763695100 1
1 1082763695101 4
1 1082763695102 1
1 1082763695104 1
1 1082763695105 4
1 1082763695106 1
1 1082763695108 1
1 1082763695109 4
1 1082763695110 1
1 1082763695112 1
1 1082763695113 4
1 1082763695114 1
1 1082763695116 1
1 1082763695117 4
1 1082763695118 1
1 1082763695120 1
1 1082763695121 4
1 1082763695122 1
1 1082763695164 4
1 1082763695165 1
1 1082763695168 4
1 1082763695169 1
1 1082763695172 4
1 1082763695173 1
1 1082763695176 4
1 1082763695177 1
1 1082763695180 4
1 1082763695181 1
1 1082763695184 4
1 1082763695185 1
1 1082763695201 1
1 1082763695202 4
1 1082763695203 1
1 1082763695205 1
1 1082763695206 4
1 1082763695207 1
1 1082763695209 1
1 1082763695210 4
1 1082763695211 1
1 1082763695213 1
1 1082763695214 4
1 1082763695215 1
1 1082763695217 1
1 1082763695218 4
1 1082763695219 1
1 1082763695260 1
1 1082763695261 4
1 1082763695262 1
1 1082763695264 1
1 1082763695265 4
1 1082763695266 1
1 1082763695268 1
1 1082763695269 4
1 1082763695270 1
1 1082763695272 1
1 1082763695273 4
1 1082763695274 1
1 1082763695276 1
1 1082763695277 4
1 1082763695278 1
1 1082763695280 1
1 1082763695281 4
1 1082763695282 1
1 1082763695324 4
1 1082763695325 1
1 1082763695328 4
1 1082763695329 1
1 1082763695332 4
1 1082763695333 1
1 1082763695336 4
1 1082763695337 1
1 1082763695340 4
1 1082763695341 1
1 1082763695344 4
1 1082763695345 1
1 1082763695374 1
1 1082763695375 1
1 1082763695378 1
1 1082763695379 1
1 1082763695382 1
1 1082763695383 1
1 1082763695386 1
1 1082763695387 1
1 1082763695390 1
1 1082763695391 1
1 1082763695394 1
1 1082763695395 1
1 1082763695437 1
1 1082763695438 4
1 1082763695439 1
1 1082763695441 1
1 1082763695442 4
1 1082763695443 1
1 1082763695445 1
1 1082763695446 4
1 1082763695447 1
1 1082763695449 1
1 1082763695450 4
1 1082763695451 1
1 1082763695453 1
1 1082763695454 4
1 1082763695455 1
1 1082763695457 1
1 1082763695458 4
1 1082763695459 1
1 1082763695500 1
1 1082763695501 4
1 1082763695502 1
1 1082763695504 1
1 1082763695505 4
1 1082763695506 1
1 1082763695508 1
1 1082763695509 4
1 1082763695510 1
1 1082763695512 1
1 1082763695513 4
1 1082763695514 1
1 1082763695516 1
1 1082763695517 4
1 1082763695518 1
1 1082763695520 1
1 1082763695521 4
1 1082763695522 1
1 1082763695564 4
1 1082763695565 1
1 1082763695568 4
1 1082763695569 1
1 1082763695572 4
1 1082763695573 1
1 1082763695576 4
1 1082763695577 1
1 1082763695580 4
1 1082763695581 1
1 1082763695584 4
1 1082763695585 1
1 1082763695601 1
1 1082763695602 4
1 1082763695603 1
1 1082763695605 1
1 1082763695606 4
1 1082763695607 1
1 1082763695609 1
1 1082763695610 4
1 1082763695611 1
1 1082763695613 1
1 1082763695614 4
1 1082763695615 1
1 1082763695617 1
1 1082763695618 4
1 1082763695619 1
1 1082763695660 1
1 1082763695661 4
1 1082763695662 1
1 1082763695664 1
1 1082763695665 4
1 1082763695666 1
1 1082763695668 1
1 1082763695669 4
1 1082763695670 1
1 1082763695672 1
1 1082763695673 4
1 1082763695674 1
1 1082763695676 1
1 1082763695677 4
1 1082763695678 1
1 1082763695680 1
1 1082763695681 4
1 1082763695682 1
1 1082763695724 4
1 1082763695725 1
1 1082763695728 4
1 1082763695729 1
1 1082763695732 4
1 1082763695733 1
1 1082763695736 4
1 1082763695737 1
1 1082763695740 4
1 1082763695741 1
1 1082763695744 4
1 1082763695745 1
1 1082763695774 1
1 1082763695775 1
1 1082763695778 1
1 1082763695779 1
1 1082763695782 1
1 1082763695783 1
1 1082763695786 1
1 1082763695787 1
1 1082763695790 1
1 1082763695791 1
1 1082763695794 1
1 1082763695795 1
1 1082763695837 1
1 1082763695838 4
1 1082763695839 1
1 1082763695841 1
1 1082763695842 4
1 1082763695843 1
1 1082763695845 1
1 1082763695846 4
1 1082763695847 1
1 1082763695849 1
1 1082763695850 4
1 1082763695851 1
1 1082763695853 1
1 1082763695854 4
1 1082763695855 1
1 1082763695857 1
1 1082763695858 4
1 1082763695859 1
1 1082763695900 1
1 1082763695901 4
1 1082763695902 1
1 1082763695904 1
1 1082763695905 4
1 1082763695906 1
1 1082763695908 1
1 1082763695909 4
1 1082763695910 1
1 1082763695912 1
1 1082763695913 4
1 1082763695914 1
1 1082763695916 1
1 1082763695917 4
1 1082763695918 1
1 1082763695920 1
1 1082763695921 4
1 1082763695922 1
1 1082763695964 4
1 1082763695965 1
1 1082763695968 4
1 1082763695969 1
1 1082763695972 4
1 1082763695973 1
1 1082763695976 4
1 1082763695977 1
1 1082763695980 4
1 1082763695981 1
1 1082763695984 4
1 1082763695985 1
1 1082763696001 1
1 1082763696002 4
1 1082763696003 1
1 1082763696005 1
1 1082763696006 4
1 1082763696007 1
1 1082763696009 1
1 1082763696010 4
1 1082763696011 1
1 1082763696013 1
1 1082763696014 4
1 1082763696015 1
1 1082763696017 1
1 1082763696018 4
1 1082763696019 1
1 1082763696060 1
1 1082763696061 4
1 1082763696062 1
1 1082763696064 1
1 1082763696065 4
1 1082763696066 1
1 1082763696068 1
1 1082763696069 4
1 1082763696070 1
1 1082763696072 1
1 1082763696073 4
1 1082763696074 1
1 1082763696076 1
1 1082763696077 4
1 1082763696078 1
1 1082763696080 1
1 1082763696081 4
1 1082763696082 1
1 1082763696124 4
1 1082763696125 1
1 1082763696128 4
1 1082763696129 1
1 1082763696132 4
1 1082763696133 1
1 1082763696136 4
1 1082763696137 1
1 1082763696140 4
1 1082763696141 1
1 1082763696144 4
1 1082763696145 1
1 1082763696174 1
1 1082763696175 1
1 1082763696178 1
1 1082763696179 1
1 1082763696182 1
1 1082763696183 1
1 1082763696186 1
1 1082763696187 1
1 1082763696190 1
1 1082763696191 1
1 1082763696194 1
1 1082763696195 1
1 1082763696237 1
1 1082763696238 4
1 1082763696239 1
1 1082763696241 1
1 1082763696242 4
1 1082763696243 1
1 1082763696245 1
1 1082763696246 4
1 1082763696247 1
1 1082763696249 1
1 1082763696250 4
1 1082763696251 1
1 1082763696253 1
1 1082763696254 4
1 1082763696255 1
1 1082763696257 1
1 1082763696258 4
1 1082763696259 1
1 1082763696300 1
1 1082763696301 4
1 1082763696302 1
1 1082763696304 1
1 1082763696305 4
1 1082763696306 1
1 1082763696308 1
1 1082763696309 4
1 1082763696310 1
1 1082763696312 1
1 1082763696313 4
1 1082763696314 1
1 1082763696316 1
1 1082763696317 4
1 1082763696318 1
1 1082763696320 1
1 1082763696321 4
1 1082763696322 1
1 1082763696364 4
1 1082763696365 1
1 1082763696368 4
1 1082763696369 1
1 1082763696372 4
1 1082763696373 1
1 1082763696376 4
1 1082763696377 1
1 1082763696380 4
1 1082763696381 1
1 1082763696384 4
1 1082763696385 1
1 1082763696401 1
1 1082763696402 4
1 1082763696403 1
1 1082763696405 1
1 1082763696406 4
1 1082763696407 1
1 1082763696409 1
1 1082763696410 4
1 1082763696411 1
1 1082763696413 1
1 1082763696414 4
1 1082763696415 1
1 1082763696417 1
1 1082763696418 4
1 1082763696419 1
1 1082763696460 1
1 1082763696461 4
1 1082763696462 1
1 1082763696464 1
1 1082763696465 4
1 1082763696466 1
1 1082763696468 1
1 1082763696469 4
1 1082763696470 1
1 1082763696472 1
1 1082763696473 4
1 1082763696474 1
1 1082763696476 1
1 1082763696477 4
1 1082763696478 1
1 1082763696480 1
1 1082763696481 4
1 1082763696482 1
1 1082763696524 4
1 1082763696525 1
1 1082763696528 4
1 1082763696529 1
1 1082763696532 4
1 1082763696533 1
1 1082763696536 4
1 1082763696537 1
1 1082763696540 4
1 1082763696541 1
1 1082763696544 4
1 1082763696545 1
1 1082763696574 1
1 1082763696575 1
1 1082763696578 1
1 1082763696579 1
1 1082763696582 1
1 1082763696583 1
1 1082763696586 1
1 1082763696587 1
1 1082763696590 1
1 1082763696591 1
1 1082763696594 1
1 1082763696595 1
1 1082763696637 1
1 1082763696638 4
1 1082763696639 1
1 1082763696641 1
1 1082763696642 4
1 1082763696643 1
1 1082763696645 1
1 1082763696646 4
1 1082763696647 1
1 1082763696649 1
1 1082763696650 4
1 1082763696651 1
1 1082763696653 1
1 1082763696654 4
1 1082763696655 1
1 1082763696657 1
1 1082763696658 4
1 1082763696659 1
1 1082763696700 1
1 1082763696701 4
1 1082763696702 1
1 1082763696704 1
1 1082763696705 4
1 1082763696706 1
1 1082763696708 1
1 1082763696709 4
1 1082763696710 1
1 1082763696712 1
1 1082763696713 4
1 1082763696714 1
1 1082763696716 1
1 1082763696717 4
1 1082763696718 1
1 1082763696720 1
1 1082763696721 4
1 1082763696722 1
1 1082763696764 4
1 1082763696765 1
1 1082763696768 4
1 1082763696769 1
1 1082763696772 4
1 1082763696773 1
1 1082763696776 4
1 1082763696777 1
1 1082763696780 4
1 1082763696781 1
1 1082763696784 4
1 1082763696785 1
1 1082763696801 1
1 1082763696802 4
1 1082763696803 1
1 1082763696805 1
1 1082763696806 4
1 1082763696807 1
1 1082763696809 1
1 1082763696810 4
1 1082763696811 1
1 1082763696813 1
1 1082763696814 4
1 1082763696815 1
1 1082763696817 1
1 1082763696818 4
1 1082763696819 1
1 1082763696860 1
1 1082763696861 4
1 1082763696862 1
1 1082763696864 1
1 1082763696865 4
1 1082763696866 1
1 1082763696868 1
1 1082763696869 4
1 1082763696870 1
1 1082763696872 1
1 1082763696873 4
1 1082763696874 1
1 1082763696876 1
1 1082763696877 4
1 1082763696878 1
1 1082763696880 1
1 1082763696881 4
1 1082763696882 1
1 1082763696924 4
1 1082763696925 1
1 1082763696928 4
1 1082763696929 1
1 1082763696932 4
1 1082763696933 1
1 1082763696936 4
1 1082763696937 1
1 1082763696940 4
1 1082763696941 1
1 1082763696944 4
1 1082763696945 1
1 1082763696974 1
1 1082763696975 1
1 1082763696978 1
1 1082763696979 1
1 1082763696982 1
1 1082763696983 1
1 1082763696986 1
1 1082763696987 1
1 1082763696990 1
1 1082763696991 1
1 1082763696994 1
1 1082763696995 1
1 1082763697037 1
1 1082763697038 4
1 1082763697039 1
1 1082763697041 1
1 1082763697042 4
1 1082763697043 1
1 1082763697045 1
1 1082763697046 4
1 1082763697047 1
1 1082763697049 1
1 1082763697050 4
1 1082763697051 1
1 1082763697053 1
1 1082763697054 4
1 1082763697055 1
1 1082763697057 1
1 1082763697058 4
1 1082763697059 1
1 1082763697100 1
1 1082763697101 4
1 1082763697102 1
1 1082763697104 1
1 1082763697105 4
1 1082763697106 1
1 1082763697108 1
1 1082763697109 4
1 1082763697110 1
1 1082763697112 1
1 1082763697113 4
1 1082763697114 1
1 1082763697116 1
1 1082763697117 4
1 1082763697118 1
1 1082763697120 1
1 1082763697121 4
1 1082763697122 1
1 1082763697164 4
1 1082763697165 1
1 1082763697168 4
1 1082763697169 1
1 1082763697172 4
1 1082763697173 1
1 1082763697176 4
1 1082763697177 1
1 1082763697180 4
1 1082763697181 1
1 1082763697184 4
1 1082763697185 1
1 1082763697201 1
1 1082763697202 4
1 1082763697203 1
1 1082763697205 1
1 1082763697206 4
1 1082763697207 1
1 1082763697209 1
1 1082763697210 4
1 1082763697211 1
1 1082763697213 1
1 1082763697214 4
1 1082763697215 1
1 1082763697217 1
1 1082763697218 4
1 1082763697219 1
1 1082763697260 1
1 1082763697261 4
1 1082763697262 1
1 1082763697264 1
1 1082763697265 4
1 1082763697266 1
1 1082763697268 1
1 1082763697269 4
1 1082763697270 1
1 1082763697272 1
1 1082763697273 4
1 1082763697274 1
1 1082763697276 1
1 1082763697277 4
1 1082763697278 1
1 1082763697280 1
1 1082763697281 4
1 1082763697282 1
1 1082763697324 4
1 1082763697325 1
1 1082763697328 4
1 1082763697329 1
1 1082763697332 4
1 1082763697333 1
1 1082763697336 4
1 1082763697337 1
1 1082763697340 4
1 1082763697341 1
1 1082763697344 4
1 1082763697345 1
1 1082763697374 1
1 1082763697375 1
1 1082763697378 1
1 1082763697379 1
1 1082763697382 1
1 1082763697383 1
1 1082763697386 1
1 1082763697387 1
1 1082763697390 1
1 1082763697391 1
1 1082763697394 1
1 1082763697395 1
1 1082763697437 1
1 1082763697438 4
1 1082763697439 1
1 1082763697441 1
1 1082763697442 4
1 1082763697443 1
1 1082763697445 1
1 1082763697446 4
1 1082763697447 1
1 1082763697449 1
1 1082763697450 4
1 1082763697451 1
1 1082763697453 1
1 1082763697454 4
1 1082763697455 1
1 1082763697457 1
1 1082763697458 4
1 1082763697459 1
1 1082763697500 1
1 1082763697501 4
1 1082763697502 1
1 1082763697504 1
1 1082763697505 4
1 1082763697506 1
1 1082763697508 1
1 1082763697509 4
1 1082763697510 1
1 1082763697512 1
1 1082763697513 4
1 1082763697514 1
1 1082763697516 1
1 1082763697517 4
1 1082763697518 1
1 1082763697520 1
1 1082763697521 4
1 1082763697522 1
1 1082763697564 4
1 1082763697565 1
1 1082763697568 4
1 1082763697569 1
1 1082763697572 4
1 1082763697573 1
1 1082763697576 4
1 1082763697577 1
1 1082763697580 4
1 1082763697581 1
1 1082763697584 4
1 1082763697585 1
1 1082763697601 1
1 1082763697602 4
1 1082763697603 1
1 1082763697605 1
1 1082763697606 4
1 1082763697607 1
1 1082763697609 1
1 1082763697610 4
1 1082763697611 1
1 1082763697613 1
1 1082763697614 4
1 1082763697615 1
1 1082763697617 1
1 1082763697618 4
1 1082763697619 1
1 1082763697660 1
1 1082763697661 4
1 1082763697662 1
1 1082763697664 1
1 1082763697665 4
1 1082763697666 1
1 1082763697668 1
1 1082763697669 4
1 1082763697670 1
1 1082763697672 1
1 1082763697673 4
1 1082763697674 1
1 1082763697676 1
1 1082763697677 4
1 1082763697678 1
1 1082763697680 1
1 1082763697681 4
1 1082763697682 1
1 1082763697724 4
1 1082763697725 1
1 1082763697728 4
1 1082763697729 1
1 1082763697732 4
1 1082763697733 1
1 1082763697736 4
1 1082763697737 1
1 1082763697740 4
1 1082763697741 1
1 1082763697744 4
1 1082763697745 1
1 1082763697774 1
1 1082763697775 1
1 1082763697778 1
1 1082763697779 1
1 1082763697782 1
1 1082763697783 1
1 1082763697786 1
1 1082763697787 1
1 1082763697790 1
1 1082763697791 1
1 1082763697794 1
1 1082763697795 1
1 1082763697837 1
1 1082763697838 4
1 1082763697839 1
1 1082763697841 1
1 1082763697842 4
1 1082763697843 1
1 1082763697845 1
1 1082763697846 4
1 1082763697847 1
1 1082763697849 1
1 1082763697850 4
1 1082763697851 1
1 1082763697853 1
1 1082763697854 4
1 1082763697855 1
1 1082763697857 1
1 1082763697858 4
1 1082763697859 1
1 1082763697900 1
1 1082763697901 4
1 1082763697902 1
1 1082763697904 1
1 1082763697905 4
1 1082763697906 1
1 1082763697908 1
1 1082763697909 4
1 1082763697910 1
1 1082763697912 1
1 1082763697913 4
1 1082763697914 1
1 1082763697916 1
1 1082763697917 4
1 1082763697918 1
1 1082763697920 1
1 1082763697921 4
1 1082763697922 1
1 1082763697964 4
1 1082763697965 1
1 1082763697968 4
1 1082763697969 1
1 1082763697972 4
1 1082763697973 1
1 1082763697976 4
1 1082763697977 1
1 1082763697980 4
1 1082763697981 1
1 1082763697984 4
1 1082763697985 1
1 1082763698001 1
1 1082763698002 4
1 1082763698003 1
1 1082763698005 1
1 1082763698006 4
1 1082763698007 1
1 1082763698009 1
1 1082763698010 4
1 1082763698011 1
1 1082763698013 1
1 1082763698014 4
1 1082763698015 1
1 1082763698017 1
1 1082763698018 4
1 1082763698019 1
1 1082763698060 1
1 1082763698061 4
1 1082763698062 1
1 1082763698064 1
1 1082763698065 4
1 1082763698066 1
1 1082763698068 1
1 1082763698069 4
1 1082763698070 1
1 1082763698072 1
1 1082763698073 4
1 1082763698074 1
1 1082763698076 1
1 1082763698077 4
1 1082763698078 1
1 1082763698080 1
1 1082763698081 4
1 1082763698082 1
1 1082763698124 4
1 1082763698125 1
1 1082763698128 4
1 1082763698129 1
1 1082763698132 4
1 1082763698133 1
1 1082763698136 4
1 1082763698137 1
1 1082763698140 4
1 1082763698141 1
1 1082763698144 4
1 1082763698145 1
1 1082763698174 1
1 1082763698175 1
1 1082763698178 1
1 1082763698179 1
1 1082763698182 1
1 1082763698183 1
1 1082763698186 1
1 1082763698187 1
1 1082763698190 1
1 1082763698191 1
1 1082763698194 1
1 1082763698195 1
1 1082763698237 1
1 1082763698238 4
1 1082763698239 1
1 1082763698241 1
1 1082763698242 4
1 1082763698243 1
1 1082763698245 1
1 1082763698246 4
1 1082763698247 1
1 1082763698249 1
1 1082763698250 4
1 1082763698251 1
1 1082763698253 1
1 1082763698254 4
1 1082763698255 1
1 1082763698257 1
1 1082763698258 4
1 1082763698259 1
1 1082763698300 1
1 1082763698301 4
1 1082763698302 1
1 1082763698304 1
1 1082763698305 4
1 1082763698306 1
1 1082763698308 1
1 1082763698309 4
1 1082763698310 1
1 1082763698312 1
1 1082763698313 4
1 1082763698314 1
1 1082763698316 1
1 1082763698317 4
1 1082763698318 1
1 1082763698320 1
1 1082763698321 4
1 1082763698322 1
1 1082763698364 4
1 1082763698365 1
1 1082763698368 4
1 1082763698369 1
1 1082763698372 4
1 1082763698373 1
1 1082763698376 4
1 1082763698377 1
1 1082763698380 4
1 1082763698381 1
1 1082763698384 4
1 1082763698385 1
1 1082763698401 1
1 1082763698402 4
1 1082763698403 1
1 1082763698405 1
1 1082763698406 4
1 1082763698407 1
1 1082763698409 1
1 1082763698410 4
1 1082763698411 1
1 1082763698413 1
1 1082763698414 4
1 1082763698415 1
1 1082763698417 1
1 1082763698418 4
1 1082763698419 1
1 1082763698460 1
1 1082763698461 4
1 1082763698462 1
1 1082763698464 1
1 1082763698465 4
1 1082763698466 1
1 1082763698468 1
1 1082763698469 4
1 1082763698470 1
1 1082763698472 1
1 1082763698473 4
1 1082763698474 1
1 1082763698476 1
1 1082763698477 4
1 1082763698478 1
1 1082763698480 1
1 1082763698481 4
1 1082763698482 1
1 1082763698524 4
1 1082763698525 1
1 1082763698528 4
1 1082763698529 1
1 1082763698532 4
1 1082763698533 1
1 1082763698536 4
1 1082763698537 1
1 1082763698540 4
1 1082763698541 1
1 1082763698544 4
1 1082763698545 1
1 1082763698574 1
1 1082763698575 1
1 1082763698578 1
1 1082763698579 1
1 1082763698582 1
1 1082763698583 1
1 1082763698586 1
1 1082763698587 1
1 1082763698590 1
1 1082763698591 1
1 1082763698594 1
1 1082763698595 1
1 1082763698637 1
1 1082763698638 4
1 1082763698639 1
1 1082763698641 1
1 1082763698642 4
1 1082763698643 1
1 1082763698645 1
1 1082763698646 4
1 1082763698647 1
1 1082763698649 1
1 1082763698650 4
1 1082763698651 1
1 1082763698653 1
1 1082763698654 4
1 1082763698655 1
1 1082763698657 1
1 1082763698658 4
1 1082763698659 1
1 1082763698700 1
1 1082763698701 4
1 1082763698702 1
1 1082763698704 1
1 1082763698705 4
1 1082763698706 1
1 1082763698708 1
1 1082763698709 4
1 1082763698710 1
1 1082763698712 1
1 1082763698713 4
1 1082763698714 1
1 1082763698716 1
1 1082763698717 4
1 1082763698718 1
1 1082763698720 1
1 1082763698721 4
1 1082763698722 1
1 1082763698764 4
1 1082763698765 1
1 1082763698768 4
1 1082763698769 1
1 1082763698772 4
1 1082763698773 1
1 1082763698776 4
1 1082763698777 1
1 1082763698780 4
1 1082763698781 1
1 1082763698784 4
1 1082763698785 1
1 1082763698801 1
1 1082763698802 4
1 1082763698803 1
1 1082763698805 1
1 1082763698806 4
1 1082763698807 1
1 1082763698809 1
1 1082763698810 4
1 1082763698811 1
1 1082763698813 1
1 1082763698814 4
1 1082763698815 1
1 1082763698817 1
1 1082763698818 4
1 1082763698819 1
1 1082763698860 1
1 1082763698861 4
1 1082763698862 1
1 1082763698864 1
1 1082763698865 4
1 1082763698866 1
1 1082763698868 1
1 1082763698869 4
1 1082763698870 1
1 1082763698872 1
1 1082763698873 4
1 1082763698874 1
1 1082763698876 1
1 1082763698877 4
1 1082763698878 1
1 1082763698880 1
1 1082763698881 4
1 1082763698882 1
1 1082763698924 4
1 1082763698925 1
1 1082763698928 4
1 1082763698929 1
1 1082763698932 4
1 1082763698933 1
1 1082763698936 4
1 1082763698937 1
1 1082763698940 4
1 1082763698941 1
1 1082763698944 4
1 1082763698945 1
1 1082763698974 1
1 1082763698975 1
1 1082763698978 1
1 1082763698979 1
1 1082763698982 1
1 1082763698983 1
1 1082763698986 1
1 1082763698987 1
1 1082763698990 1
1 1082763698991 1
1 1082763698994 1
1 1082763698995 1
1 1082763699037 1
1 1082763699038 4
1 1082763699039 1
1 1082763699041 1
1 1082763699042 4
1 1082763699043 1
1 1082763699045 1
1 1082763699046 4
1 1082763699047 1
1 1082763699049 1
1 1082763699050 4
1 1082763699051 1
1 1082763699053 1
1 1082763699054 4
1 1082763699055 1
1 1082763699057 1
1 1082763699058 4
1 1082763699059 1
1 1082763699100 1
1 1082763699101 4
1 1082763699102 1
1 1082763699104 1
1 1082763699105 4
1 1082763699106 1
1 1082763699108 1
1 1082763699109 4
1 1082763699110 1
1 1082763699112 1
1 1082763699113 4
1 1082763699114 1
1 1082763699116 1
1 1082763699117 4
1 1082763699118 1
1 1082763699120 1
1 1082763699121 4
1 1082763699122 1
1 1082763699164 4
1 1082763699165 1
1 1082763699168 4
1 1082763699169 1
1 1082763699172 4
1 1082763699173 1
1 1082763699176 4
1 1082763699177 1
1 1082763699180 4
1 1082763699181 1
1 1082763699184 4
1 1082763699185 1
1 1082763699201 1
1 1082763699202 4
1 1082763699203 1
1 1082763699205 1
1 1082763699206 4
1 1082763699207 1
1 1082763699209 1
1 1082763699210 4
1 1082763699211 1
1 1082763699213 1
1 1082763699214 4
1 1082763699215 1
1 1082763699217 1
1 1082763699218 4
1 1082763699219 1
1 1082763699260 1
1 1082763699261 4
1 1082763699262 1
1 1082763699264 1
1 1082763699265 4
1 1082763699266 1
1 1082763699268 1
1 1082763699269 4
1 1082763699270 1
1 1082763699272 1
1 1082763699273 4
1 1082763699274 1
1 1082763699276 1
1 1082763699277 4
1 1082763699278 1
1 1082763699280 1
1 1082763699281 4
1 1082763699282 1
1 1082763699324 4
1 1082763699325 1
1 1082763699328 4
1 1082763699329 1
1 1082763699332 4
1 1082763699333 1
1 1082763699336 4
1 1082763699337 1
1 1082763699340 4
1 1082763699341 1
1 1082763699344 4
1 1082763699345 1
1 1082763699374 1
1 1082763699375 1
1 1082763699378 1
1 1082763699379 1
1 1082763699382 1
1 1082763699383 1
1 1082763699386 1
1 1082763699387 1
1 1082763699390 1
1 1082763699391 1
1 1082763699394 1
1 1082763699395 1
1 1082763699437 1
1 1082763699438 4
1 1082763699439 1
1 1082763699441 1
1 1082763699442 4
1 1082763699443 1
1 1082763699445 1
1 1082763699446 4
1 1082763699447 1
1 1082763699449 1
1 1082763699450 4
1 1082763699451 1
1 1082763699453 1
1 1082763699454 4
1 1082763699455 1
1 1082763699457 1
1 1082763699458 4
1 1082763699459 1
1 1082763699500 1
1 1082763699501 4
1 1082763699502 1
1 1082763699504 1
1 1082763699505 4
1 1082763699506 1
1 1082763699508 1
1 1082763699509 4
1 1082763699510 1
1 1082763699512 1
1 1082763699513 4
1 1082763699514 1
1 1082763699516 1
1 1082763699517 4
1 1082763699518 1
1 1082763699520 1
1 1082763699521 4
1 1082763699522 1
1 1082763699564 4
1 1082763699565 1
1 1082763699568 4
1 1082763699569 1
1 1082763699572 4
1 1082763699573 1
1 1082763699576 4
1 1082763699577 1
1 1082763699580 4
1 1082763699581 1
1 1082763699584 4
1 1082763699585 1
1 1082763699601 1
1 1082763699602 4
1 1082763699603 1
1 1082763699605 1
1 1082763699606 4
1 1082763699607 1
1 1082763699609 1
1 1082763699610 4
1 1082763699611 1
1 1082763699613 1
1 1082763699614 4
1 1082763699615 1
1 1082763699617 1
1 1082763699618 4
1 1082763699619 1
1 1082763699660 1
1 1082763699661 4
1 1082763699662 1
1 1082763699664 1
1 1082763699665 4
1 1082763699666 1
1 1082763699668 1
1 1082763699669 4
1 1082763699670 1
1 1082763699672 1
1 1082763699673 4
1 1082763699674 1
1 1082763699676 1
1 1082763699677 4
1 1082763699678 1
1 1082763699680 1
1 1082763699681 4
1 1082763699682 1
1 1082763699724 4
1 1082763699725 1
1 1082763699728 4
1 1082763699729 1
1 1082763699732 4
1 1082763699733 1
1 1082763699736 4
1 1082763699737 1
1 1082763699740 4
1 1082763699741 1
1 1082763699744 4
1 1082763699745 1
1 1082763699774 1
1 1082763699775 1
1 1082763699778 1
1 1082763699779 1
1 1082763699782 1
1 1082763699783 1
1 1082763699786 1
1 1082763699787 1
1 1082763699790 1
1 1082763699791 1
1 1082763699794 1
1 1082763699795 1
1 1082763699837 1
1 1082763699838 4
1 1082763699839 1
1 1082763699841 1
1 1082763699842 4
1 1082763699843 1
1 1082763699845 1
1 1082763699846 4
1 1082763699847 1
1 1082763699849 1
1 1082763699850 4
1 1082763699851 1
1 1082763699853 1
1 1082763699854 4
1 1082763699855 1
1 1082763699857 1
1 1082763699858 4
1 1082763699859 1
1 1082763699900 1
1 1082763699901 4
1 1082763699902 1
1 1082763699904 1
1 1082763699905 4
1 1082763699906 1
1 1082763699908 1
1 1082763699909 4
1 1082763699910 1
1 1082763699912 1
1 1082763699913 4
1 1082763699914 1
1 1082763699916 1
1 1082763699917 4
1 1082763699918 1
1 1082763699920 1
1 1082763699921 4
1 1082763699922 1
1 1082763699964 4
1 1082763699965 1
1 1082763699968 4
1 1082763699969 1
1 1082763699972 4
1 1082763699973 1
1 1082763699976 4
1 1082763699977 1
1 1082763699980 4
1 1082763699981 1
1 1082763699984 4
1 1082763699985 1
1 1082763700001 1
1 1082763700002 4
1 1082763700003 1
1 1082763700005 1
1 1082763700006 4
1 1082763700007 1
1 1082763700009 1
1 1082763700010 4
1 1082763700011 1
1 1082763700013 1
1 1082763700014 4
1 1082763700015 1
1 1082763700017 1
1 1082763700018 4
1 1082763700019 1
1 1082763700060 1
1 1082763700061 4
1 1082763700062 1
1 1082763700064 1
1 1082763700065 4
1 1082763700066 1
1 1082763700068 1
1 1082763700069 4
1 1082763700070 1
1 1082763700072 1
1 1082763700073 4
1 1082763700074 1
1 1082763700076 1
1 1082763700077 4
1 1082763700078 1
1 1082763700080 1
1 1082763700081 4
1 1082763700082 1
1 1082763700124 4
1 1082763700125 1
1 1082763700128 4
1 1082763700129 1
1 1082763700132 4
1 1082763700133 1
1 1082763700136 4
1 1082763700137 1
1 1082763700140 4
1 1082763700141 1
1 1082763700144 4
1 1082763700145 1
1 1082763700174 1
1 1082763700175 1
1 1082763700178 1
1 1082763700179 1
1 1082763700182 1
1 1082763700183 1
1 1082763700186 1
1 1082763700187 1
1 1082763700190 1
1 1082763700191 1
1 1082763700194 1
1 1082763700195 1
1 1082763700237 1
1 1082763700238 4
1 1082763700239 1
1 1082763700241 1
1 1082763700242 4
1 1082763700243 1
1 1082763700245 1
1 1082763700246 4
1 1082763700247 1
1 1082763700249 1
1 1082763700250 4
1 1082763700251 1
1 1082763700253 1
1 1082763700254 4
1 1082763700255 1
1 1082763700257 1
1 1082763700258 4
1 1082763700259 1
1 1082763700300 1
1 1082763700301 4
1 1082763700302 1
1 1082763700304 1
1 1082763700305 4
1 1082763700306 1
1 1082763700308 1
1 1082763700309 4
1 1082763700310 1
1 1082763700312 1
1 1082763700313 4
1 1082763700314 1
1 1082763700316 1
1 1082763700317 4
1 1082763700318 1
1 1082763700320 1
1 1082763700321 4
1 1082763700322 1
1 1082763700364 4
1 1082763700365 1
1 1082763700368 4
1 1082763700369 1
1 1082763700372 4
1 1082763700373 1
1 1082763700376 4
1 1082763700377 1
1 1082763700380 4
1 1082763700381 1
1 1082763700384 4
1 1082763700385 1
1 1082763700401 1
1 1082763700402 4
1 1082763700403 1
1 1082763700405 1
1 1082763700406 4
1 1082763700407 1
1 1082763700409 1
1 1082763700410 4
1 1082763700411 1
1 1082763700413 1
1 1082763700414 4
1 1082763700415 1
1 1082763700417 1
1 1082763700418 4
1 1082763700419 1
1 1082763700460 1
1 1082763700461 4
1 1082763700462 1
1 1082763700464 1
1 1082763700465 4
1 1082763700466 1
1 1082763700468 1
1 1082763700469 4
1 1082763700470 1
1 1082763700472 1
1 1082763700473 4
1 1082763700474 1
1 1082763700476 1
1 1082763700477 4
1 1082763700478 1
1 1082763700480 1
1 1082763700481 4
1 1082763700482 1
1 1082763700524 4
1 1082763700525 1
1 1082763700528 4
1 1082763700529 1
1 1082763700532 4
1 1082763700533 1
1 1082763700536 4
1 1082763700537 1
1 1082763700540 4
1 1082763700541 1
1 1082763700544 4
1 1082763700545 1
1 1082763700574 1
1 1082763700575 1
1 1082763700578 1
1 1082763700579 1
1 1082763700582 1
1 1082763700583 1
1 1082763700586 1
1 1082763700587 1
1 1082763700590 1
1 1082763700591 1
1 1082763700594 1
1 1082763700595 1
1 1082763700637 1
1 1082763700638 4
1 1082763700639 1
1 1082763700641 1
1 1082763700642 4
1 1082763700643 1
1 1082763700645 1
1 1082763700646 4
1 1082763700647 1
1 1082763700649 1
1 1082763700650 4
1 1082763700651 1
1 1082763700653 1
1 1082763700654 4
1 1082763700655 1
1 1082763700657 1
1 1082763700658 4
1 1082763700659 1
1 1082763700700 1
1 1082763700701 4
1 1082763700702 1
1 1082763700704 1
1 1082763700705 4
1 1082763700706 1
1 1082763700708 1
1 1082763700709 4
1 1082763700710 1
1 1082763700712 1
1 1082763700713 4
1 1082763700714 1
1 1082763700716 1
1 1082763700717 4
1 1082763700718 1
1 1082763700720 1
1 1082763700721 4
1 1082763700722 1
1 1082763700764 4
1 1082763700765 1
1 1082763700768 4
1 1082763700769 1
1 1082763700772 4
1 1082763700773 1
1 1082763700776 4
1 1082763700777 1
1 1082763700780 4
1 1082763700781 1
1 1082763700784 4
1 1082763700785 1
1 1082763700801 1
1 1082763700802 4
1 1082763700803 1
1 1082763700805 1
1 1082763700806 4
1 1082763700807 1
1 1082763700809 1
1 1082763700810 4
1 1082763700811 1
1 1082763700813 1
1 1082763700814 4
1 1082763700815 1
1 1082763700817 1
1 1082763700818 4
1 1082763700819 1
1 1082763700860 1
1 1082763700861 4
1 1082763700862 1
1 1082763700864 1
1 1082763700865 4
1 1082763700866 1
1 1082763700868 1
1 1082763700869 4
1 1082763700870 1
1 1082763700872 1
1 1082763700873 4
1 1082763700874 1
1 1082763700876 1
1 1082763700877 4
1 1082763700878 1
1 1082763700880 1
1 1082763700881 4
1 1082763700882 1
1 1082763700924 4
1 1082763700925 1
1 1082763700928 4
1 1082763700929 1
1 1082763700932 4
1 1082763700933 1
1 1082763700936 4
1 1082763700937 1
1 1082763700940 4
1 1082763700941 1
1 1082763700944 4
1 1082763700945 1
1 1082763700974 1
1 1082763700975 1
1 1082763700978 1
1 1082763700979 1
1 1082763700982 1
1 1082763700983 1
1 1082763700986 1
1 1082763700987 1
1 1082763700990 1
1 1082763700991 1
1 1082763700994 1
1 1082763700995 1
1 1082763701037 1
1 1082763701038 4
1 1082763701039 1
1 1082763701041 1
1 1082763701042 4
1 1082763701043 1
1 1082763701045 1
1 1082763701046 4
1 1082763701047 1
1 1082763701049 1
1 1082763701050 4
1 1082763701051 1
1 1082763701053 1
1 1082763701054 4
1 1082763701055 1
1 1082763701057 1
1 1082763701058 4
1 1082763701059 1
1 1082763701100 1
1 1082763701101 4
1 1082763701102 1
1 1082763701104 1
1 1082763701105 4
1 1082763701106 1
1 1082763701108 1
1 1082763701109 4
1 1082763701110 1
1 1082763701112 1
1 1082763701113 4
1 1082763701114 1
1 1082763701116 1
1 1082763701117 4
1 1082763701118 1
1 1082763701120 1
1 1082763701121 4
1 1082763701122 1
1 1082763701164 4
1 1082763701165 1
1 1082763701168 4
1 1082763701169 1
1 1082763701172 4
1 1082763701173 1
1 1082763701176 4
1 1082763701177 1
1 1082763701180 4
1 1082763701181 1
1 1082763701184 4
1 1082763701185 1
1 1082763701201 1
1 1082763701202 4
1 1082763701203 1
1 1082763701205 1
1 1082763701206 4
1 1082763701207 1
1 1082763701209 1
1 1082763701210 4
1 1082763701211 1
1 1082763701213 1
1 1082763701214 4
1 1082763701215 1
1 1082763701217 1
1 1082763701218 4
1 1082763701219 1
1 1082763701260 1
1 1082763701261 4
1 1082763701262 1
1 1082763701264 1
1 1082763701265 4
1 1082763701266 1
1 1082763701268 1
1 1082763701269 4
1 1082763701270 1
1 1082763701272 1
1 1082763701273 4
1 1082763701274 1
1 1082763701276 1
1 1082763701277 4
1 1082763701278 1
1 1082763701280 1
1 1082763701281 4
1 1082763701282 1
1 1082763701324 4
1 1082763701325 1
1 1082763701328 4
1 1082763701329 1
1 1082763701332 4
1 1082763701333 1
1 1082763701336 4
1 1082763701337 1
1 1082763701340 4
1 1082763701341 1
1 1082763701344 4
1 1082763701345 1
1 1082763701374 1
1 1082763701375 1
1 1082763701378 1
1 1082763701379 1
1 1082763701382 1
1 1082763701383 1
1 1082763701386 1
1 1082763701387 1
1 1082763701390 1
1 1082763701391 1
1 1082763701394 1
1 1082763701395 1
1 1082763701437 1
1 1082763701438 4
1 1082763701439 1
1 1082763701441 1
1 1082763701442 4
1 1082763701443 1
1 1082763701445 1
1 1082763701446 4
1 1082763701447 1
1 1082763701449 1
1 1082763701450 4
1 1082763701451 1
1 1082763701453 1
1 1082763701454 4
1 1082763701455 1
1 1082763701457 1
1 1082763701458 4
1 1082763701459 1
1 1082763701500 1
1 1082763701501 4
1 1082763701502 1
1 1082763701504 1
1 1082763701505 4
1 1082763701506 1
1 1082763701508 1
1 1082763701509 4
1 1082763701510 1
1 1082763701512 1
1 1082763701513 4
1 1082763701514 1
1 1082763701516 1
1 1082763701517 4
1 1082763701518 1
1 1082763701520 1
1 1082763701521 4
1 1082763701522 1
1 1082763701564 4
1 1082763701565 1
1 1082763701568 4
1 1082763701569 1
1 1082763701572 4
1 1082763701573 1
1 1082763701576 4
1 1082763701577 1
1 1082763701580 4
1 1082763701581 1
1 1082763701584 4
1 1082763701585 1
1 1082763701601 1
1 1082763701602 4
1 1082763701603 1
1 1082763701605 1
1 1082763701606 4
1 1082763701607 1
1 1082763701609 1
1 1082763701610 4
1 1082763701611 1
1 1082763701613 1
1 1082763701614 4
1 1082763701615 1
1 1082763701617 1
1 1082763701618 4
1 1082763701619 1
1 1082763701660 1
1 1082763701661 4
1 1082763701662 1
1 1082763701664 1
1 1082763701665 4
1 1082763701666 1
1 1082763701668 1
1 1082763701669 4
1 1082763701670 1
1 1082763701672 1
1 1082763701673 4
1 1082763701674 1
1 1082763701676 1
1 1082763701677 4
1 1082763701678 1
1 1082763701680 1
1 1082763701681 4
1 1082763701682 1
1 1082763701724 4
1 1082763701725 1
1 1082763701728 4
1 1082763701729 1
1 1082763701732 4
1 1082763701733 1
1 1082763701736 4
1 1082763701737 1
1 1082763701740 4
1 1082763701741 1
1 1082763701744 4
1 1082763701745 1
1 1082763701774 1
1 1082763701775 1
1 1082763701778 1
1 1082763701779 1
1 1082763701782 1
1 1082763701783 1
1 1082763701786 1
1 1082763701787 1
1 1082763701790 1
1 1082763701791 1
1 1082763701794 1
1 1082763701795 1
1 1082763701837 1
1 1082763701838 4
1 1082763701839 1
1 1082763701841 1
1 1082763701842 4
1 1082763701843 1
1 1082763701845 1
1 1082763701846 4
1 1082763701847 1
1 1082763701849 1
1 1082763701850 4
1 1082763701851 1
1 1082763701853 1
1 1082763701854 4
1 1082763701855 1
1 1082763701857 1
1 1082763701858 4
1 1082763701859 1
1 1082763701900 1
1 1082763701901 4
1 1082763701902 1
1 1082763701904 1
1 1082763701905 4
1 1082763701906 1
1 1082763701908 1
1 1082763701909 4
1 1082763701910 1
1 1082763701912 1
1 1082763701913 4
1 1082763701914 1
1 1082763701916 1
1 1082763701917 4
1 1082763701918 1
1 1082763701920 1
1 1082763701921 4
1 1082763701922 1
1 1082763701964 4
1 1082763701965 1
1 1082763701968 4
1 1082763701969 1
1 1082763701972 4
1 1082763701973 1
1 1082763701976 4
1 1082763701977 1
1 1082763701980 4
1 1082763701981 1
1 1082763701984 4
1 1082763701985 1
1 1082763702001 1
1 1082763702002 4
1 1082763702003 1
1 1082763702005 1
1 1082763702006 4
1 1082763702007 1
1 1082763702009 1
1 1082763702010 4
1 1082763702011 1
1 1082763702013 1
1 1082763702014 4
1 1082763702015 1
1 1082763702017 1
1 1082763702018 4
1 1082763702019 1
1 1082763702060 1
1 1082763702061 4
1 1082763702062 1
1 1082763702064 1
1 1082763702065 4
1 1082763702066 1
1 1082763702068 1
1 1082763702069 4
1 1082763702070 1
1 1082763702072 1
1 1082763702073 4
1 1082763702074 1
1 1082763702076 1
1 1082763702077 4
1 1082763702078 1
1 1082763702080 1
1 1082763702081 4
1 1082763702082 1
1 1082763702124 4
1 1082763702125 1
1 1082763702128 4
1 1082763702129 1
1 1082763702132 4
1 1082763702133 1
1 1082763702136 4
1 1082763702137 1
1 1082763702140 4
1 1082763702141 1
1 1082763702144 4
1 1082763702145 1
1 1082763702174 1
1 1082763702175 1
1 1082763702178 1
1 1082763702179 1
1 1082763702182 1
1 1082763702183 1
1 1082763702186 1
1 1082763702187 1
1 1082763702190 1
1 1082763702191 1
1 1082763702194 1
1 1082763702195 1
1 1082763702237 1
1 1082763702238 4
1 1082763702239 1
1 1082763702241 1
1 1082763702242 4
1 1082763702243 1
1 1082763702245 1
1 1082763702246 4
1 1082763702247 1
1 1082763702249 1
1 1082763702250 4
1 1082763702251 1
1 1082763702253 1
1 1082763702254 4
1 1082763702255 1
1 1082763702257 1
1 1082763702258 4
1 1082763702259 1
1 1082763702300 1
1 1082763702301 4
1 1082763702302 1
1 1082763702304 1
1 1082763702305 4
1 1082763702306 1
1 1082763702308 1
1 1082763702309 4
1 1082763702310 1
1 1082763702312 1
1 1082763702313 4
1 1082763702314 1
1 1082763702316 1
1 1082763702317 4
1 1082763702318 1
1 1082763702320 1
1 1082763702321 4
1 1082763702322 1
1 1082763702364 4
1 1082763702365 1
1 1082763702368 4
1 1082763702369 1
1 1082763702372 4
1 1082763702373 1
1 1082763702376 4
1 1082763702377 1
1 1082763702380 4
1 1082763702381 1
1 1082763702384 4
1 1082763702385 1
1 1082763702401 1
1 1082763702402 4
1 1082763702403 1
1 1082763702405 1
1 1082763702406 4
1 1082763702407 1
1 1082763702409 1
1 1082763702410 4
1 1082763702411 1
1 1082763702413 1
1 1082763702414 4
1 1082763702415 1
1 1082763702417 1
1 1082763702418 4
1 1082763702419 1
1 1082763702460 1
1 1082763702461 4
1 1082763702462 1
1 1082763702464 1
1 1082763702465 4
1 1082763702466 1
1 1082763702468 1
1 1082763702469 4
1 1082763702470 1
1 1082763702472 1
1 1082763702473 4
1 1082763702474 1
1 1082763702476 1
1 1082763702477 4
1 1082763702478 1
1 1082763702480 1
1 1082763702481 4
1 1082763702482 1
1 1082763702524 4
1 1082763702525 1
1 1082763702528 4
1 1082763702529 1
1 1082763702532 4
1 1082763702533 1
1 1082763702536 4
1 1082763702537 1
1 1082763702540 4
1 1082763702541 1
1 1082763702544 4
1 1082763702545 1
1 1082763702574 1
1 1082763702575 1
1 1082763702578 1
1 1082763702579 1
1 1082763702582 1
1 1082763702583 1
1 1082763702586 1
1 1082763702587 1
1 1082763702590 1
1 1082763702591 1
1 1082763702594 1
1 1082763702595 1
1 1082763702637 1
1 1082763702638 4
1 1082763702639 1
1 1082763702641 1
1 1082763702642 4
1 1082763702643 1
1 1082763702645 1
1 1082763702646 4
1 1082763702647 1
1 1082763702649 1
1 1082763702650 4
1 1082763702651 1
1 1082763702653 1
1 1082763702654 4
1 1082763702655 1
1 1082763702657 1
1 1082763702658 4
1 1082763702659 1
1 1082763702700 1
1 1082763702701 4
1 1082763702702 1
1 1082763702704 1
1 1082763702705 4
1 1082763702706 1
1 1082763702708 1
1 1082763702709 4
1 1082763702710 1
1 1082763702712 1
1 1082763702713 4
1 1082763702714 1
1 1082763702716 1
1 1082763702717 4
1 1082763702718 1
1 1082763702720 1
1 1082763702721 4
1 1082763702722 1
1 1082763702764 4
1 1082763702765 1
1 1082763702768 4
1 1082763702769 1
1 1082763702772 4
1 1082763702773 1
1 1082763702776 4
1 1082763702777 1
1 1082763702780 4
1 1082763702781 1
1 1082763702784 4
1 1082763702785 1
1 1082763702801 1
1 1082763702802 4
1 1082763702803 1
1 1082763702805 1
1 1082763702806 4
1 1082763702807 1
1 1082763702809 1
1 1082763702810 4
1 1082763702811 1
1 1082763702813 1
1 1082763702814 4
1 1082763702815 1
1 1082763702817 1
1 1082763702818 4
1 1082763702819 1
1 1082763702860 1
1 1082763702861 4
1 1082763702862 1
1 1082763702864 1
1 1082763702865 4
1 1082763702866 1
1 1082763702868 1
1 1082763702869 4
1 1082763702870 1
1 1082763702872 1
1 1082763702873 4
1 1082763702874 1
1 1082763702876 1
1 1082763702877 4
1 1082763702878 1
1 1082763702880 1
1 1082763702881 4
1 1082763702882 1
1 1082763702924 4
1 1082763702925 1
1 1082763702928 4
1 1082763702929 1
1 1082763702932 4
1 1082763702933 1
1 1082763702936 4
1 1082763702937 1
1 1082763702940 4
1 1082763702941 1
1 1082763702944 4
1 1082763702945 1
1 1082763702974 1
1 1082763702975 1
1 1082763702978 1
1 1082763702979 1
1 1082763702982 1
1 1082763702983 1
1 1082763702986 1
1 1082763702987 1
1 1082763702990 1
1 1082763702991 1
1 1082763702994 1
1 1082763702995 1
1 1082763703037 1
1 1082763703038 4
1 1082763703039 1
1 1082763703041 1
1 1082763703042 4
1 1082763703043 1
1 1082763703045 1
1 1082763703046 4
1 1082763703047 1
1 1082763703049 1
1 1082763703050 4
1 1082763703051 1
1 1082763703053 1
1 1082763703054 4
1 1082763703055 1
1 1082763703057 1
1 1082763703058 4
1 1082763703059 1
1 1082763703100 1
1 1082763703101 4
1 1082763703102 1
1 1082763703104 1
1 1082763703105 4
1 1082763703106 1
1 1082763703108 1
1 1082763703109 4
1 1082763703110 1
1 1082763703112 1
1 1082763703113 4
1 1082763703114 1
1 1082763703116 1
1 1082763703117 4
1 1082763703118 1
1 1082763703120 1
1 1082763703121 4
1 1082763703122 1
1 1082763703164 4
1 1082763703165 1
1 1082763703168 4
1 1082763703169 1
1 1082763703172 4
1 1082763703173 1
1 1082763703176 4
1 1082763703177 1
1 1082763703180 4
1 1082763703181 1
1 1082763703184 4
1 1082763703185 1
1 1082763703201 1
1 1082763703202 4
1 1082763703203 1
1 1082763703205 1
1 1082763703206 4
1 1082763703207 1
1 1082763703209 1
1 1082763703210 4
1 1082763703211 1
1 1082763703213 1
1 1082763703214 4
1 1082763703215 1
1 1082763703217 1
1 1082763703218 4
1 1082763703219 1
1 1082763703260 1
1 1082763703261 4
1 1082763703262 1
1 1082763703264 1
1 1082763703265 4
1 1082763703266 1
1 1082763703268 1
1 1082763703269 4
1 1082763703270 1
1 1082763703272 1
1 1082763703273 4
1 1082763703274 1
1 1082763703276 1
1 1082763703277 4
1 1082763703278 1
1 1082763703280 1
1 1082763703281 4
1 1082763703282 1
1 1082763703324 4
1 1082763703325 1
1 1082763703328 4
1 1082763703329 1
1 1082763703332 4
1 1082763703333 1
1 1082763703336 4
1 1082763703337 1
1 1082763703340 4
1 1082763703341 1
1 1082763703344 4
1 1082763703345 1
1 1082763703374 1
1 1082763703375 1
1 1082763703378 1
1 1082763703379 1
1 1082763703382 1
1 1082763703383 1
1 1082763703386 1
1 1082763703387 1
1 1082763703390 1
1 1082763703391 1
1 1082763703394 1
1 1082763703395 1
1 1082763703437 1
1 1082763703438 4
1 1082763703439 1
1 1082763703441 1
1 1082763703442 4
1 1082763703443 1
1 1082763703445 1
1 1082763703446 4
1 1082763703447 1
1 1082763703449 1
1 1082763703450 4
1 1082763703451 1
1 1082763703453 1
1 1082763703454 4
1 1082763703455 1
1 1082763703457 1
1 1082763703458 4
1 1082763703459 1
1 1082763703500 1
1 1082763703501 4
1 1082763703502 1
1 1082763703504 1
1 1082763703505 4
1 1082763703506 1
1 1082763703508 1
1 1082763703509 4
1 1082763703510 1
1 1082763703512 1
1 1082763703513 4
1 1082763703514 1
1 1082763703516 1
1 1082763703517 4
1 1082763703518 1
1 1082763703520 1
1 1082763703521 4
1 1082763703522 1
1 1082763703564 4
1 1082763703565 1
1 1082763703568 4
1 1082763703569 1
1 1082763703572 4
1 1082763703573 1
1 1082763703576 4
1 1082763703577 1
1 1082763703580 4
1 1082763703581 1
1 1082763703584 4
1 1082763703585 1
1 1082763703601 1
1 1082763703602 4
1 1082763703603 1
1 1082763703605 1
1 1082763703606 4
1 1082763703607 1
1 1082763703609 1
1 1082763703610 4
1 1082763703611 1
1 1082763703613 1
1 1082763703614 4
1 1082763703615 1
1 1082763703617 1
1 1082763703618 4
1 1082763703619 1
1 1082763703660 1
1 1082763703661 4
1 1082763703662 1
1 1082763703664 1
1 1082763703665 4
1 1082763703666 1
1 1082763703668 1
1 1082763703669 4
1 1082763703670 1
1 1082763703672 1
1 1082763703673 4
1 1082763703674 1
1 1082763703676 1
1 1082763703677 4
1 1082763703678 1
1 1082763703680 1
1 1082763703681 4
1 1082763703682 1
1 1082763703724 4
1 1082763703725 1
1 1082763703728 4
1 1082763703729 1
1 1082763703732 4
1 1082763703733 1
1 1082763703736 4
1 1082763703737 1
1 1082763703740 4
1 1082763703741 1
1 1082763703744 4
1 1082763703745 1
1 1082763703774 1
1 1082763703775 1
1 1082763703778 1
1 1082763703779 1
1 1082763703782 1
1 1082763703783 1
1 1082763703786 1
1 1082763703787 1
1 1082763703790 1
1 1082763703791 1
1 1082763703794 1
1 1082763703795 1
1 1082763703837 1
1 1082763703838 4
1 1082763703839 1
1 1082763703841 1
1 1082763703842 4
1 1082763703843 1
1 1082763703845 1
1 1082763703846 4
1 1082763703847 1
1 1082763703849 1
1 1082763703850 4
1 1082763703851 1
1 1082763703853 1
1 1082763703854 4
1 1082763703855 1
1 1082763703857 1
1 1082763703858 4
1 1082763703859 1
1 1082763703900 1
1 1082763703901 4
1 1082763703902 1
1 1082763703904 1
1 1082763703905 4
1 1082763703906 1
1 1082763703908 1
1 1082763703909 4
1 1082763703910 1
1 1082763703912 1
1 1082763703913 4
1 1082763703914 1
1 1082763703916 1
1 1082763703917 4
1 1082763703918 1
1 1082763703920 1
1 1082763703921 4
1 1082763703922 1
1 1082763703964 4
1 1082763703965 1
1 1082763703968 4
1 1082763703969 1
1 1082763703972 4
1 1082763703973 1
1 1082763703976 4
1 1082763703977 1
1 1082763703980 4
1 1082763703981 1
1 1082763703984 4
1 1082763703985 1
1 1082763704001 1
1 1082763704002 4
1 1082763704003 1
1 1082763704005 1
1 1082763704006 4
1 1082763704007 1
1 1082763704009 1
1 1082763704010 4
1 1082763704011 1
1 1082763704013 1
1 1082763704014 4
1 1082763704015 1
1 1082763704017 1
1 1082763704018 4
1 1082763704019 1
1 1082763704060 1
1 1082763704061 4
1 1082763704062 1
1 1082763704064 1
1 1082763704065 4
1 1082763704066 1
1 1082763704068 1
1 1082763704069 4
1 1082763704070 1
1 1082763704072 1
1 1082763704073 4
1 1082763704074 1
1 1082763704076 1
1 1082763704077 4
1 1082763704078 1
1 1082763704080 1
1 1082763704081 4
1 1082763704082 1
1 1082763704124 4
1 1082763704125 1
1 1082763704128 4
1 1082763704129 1
1 1082763704132 4
1 1082763704133 1
1 1082763704136 4
1 1082763704137 1
1 1082763704140 4
1 1082763704141 1
1 1082763704144 4
1 1082763704145 1
1 1082763704174 1
1 1082763704175 1
1 1082763704178 1
1 1082763704179 1
1 1082763704182 1
1 1082763704183 1
1 1082763704186 1
1 1082763704187 1
1 1082763704190 1
1 1082763704191 1
1 1082763704194 1
1 1082763704195 1
1 1082763704237 1
1 1082763704238 4
1 1082763704239 1
1 1082763704241 1
1 1082763704242 4
1 1082763704243 1
1 1082763704245 1
1 1082763704246 4
1 1082763704247 1
1 1082763704249 1
1 1082763704250 4
1 1082763704251 1
1 1082763704253 1
1 1082763704254 4
1 1082763704255 1
1 1082763704257 1
1 1082763704258 4
1 1082763704259 1
1 1082763704300 1
1 1082763704301 4
1 1082763704302 1
1 1082763704304 1
1 1082763704305 4
1 1082763704306 1
1 1082763704308 1
1 1082763704309 4
1 1082763704310 1
1 1082763704312 1
1 1082763704313 4
1 1082763704314 1
1 1082763704316 1
1 1082763704317 4
1 1082763704318 1
1 1082763704320 1
1 1082763704321 4
1 1082763704322 1
1 1082763704364 4
1 1082763704365 1
1 1082763704368 4
1 1082763704369 1
1 1082763704372 4
1 1082763704373 1
1 1082763704376 4
1 1082763704377 1
1 1082763704380 4
1 1082763704381 1
1 1082763704384 4
1 1082763704385 1
1 1082763704401 1
1 1082763704402 4
1 1082763704403 1
1 1082763704405 1
1 1082763704406 4
1 1082763704407 1
1 1082763704409 1
1 1082763704410 4
1 1082763704411 1
1 1082763704413 1
1 1082763704414 4
1 1082763704415 1
1 1082763704417 1
1 1082763704418 4
1 1082763704419 1
1 1082763704460 1
1 1082763704461 4
1 1082763704462 1
1 1082763704464 1
1 1082763704465 4
1 1082763704466 1
1 1082763704468 1
1 1082763704469 4
1 1082763704470 1
1 1082763704472 1
1 1082763704473 4
1 1082763704474 1
1 1082763704476 1
1 1082763704477 4
1 1082763704478 1
1 1082763704480 1
1 1082763704481 4
1 1082763704482 1
1 1082763704524 4
1 1082763704525 1
1 1082763704528 4
1 1082763704529 1
1 1082763704532 4
1 1082763704533 1
1 1082763704536 4
1 1082763704537 1
1 1082763704540 4
1 1082763704541 1
1 1082763704544 4
1 1082763704545 1
1 1082763704574 1
1 1082763704575 1
1 1082763704578 1
1 1082763704579 1
1 1082763704582 1
1 1082763704583 1
1 1082763704586 1
1 1082763704587 1
1 1082763704590 1
1 1082763704591 1
1 1082763704594 1
1 1082763704595 1
1 1082763704637 1
1 1082763704638 4
1 1082763704639 1
1 1082763704641 1
1 1082763704642 4
1 1082763704643 1
1 1082763704645 1
1 1082763704646 4
1 1082763704647 1
1 1082763704649 1
1 1082763704650 4
1 1082763704651 1
1 1082763704653 1
1 1082763704654 4
1 1082763704655 1
1 1082763704657 1
1 1082763704658 4
1 1082763704659 1
1 1082763704700 1
1 1082763704701 4
1 1082763704702 1
1 1082763704704 1
1 1082763704705 4
1 1082763704706 1
1 1082763704708 1
1 1082763704709 4
1 1082763704710 1
1 1082763704712 1
1 1082763704713 4
1 1082763704714 1
1 1082763704716 1
1 1082763704717 4
1 1082763704718 1
1 1082763704720 1
1 1082763704721 4
1 1082763704722 1
1 1082763704764 4
1 1082763704765 1
1 1082763704768 4
1 1082763704769 1
1 1082763704772 4
1 1082763704773 1
1 1082763704776 4
1 1082763704777 1
1 1082763704780 4
1 1082763704781 1
1 1082763704784 4
1 1082763704785 1
1 1082763704801 1
1 1082763704802 4
1 1082763704803 1
1 1082763704805 1
1 1082763704806 4
1 1082763704807 1
1 1082763704809 1
1 1082763704810 4
1 1082763704811 1
1 1082763704813 1
1 1082763704814 4
1 1082763704815 1
1 1082763704817 1
1 1082763704818 4
1 1082763704819 1
1 1082763704860 1
1 1082763704861 4
1 1082763704862 1
1 1082763704864 1
1 1082763704865 4
1 1082763704866 1
1 1082763704868 1
1 1082763704869 4
1 1082763704870 1
1 1082763704872 1
1 1082763704873 4
1 1082763704874 1
1 1082763704876 1
1 1082763704877 4
1 1082763704878 1
1 1082763704880 1
1 1082763704881 4
1 1082763704882 1
1 1082763704924 4
1 1082763704925 1
1 1082763704928 4
1 1082763704929 1
1 1082763704932 4
1 1082763704933 1
1 1082763704936 4
1 1082763704937 1
1 1082763704940 4
1 1082763704941 1
1 1082763704944 4
1 1082763704945 1
1 1082763704974 1
1 1082763704975 1
1 1082763704978 1
1 1082763704979 1
1 1082763704982 1
1 1082763704983 1
1 1082763704986 1
1 1082763704987 1
1 1082763704990 1
1 1082763704991 1
1 1082763704994 1
1 1082763704995 1
1 1082763705037 1
1 1082763705038 4
1 1082763705039 1
1 1082763705041 1
1 1082763705042 4
1 1082763705043 1
1 1082763705045 1
1 1082763705046 4
1 1082763705047 1
1 1082763705049 1
1 1082763705050 4
1 1082763705051 1
1 1082763705053 1
1 1082763705054 4
1 1082763705055 1
1 1082763705057 1
1 1082763705058 4
1 1082763705059 1
1 1082763705100 1
1 1082763705101 4
1 1082763705102 1
1 1082763705104 1
1 1082763705105 4
1 1082763705106 1
1 1082763705108 1
1 1082763705109 4
1 1082763705110 1
1 1082763705112 1
1 1082763705113 4
1 1082763705114 1
1 1082763705116 1
1 1082763705117 4
1 1082763705118 1
1 1082763705120 1
1 1082763705121 4
1 1082763705122 1
1 1082763705164 4
1 1082763705165 1
1 1082763705168 4
1 1082763705169 1
1 1082763705172 4
1 1082763705173 1
1 1082763705176 4
1 1082763705177 1
1 1082763705180 4
1 1082763705181 1
1 1082763705184 4
1 1082763705185 1
1 1082763705201 1
1 1082763705202 4
1 1082763705203 1
1 1082763705205 1
1 1082763705206 4
1 1082763705207 1
1 1082763705209 1
1 1082763705210 4
1 1082763705211 1
1 1082763705213 1
1 1082763705214 4
1 1082763705215 1
1 1082763705217 1
1 1082763705218 4
1 1082763705219 1
1 1082763705260 1
1 1082763705261 4
1 1082763705262 1
1 1082763705264 1
1 1082763705265 4
1 1082763705266 1
1 1082763705268 1
1 1082763705269 4
1 1082763705270 1
1 1082763705272 1
1 1082763705273 4
1 1082763705274 1
1 1082763705276 1
1 1082763705277 4
1 1082763705278 1
1 1082763705280 1
1 1082763705281 4
1 1082763705282 1
1 1082763705324 4
1 1082763705325 1
1 1082763705328 4
1 1082763705329 1
1 1082763705332 4
1 1082763705333 1
1 1082763705336 4
1 1082763705337 1
1 1082763705340 4
1 1082763705341 1
1 1082763705344 4
1 1082763705345 1
1 1082763705374 1
1 1082763705375 1
1 1082763705378 1
1 1082763705379 1
1 1082763705382 1
1 1082763705383 1
1 1082763705386 1
1 1082763705387 1
1 1082763705390 1
1 1082763705391 1
1 1082763705394 1
1 1082763705395 1
1 1082763705437 1
1 1082763705438 4
1 1082763705439 1
1 1082763705441 1
1 1082763705442 4
1 1082763705443 1
1 1082763705445 1
1 1082763705446 4
1 1082763705447 1
1 1082763705449 1
1 1082763705450 4
1 1082763705451 1
1 1082763705453 1
1 1082763705454 4
1 1082763705455 1
1 1082763705457 1
1 1082763705458 4
1 1082763705459 1
1 1082763705500 1
1 1082763705501 4
1 1082763705502 1
1 1082763705504 1
1 1082763705505 4
1 1082763705506 1
1 1082763705508 1
1 1082763705509 4
1 1082763705510 1
1 1082763705512 1
1 1082763705513 4
1 1082763705514 1
1 1082763705516 1
1 1082763705517 4
1 1082763705518 1
1 1082763705520 1
1 1082763705521 4
1 1082763705522 1
1 1082763705564 4
1 1082763705565 1
1 1082763705568 4
1 1082763705569 1
1 1082763705572 4
1 1082763705573 1
1 1082763705576 4
1 1082763705577 1
1 1082763705580 4
1 1082763705581 1
1 1082763705584 4
1 1082763705585 1
1 1082763705601 1
1 1082763705602 4
1 1082763705603 1
1 1082763705605 1
1 1082763705606 4
1 1082763705607 1
1 1082763705609 1
1 1082763705610 4
1 1082763705611 1
1 1082763705613 1
1 1082763705614 4
1 1082763705615 1
1 1082763705617 1
1 1082763705618 4
1 1082763705619 1
1 1082763705660 1
1 1082763705661 4
1 1082763705662 1
1 1082763705664 1
1 1082763705665 4
1 1082763705666 1
1 1082763705668 1
1 1082763705669 4
1 1082763705670 1
1 1082763705672 1
1 1082763705673 4
1 1082763705674 1
1 1082763705676 1
1 1082763705677 4
1 1082763705678 1
1 1082763705680 1
1 1082763705681 4
1 1082763705682 1
1 1082763705724 4
1 1082763705725 1
1 1082763705728 4
1 1082763705729 1
1 1082763705732 4
1 1082763705733 1
1 1082763705736 4
1 1082763705737 1
1 1082763705740 4
1 1082763705741 1
1 1082763705744 4
1 1082763705745 1
1 1082763705774 1
1 1082763705775 1
1 1082763705778 1
1 1082763705779 1
1 1082763705782 1
1 1082763705783 1
1 1082763705786 1
1 1082763705787 1
1 1082763705790 1
1 1082763705791 1
1 1082763705794 1
1 1082763705795 1
1 1082763705837 1
1 1082763705838 4
1 1082763705839 1
1 1082763705841 1
1 1082763705842 4
1 1082763705843 1
1 1082763705845 1
1 1082763705846 4
1 1082763705847 1
1 1082763705849 1
1 1082763705850 4
1 1082763705851 1
1 1082763705853 1
1 1082763705854 4
1 1082763705855 1
1 1082763705857 1
1 1082763705858 4
1 1082763705859 1
1 1082763705900 1
1 1082763705901 4
1 1082763705902 1
1 1082763705904 1
1 1082763705905 4
1 1082763705906 1
1 1082763705908 1
1 1082763705909 4
1 1082763705910 1
1 1082763705912 1
1 1082763705913 4
1 1082763705914 1
1 1082763705916 1
1 1082763705917 4
1 1082763705918 1
1 1082763705920 1
1 1082763705921 4
1 1082763705922 1
1 1082763705964 4
1 1082763705965 1
1 1082763705968 4
1 1082763705969 1
1 1082763705972 4
1 1082763705973 1
1 1082763705976 4
1 1082763705977 1
1 1082763705980 4
1 1082763705981 1
1 1082763705984 4
1 1082763705985 1
1 1082763706001 1
1 1082763706002 4
1 1082763706003 1
1 1082763706005 1
1 1082763706006 4
1 1082763706007 1
1 1082763706009 1
1 1082763706010 4
1 1082763706011 1
1 1082763706013 1
1 1082763706014 4
1 1082763706015 1
1 1082763706017 1
1 1082763706018 4
1 1082763706019 1
1 1082763706060 1
1 1082763706061 4
1 1082763706062 1
1 1082763706064 1
1 1082763706065 4
1 1082763706066 1
1 1082763706068 1
1 1082763706069 4
1 1082763706070 1
1 1082763706072 1
1 1082763706073 4
1 1082763706074 1
1 1082763706076 1
1 1082763706077 4
1 1082763706078 1
1 1082763706080 1
1 1082763706081 4
1 1082763706082 1
1 1082763706124 4
1 1082763706125 1
1 1082763706128 4
1 1082763706129 1
1 1082763706132 4
1 1082763706133 1
1 1082763706136 4
1 1082763706137 1
1 1082763706140 4
1 1082763706141 1
1 1082763706144 4
1 1082763706145 1
1 1082763706174 1
1 1082763706175 1
1 1082763706178 1
1 1082763706179 1
1 1082763706182 1
1 1082763706183 1
1 1082763706186 1
1 1082763706187 1
1 1082763706190 1
1 1082763706191 1
1 1082763706194 1
1 1082763706195 1
1 1082763706237 1
1 1082763706238 4
1 1082763706239 1
1 1082763706241 1
1 1082763706242 4
1 1082763706243 1
1 1082763706245 1
1 1082763706246 4
1 1082763706247 1
1 1082763706249 1
1 1082763706250 4
1 1082763706251 1
1 1082763706253 1
1 1082763706254 4
1 1082763706255 1
1 1082763706257 1
1 1082763706258 4
1 1082763706259 1
1 1082763706300 1
1 1082763706301 4
1 1082763706302 1
1 1082763706304 1
1 1082763706305 4
1 1082763706306 1
1 1082763706308 1
1 1082763706309 4
1 1082763706310 1
1 1082763706312 1
1 1082763706313 4
1 1082763706314 1
1 1082763706316 1
1 1082763706317 4
1 1082763706318 1
1 1082763706320 1
1 1082763706321 4
1 1082763706322 1
1 1082763706364 4
1 1082763706365 1
1 1082763706368 4
1 1082763706369 1
1 1082763706372 4
1 1082763706373 1
1 1082763706376 4
1 1082763706377 1
1 1082763706380 4
1 1082763706381 1
1 1082763706384 4
1 1082763706385 1
1 1082763706401 1
1 1082763706402 4
1 1082763706403 1
1 1082763706405 1
1 1082763706406 4
1 1082763706407 1
1 1082763706409 1
1 1082763706410 4
1 1082763706411 1
1 1082763706413 1
1 1082763706414 4
1 1082763706415 1
1 1082763706417 1
1 1082763706418 4
1 1082763706419 1
1 1082763706460 1
1 1082763706461 4
1 1082763706462 1
1 1082763706464 1
1 1082763706465 4
1 1082763706466 1
1 1082763706468 1
1 1082763706469 4
1 1082763706470 1
1 1082763706472 1
1 1082763706473 4
1 1082763706474 1
1 1082763706476 1
1 1082763706477 4
1 1082763706478 1
1 1082763706480 1
1 1082763706481 4
1 1082763706482 1
1 1082763706524 4
1 1082763706525 1
1 1082763706528 4
1 1082763706529 1
1 1082763706532 4
1 1082763706533 1
1 1082763706536 4
1 1082763706537 1
1 1082763706540 4
1 1082763706541 1
1 1082763706544 4
1 1082763706545 1
1 1082763706574 1
1 1082763706575 1
1 1082763706578 1
1 1082763706579 1
1 1082763706582 1
1 1082763706583 1
1 1082763706586 1
1 1082763706587 1
1 1082763706590 1
1 1082763706591 1
1 1082763706594 1
1 1082763706595 1
1 1082763706637 1
1 1082763706638 4
1 1082763706639 1
1 1082763706641 1
1 1082763706642 4
1 1082763706643 1
1 1082763706645 1
1 1082763706646 4
1 1082763706647 1
1 1082763706649 1
1 1082763706650 4
1 1082763706651 1
1 1082763706653 1
1 1082763706654 4
1 1082763706655 1
1 1082763706657 1
1 1082763706658 4
1 1082763706659 1
1 1082763706700 1
1 1082763706701 4
1 1082763706702 1
1 1082763706704 1
1 1082763706705 4
1 1082763706706 1
1 1082763706708 1
1 1082763706709 4
1 1082763706710 1
1 1082763706712 1
1 1082763706713 4
1 1082763706714 1
1 1082763706716 1
1 1082763706717 4
1 1082763706718 1
1 1082763706720 1
1 1082763706721 4
1 1082763706722 1
1 1082763706764 4
1 1082763706765 1
1 1082763706768 4
1 1082763706769 1
1 1082763706772 4
1 1082763706773 1
1 1082763706776 4
1 1082763706777 1
1 1082763706780 4
1 1082763706781 1
1 1082763706784 4
1 1082763706785 1
1 1082763706801 1
1 1082763706802 4
1 1082763706803 1
1 1082763706805 1
1 1082763706806 4
1 1082763706807 1
1 1082763706809 1
1 1082763706810 4
1 1082763706811 1
1 1082763706813 1
1 1082763706814 4
1 1082763706815 1
1 1082763706817 1
1 1082763706818 4
1 1082763706819 1
1 1082763706860 1
1 1082763706861 4
1 1082763706862 1
1 1082763706864 1
1 1082763706865 4
1 1082763706866 1
1 1082763706868 1
1 1082763706869 4
1 1082763706870 1
1 1082763706872 1
1 1082763706873 4
1 1082763706874 1
1 1082763706876 1
1 1082763706877 4
1 1082763706878 1
1 1082763706880 1
1 1082763706881 4
1 1082763706882 1
1 1082763706924 4
1 1082763706925 1
1 1082763706928 4
1 1082763706929 1
1 1082763706932 4
1 1082763706933 1
1 1082763706936 4
1 1082763706937 1
1 1082763706940 4
1 1082763706941 1
1 1082763706944 4
1 1082763706945 1
1 1082763706974 1
1 1082763706975 1
1 1082763706978 1
1 1082763706979 1
1 1082763706982 1
1 1082763706983 1
1 1082763706986 1
1 1082763706987 1
1 1082763706990 1
1 1082763706991 1
1 1082763706994 1
1 1082763706995 1
1 1082763707037 1
1 1082763707038 4
1 1082763707039 1
1 1082763707041 1
1 1082763707042 4
1 1082763707043 1
1 1082763707045 1
1 1082763707046 4
1 1082763707047 1
1 1082763707049 1
1 1082763707050 4
1 1082763707051 1
1 1082763707053 1
1 1082763707054 4
1 1082763707055 1
1 1082763707057 1
1 1082763707058 4
1 1082763707059 1
1 1082763707100 1
1 1082763707101 4
1 1082763707102 1
1 1082763707104 1
1 1082763707105 4
1 1082763707106 1
1 1082763707108 1
1 1082763707109 4
1 1082763707110 1
1 1082763707112 1
1 1082763707113 4
1 1082763707114 1
1 1082763707116 1
1 1082763707117 4
1 1082763707118 1
1 1082763707120 1
1 1082763707121 4
1 1082763707122 1
1 1082763707164 4
1 1082763707165 1
1 1082763707168 4
1 1082763707169 1
1 1082763707172 4
1 1082763707173 1
1 1082763707176 4
1 1082763707177 1
1 1082763707180 4
1 1082763707181 1
1 1082763707184 4
1 1082763707185 1
1 1082763707201 1
1 1082763707202 4
1 1082763707203 1
1 1082763707205 1
1 1082763707206 4
1 1082763707207 1
1 1082763707209 1
1 1082763707210 4
1 1082763707211 1
1 1082763707213 1
1 1082763707214 4
1 1082763707215 1
1 1082763707217 1
1 1082763707218 4
1 1082763707219 1
1 1082763707260 1
1 1082763707261 4
1 1082763707262 1
1 1082763707264 1
1 1082763707265 4
1 1082763707266 1
1 1082763707268 1
1 1082763707269 4
1 1082763707270 1
1 1082763707272 1
1 1082763707273 4
1 1082763707274 1
1 1082763707276 1
1 1082763707277 4
1 1082763707278 1
1 1082763707280 1
1 1082763707281 4
1 1082763707282 1
1 1082763707324 4
1 1082763707325 1
1 1082763707328 4
1 1082763707329 1
1 1082763707332 4
1 1082763707333 1
1 1082763707336 4
1 1082763707337 1
1 1082763707340 4
1 1082763707341 1
1 1082763707344 4
1 1082763707345 1
1 1082763707374 1
1 1082763707375 1
1 1082763707378 1
1 1082763707379 1
1 1082763707382 1
1 1082763707383 1
1 1082763707386 1
1 1082763707387 1
1 1082763707390 1
1 1082763707391 1
1 1082763707394 1
1 1082763707395 1
1 1082763707437 1
1 1082763707438 4
1 1082763707439 1
1 1082763707441 1
1 1082763707442 4
1 1082763707443 1
1 1082763707445 1
1 1082763707446 4
1 1082763707447 1
1 1082763707449 1
1 1082763707450 4
1 1082763707451 1
1 1082763707453 1
1 1082763707454 4
1 1082763707455 1
1 1082763707457 1
1 1082763707458 4
1 1082763707459 1
1 1082763707500 1
1 1082763707501 4
1 1082763707502 1
1 1082763707504 1
1 1082763707505 4
1 1082763707506 1
1 1082763707508 1
1 1082763707509 4
1 1082763707510 1
1 1082763707512 1
1 1082763707513 4
1 1082763707514 1
1 1082763707516 1
1 1082763707517 4
1 1082763707518 1
1 1082763707520 1
1 1082763707521 4
1 1082763707522 1
1 1082763707564 4
1 1082763707565 1
1 1082763707568 4
1 1082763707569 1
1 1082763707572 4
1 1082763707573 1
1 1082763707576 4
1 1082763707577 1
1 1082763707580 4
1 1082763707581 1
1 1082763707584 4
1 1082763707585 1
1 1082763707601 1
1 1082763707602 4
1 1082763707603 1
1 1082763707605 1
1 1082763707606 4
1 1082763707607 1
1 1082763707609 1
1 1082763707610 4
1 1082763707611 1
1 1082763707613 1
1 1082763707614 4
1 1082763707615 1
1 1082763707617 1
1 1082763707618 4
1 1082763707619 1
1 1082763707660 1
1 1082763707661 4
1 1082763707662 1
1 1082763707664 1
1 1082763707665 4
1 1082763707666 1
1 1082763707668 1
1 1082763707669 4
1 1082763707670 1
1 1082763707672 1
1 1082763707673 4
1 1082763707674 1
1 1082763707676 1
1 1082763707677 4
1 1082763707678 1
1 1082763707680 1
1 1082763707681 4
1 1082763707682 1
1 1082763707724 4
1 1082763707725 1
1 1082763707728 4
1 1082763707729 1
1 1082763707732 4
1 1082763707733 1
1 1082763707736 4
1 1082763707737 1
1 1082763707740 4
1 1082763707741 1
1 1082763707744 4
1 1082763707745 1
1 1082763707774 1
1 1082763707775 1
1 1082763707778 1
1 1082763707779 1
1 1082763707782 1
1 1082763707783 1
1 1082763707786 1
1 1082763707787 1
1 1082763707790 1
1 1082763707791 1
1 1082763707794 1
1 1082763707795 1
1 1082763707837 1
1 1082763707838 4
1 1082763707839 1
1 1082763707841 1
1 1082763707842 4
1 1082763707843 1
1 1082763707845 1
1 1082763707846 4
1 1082763707847 1
1 1082763707849 1
1 1082763707850 4
1 1082763707851 1
1 1082763707853 1
1 1082763707854 4
1 1082763707855 1
1 1082763707857 1
1 1082763707858 4
1 1082763707859 1
1 1082763707900 1
1 1082763707901 4
1 1082763707902 1
1 1082763707904 1
1 1082763707905 4
1 1082763707906 1
1 1082763707908 1
1 1082763707909 4
1 1082763707910 1
1 1082763707912 1
1 1082763707913 4
1 1082763707914 1
1 1082763707916 1
1 1082763707917 4
1 1082763707918 1
1 1082763707920 1
1 1082763707921 4
1 1082763707922 1
1 1082763707964 4
1 1082763707965 1
1 1082763707968 4
1 1082763707969 1
1 1082763707972 4
1 1082763707973 1
1 1082763707976 4
1 1082763707977 1
1 1082763707980 4
1 1082763707981 1
1 1082763707984 4
1 1082763707985 1
1 1082763708001 1
1 1082763708002 4
1 1082763708003 1
1 1082763708005 1
1 1082763708006 4
1 1082763708007 1
1 1082763708009 1
1 1082763708010 4
1 1082763708011 1
1 1082763708013 1
1 1082763708014 4
1 1082763708015 1
1 1082763708017 1
1 1082763708018 4
1 1082763708019 1
1 1082763708060 1
1 1082763708061 4
1 1082763708062 1
1 1082763708064 1
1 1082763708065 4
1 1082763708066 1
1 1082763708068 1
1 1082763708069 4
1 1082763708070 1
1 1082763708072 1
1 1082763708073 4
1 1082763708074 1
1 1082763708076 1
1 1082763708077 4
1 1082763708078 1
1 1082763708080 1
1 1082763708081 4
1 1082763708082 1
1 1082763708124 4
1 1082763708125 1
1 1082763708128 4
1 1082763708129 1
1 1082763708132 4
1 1082763708133 1
1 1082763708136 4
1 1082763708137 1
1 1082763708140 4
1 1082763708141 1
1 1082763708144 4
1 1082763708145 1
1 1082763708174 1
1 1082763708175 1
1 1082763708178 1
1 1082763708179 1
1 1082763708182 1
1 1082763708183 1
1 1082763708186 1
1 1082763708187 1
1 1082763708190 1
1 1082763708191 1
1 1082763708194 1
1 1082763708195 1
1 1082763708237 1
1 1082763708238 4
1 1082763708239 1
1 1082763708241 1
1 1082763708242 4
1 1082763708243 1
1 1082763708245 1
1 1082763708246 4
1 1082763708247 1
1 1082763708249 1
1 1082763708250 4
1 1082763708251 1
1 1082763708253 1
1 1082763708254 4
1 1082763708255 1
1 1082763708257 1
1 1082763708258 4
1 1082763708259 1
1 1082763708300 1
1 1082763708301 4
1 1082763708302 1
1 1082763708304 1
1 1082763708305 4
1 1082763708306 1
1 1082763708308 1
1 1082763708309 4
1 1082763708310 1
1 1082763708312 1
1 1082763708313 4
1 1082763708314 1
1 1082763708316 1
1 1082763708317 4
1 1082763708318 1
1 1082763708320 1
1 1082763708321 4
1 1082763708322 1
1 1082763708364 4
1 1082763708365 1
1 1082763708368 4
1 1082763708369 1
1 1082763708372 4
1 1082763708373 1
1 1082763708376 4
1 1082763708377 1
1 1082763708380 4
1 1082763708381 1
1 1082763708384 4
1 1082763708385 1
1 1082763708401 1
1 1082763708402 4
1 1082763708403 1
1 1082763708405 1
1 1082763708406 4
1 1082763708407 1
1 1082763708409 1
1 1082763708410 4
1 1082763708411 1
1 1082763708413 1
1 1082763708414 4
1 1082763708415 1
1 1082763708417 1
1 1082763708418 4
1 1082763708419 1
1 1082763708460 1
1 1082763708461 4
1 1082763708462 1
1 1082763708464 1
1 1082763708465 4
1 1082763708466 1
1 1082763708468 1
1 1082763708469 4
1 1082763708470 1
1 1082763708472 1
1 1082763708473 4
1 1082763708474 1
1 1082763708476 1
1 1082763708477 4
1 1082763708478 1
1 1082763708480 1
1 1082763708481 4
1 1082763708482 1
1 1082763708524 4
1 1082763708525 1
1 1082763708528 4
1 1082763708529 1
1 1082763708532 4
1 1082763708533 1
1 1082763708536 4
1 1082763708537 1
1 1082763708540 4
1 1082763708541 1
1 1082763708544 4
1 1082763708545 1
1 1082763708574 1
1 1082763708575 1
1 1082763708578 1
1 1082763708579 1
1 1082763708582 1
1 1082763708583 1
1 1082763708586 1
1 1082763708587 1
1 1082763708590 1
1 1082763708591 1
1 1082763708594 1
1 1082763708595 1
1 1082763708637 1
1 1082763708638 4
1 1082763708639 1
1 1082763708641 1
1 1082763708642 4
1 1082763708643 1
1 1082763708645 1
1 1082763708646 4
1 1082763708647 1
1 1082763708649 1
1 1082763708650 4
1 1082763708651 1
1 1082763708653 1
1 1082763708654 4
1 1082763708655 1
1 1082763708657 1
1 1082763708658 4
1 1082763708659 1
1 1082763708700 1
1 1082763708701 4
1 1082763708702 1
1 1082763708704 1
1 1082763708705 4
1 1082763708706 1
1 1082763708708 1
1 1082763708709 4
1 1082763708710 1
1 1082763708712 1
1 1082763708713 4
1 1082763708714 1
1 1082763708716 1
1 1082763708717 4
1 1082763708718 1
1 1082763708720 1
1 1082763708721 4
1 1082763708722 1
1 1082763708764 4
1 1082763708765 1
1 1082763708768 4
1 1082763708769 1
1 1082763708772 4
1 1082763708773 1
1 1082763708776 4
1 1082763708777 1
1 1082763708780 4
1 1082763708781 1
1 1082763708784 4
1 1082763708785 1
1 1082763708801 1
1 1082763708802 4
1 1082763708803 1
1 1082763708805 1
1 1082763708806 4
1 1082763708807 1
1 1082763708809 1
1 1082763708810 4
1 1082763708811 1
1 1082763708813 1
1 1082763708814 4
1 1082763708815 1
1 1082763708817 1
1 1082763708818 4
1 1082763708819 1
1 1082763708860 1
1 1082763708861 4
1 1082763708862 1
1 1082763708864 1
1 1082763708865 4
1 1082763708866 1
1 1082763708868 1
1 1082763708869 4
1 1082763708870 1
1 1082763708872 1
1 1082763708873 4
1 1082763708874 1
1 1082763708876 1
1 1082763708877 4
1 1082763708878 1
1 1082763708880 1
1 1082763708881 4
1 1082763708882 1
1 1082763708924 4
1 1082763708925 1
1 1082763708928 4
1 1082763708929 1
1 1082763708932 4
1 1082763708933 1
1 1082763708936 4
1 1082763708937 1
1 1082763708940 4
1 1082763708941 1
1 1082763708944 4
1 1082763708945 1
1 1082763708974 1
1 1082763708975 1
1 1082763708978 1
1 1082763708979 1
1 1082763708982 1
1 1082763708983 1
1 1082763708986 1
1 1082763708987 1
1 1082763708990 1
1 1082763708991 1
1 1082763708994 1
1 1082763708995 1
1 1082763709037 1
1 1082763709038 4
1 1082763709039 1
1 1082763709041 1
1 1082763709042 4
1 1082763709043 1
1 1082763709045 1
1 1082763709046 4
1 1082763709047 1
1 1082763709049 1
1 1082763709050 4
1 1082763709051 1
1 1082763709053 1
1 1082763709054 4
1 1082763709055 1
1 1082763709057 1
1 1082763709058 4
1 1082763709059 1
1 1082763709100 1
1 1082763709101 4
1 1082763709102 1
1 1082763709104 1
1 1082763709105 4
1 1082763709106 1
1 1082763709108 1
1 1082763709109 4
1 1082763709110 1
1 1082763709112 1
1 1082763709113 4
1 1082763709114 1
1 1082763709116 1
1 1082763709117 4
1 1082763709118 1
1 1082763709120 1
1 1082763709121 4
1 1082763709122 1
1 1082763709164 4
1 1082763709165 1
1 1082763709168 4
1 1082763709169 1
1 1082763709172 4
1 1082763709173 1
1 1082763709176 4
1 1082763709177 1
1 1082763709180 4
1 1082763709181 1
1 1082763709184 4
1 1082763709185 1
1 1082763709201 1
1 1082763709202 4
1 1082763709203 1
1 1082763709205 1
1 1082763709206 4
1 1082763709207 1
1 1082763709209 1
1 1082763709210 4
1 1082763709211 1
1 1082763709213 1
1 1082763709214 4
1 1082763709215 1
1 1082763709217 1
1 1082763709218 4
1 1082763709219 1
1 1082763709260 1
1 1082763709261 4
1 1082763709262 1
1 1082763709264 1
1 1082763709265 4
1 1082763709266 1
1 1082763709268 1
1 1082763709269 4
1 1082763709270 1
1 1082763709272 1
1 1082763709273 4
1 1082763709274 1
1 1082763709276 1
1 1082763709277 4
1 1082763709278 1
1 1082763709280 1
1 1082763709281 4
1 1082763709282 1
1 1082763709324 4
1 1082763709325 1
1 1082763709328 4
1 1082763709329 1
1 1082763709332 4
1 1082763709333 1
1 1082763709336 4
1 1082763709337 1
1 1082763709340 4
1 1082763709341 1
1 1082763709344 4
1 1082763709345 1
1 1082763709374 1
1 1082763709375 1
1 1082763709378 1
1 1082763709379 1
1 1082763709382 1
1 1082763709383 1
1 1082763709386 1
1 1082763709387 1
1 1082763709390 1
1 1082763709391 1
1 1082763709394 1
1 1082763709395 1
1 1082763709437 1
1 1082763709438 4
1 1082763709439 1
1 1082763709441 1
1 1082763709442 4
1 1082763709443 1
1 1082763709445 1
1 1082763709446 4
1 1082763709447 1
1 1082763709449 1
1 1082763709450 4
1 1082763709451 1
1 1082763709453 1
1 1082763709454 4
1 1082763709455 1
1 1082763709457 1
1 1082763709458 4
1 1082763709459 1
1 1082763709500 1
1 1082763709501 4
1 1082763709502 1
1 1082763709504 1
1 1082763709505 4
1 1082763709506 1
1 1082763709508 1
1 1082763709509 4
1 1082763709510 1
1 1082763709512 1
1 1082763709513 4
1 1082763709514 1
1 1082763709516 1
1 1082763709517 4
1 1082763709518 1
1 1082763709520 1
1 1082763709521 4
1 1082763709522 1
1 1082763709564 4
1 1082763709565 1
1 1082763709568 4
1 1082763709569 1
1 1082763709572 4
1 1082763709573 1
1 1082763709576 4
1 1082763709577 1
1 1082763709580 4
1 1082763709581 1
1 1082763709584 4
1 1082763709585 1
1 1082763709601 1
1 1082763709602 4
1 1082763709603 1
1 1082763709605 1
1 1082763709606 4
1 1082763709607 1
1 1082763709609 1
1 1082763709610 4
1 1082763709611 1
1 1082763709613 1
1 1082763709614 4
1 1082763709615 1
1 1082763709617 1
1 1082763709618 4
1 1082763709619 1
1 1082763709660 1
1 1082763709661 4
1 1082763709662 1
1 1082763709664 1
1 1082763709665 4
1 1082763709666 1
1 1082763709668 1
1 1082763709669 4
1 1082763709670 1
1 1082763709672 1
1 1082763709673 4
1 1082763709674 1
1 1082763709676 1
1 1082763709677 4
1 1082763709678 1
1 1082763709680 1
1 1082763709681 4
1 1082763709682 1
1 1082763709724 4
1 1082763709725 1
1 1082763709728 4
1 1082763709729 1
1 1082763709732 4
1 1082763709733 1
1 1082763709736 4
1 1082763709737 1
1 1082763709740 4
1 1082763709741 1
1 1082763709744 4
1 1082763709745 1
1 1082763709774 1
1 1082763709775 1
1 1082763709778 1
1 1082763709779 1
1 1082763709782 1
1 1082763709783 1
1 1082763709786 1
1 1082763709787 1
1 1082763709790 1
1 1082763709791 1
1 1082763709794 1
1 1082763709795 1
1 1082763709837 1
1 1082763709838 4
1 1082763709839 1
1 1082763709841 1
1 1082763709842 4
1 1082763709843 1
1 1082763709845 1
1 1082763709846 4
1 1082763709847 1
1 1082763709849 1
1 1082763709850 4
1 1082763709851 1
1 1082763709853 1
1 1082763709854 4
1 1082763709855 1
1 1082763709857 1
1 1082763709858 4
1 1082763709859 1
1 1082763709900 1
1 1082763709901 4
1 1082763709902 1
1 1082763709904 1
1 1082763709905 4
1 1082763709906 1
1 1082763709908 1
1 1082763709909 4
1 1082763709910 1
1 1082763709912 1
1 1082763709913 4
1 1082763709914 1
1 1082763709916 1
1 1082763709917 4
1 1082763709918 1
1 1082763709920 1
1 1082763709921 4
1 1082763709922 1
1 1082763709964 4
1 1082763709965 1
1 1082763709968 4
1 1082763709969 1
1 1082763709972 4
1 1082763709973 1
1 1082763709976 4
1 1082763709977 1
1 1082763709980 4
1 1082763709981 1
1 1082763709984 4
1 1082763709985 1
1 1082763710001 1
1 1082763710002 4
1 1082763710003 1
1 1082763710005 1
1 1082763710006 4
1 1082763710007 1
1 1082763710009 1
1 1082763710010 4
1 1082763710011 1
1 1082763710013 1
1 1082763710014 4
1 1082763710015 1
1 1082763710017 1
1 1082763710018 4
1 1082763710019 1
1 1082763710060 1
1 1082763710061 4
1 1082763710062 1
1 1082763710064 1
1 1082763710065 4
1 1082763710066 1
1 1082763710068 1
1 1082763710069 4
1 1082763710070 1
1 1082763710072 1
1 1082763710073 4
1 1082763710074 1
1 1082763710076 1
1 1082763710077 4
1 1082763710078 1
1 1082763710080 1
1 1082763710081 4
1 1082763710082 1
1 1082763710124 4
1 1082763710125 1
1 1082763710128 4
1 1082763710129 1
1 1082763710132 4
1 1082763710133 1
1 1082763710136 4
1 1082763710137 1
1 1082763710140 4
1 1082763710141 1
1 1082763710144 4
1 1082763710145 1
1 1082763710174 1
1 1082763710175 1
1 1082763710178 1
1 1082763710179 1
1 1082763710182 1
1 1082763710183 1
1 1082763710186 1
1 1082763710187 1
1 1082763710190 1
1 1082763710191 1
1 1082763710194 1
1 1082763710195 1
1 1082763710237 1
1 1082763710238 4
1 1082763710239 1
1 1082763710241 1
1 1082763710242 4
1 1082763710243 1
1 1082763710245 1
1 1082763710246 4
1 1082763710247 1
1 1082763710249 1
1 1082763710250 4
1 1082763710251 1
1 1082763710253 1
1 1082763710254 4
1 1082763710255 1
1 1082763710257 1
1 1082763710258 4
1 1082763710259 1
1 1082763710300 1
1 1082763710301 4
1 1082763710302 1
1 1082763710304 1
1 1082763710305 4
1 1082763710306 1
1 1082763710308 1
1 1082763710309 4
1 1082763710310 1
1 1082763710312 1
1 1082763710313 4
1 1082763710314 1
1 1082763710316 1
1 1082763710317 4
1 1082763710318 1
1 1082763710320 1
1 1082763710321 4
1 1082763710322 1
1 1082763710364 4
1 1082763710365 1
1 1082763710368 4
1 1082763710369 1
1 1082763710372 4
1 1082763710373 1
1 1082763710376 4
1 1082763710377 1
1 1082763710380 4
1 1082763710381 1
1 1082763710384 4
1 1082763710385 1
1 1082763710401 1
1 1082763710402 4
1 1082763710403 1
1 1082763710405 1
1 1082763710406 4
1 1082763710407 1
1 1082763710409 1
1 1082763710410 4
1 1082763710411 1
1 1082763710413 1
1 1082763710414 4
1 1082763710415 1
1 1082763710417 1
1 1082763710418 4
1 1082763710419 1
1 1082763710460 1
1 1082763710461 4
1 1082763710462 1
1 1082763710464 1
1 1082763710465 4
1 1082763710466 1
1 1082763710468 1
1 1082763710469 4
1 1082763710470 1
1 1082763710472 1
1 1082763710473 4
1 1082763710474 1
1 1082763710476 1
1 1082763710477 4
1 1082763710478 1
1 1082763710480 1
1 1082763710481 4
1 1082763710482 1
1 1082763710524 4
1 1082763710525 1
1 1082763710528 4
1 1082763710529 1
1 1082763710532 4
1 1082763710533 1
1 1082763710536 4
1 1082763710537 1
1 1082763710540 4
1 1082763710541 1
1 1082763710544 4
1 1082763710545 1
1 1082763710574 1
1 1082763710575 1
1 1082763710578 1
1 1082763710579 1
1 1082763710582 1
1 1082763710583 1
1 1082763710586 1
1 1082763710587 1
1 1082763710590 1
1 1082763710591 1
1 1082763710594 1
1 1082763710595 1
1 1082763710637 1
1 1082763710638 4
1 1082763710639 1
1 1082763710641 1
1 1082763710642 4
1 1082763710643 1
1 1082763710645 1
1 1082763710646 4
1 1082763710647 1
1 1082763710649 1
1 1082763710650 4
1 1082763710651 1
1 1082763710653 1
1 1082763710654 4
1 1082763710655 1
1 1082763710657 1
1 1082763710658 4
1 1082763710659 1
1 1082763710700 1
1 1082763710701 4
1 1082763710702 1
1 1082763710704 1
1 1082763710705 4
1 1082763710706 1
1 1082763710708 1
1 1082763710709 4
1 1082763710710 1
1 1082763710712 1
1 1082763710713 4
1 1082763710714 1
1 1082763710716 1
1 1082763710717 4
1 1082763710718 1
1 1082763710720 1
1 1082763710721 4
1 1082763710722 1
1 1082763710764 4
1 1082763710765 1
1 1082763710768 4
1 1082763710769 1
1 1082763710772 4
1 1082763710773 1
1 1082763710776 4
1 1082763710777 1
1 1082763710780 4
1 1082763710781 1
1 1082763710784 4
1 1082763710785 1
1 1082763710801 1
1 1082763710802 4
1 1082763710803 1
1 1082763710805 1
1 1082763710806 4
1 1082763710807 1
1 1082763710809 1
1 1082763710810 4
1 1082763710811 1
1 1082763710813 1
1 1082763710814 4
1 1082763710815 1
1 1082763710817 1
1 1082763710818 4
1 1082763710819 1
1 1082763710860 1
1 1082763710861 4
1 1082763710862 1
1 1082763710864 1
1 1082763710865 4
1 1082763710866 1
1 1082763710868 1
1 1082763710869 4
1 1082763710870 1
1 1082763710872 1
1 1082763710873 4
1 1082763710874 1
1 1082763710876 1
1 1082763710877 4
1 1082763710878 1
1 1082763710880 1
1 1082763710881 4
1 1082763710882 1
1 1082763710924 4
1 1082763710925 1
1 1082763710928 4
1 1082763710929 1
1 1082763710932 4
1 1082763710933 1
1 1082763710936 4
1 1082763710937 1
1 1082763710940 4
1 1082763710941 1
1 1082763710944 4
1 1082763710945 1
1 1082763710974 1
1 1082763710975 1
1 1082763710978 1
1 1082763710979 1
1 1082763710982 1
1 1082763710983 1
1 1082763710986 1
1 1082763710987 1
1 1082763710990 1
1 1082763710991 1
1 1082763710994 1
1 1082763710995 1
1 1082763711037 1
1 1082763711038 4
1 1082763711039 1
1 1082763711041 1
1 1082763711042 4
1 1082763711043 1
1 1082763711045 1
1 1082763711046 4
1 1082763711047 1
1 1082763711049 1
1 1082763711050 4
1 1082763711051 1
1 1082763711053 1
1 1082763711054 4
1 1082763711055 1
1 1082763711057 1
1 1082763711058 4
1 1082763711059 1
1 1082763711100 1
1 1082763711101 4
1 1082763711102 1
1 1082763711104 1
1 1082763711105 4
1 1082763711106 1
1 1082763711108 1
1 1082763711109 4
1 1082763711110 1
1 1082763711112 1
1 1082763711113 4
1 1082763711114 1
1 1082763711116 1
1 1082763711117 4
1 1082763711118 1
1 1082763711120 1
1 1082763711121 4
1 1082763711122 1
1 1082763711164 4
1 1082763711165 1
1 1082763711168 4
1 1082763711169 1
1 1082763711172 4
1 1082763711173 1
1 1082763711176 4
1 1082763711177 1
1 1082763711180 4
1 1082763711181 1
1 1082763711184 4
1 1082763711185 1
1 1082763711201 1
1 1082763711202 4
1 1082763711203 1
1 1082763711205 1
1 1082763711206 4
1 1082763711207 1
1 1082763711209 1
1 1082763711210 4
1 1082763711211 1
1 1082763711213 1
1 1082763711214 4
1 1082763711215 1
1 1082763711217 1
1 1082763711218 4
1 1082763711219 1
1 1082763711260 1
1 1082763711261 4
1 1082763711262 1
1 1082763711264 1
1 1082763711265 4
1 1082763711266 1
1 1082763711268 1
1 1082763711269 4
1 1082763711270 1
1 1082763711272 1
1 1082763711273 4
1 1082763711274 1
1 1082763711276 1
1 1082763711277 4
1 1082763711278 1
1 1082763711280 1
1 1082763711281 4
1 1082763711282 1
1 1082763711324 4
1 1082763711325 1
1 1082763711328 4
1 1082763711329 1
1 1082763711332 4
1 1082763711333 1
1 1082763711336 4
1 1082763711337 1
1 1082763711340 4
1 1082763711341 1
1 1082763711344 4
1 1082763711345 1
1 1082763711374 1
1 1082763711375 1
1 1082763711378 1
1 1082763711379 1
1 1082763711382 1
1 1082763711383 1
1 1082763711386 1
1 1082763711387 1
1 1082763711390 1
1 1082763711391 1
1 1082763711394 1
1 1082763711395 1
1 1082763711437 1
1 1082763711438 4
1 1082763711439 1
1 1082763711441 1
1 1082763711442 4
1 1082763711443 1
1 1082763711445 1
1 1082763711446 4
1 1082763711447 1
1 1082763711449 1
1 1082763711450 4
1 1082763711451 1
1 1082763711453 1
1 1082763711454 4
1 1082763711455 1
1 1082763711457 1
1 1082763711458 4
1 1082763711459 1
1 1082763711500 1
1 1082763711501 4
1 1082763711502 1
1 1082763711504 1
1 1082763711505 4
1 1082763711506 1
1 1082763711508 1
1 1082763711509 4
1 1082763711510 1
1 1082763711512 1
1 1082763711513 4
1 1082763711514 1
1 1082763711516 1
1 1082763711517 4
1 1082763711518 1
1 1082763711520 1
1 1082763711521 4
1 1082763711522 1
1 1082763711564 4
1 1082763711565 1
1 1082763711568 4
1 1082763711569 1
1 1082763711572 4
1 1082763711573 1
1 1082763711576 4
1 1082763711577 1
1 1082763711580 4
1 1082763711581 1
1 1082763711584 4
1 1082763711585 1
1 1082763711601 1
1 1082763711602 4
1 1082763711603 1
1 1082763711605 1
1 1082763711606 4
1 1082763711607 1
1 1082763711609 1
1 1082763711610 4
1 1082763711611 1
1 1082763711613 1
1 1082763711614 4
1 1082763711615 1
1 1082763711617 1
1 1082763711618 4
1 1082763711619 1
1 1082763711660 1
1 1082763711661 4
1 1082763711662 1
1 1082763711664 1
1 1082763711665 4
1 1082763711666 1
1 1082763711668 1
1 1082763711669 4
1 1082763711670 1
1 1082763711672 1
1 1082763711673 4
1 1082763711674 1
1 1082763711676 1
1 1082763711677 4
1 1082763711678 1
1 1082763711680 1
1 1082763711681 4
1 1082763711682 1
1 1082763711724 4
1 1082763711725 1
1 1082763711728 4
1 1082763711729 1
1 1082763711732 4
1 1082763711733 1
1 1082763711736 4
1 1082763711737 1
1 1082763711740 4
1 1082763711741 1
1 1082763711744 4
1 1082763711745 1
1 1082763711774 1
1 1082763711775 1
1 1082763711778 1
1 1082763711779 1
1 1082763711782 1
1 1082763711783 1
1 1082763711786 1
1 1082763711787 1
1 1082763711790 1
1 1082763711791 1
1 1082763711794 1
1 1082763711795 1
1 1082763711837 1
1 1082763711838 4
1 1082763711839 1
1 1082763711841 1
1 1082763711842 4
1 1082763711843 1
1 1082763711845 1
1 1082763711846 4
1 1082763711847 1
1 1082763711849 1
1 1082763711850 4
1 1082763711851 1
1 1082763711853 1
1 1082763711854 4
1 1082763711855 1
1 1082763711857 1
1 1082763711858 4
1 1082763711859 1
1 1082763711900 1
1 1082763711901 4
1 1082763711902 1
1 1082763711904 1
1 1082763711905 4
1 1082763711906 1
1 1082763711908 1
1 1082763711909 4
1 1082763711910 1
1 1082763711912 1
1 1082763711913 4
1 1082763711914 1
1 1082763711916 1
1 1082763711917 4
1 1082763711918 1
1 1082763711920 1
1 1082763711921 4
1 1082763711922 1
1 1082763711964 4
1 1082763711965 1
1 1082763711968 4
1 1082763711969 1
1 1082763711972 4
1 1082763711973 1
1 1082763711976 4
1 1082763711977 1
1 1082763711980 4
1 1082763711981 1
1 1082763711984 4
1 1082763711985 1
1 1082763712001 1
1 1082763712002 4
1 1082763712003 1
1 1082763712005 1
1 1082763712006 4
1 1082763712007 1
1 1082763712009 1
1 1082763712010 4
1 1082763712011 1
1 1082763712013 1
1 1082763712014 4
1 1082763712015 1
1 1082763712017 1
1 1082763712018 4
1 1082763712019 1
1 1082763712060 1
1 1082763712061 4
1 1082763712062 1
1 1082763712064 1
1 1082763712065 4
1 1082763712066 1
1 1082763712068 1
1 1082763712069 4
1 1082763712070 1
1 1082763712072 1
1 1082763712073 4
1 1082763712074 1
1 1082763712076 1
1 1082763712077 4
1 1082763712078 1
1 1082763712080 1
1 1082763712081 4
1 1082763712082 1
1 1082763712124 4
1 1082763712125 1
1 1082763712128 4
1 1082763712129 1
1 1082763712132 4
1 1082763712133 1
1 1082763712136 4
1 1082763712137 1
1 1082763712140 4
1 1082763712141 1
1 1082763712144 4
1 1082763712145 1
1 1082763712174 1
1 1082763712175 1
1 1082763712178 1
1 1082763712179 1
1 1082763712182 1
1 1082763712183 1
1 1082763712186 1
1 1082763712187 1
1 1082763712190 1
1 1082763712191 1
1 1082763712194 1
1 1082763712195 1
1 1082763712237 1
1 1082763712238 4
1 1082763712239 1
1 1082763712241 1
1 1082763712242 4
1 1082763712243 1
1 1082763712245 1
1 1082763712246 4
1 1082763712247 1
1 1082763712249 1
1 1082763712250 4
1 1082763712251 1
1 1082763712253 1
1 1082763712254 4
1 1082763712255 1
1 1082763712257 1
1 1082763712258 4
1 1082763712259 1
1 1082763712300 1
1 1082763712301 4
1 1082763712302 1
1 1082763712304 1
1 1082763712305 4
1 1082763712306 1
1 1082763712308 1
1 1082763712309 4
1 1082763712310 1
1 1082763712312 1
1 1082763712313 4
1 1082763712314 1
1 1082763712316 1
1 1082763712317 4
1 1082763712318 1
1 1082763712320 1
1 1082763712321 4
1 1082763712322 1
1 1082763712364 4
1 1082763712365 1
1 1082763712368 4
1 1082763712369 1
1 1082763712372 4
1 1082763712373 1
1 1082763712376 4
1 1082763712377 1
1 1082763712380 4
1 1082763712381 1
1 1082763712384 4
1 1082763712385 1
1 1082763712401 1
1 1082763712402 4
1 1082763712403 1
1 1082763712405 1
1 1082763712406 4
1 1082763712407 1
1 1082763712409 1
1 1082763712410 4
1 1082763712411 1
1 1082763712413 1
1 1082763712414 4
1 1082763712415 1
1 1082763712417 1
1 1082763712418 4
1 1082763712419 1
1 1082763712460 1
1 1082763712461 4
1 1082763712462 1
1 1082763712464 1
1 1082763712465 4
1 1082763712466 1
1 1082763712468 1
1 1082763712469 4
1 1082763712470 1
1 1082763712472 1
1 1082763712473 4
1 1082763712474 1
1 1082763712476 1
1 1082763712477 4
1 1082763712478 1
1 1082763712480 1
1 1082763712481 4
1 1082763712482 1
1 1082763712524 4
1 1082763712525 1
1 1082763712528 4
1 1082763712529 1
1 1082763712532 4
1 1082763712533 1
1 1082763712536 4
1 1082763712537 1
1 1082763712540 4
1 1082763712541 1
1 1082763712544 4
1 1082763712545 1
1 1082763712574 1
1 1082763712575 1
1 1082763712578 1
1 1082763712579 1
1 1082763712582 1
1 1082763712583 1
1 1082763712586 1
1 1082763712587 1
1 1082763712590 1
1 1082763712591 1
1 1082763712594 1
1 1082763712595 1
1 1082763712637 1
1 1082763712638 4
1 1082763712639 1
1 1082763712641 1
1 1082763712642 4
1 1082763712643 1
1 1082763712645 1
1 1082763712646 4
1 1082763712647 1
1 1082763712649 1
1 1082763712650 4
1 1082763712651 1
1 1082763712653 1
1 1082763712654 4
1 1082763712655 1
1 1082763712657 1
1 1082763712658 4
1 1082763712659 1
1 1082763712700 1
1 1082763712701 4
1 1082763712702 1
1 1082763712704 1
1 1082763712705 4
1 1082763712706 1
1 1082763712708 1
1 1082763712709 4
1 1082763712710 1
1 1082763712712 1
1 1082763712713 4
1 1082763712714 1
1 1082763712716 1
1 1082763712717 4
1 1082763712718 1
1 1082763712720 1
1 1082763712721 4
1 1082763712722 1
1 1082763712764 4
1 1082763712765 1
1 1082763712768 4
1 1082763712769 1
1 1082763712772 4
1 1082763712773 1
1 1082763712776 4
1 1082763712777 1
1 1082763712780 4
1 1082763712781 1
1 1082763712784 4
1 1082763712785 1
1 1082763712801 1
1 1082763712802 4
1 1082763712803 1
1 1082763712805 1
1 1082763712806 4
1 1082763712807 1
1 1082763712809 1
1 1082763712810 4
1 1082763712811 1
1 1082763712813 1
1 1082763712814 4
1 1082763712815 1
1 1082763712817 1
1 1082763712818 4
1 1082763712819 1
1 1082763712860 1
1 1082763712861 4
1 1082763712862 1
1 1082763712864 1
1 1082763712865 4
1 1082763712866 1
1 1082763712868 1
1 1082763712869 4
1 1082763712870 1
1 1082763712872 1
1 1082763712873 4
1 1082763712874 1
1 1082763712876 1
1 1082763712877 4
1 1082763712878 1
1 1082763712880 1
1 1082763712881 4
1 1082763712882 1
1 1082763712924 4
1 1082763712925 1
1 1082763712928 4
1 1082763712929 1
1 1082763712932 4
1 1082763712933 1
1 1082763712936 4
1 1082763712937 1
1 1082763712940 4
1 1082763712941 1
1 1082763712944 4
1 1082763712945 1
1 1082763712974 1
1 1082763712975 1
1 1082763712978 1
1 1082763712979 1
1 1082763712982 1
1 1082763712983 1
1 1082763712986 1
1 1082763712987 1
1 1082763712990 1
1 1082763712991 1
1 1082763712994 1
1 1082763712995 1
1 1082763713037 1
1 1082763713038 4
1 1082763713039 1
1 1082763713041 1
1 1082763713042 4
1 1082763713043 1
1 1082763713045 1
1 1082763713046 4
1 1082763713047 1
1 1082763713049 1
1 1082763713050 4
1 1082763713051 1
1 1082763713053 1
1 1082763713054 4
1 1082763713055 1
1 1082763713057 1
1 1082763713058 4
1 1082763713059 1
1 1082763713100 1
1 1082763713101 4
1 1082763713102 1
1 1082763713104 1
1 1082763713105 4
1 1082763713106 1
1 1082763713108 1
1 1082763713109 4
1 1082763713110 1
1 1082763713112 1
1 1082763713113 4
1 1082763713114 1
1 1082763713116 1
1 1082763713117 4
1 1082763713118 1
1 1082763713120 1
1 1082763713121 4
1 1082763713122 1
1 1082763713164 4
1 1082763713165 1
1 1082763713168 4
1 1082763713169 1
1 1082763713172 4
1 1082763713173 1
1 1082763713176 4
1 1082763713177 1
1 1082763713180 4
1 1082763713181 1
1 1082763713184 4
1 1082763713185 1
1 1082763713201 1
1 1082763713202 4
1 1082763713203 1
1 1082763713205 1
1 1082763713206 4
1 1082763713207 1
1 1082763713209 1
1 1082763713210 4
1 1082763713211 1
1 1082763713213 1
1 1082763713214 4
1 1082763713215 1
1 1082763713217 1
1 1082763713218 4
1 1082763713219 1
1 1082763713260 1
1 1082763713261 4
1 1082763713262 1
1 1082763713264 1
1 1082763713265 4
1 1082763713266 1
1 1082763713268 1
1 1082763713269 4
1 1082763713270 1
1 1082763713272 1
1 1082763713273 4
1 1082763713274 1
1 1082763713276 1
1 1082763713277 4
1 1082763713278 1
1 1082763713280 1
1 1082763713281 4
1 1082763713282 1
1 1082763713324 4
1 1082763713325 1
1 1082763713328 4
1 1082763713329 1
1 1082763713332 4
1 1082763713333 1
1 1082763713336 4
1 1082763713337 1
1 1082763713340 4
1 1082763713341 1
1 1082763713344 4
1 1082763713345 1
1 1082763713374 1
1 1082763713375 1
1 1082763713378 1
1 1082763713379 1
1 1082763713382 1
1 1082763713383 1
1 1082763713386 1
1 1082763713387 1
1 1082763713390 1
1 1082763713391 1
1 1082763713394 1
1 1082763713395 1
1 1082763713437 1
1 1082763713438 4
1 1082763713439 1
1 1082763713441 1
1 1082763713442 4
1 1082763713443 1
1 1082763713445 1
1 1082763713446 4
1 1082763713447 1
1 1082763713449 1
1 1082763713450 4
1 1082763713451 1
1 1082763713453 1
1 1082763713454 4
1 1082763713455 1
1 1082763713457 1
1 1082763713458 4
1 1082763713459 1
1 1082763713500 1
1 1082763713501 4
1 1082763713502 1
1 1082763713504 1
1 1082763713505 4
1 1082763713506 1
1 1082763713508 1
1 1082763713509 4
1 1082763713510 1
1 1082763713512 1
1 1082763713513 4
1 1082763713514 1
1 1082763713516 1
1 1082763713517 4
1 1082763713518 1
1 1082763713520 1
1 1082763713521 4
1 1082763713522 1
1 1082763713564 4
1 1082763713565 1
1 1082763713568 4
1 1082763713569 1
1 1082763713572 4
1 1082763713573 1
1 1082763713576 4
1 1082763713577 1
1 1082763713580 4
1 1082763713581 1
1 1082763713584 4
1 1082763713585 1
