1 1082763673628 1
1 1082763673629 4
1 1082763673630 1
1 1082763673632 1
1 1082763673633 4
1 1082763673634 1
1 1082763673636 1
1 1082763673637 4
1 1082763673638 1
1 1082763673640 1
1 1082763673641 4
1 1082763673642 1
1 1082763673644 1
1 1082763673645 4
1 1082763673646 1
1 1082763673648 1
1 1082763673649 4
1 1082763673650 1
1 1082763673692 4
1 1082763673693 1
1 1082763673696 4
1 1082763673697 1
1 1082763673700 4
1 1082763673701 1
1 1082763673704 4
1 1082763673705 1
1 1082763673708 4
1 1082763673709 1
1 1082763673712 4
1 1082763673713 1
1 1082763673742 1
1 1082763673743 1
1 1082763673746 1
1 1082763673747 1
1 1082763673750 1
1 1082763673751 1
1 1082763673754 1
1 1082763673755 1
1 1082763673758 1
1 1082763673759 1
1 1082763673762 1
1 1082763673763 1
1 1082763673805 1
1 1082763673806 4
1 1082763673807 1
1 1082763673809 1
1 1082763673810 4
1 1082763673811 1
1 1082763673813 1
1 1082763673814 94
1 1082763673815 1
1 1082763673817 1
1 1082763673818 4
1 1082763673819 1
1 1082763673821 1
1 1082763673822 4
1 1082763673823 1
1 1082763673825 1
1 1082763673826 4
1 1082763673827 1
1 1082763673868 1
1 1082763673869 4
1 1082763673870 1
1 1082763673872 1
1 1082763673873 4
1 1082763673874 1
1 1082763673876 1
1 1082763673877 4
1 1082763673878 1
1 1082763673880 1
1 1082763673881 4
1 1082763673882 1
1 1082763673884 1
1 1082763673885 4
1 1082763673886 1
1 1082763673888 1
1 1082763673889 4
1 1082763673890 1
1 1082763673932 4
1 1082763673933 1
1 1082763673936 4
1 1082763673937 1
1 1082763673940 4
1 1082763673941 1
1 1082763673944 4
1 1082763673945 1
1 1082763673948 4
1 1082763673949 1
1 1082763673952 4
1 1082763673953 1
1 1082763673982 6
1 1082763673983 1
1 1082763673986 1
1 1082763673987 1
1 1082763673990 1
1 1082763673991 1
1 1082763673994 1
1 1082763673995 24
1 1082763673998 10
1 1082763673999 1
1 1082763674028 1
1 1082763674029 4
1 1082763674030 1
1 1082763674032 1
1 1082763674033 4
1 1082763674034 1
1 1082763674036 1
1 1082763674037 4
1 1082763674038 1
1 1082763674040 1
1 1082763674041 4
1 1082763674042 1
1 1082763674044 1
1 1082763674045 4
1 1082763674046 1
1 1082763674048 1
1 1082763674049 4
1 1082763674050 1
1 1082763674092 4
1 1082763674093 1
1 1082763674096 4
1 1082763674097 1
1 1082763674100 4
1 1082763674101 1
1 1082763674104 4
1 1082763674105 1
1 1082763674108 4
1 1082763674109 1
1 1082763674112 4
1 1082763674113 1
1 1082763674142 1
1 1082763674143 1
1 1082763674146 1
1 1082763674147 1
1 1082763674150 1
1 1082763674151 1
1 1082763674154 1
1 1082763674155 1
1 1082763674158 1
1 1082763674159 1
1 1082763674162 1
1 1082763674163 1
1 1082763674205 1
1 1082763674206 4
1 1082763674207 1
1 1082763674209 1
1 1082763674210 4
1 1082763674211 1
1 1082763674213 1
1 1082763674214 4
1 1082763674215 1
1 1082763674217 1
1 1082763674218 4
1 1082763674219 1
1 1082763674221 1
1 1082763674222 4
1 1082763674223 1
1 1082763674225 1
1 1082763674226 4
1 1082763674227 1
1 1082763674268 1
1 1082763674269 4
1 1082763674270 1
1 1082763674272 1
1 1082763674273 4
1 1082763674274 1
1 1082763674276 1
1 1082763674277 4
1 1082763674278 1
1 1082763674280 1
1 1082763674281 4
1 1082763674282 1
1 1082763674284 1
1 1082763674285 4
1 1082763674286 1
1 1082763674288 1
1 1082763674289 4
1 1082763674290 1
1 1082763674332 4
1 1082763674333 1
1 1082763674336 4
1 1082763674337 1
1 1082763674340 4
1 1082763674341 1
1 1082763674344 4
1 1082763674345 1
1 1082763674348 4
1 1082763674349 1
1 1082763674352 4
1 1082763674353 1
1 1082763674382 1
1 1082763674383 1
1 1082763674386 1
1 1082763674387 1
1 1082763674390 1
1 1082763674391 1
1 1082763674394 1
1 1082763674395 1
1 1082763674398 1
1 1082763674399 1
1 1082763674428 1
1 1082763674429 4
1 1082763674430 1
1 1082763674432 1
1 1082763674433 4
1 1082763674434 1
1 1082763674436 1
1 1082763674437 4
1 1082763674438 1
1 1082763674440 1
1 1082763674441 4
1 1082763674442 1
1 1082763674444 1
1 1082763674445 4
1 1082763674446 1
1 1082763674448 1
1 1082763674449 4
1 1082763674450 1
1 1082763674492 4
1 1082763674493 1
1 1082763674496 4
1 1082763674497 1
1 1082763674500 4
1 1082763674501 1
1 1082763674504 4
1 1082763674505 1
1 1082763674508 4
1 1082763674509 1
1 1082763674512 4
1 1082763674513 1
1 1082763674542 1
1 1082763674543 1
1 1082763674546 1
1 1082763674547 1
1 1082763674550 1
1 1082763674551 1
1 1082763674554 1
1 1082763674555 1
1 1082763674558 1
1 1082763674559 1
1 1082763674562 1
1 1082763674563 1
1 1082763674605 1
1 1082763674606 4
1 1082763674607 1
1 1082763674609 1
1 1082763674610 4
1 1082763674611 1
1 1082763674613 1
1 1082763674614 4
1 1082763674615 1
1 1082763674617 1
1 1082763674618 4
1 1082763674619 1
1 1082763674621 1
1 1082763674622 4
1 1082763674623 1
1 1082763674625 1
1 1082763674626 4
1 1082763674627 1
1 1082763674668 1
1 1082763674669 4
1 1082763674670 1
1 1082763674672 1
1 1082763674673 4
1 1082763674674 1
1 1082763674676 1
1 1082763674677 4
1 1082763674678 1
1 1082763674680 1
1 1082763674681 4
1 1082763674682 1
1 1082763674684 1
1 1082763674685 4
1 1082763674686 1
1 1082763674688 1
1 1082763674689 4
1 1082763674690 1
1 1082763674732 4
1 1082763674733 1
1 1082763674736 4
1 1082763674737 1
1 1082763674740 4
1 1082763674741 1
1 1082763674744 4
1 1082763674745 1
1 1082763674748 4
1 1082763674749 1
1 1082763674752 4
1 1082763674753 1
1 1082763674782 1
1 1082763674783 1
1 1082763674786 1
1 1082763674787 1
1 1082763674790 1
1 1082763674791 1
1 1082763674794 1
1 1082763674795 1
1 1082763674798 1
1 1082763674799 1
1 1082763674828 1
1 1082763674829 4
1 1082763674830 1
1 1082763674832 1
1 1082763674833 4
1 1082763674834 1
1 1082763674836 1
1 1082763674837 4
1 1082763674838 1
1 1082763674840 1
1 1082763674841 4
1 1082763674842 1
1 1082763674844 1
1 1082763674845 4
1 1082763674846 1
1 1082763674848 1
1 1082763674849 4
1 1082763674850 1
1 1082763674892 4
1 1082763674893 1
1 1082763674896 4
1 1082763674897 1
1 1082763674900 4
1 1082763674901 1
1 1082763674904 4
1 1082763674905 1
1 1082763674908 4
1 1082763674909 1
1 1082763674912 4
1 1082763674913 1
1 1082763674942 1
1 1082763674943 1
1 1082763674946 1
1 1082763674947 1
1 1082763674950 1
1 1082763674951 1
1 1082763674954 1
1 1082763674955 1
1 1082763674958 1
1 1082763674959 1
1 1082763674962 1
1 1082763674963 1
1 1082763675005 1
1 1082763675006 4
1 1082763675007 1
1 1082763675009 1
1 1082763675010 4
1 1082763675011 1
1 1082763675013 1
1 1082763675014 4
1 1082763675015 1
1 1082763675017 1
1 1082763675018 4
1 1082763675019 1
1 1082763675021 1
1 1082763675022 4
1 1082763675023 1
1 1082763675025 1
1 1082763675026 4
1 1082763675027 1
1 1082763675068 1
1 1082763675069 4
1 1082763675070 1
1 1082763675072 1
1 1082763675073 4
1 1082763675074 1
1 1082763675076 1
1 1082763675077 4
1 1082763675078 1
1 1082763675080 1
1 1082763675081 4
1 1082763675082 1
1 1082763675084 1
1 1082763675085 4
1 1082763675086 1
1 1082763675088 1
1 1082763675089 4
1 1082763675090 1
1 1082763675132 4
1 1082763675133 1
1 1082763675136 4
1 1082763675137 1
1 1082763675140 4
1 1082763675141 1
1 1082763675144 4
1 1082763675145 1
1 1082763675148 4
1 1082763675149 1
1 1082763675152 4
1 1082763675153 1
1 1082763675182 1
1 1082763675183 1
1 1082763675186 1
1 1082763675187 1
1 1082763675190 1
1 1082763675191 1
1 1082763675194 1
1 1082763675195 1
1 1082763675198 1
1 1082763675199 1
1 1082763675228 1
1 1082763675229 4
1 1082763675230 1
1 1082763675232 1
1 1082763675233 4
1 1082763675234 1
1 1082763675236 1
1 1082763675237 4
1 1082763675238 1
1 1082763675240 1
1 1082763675241 4
1 1082763675242 1
1 1082763675244 1
1 1082763675245 4
1 1082763675246 1
1 1082763675248 1
1 1082763675249 4
1 1082763675250 1
1 1082763675292 4
1 1082763675293 1
1 1082763675296 4
1 1082763675297 1
1 1082763675300 4
1 1082763675301 1
1 1082763675304 4
1 1082763675305 1
1 1082763675308 4
1 1082763675309 1
1 1082763675312 4
1 1082763675313 1
1 1082763675342 1
1 1082763675343 1
1 1082763675346 1
1 1082763675347 1
1 1082763675350 1
1 1082763675351 1
1 1082763675354 1
1 1082763675355 1
1 1082763675358 1
1 1082763675359 1
1 1082763675362 1
1 1082763675363 1
1 1082763675405 1
1 1082763675406 4
1 1082763675407 1
1 1082763675409 1
1 1082763675410 4
1 1082763675411 1
1 1082763675413 1
1 1082763675414 4
1 1082763675415 1
1 1082763675417 1
1 1082763675418 4
1 1082763675419 1
1 1082763675421 1
1 1082763675422 4
1 1082763675423 1
1 1082763675425 1
1 1082763675426 4
1 1082763675427 1
1 1082763675468 1
1 1082763675469 4
1 1082763675470 1
1 1082763675472 1
1 1082763675473 4
1 1082763675474 1
1 1082763675476 1
1 1082763675477 4
1 1082763675478 1
1 1082763675480 1
1 1082763675481 4
1 1082763675482 1
1 1082763675484 1
1 1082763675485 4
1 1082763675486 1
1 1082763675488 1
1 1082763675489 4
1 1082763675490 1
1 1082763675532 4
1 1082763675533 1
1 1082763675536 4
1 1082763675537 1
1 1082763675540 4
1 1082763675541 1
1 1082763675544 4
1 1082763675545 1
1 1082763675548 4
1 1082763675549 1
1 1082763675552 4
1 1082763675553 1
1 1082763675582 1
1 1082763675583 1
1 1082763675586 1
1 1082763675587 1
1 1082763675590 1
1 1082763675591 1
1 1082763675594 1
1 1082763675595 1
1 1082763675598 1
1 1082763675599 1
1 1082763675628 1
1 1082763675629 4
1 1082763675630 1
1 1082763675632 1
1 1082763675633 4
1 1082763675634 1
1 1082763675636 1
1 1082763675637 4
1 1082763675638 1
1 1082763675640 1
1 1082763675641 4
1 1082763675642 1
1 1082763675644 1
1 1082763675645 4
1 1082763675646 1
1 1082763675648 1
1 1082763675649 4
1 1082763675650 1
1 1082763675692 4
1 1082763675693 1
1 1082763675696 4
1 1082763675697 1
1 1082763675700 4
1 1082763675701 1
1 1082763675704 4
1 1082763675705 1
1 1082763675708 4
1 1082763675709 1
1 1082763675712 4
1 1082763675713 1
1 1082763675742 1
1 1082763675743 1
1 1082763675746 1
1 1082763675747 1
1 1082763675750 1
1 1082763675751 1
1 1082763675754 1
1 1082763675755 1
1 1082763675758 1
1 1082763675759 1
1 1082763675762 1
1 1082763675763 1
1 1082763675805 1
1 1082763675806 4
1 1082763675807 1
1 1082763675809 1
1 1082763675810 4
1 1082763675811 1
1 1082763675813 1
1 1082763675814 4
1 1082763675815 1
1 1082763675817 1
1 1082763675818 4
1 1082763675819 1
1 1082763675821 1
1 1082763675822 4
1 1082763675823 1
1 1082763675825 1
1 1082763675826 4
1 1082763675827 1
1 1082763675868 1
1 1082763675869 4
1 1082763675870 1
1 1082763675872 1
1 1082763675873 4
1 1082763675874 1
1 1082763675876 1
1 1082763675877 4
1 1082763675878 1
1 1082763675880 1
1 1082763675881 4
1 1082763675882 1
1 1082763675884 1
1 1082763675885 4
1 1082763675886 1
1 1082763675888 1
1 1082763675889 4
1 1082763675890 1
1 1082763675932 4
1 1082763675933 1
1 1082763675936 4
1 1082763675937 1
1 1082763675940 4
1 1082763675941 1
1 1082763675944 4
1 1082763675945 1
1 1082763675948 4
1 1082763675949 1
1 1082763675952 4
1 1082763675953 1
1 1082763675982 1
1 1082763675983 1
1 1082763675986 1
1 1082763675987 1
1 1082763675990 1
1 1082763675991 1
1 1082763675994 1
1 1082763675995 1
1 1082763675998 1
1 1082763675999 1
1 1082763676028 1
1 1082763676029 4
1 1082763676030 1
1 1082763676032 1
1 1082763676033 4
1 1082763676034 1
1 1082763676036 1
1 1082763676037 4
1 1082763676038 1
1 1082763676040 1
1 1082763676041 4
1 1082763676042 1
1 1082763676044 1
1 1082763676045 4
1 1082763676046 1
1 1082763676048 1
1 1082763676049 4
1 1082763676050 1
1 1082763676092 4
1 1082763676093 1
1 1082763676096 4
1 1082763676097 1
1 1082763676100 4
1 1082763676101 1
1 1082763676104 4
1 1082763676105 1
1 1082763676108 4
1 1082763676109 1
1 1082763676112 4
1 1082763676113 1
1 1082763676142 1
1 1082763676143 1
1 1082763676146 1
1 1082763676147 1
1 1082763676150 1
1 1082763676151 1
1 1082763676154 1
1 1082763676155 1
1 1082763676158 1
1 1082763676159 1
1 1082763676162 1
1 1082763676163 1
1 1082763676205 1
1 1082763676206 4
1 1082763676207 1
1 1082763676209 1
1 1082763676210 4
1 1082763676211 1
1 1082763676213 1
1 1082763676214 4
1 1082763676215 1
1 1082763676217 1
1 1082763676218 4
1 1082763676219 1
1 1082763676221 1
1 1082763676222 4
1 1082763676223 1
1 1082763676225 1
1 1082763676226 4
1 1082763676227 1
1 1082763676268 1
1 1082763676269 4
1 1082763676270 1
1 1082763676272 1
1 1082763676273 4
1 1082763676274 1
1 1082763676276 1
1 1082763676277 4
1 1082763676278 1
1 1082763676280 1
1 1082763676281 4
1 1082763676282 1
1 1082763676284 1
1 1082763676285 4
1 1082763676286 1
1 1082763676288 1
1 1082763676289 4
1 1082763676290 1
1 1082763676332 4
1 1082763676333 1
1 1082763676336 4
1 1082763676337 1
1 1082763676340 4
1 1082763676341 1
1 1082763676344 4
1 1082763676345 1
1 1082763676348 4
1 1082763676349 1
1 1082763676352 4
1 1082763676353 1
1 1082763676382 1
1 1082763676383 1
1 1082763676386 1
1 1082763676387 1
1 1082763676390 1
1 1082763676391 1
1 1082763676394 1
1 1082763676395 1
1 1082763676398 1
1 1082763676399 1
1 1082763676428 1
1 1082763676429 4
1 1082763676430 1
1 1082763676432 1
1 1082763676433 4
1 1082763676434 1
1 1082763676436 1
1 1082763676437 4
1 1082763676438 1
1 1082763676440 1
1 1082763676441 4
1 1082763676442 1
1 1082763676444 1
1 1082763676445 4
1 1082763676446 1
1 1082763676448 1
1 1082763676449 4
1 1082763676450 1
1 1082763676492 4
1 1082763676493 1
1 1082763676496 4
1 1082763676497 1
1 1082763676500 4
1 1082763676501 1
1 1082763676504 4
1 1082763676505 1
1 1082763676508 4
1 1082763676509 1
1 1082763676512 4
1 1082763676513 1
1 1082763676542 1
1 1082763676543 1
1 1082763676546 1
1 1082763676547 1
1 1082763676550 1
1 1082763676551 1
1 1082763676554 1
1 1082763676555 1
1 1082763676558 1
1 1082763676559 1
1 1082763676562 1
1 1082763676563 1
1 1082763676605 1
1 1082763676606 4
1 1082763676607 1
1 1082763676609 1
1 1082763676610 4
1 1082763676611 1
1 1082763676613 1
1 1082763676614 4
1 1082763676615 1
1 1082763676617 1
1 1082763676618 4
1 1082763676619 1
1 1082763676621 1
1 1082763676622 4
1 1082763676623 1
1 1082763676625 1
1 1082763676626 4
1 1082763676627 1
1 1082763676668 1
1 1082763676669 4
1 1082763676670 1
1 1082763676672 1
1 1082763676673 4
1 1082763676674 1
1 1082763676676 1
1 1082763676677 4
1 1082763676678 1
1 1082763676680 1
1 1082763676681 4
1 1082763676682 1
1 1082763676684 1
1 1082763676685 4
1 1082763676686 1
1 1082763676688 1
1 1082763676689 4
1 1082763676690 1
1 1082763676732 4
1 1082763676733 1
1 1082763676736 4
1 1082763676737 1
1 1082763676740 4
1 1082763676741 1
1 1082763676744 4
1 1082763676745 1
1 1082763676748 4
1 1082763676749 1
1 1082763676752 4
1 1082763676753 1
1 1082763676782 1
1 1082763676783 1
1 1082763676786 1
1 1082763676787 1
1 1082763676790 1
1 1082763676791 1
1 1082763676794 1
1 1082763676795 1
1 1082763676798 1
1 1082763676799 1
1 1082763676828 1
1 1082763676829 4
1 1082763676830 1
1 1082763676832 1
1 1082763676833 4
1 1082763676834 1
1 1082763676836 1
1 1082763676837 4
1 1082763676838 1
1 1082763676840 1
1 1082763676841 4
1 1082763676842 1
1 1082763676844 1
1 1082763676845 4
1 1082763676846 1
1 1082763676848 1
1 1082763676849 4
1 1082763676850 1
1 1082763676892 4
1 1082763676893 1
1 1082763676896 4
1 1082763676897 1
1 1082763676900 4
1 1082763676901 1
1 1082763676904 4
1 1082763676905 1
1 1082763676908 4
1 1082763676909 1
1 1082763676912 4
1 1082763676913 1
1 1082763676942 1
1 1082763676943 1
1 1082763676946 1
1 1082763676947 1
1 1082763676950 1
1 1082763676951 1
1 1082763676954 1
1 1082763676955 1
1 1082763676958 1
1 1082763676959 1
1 1082763676962 1
1 1082763676963 1
1 1082763677005 1
1 1082763677006 4
1 1082763677007 1
1 1082763677009 1
1 1082763677010 4
1 1082763677011 1
1 1082763677013 1
1 1082763677014 4
1 1082763677015 1
1 1082763677017 1
1 1082763677018 4
1 1082763677019 1
1 1082763677021 1
1 1082763677022 4
1 1082763677023 1
1 1082763677025 1
1 1082763677026 4
1 1082763677027 1
1 1082763677068 1
1 1082763677069 4
1 1082763677070 1
1 1082763677072 1
1 1082763677073 4
1 1082763677074 1
1 1082763677076 1
1 1082763677077 4
1 1082763677078 1
1 1082763677080 1
1 1082763677081 4
1 1082763677082 1
1 1082763677084 1
1 1082763677085 4
1 1082763677086 1
1 1082763677088 1
1 1082763677089 4
1 1082763677090 1
1 1082763677132 4
1 1082763677133 1
1 1082763677136 4
1 1082763677137 1
1 1082763677140 4
1 1082763677141 1
1 1082763677144 4
1 1082763677145 1
1 1082763677148 4
1 1082763677149 1
1 1082763677152 4
1 1082763677153 1
1 1082763677182 1
1 1082763677183 1
1 1082763677186 1
1 1082763677187 1
1 1082763677190 1
1 1082763677191 1
1 1082763677194 1
1 1082763677195 1
1 1082763677198 1
1 1082763677199 1
1 1082763677228 1
1 1082763677229 4
1 1082763677230 1
1 1082763677232 1
1 1082763677233 4
1 1082763677234 1
1 1082763677236 1
1 1082763677237 4
1 1082763677238 1
1 1082763677240 1
1 1082763677241 4
1 1082763677242 1
1 1082763677244 1
1 1082763677245 4
1 1082763677246 1
1 1082763677248 1
1 1082763677249 4
1 1082763677250 1
1 1082763677292 4
1 1082763677293 1
1 1082763677296 4
1 1082763677297 1
1 1082763677300 4
1 1082763677301 1
1 1082763677304 4
1 1082763677305 1
1 1082763677308 4
1 1082763677309 1
1 1082763677312 4
1 1082763677313 1
1 1082763677342 1
1 1082763677343 1
1 1082763677346 1
1 1082763677347 1
1 1082763677350 1
1 1082763677351 1
1 1082763677354 1
1 1082763677355 1
1 1082763677358 1
1 1082763677359 1
1 1082763677362 1
1 1082763677363 1
1 1082763677405 1
1 1082763677406 4
1 1082763677407 1
1 1082763677409 1
1 1082763677410 4
1 1082763677411 1
1 1082763677413 1
1 1082763677414 4
1 1082763677415 1
1 1082763677417 1
1 1082763677418 4
1 1082763677419 1
1 1082763677421 1
1 1082763677422 4
1 1082763677423 1
1 1082763677425 1
1 1082763677426 4
1 1082763677427 1
1 1082763677468 1
1 1082763677469 4
1 1082763677470 1
1 1082763677472 1
1 1082763677473 4
1 1082763677474 1
1 1082763677476 1
1 1082763677477 4
1 1082763677478 1
1 1082763677480 1
1 1082763677481 4
1 1082763677482 1
1 1082763677484 1
1 1082763677485 4
1 1082763677486 1
1 1082763677488 1
1 1082763677489 4
1 1082763677490 1
1 1082763677532 4
1 1082763677533 1
1 1082763677536 4
1 1082763677537 1
1 1082763677540 4
1 1082763677541 1
1 1082763677544 4
1 1082763677545 1
1 1082763677548 4
1 1082763677549 1
1 1082763677552 4
1 1082763677553 1
1 1082763677582 1
1 1082763677583 1
1 1082763677586 1
1 1082763677587 1
1 1082763677590 1
1 1082763677591 1
1 1082763677594 1
1 1082763677595 1
1 1082763677598 1
1 1082763677599 1
1 1082763677628 1
1 1082763677629 4
1 1082763677630 1
1 1082763677632 1
1 1082763677633 4
1 1082763677634 1
1 1082763677636 1
1 1082763677637 4
1 1082763677638 1
1 1082763677640 1
1 1082763677641 4
1 1082763677642 1
1 1082763677644 1
1 1082763677645 4
1 1082763677646 1
1 1082763677648 1
1 1082763677649 4
1 1082763677650 1
1 1082763677692 4
1 1082763677693 1
1 1082763677696 4
1 1082763677697 1
1 1082763677700 4
1 1082763677701 1
1 1082763677704 4
1 1082763677705 1
1 1082763677708 4
1 1082763677709 1
1 1082763677712 4
1 1082763677713 1
1 1082763677742 1
1 1082763677743 1
1 1082763677746 1
1 1082763677747 1
1 1082763677750 1
1 1082763677751 1
1 1082763677754 1
1 1082763677755 1
1 1082763677758 1
1 1082763677759 1
1 1082763677762 1
1 1082763677763 1
1 1082763677805 1
1 1082763677806 4
1 1082763677807 1
1 1082763677809 1
1 1082763677810 4
1 1082763677811 1
1 1082763677813 1
1 1082763677814 4
1 1082763677815 1
1 1082763677817 1
1 1082763677818 4
1 1082763677819 1
1 1082763677821 1
1 1082763677822 4
1 1082763677823 1
1 1082763677825 1
1 1082763677826 4
1 1082763677827 1
1 1082763677868 1
1 1082763677869 4
1 1082763677870 1
1 1082763677872 1
1 1082763677873 4
1 1082763677874 1
1 1082763677876 1
1 1082763677877 4
1 1082763677878 1
1 1082763677880 1
1 1082763677881 4
1 1082763677882 1
1 1082763677884 1
1 1082763677885 4
1 1082763677886 1
1 1082763677888 1
1 1082763677889 4
1 1082763677890 1
1 1082763677932 4
1 1082763677933 1
1 1082763677936 4
1 1082763677937 1
1 1082763677940 4
1 1082763677941 1
1 1082763677944 4
1 1082763677945 1
1 1082763677948 4
1 1082763677949 1
1 1082763677952 4
1 1082763677953 1
1 1082763677982 1
1 1082763677983 1
1 1082763677986 1
1 1082763677987 1
1 1082763677990 1
1 1082763677991 1
1 1082763677994 1
1 1082763677995 1
1 1082763677998 1
1 1082763677999 1
1 1082763678028 1
1 1082763678029 4
1 1082763678030 1
1 1082763678032 1
1 1082763678033 4
1 1082763678034 1
1 1082763678036 1
1 1082763678037 4
1 1082763678038 1
1 1082763678040 1
1 1082763678041 4
1 1082763678042 1
1 1082763678044 1
1 1082763678045 4
1 1082763678046 1
1 1082763678048 1
1 1082763678049 4
1 1082763678050 1
1 1082763678092 4
1 1082763678093 1
1 1082763678096 4
1 1082763678097 1
1 1082763678100 4
1 1082763678101 1
1 1082763678104 4
1 1082763678105 1
1 1082763678108 4
1 1082763678109 1
1 1082763678112 4
1 1082763678113 1
1 1082763678142 1
1 1082763678143 1
1 1082763678146 1
1 1082763678147 1
1 1082763678150 1
1 1082763678151 1
1 1082763678154 1
1 1082763678155 1
1 1082763678158 1
1 1082763678159 1
1 1082763678162 1
1 1082763678163 1
1 1082763678205 1
1 1082763678206 4
1 1082763678207 1
1 1082763678209 1
1 1082763678210 4
1 1082763678211 1
1 1082763678213 1
1 1082763678214 4
1 1082763678215 1
1 1082763678217 1
1 1082763678218 4
1 1082763678219 1
1 1082763678221 1
1 1082763678222 4
1 1082763678223 1
1 1082763678225 1
1 1082763678226 4
1 1082763678227 1
1 1082763678268 1
1 1082763678269 4
1 1082763678270 1
1 1082763678272 1
1 1082763678273 4
1 1082763678274 1
1 1082763678276 1
1 1082763678277 4
1 1082763678278 1
1 1082763678280 1
1 1082763678281 4
1 1082763678282 1
1 1082763678284 1
1 1082763678285 4
1 1082763678286 1
1 1082763678288 1
1 1082763678289 4
1 1082763678290 1
1 1082763678332 4
1 1082763678333 1
1 1082763678336 4
1 1082763678337 1
1 1082763678340 4
1 1082763678341 1
1 1082763678344 4
1 1082763678345 1
1 1082763678348 4
1 1082763678349 1
1 1082763678352 4
1 1082763678353 1
1 1082763678382 1
1 1082763678383 1
1 1082763678386 1
1 1082763678387 1
1 1082763678390 1
1 1082763678391 1
1 1082763678394 1
1 1082763678395 1
1 1082763678398 1
1 1082763678399 1
1 1082763678428 1
1 1082763678429 4
1 1082763678430 1
1 1082763678432 1
1 1082763678433 4
1 1082763678434 1
1 1082763678436 1
1 1082763678437 4
1 1082763678438 1
1 1082763678440 1
1 1082763678441 4
1 1082763678442 1
1 1082763678444 1
1 1082763678445 4
1 1082763678446 1
1 1082763678448 1
1 1082763678449 4
1 1082763678450 1
1 1082763678492 4
1 1082763678493 1
1 1082763678496 4
1 1082763678497 1
1 1082763678500 4
1 1082763678501 1
1 1082763678504 4
1 1082763678505 1
1 1082763678508 4
1 1082763678509 1
1 1082763678512 4
1 1082763678513 1
1 1082763678542 1
1 1082763678543 1
1 1082763678546 1
1 1082763678547 1
1 1082763678550 1
1 1082763678551 1
1 1082763678554 1
1 1082763678555 1
1 1082763678558 1
1 1082763678559 1
1 1082763678562 1
1 1082763678563 1
1 1082763678605 1
1 1082763678606 4
1 1082763678607 1
1 1082763678609 1
1 1082763678610 4
1 1082763678611 1
1 1082763678613 1
1 1082763678614 4
1 1082763678615 1
1 1082763678617 1
1 1082763678618 4
1 1082763678619 1
1 1082763678621 1
1 1082763678622 4
1 1082763678623 1
1 1082763678625 1
1 1082763678626 4
1 1082763678627 1
1 1082763678668 1
1 1082763678669 4
1 1082763678670 1
1 1082763678672 1
1 1082763678673 4
1 1082763678674 1
1 1082763678676 1
1 1082763678677 4
1 1082763678678 1
1 1082763678680 1
1 1082763678681 4
1 1082763678682 1
1 1082763678684 1
1 1082763678685 4
1 1082763678686 1
1 1082763678688 1
1 1082763678689 4
1 1082763678690 1
1 1082763678732 4
1 1082763678733 1
1 1082763678736 4
1 1082763678737 1
1 1082763678740 4
1 1082763678741 1
1 1082763678744 4
1 1082763678745 1
1 1082763678748 4
1 1082763678749 1
1 1082763678752 4
1 1082763678753 1
1 1082763678782 1
1 1082763678783 1
1 1082763678786 1
1 1082763678787 1
1 1082763678790 1
1 1082763678791 1
1 1082763678794 1
1 1082763678795 1
1 1082763678798 1
1 1082763678799 1
1 1082763678828 1
1 1082763678829 4
1 1082763678830 1
1 1082763678832 1
1 1082763678833 4
1 1082763678834 1
1 1082763678836 1
1 1082763678837 4
1 1082763678838 1
1 1082763678840 1
1 1082763678841 4
1 1082763678842 1
1 1082763678844 1
1 1082763678845 4
1 1082763678846 1
1 1082763678848 1
1 1082763678849 4
1 1082763678850 1
1 1082763678892 4
1 1082763678893 1
1 1082763678896 4
1 1082763678897 1
1 1082763678900 4
1 1082763678901 1
1 1082763678904 4
1 1082763678905 1
1 1082763678908 4
1 1082763678909 1
1 1082763678912 4
1 1082763678913 1
1 1082763678942 1
1 1082763678943 1
1 1082763678946 1
1 1082763678947 1
1 1082763678950 1
1 1082763678951 1
1 1082763678954 1
1 1082763678955 1
1 1082763678958 1
1 1082763678959 1
1 1082763678962 1
1 1082763678963 1
1 1082763679005 1
1 1082763679006 4
1 1082763679007 1
1 1082763679009 1
1 1082763679010 4
1 1082763679011 1
1 1082763679013 1
1 1082763679014 4
1 1082763679015 1
1 1082763679017 1
1 1082763679018 4
1 1082763679019 1
1 1082763679021 1
1 1082763679022 4
1 1082763679023 1
1 1082763679025 1
1 1082763679026 4
1 1082763679027 1
1 1082763679068 1
1 1082763679069 4
1 1082763679070 1
1 1082763679072 1
1 1082763679073 4
1 1082763679074 1
1 1082763679076 1
1 1082763679077 4
1 1082763679078 1
1 1082763679080 1
1 1082763679081 4
1 1082763679082 1
1 1082763679084 1
1 1082763679085 4
1 1082763679086 1
1 1082763679088 1
1 1082763679089 4
1 1082763679090 1
1 1082763679132 4
1 1082763679133 1
1 1082763679136 4
1 1082763679137 1
1 1082763679140 4
1 1082763679141 1
1 1082763679144 4
1 1082763679145 1
1 1082763679148 4
1 1082763679149 1
1 1082763679152 4
1 1082763679153 1
1 1082763679182 1
1 1082763679183 1
1 1082763679186 1
1 1082763679187 1
1 1082763679190 1
1 1082763679191 1
1 1082763679194 1
1 1082763679195 1
1 1082763679198 1
1 1082763679199 1
1 1082763679228 1
1 1082763679229 4
1 1082763679230 1
1 1082763679232 1
1 1082763679233 4
1 1082763679234 1
1 1082763679236 1
1 1082763679237 4
1 1082763679238 1
1 1082763679240 1
1 1082763679241 4
1 1082763679242 1
1 1082763679244 1
1 1082763679245 4
1 1082763679246 1
1 1082763679248 1
1 1082763679249 4
1 1082763679250 1
1 1082763679292 4
1 1082763679293 1
1 1082763679296 4
1 1082763679297 1
1 1082763679300 4
1 1082763679301 1
1 1082763679304 4
1 1082763679305 1
1 1082763679308 4
1 1082763679309 1
1 1082763679312 4
1 1082763679313 1
1 1082763679342 1
1 1082763679343 1
1 1082763679346 1
1 1082763679347 1
1 1082763679350 1
1 1082763679351 1
1 1082763679354 1
1 1082763679355 1
1 1082763679358 1
1 1082763679359 1
1 1082763679362 1
1 1082763679363 1
1 1082763679405 1
1 1082763679406 4
1 1082763679407 1
1 1082763679409 1
1 1082763679410 4
1 1082763679411 1
1 1082763679413 1
1 1082763679414 4
1 1082763679415 1
1 1082763679417 1
1 1082763679418 4
1 1082763679419 1
1 1082763679421 1
1 1082763679422 4
1 1082763679423 1
1 1082763679425 1
1 1082763679426 4
1 1082763679427 1
1 1082763679468 1
1 1082763679469 4
1 1082763679470 1
1 1082763679472 1
1 1082763679473 4
1 1082763679474 1
1 1082763679476 1
1 1082763679477 4
1 1082763679478 1
1 1082763679480 1
1 1082763679481 4
1 1082763679482 1
1 1082763679484 1
1 1082763679485 4
1 1082763679486 1
1 1082763679488 1
1 1082763679489 4
1 1082763679490 1
1 1082763679532 4
1 1082763679533 1
1 1082763679536 4
1 1082763679537 1
1 1082763679540 4
1 1082763679541 1
1 1082763679544 4
1 1082763679545 1
1 1082763679548 4
1 1082763679549 1
1 1082763679552 4
1 1082763679553 1
1 1082763679582 1
1 1082763679583 1
1 1082763679586 1
1 1082763679587 1
1 1082763679590 1
1 1082763679591 1
1 1082763679594 1
1 1082763679595 1
1 1082763679598 1
1 1082763679599 1
1 1082763679628 1
1 1082763679629 4
1 1082763679630 1
1 1082763679632 1
1 1082763679633 4
1 1082763679634 1
1 1082763679636 1
1 1082763679637 4
1 1082763679638 1
1 1082763679640 1
1 1082763679641 4
1 1082763679642 1
1 1082763679644 1
1 1082763679645 4
1 1082763679646 1
1 1082763679648 1
1 1082763679649 4
1 1082763679650 1
1 1082763679692 4
1 1082763679693 1
1 1082763679696 4
1 1082763679697 1
1 1082763679700 4
1 1082763679701 1
1 1082763679704 4
1 1082763679705 1
1 1082763679708 4
1 1082763679709 1
1 1082763679712 4
1 1082763679713 1
1 1082763679742 1
1 1082763679743 1
1 1082763679746 1
1 1082763679747 1
1 1082763679750 1
1 1082763679751 1
1 1082763679754 1
1 1082763679755 1
1 1082763679758 1
1 1082763679759 1
1 1082763679762 1
1 1082763679763 1
1 1082763679805 1
1 1082763679806 4
1 1082763679807 1
1 1082763679809 1
1 1082763679810 4
1 1082763679811 1
1 1082763679813 1
1 1082763679814 4
1 1082763679815 1
1 1082763679817 1
1 1082763679818 4
1 1082763679819 1
1 1082763679821 1
1 1082763679822 4
1 1082763679823 1
1 1082763679825 1
1 1082763679826 4
1 1082763679827 1
1 1082763679868 1
1 1082763679869 4
1 1082763679870 1
1 1082763679872 1
1 1082763679873 4
1 1082763679874 1
1 1082763679876 1
1 1082763679877 4
1 1082763679878 1
1 1082763679880 1
1 1082763679881 4
1 1082763679882 1
1 1082763679884 1
1 1082763679885 4
1 1082763679886 1
1 1082763679888 1
1 1082763679889 4
1 1082763679890 1
1 1082763679932 4
1 1082763679933 1
1 1082763679936 4
1 1082763679937 1
1 1082763679940 4
1 1082763679941 1
1 1082763679944 4
1 1082763679945 1
1 1082763679948 4
1 1082763679949 1
1 1082763679952 4
1 1082763679953 1
1 1082763679982 1
1 1082763679983 1
1 1082763679986 1
1 1082763679987 1
1 1082763679990 1
1 1082763679991 1
1 1082763679994 1
1 1082763679995 1
1 1082763679998 1
1 1082763679999 1
1 1082763680028 1
1 1082763680029 4
1 1082763680030 1
1 1082763680032 1
1 1082763680033 4
1 1082763680034 1
1 1082763680036 1
1 1082763680037 4
1 1082763680038 1
1 1082763680040 1
1 1082763680041 4
1 1082763680042 1
1 1082763680044 1
1 1082763680045 4
1 1082763680046 1
1 1082763680048 1
1 1082763680049 4
1 1082763680050 1
1 1082763680092 4
1 1082763680093 1
1 1082763680096 4
1 1082763680097 1
1 1082763680100 4
1 1082763680101 1
1 1082763680104 4
1 1082763680105 1
1 1082763680108 4
1 1082763680109 1
1 1082763680112 4
1 1082763680113 1
1 1082763680142 1
1 1082763680143 1
1 1082763680146 1
1 1082763680147 1
1 1082763680150 1
1 1082763680151 1
1 1082763680154 1
1 1082763680155 1
1 1082763680158 1
1 1082763680159 1
1 1082763680162 1
1 1082763680163 1
1 1082763680205 1
1 1082763680206 4
1 1082763680207 1
1 1082763680209 1
1 1082763680210 4
1 1082763680211 1
1 1082763680213 1
1 1082763680214 4
1 1082763680215 1
1 1082763680217 1
1 1082763680218 4
1 1082763680219 1
1 1082763680221 1
1 1082763680222 4
1 1082763680223 1
1 1082763680225 1
1 1082763680226 4
1 1082763680227 1
1 1082763680268 1
1 1082763680269 4
1 1082763680270 1
1 1082763680272 1
1 1082763680273 4
1 1082763680274 1
1 1082763680276 1
1 1082763680277 4
1 1082763680278 1
1 1082763680280 1
1 1082763680281 4
1 1082763680282 1
1 1082763680284 1
1 1082763680285 4
1 1082763680286 1
1 1082763680288 1
1 1082763680289 4
1 1082763680290 1
1 1082763680332 4
1 1082763680333 1
1 1082763680336 4
1 1082763680337 1
1 1082763680340 4
1 1082763680341 1
1 1082763680344 4
1 1082763680345 1
1 1082763680348 4
1 1082763680349 1
1 1082763680352 4
1 1082763680353 1
1 1082763680382 1
1 1082763680383 1
1 1082763680386 1
1 1082763680387 1
1 1082763680390 1
1 1082763680391 1
1 1082763680394 1
1 1082763680395 1
1 1082763680398 1
1 1082763680399 1
1 1082763680428 1
1 1082763680429 4
1 1082763680430 1
1 1082763680432 1
1 1082763680433 4
1 1082763680434 1
1 1082763680436 1
1 1082763680437 4
1 1082763680438 1
1 1082763680440 1
1 1082763680441 4
1 1082763680442 1
1 1082763680444 1
1 1082763680445 4
1 1082763680446 1
1 1082763680448 1
1 1082763680449 4
1 1082763680450 1
1 1082763680492 4
1 1082763680493 1
1 1082763680496 4
1 1082763680497 1
1 1082763680500 4
1 1082763680501 1
1 1082763680504 4
1 1082763680505 1
1 1082763680508 4
1 1082763680509 1
1 1082763680512 4
1 1082763680513 1
1 1082763680542 1
1 1082763680543 1
1 1082763680546 1
1 1082763680547 1
1 1082763680550 1
1 1082763680551 1
1 1082763680554 1
1 1082763680555 1
1 1082763680558 1
1 1082763680559 1
1 1082763680562 1
1 1082763680563 1
1 1082763680605 1
1 1082763680606 4
1 1082763680607 1
1 1082763680609 1
1 1082763680610 4
1 1082763680611 1
1 1082763680613 1
1 1082763680614 4
1 1082763680615 1
1 1082763680617 1
1 1082763680618 4
1 1082763680619 1
1 1082763680621 1
1 1082763680622 4
1 1082763680623 1
1 1082763680625 1
1 1082763680626 4
1 1082763680627 1
1 1082763680668 1
1 1082763680669 4
1 1082763680670 1
1 1082763680672 1
1 1082763680673 4
1 1082763680674 1
1 1082763680676 1
1 1082763680677 4
1 1082763680678 1
1 1082763680680 1
1 1082763680681 4
1 1082763680682 1
1 1082763680684 1
1 1082763680685 4
1 1082763680686 1
1 1082763680688 1
1 1082763680689 4
1 1082763680690 1
1 1082763680732 4
1 1082763680733 1
1 1082763680736 4
1 1082763680737 1
1 1082763680740 4
1 1082763680741 1
1 1082763680744 4
1 1082763680745 1
1 1082763680748 4
1 1082763680749 1
1 1082763680752 4
1 1082763680753 1
1 1082763680782 1
1 1082763680783 1
1 1082763680786 1
1 1082763680787 1
1 1082763680790 1
1 1082763680791 1
1 1082763680794 1
1 1082763680795 1
1 1082763680798 1
1 1082763680799 1
1 1082763680828 1
1 1082763680829 4
1 1082763680830 1
1 1082763680832 1
1 1082763680833 4
1 1082763680834 1
1 1082763680836 1
1 1082763680837 4
1 1082763680838 1
1 1082763680840 1
1 1082763680841 4
1 1082763680842 1
1 1082763680844 1
1 1082763680845 4
1 1082763680846 1
1 1082763680848 1
1 1082763680849 4
1 1082763680850 1
1 1082763680892 4
1 1082763680893 1
1 1082763680896 4
1 1082763680897 1
1 1082763680900 4
1 1082763680901 1
1 1082763680904 4
1 1082763680905 1
1 1082763680908 4
1 1082763680909 1
1 1082763680912 4
1 1082763680913 1
1 1082763680942 1
1 1082763680943 1
1 1082763680946 1
1 1082763680947 1
1 1082763680950 1
1 1082763680951 1
1 1082763680954 1
1 1082763680955 1
1 1082763680958 1
1 1082763680959 1
1 1082763680962 1
1 1082763680963 1
1 1082763681005 1
1 1082763681006 4
1 1082763681007 1
1 1082763681009 1
1 1082763681010 4
1 1082763681011 1
1 1082763681013 1
1 1082763681014 4
1 1082763681015 1
1 1082763681017 1
1 1082763681018 4
1 1082763681019 1
1 1082763681021 1
1 1082763681022 4
1 1082763681023 1
1 1082763681025 1
1 1082763681026 4
1 1082763681027 1
1 1082763681068 1
1 1082763681069 4
1 1082763681070 1
1 1082763681072 1
1 1082763681073 4
1 1082763681074 1
1 1082763681076 1
1 1082763681077 4
1 1082763681078 1
1 1082763681080 1
1 1082763681081 4
1 1082763681082 1
1 1082763681084 1
1 1082763681085 4
1 1082763681086 1
1 1082763681088 1
1 1082763681089 4
1 1082763681090 1
1 1082763681132 4
1 1082763681133 1
1 1082763681136 4
1 1082763681137 1
1 1082763681140 4
1 1082763681141 1
1 1082763681144 4
1 1082763681145 1
1 1082763681148 4
1 1082763681149 1
1 1082763681152 4
1 1082763681153 1
1 1082763681182 1
1 1082763681183 1
1 1082763681186 1
1 1082763681187 1
1 1082763681190 1
1 1082763681191 1
1 1082763681194 1
1 1082763681195 1
1 1082763681198 1
1 1082763681199 1
1 1082763681228 1
1 1082763681229 4
1 1082763681230 1
1 1082763681232 1
1 1082763681233 4
1 1082763681234 1
1 1082763681236 1
1 1082763681237 4
1 1082763681238 1
1 1082763681240 1
1 1082763681241 4
1 1082763681242 1
1 1082763681244 1
1 1082763681245 4
1 1082763681246 1
1 1082763681248 1
1 1082763681249 4
1 1082763681250 1
1 1082763681292 4
1 1082763681293 1
1 1082763681296 4
1 1082763681297 1
1 1082763681300 4
1 1082763681301 1
1 1082763681304 4
1 1082763681305 1
1 1082763681308 4
1 1082763681309 1
1 1082763681312 4
1 1082763681313 1
1 1082763681342 1
1 1082763681343 1
1 1082763681346 1
1 1082763681347 1
1 1082763681350 1
1 1082763681351 1
1 1082763681354 1
1 1082763681355 1
1 1082763681358 1
1 1082763681359 1
1 1082763681362 1
1 1082763681363 1
1 1082763681405 1
1 1082763681406 4
1 1082763681407 1
1 1082763681409 1
1 1082763681410 4
1 1082763681411 1
1 1082763681413 1
1 1082763681414 4
1 1082763681415 1
1 1082763681417 1
1 1082763681418 4
1 1082763681419 1
1 1082763681421 1
1 1082763681422 4
1 1082763681423 1
1 1082763681425 1
1 1082763681426 4
1 1082763681427 1
1 1082763681468 1
1 1082763681469 4
1 1082763681470 1
1 1082763681472 1
1 1082763681473 4
1 1082763681474 1
1 1082763681476 1
1 1082763681477 4
1 1082763681478 1
1 1082763681480 1
1 1082763681481 4
1 1082763681482 1
1 1082763681484 1
1 1082763681485 4
1 1082763681486 1
1 1082763681488 1
1 1082763681489 4
1 1082763681490 1
1 1082763681532 4
1 1082763681533 1
1 1082763681536 4
1 1082763681537 1
1 1082763681540 4
1 1082763681541 1
1 1082763681544 4
1 1082763681545 1
1 1082763681548 4
1 1082763681549 1
1 1082763681552 4
1 1082763681553 1
1 1082763681582 1
1 1082763681583 1
1 1082763681586 1
1 1082763681587 1
1 1082763681590 1
1 1082763681591 1
1 1082763681594 1
1 1082763681595 1
1 1082763681598 1
1 1082763681599 1
1 1082763681628 1
1 1082763681629 4
1 1082763681630 1
1 1082763681632 1
1 1082763681633 4
1 1082763681634 1
1 1082763681636 1
1 1082763681637 4
1 1082763681638 1
1 1082763681640 1
1 1082763681641 4
1 1082763681642 1
1 1082763681644 1
1 1082763681645 4
1 1082763681646 1
1 1082763681648 1
1 1082763681649 4
1 1082763681650 1
1 1082763681692 4
1 1082763681693 1
1 1082763681696 4
1 1082763681697 1
1 1082763681700 4
1 1082763681701 1
1 1082763681704 4
1 1082763681705 1
1 1082763681708 4
1 1082763681709 1
1 1082763681712 4
1 1082763681713 1
1 1082763681742 1
1 1082763681743 1
1 1082763681746 1
1 1082763681747 1
1 1082763681750 1
1 1082763681751 1
1 1082763681754 1
1 1082763681755 1
1 1082763681758 1
1 1082763681759 1
1 1082763681762 1
1 1082763681763 1
1 1082763681805 1
1 1082763681806 4
1 1082763681807 1
1 1082763681809 1
1 1082763681810 4
1 1082763681811 1
1 1082763681813 1
1 1082763681814 4
1 1082763681815 1
1 1082763681817 1
1 1082763681818 4
1 1082763681819 1
1 1082763681821 1
1 1082763681822 4
1 1082763681823 1
1 1082763681825 1
1 1082763681826 4
1 1082763681827 1
1 1082763681868 1
1 1082763681869 4
1 1082763681870 1
1 1082763681872 1
1 1082763681873 4
1 1082763681874 1
1 1082763681876 1
1 1082763681877 4
1 1082763681878 1
1 1082763681880 1
1 1082763681881 4
1 1082763681882 1
1 1082763681884 1
1 1082763681885 4
1 1082763681886 1
1 1082763681888 1
1 1082763681889 4
1 1082763681890 1
1 1082763681932 4
1 1082763681933 1
1 1082763681936 4
1 1082763681937 1
1 1082763681940 4
1 1082763681941 1
1 1082763681944 4
1 1082763681945 1
1 1082763681948 4
1 1082763681949 1
1 1082763681952 4
1 1082763681953 1
1 1082763681982 1
1 1082763681983 1
1 1082763681986 1
1 1082763681987 1
1 1082763681990 1
1 1082763681991 1
1 1082763681994 1
1 1082763681995 1
1 1082763681998 1
1 1082763681999 1
1 1082763682028 1
1 1082763682029 4
1 1082763682030 1
1 1082763682032 1
1 1082763682033 4
1 1082763682034 1
1 1082763682036 1
1 1082763682037 4
1 1082763682038 1
1 1082763682040 1
1 1082763682041 4
1 1082763682042 1
1 1082763682044 1
1 1082763682045 4
1 1082763682046 1
1 1082763682048 1
1 1082763682049 4
1 1082763682050 1
1 1082763682092 4
1 1082763682093 1
1 1082763682096 4
1 1082763682097 1
1 1082763682100 4
1 1082763682101 1
1 1082763682104 4
1 1082763682105 1
1 1082763682108 4
1 1082763682109 1
1 1082763682112 4
1 1082763682113 1
1 1082763682142 1
1 1082763682143 1
1 1082763682146 1
1 1082763682147 1
1 1082763682150 1
1 1082763682151 1
1 1082763682154 1
1 1082763682155 1
1 1082763682158 1
1 1082763682159 1
1 1082763682162 1
1 1082763682163 1
1 1082763682205 1
1 1082763682206 4
1 1082763682207 1
1 1082763682209 1
1 1082763682210 4
1 1082763682211 1
1 1082763682213 1
1 1082763682214 4
1 1082763682215 1
1 1082763682217 1
1 1082763682218 4
1 1082763682219 1
1 1082763682221 1
1 1082763682222 4
1 1082763682223 1
1 1082763682225 1
1 1082763682226 4
1 1082763682227 1
1 1082763682268 1
1 1082763682269 4
1 1082763682270 1
1 1082763682272 1
1 1082763682273 4
1 1082763682274 1
1 1082763682276 1
1 1082763682277 4
1 1082763682278 1
1 1082763682280 1
1 1082763682281 4
1 1082763682282 1
1 1082763682284 1
1 1082763682285 4
1 1082763682286 1
1 1082763682288 1
1 1082763682289 4
1 1082763682290 1
1 1082763682332 4
1 1082763682333 1
1 1082763682336 4
1 1082763682337 1
1 1082763682340 4
1 1082763682341 1
1 1082763682344 4
1 1082763682345 1
1 1082763682348 4
1 1082763682349 1
1 1082763682352 4
1 1082763682353 1
1 1082763682382 1
1 1082763682383 1
1 1082763682386 1
1 1082763682387 1
1 1082763682390 1
1 1082763682391 1
1 1082763682394 1
1 1082763682395 1
1 1082763682398 1
1 1082763682399 1
1 1082763682428 1
1 1082763682429 4
1 1082763682430 1
1 1082763682432 1
1 1082763682433 4
1 1082763682434 1
1 1082763682436 1
1 1082763682437 4
1 1082763682438 1
1 1082763682440 1
1 1082763682441 4
1 1082763682442 1
1 1082763682444 1
1 1082763682445 4
1 1082763682446 1
1 1082763682448 1
1 1082763682449 4
1 1082763682450 1
1 1082763682492 4
1 1082763682493 1
1 1082763682496 4
1 1082763682497 1
1 1082763682500 4
1 1082763682501 1
1 1082763682504 4
1 1082763682505 1
1 1082763682508 4
1 1082763682509 1
1 1082763682512 4
1 1082763682513 1
1 1082763682542 1
1 1082763682543 1
1 1082763682546 1
1 1082763682547 1
1 1082763682550 1
1 1082763682551 1
1 1082763682554 1
1 1082763682555 1
1 1082763682558 1
1 1082763682559 1
1 1082763682562 1
1 1082763682563 1
1 1082763682605 1
1 1082763682606 4
1 1082763682607 1
1 1082763682609 1
1 1082763682610 4
1 1082763682611 1
1 1082763682613 1
1 1082763682614 4
1 1082763682615 1
1 1082763682617 1
1 1082763682618 4
1 1082763682619 1
1 1082763682621 1
1 1082763682622 4
1 1082763682623 1
1 1082763682625 1
1 1082763682626 4
1 1082763682627 1
1 1082763682668 1
1 1082763682669 4
1 1082763682670 1
1 1082763682672 1
1 1082763682673 4
1 1082763682674 1
1 1082763682676 1
1 1082763682677 4
1 1082763682678 1
1 1082763682680 1
1 1082763682681 4
1 1082763682682 1
1 1082763682684 1
1 1082763682685 4
1 1082763682686 1
1 1082763682688 1
1 1082763682689 4
1 1082763682690 1
1 1082763682732 4
1 1082763682733 1
1 1082763682736 4
1 1082763682737 1
1 1082763682740 4
1 1082763682741 1
1 1082763682744 4
1 1082763682745 1
1 1082763682748 4
1 1082763682749 1
1 1082763682752 4
1 1082763682753 1
1 1082763682782 1
1 1082763682783 1
1 1082763682786 1
1 1082763682787 1
1 1082763682790 1
1 1082763682791 1
1 1082763682794 1
1 1082763682795 1
1 1082763682798 1
1 1082763682799 1
1 1082763682828 1
1 1082763682829 4
1 1082763682830 1
1 1082763682832 1
1 1082763682833 4
1 1082763682834 1
1 1082763682836 1
1 1082763682837 4
1 1082763682838 1
1 1082763682840 1
1 1082763682841 4
1 1082763682842 1
1 1082763682844 1
1 1082763682845 4
1 1082763682846 1
1 1082763682848 1
1 1082763682849 4
1 1082763682850 1
1 1082763682892 4
1 1082763682893 1
1 1082763682896 4
1 1082763682897 1
1 1082763682900 4
1 1082763682901 1
1 1082763682904 4
1 1082763682905 1
1 1082763682908 4
1 1082763682909 1
1 1082763682912 4
1 1082763682913 1
1 1082763682942 1
1 1082763682943 1
1 1082763682946 1
1 1082763682947 1
1 1082763682950 1
1 1082763682951 1
1 1082763682954 1
1 1082763682955 1
1 1082763682958 1
1 1082763682959 1
1 1082763682962 1
1 1082763682963 1
1 1082763683005 1
1 1082763683006 4
1 1082763683007 1
1 1082763683009 1
1 1082763683010 4
1 1082763683011 1
1 1082763683013 1
1 1082763683014 4
1 1082763683015 1
1 1082763683017 1
1 1082763683018 4
1 1082763683019 1
1 1082763683021 1
1 1082763683022 4
1 1082763683023 1
1 1082763683025 1
1 1082763683026 4
1 1082763683027 1
1 1082763683068 1
1 1082763683069 4
1 1082763683070 1
1 1082763683072 1
1 1082763683073 4
1 1082763683074 1
1 1082763683076 1
1 1082763683077 4
1 1082763683078 1
1 1082763683080 1
1 1082763683081 4
1 1082763683082 1
1 1082763683084 1
1 1082763683085 4
1 1082763683086 1
1 1082763683088 1
1 1082763683089 4
1 1082763683090 1
1 1082763683132 4
1 1082763683133 1
1 1082763683136 4
1 1082763683137 1
1 1082763683140 4
1 1082763683141 1
1 1082763683144 4
1 1082763683145 1
1 1082763683148 4
1 1082763683149 1
1 1082763683152 4
1 1082763683153 1
1 1082763683182 1
1 1082763683183 1
1 1082763683186 1
1 1082763683187 1
1 1082763683190 1
1 1082763683191 1
1 1082763683194 1
1 1082763683195 1
1 1082763683198 1
1 1082763683199 1
1 1082763683228 1
1 1082763683229 4
1 1082763683230 1
1 1082763683232 1
1 1082763683233 4
1 1082763683234 1
1 1082763683236 1
1 1082763683237 4
1 1082763683238 1
1 1082763683240 1
1 1082763683241 4
1 1082763683242 1
1 1082763683244 1
1 1082763683245 4
1 1082763683246 1
1 1082763683248 1
1 1082763683249 4
1 1082763683250 1
1 1082763683292 4
1 1082763683293 1
1 1082763683296 4
1 1082763683297 1
1 1082763683300 4
1 1082763683301 1
1 1082763683304 4
1 1082763683305 1
1 1082763683308 4
1 1082763683309 1
1 1082763683312 4
1 1082763683313 1
1 1082763683342 1
1 1082763683343 1
1 1082763683346 1
1 1082763683347 1
1 1082763683350 1
1 1082763683351 1
1 1082763683354 1
1 1082763683355 1
1 1082763683358 1
1 1082763683359 1
1 1082763683362 1
1 1082763683363 1
1 1082763683405 1
1 1082763683406 4
1 1082763683407 1
1 1082763683409 1
1 1082763683410 4
1 1082763683411 1
1 1082763683413 1
1 1082763683414 4
1 1082763683415 1
1 1082763683417 1
1 1082763683418 4
1 1082763683419 1
1 1082763683421 1
1 1082763683422 4
1 1082763683423 1
1 1082763683425 1
1 1082763683426 4
1 1082763683427 1
1 1082763683468 1
1 1082763683469 4
1 1082763683470 1
1 1082763683472 1
1 1082763683473 4
1 1082763683474 1
1 1082763683476 1
1 1082763683477 4
1 1082763683478 1
1 1082763683480 1
1 1082763683481 4
1 1082763683482 1
1 1082763683484 1
1 1082763683485 4
1 1082763683486 1
1 1082763683488 1
1 1082763683489 4
1 1082763683490 1
1 1082763683532 4
1 1082763683533 1
1 1082763683536 4
1 1082763683537 1
1 1082763683540 4
1 1082763683541 1
1 1082763683544 4
1 1082763683545 1
1 1082763683548 4
1 1082763683549 1
1 1082763683552 4
1 1082763683553 1
1 1082763683582 1
1 1082763683583 1
1 1082763683586 1
1 1082763683587 1
1 1082763683590 1
1 1082763683591 1
1 1082763683594 1
1 1082763683595 1
1 1082763683598 1
1 1082763683599 1
1 1082763683628 1
1 1082763683629 4
1 1082763683630 1
1 1082763683632 1
1 1082763683633 4
1 1082763683634 1
1 1082763683636 1
1 1082763683637 4
1 1082763683638 1
1 1082763683640 1
1 1082763683641 4
1 1082763683642 1
1 1082763683644 1
1 1082763683645 4
1 1082763683646 1
1 1082763683648 1
1 1082763683649 4
1 1082763683650 1
1 1082763683692 4
1 1082763683693 1
1 1082763683696 4
1 1082763683697 1
1 1082763683700 4
1 1082763683701 1
1 1082763683704 4
1 1082763683705 1
1 1082763683708 4
1 1082763683709 1
1 1082763683712 4
1 1082763683713 1
1 1082763683742 1
1 1082763683743 1
1 1082763683746 1
1 1082763683747 1
1 1082763683750 1
1 1082763683751 1
1 1082763683754 1
1 1082763683755 1
1 1082763683758 1
1 1082763683759 1
1 1082763683762 1
1 1082763683763 1
1 1082763683805 1
1 1082763683806 4
1 1082763683807 1
1 1082763683809 1
1 1082763683810 4
1 1082763683811 1
1 1082763683813 1
1 1082763683814 4
1 1082763683815 1
1 1082763683817 1
1 1082763683818 4
1 1082763683819 1
1 1082763683821 1
1 1082763683822 4
1 1082763683823 1
1 1082763683825 1
1 1082763683826 4
1 1082763683827 1
1 1082763683868 1
1 1082763683869 4
1 1082763683870 1
1 1082763683872 1
1 1082763683873 4
1 1082763683874 1
1 1082763683876 1
1 1082763683877 4
1 1082763683878 1
1 1082763683880 1
1 1082763683881 4
1 1082763683882 1
1 1082763683884 1
1 1082763683885 4
1 1082763683886 1
1 1082763683888 1
1 1082763683889 4
1 1082763683890 1
1 1082763683932 4
1 1082763683933 1
1 1082763683936 4
1 1082763683937 1
1 1082763683940 4
1 1082763683941 1
1 1082763683944 4
1 1082763683945 1
1 1082763683948 4
1 1082763683949 1
1 1082763683952 4
1 1082763683953 1
1 1082763683982 1
1 1082763683983 1
1 1082763683986 1
1 1082763683987 1
1 1082763683990 1
1 1082763683991 1
1 1082763683994 1
1 1082763683995 1
1 1082763683998 1
1 1082763683999 1
1 1082763684028 1
1 1082763684029 4
1 1082763684030 1
1 1082763684032 1
1 1082763684033 4
1 1082763684034 1
1 1082763684036 1
1 1082763684037 4
1 1082763684038 1
1 1082763684040 1
1 1082763684041 4
1 1082763684042 1
1 1082763684044 1
1 1082763684045 4
1 1082763684046 1
1 1082763684048 1
1 1082763684049 4
1 1082763684050 1
1 1082763684092 4
1 1082763684093 1
1 1082763684096 4
1 1082763684097 1
1 1082763684100 4
1 1082763684101 1
1 1082763684104 4
1 1082763684105 1
1 1082763684108 4
1 1082763684109 1
1 1082763684112 4
1 1082763684113 1
1 1082763684142 1
1 1082763684143 1
1 1082763684146 1
1 1082763684147 1
1 1082763684150 1
1 1082763684151 1
1 1082763684154 1
1 1082763684155 1
1 1082763684158 1
1 1082763684159 1
1 1082763684162 1
1 1082763684163 1
1 1082763684205 1
1 1082763684206 4
1 1082763684207 1
1 1082763684209 1
1 1082763684210 4
1 1082763684211 1
1 1082763684213 1
1 1082763684214 4
1 1082763684215 1
1 1082763684217 1
1 1082763684218 4
1 1082763684219 1
1 1082763684221 1
1 1082763684222 4
1 1082763684223 1
1 1082763684225 1
1 1082763684226 4
1 1082763684227 1
1 1082763684268 1
1 1082763684269 4
1 1082763684270 1
1 1082763684272 1
1 1082763684273 4
1 1082763684274 1
1 1082763684276 1
1 1082763684277 4
1 1082763684278 1
1 1082763684280 1
1 1082763684281 4
1 1082763684282 1
1 1082763684284 1
1 1082763684285 4
1 1082763684286 1
1 1082763684288 1
1 1082763684289 4
1 1082763684290 1
1 1082763684332 4
1 1082763684333 1
1 1082763684336 4
1 1082763684337 1
1 1082763684340 4
1 1082763684341 1
1 1082763684344 4
1 1082763684345 1
1 1082763684348 4
1 1082763684349 1
1 1082763684352 4
1 1082763684353 1
1 1082763684382 1
1 1082763684383 1
1 1082763684386 1
1 1082763684387 1
1 1082763684390 1
1 1082763684391 1
1 1082763684394 1
1 1082763684395 1
1 1082763684398 1
1 1082763684399 1
1 1082763684428 1
1 1082763684429 4
1 1082763684430 1
1 1082763684432 1
1 1082763684433 4
1 1082763684434 1
1 1082763684436 1
1 1082763684437 4
1 1082763684438 1
1 1082763684440 1
1 1082763684441 4
1 1082763684442 1
1 1082763684444 1
1 1082763684445 4
1 1082763684446 1
1 1082763684448 1
1 1082763684449 4
1 1082763684450 1
1 1082763684492 4
1 1082763684493 1
1 1082763684496 4
1 1082763684497 1
1 1082763684500 4
1 1082763684501 1
1 1082763684504 4
1 1082763684505 1
1 1082763684508 4
1 1082763684509 1
1 1082763684512 4
1 1082763684513 1
1 1082763684542 1
1 1082763684543 1
1 1082763684546 1
1 1082763684547 1
1 1082763684550 1
1 1082763684551 1
1 1082763684554 1
1 1082763684555 1
1 1082763684558 1
1 1082763684559 1
1 1082763684562 1
1 1082763684563 1
1 1082763684605 1
1 1082763684606 4
1 1082763684607 1
1 1082763684609 1
1 1082763684610 4
1 1082763684611 1
1 1082763684613 1
1 1082763684614 4
1 1082763684615 1
1 1082763684617 1
1 1082763684618 4
1 1082763684619 1
1 1082763684621 1
1 1082763684622 4
1 1082763684623 1
1 1082763684625 1
1 1082763684626 4
1 1082763684627 1
1 1082763684668 1
1 1082763684669 4
1 1082763684670 1
1 1082763684672 1
1 1082763684673 4
1 1082763684674 1
1 1082763684676 1
1 1082763684677 4
1 1082763684678 1
1 1082763684680 1
1 1082763684681 4
1 1082763684682 1
1 1082763684684 1
1 1082763684685 4
1 1082763684686 1
1 1082763684688 1
1 1082763684689 4
1 1082763684690 1
1 1082763684732 4
1 1082763684733 1
1 1082763684736 4
1 1082763684737 1
1 1082763684740 4
1 1082763684741 1
1 1082763684744 4
1 1082763684745 1
1 1082763684748 4
1 1082763684749 1
1 1082763684752 4
1 1082763684753 1
1 1082763684782 1
1 1082763684783 1
1 1082763684786 1
1 1082763684787 1
1 1082763684790 1
1 1082763684791 1
1 1082763684794 1
1 1082763684795 1
1 1082763684798 1
1 1082763684799 1
1 1082763684828 1
1 1082763684829 4
1 1082763684830 1
1 1082763684832 1
1 1082763684833 4
1 1082763684834 1
1 1082763684836 1
1 1082763684837 4
1 1082763684838 1
1 1082763684840 1
1 1082763684841 4
1 1082763684842 1
1 1082763684844 1
1 1082763684845 4
1 1082763684846 1
1 1082763684848 1
1 1082763684849 4
1 1082763684850 1
1 1082763684892 4
1 1082763684893 1
1 1082763684896 4
1 1082763684897 1
1 1082763684900 4
1 1082763684901 1
1 1082763684904 4
1 1082763684905 1
1 1082763684908 4
1 1082763684909 1
1 1082763684912 4
1 1082763684913 1
1 1082763684942 1
1 1082763684943 1
1 1082763684946 1
1 1082763684947 1
1 1082763684950 1
1 1082763684951 1
1 1082763684954 1
1 1082763684955 1
1 1082763684958 1
1 1082763684959 1
1 1082763684962 1
1 1082763684963 1
1 1082763685005 1
1 1082763685006 4
1 1082763685007 1
1 1082763685009 1
1 1082763685010 4
1 1082763685011 1
1 1082763685013 1
1 1082763685014 4
1 1082763685015 1
1 1082763685017 1
1 1082763685018 4
1 1082763685019 1
1 1082763685021 1
1 1082763685022 4
1 1082763685023 1
1 1082763685025 1
1 1082763685026 4
1 1082763685027 1
1 1082763685068 1
1 1082763685069 4
1 1082763685070 1
1 1082763685072 1
1 1082763685073 4
1 1082763685074 1
1 1082763685076 1
1 1082763685077 4
1 1082763685078 1
1 1082763685080 1
1 1082763685081 4
1 1082763685082 1
1 1082763685084 1
1 1082763685085 4
1 1082763685086 1
1 1082763685088 1
1 1082763685089 4
1 1082763685090 1
1 1082763685132 4
1 1082763685133 1
1 1082763685136 4
1 1082763685137 1
1 1082763685140 4
1 1082763685141 1
1 1082763685144 4
1 1082763685145 1
1 1082763685148 4
1 1082763685149 1
1 1082763685152 4
1 1082763685153 1
1 1082763685182 1
1 1082763685183 1
1 1082763685186 1
1 1082763685187 1
1 1082763685190 1
1 1082763685191 1
1 1082763685194 1
1 1082763685195 1
1 1082763685198 1
1 1082763685199 1
1 1082763685228 1
1 1082763685229 4
1 1082763685230 1
1 1082763685232 1
1 1082763685233 4
1 1082763685234 1
1 1082763685236 1
1 1082763685237 4
1 1082763685238 1
1 1082763685240 1
1 1082763685241 4
1 1082763685242 1
1 1082763685244 1
1 1082763685245 4
1 1082763685246 1
1 1082763685248 1
1 1082763685249 4
1 1082763685250 1
1 1082763685292 4
1 1082763685293 1
1 1082763685296 4
1 1082763685297 1
1 1082763685300 4
1 1082763685301 1
1 1082763685304 4
1 1082763685305 1
1 1082763685308 4
1 1082763685309 1
1 1082763685312 4
1 1082763685313 1
1 1082763685342 1
1 1082763685343 1
1 1082763685346 1
1 1082763685347 1
1 1082763685350 1
1 1082763685351 1
1 1082763685354 1
1 1082763685355 1
1 1082763685358 1
1 1082763685359 1
1 1082763685362 1
1 1082763685363 1
1 1082763685405 1
1 1082763685406 4
1 1082763685407 1
1 1082763685409 1
1 1082763685410 4
1 1082763685411 1
1 1082763685413 1
1 1082763685414 4
1 1082763685415 1
1 1082763685417 1
1 1082763685418 4
1 1082763685419 1
1 1082763685421 1
1 1082763685422 4
1 1082763685423 1
1 1082763685425 1
1 1082763685426 4
1 1082763685427 1
1 1082763685468 1
1 1082763685469 4
1 1082763685470 1
1 1082763685472 1
1 1082763685473 4
1 1082763685474 1
1 1082763685476 1
1 1082763685477 4
1 1082763685478 1
1 1082763685480 1
1 1082763685481 4
1 1082763685482 1
1 1082763685484 1
1 1082763685485 4
1 1082763685486 1
1 1082763685488 1
1 1082763685489 4
1 1082763685490 1
1 1082763685532 4
1 1082763685533 1
1 1082763685536 4
1 1082763685537 1
1 1082763685540 4
1 1082763685541 1
1 1082763685544 4
1 1082763685545 1
1 1082763685548 4
1 1082763685549 1
1 1082763685552 4
1 1082763685553 1
1 1082763685582 1
1 1082763685583 1
1 1082763685586 1
1 1082763685587 1
1 1082763685590 1
1 1082763685591 1
1 1082763685594 1
1 1082763685595 1
1 1082763685598 1
1 1082763685599 1
1 1082763685628 1
1 1082763685629 4
1 1082763685630 1
1 1082763685632 1
1 1082763685633 4
1 1082763685634 1
1 1082763685636 1
1 1082763685637 4
1 1082763685638 1
1 1082763685640 1
1 1082763685641 4
1 1082763685642 1
1 1082763685644 1
1 1082763685645 4
1 1082763685646 1
1 1082763685648 1
1 1082763685649 4
1 1082763685650 1
1 1082763685692 4
1 1082763685693 1
1 1082763685696 4
1 1082763685697 1
1 1082763685700 4
1 1082763685701 1
1 1082763685704 4
1 1082763685705 1
1 1082763685708 4
1 1082763685709 1
1 1082763685712 4
1 1082763685713 1
1 1082763685742 1
1 1082763685743 1
1 1082763685746 1
1 1082763685747 1
1 1082763685750 1
1 1082763685751 1
1 1082763685754 1
1 1082763685755 1
1 1082763685758 1
1 1082763685759 1
1 1082763685762 1
1 1082763685763 1
1 1082763685805 1
1 1082763685806 4
1 1082763685807 1
1 1082763685809 1
1 1082763685810 4
1 1082763685811 1
1 1082763685813 1
1 1082763685814 4
1 1082763685815 1
1 1082763685817 1
1 1082763685818 4
1 1082763685819 1
1 1082763685821 1
1 1082763685822 4
1 1082763685823 1
1 1082763685825 1
1 1082763685826 4
1 1082763685827 1
1 1082763685868 1
1 1082763685869 4
1 1082763685870 1
1 1082763685872 1
1 1082763685873 4
1 1082763685874 1
1 1082763685876 1
1 1082763685877 4
1 1082763685878 1
1 1082763685880 1
1 1082763685881 4
1 1082763685882 1
1 1082763685884 1
1 1082763685885 4
1 1082763685886 1
1 1082763685888 1
1 1082763685889 4
1 1082763685890 1
1 1082763685932 4
1 1082763685933 1
1 1082763685936 4
1 1082763685937 1
1 1082763685940 4
1 1082763685941 1
1 1082763685944 4
1 1082763685945 1
1 1082763685948 4
1 1082763685949 1
1 1082763685952 4
1 1082763685953 1
1 1082763685982 1
1 1082763685983 1
1 1082763685986 1
1 1082763685987 1
1 1082763685990 1
1 1082763685991 1
1 1082763685994 1
1 1082763685995 1
1 1082763685998 1
1 1082763685999 1
1 1082763686028 1
1 1082763686029 4
1 1082763686030 1
1 1082763686032 1
1 1082763686033 4
1 1082763686034 1
1 1082763686036 1
1 1082763686037 4
1 1082763686038 1
1 1082763686040 1
1 1082763686041 4
1 1082763686042 1
1 1082763686044 1
1 1082763686045 4
1 1082763686046 1
1 1082763686048 1
1 1082763686049 4
1 1082763686050 1
1 1082763686092 4
1 1082763686093 1
1 1082763686096 4
1 1082763686097 1
1 1082763686100 4
1 1082763686101 1
1 1082763686104 4
1 1082763686105 1
1 1082763686108 4
1 1082763686109 1
1 1082763686112 4
1 1082763686113 1
1 1082763686142 1
1 1082763686143 1
1 1082763686146 1
1 1082763686147 1
1 1082763686150 1
1 1082763686151 1
1 1082763686154 1
1 1082763686155 1
1 1082763686158 1
1 1082763686159 1
1 1082763686162 1
1 1082763686163 1
1 1082763686205 1
1 1082763686206 4
1 1082763686207 1
1 1082763686209 1
1 1082763686210 4
1 1082763686211 1
1 1082763686213 1
1 1082763686214 4
1 1082763686215 1
1 1082763686217 1
1 1082763686218 4
1 1082763686219 1
1 1082763686221 1
1 1082763686222 4
1 1082763686223 1
1 1082763686225 1
1 1082763686226 4
1 1082763686227 1
1 1082763686268 1
1 1082763686269 4
1 1082763686270 1
1 1082763686272 1
1 1082763686273 4
1 1082763686274 1
1 1082763686276 1
1 1082763686277 4
1 1082763686278 1
1 1082763686280 1
1 1082763686281 4
1 1082763686282 1
1 1082763686284 1
1 1082763686285 4
1 1082763686286 1
1 1082763686288 1
1 1082763686289 4
1 1082763686290 1
1 1082763686332 4
1 1082763686333 1
1 1082763686336 4
1 1082763686337 1
1 1082763686340 4
1 1082763686341 1
1 1082763686344 4
1 1082763686345 1
1 1082763686348 4
1 1082763686349 1
1 1082763686352 4
1 1082763686353 1
1 1082763686382 1
1 1082763686383 1
1 1082763686386 1
1 1082763686387 1
1 1082763686390 1
1 1082763686391 1
1 1082763686394 1
1 1082763686395 1
1 1082763686398 1
1 1082763686399 1
1 1082763686428 1
1 1082763686429 4
1 1082763686430 1
1 1082763686432 1
1 1082763686433 4
1 1082763686434 1
1 1082763686436 1
1 1082763686437 4
1 1082763686438 1
1 1082763686440 1
1 1082763686441 4
1 1082763686442 1
1 1082763686444 1
1 1082763686445 4
1 1082763686446 1
1 1082763686448 1
1 1082763686449 4
1 1082763686450 1
1 1082763686492 4
1 1082763686493 1
1 1082763686496 4
1 1082763686497 1
1 1082763686500 4
1 1082763686501 1
1 1082763686504 4
1 1082763686505 1
1 1082763686508 4
1 1082763686509 1
1 1082763686512 4
1 1082763686513 1
1 1082763686542 1
1 1082763686543 1
1 1082763686546 1
1 1082763686547 1
1 1082763686550 1
1 1082763686551 1
1 1082763686554 1
1 1082763686555 1
1 1082763686558 1
1 1082763686559 1
1 1082763686562 1
1 1082763686563 1
1 1082763686605 1
1 1082763686606 4
1 1082763686607 1
1 1082763686609 1
1 1082763686610 4
1 1082763686611 1
1 1082763686613 1
1 1082763686614 4
1 1082763686615 1
1 1082763686617 1
1 1082763686618 4
1 1082763686619 1
1 1082763686621 1
1 1082763686622 4
1 1082763686623 1
1 1082763686625 1
1 1082763686626 4
1 1082763686627 1
1 1082763686668 1
1 1082763686669 4
1 1082763686670 1
1 1082763686672 1
1 1082763686673 4
1 1082763686674 1
1 1082763686676 1
1 1082763686677 4
1 1082763686678 1
1 1082763686680 1
1 1082763686681 4
1 1082763686682 1
1 1082763686684 1
1 1082763686685 4
1 1082763686686 1
1 1082763686688 1
1 1082763686689 4
1 1082763686690 1
1 1082763686732 4
1 1082763686733 1
1 1082763686736 4
1 1082763686737 1
1 1082763686740 4
1 1082763686741 1
1 1082763686744 4
1 1082763686745 1
1 1082763686748 4
1 1082763686749 1
1 1082763686752 4
1 1082763686753 1
1 1082763686782 1
1 1082763686783 1
1 1082763686786 1
1 1082763686787 1
1 1082763686790 1
1 1082763686791 1
1 1082763686794 1
1 1082763686795 1
1 1082763686798 1
1 1082763686799 1
1 1082763686828 1
1 1082763686829 4
1 1082763686830 1
1 1082763686832 1
1 1082763686833 4
1 1082763686834 1
1 1082763686836 1
1 1082763686837 4
1 1082763686838 1
1 1082763686840 1
1 1082763686841 4
1 1082763686842 1
1 1082763686844 1
1 1082763686845 4
1 1082763686846 1
1 1082763686848 1
1 1082763686849 4
1 1082763686850 1
1 1082763686892 4
1 1082763686893 1
1 1082763686896 4
1 1082763686897 1
1 1082763686900 4
1 1082763686901 1
1 1082763686904 4
1 1082763686905 1
1 1082763686908 4
1 1082763686909 1
1 1082763686912 4
1 1082763686913 1
1 1082763686942 1
1 1082763686943 1
1 1082763686946 1
1 1082763686947 1
1 1082763686950 1
1 1082763686951 1
1 1082763686954 1
1 1082763686955 1
1 1082763686958 1
1 1082763686959 1
1 1082763686962 1
1 1082763686963 1
1 1082763687005 1
1 1082763687006 4
1 1082763687007 1
1 1082763687009 1
1 1082763687010 4
1 1082763687011 1
1 1082763687013 1
1 1082763687014 4
1 1082763687015 1
1 1082763687017 1
1 1082763687018 4
1 1082763687019 1
1 1082763687021 1
1 1082763687022 4
1 1082763687023 1
1 1082763687025 1
1 1082763687026 4
1 1082763687027 1
1 1082763687068 1
1 1082763687069 4
1 1082763687070 1
1 1082763687072 1
1 1082763687073 4
1 1082763687074 1
1 1082763687076 1
1 1082763687077 4
1 1082763687078 1
1 1082763687080 1
1 1082763687081 4
1 1082763687082 1
1 1082763687084 1
1 1082763687085 4
1 1082763687086 1
1 1082763687088 1
1 1082763687089 4
1 1082763687090 1
1 1082763687132 4
1 1082763687133 1
1 1082763687136 4
1 1082763687137 1
1 1082763687140 4
1 1082763687141 1
1 1082763687144 4
1 1082763687145 1
1 1082763687148 4
1 1082763687149 1
1 1082763687152 4
1 1082763687153 1
1 1082763687182 1
1 1082763687183 1
1 1082763687186 1
1 1082763687187 1
1 1082763687190 1
1 1082763687191 1
1 1082763687194 1
1 1082763687195 1
1 1082763687198 1
1 1082763687199 1
1 1082763687228 1
1 1082763687229 4
1 1082763687230 1
1 1082763687232 1
1 1082763687233 4
1 1082763687234 1
1 1082763687236 1
1 1082763687237 4
1 1082763687238 1
1 1082763687240 1
1 1082763687241 4
1 1082763687242 1
1 1082763687244 1
1 1082763687245 4
1 1082763687246 1
1 1082763687248 1
1 1082763687249 4
1 1082763687250 1
1 1082763687292 4
1 1082763687293 1
1 1082763687296 4
1 1082763687297 1
1 1082763687300 4
1 1082763687301 1
1 1082763687304 4
1 1082763687305 1
1 1082763687308 4
1 1082763687309 1
1 1082763687312 4
1 1082763687313 1
1 1082763687342 1
1 1082763687343 1
1 1082763687346 1
1 1082763687347 1
1 1082763687350 1
1 1082763687351 1
1 1082763687354 1
1 1082763687355 1
1 1082763687358 1
1 1082763687359 1
1 1082763687362 1
1 1082763687363 1
1 1082763687405 1
1 1082763687406 4
1 1082763687407 1
1 1082763687409 1
1 1082763687410 4
1 1082763687411 1
1 1082763687413 1
1 1082763687414 4
1 1082763687415 1
1 1082763687417 1
1 1082763687418 4
1 1082763687419 1
1 1082763687421 1
1 1082763687422 4
1 1082763687423 1
1 1082763687425 1
1 1082763687426 4
1 1082763687427 1
1 1082763687468 1
1 1082763687469 4
1 1082763687470 1
1 1082763687472 1
1 1082763687473 4
1 1082763687474 1
1 1082763687476 1
1 1082763687477 4
1 1082763687478 1
1 1082763687480 1
1 1082763687481 4
1 1082763687482 1
1 1082763687484 1
1 1082763687485 4
1 1082763687486 1
1 1082763687488 1
1 1082763687489 4
1 1082763687490 1
1 1082763687532 4
1 1082763687533 1
1 1082763687536 4
1 1082763687537 1
1 1082763687540 4
1 1082763687541 1
1 1082763687544 4
1 1082763687545 1
1 1082763687548 4
1 1082763687549 1
1 1082763687552 4
1 1082763687553 1
1 1082763687582 1
1 1082763687583 1
1 1082763687586 1
1 1082763687587 1
1 1082763687590 1
1 1082763687591 1
1 1082763687594 1
1 1082763687595 1
1 1082763687598 1
1 1082763687599 1
1 1082763687628 1
1 1082763687629 4
1 1082763687630 1
1 1082763687632 1
1 1082763687633 4
1 1082763687634 1
1 1082763687636 1
1 1082763687637 4
1 1082763687638 1
1 1082763687640 1
1 1082763687641 4
1 1082763687642 1
1 1082763687644 1
1 1082763687645 4
1 1082763687646 1
1 1082763687648 1
1 1082763687649 4
1 1082763687650 1
1 1082763687692 4
1 1082763687693 1
1 1082763687696 4
1 1082763687697 1
1 1082763687700 4
1 1082763687701 1
1 1082763687704 4
1 1082763687705 1
1 1082763687708 4
1 1082763687709 1
1 1082763687712 4
1 1082763687713 1
1 1082763687742 1
1 1082763687743 1
1 1082763687746 1
1 1082763687747 1
1 1082763687750 1
1 1082763687751 1
1 1082763687754 1
1 1082763687755 1
1 1082763687758 1
1 1082763687759 1
1 1082763687762 1
1 1082763687763 1
1 1082763687805 1
1 1082763687806 4
1 1082763687807 1
1 1082763687809 1
1 1082763687810 4
1 1082763687811 1
1 1082763687813 1
1 1082763687814 4
1 1082763687815 1
1 1082763687817 1
1 1082763687818 4
1 1082763687819 1
1 1082763687821 1
1 1082763687822 4
1 1082763687823 1
1 1082763687825 1
1 1082763687826 4
1 1082763687827 1
1 1082763687868 1
1 1082763687869 4
1 1082763687870 1
1 1082763687872 1
1 1082763687873 4
1 1082763687874 1
1 1082763687876 1
1 1082763687877 4
1 1082763687878 1
1 1082763687880 1
1 1082763687881 4
1 1082763687882 1
1 1082763687884 1
1 1082763687885 4
1 1082763687886 1
1 1082763687888 1
1 1082763687889 4
1 1082763687890 1
1 1082763687932 4
1 1082763687933 1
1 1082763687936 4
1 1082763687937 1
1 1082763687940 4
1 1082763687941 1
1 1082763687944 4
1 1082763687945 1
1 1082763687948 4
1 1082763687949 1
1 1082763687952 4
1 1082763687953 1
1 1082763687982 1
1 1082763687983 1
1 1082763687986 1
1 1082763687987 1
1 1082763687990 1
1 1082763687991 1
1 1082763687994 1
1 1082763687995 1
1 1082763687998 1
1 1082763687999 1
1 1082763688028 1
1 1082763688029 4
1 1082763688030 1
1 1082763688032 1
1 1082763688033 4
1 1082763688034 1
1 1082763688036 1
1 1082763688037 4
1 1082763688038 1
1 1082763688040 1
1 1082763688041 4
1 1082763688042 1
1 1082763688044 1
1 1082763688045 4
1 1082763688046 1
1 1082763688048 1
1 1082763688049 4
1 1082763688050 1
1 1082763688092 4
1 1082763688093 1
1 1082763688096 4
1 1082763688097 1
1 1082763688100 4
1 1082763688101 1
1 1082763688104 4
1 1082763688105 1
1 1082763688108 4
1 1082763688109 1
1 1082763688112 4
1 1082763688113 1
1 1082763688142 1
1 1082763688143 1
1 1082763688146 1
1 1082763688147 1
1 1082763688150 1
1 1082763688151 1
1 1082763688154 1
1 1082763688155 1
1 1082763688158 1
1 1082763688159 1
1 1082763688162 1
1 1082763688163 1
1 1082763688205 1
1 1082763688206 4
1 1082763688207 1
1 1082763688209 1
1 1082763688210 4
1 1082763688211 1
1 1082763688213 1
1 1082763688214 4
1 1082763688215 1
1 1082763688217 1
1 1082763688218 4
1 1082763688219 1
1 1082763688221 1
1 1082763688222 4
1 1082763688223 1
1 1082763688225 1
1 1082763688226 4
1 1082763688227 1
1 1082763688268 1
1 1082763688269 4
1 1082763688270 1
1 1082763688272 1
1 1082763688273 4
1 1082763688274 1
1 1082763688276 1
1 1082763688277 4
1 1082763688278 1
1 1082763688280 1
1 1082763688281 4
1 1082763688282 1
1 1082763688284 1
1 1082763688285 4
1 1082763688286 1
1 1082763688288 1
1 1082763688289 4
1 1082763688290 1
1 1082763688332 4
1 1082763688333 1
1 1082763688336 4
1 1082763688337 1
1 1082763688340 4
1 1082763688341 1
1 1082763688344 4
1 1082763688345 1
1 1082763688348 4
1 1082763688349 1
1 1082763688352 4
1 1082763688353 1
1 1082763688382 1
1 1082763688383 1
1 1082763688386 1
1 1082763688387 1
1 1082763688390 1
1 1082763688391 1
1 1082763688394 1
1 1082763688395 1
1 1082763688398 1
1 1082763688399 1
1 1082763688428 1
1 1082763688429 4
1 1082763688430 1
1 1082763688432 1
1 1082763688433 4
1 1082763688434 1
1 1082763688436 1
1 1082763688437 4
1 1082763688438 1
1 1082763688440 1
1 1082763688441 4
1 1082763688442 1
1 1082763688444 1
1 1082763688445 4
1 1082763688446 1
1 1082763688448 1
1 1082763688449 4
1 1082763688450 1
1 1082763688492 4
1 1082763688493 1
1 1082763688496 4
1 1082763688497 1
1 1082763688500 4
1 1082763688501 1
1 1082763688504 5
1 1082763688505 1
1 1082763688508 4
1 1082763688509 1
1 1082763688512 4
1 1082763688513 1
1 1082763688542 1
1 1082763688543 1
1 1082763688546 1
1 1082763688547 1
1 1082763688550 1
1 1082763688551 1
1 1082763688554 1
1 1082763688555 1
1 1082763688558 1
1 1082763688559 1
1 1082763688562 1
1 1082763688563 1
1 1082763688605 1
1 1082763688606 4
1 1082763688607 1
1 1082763688609 1
1 1082763688610 4
1 1082763688611 1
1 1082763688613 1
1 1082763688614 4
1 1082763688615 1
1 1082763688617 1
1 1082763688618 4
1 1082763688619 1
1 1082763688621 1
1 1082763688622 4
1 1082763688623 1
1 1082763688625 1
1 1082763688626 4
1 1082763688627 1
1 1082763688668 1
1 1082763688669 4
1 1082763688670 1
1 1082763688672 1
1 1082763688673 4
1 1082763688674 1
1 1082763688676 1
1 1082763688677 4
1 1082763688678 1
1 1082763688680 1
1 1082763688681 4
1 1082763688682 1
1 1082763688684 1
1 1082763688685 4
1 1082763688686 1
1 1082763688688 1
1 1082763688689 4
1 1082763688690 1
1 1082763688732 4
1 1082763688733 1
1 1082763688736 4
1 1082763688737 1
1 1082763688740 4
1 1082763688741 1
1 1082763688744 4
1 1082763688745 1
1 1082763688748 4
1 1082763688749 1
1 1082763688752 4
1 1082763688753 1
1 1082763688782 1
1 1082763688783 1
1 1082763688786 1
1 1082763688787 1
1 1082763688790 1
1 1082763688791 1
1 1082763688794 1
1 1082763688795 1
1 1082763688798 1
1 1082763688799 1
1 1082763688828 1
1 1082763688829 4
1 1082763688830 1
1 1082763688832 1
1 1082763688833 4
1 1082763688834 1
1 1082763688836 1
1 1082763688837 4
1 1082763688838 1
1 1082763688840 1
1 1082763688841 4
1 1082763688842 1
1 1082763688844 1
1 1082763688845 4
1 1082763688846 1
1 1082763688848 1
1 1082763688849 4
1 1082763688850 1
1 1082763688892 4
1 1082763688893 1
1 1082763688896 4
1 1082763688897 1
1 1082763688900 4
1 1082763688901 1
1 1082763688904 4
1 1082763688905 1
1 1082763688908 4
1 1082763688909 1
1 1082763688912 4
1 1082763688913 1
1 1082763688942 1
1 1082763688943 1
1 1082763688946 1
1 1082763688947 1
1 1082763688950 1
1 1082763688951 1
1 1082763688954 1
1 1082763688955 1
1 1082763688958 1
1 1082763688959 1
1 1082763688962 1
1 1082763688963 1
1 1082763689005 1
1 1082763689006 4
1 1082763689007 1
1 1082763689009 1
1 1082763689010 4
1 1082763689011 1
1 1082763689013 1
1 1082763689014 4
1 1082763689015 1
1 1082763689017 1
1 1082763689018 4
1 1082763689019 1
1 1082763689021 1
1 1082763689022 4
1 1082763689023 1
1 1082763689025 1
1 1082763689026 4
1 1082763689027 1
1 1082763689068 1
1 1082763689069 4
1 1082763689070 1
1 1082763689072 1
1 1082763689073 4
1 1082763689074 1
1 1082763689076 1
1 1082763689077 4
1 1082763689078 1
1 1082763689080 1
1 1082763689081 4
1 1082763689082 1
1 1082763689084 1
1 1082763689085 4
1 1082763689086 1
1 1082763689088 1
1 1082763689089 4
1 1082763689090 1
1 1082763689132 4
1 1082763689133 1
1 1082763689136 4
1 1082763689137 1
1 1082763689140 4
1 1082763689141 1
1 1082763689144 4
1 1082763689145 1
1 1082763689148 4
1 1082763689149 1
1 1082763689152 4
1 1082763689153 1
1 1082763689182 1
1 1082763689183 1
1 1082763689186 1
1 1082763689187 1
1 1082763689190 1
1 1082763689191 1
1 1082763689194 1
1 1082763689195 1
1 1082763689198 1
1 1082763689199 1
1 1082763689228 1
1 1082763689229 4
1 1082763689230 1
1 1082763689232 1
1 1082763689233 4
1 1082763689234 1
1 1082763689236 1
1 1082763689237 4
1 1082763689238 1
1 1082763689240 1
1 1082763689241 4
1 1082763689242 1
1 1082763689244 1
1 1082763689245 4
1 1082763689246 1
1 1082763689248 1
1 1082763689249 4
1 1082763689250 1
1 1082763689292 4
1 1082763689293 1
1 1082763689296 4
1 1082763689297 1
1 1082763689300 4
1 1082763689301 1
1 1082763689304 4
1 1082763689305 1
1 1082763689308 4
1 1082763689309 1
1 1082763689312 4
1 1082763689313 1
1 1082763689342 1
1 1082763689343 1
1 1082763689346 1
1 1082763689347 1
1 1082763689350 1
1 1082763689351 1
1 1082763689354 1
1 1082763689355 1
1 1082763689358 1
1 1082763689359 1
1 1082763689362 1
1 1082763689363 1
1 1082763689405 1
1 1082763689406 4
1 1082763689407 1
1 1082763689409 1
1 1082763689410 4
1 1082763689411 1
1 1082763689413 1
1 1082763689414 4
1 1082763689415 1
1 1082763689417 1
1 1082763689418 4
1 1082763689419 1
1 1082763689421 1
1 1082763689422 4
1 1082763689423 1
1 1082763689425 1
1 1082763689426 4
1 1082763689427 1
1 1082763689468 1
1 1082763689469 4
1 1082763689470 1
1 1082763689472 1
1 1082763689473 4
1 1082763689474 1
1 1082763689476 1
1 1082763689477 4
1 1082763689478 1
1 1082763689480 1
1 1082763689481 4
1 1082763689482 1
1 1082763689484 1
1 1082763689485 4
1 1082763689486 1
1 1082763689488 1
1 1082763689489 4
1 1082763689490 1
1 1082763689532 4
1 1082763689533 1
1 1082763689536 4
1 1082763689537 1
1 1082763689540 4
1 1082763689541 1
1 1082763689544 4
1 1082763689545 1
1 1082763689548 4
1 1082763689549 1
1 1082763689552 4
1 1082763689553 1
1 1082763689582 1
1 1082763689583 1
1 1082763689586 1
1 1082763689587 1
1 1082763689590 1
1 1082763689591 1
1 1082763689594 1
1 1082763689595 1
1 1082763689598 1
1 1082763689599 1
1 1082763689628 1
1 1082763689629 4
1 1082763689630 1
1 1082763689632 1
1 1082763689633 4
1 1082763689634 1
1 1082763689636 1
1 1082763689637 4
1 1082763689638 1
1 1082763689640 1
1 1082763689641 4
1 1082763689642 1
1 1082763689644 1
1 1082763689645 4
1 1082763689646 1
1 1082763689648 1
1 1082763689649 4
1 1082763689650 1
1 1082763689692 4
1 1082763689693 1
1 1082763689696 4
1 1082763689697 1
1 1082763689700 4
1 1082763689701 1
1 1082763689704 4
1 1082763689705 1
1 1082763689708 4
1 1082763689709 1
1 1082763689712 4
1 1082763689713 1
1 1082763689742 1
1 1082763689743 1
1 1082763689746 1
1 1082763689747 1
1 1082763689750 1
1 1082763689751 1
1 1082763689754 1
1 1082763689755 1
1 1082763689758 1
1 1082763689759 1
1 1082763689762 1
1 1082763689763 1
1 1082763689805 1
1 1082763689806 4
1 1082763689807 1
1 1082763689809 1
1 1082763689810 4
1 1082763689811 1
1 1082763689813 1
1 1082763689814 4
1 1082763689815 1
1 1082763689817 1
1 1082763689818 4
1 1082763689819 1
1 1082763689821 1
1 1082763689822 4
1 1082763689823 1
1 1082763689825 1
1 1082763689826 4
1 1082763689827 1
1 1082763689868 1
1 1082763689869 4
1 1082763689870 1
1 1082763689872 1
1 1082763689873 4
1 1082763689874 1
1 1082763689876 1
1 1082763689877 4
1 1082763689878 1
1 1082763689880 1
1 1082763689881 4
1 1082763689882 1
1 1082763689884 1
1 1082763689885 4
1 1082763689886 1
1 1082763689888 1
1 1082763689889 4
1 1082763689890 1
1 1082763689932 4
1 1082763689933 1
1 1082763689936 4
1 1082763689937 1
1 1082763689940 4
1 1082763689941 1
1 1082763689944 4
1 1082763689945 1
1 1082763689948 4
1 1082763689949 1
1 1082763689952 4
1 1082763689953 1
1 1082763689982 1
1 1082763689983 1
1 1082763689986 1
1 1082763689987 1
1 1082763689990 1
1 1082763689991 1
1 1082763689994 1
1 1082763689995 1
1 1082763689998 1
1 1082763689999 1
1 1082763690028 1
1 1082763690029 4
1 1082763690030 1
1 1082763690032 1
1 1082763690033 4
1 1082763690034 1
1 1082763690036 1
1 1082763690037 4
1 1082763690038 1
1 1082763690040 1
1 1082763690041 4
1 1082763690042 1
1 1082763690044 1
1 1082763690045 4
1 1082763690046 1
1 1082763690048 1
1 1082763690049 4
1 1082763690050 1
1 1082763690092 4
1 1082763690093 1
1 1082763690096 4
1 1082763690097 1
1 1082763690100 4
1 1082763690101 1
1 1082763690104 4
1 1082763690105 1
1 1082763690108 4
1 1082763690109 1
1 1082763690112 4
1 1082763690113 1
1 1082763690142 1
1 1082763690143 1
1 1082763690146 1
1 1082763690147 1
1 1082763690150 1
1 1082763690151 1
1 1082763690154 1
1 1082763690155 1
1 1082763690158 1
1 1082763690159 1
1 1082763690162 1
1 1082763690163 1
1 1082763690205 1
1 1082763690206 4
1 1082763690207 1
1 1082763690209 1
1 1082763690210 4
1 1082763690211 1
1 1082763690213 1
1 1082763690214 4
1 1082763690215 1
1 1082763690217 1
1 1082763690218 4
1 1082763690219 1
1 1082763690221 1
1 1082763690222 4
1 1082763690223 1
1 1082763690225 1
1 1082763690226 4
1 1082763690227 1
1 1082763690268 1
1 1082763690269 4
1 1082763690270 1
1 1082763690272 1
1 1082763690273 4
1 1082763690274 1
1 1082763690276 1
1 1082763690277 4
1 1082763690278 1
1 1082763690280 1
1 1082763690281 4
1 1082763690282 1
1 1082763690284 1
1 1082763690285 4
1 1082763690286 1
1 1082763690288 1
1 1082763690289 4
1 1082763690290 1
1 1082763690332 4
1 1082763690333 1
1 1082763690336 4
1 1082763690337 1
1 1082763690340 4
1 1082763690341 1
1 1082763690344 4
1 1082763690345 1
1 1082763690348 4
1 1082763690349 1
1 1082763690352 4
1 1082763690353 1
1 1082763690382 1
1 1082763690383 1
1 1082763690386 1
1 1082763690387 1
1 1082763690390 1
1 1082763690391 1
1 1082763690394 1
1 1082763690395 1
1 1082763690398 1
1 1082763690399 1
1 1082763690428 1
1 1082763690429 4
1 1082763690430 1
1 1082763690432 1
1 1082763690433 4
1 1082763690434 1
1 1082763690436 1
1 1082763690437 4
1 1082763690438 1
1 1082763690440 1
1 1082763690441 4
1 1082763690442 1
1 1082763690444 1
1 1082763690445 4
1 1082763690446 1
1 1082763690448 1
1 1082763690449 4
1 1082763690450 1
1 1082763690492 4
1 1082763690493 1
1 1082763690496 4
1 1082763690497 1
1 1082763690500 4
1 1082763690501 1
1 1082763690504 4
1 1082763690505 1
1 1082763690508 4
1 1082763690509 1
1 1082763690512 4
1 1082763690513 1
1 1082763690542 1
1 1082763690543 1
1 1082763690546 1
1 1082763690547 1
1 1082763690550 1
1 1082763690551 1
1 1082763690554 1
1 1082763690555 1
1 1082763690558 1
1 1082763690559 1
1 1082763690562 1
1 1082763690563 1
1 1082763690605 1
1 1082763690606 4
1 1082763690607 1
1 1082763690609 1
1 1082763690610 4
1 1082763690611 1
1 1082763690613 1
1 1082763690614 4
1 1082763690615 1
1 1082763690617 1
1 1082763690618 4
1 1082763690619 1
1 1082763690621 1
1 1082763690622 4
1 1082763690623 1
1 1082763690625 1
1 1082763690626 4
1 1082763690627 1
1 1082763690668 1
1 1082763690669 4
1 1082763690670 1
1 1082763690672 1
1 1082763690673 4
1 1082763690674 1
1 1082763690676 1
1 1082763690677 4
1 1082763690678 1
1 1082763690680 1
1 1082763690681 4
1 1082763690682 1
1 1082763690684 1
1 1082763690685 4
1 1082763690686 1
1 1082763690688 1
1 1082763690689 4
1 1082763690690 1
1 1082763690732 4
1 1082763690733 1
1 1082763690736 4
1 1082763690737 1
1 1082763690740 4
1 1082763690741 1
1 1082763690744 4
1 1082763690745 1
1 1082763690748 4
1 1082763690749 1
1 1082763690752 4
1 1082763690753 1
1 1082763690782 1
1 1082763690783 1
1 1082763690786 1
1 1082763690787 1
1 1082763690790 1
1 1082763690791 1
1 1082763690794 1
1 1082763690795 1
1 1082763690798 1
1 1082763690799 1
1 1082763690828 1
1 1082763690829 4
1 1082763690830 1
1 1082763690832 1
1 1082763690833 4
1 1082763690834 1
1 1082763690836 1
1 1082763690837 4
1 1082763690838 1
1 1082763690840 1
1 1082763690841 4
1 1082763690842 1
1 1082763690844 1
1 1082763690845 4
1 1082763690846 1
1 1082763690848 1
1 1082763690849 4
1 1082763690850 1
1 1082763690892 4
1 1082763690893 1
1 1082763690896 4
1 1082763690897 1
1 1082763690900 4
1 1082763690901 1
1 1082763690904 4
1 1082763690905 1
1 1082763690908 4
1 1082763690909 1
1 1082763690912 4
1 1082763690913 1
1 1082763690942 1
1 1082763690943 1
1 1082763690946 1
1 1082763690947 1
1 1082763690950 1
1 1082763690951 1
1 1082763690954 1
1 1082763690955 1
1 1082763690958 1
1 1082763690959 1
1 1082763690962 1
1 1082763690963 1
1 1082763691005 1
1 1082763691006 4
1 1082763691007 1
1 1082763691009 1
1 1082763691010 4
1 1082763691011 1
1 1082763691013 1
1 1082763691014 4
1 1082763691015 1
1 1082763691017 1
1 1082763691018 4
1 1082763691019 1
1 1082763691021 1
1 1082763691022 4
1 1082763691023 1
1 1082763691025 1
1 1082763691026 4
1 1082763691027 1
1 1082763691068 1
1 1082763691069 4
1 1082763691070 1
1 1082763691072 1
1 1082763691073 4
1 1082763691074 1
1 1082763691076 1
1 1082763691077 4
1 1082763691078 1
1 1082763691080 1
1 1082763691081 4
1 1082763691082 1
1 1082763691084 1
1 1082763691085 4
1 1082763691086 1
1 1082763691088 1
1 1082763691089 4
1 1082763691090 1
1 1082763691132 4
1 1082763691133 1
1 1082763691136 4
1 1082763691137 1
1 1082763691140 4
1 1082763691141 1
1 1082763691144 4
1 1082763691145 1
1 1082763691148 4
1 1082763691149 1
1 1082763691152 4
1 1082763691153 1
1 1082763691182 1
1 1082763691183 1
1 1082763691186 1
1 1082763691187 1
1 1082763691190 1
1 1082763691191 1
1 1082763691194 1
1 1082763691195 1
1 1082763691198 1
1 1082763691199 1
1 1082763691228 1
1 1082763691229 4
1 1082763691230 1
1 1082763691232 1
1 1082763691233 4
1 1082763691234 1
1 1082763691236 1
1 1082763691237 4
1 1082763691238 1
1 1082763691240 1
1 1082763691241 4
1 1082763691242 1
1 1082763691244 1
1 1082763691245 4
1 1082763691246 1
1 1082763691248 1
1 1082763691249 4
1 1082763691250 1
1 1082763691292 4
1 1082763691293 1
1 1082763691296 4
1 1082763691297 1
1 1082763691300 4
1 1082763691301 1
1 1082763691304 4
1 1082763691305 1
1 1082763691308 4
1 1082763691309 1
1 1082763691312 4
1 1082763691313 1
1 1082763691342 1
1 1082763691343 1
1 1082763691346 1
1 1082763691347 1
1 1082763691350 1
1 1082763691351 1
1 1082763691354 1
1 1082763691355 1
1 1082763691358 1
1 1082763691359 1
1 1082763691362 1
1 1082763691363 1
1 1082763691405 1
1 1082763691406 4
1 1082763691407 1
1 1082763691409 1
1 1082763691410 4
1 1082763691411 1
1 1082763691413 1
1 1082763691414 4
1 1082763691415 1
1 1082763691417 1
1 1082763691418 4
1 1082763691419 1
1 1082763691421 1
1 1082763691422 4
1 1082763691423 1
1 1082763691425 1
1 1082763691426 4
1 1082763691427 1
1 1082763691468 1
1 1082763691469 4
1 1082763691470 1
1 1082763691472 1
1 1082763691473 4
1 1082763691474 1
1 1082763691476 1
1 1082763691477 4
1 1082763691478 1
1 1082763691480 1
1 1082763691481 4
1 1082763691482 1
1 1082763691484 1
1 1082763691485 4
1 1082763691486 1
1 1082763691488 1
1 1082763691489 4
1 1082763691490 1
1 1082763691532 4
1 1082763691533 1
1 1082763691536 4
1 1082763691537 1
1 1082763691540 4
1 1082763691541 1
1 1082763691544 4
1 1082763691545 1
1 1082763691548 4
1 1082763691549 1
1 1082763691552 4
1 1082763691553 1
1 1082763691582 1
1 1082763691583 1
1 1082763691586 1
1 1082763691587 1
1 1082763691590 1
1 1082763691591 1
1 1082763691594 1
1 1082763691595 1
1 1082763691598 1
1 1082763691599 1
1 1082763691628 1
1 1082763691629 4
1 1082763691630 1
1 1082763691632 1
1 1082763691633 4
1 1082763691634 1
1 1082763691636 1
1 1082763691637 4
1 1082763691638 1
1 1082763691640 1
1 1082763691641 4
1 1082763691642 1
1 1082763691644 1
1 1082763691645 4
1 1082763691646 1
1 1082763691648 1
1 1082763691649 4
1 1082763691650 1
1 1082763691692 4
1 1082763691693 1
1 1082763691696 4
1 1082763691697 1
1 1082763691700 4
1 1082763691701 1
1 1082763691704 4
1 1082763691705 1
1 1082763691708 4
1 1082763691709 1
1 1082763691712 4
1 1082763691713 1
1 1082763691742 1
1 1082763691743 1
1 1082763691746 1
1 1082763691747 1
1 1082763691750 1
1 1082763691751 1
1 1082763691754 1
1 1082763691755 1
1 1082763691758 1
1 1082763691759 1
1 1082763691762 1
1 1082763691763 1
1 1082763691805 1
1 1082763691806 4
1 1082763691807 1
1 1082763691809 1
1 1082763691810 4
1 1082763691811 1
1 1082763691813 1
1 1082763691814 4
1 1082763691815 1
1 1082763691817 1
1 1082763691818 4
1 1082763691819 1
1 1082763691821 1
1 1082763691822 4
1 1082763691823 1
1 1082763691825 1
1 1082763691826 4
1 1082763691827 1
1 1082763691868 1
1 1082763691869 4
1 1082763691870 1
1 1082763691872 1
1 1082763691873 4
1 1082763691874 1
1 1082763691876 1
1 1082763691877 4
1 1082763691878 1
1 1082763691880 1
1 1082763691881 4
1 1082763691882 1
1 1082763691884 1
1 1082763691885 4
1 1082763691886 1
1 1082763691888 1
1 1082763691889 4
1 1082763691890 1
1 1082763691932 4
1 1082763691933 1
1 1082763691936 4
1 1082763691937 1
1 1082763691940 4
1 1082763691941 1
1 1082763691944 4
1 1082763691945 1
1 1082763691948 4
1 1082763691949 1
1 1082763691952 4
1 1082763691953 1
1 1082763691982 1
1 1082763691983 1
1 1082763691986 1
1 1082763691987 1
1 1082763691990 1
1 1082763691991 1
1 1082763691994 1
1 1082763691995 1
1 1082763691998 1
1 1082763691999 1
1 1082763692028 1
1 1082763692029 4
1 1082763692030 1
1 1082763692032 1
1 1082763692033 4
1 1082763692034 1
1 1082763692036 1
1 1082763692037 4
1 1082763692038 1
1 1082763692040 1
1 1082763692041 4
1 1082763692042 1
1 1082763692044 1
1 1082763692045 4
1 1082763692046 1
1 1082763692048 1
1 1082763692049 4
1 1082763692050 1
1 1082763692092 4
1 1082763692093 1
1 1082763692096 4
1 1082763692097 1
1 1082763692100 4
1 1082763692101 1
1 1082763692104 4
1 1082763692105 1
1 1082763692108 4
1 1082763692109 1
1 1082763692112 4
1 1082763692113 1
1 1082763692142 1
1 1082763692143 1
1 1082763692146 1
1 1082763692147 1
1 1082763692150 1
1 1082763692151 1
1 1082763692154 1
1 1082763692155 1
1 1082763692158 1
1 1082763692159 1
1 1082763692162 1
1 1082763692163 1
1 1082763692205 1
1 1082763692206 4
1 1082763692207 1
1 1082763692209 1
1 1082763692210 4
1 1082763692211 1
1 1082763692213 1
1 1082763692214 4
1 1082763692215 1
1 1082763692217 1
1 1082763692218 4
1 1082763692219 1
1 1082763692221 1
1 1082763692222 4
1 1082763692223 1
1 1082763692225 1
1 1082763692226 4
1 1082763692227 1
1 1082763692268 1
1 1082763692269 4
1 1082763692270 1
1 1082763692272 1
1 1082763692273 4
1 1082763692274 1
1 1082763692276 1
1 1082763692277 4
1 1082763692278 1
1 1082763692280 1
1 1082763692281 4
1 1082763692282 1
1 1082763692284 1
1 1082763692285 4
1 1082763692286 1
1 1082763692288 1
1 1082763692289 4
1 1082763692290 1
1 1082763692332 4
1 1082763692333 1
1 1082763692336 4
1 1082763692337 1
1 1082763692340 4
1 1082763692341 1
1 1082763692344 4
1 1082763692345 1
1 1082763692348 4
1 1082763692349 1
1 1082763692352 4
1 1082763692353 1
1 1082763692382 1
1 1082763692383 1
1 1082763692386 1
1 1082763692387 1
1 1082763692390 1
1 1082763692391 1
1 1082763692394 1
1 1082763692395 1
1 1082763692398 1
1 1082763692399 1
1 1082763692428 1
1 1082763692429 4
1 1082763692430 1
1 1082763692432 1
1 1082763692433 4
1 1082763692434 1
1 1082763692436 1
1 1082763692437 4
1 1082763692438 1
1 1082763692440 1
1 1082763692441 4
1 1082763692442 1
1 1082763692444 1
1 1082763692445 4
1 1082763692446 1
1 1082763692448 1
1 1082763692449 4
1 1082763692450 1
1 1082763692492 4
1 1082763692493 1
1 1082763692496 4
1 1082763692497 1
1 1082763692500 4
1 1082763692501 1
1 1082763692504 4
1 1082763692505 1
1 1082763692508 4
1 1082763692509 1
1 1082763692512 4
1 1082763692513 1
1 1082763692542 1
1 1082763692543 1
1 1082763692546 1
1 1082763692547 1
1 1082763692550 1
1 1082763692551 1
1 1082763692554 1
1 1082763692555 1
1 1082763692558 1
1 1082763692559 1
1 1082763692562 1
1 1082763692563 1
1 1082763692605 1
1 1082763692606 4
1 1082763692607 1
1 1082763692609 1
1 1082763692610 4
1 1082763692611 1
1 1082763692613 1
1 1082763692614 4
1 1082763692615 1
1 1082763692617 1
1 1082763692618 4
1 1082763692619 1
1 1082763692621 1
1 1082763692622 4
1 1082763692623 1
1 1082763692625 1
1 1082763692626 4
1 1082763692627 1
1 1082763692668 1
1 1082763692669 4
1 1082763692670 1
1 1082763692672 1
1 1082763692673 4
1 1082763692674 1
1 1082763692676 1
1 1082763692677 4
1 1082763692678 1
1 1082763692680 1
1 1082763692681 4
1 1082763692682 1
1 1082763692684 1
1 1082763692685 4
1 1082763692686 1
1 1082763692688 1
1 1082763692689 4
1 1082763692690 1
1 1082763692732 4
1 1082763692733 1
1 1082763692736 4
1 1082763692737 1
1 1082763692740 4
1 1082763692741 1
1 1082763692744 4
1 1082763692745 1
1 1082763692748 4
1 1082763692749 1
1 1082763692752 4
1 1082763692753 1
1 1082763692782 1
1 1082763692783 1
1 1082763692786 1
1 1082763692787 1
1 1082763692790 1
1 1082763692791 1
1 1082763692794 1
1 1082763692795 1
1 1082763692798 1
1 1082763692799 1
1 1082763692828 1
1 1082763692829 4
1 1082763692830 1
1 1082763692832 1
1 1082763692833 4
1 1082763692834 1
1 1082763692836 1
1 1082763692837 4
1 1082763692838 1
1 1082763692840 1
1 1082763692841 4
1 1082763692842 1
1 1082763692844 1
1 1082763692845 4
1 1082763692846 1
1 1082763692848 1
1 1082763692849 4
1 1082763692850 1
1 1082763692892 4
1 1082763692893 1
1 1082763692896 4
1 1082763692897 1
1 1082763692900 4
1 1082763692901 1
1 1082763692904 4
1 1082763692905 1
1 1082763692908 4
1 1082763692909 1
1 1082763692912 4
1 1082763692913 1
1 1082763692942 1
1 1082763692943 1
1 1082763692946 1
1 1082763692947 1
1 1082763692950 1
1 1082763692951 1
1 1082763692954 1
1 1082763692955 1
1 1082763692958 1
1 1082763692959 1
1 1082763692962 1
1 1082763692963 1
1 1082763693005 1
1 1082763693006 4
1 1082763693007 1
1 1082763693009 1
1 1082763693010 4
1 1082763693011 1
1 1082763693013 1
1 1082763693014 4
1 1082763693015 1
1 1082763693017 1
1 1082763693018 4
1 1082763693019 1
1 1082763693021 1
1 1082763693022 4
1 1082763693023 1
1 1082763693025 1
1 1082763693026 4
1 1082763693027 1
1 1082763693068 1
1 1082763693069 4
1 1082763693070 1
1 1082763693072 1
1 1082763693073 4
1 1082763693074 1
1 1082763693076 1
1 1082763693077 4
1 1082763693078 1
1 1082763693080 1
1 1082763693081 4
1 1082763693082 1
1 1082763693084 1
1 1082763693085 4
1 1082763693086 1
1 1082763693088 1
1 1082763693089 4
1 1082763693090 1
1 1082763693132 4
1 1082763693133 1
1 1082763693136 4
1 1082763693137 1
1 1082763693140 4
1 1082763693141 1
1 1082763693144 4
1 1082763693145 1
1 1082763693148 4
1 1082763693149 1
1 1082763693152 4
1 1082763693153 1
1 1082763693182 1
1 1082763693183 1
1 1082763693186 1
1 1082763693187 1
1 1082763693190 1
1 1082763693191 1
1 1082763693194 1
1 1082763693195 1
1 1082763693198 1
1 1082763693199 1
1 1082763693228 1
1 1082763693229 4
1 1082763693230 1
1 1082763693232 1
1 1082763693233 4
1 1082763693234 1
1 1082763693236 1
1 1082763693237 4
1 1082763693238 1
1 1082763693240 1
1 1082763693241 4
1 1082763693242 1
1 1082763693244 1
1 1082763693245 4
1 1082763693246 1
1 1082763693248 1
1 1082763693249 4
1 1082763693250 1
1 1082763693292 4
1 1082763693293 1
1 1082763693296 4
1 1082763693297 1
1 1082763693300 4
1 1082763693301 1
1 1082763693304 4
1 1082763693305 1
1 1082763693308 4
1 1082763693309 1
1 1082763693312 4
1 1082763693313 1
1 1082763693342 1
1 1082763693343 1
1 1082763693346 1
1 1082763693347 1
1 1082763693350 1
1 1082763693351 1
1 1082763693354 1
1 1082763693355 1
1 1082763693358 1
1 1082763693359 1
1 1082763693362 1
1 1082763693363 1
1 1082763693405 1
1 1082763693406 4
1 1082763693407 1
1 1082763693409 1
1 1082763693410 4
1 1082763693411 1
1 1082763693413 1
1 1082763693414 4
1 1082763693415 1
1 1082763693417 1
1 1082763693418 4
1 1082763693419 1
1 1082763693421 1
1 1082763693422 4
1 1082763693423 1
1 1082763693425 1
1 1082763693426 4
1 1082763693427 1
1 1082763693468 1
1 1082763693469 4
1 1082763693470 1
1 1082763693472 1
1 1082763693473 4
1 1082763693474 1
1 1082763693476 1
1 1082763693477 4
1 1082763693478 1
1 1082763693480 1
1 1082763693481 4
1 1082763693482 1
1 1082763693484 1
1 1082763693485 4
1 1082763693486 1
1 1082763693488 1
1 1082763693489 4
1 1082763693490 1
1 1082763693532 4
1 1082763693533 1
1 1082763693536 4
1 1082763693537 1
1 1082763693540 4
1 1082763693541 1
1 1082763693544 4
1 1082763693545 1
1 1082763693548 4
1 1082763693549 1
1 1082763693552 4
1 1082763693553 1
1 1082763693582 1
1 1082763693583 1
1 1082763693586 1
1 1082763693587 1
1 1082763693590 1
1 1082763693591 1
1 1082763693594 1
1 1082763693595 1
1 1082763693598 1
1 1082763693599 1
1 1082763693628 1
1 1082763693629 4
1 1082763693630 1
1 1082763693632 1
1 1082763693633 4
1 1082763693634 1
1 1082763693636 1
1 1082763693637 4
1 1082763693638 1
1 1082763693640 1
1 1082763693641 4
1 1082763693642 1
1 1082763693644 1
1 1082763693645 4
1 1082763693646 1
1 1082763693648 1
1 1082763693649 4
1 1082763693650 1
1 1082763693692 4
1 1082763693693 1
1 1082763693696 4
1 1082763693697 1
1 1082763693700 4
1 1082763693701 1
1 1082763693704 4
1 1082763693705 1
1 1082763693708 4
1 1082763693709 1
1 1082763693712 4
1 1082763693713 1
1 1082763693742 1
1 1082763693743 1
1 1082763693746 1
1 1082763693747 1
1 1082763693750 1
1 1082763693751 1
1 1082763693754 1
1 1082763693755 1
1 1082763693758 1
1 1082763693759 1
1 1082763693762 1
1 1082763693763 1
1 1082763693805 1
1 1082763693806 4
1 1082763693807 1
1 1082763693809 1
1 1082763693810 4
1 1082763693811 1
1 1082763693813 1
1 1082763693814 4
1 1082763693815 1
1 1082763693817 1
1 1082763693818 4
1 1082763693819 1
1 1082763693821 1
1 1082763693822 4
1 1082763693823 1
1 1082763693825 1
1 1082763693826 4
1 1082763693827 1
1 1082763693868 1
1 1082763693869 4
1 1082763693870 1
1 1082763693872 1
1 1082763693873 4
1 1082763693874 1
1 1082763693876 1
1 1082763693877 4
1 1082763693878 1
1 1082763693880 1
1 1082763693881 4
1 1082763693882 1
1 1082763693884 1
1 1082763693885 4
1 1082763693886 1
1 1082763693888 1
1 1082763693889 4
1 1082763693890 1
1 1082763693932 4
1 1082763693933 1
1 1082763693936 4
1 1082763693937 1
1 1082763693940 4
1 1082763693941 1
1 1082763693944 4
1 1082763693945 1
1 1082763693948 4
1 1082763693949 1
1 1082763693952 4
1 1082763693953 1
1 1082763693982 1
1 1082763693983 1
1 1082763693986 1
1 1082763693987 1
1 1082763693990 1
1 1082763693991 1
1 1082763693994 1
1 1082763693995 1
1 1082763693998 1
1 1082763693999 1
1 1082763694028 1
1 1082763694029 4
1 1082763694030 1
1 1082763694032 1
1 1082763694033 4
1 1082763694034 1
1 1082763694036 1
1 1082763694037 4
1 1082763694038 1
1 1082763694040 1
1 1082763694041 4
1 1082763694042 1
1 1082763694044 1
1 1082763694045 4
1 1082763694046 1
1 1082763694048 1
1 1082763694049 4
1 1082763694050 1
1 1082763694092 4
1 1082763694093 1
1 1082763694096 4
1 1082763694097 1
1 1082763694100 4
1 1082763694101 1
1 1082763694104 4
1 1082763694105 1
1 1082763694108 4
1 1082763694109 1
1 1082763694112 4
1 1082763694113 1
1 1082763694142 1
1 1082763694143 1
1 1082763694146 1
1 1082763694147 1
1 1082763694150 1
1 1082763694151 1
1 1082763694154 1
1 1082763694155 1
1 1082763694158 1
1 1082763694159 1
1 1082763694162 1
1 1082763694163 1
1 1082763694205 1
1 1082763694206 4
1 1082763694207 1
1 1082763694209 1
1 1082763694210 4
1 1082763694211 1
1 1082763694213 1
1 1082763694214 4
1 1082763694215 1
1 1082763694217 1
1 1082763694218 4
1 1082763694219 1
1 1082763694221 1
1 1082763694222 4
1 1082763694223 1
1 1082763694225 1
1 1082763694226 4
1 1082763694227 1
1 1082763694268 1
1 1082763694269 4
1 1082763694270 1
1 1082763694272 1
1 1082763694273 4
1 1082763694274 1
1 1082763694276 1
1 1082763694277 4
1 1082763694278 1
1 1082763694280 1
1 1082763694281 4
1 1082763694282 1
1 1082763694284 1
1 1082763694285 4
1 1082763694286 1
1 1082763694288 1
1 1082763694289 4
1 1082763694290 1
1 1082763694332 4
1 1082763694333 1
1 1082763694336 4
1 1082763694337 1
1 1082763694340 4
1 1082763694341 1
1 1082763694344 4
1 1082763694345 1
1 1082763694348 4
1 1082763694349 1
1 1082763694352 4
1 1082763694353 1
1 1082763694382 1
1 1082763694383 1
1 1082763694386 1
1 1082763694387 1
1 1082763694390 1
1 1082763694391 1
1 1082763694394 1
1 1082763694395 1
1 1082763694398 1
1 1082763694399 1
1 1082763694428 1
1 1082763694429 4
1 1082763694430 1
1 1082763694432 1
1 1082763694433 4
1 1082763694434 1
1 1082763694436 1
1 1082763694437 4
1 1082763694438 1
1 1082763694440 1
1 1082763694441 4
1 1082763694442 1
1 1082763694444 1
1 1082763694445 4
1 1082763694446 1
1 1082763694448 1
1 1082763694449 4
1 1082763694450 1
1 1082763694492 4
1 1082763694493 1
1 1082763694496 4
1 1082763694497 1
1 1082763694500 4
1 1082763694501 1
1 1082763694504 4
1 1082763694505 1
1 1082763694508 4
1 1082763694509 1
1 1082763694512 4
1 1082763694513 1
1 1082763694542 1
1 1082763694543 1
1 1082763694546 1
1 1082763694547 1
1 1082763694550 1
1 1082763694551 1
1 1082763694554 1
1 1082763694555 1
1 1082763694558 1
1 1082763694559 1
1 1082763694562 1
1 1082763694563 1
1 1082763694605 1
1 1082763694606 4
1 1082763694607 1
1 1082763694609 1
1 1082763694610 4
1 1082763694611 1
1 1082763694613 1
1 1082763694614 4
1 1082763694615 1
1 1082763694617 1
1 1082763694618 4
1 1082763694619 1
1 1082763694621 1
1 1082763694622 4
1 1082763694623 1
1 1082763694625 1
1 1082763694626 4
1 1082763694627 1
1 1082763694668 1
1 1082763694669 4
1 1082763694670 1
1 1082763694672 1
1 1082763694673 4
1 1082763694674 1
1 1082763694676 1
1 1082763694677 4
1 1082763694678 1
1 1082763694680 1
1 1082763694681 4
1 1082763694682 1
1 1082763694684 1
1 1082763694685 4
1 1082763694686 1
1 1082763694688 1
1 1082763694689 4
1 1082763694690 1
1 1082763694732 4
1 1082763694733 1
1 1082763694736 4
1 1082763694737 1
1 1082763694740 4
1 1082763694741 1
1 1082763694744 4
1 1082763694745 1
1 1082763694748 4
1 1082763694749 1
1 1082763694752 4
1 1082763694753 1
1 1082763694782 1
1 1082763694783 1
1 1082763694786 1
1 1082763694787 1
1 1082763694790 1
1 1082763694791 1
1 1082763694794 1
1 1082763694795 1
1 1082763694798 1
1 1082763694799 1
1 1082763694828 1
1 1082763694829 4
1 1082763694830 1
1 1082763694832 1
1 1082763694833 4
1 1082763694834 1
1 1082763694836 1
1 1082763694837 4
1 1082763694838 1
1 1082763694840 1
1 1082763694841 4
1 1082763694842 1
1 1082763694844 1
1 1082763694845 4
1 1082763694846 1
1 1082763694848 1
1 1082763694849 4
1 1082763694850 1
1 1082763694892 4
1 1082763694893 1
1 1082763694896 4
1 1082763694897 1
1 1082763694900 4
1 1082763694901 1
1 1082763694904 4
1 1082763694905 1
1 1082763694908 4
1 1082763694909 1
1 1082763694912 4
1 1082763694913 1
1 1082763694942 1
1 1082763694943 1
1 1082763694946 1
1 1082763694947 1
1 1082763694950 1
1 1082763694951 1
1 1082763694954 1
1 1082763694955 1
1 1082763694958 1
1 1082763694959 1
1 1082763694962 1
1 1082763694963 1
1 1082763695005 1
1 1082763695006 4
1 1082763695007 1
1 1082763695009 1
1 1082763695010 4
1 1082763695011 1
1 1082763695013 1
1 1082763695014 4
1 1082763695015 1
1 1082763695017 1
1 1082763695018 4
1 1082763695019 1
1 1082763695021 1
1 1082763695022 4
1 1082763695023 1
1 1082763695025 1
1 1082763695026 4
1 1082763695027 1
1 1082763695068 1
1 1082763695069 4
1 1082763695070 1
1 1082763695072 1
1 1082763695073 4
1 1082763695074 1
1 1082763695076 1
1 1082763695077 4
1 1082763695078 1
1 1082763695080 1
1 1082763695081 4
1 1082763695082 1
1 1082763695084 1
1 1082763695085 4
1 1082763695086 1
1 1082763695088 1
1 1082763695089 4
1 1082763695090 1
1 1082763695132 4
1 1082763695133 1
1 1082763695136 4
1 1082763695137 1
1 1082763695140 4
1 1082763695141 1
1 1082763695144 4
1 1082763695145 1
1 1082763695148 4
1 1082763695149 1
1 1082763695152 4
1 1082763695153 1
1 1082763695182 1
1 1082763695183 1
1 1082763695186 1
1 1082763695187 1
1 1082763695190 1
1 1082763695191 1
1 1082763695194 1
1 1082763695195 1
1 1082763695198 1
1 1082763695199 1
1 1082763695228 1
1 1082763695229 4
1 1082763695230 1
1 1082763695232 1
1 1082763695233 4
1 1082763695234 1
1 1082763695236 1
1 1082763695237 4
1 1082763695238 1
1 1082763695240 1
1 1082763695241 4
1 1082763695242 1
1 1082763695244 1
1 1082763695245 4
1 1082763695246 1
1 1082763695248 1
1 1082763695249 4
1 1082763695250 1
1 1082763695292 4
1 1082763695293 1
1 1082763695296 4
1 1082763695297 1
1 1082763695300 4
1 1082763695301 1
1 1082763695304 4
1 1082763695305 1
1 1082763695308 4
1 1082763695309 1
1 1082763695312 4
1 1082763695313 1
1 1082763695342 1
1 1082763695343 1
1 1082763695346 1
1 1082763695347 1
1 1082763695350 1
1 1082763695351 1
1 1082763695354 1
1 1082763695355 1
1 1082763695358 1
1 1082763695359 1
1 1082763695362 1
1 1082763695363 1
1 1082763695405 1
1 1082763695406 4
1 1082763695407 1
1 1082763695409 1
1 1082763695410 4
1 1082763695411 1
1 1082763695413 1
1 1082763695414 4
1 1082763695415 1
1 1082763695417 1
1 1082763695418 4
1 1082763695419 1
1 1082763695421 1
1 1082763695422 4
1 1082763695423 1
1 1082763695425 1
1 1082763695426 4
1 1082763695427 1
1 1082763695468 1
1 1082763695469 4
1 1082763695470 1
1 1082763695472 1
1 1082763695473 4
1 1082763695474 1
1 1082763695476 1
1 1082763695477 4
1 1082763695478 1
1 1082763695480 1
1 1082763695481 4
1 1082763695482 1
1 1082763695484 1
1 1082763695485 4
1 1082763695486 1
1 1082763695488 1
1 1082763695489 4
1 1082763695490 1
1 1082763695532 4
1 1082763695533 1
1 1082763695536 4
1 1082763695537 1
1 1082763695540 4
1 1082763695541 1
1 1082763695544 4
1 1082763695545 1
1 1082763695548 4
1 1082763695549 1
1 1082763695552 4
1 1082763695553 1
1 1082763695582 1
1 1082763695583 1
1 1082763695586 1
1 1082763695587 1
1 1082763695590 1
1 1082763695591 1
1 1082763695594 1
1 1082763695595 1
1 1082763695598 1
1 1082763695599 1
1 1082763695628 1
1 1082763695629 4
1 1082763695630 1
1 1082763695632 1
1 1082763695633 4
1 1082763695634 1
1 1082763695636 1
1 1082763695637 4
1 1082763695638 1
1 1082763695640 1
1 1082763695641 4
1 1082763695642 1
1 1082763695644 1
1 1082763695645 4
1 1082763695646 1
1 1082763695648 1
1 1082763695649 4
1 1082763695650 1
1 1082763695692 4
1 1082763695693 1
1 1082763695696 4
1 1082763695697 1
1 1082763695700 4
1 1082763695701 1
1 1082763695704 4
1 1082763695705 1
1 1082763695708 4
1 1082763695709 1
1 1082763695712 4
1 1082763695713 1
1 1082763695742 1
1 1082763695743 1
1 1082763695746 1
1 1082763695747 1
1 1082763695750 1
1 1082763695751 1
1 1082763695754 1
1 1082763695755 1
1 1082763695758 1
1 1082763695759 1
1 1082763695762 1
1 1082763695763 1
1 1082763695805 1
1 1082763695806 4
1 1082763695807 1
1 1082763695809 1
1 1082763695810 4
1 1082763695811 1
1 1082763695813 1
1 1082763695814 4
1 1082763695815 1
1 1082763695817 1
1 1082763695818 4
1 1082763695819 1
1 1082763695821 1
1 1082763695822 4
1 1082763695823 1
1 1082763695825 1
1 1082763695826 4
1 1082763695827 1
1 1082763695868 1
1 1082763695869 4
1 1082763695870 1
1 1082763695872 1
1 1082763695873 4
1 1082763695874 1
1 1082763695876 1
1 1082763695877 4
1 1082763695878 1
1 1082763695880 1
1 1082763695881 4
1 1082763695882 1
1 1082763695884 1
1 1082763695885 4
1 1082763695886 1
1 1082763695888 1
1 1082763695889 4
1 1082763695890 1
1 1082763695932 4
1 1082763695933 1
1 1082763695936 4
1 1082763695937 1
1 1082763695940 4
1 1082763695941 1
1 1082763695944 4
1 1082763695945 1
1 1082763695948 4
1 1082763695949 1
1 1082763695952 4
1 1082763695953 1
1 1082763695982 1
1 1082763695983 1
1 1082763695986 1
1 1082763695987 1
1 1082763695990 1
1 1082763695991 1
1 1082763695994 1
1 1082763695995 1
1 1082763695998 1
1 1082763695999 1
1 1082763696028 1
1 1082763696029 4
1 1082763696030 1
1 1082763696032 1
1 1082763696033 4
1 1082763696034 1
1 1082763696036 1
1 1082763696037 4
1 1082763696038 1
1 1082763696040 1
1 1082763696041 4
1 1082763696042 1
1 1082763696044 1
1 1082763696045 4
1 1082763696046 1
1 1082763696048 1
1 1082763696049 4
1 1082763696050 1
1 1082763696092 4
1 1082763696093 1
1 1082763696096 4
1 1082763696097 1
1 1082763696100 4
1 1082763696101 1
1 1082763696104 4
1 1082763696105 1
1 1082763696108 4
1 1082763696109 1
1 1082763696112 4
1 1082763696113 1
1 1082763696142 1
1 1082763696143 1
1 1082763696146 1
1 1082763696147 1
1 1082763696150 1
1 1082763696151 1
1 1082763696154 1
1 1082763696155 1
1 1082763696158 1
1 1082763696159 1
1 1082763696162 1
1 1082763696163 1
1 1082763696205 1
1 1082763696206 4
1 1082763696207 1
1 1082763696209 1
1 1082763696210 4
1 1082763696211 1
1 1082763696213 1
1 1082763696214 4
1 1082763696215 1
1 1082763696217 1
1 1082763696218 4
1 1082763696219 1
1 1082763696221 1
1 1082763696222 4
1 1082763696223 1
1 1082763696225 1
1 1082763696226 4
1 1082763696227 1
1 1082763696268 1
1 1082763696269 4
1 1082763696270 1
1 1082763696272 1
1 1082763696273 4
1 1082763696274 1
1 1082763696276 1
1 1082763696277 4
1 1082763696278 1
1 1082763696280 1
1 1082763696281 4
1 1082763696282 1
1 1082763696284 1
1 1082763696285 4
1 1082763696286 1
1 1082763696288 1
1 1082763696289 4
1 1082763696290 1
1 1082763696332 4
1 1082763696333 1
1 1082763696336 4
1 1082763696337 1
1 1082763696340 4
1 1082763696341 1
1 1082763696344 4
1 1082763696345 1
1 1082763696348 4
1 1082763696349 1
1 1082763696352 4
1 1082763696353 1
1 1082763696382 1
1 1082763696383 1
1 1082763696386 1
1 1082763696387 1
1 1082763696390 1
1 1082763696391 1
1 1082763696394 1
1 1082763696395 1
1 1082763696398 1
1 1082763696399 1
1 1082763696428 1
1 1082763696429 4
1 1082763696430 1
1 1082763696432 1
1 1082763696433 4
1 1082763696434 1
1 1082763696436 1
1 1082763696437 4
1 1082763696438 1
1 1082763696440 1
1 1082763696441 4
1 1082763696442 1
1 1082763696444 1
1 1082763696445 4
1 1082763696446 1
1 1082763696448 1
1 1082763696449 4
1 1082763696450 1
1 1082763696492 4
1 1082763696493 1
1 1082763696496 4
1 1082763696497 1
1 1082763696500 4
1 1082763696501 1
1 1082763696504 4
1 1082763696505 1
1 1082763696508 4
1 1082763696509 1
1 1082763696512 4
1 1082763696513 1
1 1082763696542 1
1 1082763696543 1
1 1082763696546 1
1 1082763696547 1
1 1082763696550 1
1 1082763696551 1
1 1082763696554 1
1 1082763696555 1
1 1082763696558 1
1 1082763696559 1
1 1082763696562 1
1 1082763696563 1
1 1082763696605 1
1 1082763696606 4
1 1082763696607 1
1 1082763696609 1
1 1082763696610 4
1 1082763696611 1
1 1082763696613 1
1 1082763696614 4
1 1082763696615 1
1 1082763696617 1
1 1082763696618 4
1 1082763696619 1
1 1082763696621 1
1 1082763696622 4
1 1082763696623 1
1 1082763696625 1
1 1082763696626 4
1 1082763696627 1
1 1082763696668 1
1 1082763696669 4
1 1082763696670 1
1 1082763696672 1
1 1082763696673 4
1 1082763696674 1
1 1082763696676 1
1 1082763696677 4
1 1082763696678 1
1 1082763696680 1
1 1082763696681 4
1 1082763696682 1
1 1082763696684 1
1 1082763696685 4
1 1082763696686 1
1 1082763696688 1
1 1082763696689 4
1 1082763696690 1
1 1082763696732 4
1 1082763696733 1
1 1082763696736 4
1 1082763696737 1
1 1082763696740 4
1 1082763696741 1
1 1082763696744 4
1 1082763696745 1
1 1082763696748 4
1 1082763696749 1
1 1082763696752 4
1 1082763696753 1
1 1082763696782 1
1 1082763696783 1
1 1082763696786 1
1 1082763696787 1
1 1082763696790 1
1 1082763696791 1
1 1082763696794 1
1 1082763696795 1
1 1082763696798 1
1 1082763696799 1
1 1082763696828 1
1 1082763696829 4
1 1082763696830 1
1 1082763696832 1
1 1082763696833 4
1 1082763696834 1
1 1082763696836 1
1 1082763696837 4
1 1082763696838 1
1 1082763696840 1
1 1082763696841 4
1 1082763696842 1
1 1082763696844 1
1 1082763696845 4
1 1082763696846 1
1 1082763696848 1
1 1082763696849 4
1 1082763696850 1
1 1082763696892 4
1 1082763696893 1
1 1082763696896 4
1 1082763696897 1
1 1082763696900 4
1 1082763696901 1
1 1082763696904 4
1 1082763696905 1
1 1082763696908 4
1 1082763696909 1
1 1082763696912 4
1 1082763696913 1
1 1082763696942 1
1 1082763696943 1
1 1082763696946 1
1 1082763696947 1
1 1082763696950 1
1 1082763696951 1
1 1082763696954 1
1 1082763696955 1
1 1082763696958 1
1 1082763696959 1
1 1082763696962 1
1 1082763696963 1
1 1082763697005 1
1 1082763697006 4
1 1082763697007 1
1 1082763697009 1
1 1082763697010 4
1 1082763697011 1
1 1082763697013 1
1 1082763697014 4
1 1082763697015 1
1 1082763697017 1
1 1082763697018 4
1 1082763697019 1
1 1082763697021 1
1 1082763697022 4
1 1082763697023 1
1 1082763697025 1
1 1082763697026 4
1 1082763697027 1
1 1082763697068 1
1 1082763697069 4
1 1082763697070 1
1 1082763697072 1
1 1082763697073 4
1 1082763697074 1
1 1082763697076 1
1 1082763697077 4
1 1082763697078 1
1 1082763697080 1
1 1082763697081 4
1 1082763697082 1
1 1082763697084 1
1 1082763697085 4
1 1082763697086 1
1 1082763697088 1
1 1082763697089 4
1 1082763697090 1
1 1082763697132 4
1 1082763697133 1
1 1082763697136 4
1 1082763697137 1
1 1082763697140 4
1 1082763697141 1
1 1082763697144 4
1 1082763697145 1
1 1082763697148 4
1 1082763697149 1
1 1082763697152 4
1 1082763697153 1
1 1082763697182 1
1 1082763697183 1
1 1082763697186 1
1 1082763697187 1
1 1082763697190 1
1 1082763697191 1
1 1082763697194 1
1 1082763697195 1
1 1082763697198 1
1 1082763697199 1
1 1082763697228 1
1 1082763697229 4
1 1082763697230 1
1 1082763697232 1
1 1082763697233 4
1 1082763697234 1
1 1082763697236 1
1 1082763697237 4
1 1082763697238 1
1 1082763697240 1
1 1082763697241 4
1 1082763697242 1
1 1082763697244 1
1 1082763697245 4
1 1082763697246 1
1 1082763697248 1
1 1082763697249 4
1 1082763697250 1
1 1082763697292 4
1 1082763697293 1
1 1082763697296 4
1 1082763697297 1
1 1082763697300 4
1 1082763697301 1
1 1082763697304 4
1 1082763697305 1
1 1082763697308 4
1 1082763697309 1
1 1082763697312 4
1 1082763697313 1
1 1082763697342 1
1 1082763697343 1
1 1082763697346 1
1 1082763697347 1
1 1082763697350 1
1 1082763697351 1
1 1082763697354 1
1 1082763697355 1
1 1082763697358 1
1 1082763697359 1
1 1082763697362 1
1 1082763697363 1
1 1082763697405 1
1 1082763697406 4
1 1082763697407 1
1 1082763697409 1
1 1082763697410 4
1 1082763697411 1
1 1082763697413 1
1 1082763697414 4
1 1082763697415 1
1 1082763697417 1
1 1082763697418 4
1 1082763697419 1
1 1082763697421 1
1 1082763697422 4
1 1082763697423 1
1 1082763697425 1
1 1082763697426 4
1 1082763697427 1
1 1082763697468 1
1 1082763697469 4
1 1082763697470 1
1 1082763697472 1
1 1082763697473 4
1 1082763697474 1
1 1082763697476 1
1 1082763697477 4
1 1082763697478 1
1 1082763697480 1
1 1082763697481 4
1 1082763697482 1
1 1082763697484 1
1 1082763697485 4
1 1082763697486 1
1 1082763697488 1
1 1082763697489 4
1 1082763697490 1
1 1082763697532 4
1 1082763697533 1
1 1082763697536 4
1 1082763697537 1
1 1082763697540 4
1 1082763697541 1
1 1082763697544 4
1 1082763697545 1
1 1082763697548 4
1 1082763697549 1
1 1082763697552 4
1 1082763697553 1
1 1082763697582 1
1 1082763697583 1
1 1082763697586 1
1 1082763697587 1
1 1082763697590 1
1 1082763697591 1
1 1082763697594 1
1 1082763697595 1
1 1082763697598 1
1 1082763697599 1
1 1082763697628 1
1 1082763697629 4
1 1082763697630 1
1 1082763697632 1
1 1082763697633 4
1 1082763697634 1
1 1082763697636 1
1 1082763697637 4
1 1082763697638 1
1 1082763697640 1
1 1082763697641 4
1 1082763697642 1
1 1082763697644 1
1 1082763697645 4
1 1082763697646 1
1 1082763697648 1
1 1082763697649 4
1 1082763697650 1
1 1082763697692 4
1 1082763697693 1
1 1082763697696 4
1 1082763697697 1
1 1082763697700 4
1 1082763697701 1
1 1082763697704 4
1 1082763697705 1
1 1082763697708 4
1 1082763697709 1
1 1082763697712 4
1 1082763697713 1
1 1082763697742 1
1 1082763697743 1
1 1082763697746 1
1 1082763697747 1
1 1082763697750 1
1 1082763697751 1
1 1082763697754 1
1 1082763697755 1
1 1082763697758 1
1 1082763697759 1
1 1082763697762 1
1 1082763697763 1
1 1082763697805 1
1 1082763697806 4
1 1082763697807 1
1 1082763697809 1
1 1082763697810 4
1 1082763697811 1
1 1082763697813 1
1 1082763697814 4
1 1082763697815 1
1 1082763697817 1
1 1082763697818 4
1 1082763697819 1
1 1082763697821 1
1 1082763697822 4
1 1082763697823 1
1 1082763697825 1
1 1082763697826 4
1 1082763697827 1
1 1082763697868 1
1 1082763697869 4
1 1082763697870 1
1 1082763697872 1
1 1082763697873 4
1 1082763697874 1
1 1082763697876 1
1 1082763697877 4
1 1082763697878 1
1 1082763697880 1
1 1082763697881 4
1 1082763697882 1
1 1082763697884 1
1 1082763697885 4
1 1082763697886 1
1 1082763697888 1
1 1082763697889 4
1 1082763697890 1
1 1082763697932 4
1 1082763697933 1
1 1082763697936 4
1 1082763697937 1
1 1082763697940 4
1 1082763697941 1
1 1082763697944 4
1 1082763697945 1
1 1082763697948 4
1 1082763697949 1
1 1082763697952 4
1 1082763697953 1
1 1082763697982 1
1 1082763697983 1
1 1082763697986 1
1 1082763697987 1
1 1082763697990 1
1 1082763697991 1
1 1082763697994 1
1 1082763697995 1
1 1082763697998 1
1 1082763697999 1
1 1082763698028 1
1 1082763698029 4
1 1082763698030 1
1 1082763698032 1
1 1082763698033 4
1 1082763698034 1
1 1082763698036 1
1 1082763698037 4
1 1082763698038 1
1 1082763698040 1
1 1082763698041 4
1 1082763698042 1
1 1082763698044 1
1 1082763698045 4
1 1082763698046 1
1 1082763698048 1
1 1082763698049 4
1 1082763698050 1
1 1082763698092 4
1 1082763698093 1
1 1082763698096 4
1 1082763698097 1
1 1082763698100 4
1 1082763698101 1
1 1082763698104 4
1 1082763698105 1
1 1082763698108 4
1 1082763698109 1
1 1082763698112 4
1 1082763698113 1
1 1082763698142 1
1 1082763698143 1
1 1082763698146 1
1 1082763698147 1
1 1082763698150 1
1 1082763698151 1
1 1082763698154 1
1 1082763698155 1
1 1082763698158 1
1 1082763698159 1
1 1082763698162 1
1 1082763698163 1
1 1082763698205 1
1 1082763698206 4
1 1082763698207 1
1 1082763698209 1
1 1082763698210 4
1 1082763698211 1
1 1082763698213 1
1 1082763698214 4
1 1082763698215 1
1 1082763698217 1
1 1082763698218 4
1 1082763698219 1
1 1082763698221 1
1 1082763698222 4
1 1082763698223 1
1 1082763698225 1
1 1082763698226 4
1 1082763698227 1
1 1082763698268 1
1 1082763698269 4
1 1082763698270 1
1 1082763698272 1
1 1082763698273 4
1 1082763698274 1
1 1082763698276 1
1 1082763698277 4
1 1082763698278 1
1 1082763698280 1
1 1082763698281 4
1 1082763698282 1
1 1082763698284 1
1 1082763698285 4
1 1082763698286 1
1 1082763698288 1
1 1082763698289 4
1 1082763698290 1
1 1082763698332 4
1 1082763698333 1
1 1082763698336 4
1 1082763698337 1
1 1082763698340 4
1 1082763698341 1
1 1082763698344 4
1 1082763698345 1
1 1082763698348 4
1 1082763698349 1
1 1082763698352 4
1 1082763698353 1
1 1082763698382 1
1 1082763698383 1
1 1082763698386 1
1 1082763698387 1
1 1082763698390 1
1 1082763698391 1
1 1082763698394 1
1 1082763698395 1
1 1082763698398 1
1 1082763698399 1
1 1082763698428 1
1 1082763698429 4
1 1082763698430 1
1 1082763698432 1
1 1082763698433 4
1 1082763698434 1
1 1082763698436 1
1 1082763698437 4
1 1082763698438 1
1 1082763698440 1
1 1082763698441 4
1 1082763698442 1
1 1082763698444 1
1 1082763698445 4
1 1082763698446 1
1 1082763698448 1
1 1082763698449 4
1 1082763698450 1
1 1082763698492 4
1 1082763698493 1
1 1082763698496 4
1 1082763698497 1
1 1082763698500 4
1 1082763698501 1
1 1082763698504 4
1 1082763698505 1
1 1082763698508 4
1 1082763698509 1
1 1082763698512 4
1 1082763698513 1
1 1082763698542 1
1 1082763698543 1
1 1082763698546 1
1 1082763698547 1
1 1082763698550 1
1 1082763698551 1
1 1082763698554 1
1 1082763698555 1
1 1082763698558 1
1 1082763698559 1
1 1082763698562 1
1 1082763698563 1
1 1082763698605 1
1 1082763698606 4
1 1082763698607 1
1 1082763698609 1
1 1082763698610 4
1 1082763698611 1
1 1082763698613 1
1 1082763698614 4
1 1082763698615 1
1 1082763698617 1
1 1082763698618 4
1 1082763698619 1
1 1082763698621 1
1 1082763698622 4
1 1082763698623 1
1 1082763698625 1
1 1082763698626 4
1 1082763698627 1
1 1082763698668 1
1 1082763698669 4
1 1082763698670 1
1 1082763698672 1
1 1082763698673 4
1 1082763698674 1
1 1082763698676 1
1 1082763698677 4
1 1082763698678 1
1 1082763698680 1
1 1082763698681 4
1 1082763698682 1
1 1082763698684 1
1 1082763698685 4
1 1082763698686 1
1 1082763698688 1
1 1082763698689 4
1 1082763698690 1
1 1082763698732 4
1 1082763698733 1
1 1082763698736 4
1 1082763698737 1
1 1082763698740 4
1 1082763698741 1
1 1082763698744 4
1 1082763698745 1
1 1082763698748 4
1 1082763698749 1
1 1082763698752 4
1 1082763698753 1
1 1082763698782 1
1 1082763698783 1
1 1082763698786 1
1 1082763698787 1
1 1082763698790 1
1 1082763698791 1
1 1082763698794 1
1 1082763698795 1
1 1082763698798 1
1 1082763698799 1
1 1082763698828 1
1 1082763698829 4
1 1082763698830 1
1 1082763698832 1
1 1082763698833 4
1 1082763698834 1
1 1082763698836 1
1 1082763698837 4
1 1082763698838 1
1 1082763698840 1
1 1082763698841 4
1 1082763698842 1
1 1082763698844 1
1 1082763698845 4
1 1082763698846 1
1 1082763698848 1
1 1082763698849 4
1 1082763698850 1
1 1082763698892 4
1 1082763698893 1
1 1082763698896 4
1 1082763698897 1
1 1082763698900 4
1 1082763698901 1
1 1082763698904 4
1 1082763698905 1
1 1082763698908 4
1 1082763698909 1
1 1082763698912 4
1 1082763698913 1
1 1082763698942 1
1 1082763698943 1
1 1082763698946 1
1 1082763698947 1
1 1082763698950 1
1 1082763698951 1
1 1082763698954 1
1 1082763698955 1
1 1082763698958 1
1 1082763698959 1
1 1082763698962 1
1 1082763698963 1
1 1082763699005 1
1 1082763699006 4
1 1082763699007 1
1 1082763699009 1
1 1082763699010 4
1 1082763699011 1
1 1082763699013 1
1 1082763699014 4
1 1082763699015 1
1 1082763699017 1
1 1082763699018 4
1 1082763699019 1
1 1082763699021 1
1 1082763699022 4
1 1082763699023 1
1 1082763699025 1
1 1082763699026 4
1 1082763699027 1
1 1082763699068 1
1 1082763699069 4
1 1082763699070 1
1 1082763699072 1
1 1082763699073 4
1 1082763699074 1
1 1082763699076 1
1 1082763699077 4
1 1082763699078 1
1 1082763699080 1
1 1082763699081 4
1 1082763699082 1
1 1082763699084 1
1 1082763699085 4
1 1082763699086 1
1 1082763699088 1
1 1082763699089 4
1 1082763699090 1
1 1082763699132 4
1 1082763699133 1
1 1082763699136 4
1 1082763699137 1
1 1082763699140 4
1 1082763699141 1
1 1082763699144 4
1 1082763699145 1
1 1082763699148 4
1 1082763699149 1
1 1082763699152 4
1 1082763699153 1
1 1082763699182 1
1 1082763699183 1
1 1082763699186 1
1 1082763699187 1
1 1082763699190 1
1 1082763699191 1
1 1082763699194 1
1 1082763699195 1
1 1082763699198 1
1 1082763699199 1
1 1082763699228 1
1 1082763699229 4
1 1082763699230 1
1 1082763699232 1
1 1082763699233 4
1 1082763699234 1
1 1082763699236 1
1 1082763699237 4
1 1082763699238 1
1 1082763699240 1
1 1082763699241 4
1 1082763699242 1
1 1082763699244 1
1 1082763699245 4
1 1082763699246 1
1 1082763699248 1
1 1082763699249 4
1 1082763699250 1
1 1082763699292 4
1 1082763699293 1
1 1082763699296 4
1 1082763699297 1
1 1082763699300 4
1 1082763699301 1
1 1082763699304 4
1 1082763699305 1
1 1082763699308 4
1 1082763699309 1
1 1082763699312 4
1 1082763699313 1
1 1082763699342 1
1 1082763699343 1
1 1082763699346 1
1 1082763699347 1
1 1082763699350 1
1 1082763699351 1
1 1082763699354 1
1 1082763699355 1
1 1082763699358 1
1 1082763699359 1
1 1082763699362 1
1 1082763699363 1
1 1082763699405 1
1 1082763699406 4
1 1082763699407 1
1 1082763699409 1
1 1082763699410 4
1 1082763699411 1
1 1082763699413 1
1 1082763699414 4
1 1082763699415 1
1 1082763699417 1
1 1082763699418 4
1 1082763699419 1
1 1082763699421 1
1 1082763699422 4
1 1082763699423 1
1 1082763699425 1
1 1082763699426 4
1 1082763699427 1
1 1082763699468 1
1 1082763699469 4
1 1082763699470 1
1 1082763699472 1
1 1082763699473 4
1 1082763699474 1
1 1082763699476 1
1 1082763699477 4
1 1082763699478 1
1 1082763699480 1
1 1082763699481 4
1 1082763699482 1
1 1082763699484 1
1 1082763699485 4
1 1082763699486 1
1 1082763699488 1
1 1082763699489 4
1 1082763699490 1
1 1082763699532 4
1 1082763699533 1
1 1082763699536 4
1 1082763699537 1
1 1082763699540 4
1 1082763699541 1
1 1082763699544 4
1 1082763699545 1
1 1082763699548 4
1 1082763699549 1
1 1082763699552 4
1 1082763699553 1
1 1082763699582 1
1 1082763699583 1
1 1082763699586 1
1 1082763699587 1
1 1082763699590 1
1 1082763699591 1
1 1082763699594 1
1 1082763699595 1
1 1082763699598 1
1 1082763699599 1
1 1082763699628 1
1 1082763699629 4
1 1082763699630 1
1 1082763699632 1
1 1082763699633 4
1 1082763699634 1
1 1082763699636 1
1 1082763699637 4
1 1082763699638 1
1 1082763699640 1
1 1082763699641 4
1 1082763699642 1
1 1082763699644 1
1 1082763699645 4
1 1082763699646 1
1 1082763699648 1
1 1082763699649 4
1 1082763699650 1
1 1082763699692 4
1 1082763699693 1
1 1082763699696 4
1 1082763699697 1
1 1082763699700 4
1 1082763699701 1
1 1082763699704 4
1 1082763699705 1
1 1082763699708 4
1 1082763699709 1
1 1082763699712 4
1 1082763699713 1
1 1082763699742 1
1 1082763699743 1
1 1082763699746 1
1 1082763699747 1
1 1082763699750 1
1 1082763699751 1
1 1082763699754 1
1 1082763699755 1
1 1082763699758 1
1 1082763699759 1
1 1082763699762 1
1 1082763699763 1
1 1082763699805 1
1 1082763699806 4
1 1082763699807 1
1 1082763699809 1
1 1082763699810 4
1 1082763699811 1
1 1082763699813 1
1 1082763699814 4
1 1082763699815 1
1 1082763699817 1
1 1082763699818 4
1 1082763699819 1
1 1082763699821 1
1 1082763699822 4
1 1082763699823 1
1 1082763699825 1
1 1082763699826 4
1 1082763699827 1
1 1082763699868 1
1 1082763699869 4
1 1082763699870 1
1 1082763699872 1
1 1082763699873 4
1 1082763699874 1
1 1082763699876 1
1 1082763699877 4
1 1082763699878 1
1 1082763699880 1
1 1082763699881 4
1 1082763699882 1
1 1082763699884 1
1 1082763699885 4
1 1082763699886 1
1 1082763699888 1
1 1082763699889 4
1 1082763699890 1
1 1082763699932 4
1 1082763699933 1
1 1082763699936 4
1 1082763699937 1
1 1082763699940 4
1 1082763699941 1
1 1082763699944 4
1 1082763699945 1
1 1082763699948 4
1 1082763699949 1
1 1082763699952 4
1 1082763699953 1
1 1082763699982 1
1 1082763699983 1
1 1082763699986 1
1 1082763699987 1
1 1082763699990 1
1 1082763699991 1
1 1082763699994 1
1 1082763699995 1
1 1082763699998 1
1 1082763699999 1
1 1082763700028 1
1 1082763700029 4
1 1082763700030 1
1 1082763700032 1
1 1082763700033 4
1 1082763700034 1
1 1082763700036 1
1 1082763700037 4
1 1082763700038 1
1 1082763700040 1
1 1082763700041 4
1 1082763700042 1
1 1082763700044 1
1 1082763700045 4
1 1082763700046 1
1 1082763700048 1
1 1082763700049 4
1 1082763700050 1
1 1082763700092 4
1 1082763700093 1
1 1082763700096 4
1 1082763700097 1
1 1082763700100 4
1 1082763700101 1
1 1082763700104 4
1 1082763700105 1
1 1082763700108 4
1 1082763700109 1
1 1082763700112 4
1 1082763700113 1
1 1082763700142 1
1 1082763700143 1
1 1082763700146 1
1 1082763700147 1
1 1082763700150 1
1 1082763700151 1
1 1082763700154 1
1 1082763700155 1
1 1082763700158 1
1 1082763700159 1
1 1082763700162 1
1 1082763700163 1
1 1082763700205 1
1 1082763700206 4
1 1082763700207 1
1 1082763700209 1
1 1082763700210 4
1 1082763700211 1
1 1082763700213 1
1 1082763700214 4
1 1082763700215 1
1 1082763700217 1
1 1082763700218 4
1 1082763700219 1
1 1082763700221 1
1 1082763700222 4
1 1082763700223 1
1 1082763700225 1
1 1082763700226 4
1 1082763700227 1
1 1082763700268 1
1 1082763700269 4
1 1082763700270 1
1 1082763700272 1
1 1082763700273 4
1 1082763700274 1
1 1082763700276 1
1 1082763700277 4
1 1082763700278 1
1 1082763700280 1
1 1082763700281 4
1 1082763700282 1
1 1082763700284 1
1 1082763700285 4
1 1082763700286 1
1 1082763700288 1
1 1082763700289 4
1 1082763700290 1
1 1082763700332 4
1 1082763700333 1
1 1082763700336 4
1 1082763700337 1
1 1082763700340 4
1 1082763700341 1
1 1082763700344 4
1 1082763700345 1
1 1082763700348 4
1 1082763700349 1
1 1082763700352 4
1 1082763700353 1
1 1082763700382 1
1 1082763700383 1
1 1082763700386 1
1 1082763700387 1
1 1082763700390 1
1 1082763700391 1
1 1082763700394 1
1 1082763700395 1
1 1082763700398 1
1 1082763700399 1
1 1082763700428 1
1 1082763700429 4
1 1082763700430 1
1 1082763700432 1
1 1082763700433 4
1 1082763700434 1
1 1082763700436 1
1 1082763700437 4
1 1082763700438 1
1 1082763700440 1
1 1082763700441 4
1 1082763700442 1
1 1082763700444 1
1 1082763700445 4
1 1082763700446 1
1 1082763700448 1
1 1082763700449 4
1 1082763700450 1
1 1082763700492 4
1 1082763700493 1
1 1082763700496 4
1 1082763700497 1
1 1082763700500 4
1 1082763700501 1
1 1082763700504 4
1 1082763700505 1
1 1082763700508 4
1 1082763700509 1
1 1082763700512 4
1 1082763700513 1
1 1082763700542 1
1 1082763700543 1
1 1082763700546 1
1 1082763700547 1
1 1082763700550 1
1 1082763700551 1
1 1082763700554 1
1 1082763700555 1
1 1082763700558 1
1 1082763700559 1
1 1082763700562 1
1 1082763700563 1
1 1082763700605 1
1 1082763700606 4
1 1082763700607 1
1 1082763700609 1
1 1082763700610 4
1 1082763700611 1
1 1082763700613 1
1 1082763700614 4
1 1082763700615 1
1 1082763700617 1
1 1082763700618 4
1 1082763700619 1
1 1082763700621 1
1 1082763700622 4
1 1082763700623 1
1 1082763700625 1
1 1082763700626 4
1 1082763700627 1
1 1082763700668 1
1 1082763700669 4
1 1082763700670 1
1 1082763700672 1
1 1082763700673 4
1 1082763700674 1
1 1082763700676 1
1 1082763700677 4
1 1082763700678 1
1 1082763700680 1
1 1082763700681 4
1 1082763700682 1
1 1082763700684 1
1 1082763700685 4
1 1082763700686 1
1 1082763700688 1
1 1082763700689 4
1 1082763700690 1
1 1082763700732 4
1 1082763700733 1
1 1082763700736 4
1 1082763700737 1
1 1082763700740 4
1 1082763700741 1
1 1082763700744 4
1 1082763700745 1
1 1082763700748 4
1 1082763700749 1
1 1082763700752 4
1 1082763700753 1
1 1082763700782 1
1 1082763700783 1
1 1082763700786 1
1 1082763700787 1
1 1082763700790 1
1 1082763700791 1
1 1082763700794 1
1 1082763700795 1
1 1082763700798 1
1 1082763700799 1
1 1082763700828 1
1 1082763700829 4
1 1082763700830 1
1 1082763700832 1
1 1082763700833 4
1 1082763700834 1
1 1082763700836 1
1 1082763700837 4
1 1082763700838 1
1 1082763700840 1
1 1082763700841 4
1 1082763700842 1
1 1082763700844 1
1 1082763700845 4
1 1082763700846 1
1 1082763700848 1
1 1082763700849 4
1 1082763700850 1
1 1082763700892 4
1 1082763700893 1
1 1082763700896 4
1 1082763700897 1
1 1082763700900 4
1 1082763700901 1
1 1082763700904 4
1 1082763700905 1
1 1082763700908 4
1 1082763700909 1
1 1082763700912 4
1 1082763700913 1
1 1082763700942 1
1 1082763700943 1
1 1082763700946 1
1 1082763700947 1
1 1082763700950 1
1 1082763700951 1
1 1082763700954 1
1 1082763700955 1
1 1082763700958 1
1 1082763700959 1
1 1082763700962 1
1 1082763700963 1
1 1082763701005 1
1 1082763701006 4
1 1082763701007 1
1 1082763701009 1
1 1082763701010 4
1 1082763701011 1
1 1082763701013 1
1 1082763701014 4
1 1082763701015 1
1 1082763701017 1
1 1082763701018 4
1 1082763701019 1
1 1082763701021 1
1 1082763701022 4
1 1082763701023 1
1 1082763701025 1
1 1082763701026 4
1 1082763701027 1
1 1082763701068 1
1 1082763701069 4
1 1082763701070 1
1 1082763701072 1
1 1082763701073 4
1 1082763701074 1
1 1082763701076 1
1 1082763701077 4
1 1082763701078 1
1 1082763701080 1
1 1082763701081 4
1 1082763701082 1
1 1082763701084 1
1 1082763701085 4
1 1082763701086 1
1 1082763701088 1
1 1082763701089 4
1 1082763701090 1
1 1082763701132 4
1 1082763701133 1
1 1082763701136 4
1 1082763701137 1
1 1082763701140 4
1 1082763701141 1
1 1082763701144 4
1 1082763701145 1
1 1082763701148 4
1 1082763701149 1
1 1082763701152 4
1 1082763701153 1
1 1082763701182 1
1 1082763701183 1
1 1082763701186 1
1 1082763701187 1
1 1082763701190 1
1 1082763701191 1
1 1082763701194 1
1 1082763701195 1
1 1082763701198 1
1 1082763701199 1
1 1082763701228 1
1 1082763701229 4
1 1082763701230 1
1 1082763701232 1
1 1082763701233 4
1 1082763701234 1
1 1082763701236 1
1 1082763701237 4
1 1082763701238 1
1 1082763701240 1
1 1082763701241 4
1 1082763701242 1
1 1082763701244 1
1 1082763701245 4
1 1082763701246 1
1 1082763701248 1
1 1082763701249 4
1 1082763701250 1
1 1082763701292 4
1 1082763701293 1
1 1082763701296 4
1 1082763701297 1
1 1082763701300 4
1 1082763701301 1
1 1082763701304 4
1 1082763701305 1
1 1082763701308 4
1 1082763701309 1
1 1082763701312 4
1 1082763701313 1
1 1082763701342 1
1 1082763701343 1
1 1082763701346 1
1 1082763701347 1
1 1082763701350 1
1 1082763701351 1
1 1082763701354 1
1 1082763701355 1
1 1082763701358 1
1 1082763701359 1
1 1082763701362 1
1 1082763701363 1
1 1082763701405 1
1 1082763701406 4
1 1082763701407 1
1 1082763701409 1
1 1082763701410 4
1 1082763701411 1
1 1082763701413 1
1 1082763701414 4
1 1082763701415 1
1 1082763701417 1
1 1082763701418 4
1 1082763701419 1
1 1082763701421 1
1 1082763701422 4
1 1082763701423 1
1 1082763701425 1
1 1082763701426 4
1 1082763701427 1
1 1082763701468 1
1 1082763701469 4
1 1082763701470 1
1 1082763701472 1
1 1082763701473 4
1 1082763701474 1
1 1082763701476 1
1 1082763701477 4
1 1082763701478 1
1 1082763701480 1
1 1082763701481 4
1 1082763701482 1
1 1082763701484 1
1 1082763701485 4
1 1082763701486 1
1 1082763701488 1
1 1082763701489 4
1 1082763701490 1
1 1082763701532 4
1 1082763701533 1
1 1082763701536 4
1 1082763701537 1
1 1082763701540 4
1 1082763701541 1
1 1082763701544 4
1 1082763701545 1
1 1082763701548 4
1 1082763701549 1
1 1082763701552 4
1 1082763701553 1
1 1082763701582 1
1 1082763701583 1
1 1082763701586 1
1 1082763701587 1
1 1082763701590 1
1 1082763701591 1
1 1082763701594 1
1 1082763701595 1
1 1082763701598 1
1 1082763701599 1
1 1082763701628 1
1 1082763701629 4
1 1082763701630 1
1 1082763701632 1
1 1082763701633 4
1 1082763701634 1
1 1082763701636 1
1 1082763701637 4
1 1082763701638 1
1 1082763701640 1
1 1082763701641 4
1 1082763701642 1
1 1082763701644 1
1 1082763701645 4
1 1082763701646 1
1 1082763701648 1
1 1082763701649 4
1 1082763701650 1
1 1082763701692 4
1 1082763701693 1
1 1082763701696 4
1 1082763701697 1
1 1082763701700 4
1 1082763701701 1
1 1082763701704 4
1 1082763701705 1
1 1082763701708 4
1 1082763701709 1
1 1082763701712 4
1 1082763701713 1
1 1082763701742 1
1 1082763701743 1
1 1082763701746 1
1 1082763701747 1
1 1082763701750 1
1 1082763701751 1
1 1082763701754 1
1 1082763701755 1
1 1082763701758 1
1 1082763701759 1
1 1082763701762 1
1 1082763701763 1
1 1082763701805 1
1 1082763701806 4
1 1082763701807 1
1 1082763701809 1
1 1082763701810 4
1 1082763701811 1
1 1082763701813 1
1 1082763701814 4
1 1082763701815 1
1 1082763701817 1
1 1082763701818 4
1 1082763701819 1
1 1082763701821 1
1 1082763701822 4
1 1082763701823 1
1 1082763701825 1
1 1082763701826 4
1 1082763701827 1
1 1082763701868 1
1 1082763701869 4
1 1082763701870 1
1 1082763701872 1
1 1082763701873 4
1 1082763701874 1
1 1082763701876 1
1 1082763701877 4
1 1082763701878 1
1 1082763701880 1
1 1082763701881 4
1 1082763701882 1
1 1082763701884 1
1 1082763701885 4
1 1082763701886 1
1 1082763701888 1
1 1082763701889 4
1 1082763701890 1
1 1082763701932 4
1 1082763701933 1
1 1082763701936 4
1 1082763701937 1
1 1082763701940 4
1 1082763701941 1
1 1082763701944 4
1 1082763701945 1
1 1082763701948 4
1 1082763701949 1
1 1082763701952 4
1 1082763701953 1
1 1082763701982 1
1 1082763701983 1
1 1082763701986 1
1 1082763701987 1
1 1082763701990 1
1 1082763701991 1
1 1082763701994 1
1 1082763701995 1
1 1082763701998 1
1 1082763701999 1
1 1082763702028 1
1 1082763702029 4
1 1082763702030 1
1 1082763702032 1
1 1082763702033 4
1 1082763702034 1
1 1082763702036 1
1 1082763702037 4
1 1082763702038 1
1 1082763702040 1
1 1082763702041 4
1 1082763702042 1
1 1082763702044 1
1 1082763702045 4
1 1082763702046 1
1 1082763702048 1
1 1082763702049 4
1 1082763702050 1
1 1082763702092 4
1 1082763702093 1
1 1082763702096 4
1 1082763702097 1
1 1082763702100 4
1 1082763702101 1
1 1082763702104 4
1 1082763702105 1
1 1082763702108 4
1 1082763702109 1
1 1082763702112 4
1 1082763702113 1
1 1082763702142 1
1 1082763702143 1
1 1082763702146 1
1 1082763702147 1
1 1082763702150 1
1 1082763702151 1
1 1082763702154 1
1 1082763702155 1
1 1082763702158 1
1 1082763702159 1
1 1082763702162 1
1 1082763702163 1
1 1082763702205 1
1 1082763702206 4
1 1082763702207 1
1 1082763702209 1
1 1082763702210 4
1 1082763702211 1
1 1082763702213 1
1 1082763702214 4
1 1082763702215 1
1 1082763702217 1
1 1082763702218 4
1 1082763702219 1
1 1082763702221 1
1 1082763702222 4
1 1082763702223 1
1 1082763702225 1
1 1082763702226 4
1 1082763702227 1
1 1082763702268 1
1 1082763702269 4
1 1082763702270 1
1 1082763702272 1
1 1082763702273 4
1 1082763702274 1
1 1082763702276 1
1 1082763702277 4
1 1082763702278 1
1 1082763702280 1
1 1082763702281 4
1 1082763702282 1
1 1082763702284 1
1 1082763702285 4
1 1082763702286 1
1 1082763702288 1
1 1082763702289 4
1 1082763702290 1
1 1082763702332 4
1 1082763702333 1
1 1082763702336 4
1 1082763702337 1
1 1082763702340 4
1 1082763702341 1
1 1082763702344 4
1 1082763702345 1
1 1082763702348 4
1 1082763702349 1
1 1082763702352 4
1 1082763702353 1
1 1082763702382 1
1 1082763702383 1
1 1082763702386 1
1 1082763702387 1
1 1082763702390 1
1 1082763702391 1
1 1082763702394 1
1 1082763702395 1
1 1082763702398 1
1 1082763702399 1
1 1082763702428 1
1 1082763702429 4
1 1082763702430 1
1 1082763702432 1
1 1082763702433 4
1 1082763702434 1
1 1082763702436 1
1 1082763702437 4
1 1082763702438 1
1 1082763702440 1
1 1082763702441 4
1 1082763702442 1
1 1082763702444 1
1 1082763702445 4
1 1082763702446 1
1 1082763702448 1
1 1082763702449 4
1 1082763702450 1
1 1082763702492 4
1 1082763702493 1
1 1082763702496 4
1 1082763702497 1
1 1082763702500 4
1 1082763702501 1
1 1082763702504 4
1 1082763702505 1
1 1082763702508 4
1 1082763702509 1
1 1082763702512 4
1 1082763702513 1
1 1082763702542 1
1 1082763702543 1
1 1082763702546 1
1 1082763702547 1
1 1082763702550 1
1 1082763702551 1
1 1082763702554 1
1 1082763702555 1
1 1082763702558 1
1 1082763702559 1
1 1082763702562 1
1 1082763702563 1
1 1082763702605 1
1 1082763702606 4
1 1082763702607 1
1 1082763702609 1
1 1082763702610 4
1 1082763702611 1
1 1082763702613 1
1 1082763702614 4
1 1082763702615 1
1 1082763702617 1
1 1082763702618 4
1 1082763702619 1
1 1082763702621 1
1 1082763702622 4
1 1082763702623 1
1 1082763702625 1
1 1082763702626 4
1 1082763702627 1
1 1082763702668 1
1 1082763702669 4
1 1082763702670 1
1 1082763702672 1
1 1082763702673 4
1 1082763702674 1
1 1082763702676 1
1 1082763702677 4
1 1082763702678 1
1 1082763702680 1
1 1082763702681 4
1 1082763702682 1
1 1082763702684 1
1 1082763702685 4
1 1082763702686 1
1 1082763702688 1
1 1082763702689 4
1 1082763702690 1
1 1082763702732 4
1 1082763702733 1
1 1082763702736 4
1 1082763702737 1
1 1082763702740 4
1 1082763702741 1
1 1082763702744 4
1 1082763702745 1
1 1082763702748 4
1 1082763702749 1
1 1082763702752 4
1 1082763702753 1
1 1082763702782 1
1 1082763702783 1
1 1082763702786 1
1 1082763702787 1
1 1082763702790 1
1 1082763702791 1
1 1082763702794 1
1 1082763702795 1
1 1082763702798 1
1 1082763702799 1
1 1082763702828 1
1 1082763702829 4
1 1082763702830 1
1 1082763702832 1
1 1082763702833 4
1 1082763702834 1
1 1082763702836 1
1 1082763702837 4
1 1082763702838 1
1 1082763702840 1
1 1082763702841 4
1 1082763702842 1
1 1082763702844 1
1 1082763702845 4
1 1082763702846 1
1 1082763702848 1
1 1082763702849 4
1 1082763702850 1
1 1082763702892 4
1 1082763702893 1
1 1082763702896 4
1 1082763702897 1
1 1082763702900 4
1 1082763702901 1
1 1082763702904 4
1 1082763702905 1
1 1082763702908 4
1 1082763702909 1
1 1082763702912 4
1 1082763702913 1
1 1082763702942 1
1 1082763702943 1
1 1082763702946 1
1 1082763702947 1
1 1082763702950 1
1 1082763702951 1
1 1082763702954 1
1 1082763702955 1
1 1082763702958 1
1 1082763702959 1
1 1082763702962 1
1 1082763702963 1
1 1082763703005 1
1 1082763703006 4
1 1082763703007 1
1 1082763703009 1
1 1082763703010 4
1 1082763703011 1
1 1082763703013 1
1 1082763703014 4
1 1082763703015 1
1 1082763703017 1
1 1082763703018 4
1 1082763703019 1
1 1082763703021 1
1 1082763703022 4
1 1082763703023 1
1 1082763703025 1
1 1082763703026 4
1 1082763703027 1
1 1082763703068 1
1 1082763703069 4
1 1082763703070 1
1 1082763703072 1
1 1082763703073 4
1 1082763703074 1
1 1082763703076 1
1 1082763703077 4
1 1082763703078 1
1 1082763703080 1
1 1082763703081 4
1 1082763703082 1
1 1082763703084 1
1 1082763703085 4
1 1082763703086 1
1 1082763703088 1
1 1082763703089 4
1 1082763703090 1
1 1082763703132 4
1 1082763703133 1
1 1082763703136 4
1 1082763703137 1
1 1082763703140 4
1 1082763703141 1
1 1082763703144 4
1 1082763703145 1
1 1082763703148 4
1 1082763703149 1
1 1082763703152 4
1 1082763703153 1
1 1082763703182 1
1 1082763703183 1
1 1082763703186 1
1 1082763703187 1
1 1082763703190 1
1 1082763703191 1
1 1082763703194 1
1 1082763703195 1
1 1082763703198 1
1 1082763703199 1
1 1082763703228 1
1 1082763703229 4
1 1082763703230 1
1 1082763703232 1
1 1082763703233 4
1 1082763703234 1
1 1082763703236 1
1 1082763703237 4
1 1082763703238 1
1 1082763703240 1
1 1082763703241 4
1 1082763703242 1
1 1082763703244 1
1 1082763703245 4
1 1082763703246 1
1 1082763703248 1
1 1082763703249 4
1 1082763703250 1
1 1082763703292 4
1 1082763703293 1
1 1082763703296 4
1 1082763703297 1
1 1082763703300 4
1 1082763703301 1
1 1082763703304 4
1 1082763703305 1
1 1082763703308 4
1 1082763703309 1
1 1082763703312 4
1 1082763703313 1
1 1082763703342 1
1 1082763703343 1
1 1082763703346 1
1 1082763703347 1
1 1082763703350 1
1 1082763703351 1
1 1082763703354 1
1 1082763703355 1
1 1082763703358 1
1 1082763703359 1
1 1082763703362 1
1 1082763703363 1
1 1082763703405 1
1 1082763703406 4
1 1082763703407 1
1 1082763703409 1
1 1082763703410 4
1 1082763703411 1
1 1082763703413 1
1 1082763703414 4
1 1082763703415 1
1 1082763703417 1
1 1082763703418 4
1 1082763703419 1
1 1082763703421 1
1 1082763703422 4
1 1082763703423 1
1 1082763703425 1
1 1082763703426 4
1 1082763703427 1
1 1082763703468 1
1 1082763703469 4
1 1082763703470 1
1 1082763703472 1
1 1082763703473 4
1 1082763703474 1
1 1082763703476 1
1 1082763703477 4
1 1082763703478 1
1 1082763703480 1
1 1082763703481 4
1 1082763703482 1
1 1082763703484 1
1 1082763703485 4
1 1082763703486 1
1 1082763703488 1
1 1082763703489 4
1 1082763703490 1
1 1082763703532 4
1 1082763703533 1
1 1082763703536 4
1 1082763703537 1
1 1082763703540 4
1 1082763703541 1
1 1082763703544 4
1 1082763703545 1
1 1082763703548 4
1 1082763703549 1
1 1082763703552 4
1 1082763703553 1
1 1082763703582 1
1 1082763703583 1
1 1082763703586 1
1 1082763703587 1
1 1082763703590 1
1 1082763703591 1
1 1082763703594 1
1 1082763703595 1
1 1082763703598 1
1 1082763703599 1
1 1082763703628 1
1 1082763703629 4
1 1082763703630 1
1 1082763703632 1
1 1082763703633 4
1 1082763703634 1
1 1082763703636 1
1 1082763703637 4
1 1082763703638 1
1 1082763703640 1
1 1082763703641 4
1 1082763703642 1
1 1082763703644 1
1 1082763703645 4
1 1082763703646 1
1 1082763703648 1
1 1082763703649 4
1 1082763703650 1
1 1082763703692 4
1 1082763703693 1
1 1082763703696 4
1 1082763703697 1
1 1082763703700 4
1 1082763703701 1
1 1082763703704 4
1 1082763703705 1
1 1082763703708 4
1 1082763703709 1
1 1082763703712 4
1 1082763703713 1
1 1082763703742 1
1 1082763703743 1
1 1082763703746 1
1 1082763703747 1
1 1082763703750 1
1 1082763703751 1
1 1082763703754 1
1 1082763703755 1
1 1082763703758 1
1 1082763703759 1
1 1082763703762 1
1 1082763703763 1
1 1082763703805 1
1 1082763703806 4
1 1082763703807 1
1 1082763703809 1
1 1082763703810 4
1 1082763703811 1
1 1082763703813 1
1 1082763703814 4
1 1082763703815 1
1 1082763703817 1
1 1082763703818 4
1 1082763703819 1
1 1082763703821 1
1 1082763703822 4
1 1082763703823 1
1 1082763703825 1
1 1082763703826 4
1 1082763703827 1
1 1082763703868 1
1 1082763703869 4
1 1082763703870 1
1 1082763703872 1
1 1082763703873 4
1 1082763703874 1
1 1082763703876 1
1 1082763703877 4
1 1082763703878 1
1 1082763703880 1
1 1082763703881 4
1 1082763703882 1
1 1082763703884 1
1 1082763703885 4
1 1082763703886 1
1 1082763703888 1
1 1082763703889 4
1 1082763703890 1
1 1082763703932 4
1 1082763703933 1
1 1082763703936 4
1 1082763703937 1
1 1082763703940 4
1 1082763703941 1
1 1082763703944 4
1 1082763703945 1
1 1082763703948 4
1 1082763703949 1
1 1082763703952 4
1 1082763703953 1
1 1082763703982 1
1 1082763703983 1
1 1082763703986 1
1 1082763703987 1
1 1082763703990 1
1 1082763703991 1
1 1082763703994 1
1 1082763703995 1
1 1082763703998 1
1 1082763703999 1
1 1082763704028 1
1 1082763704029 4
1 1082763704030 1
1 1082763704032 1
1 1082763704033 4
1 1082763704034 1
1 1082763704036 1
1 1082763704037 4
1 1082763704038 1
1 1082763704040 1
1 1082763704041 4
1 1082763704042 1
1 1082763704044 1
1 1082763704045 4
1 1082763704046 1
1 1082763704048 1
1 1082763704049 4
1 1082763704050 1
1 1082763704092 4
1 1082763704093 1
1 1082763704096 4
1 1082763704097 1
1 1082763704100 4
1 1082763704101 1
1 1082763704104 4
1 1082763704105 1
1 1082763704108 4
1 1082763704109 1
1 1082763704112 4
1 1082763704113 1
1 1082763704142 1
1 1082763704143 1
1 1082763704146 1
1 1082763704147 1
1 1082763704150 1
1 1082763704151 1
1 1082763704154 1
1 1082763704155 1
1 1082763704158 1
1 1082763704159 1
1 1082763704162 1
1 1082763704163 1
1 1082763704205 1
1 1082763704206 4
1 1082763704207 1
1 1082763704209 1
1 1082763704210 4
1 1082763704211 1
1 1082763704213 1
1 1082763704214 4
1 1082763704215 1
1 1082763704217 1
1 1082763704218 4
1 1082763704219 1
1 1082763704221 1
1 1082763704222 4
1 1082763704223 1
1 1082763704225 1
1 1082763704226 4
1 1082763704227 1
1 1082763704268 1
1 1082763704269 4
1 1082763704270 1
1 1082763704272 1
1 1082763704273 4
1 1082763704274 1
1 1082763704276 1
1 1082763704277 4
1 1082763704278 1
1 1082763704280 1
1 1082763704281 4
1 1082763704282 1
1 1082763704284 1
1 1082763704285 4
1 1082763704286 1
1 1082763704288 1
1 1082763704289 4
1 1082763704290 1
1 1082763704332 4
1 1082763704333 1
1 1082763704336 4
1 1082763704337 1
1 1082763704340 4
1 1082763704341 1
1 1082763704344 4
1 1082763704345 1
1 1082763704348 4
1 1082763704349 1
1 1082763704352 4
1 1082763704353 1
1 1082763704382 1
1 1082763704383 1
1 1082763704386 1
1 1082763704387 1
1 1082763704390 1
1 1082763704391 1
1 1082763704394 1
1 1082763704395 1
1 1082763704398 1
1 1082763704399 1
1 1082763704428 1
1 1082763704429 4
1 1082763704430 1
1 1082763704432 1
1 1082763704433 4
1 1082763704434 1
1 1082763704436 1
1 1082763704437 4
1 1082763704438 1
1 1082763704440 1
1 1082763704441 4
1 1082763704442 1
1 1082763704444 1
1 1082763704445 4
1 1082763704446 1
1 1082763704448 1
1 1082763704449 4
1 1082763704450 1
1 1082763704492 4
1 1082763704493 1
1 1082763704496 4
1 1082763704497 1
1 1082763704500 4
1 1082763704501 1
1 1082763704504 4
1 1082763704505 1
1 1082763704508 4
1 1082763704509 1
1 1082763704512 4
1 1082763704513 1
1 1082763704542 1
1 1082763704543 1
1 1082763704546 1
1 1082763704547 1
1 1082763704550 1
1 1082763704551 1
1 1082763704554 1
1 1082763704555 1
1 1082763704558 1
1 1082763704559 1
1 1082763704562 1
1 1082763704563 1
1 1082763704605 1
1 1082763704606 4
1 1082763704607 1
1 1082763704609 1
1 1082763704610 4
1 1082763704611 1
1 1082763704613 1
1 1082763704614 4
1 1082763704615 1
1 1082763704617 1
1 1082763704618 4
1 1082763704619 1
1 1082763704621 1
1 1082763704622 4
1 1082763704623 1
1 1082763704625 1
1 1082763704626 4
1 1082763704627 1
1 1082763704668 1
1 1082763704669 4
1 1082763704670 1
1 1082763704672 1
1 1082763704673 4
1 1082763704674 1
1 1082763704676 1
1 1082763704677 4
1 1082763704678 1
1 1082763704680 1
1 1082763704681 4
1 1082763704682 1
1 1082763704684 1
1 1082763704685 4
1 1082763704686 1
1 1082763704688 1
1 1082763704689 4
1 1082763704690 1
1 1082763704732 4
1 1082763704733 1
1 1082763704736 4
1 1082763704737 1
1 1082763704740 4
1 1082763704741 1
1 1082763704744 4
1 1082763704745 1
1 1082763704748 4
1 1082763704749 1
1 1082763704752 4
1 1082763704753 1
1 1082763704782 1
1 1082763704783 1
1 1082763704786 1
1 1082763704787 1
1 1082763704790 1
1 1082763704791 1
1 1082763704794 1
1 1082763704795 1
1 1082763704798 1
1 1082763704799 1
1 1082763704828 1
1 1082763704829 4
1 1082763704830 1
1 1082763704832 1
1 1082763704833 4
1 1082763704834 1
1 1082763704836 1
1 1082763704837 4
1 1082763704838 1
1 1082763704840 1
1 1082763704841 4
1 1082763704842 1
1 1082763704844 1
1 1082763704845 4
1 1082763704846 1
1 1082763704848 1
1 1082763704849 4
1 1082763704850 1
1 1082763704892 4
1 1082763704893 1
1 1082763704896 4
1 1082763704897 1
1 1082763704900 4
1 1082763704901 1
1 1082763704904 4
1 1082763704905 1
1 1082763704908 4
1 1082763704909 1
1 1082763704912 4
1 1082763704913 1
1 1082763704942 1
1 1082763704943 1
1 1082763704946 1
1 1082763704947 1
1 1082763704950 1
1 1082763704951 1
1 1082763704954 1
1 1082763704955 1
1 1082763704958 1
1 1082763704959 1
1 1082763704962 1
1 1082763704963 1
1 1082763705005 1
1 1082763705006 4
1 1082763705007 1
1 1082763705009 1
1 1082763705010 4
1 1082763705011 1
1 1082763705013 1
1 1082763705014 4
1 1082763705015 1
1 1082763705017 1
1 1082763705018 4
1 1082763705019 1
1 1082763705021 1
1 1082763705022 4
1 1082763705023 1
1 1082763705025 1
1 1082763705026 4
1 1082763705027 1
1 1082763705068 1
1 1082763705069 4
1 1082763705070 1
1 1082763705072 1
1 1082763705073 4
1 1082763705074 1
1 1082763705076 1
1 1082763705077 4
1 1082763705078 1
1 1082763705080 1
1 1082763705081 4
1 1082763705082 1
1 1082763705084 1
1 1082763705085 4
1 1082763705086 1
1 1082763705088 1
1 1082763705089 4
1 1082763705090 1
1 1082763705132 4
1 1082763705133 1
1 1082763705136 4
1 1082763705137 1
1 1082763705140 4
1 1082763705141 1
1 1082763705144 4
1 1082763705145 1
1 1082763705148 4
1 1082763705149 1
1 1082763705152 4
1 1082763705153 1
1 1082763705182 1
1 1082763705183 1
1 1082763705186 1
1 1082763705187 1
1 1082763705190 1
1 1082763705191 1
1 1082763705194 1
1 1082763705195 1
1 1082763705198 1
1 1082763705199 1
1 1082763705228 1
1 1082763705229 4
1 1082763705230 1
1 1082763705232 1
1 1082763705233 4
1 1082763705234 1
1 1082763705236 1
1 1082763705237 4
1 1082763705238 1
1 1082763705240 1
1 1082763705241 4
1 1082763705242 1
1 1082763705244 1
1 1082763705245 4
1 1082763705246 1
1 1082763705248 1
1 1082763705249 4
1 1082763705250 1
1 1082763705292 4
1 1082763705293 1
1 1082763705296 4
1 1082763705297 1
1 1082763705300 4
1 1082763705301 1
1 1082763705304 4
1 1082763705305 1
1 1082763705308 4
1 1082763705309 1
1 1082763705312 4
1 1082763705313 1
1 1082763705342 1
1 1082763705343 1
1 1082763705346 1
1 1082763705347 1
1 1082763705350 1
1 1082763705351 1
1 1082763705354 1
1 1082763705355 1
1 1082763705358 1
1 1082763705359 1
1 1082763705362 1
1 1082763705363 1
1 1082763705405 1
1 1082763705406 4
1 1082763705407 1
1 1082763705409 1
1 1082763705410 4
1 1082763705411 1
1 1082763705413 1
1 1082763705414 4
1 1082763705415 1
1 1082763705417 1
1 1082763705418 4
1 1082763705419 1
1 1082763705421 1
1 1082763705422 4
1 1082763705423 1
1 1082763705425 1
1 1082763705426 4
1 1082763705427 1
1 1082763705468 1
1 1082763705469 4
1 1082763705470 1
1 1082763705472 1
1 1082763705473 4
1 1082763705474 1
1 1082763705476 1
1 1082763705477 4
1 1082763705478 1
1 1082763705480 1
1 1082763705481 4
1 1082763705482 1
1 1082763705484 1
1 1082763705485 4
1 1082763705486 1
1 1082763705488 1
1 1082763705489 4
1 1082763705490 1
1 1082763705532 4
1 1082763705533 1
1 1082763705536 4
1 1082763705537 1
1 1082763705540 4
1 1082763705541 1
1 1082763705544 4
1 1082763705545 1
1 1082763705548 4
1 1082763705549 1
1 1082763705552 4
1 1082763705553 1
1 1082763705582 1
1 1082763705583 1
1 1082763705586 1
1 1082763705587 1
1 1082763705590 1
1 1082763705591 1
1 1082763705594 1
1 1082763705595 1
1 1082763705598 1
1 1082763705599 1
1 1082763705628 1
1 1082763705629 4
1 1082763705630 1
1 1082763705632 1
1 1082763705633 4
1 1082763705634 1
1 1082763705636 1
1 1082763705637 4
1 1082763705638 1
1 1082763705640 1
1 1082763705641 4
1 1082763705642 1
1 1082763705644 1
1 1082763705645 4
1 1082763705646 1
1 1082763705648 1
1 1082763705649 4
1 1082763705650 1
1 1082763705692 4
1 1082763705693 1
1 1082763705696 4
1 1082763705697 1
1 1082763705700 4
1 1082763705701 1
1 1082763705704 4
1 1082763705705 1
1 1082763705708 4
1 1082763705709 1
1 1082763705712 4
1 1082763705713 1
1 1082763705742 1
1 1082763705743 1
1 1082763705746 1
1 1082763705747 1
1 1082763705750 1
1 1082763705751 1
1 1082763705754 1
1 1082763705755 1
1 1082763705758 1
1 1082763705759 1
1 1082763705762 1
1 1082763705763 1
1 1082763705805 1
1 1082763705806 4
1 1082763705807 1
1 1082763705809 1
1 1082763705810 4
1 1082763705811 1
1 1082763705813 1
1 1082763705814 4
1 1082763705815 1
1 1082763705817 1
1 1082763705818 4
1 1082763705819 1
1 1082763705821 1
1 1082763705822 4
1 1082763705823 1
1 1082763705825 1
1 1082763705826 4
1 1082763705827 1
1 1082763705868 1
1 1082763705869 4
1 1082763705870 1
1 1082763705872 1
1 1082763705873 4
1 1082763705874 1
1 1082763705876 1
1 1082763705877 4
1 1082763705878 1
1 1082763705880 1
1 1082763705881 4
1 1082763705882 1
1 1082763705884 1
1 1082763705885 4
1 1082763705886 1
1 1082763705888 1
1 1082763705889 4
1 1082763705890 1
1 1082763705932 4
1 1082763705933 1
1 1082763705936 4
1 1082763705937 1
1 1082763705940 4
1 1082763705941 1
1 1082763705944 4
1 1082763705945 1
1 1082763705948 4
1 1082763705949 1
1 1082763705952 4
1 1082763705953 1
1 1082763705982 1
1 1082763705983 1
1 1082763705986 1
1 1082763705987 1
1 1082763705990 1
1 1082763705991 1
1 1082763705994 1
1 1082763705995 1
1 1082763705998 1
1 1082763705999 1
1 1082763706028 1
1 1082763706029 4
1 1082763706030 1
1 1082763706032 1
1 1082763706033 4
1 1082763706034 1
1 1082763706036 1
1 1082763706037 4
1 1082763706038 1
1 1082763706040 1
1 1082763706041 4
1 1082763706042 1
1 1082763706044 1
1 1082763706045 4
1 1082763706046 1
1 1082763706048 1
1 1082763706049 4
1 1082763706050 1
1 1082763706092 4
1 1082763706093 1
1 1082763706096 4
1 1082763706097 1
1 1082763706100 4
1 1082763706101 1
1 1082763706104 4
1 1082763706105 1
1 1082763706108 4
1 1082763706109 1
1 1082763706112 4
1 1082763706113 1
1 1082763706142 1
1 1082763706143 1
1 1082763706146 1
1 1082763706147 1
1 1082763706150 1
1 1082763706151 1
1 1082763706154 1
1 1082763706155 1
1 1082763706158 1
1 1082763706159 1
1 1082763706162 1
1 1082763706163 1
1 1082763706205 1
1 1082763706206 4
1 1082763706207 1
1 1082763706209 1
1 1082763706210 4
1 1082763706211 1
1 1082763706213 1
1 1082763706214 4
1 1082763706215 1
1 1082763706217 1
1 1082763706218 4
1 1082763706219 1
1 1082763706221 1
1 1082763706222 4
1 1082763706223 1
1 1082763706225 1
1 1082763706226 4
1 1082763706227 1
1 1082763706268 1
1 1082763706269 4
1 1082763706270 1
1 1082763706272 1
1 1082763706273 4
1 1082763706274 1
1 1082763706276 1
1 1082763706277 4
1 1082763706278 1
1 1082763706280 1
1 1082763706281 4
1 1082763706282 1
1 1082763706284 1
1 1082763706285 4
1 1082763706286 1
1 1082763706288 1
1 1082763706289 4
1 1082763706290 1
1 1082763706332 4
1 1082763706333 1
1 1082763706336 4
1 1082763706337 1
1 1082763706340 4
1 1082763706341 1
1 1082763706344 4
1 1082763706345 1
1 1082763706348 4
1 1082763706349 1
1 1082763706352 4
1 1082763706353 1
1 1082763706382 1
1 1082763706383 1
1 1082763706386 1
1 1082763706387 1
1 1082763706390 1
1 1082763706391 1
1 1082763706394 1
1 1082763706395 1
1 1082763706398 1
1 1082763706399 1
1 1082763706428 1
1 1082763706429 4
1 1082763706430 1
1 1082763706432 1
1 1082763706433 4
1 1082763706434 1
1 1082763706436 1
1 1082763706437 4
1 1082763706438 1
1 1082763706440 1
1 1082763706441 4
1 1082763706442 1
1 1082763706444 1
1 1082763706445 4
1 1082763706446 1
1 1082763706448 1
1 1082763706449 4
1 1082763706450 1
1 1082763706492 4
1 1082763706493 1
1 1082763706496 4
1 1082763706497 1
1 1082763706500 4
1 1082763706501 1
1 1082763706504 4
1 1082763706505 1
1 1082763706508 4
1 1082763706509 1
1 1082763706512 4
1 1082763706513 1
1 1082763706542 1
1 1082763706543 1
1 1082763706546 1
1 1082763706547 1
1 1082763706550 1
1 1082763706551 1
1 1082763706554 1
1 1082763706555 1
1 1082763706558 1
1 1082763706559 1
1 1082763706562 1
1 1082763706563 1
1 1082763706605 1
1 1082763706606 4
1 1082763706607 1
1 1082763706609 1
1 1082763706610 4
1 1082763706611 1
1 1082763706613 1
1 1082763706614 4
1 1082763706615 1
1 1082763706617 1
1 1082763706618 4
1 1082763706619 1
1 1082763706621 1
1 1082763706622 4
1 1082763706623 1
1 1082763706625 1
1 1082763706626 4
1 1082763706627 1
1 1082763706668 1
1 1082763706669 4
1 1082763706670 1
1 1082763706672 1
1 1082763706673 4
1 1082763706674 1
1 1082763706676 1
1 1082763706677 4
1 1082763706678 1
1 1082763706680 1
1 1082763706681 4
1 1082763706682 1
1 1082763706684 1
1 1082763706685 4
1 1082763706686 1
1 1082763706688 1
1 1082763706689 4
1 1082763706690 1
1 1082763706732 4
1 1082763706733 1
1 1082763706736 4
1 1082763706737 1
1 1082763706740 4
1 1082763706741 1
1 1082763706744 4
1 1082763706745 1
1 1082763706748 4
1 1082763706749 1
1 1082763706752 4
1 1082763706753 1
1 1082763706782 1
1 1082763706783 1
1 1082763706786 1
1 1082763706787 1
1 1082763706790 1
1 1082763706791 1
1 1082763706794 1
1 1082763706795 1
1 1082763706798 1
1 1082763706799 1
1 1082763706828 1
1 1082763706829 4
1 1082763706830 1
1 1082763706832 1
1 1082763706833 4
1 1082763706834 1
1 1082763706836 1
1 1082763706837 4
1 1082763706838 1
1 1082763706840 1
1 1082763706841 4
1 1082763706842 1
1 1082763706844 1
1 1082763706845 4
1 1082763706846 1
1 1082763706848 1
1 1082763706849 4
1 1082763706850 1
1 1082763706892 4
1 1082763706893 1
1 1082763706896 4
1 1082763706897 1
1 1082763706900 4
1 1082763706901 1
1 1082763706904 4
1 1082763706905 1
1 1082763706908 4
1 1082763706909 1
1 1082763706912 4
1 1082763706913 1
1 1082763706942 1
1 1082763706943 1
1 1082763706946 1
1 1082763706947 1
1 1082763706950 1
1 1082763706951 1
1 1082763706954 1
1 1082763706955 1
1 1082763706958 1
1 1082763706959 1
1 1082763706962 1
1 1082763706963 1
1 1082763707005 1
1 1082763707006 4
1 1082763707007 1
1 1082763707009 1
1 1082763707010 4
1 1082763707011 1
1 1082763707013 1
1 1082763707014 4
1 1082763707015 1
1 1082763707017 1
1 1082763707018 4
1 1082763707019 1
1 1082763707021 1
1 1082763707022 4
1 1082763707023 1
1 1082763707025 1
1 1082763707026 4
1 1082763707027 1
1 1082763707068 1
1 1082763707069 4
1 1082763707070 1
1 1082763707072 1
1 1082763707073 4
1 1082763707074 1
1 1082763707076 1
1 1082763707077 4
1 1082763707078 1
1 1082763707080 1
1 1082763707081 4
1 1082763707082 1
1 1082763707084 1
1 1082763707085 4
1 1082763707086 1
1 1082763707088 1
1 1082763707089 4
1 1082763707090 1
1 1082763707132 4
1 1082763707133 1
1 1082763707136 4
1 1082763707137 1
1 1082763707140 4
1 1082763707141 1
1 1082763707144 4
1 1082763707145 1
1 1082763707148 4
1 1082763707149 1
1 1082763707152 4
1 1082763707153 1
1 1082763707182 1
1 1082763707183 1
1 1082763707186 1
1 1082763707187 1
1 1082763707190 1
1 1082763707191 1
1 1082763707194 1
1 1082763707195 1
1 1082763707198 1
1 1082763707199 1
1 1082763707228 1
1 1082763707229 4
1 1082763707230 1
1 1082763707232 1
1 1082763707233 4
1 1082763707234 1
1 1082763707236 1
1 1082763707237 4
1 1082763707238 1
1 1082763707240 1
1 1082763707241 4
1 1082763707242 1
1 1082763707244 1
1 1082763707245 4
1 1082763707246 1
1 1082763707248 1
1 1082763707249 4
1 1082763707250 1
1 1082763707292 4
1 1082763707293 1
1 1082763707296 4
1 1082763707297 1
1 1082763707300 4
1 1082763707301 1
1 1082763707304 4
1 1082763707305 1
1 1082763707308 4
1 1082763707309 1
1 1082763707312 4
1 1082763707313 1
1 1082763707342 1
1 1082763707343 1
1 1082763707346 1
1 1082763707347 1
1 1082763707350 1
1 1082763707351 1
1 1082763707354 1
1 1082763707355 1
1 1082763707358 1
1 1082763707359 1
1 1082763707362 1
1 1082763707363 1
1 1082763707405 1
1 1082763707406 4
1 1082763707407 1
1 1082763707409 1
1 1082763707410 4
1 1082763707411 1
1 1082763707413 1
1 1082763707414 4
1 1082763707415 1
1 1082763707417 1
1 1082763707418 4
1 1082763707419 1
1 1082763707421 1
1 1082763707422 4
1 1082763707423 1
1 1082763707425 1
1 1082763707426 4
1 1082763707427 1
1 1082763707468 1
1 1082763707469 4
1 1082763707470 1
1 1082763707472 1
1 1082763707473 4
1 1082763707474 1
1 1082763707476 1
1 1082763707477 4
1 1082763707478 1
1 1082763707480 1
1 1082763707481 4
1 1082763707482 1
1 1082763707484 1
1 1082763707485 4
1 1082763707486 1
1 1082763707488 1
1 1082763707489 4
1 1082763707490 1
1 1082763707532 4
1 1082763707533 1
1 1082763707536 4
1 1082763707537 1
1 1082763707540 4
1 1082763707541 1
1 1082763707544 4
1 1082763707545 1
1 1082763707548 4
1 1082763707549 1
1 1082763707552 4
1 1082763707553 1
1 1082763707582 1
1 1082763707583 1
1 1082763707586 1
1 1082763707587 1
1 1082763707590 1
1 1082763707591 1
1 1082763707594 1
1 1082763707595 1
1 1082763707598 1
1 1082763707599 1
1 1082763707628 1
1 1082763707629 4
1 1082763707630 1
1 1082763707632 1
1 1082763707633 4
1 1082763707634 1
1 1082763707636 1
1 1082763707637 4
1 1082763707638 1
1 1082763707640 1
1 1082763707641 4
1 1082763707642 1
1 1082763707644 1
1 1082763707645 4
1 1082763707646 1
1 1082763707648 1
1 1082763707649 4
1 1082763707650 1
1 1082763707692 4
1 1082763707693 1
1 1082763707696 4
1 1082763707697 1
1 1082763707700 4
1 1082763707701 1
1 1082763707704 4
1 1082763707705 1
1 1082763707708 4
1 1082763707709 1
1 1082763707712 4
1 1082763707713 1
1 1082763707742 1
1 1082763707743 1
1 1082763707746 1
1 1082763707747 1
1 1082763707750 1
1 1082763707751 1
1 1082763707754 1
1 1082763707755 1
1 1082763707758 1
1 1082763707759 1
1 1082763707762 1
1 1082763707763 1
1 1082763707805 1
1 1082763707806 4
1 1082763707807 1
1 1082763707809 1
1 1082763707810 4
1 1082763707811 1
1 1082763707813 1
1 1082763707814 4
1 1082763707815 1
1 1082763707817 1
1 1082763707818 4
1 1082763707819 1
1 1082763707821 1
1 1082763707822 4
1 1082763707823 1
1 1082763707825 1
1 1082763707826 4
1 1082763707827 1
1 1082763707868 1
1 1082763707869 4
1 1082763707870 1
1 1082763707872 1
1 1082763707873 4
1 1082763707874 1
1 1082763707876 1
1 1082763707877 4
1 1082763707878 1
1 1082763707880 1
1 1082763707881 4
1 1082763707882 1
1 1082763707884 1
1 1082763707885 4
1 1082763707886 1
1 1082763707888 1
1 1082763707889 4
1 1082763707890 1
1 1082763707932 4
1 1082763707933 1
1 1082763707936 4
1 1082763707937 1
1 1082763707940 4
1 1082763707941 1
1 1082763707944 4
1 1082763707945 1
1 1082763707948 4
1 1082763707949 1
1 1082763707952 4
1 1082763707953 1
1 1082763707982 1
1 1082763707983 1
1 1082763707986 1
1 1082763707987 1
1 1082763707990 1
1 1082763707991 1
1 1082763707994 1
1 1082763707995 1
1 1082763707998 1
1 1082763707999 1
1 1082763708028 1
1 1082763708029 4
1 1082763708030 1
1 1082763708032 1
1 1082763708033 4
1 1082763708034 1
1 1082763708036 1
1 1082763708037 4
1 1082763708038 1
1 1082763708040 1
1 1082763708041 4
1 1082763708042 1
1 1082763708044 1
1 1082763708045 4
1 1082763708046 1
1 1082763708048 1
1 1082763708049 4
1 1082763708050 1
1 1082763708092 4
1 1082763708093 1
1 1082763708096 4
1 1082763708097 1
1 1082763708100 4
1 1082763708101 1
1 1082763708104 4
1 1082763708105 1
1 1082763708108 4
1 1082763708109 1
1 1082763708112 4
1 1082763708113 1
1 1082763708142 1
1 1082763708143 1
1 1082763708146 1
1 1082763708147 1
1 1082763708150 1
1 1082763708151 1
1 1082763708154 1
1 1082763708155 1
1 1082763708158 1
1 1082763708159 1
1 1082763708162 1
1 1082763708163 1
1 1082763708205 1
1 1082763708206 4
1 1082763708207 1
1 1082763708209 1
1 1082763708210 4
1 1082763708211 1
1 1082763708213 1
1 1082763708214 4
1 1082763708215 1
1 1082763708217 1
1 1082763708218 4
1 1082763708219 1
1 1082763708221 1
1 1082763708222 4
1 1082763708223 1
1 1082763708225 1
1 1082763708226 4
1 1082763708227 1
1 1082763708268 1
1 1082763708269 4
1 1082763708270 1
1 1082763708272 1
1 1082763708273 4
1 1082763708274 1
1 1082763708276 1
1 1082763708277 4
1 1082763708278 1
1 1082763708280 1
1 1082763708281 4
1 1082763708282 1
1 1082763708284 1
1 1082763708285 4
1 1082763708286 1
1 1082763708288 1
1 1082763708289 4
1 1082763708290 1
1 1082763708332 4
1 1082763708333 1
1 1082763708336 4
1 1082763708337 1
1 1082763708340 4
1 1082763708341 1
1 1082763708344 4
1 1082763708345 1
1 1082763708348 4
1 1082763708349 1
1 1082763708352 4
1 1082763708353 1
1 1082763708382 1
1 1082763708383 1
1 1082763708386 1
1 1082763708387 1
1 1082763708390 1
1 1082763708391 1
1 1082763708394 1
1 1082763708395 1
1 1082763708398 1
1 1082763708399 1
1 1082763708428 1
1 1082763708429 4
1 1082763708430 1
1 1082763708432 1
1 1082763708433 4
1 1082763708434 1
1 1082763708436 1
1 1082763708437 4
1 1082763708438 1
1 1082763708440 1
1 1082763708441 4
1 1082763708442 1
1 1082763708444 1
1 1082763708445 4
1 1082763708446 1
1 1082763708448 1
1 1082763708449 4
1 1082763708450 1
1 1082763708492 4
1 1082763708493 1
1 1082763708496 4
1 1082763708497 1
1 1082763708500 4
1 1082763708501 1
1 1082763708504 4
1 1082763708505 1
1 1082763708508 4
1 1082763708509 1
1 1082763708512 4
1 1082763708513 1
1 1082763708542 1
1 1082763708543 1
1 1082763708546 1
1 1082763708547 1
1 1082763708550 1
1 1082763708551 1
1 1082763708554 1
1 1082763708555 1
1 1082763708558 1
1 1082763708559 1
1 1082763708562 1
1 1082763708563 1
1 1082763708605 1
1 1082763708606 4
1 1082763708607 1
1 1082763708609 1
1 1082763708610 4
1 1082763708611 1
1 1082763708613 1
1 1082763708614 4
1 1082763708615 1
1 1082763708617 1
1 1082763708618 4
1 1082763708619 1
1 1082763708621 1
1 1082763708622 4
1 1082763708623 1
1 1082763708625 1
1 1082763708626 4
1 1082763708627 1
1 1082763708668 1
1 1082763708669 4
1 1082763708670 1
1 1082763708672 1
1 1082763708673 4
1 1082763708674 1
1 1082763708676 1
1 1082763708677 4
1 1082763708678 1
1 1082763708680 1
1 1082763708681 4
1 1082763708682 1
1 1082763708684 1
1 1082763708685 4
1 1082763708686 1
1 1082763708688 1
1 1082763708689 4
1 1082763708690 1
1 1082763708732 4
1 1082763708733 1
1 1082763708736 4
1 1082763708737 1
1 1082763708740 4
1 1082763708741 1
1 1082763708744 4
1 1082763708745 1
1 1082763708748 4
1 1082763708749 1
1 1082763708752 4
1 1082763708753 1
1 1082763708782 1
1 1082763708783 1
1 1082763708786 1
1 1082763708787 1
1 1082763708790 1
1 1082763708791 1
1 1082763708794 1
1 1082763708795 1
1 1082763708798 1
1 1082763708799 1
1 1082763708828 1
1 1082763708829 4
1 1082763708830 1
1 1082763708832 1
1 1082763708833 4
1 1082763708834 1
1 1082763708836 1
1 1082763708837 4
1 1082763708838 1
1 1082763708840 1
1 1082763708841 4
1 1082763708842 1
1 1082763708844 1
1 1082763708845 4
1 1082763708846 1
1 1082763708848 1
1 1082763708849 4
1 1082763708850 1
1 1082763708892 4
1 1082763708893 1
1 1082763708896 4
1 1082763708897 1
1 1082763708900 4
1 1082763708901 1
1 1082763708904 4
1 1082763708905 1
1 1082763708908 4
1 1082763708909 1
1 1082763708912 4
1 1082763708913 1
1 1082763708942 1
1 1082763708943 1
1 1082763708946 1
1 1082763708947 1
1 1082763708950 1
1 1082763708951 1
1 1082763708954 1
1 1082763708955 1
1 1082763708958 1
1 1082763708959 1
1 1082763708962 1
1 1082763708963 1
1 1082763709005 1
1 1082763709006 4
1 1082763709007 1
1 1082763709009 1
1 1082763709010 4
1 1082763709011 1
1 1082763709013 1
1 1082763709014 4
1 1082763709015 1
1 1082763709017 1
1 1082763709018 4
1 1082763709019 1
1 1082763709021 1
1 1082763709022 4
1 1082763709023 1
1 1082763709025 1
1 1082763709026 4
1 1082763709027 1
1 1082763709068 1
1 1082763709069 4
1 1082763709070 1
1 1082763709072 1
1 1082763709073 4
1 1082763709074 1
1 1082763709076 1
1 1082763709077 4
1 1082763709078 1
1 1082763709080 1
1 1082763709081 4
1 1082763709082 1
1 1082763709084 1
1 1082763709085 4
1 1082763709086 1
1 1082763709088 1
1 1082763709089 4
1 1082763709090 1
1 1082763709132 4
1 1082763709133 1
1 1082763709136 4
1 1082763709137 1
1 1082763709140 4
1 1082763709141 1
1 1082763709144 4
1 1082763709145 1
1 1082763709148 4
1 1082763709149 1
1 1082763709152 4
1 1082763709153 1
1 1082763709182 1
1 1082763709183 1
1 1082763709186 1
1 1082763709187 1
1 1082763709190 1
1 1082763709191 1
1 1082763709194 1
1 1082763709195 1
1 1082763709198 1
1 1082763709199 1
1 1082763709228 1
1 1082763709229 4
1 1082763709230 1
1 1082763709232 1
1 1082763709233 4
1 1082763709234 1
1 1082763709236 1
1 1082763709237 4
1 1082763709238 1
1 1082763709240 1
1 1082763709241 4
1 1082763709242 1
1 1082763709244 1
1 1082763709245 4
1 1082763709246 1
1 1082763709248 1
1 1082763709249 4
1 1082763709250 1
1 1082763709292 4
1 1082763709293 1
1 1082763709296 4
1 1082763709297 1
1 1082763709300 4
1 1082763709301 1
1 1082763709304 4
1 1082763709305 1
1 1082763709308 4
1 1082763709309 1
1 1082763709312 4
1 1082763709313 1
1 1082763709342 1
1 1082763709343 1
1 1082763709346 1
1 1082763709347 1
1 1082763709350 1
1 1082763709351 1
1 1082763709354 1
1 1082763709355 1
1 1082763709358 1
1 1082763709359 1
1 1082763709362 1
1 1082763709363 1
1 1082763709405 1
1 1082763709406 4
1 1082763709407 1
1 1082763709409 1
1 1082763709410 4
1 1082763709411 1
1 1082763709413 1
1 1082763709414 4
1 1082763709415 1
1 1082763709417 1
1 1082763709418 4
1 1082763709419 1
1 1082763709421 1
1 1082763709422 4
1 1082763709423 1
1 1082763709425 1
1 1082763709426 4
1 1082763709427 1
1 1082763709468 1
1 1082763709469 4
1 1082763709470 1
1 1082763709472 1
1 1082763709473 4
1 1082763709474 1
1 1082763709476 1
1 1082763709477 4
1 1082763709478 1
1 1082763709480 1
1 1082763709481 4
1 1082763709482 1
1 1082763709484 1
1 1082763709485 4
1 1082763709486 1
1 1082763709488 1
1 1082763709489 4
1 1082763709490 1
1 1082763709532 4
1 1082763709533 1
1 1082763709536 4
1 1082763709537 1
1 1082763709540 4
1 1082763709541 1
1 1082763709544 4
1 1082763709545 1
1 1082763709548 4
1 1082763709549 1
1 1082763709552 4
1 1082763709553 1
1 1082763709582 1
1 1082763709583 1
1 1082763709586 1
1 1082763709587 1
1 1082763709590 1
1 1082763709591 1
1 1082763709594 1
1 1082763709595 1
1 1082763709598 1
1 1082763709599 1
1 1082763709628 1
1 1082763709629 4
1 1082763709630 1
1 1082763709632 1
1 1082763709633 4
1 1082763709634 1
1 1082763709636 1
1 1082763709637 4
1 1082763709638 1
1 1082763709640 1
1 1082763709641 4
1 1082763709642 1
1 1082763709644 1
1 1082763709645 4
1 1082763709646 1
1 1082763709648 1
1 1082763709649 4
1 1082763709650 1
1 1082763709692 4
1 1082763709693 1
1 1082763709696 4
1 1082763709697 1
1 1082763709700 4
1 1082763709701 1
1 1082763709704 4
1 1082763709705 1
1 1082763709708 4
1 1082763709709 1
1 1082763709712 4
1 1082763709713 1
1 1082763709742 1
1 1082763709743 1
1 1082763709746 1
1 1082763709747 1
1 1082763709750 1
1 1082763709751 1
1 1082763709754 1
1 1082763709755 1
1 1082763709758 1
1 1082763709759 1
1 1082763709762 1
1 1082763709763 1
1 1082763709805 1
1 1082763709806 4
1 1082763709807 1
1 1082763709809 1
1 1082763709810 4
1 1082763709811 1
1 1082763709813 1
1 1082763709814 4
1 1082763709815 1
1 1082763709817 1
1 1082763709818 4
1 1082763709819 1
1 1082763709821 1
1 1082763709822 4
1 1082763709823 1
1 1082763709825 1
1 1082763709826 4
1 1082763709827 1
1 1082763709868 1
1 1082763709869 4
1 1082763709870 1
1 1082763709872 1
1 1082763709873 4
1 1082763709874 1
1 1082763709876 1
1 1082763709877 4
1 1082763709878 1
1 1082763709880 1
1 1082763709881 4
1 1082763709882 1
1 1082763709884 1
1 1082763709885 4
1 1082763709886 1
1 1082763709888 1
1 1082763709889 4
1 1082763709890 1
1 1082763709932 4
1 1082763709933 1
1 1082763709936 4
1 1082763709937 1
1 1082763709940 4
1 1082763709941 1
1 1082763709944 4
1 1082763709945 1
1 1082763709948 4
1 1082763709949 1
1 1082763709952 4
1 1082763709953 1
1 1082763709982 1
1 1082763709983 1
1 1082763709986 1
1 1082763709987 1
1 1082763709990 1
1 1082763709991 1
1 1082763709994 1
1 1082763709995 1
1 1082763709998 1
1 1082763709999 1
1 1082763710028 1
1 1082763710029 4
1 1082763710030 1
1 1082763710032 1
1 1082763710033 4
1 1082763710034 1
1 1082763710036 1
1 1082763710037 4
1 1082763710038 1
1 1082763710040 1
1 1082763710041 4
1 1082763710042 1
1 1082763710044 1
1 1082763710045 4
1 1082763710046 1
1 1082763710048 1
1 1082763710049 4
1 1082763710050 1
1 1082763710092 4
1 1082763710093 1
1 1082763710096 4
1 1082763710097 1
1 1082763710100 4
1 1082763710101 1
1 1082763710104 4
1 1082763710105 1
1 1082763710108 4
1 1082763710109 1
1 1082763710112 4
1 1082763710113 1
1 1082763710142 1
1 1082763710143 1
1 1082763710146 1
1 1082763710147 1
1 1082763710150 1
1 1082763710151 1
1 1082763710154 1
1 1082763710155 1
1 1082763710158 1
1 1082763710159 1
1 1082763710162 1
1 1082763710163 1
1 1082763710205 1
1 1082763710206 4
1 1082763710207 1
1 1082763710209 1
1 1082763710210 4
1 1082763710211 1
1 1082763710213 1
1 1082763710214 4
1 1082763710215 1
1 1082763710217 1
1 1082763710218 4
1 1082763710219 1
1 1082763710221 1
1 1082763710222 4
1 1082763710223 1
1 1082763710225 1
1 1082763710226 4
1 1082763710227 1
1 1082763710268 1
1 1082763710269 4
1 1082763710270 1
1 1082763710272 1
1 1082763710273 4
1 1082763710274 1
1 1082763710276 1
1 1082763710277 4
1 1082763710278 1
1 1082763710280 1
1 1082763710281 4
1 1082763710282 1
1 1082763710284 1
1 1082763710285 4
1 1082763710286 1
1 1082763710288 1
1 1082763710289 4
1 1082763710290 1
1 1082763710332 4
1 1082763710333 1
1 1082763710336 4
1 1082763710337 1
1 1082763710340 4
1 1082763710341 1
1 1082763710344 4
1 1082763710345 1
1 1082763710348 4
1 1082763710349 1
1 1082763710352 4
1 1082763710353 1
1 1082763710382 1
1 1082763710383 1
1 1082763710386 1
1 1082763710387 1
1 1082763710390 1
1 1082763710391 1
1 1082763710394 1
1 1082763710395 1
1 1082763710398 1
1 1082763710399 1
1 1082763710428 1
1 1082763710429 4
1 1082763710430 1
1 1082763710432 1
1 1082763710433 4
1 1082763710434 1
1 1082763710436 1
1 1082763710437 4
1 1082763710438 1
1 1082763710440 1
1 1082763710441 4
1 1082763710442 1
1 1082763710444 1
1 1082763710445 4
1 1082763710446 1
1 1082763710448 1
1 1082763710449 4
1 1082763710450 1
1 1082763710492 4
1 1082763710493 1
1 1082763710496 4
1 1082763710497 1
1 1082763710500 4
1 1082763710501 1
1 1082763710504 4
1 1082763710505 1
1 1082763710508 4
1 1082763710509 1
1 1082763710512 4
1 1082763710513 1
1 1082763710542 1
1 1082763710543 1
1 1082763710546 1
1 1082763710547 1
1 1082763710550 1
1 1082763710551 1
1 1082763710554 1
1 1082763710555 1
1 1082763710558 1
1 1082763710559 1
1 1082763710562 1
1 1082763710563 1
1 1082763710605 1
1 1082763710606 4
1 1082763710607 1
1 1082763710609 1
1 1082763710610 4
1 1082763710611 1
1 1082763710613 1
1 1082763710614 4
1 1082763710615 1
1 1082763710617 1
1 1082763710618 4
1 1082763710619 1
1 1082763710621 1
1 1082763710622 4
1 1082763710623 1
1 1082763710625 1
1 1082763710626 4
1 1082763710627 1
1 1082763710668 1
1 1082763710669 4
1 1082763710670 1
1 1082763710672 1
1 1082763710673 4
1 1082763710674 1
1 1082763710676 1
1 1082763710677 4
1 1082763710678 1
1 1082763710680 1
1 1082763710681 4
1 1082763710682 1
1 1082763710684 1
1 1082763710685 4
1 1082763710686 1
1 1082763710688 1
1 1082763710689 4
1 1082763710690 1
1 1082763710732 4
1 1082763710733 1
1 1082763710736 4
1 1082763710737 1
1 1082763710740 4
1 1082763710741 1
1 1082763710744 4
1 1082763710745 1
1 1082763710748 4
1 1082763710749 1
1 1082763710752 4
1 1082763710753 1
1 1082763710782 1
1 1082763710783 1
1 1082763710786 1
1 1082763710787 1
1 1082763710790 1
1 1082763710791 1
1 1082763710794 1
1 1082763710795 1
1 1082763710798 1
1 1082763710799 1
1 1082763710828 1
1 1082763710829 4
1 1082763710830 1
1 1082763710832 1
1 1082763710833 4
1 1082763710834 1
1 1082763710836 1
1 1082763710837 4
1 1082763710838 1
1 1082763710840 1
1 1082763710841 4
1 1082763710842 1
1 1082763710844 1
1 1082763710845 4
1 1082763710846 1
1 1082763710848 1
1 1082763710849 4
1 1082763710850 1
1 1082763710892 4
1 1082763710893 1
1 1082763710896 4
1 1082763710897 1
1 1082763710900 4
1 1082763710901 1
1 1082763710904 4
1 1082763710905 1
1 1082763710908 4
1 1082763710909 1
1 1082763710912 4
1 1082763710913 1
1 1082763710942 1
1 1082763710943 1
1 1082763710946 1
1 1082763710947 1
1 1082763710950 1
1 1082763710951 1
1 1082763710954 1
1 1082763710955 1
1 1082763710958 1
1 1082763710959 1
1 1082763710962 1
1 1082763710963 1
1 1082763711005 1
1 1082763711006 4
1 1082763711007 1
1 1082763711009 1
1 1082763711010 4
1 1082763711011 1
1 1082763711013 1
1 1082763711014 4
1 1082763711015 1
1 1082763711017 1
1 1082763711018 4
1 1082763711019 1
1 1082763711021 1
1 1082763711022 4
1 1082763711023 1
1 1082763711025 1
1 1082763711026 4
1 1082763711027 1
1 1082763711068 1
1 1082763711069 4
1 1082763711070 1
1 1082763711072 1
1 1082763711073 4
1 1082763711074 1
1 1082763711076 1
1 1082763711077 4
1 1082763711078 1
1 1082763711080 1
1 1082763711081 4
1 1082763711082 1
1 1082763711084 1
1 1082763711085 4
1 1082763711086 1
1 1082763711088 1
1 1082763711089 4
1 1082763711090 1
1 1082763711132 4
1 1082763711133 1
1 1082763711136 4
1 1082763711137 1
1 1082763711140 4
1 1082763711141 1
1 1082763711144 4
1 1082763711145 1
1 1082763711148 4
1 1082763711149 1
1 1082763711152 4
1 1082763711153 1
1 1082763711182 1
1 1082763711183 1
1 1082763711186 1
1 1082763711187 1
1 1082763711190 1
1 1082763711191 1
1 1082763711194 1
1 1082763711195 1
1 1082763711198 1
1 1082763711199 1
1 1082763711228 1
1 1082763711229 4
1 1082763711230 1
1 1082763711232 1
1 1082763711233 4
1 1082763711234 1
1 1082763711236 1
1 1082763711237 4
1 1082763711238 1
1 1082763711240 1
1 1082763711241 4
1 1082763711242 1
1 1082763711244 1
1 1082763711245 4
1 1082763711246 1
1 1082763711248 1
1 1082763711249 4
1 1082763711250 1
1 1082763711292 4
1 1082763711293 1
1 1082763711296 4
1 1082763711297 1
1 1082763711300 4
1 1082763711301 1
1 1082763711304 4
1 1082763711305 1
1 1082763711308 4
1 1082763711309 1
1 1082763711312 4
1 1082763711313 1
1 1082763711342 1
1 1082763711343 1
1 1082763711346 1
1 1082763711347 1
1 1082763711350 1
1 1082763711351 1
1 1082763711354 1
1 1082763711355 1
1 1082763711358 1
1 1082763711359 1
1 1082763711362 1
1 1082763711363 1
1 1082763711405 1
1 1082763711406 4
1 1082763711407 1
1 1082763711409 1
1 1082763711410 4
1 1082763711411 1
1 1082763711413 1
1 1082763711414 4
1 1082763711415 1
1 1082763711417 1
1 1082763711418 4
1 1082763711419 1
1 1082763711421 1
1 1082763711422 4
1 1082763711423 1
1 1082763711425 1
1 1082763711426 4
1 1082763711427 1
1 1082763711468 1
1 1082763711469 4
1 1082763711470 1
1 1082763711472 1
1 1082763711473 4
1 1082763711474 1
1 1082763711476 1
1 1082763711477 4
1 1082763711478 1
1 1082763711480 1
1 1082763711481 4
1 1082763711482 1
1 1082763711484 1
1 1082763711485 4
1 1082763711486 1
1 1082763711488 1
1 1082763711489 4
1 1082763711490 1
1 1082763711532 4
1 1082763711533 1
1 1082763711536 4
1 1082763711537 1
1 1082763711540 4
1 1082763711541 1
1 1082763711544 4
1 1082763711545 1
1 1082763711548 4
1 1082763711549 1
1 1082763711552 4
1 1082763711553 1
1 1082763711582 1
1 1082763711583 1
1 1082763711586 1
1 1082763711587 1
1 1082763711590 1
1 1082763711591 1
1 1082763711594 1
1 1082763711595 1
1 1082763711598 1
1 1082763711599 1
1 1082763711628 1
1 1082763711629 4
1 1082763711630 1
1 1082763711632 1
1 1082763711633 4
1 1082763711634 1
1 1082763711636 1
1 1082763711637 4
1 1082763711638 1
1 1082763711640 1
1 1082763711641 4
1 1082763711642 1
1 1082763711644 1
1 1082763711645 4
1 1082763711646 1
1 1082763711648 1
1 1082763711649 4
1 1082763711650 1
1 1082763711692 4
1 1082763711693 1
1 1082763711696 4
1 1082763711697 1
1 1082763711700 4
1 1082763711701 1
1 1082763711704 4
1 1082763711705 1
1 1082763711708 4
1 1082763711709 1
1 1082763711712 4
1 1082763711713 1
1 1082763711742 1
1 1082763711743 1
1 1082763711746 1
1 1082763711747 1
1 1082763711750 1
1 1082763711751 1
1 1082763711754 1
1 1082763711755 1
1 1082763711758 1
1 1082763711759 1
1 1082763711762 1
1 1082763711763 1
1 1082763711805 1
1 1082763711806 4
1 1082763711807 1
1 1082763711809 1
1 1082763711810 4
1 1082763711811 1
1 1082763711813 1
1 1082763711814 4
1 1082763711815 1
1 1082763711817 1
1 1082763711818 4
1 1082763711819 1
1 1082763711821 1
1 1082763711822 4
1 1082763711823 1
1 1082763711825 1
1 1082763711826 4
1 1082763711827 1
1 1082763711868 1
1 1082763711869 4
1 1082763711870 1
1 1082763711872 1
1 1082763711873 4
1 1082763711874 1
1 1082763711876 1
1 1082763711877 4
1 1082763711878 1
1 1082763711880 1
1 1082763711881 4
1 1082763711882 1
1 1082763711884 1
1 1082763711885 4
1 1082763711886 1
1 1082763711888 1
1 1082763711889 4
1 1082763711890 1
1 1082763711932 4
1 1082763711933 1
1 1082763711936 4
1 1082763711937 1
1 1082763711940 4
1 1082763711941 1
1 1082763711944 4
1 1082763711945 1
1 1082763711948 4
1 1082763711949 1
1 1082763711952 4
1 1082763711953 1
1 1082763711982 1
1 1082763711983 1
1 1082763711986 1
1 1082763711987 1
1 1082763711990 1
1 1082763711991 1
1 1082763711994 1
1 1082763711995 1
1 1082763711998 1
1 1082763711999 1
1 1082763712028 1
1 1082763712029 4
1 1082763712030 1
1 1082763712032 1
1 1082763712033 4
1 1082763712034 1
1 1082763712036 1
1 1082763712037 4
1 1082763712038 1
1 1082763712040 1
1 1082763712041 4
1 1082763712042 1
1 1082763712044 1
1 1082763712045 4
1 1082763712046 1
1 1082763712048 1
1 1082763712049 4
1 1082763712050 1
1 1082763712092 4
1 1082763712093 1
1 1082763712096 4
1 1082763712097 1
1 1082763712100 4
1 1082763712101 1
1 1082763712104 4
1 1082763712105 1
1 1082763712108 4
1 1082763712109 1
1 1082763712112 4
1 1082763712113 1
1 1082763712142 1
1 1082763712143 1
1 1082763712146 1
1 1082763712147 1
1 1082763712150 1
1 1082763712151 1
1 1082763712154 1
1 1082763712155 1
1 1082763712158 1
1 1082763712159 1
1 1082763712162 1
1 1082763712163 1
1 1082763712205 1
1 1082763712206 4
1 1082763712207 1
1 1082763712209 1
1 1082763712210 4
1 1082763712211 1
1 1082763712213 1
1 1082763712214 4
1 1082763712215 1
1 1082763712217 1
1 1082763712218 4
1 1082763712219 1
1 1082763712221 1
1 1082763712222 4
1 1082763712223 1
1 1082763712225 1
1 1082763712226 4
1 1082763712227 1
1 1082763712268 1
1 1082763712269 4
1 1082763712270 1
1 1082763712272 1
1 1082763712273 4
1 1082763712274 1
1 1082763712276 1
1 1082763712277 4
1 1082763712278 1
1 1082763712280 1
1 1082763712281 4
1 1082763712282 1
1 1082763712284 1
1 1082763712285 4
1 1082763712286 1
1 1082763712288 1
1 1082763712289 4
1 1082763712290 1
1 1082763712332 4
1 1082763712333 1
1 1082763712336 4
1 1082763712337 1
1 1082763712340 4
1 1082763712341 1
1 1082763712344 4
1 1082763712345 1
1 1082763712348 4
1 1082763712349 1
1 1082763712352 4
1 1082763712353 1
1 1082763712382 1
1 1082763712383 1
1 1082763712386 1
1 1082763712387 1
1 1082763712390 1
1 1082763712391 1
1 1082763712394 1
1 1082763712395 1
1 1082763712398 1
1 1082763712399 1
1 1082763712428 1
1 1082763712429 4
1 1082763712430 1
1 1082763712432 1
1 1082763712433 4
1 1082763712434 1
1 1082763712436 1
1 1082763712437 4
1 1082763712438 1
1 1082763712440 1
1 1082763712441 4
1 1082763712442 1
1 1082763712444 1
1 1082763712445 4
1 1082763712446 1
1 1082763712448 1
1 1082763712449 4
1 1082763712450 1
1 1082763712492 4
1 1082763712493 1
1 1082763712496 4
1 1082763712497 1
1 1082763712500 4
1 1082763712501 1
1 1082763712504 4
1 1082763712505 1
1 1082763712508 4
1 1082763712509 1
1 1082763712512 4
1 1082763712513 1
1 1082763712542 1
1 1082763712543 1
1 1082763712546 1
1 1082763712547 1
1 1082763712550 1
1 1082763712551 1
1 1082763712554 1
1 1082763712555 1
1 1082763712558 1
1 1082763712559 1
1 1082763712562 1
1 1082763712563 1
1 1082763712605 1
1 1082763712606 4
1 1082763712607 1
1 1082763712609 1
1 1082763712610 4
1 1082763712611 1
1 1082763712613 1
1 1082763712614 4
1 1082763712615 1
1 1082763712617 1
1 1082763712618 4
1 1082763712619 1
1 1082763712621 1
1 1082763712622 4
1 1082763712623 1
1 1082763712625 1
1 1082763712626 4
1 1082763712627 1
1 1082763712668 1
1 1082763712669 4
1 1082763712670 1
1 1082763712672 1
1 1082763712673 4
1 1082763712674 1
1 1082763712676 1
1 1082763712677 4
1 1082763712678 1
1 1082763712680 1
1 1082763712681 4
1 1082763712682 1
1 1082763712684 1
1 1082763712685 4
1 1082763712686 1
1 1082763712688 1
1 1082763712689 4
1 1082763712690 1
1 1082763712732 4
1 1082763712733 1
1 1082763712736 4
1 1082763712737 1
1 1082763712740 4
1 1082763712741 1
1 1082763712744 4
1 1082763712745 1
1 1082763712748 4
1 1082763712749 1
1 1082763712752 4
1 1082763712753 1
1 1082763712782 1
1 1082763712783 1
1 1082763712786 1
1 1082763712787 1
1 1082763712790 1
1 1082763712791 1
1 1082763712794 1
1 1082763712795 1
1 1082763712798 1
1 1082763712799 1
1 1082763712828 1
1 1082763712829 4
1 1082763712830 1
1 1082763712832 1
1 1082763712833 4
1 1082763712834 1
1 1082763712836 1
1 1082763712837 4
1 1082763712838 1
1 1082763712840 1
1 1082763712841 4
1 1082763712842 1
1 1082763712844 1
1 1082763712845 4
1 1082763712846 1
1 1082763712848 1
1 1082763712849 4
1 1082763712850 1
1 1082763712892 4
1 1082763712893 1
1 1082763712896 4
1 1082763712897 1
1 1082763712900 4
1 1082763712901 1
1 1082763712904 4
1 1082763712905 1
1 1082763712908 4
1 1082763712909 1
1 1082763712912 4
1 1082763712913 1
1 1082763712942 1
1 1082763712943 1
1 1082763712946 1
1 1082763712947 1
1 1082763712950 1
1 1082763712951 1
1 1082763712954 1
1 1082763712955 1
1 1082763712958 1
1 1082763712959 1
1 1082763712962 1
1 1082763712963 1
1 1082763713005 1
1 1082763713006 4
1 1082763713007 1
1 1082763713009 1
1 1082763713010 4
1 1082763713011 1
1 1082763713013 1
1 1082763713014 4
1 1082763713015 1
1 1082763713017 1
1 1082763713018 4
1 1082763713019 1
1 1082763713021 1
1 1082763713022 4
1 1082763713023 1
1 1082763713025 1
1 1082763713026 4
1 1082763713027 1
1 1082763713068 1
1 1082763713069 4
1 1082763713070 1
1 1082763713072 1
1 1082763713073 4
1 1082763713074 1
1 1082763713076 1
1 1082763713077 4
1 1082763713078 1
1 1082763713080 1
1 1082763713081 4
1 1082763713082 1
1 1082763713084 1
1 1082763713085 4
1 1082763713086 1
1 1082763713088 1
1 1082763713089 4
1 1082763713090 1
1 1082763713132 4
1 1082763713133 1
1 1082763713136 4
1 1082763713137 1
1 1082763713140 4
1 1082763713141 1
1 1082763713144 4
1 1082763713145 1
1 1082763713148 4
1 1082763713149 1
1 1082763713152 4
1 1082763713153 1
1 1082763713182 1
1 1082763713183 1
1 1082763713186 1
1 1082763713187 1
1 1082763713190 1
1 1082763713191 1
1 1082763713194 1
1 1082763713195 1
1 1082763713198 1
1 1082763713199 1
1 1082763713228 1
1 1082763713229 4
1 1082763713230 1
1 1082763713232 1
1 1082763713233 4
1 1082763713234 1
1 1082763713236 1
1 1082763713237 4
1 1082763713238 1
1 1082763713240 1
1 1082763713241 4
1 1082763713242 1
1 1082763713244 1
1 1082763713245 4
1 1082763713246 1
1 1082763713248 1
1 1082763713249 4
1 1082763713250 1
1 1082763713292 4
1 1082763713293 1
1 1082763713296 4
1 1082763713297 1
1 1082763713300 4
1 1082763713301 1
1 1082763713304 4
1 1082763713305 1
1 1082763713308 4
1 1082763713309 1
1 1082763713312 4
1 1082763713313 1
1 1082763713342 1
1 1082763713343 1
1 1082763713346 1
1 1082763713347 1
1 1082763713350 1
1 1082763713351 1
1 1082763713354 1
1 1082763713355 1
1 1082763713358 1
1 1082763713359 1
1 1082763713362 1
1 1082763713363 1
1 1082763713405 1
1 1082763713406 4
1 1082763713407 1
1 1082763713409 1
1 1082763713410 4
1 1082763713411 1
1 1082763713413 1
1 1082763713414 4
1 1082763713415 1
1 1082763713417 1
1 1082763713418 4
1 1082763713419 1
1 1082763713421 1
1 1082763713422 4
1 1082763713423 1
1 1082763713425 1
1 1082763713426 4
1 1082763713427 1
1 1082763713468 1
1 1082763713469 4
1 1082763713470 1
1 1082763713472 1
1 1082763713473 4
1 1082763713474 1
1 1082763713476 1
1 1082763713477 4
1 1082763713478 1
1 1082763713480 1
1 1082763713481 4
1 1082763713482 1
1 1082763713484 1
1 1082763713485 4
1 1082763713486 1
1 1082763713488 1
1 1082763713489 4
1 1082763713490 1
1 1082763713532 4
1 1082763713533 1
1 1082763713536 4
1 1082763713537 1
1 1082763713540 4
1 1082763713541 1
1 1082763713544 4
1 1082763713545 1
1 1082763713548 4
1 1082763713549 1
1 1082763713552 4
1 1082763713553 1
1 1082763713582 1
1 1082763713583 1
1 1082763713586 1
1 1082763713587 1
1 1082763713590 1
1 1082763713591 1
1 1082763713594 1
1 1082763713595 1
1 1082763713598 1
1 1082763713599 1
