1 1082763673600 4
1 1082763673601 1
1 1082763673604 4
1 1082763673605 1
1 1082763673608 4
1 1082763673609 1
1 1082763673612 4
1 1082763673613 1
1 1082763673616 4
1 1082763673617 1
1 1082763673646 1
1 1082763673647 1
1 1082763673650 1
1 1082763673651 1
1 1082763673654 1
1 1082763673655 1
1 1082763673658 1
1 1082763673659 1
1 1082763673662 1
1 1082763673663 1
1 1082763673666 1
1 1082763673667 1
1 1082763673709 1
1 1082763673710 4
1 1082763673711 1
1 1082763673713 1
1 1082763673714 93
1 1082763673715 1
1 1082763673717 1
1 1082763673718 4
1 1082763673719 1
1 1082763673721 1
1 1082763673722 4
1 1082763673723 1
1 1082763673725 1
1 1082763673726 4
1 1082763673727 1
1 1082763673729 1
1 1082763673730 4
1 1082763673731 1
1 1082763673772 1
1 1082763673773 4
1 1082763673774 1
1 1082763673776 1
1 1082763673777 4
1 1082763673778 1
1 1082763673780 1
1 1082763673781 4
1 1082763673782 1
1 1082763673784 1
1 1082763673785 4
1 1082763673786 1
1 1082763673788 1
1 1082763673789 4
1 1082763673790 1
1 1082763673792 1
1 1082763673793 4
1 1082763673794 1
1 1082763673836 4
1 1082763673837 1
1 1082763673840 4
1 1082763673841 1
1 1082763673844 4
1 1082763673845 1
1 1082763673848 4
1 1082763673849 1
1 1082763673852 4
1 1082763673853 1
1 1082763673856 4
1 1082763673857 1
1 1082763673886 1
1 1082763673887 1
1 1082763673890 1
1 1082763673891 1
1 1082763673894 1
1 1082763673895 1
1 1082763673898 90
1 1082763673899 1
1 1082763673902 1
1 1082763673903 1
1 1082763673906 1
1 1082763673907 1
1 1082763673949 1
1 1082763673950 4
1 1082763673951 1
1 1082763673953 1
1 1082763673954 4
1 1082763673955 125
1 1082763673957 1
1 1082763673958 4
1 1082763673959 1
1 1082763673961 1
1 1082763673962 4
1 1082763673963 1
1 1082763673965 1
1 1082763673966 4
1 1082763673967 1
1 1082763673969 1
1 1082763673970 4
1 1082763673971 1
1 1082763674000 4
1 1082763674001 1
1 1082763674004 4
1 1082763674005 1
1 1082763674008 4
1 1082763674009 1
1 1082763674012 4
1 1082763674013 1
1 1082763674016 4
1 1082763674017 1
1 1082763674046 1
1 1082763674047 1
1 1082763674050 1
1 1082763674051 1
1 1082763674054 1
1 1082763674055 1
1 1082763674058 1
1 1082763674059 1
1 1082763674062 1
1 1082763674063 1
1 1082763674066 1
1 1082763674067 1
1 1082763674109 1
1 1082763674110 4
1 1082763674111 1
1 1082763674113 1
1 1082763674114 4
1 1082763674115 1
1 1082763674117 1
1 1082763674118 4
1 1082763674119 1
1 1082763674121 1
1 1082763674122 4
1 1082763674123 1
1 1082763674125 1
1 1082763674126 4
1 1082763674127 1
1 1082763674129 1
1 1082763674130 4
1 1082763674131 1
1 1082763674172 1
1 1082763674173 4
1 1082763674174 1
1 1082763674176 1
1 1082763674177 4
1 1082763674178 1
1 1082763674180 1
1 1082763674181 4
1 1082763674182 1
1 1082763674184 1
1 1082763674185 4
1 1082763674186 1
1 1082763674188 1
1 1082763674189 4
1 1082763674190 1
1 1082763674192 1
1 1082763674193 4
1 1082763674194 1
1 1082763674236 4
1 1082763674237 1
1 1082763674240 4
1 1082763674241 1
1 1082763674244 4
1 1082763674245 1
1 1082763674248 4
1 1082763674249 1
1 1082763674252 4
1 1082763674253 1
1 1082763674256 4
1 1082763674257 1
1 1082763674286 1
1 1082763674287 1
1 1082763674290 1
1 1082763674291 1
1 1082763674294 1
1 1082763674295 1
1 1082763674298 1
1 1082763674299 1
1 1082763674302 1
1 1082763674303 1
1 1082763674306 1
1 1082763674307 1
1 1082763674349 1
1 1082763674350 4
1 1082763674351 1
1 1082763674353 1
1 1082763674354 4
1 1082763674355 1
1 1082763674357 1
1 1082763674358 4
1 1082763674359 1
1 1082763674361 1
1 1082763674362 4
1 1082763674363 1
1 1082763674365 1
1 1082763674366 4
1 1082763674367 1
1 1082763674369 1
1 1082763674370 4
1 1082763674371 1
1 1082763674400 4
1 1082763674401 1
1 1082763674404 4
1 1082763674405 1
1 1082763674408 4
1 1082763674409 1
1 1082763674412 4
1 1082763674413 1
1 1082763674416 4
1 1082763674417 1
1 1082763674446 1
1 1082763674447 1
1 1082763674450 1
1 1082763674451 1
1 1082763674454 1
1 1082763674455 1
1 1082763674458 1
1 1082763674459 1
1 1082763674462 1
1 1082763674463 1
1 1082763674466 1
1 1082763674467 1
1 1082763674509 1
1 1082763674510 4
1 1082763674511 1
1 1082763674513 1
1 1082763674514 4
1 1082763674515 1
1 1082763674517 1
1 1082763674518 4
1 1082763674519 1
1 1082763674521 1
1 1082763674522 4
1 1082763674523 1
1 1082763674525 1
1 1082763674526 4
1 1082763674527 1
1 1082763674529 1
1 1082763674530 4
1 1082763674531 1
1 1082763674572 1
1 1082763674573 4
1 1082763674574 1
1 1082763674576 1
1 1082763674577 4
1 1082763674578 1
1 1082763674580 1
1 1082763674581 4
1 1082763674582 1
1 1082763674584 1
1 1082763674585 4
1 1082763674586 1
1 1082763674588 1
1 1082763674589 4
1 1082763674590 1
1 1082763674592 1
1 1082763674593 4
1 1082763674594 1
1 1082763674636 4
1 1082763674637 1
1 1082763674640 4
1 1082763674641 1
1 1082763674644 4
1 1082763674645 1
1 1082763674648 4
1 1082763674649 1
1 1082763674652 4
1 1082763674653 1
1 1082763674656 4
1 1082763674657 1
1 1082763674686 1
1 1082763674687 1
1 1082763674690 1
1 1082763674691 1
1 1082763674694 1
1 1082763674695 1
1 1082763674698 1
1 1082763674699 1
1 1082763674702 1
1 1082763674703 1
1 1082763674706 1
1 1082763674707 1
1 1082763674749 1
1 1082763674750 4
1 1082763674751 1
1 1082763674753 1
1 1082763674754 4
1 1082763674755 1
1 1082763674757 1
1 1082763674758 4
1 1082763674759 1
1 1082763674761 1
1 1082763674762 4
1 1082763674763 1
1 1082763674765 1
1 1082763674766 4
1 1082763674767 1
1 1082763674769 1
1 1082763674770 4
1 1082763674771 1
1 1082763674800 4
1 1082763674801 1
1 1082763674804 4
1 1082763674805 1
1 1082763674808 4
1 1082763674809 1
1 1082763674812 4
1 1082763674813 1
1 1082763674816 4
1 1082763674817 1
1 1082763674846 1
1 1082763674847 1
1 1082763674850 1
1 1082763674851 1
1 1082763674854 1
1 1082763674855 1
1 1082763674858 1
1 1082763674859 1
1 1082763674862 1
1 1082763674863 1
1 1082763674866 1
1 1082763674867 1
1 1082763674909 1
1 1082763674910 4
1 1082763674911 1
1 1082763674913 1
1 1082763674914 4
1 1082763674915 1
1 1082763674917 1
1 1082763674918 4
1 1082763674919 1
1 1082763674921 1
1 1082763674922 4
1 1082763674923 1
1 1082763674925 1
1 1082763674926 4
1 1082763674927 1
1 1082763674929 1
1 1082763674930 4
1 1082763674931 1
1 1082763674972 1
1 1082763674973 4
1 1082763674974 1
1 1082763674976 1
1 1082763674977 4
1 1082763674978 1
1 1082763674980 1
1 1082763674981 4
1 1082763674982 1
1 1082763674984 1
1 1082763674985 4
1 1082763674986 1
1 1082763674988 1
1 1082763674989 4
1 1082763674990 1
1 1082763674992 1
1 1082763674993 4
1 1082763674994 1
1 1082763675036 4
1 1082763675037 1
1 1082763675040 4
1 1082763675041 1
1 1082763675044 4
1 1082763675045 1
1 1082763675048 4
1 1082763675049 1
1 1082763675052 4
1 1082763675053 1
1 1082763675056 4
1 1082763675057 1
1 1082763675086 1
1 1082763675087 1
1 1082763675090 1
1 1082763675091 1
1 1082763675094 1
1 1082763675095 1
1 1082763675098 1
1 1082763675099 1
1 1082763675102 1
1 1082763675103 1
1 1082763675106 1
1 1082763675107 1
1 1082763675149 1
1 1082763675150 4
1 1082763675151 1
1 1082763675153 1
1 1082763675154 4
1 1082763675155 1
1 1082763675157 1
1 1082763675158 4
1 1082763675159 1
1 1082763675161 1
1 1082763675162 4
1 1082763675163 1
1 1082763675165 1
1 1082763675166 4
1 1082763675167 1
1 1082763675169 1
1 1082763675170 4
1 1082763675171 1
1 1082763675200 4
1 1082763675201 1
1 1082763675204 4
1 1082763675205 1
1 1082763675208 4
1 1082763675209 1
1 1082763675212 4
1 1082763675213 1
1 1082763675216 4
1 1082763675217 1
1 1082763675246 1
1 1082763675247 1
1 1082763675250 1
1 1082763675251 1
1 1082763675254 1
1 1082763675255 1
1 1082763675258 1
1 1082763675259 1
1 1082763675262 1
1 1082763675263 1
1 1082763675266 1
1 1082763675267 1
1 1082763675309 1
1 1082763675310 4
1 1082763675311 1
1 1082763675313 1
1 1082763675314 4
1 1082763675315 1
1 1082763675317 1
1 1082763675318 4
1 1082763675319 1
1 1082763675321 1
1 1082763675322 4
1 1082763675323 1
1 1082763675325 1
1 1082763675326 4
1 1082763675327 1
1 1082763675329 1
1 1082763675330 4
1 1082763675331 1
1 1082763675372 1
1 1082763675373 4
1 1082763675374 1
1 1082763675376 1
1 1082763675377 4
1 1082763675378 1
1 1082763675380 1
1 1082763675381 4
1 1082763675382 1
1 1082763675384 1
1 1082763675385 4
1 1082763675386 1
1 1082763675388 1
1 1082763675389 4
1 1082763675390 1
1 1082763675392 1
1 1082763675393 4
1 1082763675394 1
1 1082763675436 4
1 1082763675437 1
1 1082763675440 4
1 1082763675441 1
1 1082763675444 4
1 1082763675445 1
1 1082763675448 4
1 1082763675449 1
1 1082763675452 4
1 1082763675453 1
1 1082763675456 4
1 1082763675457 1
1 1082763675486 1
1 1082763675487 1
1 1082763675490 1
1 1082763675491 1
1 1082763675494 1
1 1082763675495 1
1 1082763675498 1
1 1082763675499 1
1 1082763675502 1
1 1082763675503 1
1 1082763675506 1
1 1082763675507 1
1 1082763675549 1
1 1082763675550 4
1 1082763675551 1
1 1082763675553 1
1 1082763675554 4
1 1082763675555 1
1 1082763675557 1
1 1082763675558 4
1 1082763675559 1
1 1082763675561 1
1 1082763675562 4
1 1082763675563 1
1 1082763675565 1
1 1082763675566 4
1 1082763675567 1
1 1082763675569 1
1 1082763675570 4
1 1082763675571 1
1 1082763675600 4
1 1082763675601 1
1 1082763675604 4
1 1082763675605 1
1 1082763675608 4
1 1082763675609 1
1 1082763675612 4
1 1082763675613 1
1 1082763675616 4
1 1082763675617 1
1 1082763675646 1
1 1082763675647 1
1 1082763675650 1
1 1082763675651 1
1 1082763675654 1
1 1082763675655 1
1 1082763675658 1
1 1082763675659 1
1 1082763675662 1
1 1082763675663 1
1 1082763675666 1
1 1082763675667 1
1 1082763675709 1
1 1082763675710 4
1 1082763675711 1
1 1082763675713 1
1 1082763675714 4
1 1082763675715 1
1 1082763675717 1
1 1082763675718 4
1 1082763675719 1
1 1082763675721 1
1 1082763675722 4
1 1082763675723 1
1 1082763675725 1
1 1082763675726 4
1 1082763675727 1
1 1082763675729 1
1 1082763675730 4
1 1082763675731 1
1 1082763675772 1
1 1082763675773 4
1 1082763675774 1
1 1082763675776 1
1 1082763675777 4
1 1082763675778 1
1 1082763675780 1
1 1082763675781 4
1 1082763675782 1
1 1082763675784 1
1 1082763675785 4
1 1082763675786 1
1 1082763675788 1
1 1082763675789 4
1 1082763675790 1
1 1082763675792 1
1 1082763675793 4
1 1082763675794 1
1 1082763675836 4
1 1082763675837 1
1 1082763675840 4
1 1082763675841 1
1 1082763675844 4
1 1082763675845 1
1 1082763675848 4
1 1082763675849 1
1 1082763675852 4
1 1082763675853 1
1 1082763675856 4
1 1082763675857 1
1 1082763675886 1
1 1082763675887 1
1 1082763675890 1
1 1082763675891 1
1 1082763675894 1
1 1082763675895 1
1 1082763675898 1
1 1082763675899 1
1 1082763675902 1
1 1082763675903 1
1 1082763675906 1
1 1082763675907 1
1 1082763675949 1
1 1082763675950 4
1 1082763675951 1
1 1082763675953 1
1 1082763675954 4
1 1082763675955 1
1 1082763675957 1
1 1082763675958 4
1 1082763675959 1
1 1082763675961 1
1 1082763675962 4
1 1082763675963 1
1 1082763675965 1
1 1082763675966 4
1 1082763675967 1
1 1082763675969 1
1 1082763675970 4
1 1082763675971 1
1 1082763676000 4
1 1082763676001 1
1 1082763676004 4
1 1082763676005 1
1 1082763676008 4
1 1082763676009 1
1 1082763676012 4
1 1082763676013 1
1 1082763676016 4
1 1082763676017 1
1 1082763676046 1
1 1082763676047 1
1 1082763676050 1
1 1082763676051 1
1 1082763676054 1
1 1082763676055 1
1 1082763676058 1
1 1082763676059 1
1 1082763676062 1
1 1082763676063 1
1 1082763676066 1
1 1082763676067 1
1 1082763676109 1
1 1082763676110 4
1 1082763676111 1
1 1082763676113 1
1 1082763676114 4
1 1082763676115 1
1 1082763676117 1
1 1082763676118 4
1 1082763676119 1
1 1082763676121 1
1 1082763676122 4
1 1082763676123 1
1 1082763676125 1
1 1082763676126 4
1 1082763676127 1
1 1082763676129 1
1 1082763676130 4
1 1082763676131 1
1 1082763676172 1
1 1082763676173 4
1 1082763676174 1
1 1082763676176 1
1 1082763676177 4
1 1082763676178 1
1 1082763676180 1
1 1082763676181 4
1 1082763676182 1
1 1082763676184 1
1 1082763676185 4
1 1082763676186 1
1 1082763676188 1
1 1082763676189 4
1 1082763676190 1
1 1082763676192 1
1 1082763676193 4
1 1082763676194 1
1 1082763676236 4
1 1082763676237 1
1 1082763676240 4
1 1082763676241 1
1 1082763676244 4
1 1082763676245 1
1 1082763676248 4
1 1082763676249 1
1 1082763676252 4
1 1082763676253 1
1 1082763676256 4
1 1082763676257 1
1 1082763676286 1
1 1082763676287 1
1 1082763676290 1
1 1082763676291 1
1 1082763676294 1
1 1082763676295 1
1 1082763676298 1
1 1082763676299 1
1 1082763676302 1
1 1082763676303 1
1 1082763676306 1
1 1082763676307 1
1 1082763676349 1
1 1082763676350 4
1 1082763676351 1
1 1082763676353 1
1 1082763676354 4
1 1082763676355 1
1 1082763676357 1
1 1082763676358 4
1 1082763676359 1
1 1082763676361 1
1 1082763676362 4
1 1082763676363 1
1 1082763676365 1
1 1082763676366 4
1 1082763676367 1
1 1082763676369 1
1 1082763676370 4
1 1082763676371 1
1 1082763676400 4
1 1082763676401 1
1 1082763676404 4
1 1082763676405 1
1 1082763676408 4
1 1082763676409 1
1 1082763676412 4
1 1082763676413 1
1 1082763676416 4
1 1082763676417 1
1 1082763676446 1
1 1082763676447 1
1 1082763676450 1
1 1082763676451 1
1 1082763676454 1
1 1082763676455 1
1 1082763676458 1
1 1082763676459 1
1 1082763676462 1
1 1082763676463 1
1 1082763676466 1
1 1082763676467 1
1 1082763676509 1
1 1082763676510 4
1 1082763676511 1
1 1082763676513 1
1 1082763676514 4
1 1082763676515 1
1 1082763676517 1
1 1082763676518 4
1 1082763676519 1
1 1082763676521 1
1 1082763676522 4
1 1082763676523 1
1 1082763676525 1
1 1082763676526 4
1 1082763676527 1
1 1082763676529 1
1 1082763676530 4
1 1082763676531 1
1 1082763676572 1
1 1082763676573 4
1 1082763676574 1
1 1082763676576 1
1 1082763676577 4
1 1082763676578 1
1 1082763676580 1
1 1082763676581 4
1 1082763676582 1
1 1082763676584 1
1 1082763676585 4
1 1082763676586 1
1 1082763676588 1
1 1082763676589 4
1 1082763676590 1
1 1082763676592 1
1 1082763676593 4
1 1082763676594 1
1 1082763676636 4
1 1082763676637 1
1 1082763676640 4
1 1082763676641 1
1 1082763676644 4
1 1082763676645 1
1 1082763676648 4
1 1082763676649 1
1 1082763676652 4
1 1082763676653 1
1 1082763676656 4
1 1082763676657 1
1 1082763676686 1
1 1082763676687 1
1 1082763676690 1
1 1082763676691 1
1 1082763676694 1
1 1082763676695 1
1 1082763676698 1
1 1082763676699 1
1 1082763676702 1
1 1082763676703 1
1 1082763676706 1
1 1082763676707 1
1 1082763676749 1
1 1082763676750 4
1 1082763676751 1
1 1082763676753 1
1 1082763676754 4
1 1082763676755 1
1 1082763676757 1
1 1082763676758 4
1 1082763676759 1
1 1082763676761 1
1 1082763676762 4
1 1082763676763 1
1 1082763676765 1
1 1082763676766 4
1 1082763676767 1
1 1082763676769 1
1 1082763676770 4
1 1082763676771 1
1 1082763676800 4
1 1082763676801 1
1 1082763676804 4
1 1082763676805 1
1 1082763676808 4
1 1082763676809 1
1 1082763676812 4
1 1082763676813 1
1 1082763676816 4
1 1082763676817 1
1 1082763676846 1
1 1082763676847 1
1 1082763676850 1
1 1082763676851 1
1 1082763676854 1
1 1082763676855 1
1 1082763676858 1
1 1082763676859 1
1 1082763676862 1
1 1082763676863 1
1 1082763676866 1
1 1082763676867 1
1 1082763676909 1
1 1082763676910 4
1 1082763676911 1
1 1082763676913 1
1 1082763676914 4
1 1082763676915 1
1 1082763676917 1
1 1082763676918 4
1 1082763676919 1
1 1082763676921 1
1 1082763676922 4
1 1082763676923 1
1 1082763676925 1
1 1082763676926 4
1 1082763676927 1
1 1082763676929 1
1 1082763676930 4
1 1082763676931 1
1 1082763676972 1
1 1082763676973 4
1 1082763676974 1
1 1082763676976 1
1 1082763676977 4
1 1082763676978 1
1 1082763676980 1
1 1082763676981 4
1 1082763676982 1
1 1082763676984 1
1 1082763676985 4
1 1082763676986 1
1 1082763676988 1
1 1082763676989 4
1 1082763676990 1
1 1082763676992 1
1 1082763676993 4
1 1082763676994 1
1 1082763677036 4
1 1082763677037 1
1 1082763677040 4
1 1082763677041 1
1 1082763677044 4
1 1082763677045 1
1 1082763677048 4
1 1082763677049 1
1 1082763677052 4
1 1082763677053 1
1 1082763677056 4
1 1082763677057 1
1 1082763677086 1
1 1082763677087 1
1 1082763677090 1
1 1082763677091 1
1 1082763677094 1
1 1082763677095 1
1 1082763677098 1
1 1082763677099 1
1 1082763677102 1
1 1082763677103 1
1 1082763677106 1
1 1082763677107 1
1 1082763677149 1
1 1082763677150 4
1 1082763677151 1
1 1082763677153 1
1 1082763677154 4
1 1082763677155 1
1 1082763677157 1
1 1082763677158 4
1 1082763677159 1
1 1082763677161 1
1 1082763677162 4
1 1082763677163 1
1 1082763677165 1
1 1082763677166 4
1 1082763677167 1
1 1082763677169 1
1 1082763677170 4
1 1082763677171 1
1 1082763677200 4
1 1082763677201 1
1 1082763677204 4
1 1082763677205 1
1 1082763677208 4
1 1082763677209 1
1 1082763677212 4
1 1082763677213 1
1 1082763677216 4
1 1082763677217 1
1 1082763677246 1
1 1082763677247 1
1 1082763677250 1
1 1082763677251 1
1 1082763677254 1
1 1082763677255 1
1 1082763677258 1
1 1082763677259 1
1 1082763677262 1
1 1082763677263 1
1 1082763677266 1
1 1082763677267 1
1 1082763677309 1
1 1082763677310 4
1 1082763677311 1
1 1082763677313 1
1 1082763677314 4
1 1082763677315 1
1 1082763677317 1
1 1082763677318 4
1 1082763677319 1
1 1082763677321 1
1 1082763677322 4
1 1082763677323 1
1 1082763677325 1
1 1082763677326 4
1 1082763677327 1
1 1082763677329 1
1 1082763677330 4
1 1082763677331 1
1 1082763677372 1
1 1082763677373 4
1 1082763677374 1
1 1082763677376 1
1 1082763677377 4
1 1082763677378 1
1 1082763677380 1
1 1082763677381 4
1 1082763677382 1
1 1082763677384 1
1 1082763677385 4
1 1082763677386 1
1 1082763677388 1
1 1082763677389 4
1 1082763677390 1
1 1082763677392 1
1 1082763677393 4
1 1082763677394 1
1 1082763677436 4
1 1082763677437 1
1 1082763677440 4
1 1082763677441 1
1 1082763677444 4
1 1082763677445 1
1 1082763677448 4
1 1082763677449 1
1 1082763677452 4
1 1082763677453 1
1 1082763677456 4
1 1082763677457 1
1 1082763677486 1
1 1082763677487 1
1 1082763677490 1
1 1082763677491 1
1 1082763677494 1
1 1082763677495 1
1 1082763677498 1
1 1082763677499 1
1 1082763677502 1
1 1082763677503 1
1 1082763677506 1
1 1082763677507 1
1 1082763677549 1
1 1082763677550 4
1 1082763677551 1
1 1082763677553 1
1 1082763677554 4
1 1082763677555 1
1 1082763677557 1
1 1082763677558 4
1 1082763677559 1
1 1082763677561 1
1 1082763677562 4
1 1082763677563 1
1 1082763677565 1
1 1082763677566 4
1 1082763677567 1
1 1082763677569 1
1 1082763677570 4
1 1082763677571 1
1 1082763677600 4
1 1082763677601 1
1 1082763677604 4
1 1082763677605 1
1 1082763677608 4
1 1082763677609 1
1 1082763677612 4
1 1082763677613 1
1 1082763677616 4
1 1082763677617 1
1 1082763677646 1
1 1082763677647 1
1 1082763677650 1
1 1082763677651 1
1 1082763677654 1
1 1082763677655 1
1 1082763677658 1
1 1082763677659 1
1 1082763677662 1
1 1082763677663 1
1 1082763677666 1
1 1082763677667 1
1 1082763677709 1
1 1082763677710 4
1 1082763677711 1
1 1082763677713 1
1 1082763677714 4
1 1082763677715 1
1 1082763677717 1
1 1082763677718 4
1 1082763677719 1
1 1082763677721 1
1 1082763677722 4
1 1082763677723 1
1 1082763677725 1
1 1082763677726 4
1 1082763677727 1
1 1082763677729 1
1 1082763677730 4
1 1082763677731 1
1 1082763677772 1
1 1082763677773 4
1 1082763677774 1
1 1082763677776 1
1 1082763677777 4
1 1082763677778 1
1 1082763677780 1
1 1082763677781 4
1 1082763677782 1
1 1082763677784 1
1 1082763677785 4
1 1082763677786 1
1 1082763677788 1
1 1082763677789 4
1 1082763677790 1
1 1082763677792 1
1 1082763677793 4
1 1082763677794 1
1 1082763677836 4
1 1082763677837 1
1 1082763677840 4
1 1082763677841 1
1 1082763677844 4
1 1082763677845 1
1 1082763677848 4
1 1082763677849 1
1 1082763677852 4
1 1082763677853 1
1 1082763677856 4
1 1082763677857 1
1 1082763677886 1
1 1082763677887 1
1 1082763677890 1
1 1082763677891 1
1 1082763677894 1
1 1082763677895 1
1 1082763677898 1
1 1082763677899 1
1 1082763677902 1
1 1082763677903 1
1 1082763677906 1
1 1082763677907 1
1 1082763677949 1
1 1082763677950 4
1 1082763677951 1
1 1082763677953 1
1 1082763677954 4
1 1082763677955 1
1 1082763677957 1
1 1082763677958 4
1 1082763677959 1
1 1082763677961 1
1 1082763677962 4
1 1082763677963 1
1 1082763677965 1
1 1082763677966 4
1 1082763677967 1
1 1082763677969 1
1 1082763677970 4
1 1082763677971 1
1 1082763678000 4
1 1082763678001 1
1 1082763678004 4
1 1082763678005 1
1 1082763678008 4
1 1082763678009 1
1 1082763678012 4
1 1082763678013 1
1 1082763678016 4
1 1082763678017 1
1 1082763678046 1
1 1082763678047 1
1 1082763678050 1
1 1082763678051 1
1 1082763678054 1
1 1082763678055 1
1 1082763678058 1
1 1082763678059 1
1 1082763678062 1
1 1082763678063 1
1 1082763678066 1
1 1082763678067 1
1 1082763678109 1
1 1082763678110 4
1 1082763678111 1
1 1082763678113 1
1 1082763678114 4
1 1082763678115 1
1 1082763678117 1
1 1082763678118 4
1 1082763678119 1
1 1082763678121 1
1 1082763678122 4
1 1082763678123 1
1 1082763678125 1
1 1082763678126 4
1 1082763678127 1
1 1082763678129 1
1 1082763678130 4
1 1082763678131 1
1 1082763678172 1
1 1082763678173 4
1 1082763678174 1
1 1082763678176 1
1 1082763678177 4
1 1082763678178 1
1 1082763678180 1
1 1082763678181 4
1 1082763678182 1
1 1082763678184 1
1 1082763678185 4
1 1082763678186 1
1 1082763678188 1
1 1082763678189 4
1 1082763678190 1
1 1082763678192 1
1 1082763678193 4
1 1082763678194 1
1 1082763678236 4
1 1082763678237 1
1 1082763678240 4
1 1082763678241 1
1 1082763678244 4
1 1082763678245 1
1 1082763678248 4
1 1082763678249 1
1 1082763678252 4
1 1082763678253 1
1 1082763678256 4
1 1082763678257 1
1 1082763678286 1
1 1082763678287 1
1 1082763678290 1
1 1082763678291 1
1 1082763678294 1
1 1082763678295 1
1 1082763678298 1
1 1082763678299 1
1 1082763678302 1
1 1082763678303 1
1 1082763678306 1
1 1082763678307 1
1 1082763678349 1
1 1082763678350 4
1 1082763678351 1
1 1082763678353 1
1 1082763678354 4
1 1082763678355 1
1 1082763678357 1
1 1082763678358 4
1 1082763678359 1
1 1082763678361 1
1 1082763678362 4
1 1082763678363 1
1 1082763678365 1
1 1082763678366 4
1 1082763678367 1
1 1082763678369 1
1 1082763678370 4
1 1082763678371 1
1 1082763678400 4
1 1082763678401 1
1 1082763678404 4
1 1082763678405 1
1 1082763678408 4
1 1082763678409 1
1 1082763678412 4
1 1082763678413 1
1 1082763678416 4
1 1082763678417 1
1 1082763678446 1
1 1082763678447 1
1 1082763678450 1
1 1082763678451 1
1 1082763678454 1
1 1082763678455 1
1 1082763678458 1
1 1082763678459 1
1 1082763678462 1
1 1082763678463 1
1 1082763678466 1
1 1082763678467 1
1 1082763678509 1
1 1082763678510 4
1 1082763678511 1
1 1082763678513 1
1 1082763678514 4
1 1082763678515 1
1 1082763678517 1
1 1082763678518 4
1 1082763678519 1
1 1082763678521 1
1 1082763678522 4
1 1082763678523 1
1 1082763678525 1
1 1082763678526 4
1 1082763678527 1
1 1082763678529 1
1 1082763678530 4
1 1082763678531 1
1 1082763678572 1
1 1082763678573 4
1 1082763678574 1
1 1082763678576 1
1 1082763678577 4
1 1082763678578 1
1 1082763678580 1
1 1082763678581 4
1 1082763678582 1
1 1082763678584 1
1 1082763678585 4
1 1082763678586 1
1 1082763678588 1
1 1082763678589 4
1 1082763678590 1
1 1082763678592 1
1 1082763678593 4
1 1082763678594 1
1 1082763678636 4
1 1082763678637 1
1 1082763678640 4
1 1082763678641 1
1 1082763678644 4
1 1082763678645 1
1 1082763678648 4
1 1082763678649 1
1 1082763678652 4
1 1082763678653 1
1 1082763678656 4
1 1082763678657 1
1 1082763678686 1
1 1082763678687 1
1 1082763678690 1
1 1082763678691 1
1 1082763678694 1
1 1082763678695 1
1 1082763678698 1
1 1082763678699 1
1 1082763678702 1
1 1082763678703 1
1 1082763678706 1
1 1082763678707 1
1 1082763678749 1
1 1082763678750 4
1 1082763678751 1
1 1082763678753 1
1 1082763678754 4
1 1082763678755 1
1 1082763678757 1
1 1082763678758 4
1 1082763678759 1
1 1082763678761 1
1 1082763678762 4
1 1082763678763 1
1 1082763678765 1
1 1082763678766 4
1 1082763678767 1
1 1082763678769 1
1 1082763678770 4
1 1082763678771 1
1 1082763678800 4
1 1082763678801 1
1 1082763678804 4
1 1082763678805 1
1 1082763678808 4
1 1082763678809 1
1 1082763678812 4
1 1082763678813 1
1 1082763678816 4
1 1082763678817 1
1 1082763678846 1
1 1082763678847 1
1 1082763678850 1
1 1082763678851 1
1 1082763678854 1
1 1082763678855 1
1 1082763678858 1
1 1082763678859 1
1 1082763678862 1
1 1082763678863 1
1 1082763678866 1
1 1082763678867 1
1 1082763678909 1
1 1082763678910 4
1 1082763678911 1
1 1082763678913 1
1 1082763678914 4
1 1082763678915 1
1 1082763678917 1
1 1082763678918 4
1 1082763678919 1
1 1082763678921 1
1 1082763678922 4
1 1082763678923 1
1 1082763678925 1
1 1082763678926 4
1 1082763678927 1
1 1082763678929 1
1 1082763678930 4
1 1082763678931 1
1 1082763678972 1
1 1082763678973 4
1 1082763678974 1
1 1082763678976 1
1 1082763678977 4
1 1082763678978 1
1 1082763678980 1
1 1082763678981 4
1 1082763678982 1
1 1082763678984 1
1 1082763678985 4
1 1082763678986 1
1 1082763678988 1
1 1082763678989 4
1 1082763678990 1
1 1082763678992 1
1 1082763678993 4
1 1082763678994 1
1 1082763679036 4
1 1082763679037 1
1 1082763679040 4
1 1082763679041 1
1 1082763679044 4
1 1082763679045 1
1 1082763679048 4
1 1082763679049 1
1 1082763679052 4
1 1082763679053 1
1 1082763679056 4
1 1082763679057 1
1 1082763679086 1
1 1082763679087 1
1 1082763679090 1
1 1082763679091 1
1 1082763679094 1
1 1082763679095 1
1 1082763679098 1
1 1082763679099 1
1 1082763679102 1
1 1082763679103 1
1 1082763679106 1
1 1082763679107 1
1 1082763679149 1
1 1082763679150 4
1 1082763679151 1
1 1082763679153 1
1 1082763679154 4
1 1082763679155 1
1 1082763679157 1
1 1082763679158 4
1 1082763679159 1
1 1082763679161 1
1 1082763679162 4
1 1082763679163 1
1 1082763679165 1
1 1082763679166 4
1 1082763679167 1
1 1082763679169 1
1 1082763679170 4
1 1082763679171 1
1 1082763679200 4
1 1082763679201 1
1 1082763679204 4
1 1082763679205 1
1 1082763679208 4
1 1082763679209 1
1 1082763679212 4
1 1082763679213 1
1 1082763679216 4
1 1082763679217 1
1 1082763679246 1
1 1082763679247 1
1 1082763679250 1
1 1082763679251 1
1 1082763679254 1
1 1082763679255 1
1 1082763679258 1
1 1082763679259 1
1 1082763679262 1
1 1082763679263 1
1 1082763679266 1
1 1082763679267 1
1 1082763679309 1
1 1082763679310 4
1 1082763679311 1
1 1082763679313 1
1 1082763679314 4
1 1082763679315 1
1 1082763679317 1
1 1082763679318 4
1 1082763679319 1
1 1082763679321 1
1 1082763679322 4
1 1082763679323 1
1 1082763679325 1
1 1082763679326 4
1 1082763679327 1
1 1082763679329 1
1 1082763679330 4
1 1082763679331 1
1 1082763679372 1
1 1082763679373 4
1 1082763679374 1
1 1082763679376 1
1 1082763679377 4
1 1082763679378 1
1 1082763679380 1
1 1082763679381 4
1 1082763679382 1
1 1082763679384 1
1 1082763679385 4
1 1082763679386 1
1 1082763679388 1
1 1082763679389 4
1 1082763679390 1
1 1082763679392 1
1 1082763679393 4
1 1082763679394 1
1 1082763679436 4
1 1082763679437 1
1 1082763679440 4
1 1082763679441 1
1 1082763679444 4
1 1082763679445 1
1 1082763679448 4
1 1082763679449 1
1 1082763679452 4
1 1082763679453 1
1 1082763679456 4
1 1082763679457 1
1 1082763679486 1
1 1082763679487 1
1 1082763679490 1
1 1082763679491 1
1 1082763679494 1
1 1082763679495 1
1 1082763679498 1
1 1082763679499 1
1 1082763679502 1
1 1082763679503 1
1 1082763679506 1
1 1082763679507 1
1 1082763679549 1
1 1082763679550 4
1 1082763679551 1
1 1082763679553 1
1 1082763679554 4
1 1082763679555 1
1 1082763679557 1
1 1082763679558 4
1 1082763679559 1
1 1082763679561 1
1 1082763679562 4
1 1082763679563 1
1 1082763679565 1
1 1082763679566 4
1 1082763679567 1
1 1082763679569 1
1 1082763679570 4
1 1082763679571 1
1 1082763679600 4
1 1082763679601 1
1 1082763679604 4
1 1082763679605 1
1 1082763679608 4
1 1082763679609 1
1 1082763679612 4
1 1082763679613 1
1 1082763679616 4
1 1082763679617 1
1 1082763679646 1
1 1082763679647 1
1 1082763679650 1
1 1082763679651 1
1 1082763679654 1
1 1082763679655 1
1 1082763679658 1
1 1082763679659 1
1 1082763679662 1
1 1082763679663 1
1 1082763679666 1
1 1082763679667 1
1 1082763679709 1
1 1082763679710 4
1 1082763679711 1
1 1082763679713 1
1 1082763679714 4
1 1082763679715 1
1 1082763679717 1
1 1082763679718 4
1 1082763679719 1
1 1082763679721 1
1 1082763679722 4
1 1082763679723 1
1 1082763679725 1
1 1082763679726 4
1 1082763679727 1
1 1082763679729 1
1 1082763679730 4
1 1082763679731 1
1 1082763679772 1
1 1082763679773 4
1 1082763679774 1
1 1082763679776 1
1 1082763679777 4
1 1082763679778 1
1 1082763679780 1
1 1082763679781 4
1 1082763679782 1
1 1082763679784 1
1 1082763679785 4
1 1082763679786 1
1 1082763679788 1
1 1082763679789 4
1 1082763679790 1
1 1082763679792 1
1 1082763679793 4
1 1082763679794 1
1 1082763679836 4
1 1082763679837 1
1 1082763679840 4
1 1082763679841 1
1 1082763679844 4
1 1082763679845 1
1 1082763679848 4
1 1082763679849 1
1 1082763679852 4
1 1082763679853 1
1 1082763679856 4
1 1082763679857 1
1 1082763679886 1
1 1082763679887 1
1 1082763679890 1
1 1082763679891 1
1 1082763679894 1
1 1082763679895 1
1 1082763679898 1
1 1082763679899 1
1 1082763679902 1
1 1082763679903 1
1 1082763679906 1
1 1082763679907 1
1 1082763679949 1
1 1082763679950 4
1 1082763679951 1
1 1082763679953 1
1 1082763679954 4
1 1082763679955 1
1 1082763679957 1
1 1082763679958 4
1 1082763679959 1
1 1082763679961 1
1 1082763679962 4
1 1082763679963 1
1 1082763679965 1
1 1082763679966 4
1 1082763679967 1
1 1082763679969 1
1 1082763679970 4
1 1082763679971 1
1 1082763680000 4
1 1082763680001 1
1 1082763680004 4
1 1082763680005 1
1 1082763680008 4
1 1082763680009 1
1 1082763680012 4
1 1082763680013 1
1 1082763680016 4
1 1082763680017 1
1 1082763680046 1
1 1082763680047 1
1 1082763680050 1
1 1082763680051 1
1 1082763680054 1
1 1082763680055 1
1 1082763680058 1
1 1082763680059 1
1 1082763680062 1
1 1082763680063 1
1 1082763680066 1
1 1082763680067 1
1 1082763680109 1
1 1082763680110 4
1 1082763680111 1
1 1082763680113 1
1 1082763680114 4
1 1082763680115 1
1 1082763680117 1
1 1082763680118 4
1 1082763680119 1
1 1082763680121 1
1 1082763680122 4
1 1082763680123 1
1 1082763680125 1
1 1082763680126 4
1 1082763680127 1
1 1082763680129 1
1 1082763680130 4
1 1082763680131 1
1 1082763680172 1
1 1082763680173 4
1 1082763680174 1
1 1082763680176 1
1 1082763680177 4
1 1082763680178 1
1 1082763680180 1
1 1082763680181 4
1 1082763680182 1
1 1082763680184 1
1 1082763680185 4
1 1082763680186 1
1 1082763680188 1
1 1082763680189 4
1 1082763680190 1
1 1082763680192 1
1 1082763680193 4
1 1082763680194 1
1 1082763680236 4
1 1082763680237 1
1 1082763680240 4
1 1082763680241 1
1 1082763680244 4
1 1082763680245 1
1 1082763680248 4
1 1082763680249 1
1 1082763680252 4
1 1082763680253 1
1 1082763680256 4
1 1082763680257 1
1 1082763680286 1
1 1082763680287 1
1 1082763680290 1
1 1082763680291 1
1 1082763680294 1
1 1082763680295 1
1 1082763680298 1
1 1082763680299 1
1 1082763680302 1
1 1082763680303 1
1 1082763680306 1
1 1082763680307 1
1 1082763680349 1
1 1082763680350 4
1 1082763680351 1
1 1082763680353 1
1 1082763680354 4
1 1082763680355 1
1 1082763680357 1
1 1082763680358 4
1 1082763680359 1
1 1082763680361 1
1 1082763680362 4
1 1082763680363 1
1 1082763680365 1
1 1082763680366 4
1 1082763680367 1
1 1082763680369 1
1 1082763680370 4
1 1082763680371 1
1 1082763680400 4
1 1082763680401 1
1 1082763680404 4
1 1082763680405 1
1 1082763680408 4
1 1082763680409 1
1 1082763680412 4
1 1082763680413 1
1 1082763680416 4
1 1082763680417 1
1 1082763680446 1
1 1082763680447 1
1 1082763680450 1
1 1082763680451 1
1 1082763680454 1
1 1082763680455 1
1 1082763680458 1
1 1082763680459 1
1 1082763680462 1
1 1082763680463 1
1 1082763680466 1
1 1082763680467 1
1 1082763680509 1
1 1082763680510 4
1 1082763680511 1
1 1082763680513 1
1 1082763680514 4
1 1082763680515 1
1 1082763680517 1
1 1082763680518 4
1 1082763680519 1
1 1082763680521 1
1 1082763680522 4
1 1082763680523 1
1 1082763680525 1
1 1082763680526 4
1 1082763680527 1
1 1082763680529 1
1 1082763680530 4
1 1082763680531 1
1 1082763680572 1
1 1082763680573 4
1 1082763680574 1
1 1082763680576 1
1 1082763680577 4
1 1082763680578 1
1 1082763680580 1
1 1082763680581 4
1 1082763680582 1
1 1082763680584 1
1 1082763680585 4
1 1082763680586 1
1 1082763680588 1
1 1082763680589 4
1 1082763680590 1
1 1082763680592 1
1 1082763680593 4
1 1082763680594 1
1 1082763680636 4
1 1082763680637 1
1 1082763680640 4
1 1082763680641 1
1 1082763680644 4
1 1082763680645 1
1 1082763680648 4
1 1082763680649 1
1 1082763680652 4
1 1082763680653 1
1 1082763680656 4
1 1082763680657 1
1 1082763680686 1
1 1082763680687 1
1 1082763680690 1
1 1082763680691 1
1 1082763680694 1
1 1082763680695 1
1 1082763680698 1
1 1082763680699 1
1 1082763680702 1
1 1082763680703 1
1 1082763680706 1
1 1082763680707 1
1 1082763680749 1
1 1082763680750 4
1 1082763680751 1
1 1082763680753 1
1 1082763680754 4
1 1082763680755 1
1 1082763680757 1
1 1082763680758 4
1 1082763680759 1
1 1082763680761 1
1 1082763680762 4
1 1082763680763 1
1 1082763680765 1
1 1082763680766 4
1 1082763680767 1
1 1082763680769 1
1 1082763680770 4
1 1082763680771 1
1 1082763680800 4
1 1082763680801 1
1 1082763680804 4
1 1082763680805 1
1 1082763680808 4
1 1082763680809 1
1 1082763680812 4
1 1082763680813 1
1 1082763680816 4
1 1082763680817 1
1 1082763680846 1
1 1082763680847 1
1 1082763680850 1
1 1082763680851 1
1 1082763680854 1
1 1082763680855 1
1 1082763680858 1
1 1082763680859 1
1 1082763680862 1
1 1082763680863 1
1 1082763680866 1
1 1082763680867 1
1 1082763680909 1
1 1082763680910 4
1 1082763680911 1
1 1082763680913 1
1 1082763680914 4
1 1082763680915 1
1 1082763680917 1
1 1082763680918 4
1 1082763680919 1
1 1082763680921 1
1 1082763680922 4
1 1082763680923 1
1 1082763680925 1
1 1082763680926 4
1 1082763680927 1
1 1082763680929 1
1 1082763680930 4
1 1082763680931 1
1 1082763680972 1
1 1082763680973 4
1 1082763680974 1
1 1082763680976 1
1 1082763680977 4
1 1082763680978 1
1 1082763680980 1
1 1082763680981 4
1 1082763680982 1
1 1082763680984 1
1 1082763680985 4
1 1082763680986 1
1 1082763680988 1
1 1082763680989 4
1 1082763680990 1
1 1082763680992 1
1 1082763680993 4
1 1082763680994 1
1 1082763681036 4
1 1082763681037 1
1 1082763681040 4
1 1082763681041 1
1 1082763681044 4
1 1082763681045 1
1 1082763681048 4
1 1082763681049 1
1 1082763681052 4
1 1082763681053 1
1 1082763681056 4
1 1082763681057 1
1 1082763681086 1
1 1082763681087 1
1 1082763681090 1
1 1082763681091 1
1 1082763681094 1
1 1082763681095 1
1 1082763681098 1
1 1082763681099 1
1 1082763681102 1
1 1082763681103 1
1 1082763681106 1
1 1082763681107 1
1 1082763681149 1
1 1082763681150 4
1 1082763681151 1
1 1082763681153 1
1 1082763681154 4
1 1082763681155 1
1 1082763681157 1
1 1082763681158 4
1 1082763681159 1
1 1082763681161 1
1 1082763681162 4
1 1082763681163 1
1 1082763681165 1
1 1082763681166 4
1 1082763681167 1
1 1082763681169 1
1 1082763681170 4
1 1082763681171 1
1 1082763681200 4
1 1082763681201 1
1 1082763681204 4
1 1082763681205 1
1 1082763681208 4
1 1082763681209 1
1 1082763681212 4
1 1082763681213 1
1 1082763681216 4
1 1082763681217 1
1 1082763681246 1
1 1082763681247 1
1 1082763681250 1
1 1082763681251 1
1 1082763681254 1
1 1082763681255 1
1 1082763681258 1
1 1082763681259 1
1 1082763681262 1
1 1082763681263 1
1 1082763681266 1
1 1082763681267 1
1 1082763681309 1
1 1082763681310 4
1 1082763681311 1
1 1082763681313 1
1 1082763681314 4
1 1082763681315 1
1 1082763681317 1
1 1082763681318 4
1 1082763681319 1
1 1082763681321 1
1 1082763681322 4
1 1082763681323 1
1 1082763681325 1
1 1082763681326 4
1 1082763681327 1
1 1082763681329 1
1 1082763681330 4
1 1082763681331 1
1 1082763681372 1
1 1082763681373 4
1 1082763681374 1
1 1082763681376 1
1 1082763681377 4
1 1082763681378 1
1 1082763681380 1
1 1082763681381 4
1 1082763681382 1
1 1082763681384 1
1 1082763681385 4
1 1082763681386 1
1 1082763681388 1
1 1082763681389 4
1 1082763681390 1
1 1082763681392 1
1 1082763681393 4
1 1082763681394 1
1 1082763681436 4
1 1082763681437 1
1 1082763681440 4
1 1082763681441 1
1 1082763681444 4
1 1082763681445 1
1 1082763681448 4
1 1082763681449 1
1 1082763681452 4
1 1082763681453 1
1 1082763681456 4
1 1082763681457 1
1 1082763681486 1
1 1082763681487 1
1 1082763681490 1
1 1082763681491 1
1 1082763681494 1
1 1082763681495 1
1 1082763681498 1
1 1082763681499 1
1 1082763681502 1
1 1082763681503 1
1 1082763681506 1
1 1082763681507 1
1 1082763681549 1
1 1082763681550 4
1 1082763681551 1
1 1082763681553 1
1 1082763681554 4
1 1082763681555 1
1 1082763681557 1
1 1082763681558 4
1 1082763681559 1
1 1082763681561 1
1 1082763681562 4
1 1082763681563 1
1 1082763681565 1
1 1082763681566 4
1 1082763681567 1
1 1082763681569 1
1 1082763681570 4
1 1082763681571 1
1 1082763681600 4
1 1082763681601 1
1 1082763681604 4
1 1082763681605 1
1 1082763681608 4
1 1082763681609 1
1 1082763681612 4
1 1082763681613 1
1 1082763681616 4
1 1082763681617 1
1 1082763681646 1
1 1082763681647 1
1 1082763681650 1
1 1082763681651 1
1 1082763681654 1
1 1082763681655 1
1 1082763681658 1
1 1082763681659 1
1 1082763681662 1
1 1082763681663 1
1 1082763681666 1
1 1082763681667 1
1 1082763681709 1
1 1082763681710 4
1 1082763681711 1
1 1082763681713 1
1 1082763681714 4
1 1082763681715 1
1 1082763681717 1
1 1082763681718 4
1 1082763681719 1
1 1082763681721 1
1 1082763681722 4
1 1082763681723 1
1 1082763681725 1
1 1082763681726 4
1 1082763681727 1
1 1082763681729 1
1 1082763681730 4
1 1082763681731 1
1 1082763681772 1
1 1082763681773 4
1 1082763681774 1
1 1082763681776 1
1 1082763681777 4
1 1082763681778 1
1 1082763681780 1
1 1082763681781 4
1 1082763681782 1
1 1082763681784 1
1 1082763681785 4
1 1082763681786 1
1 1082763681788 1
1 1082763681789 4
1 1082763681790 1
1 1082763681792 1
1 1082763681793 4
1 1082763681794 1
1 1082763681836 4
1 1082763681837 1
1 1082763681840 4
1 1082763681841 1
1 1082763681844 4
1 1082763681845 1
1 1082763681848 4
1 1082763681849 1
1 1082763681852 4
1 1082763681853 1
1 1082763681856 4
1 1082763681857 1
1 1082763681886 1
1 1082763681887 1
1 1082763681890 1
1 1082763681891 1
1 1082763681894 1
1 1082763681895 1
1 1082763681898 1
1 1082763681899 1
1 1082763681902 1
1 1082763681903 1
1 1082763681906 1
1 1082763681907 1
1 1082763681949 1
1 1082763681950 4
1 1082763681951 1
1 1082763681953 1
1 1082763681954 4
1 1082763681955 1
1 1082763681957 1
1 1082763681958 4
1 1082763681959 1
1 1082763681961 1
1 1082763681962 4
1 1082763681963 1
1 1082763681965 1
1 1082763681966 4
1 1082763681967 1
1 1082763681969 1
1 1082763681970 4
1 1082763681971 1
1 1082763682000 4
1 1082763682001 1
1 1082763682004 4
1 1082763682005 1
1 1082763682008 4
1 1082763682009 1
1 1082763682012 4
1 1082763682013 1
1 1082763682016 4
1 1082763682017 1
1 1082763682046 1
1 1082763682047 1
1 1082763682050 1
1 1082763682051 1
1 1082763682054 1
1 1082763682055 1
1 1082763682058 1
1 1082763682059 1
1 1082763682062 1
1 1082763682063 1
1 1082763682066 1
1 1082763682067 1
1 1082763682109 1
1 1082763682110 4
1 1082763682111 1
1 1082763682113 1
1 1082763682114 4
1 1082763682115 1
1 1082763682117 1
1 1082763682118 4
1 1082763682119 1
1 1082763682121 1
1 1082763682122 4
1 1082763682123 1
1 1082763682125 1
1 1082763682126 4
1 1082763682127 1
1 1082763682129 1
1 1082763682130 4
1 1082763682131 1
1 1082763682172 1
1 1082763682173 4
1 1082763682174 1
1 1082763682176 1
1 1082763682177 4
1 1082763682178 1
1 1082763682180 1
1 1082763682181 4
1 1082763682182 1
1 1082763682184 1
1 1082763682185 4
1 1082763682186 1
1 1082763682188 1
1 1082763682189 4
1 1082763682190 1
1 1082763682192 1
1 1082763682193 4
1 1082763682194 1
1 1082763682236 4
1 1082763682237 1
1 1082763682240 4
1 1082763682241 1
1 1082763682244 4
1 1082763682245 1
1 1082763682248 4
1 1082763682249 1
1 1082763682252 4
1 1082763682253 1
1 1082763682256 4
1 1082763682257 1
1 1082763682286 1
1 1082763682287 1
1 1082763682290 1
1 1082763682291 1
1 1082763682294 1
1 1082763682295 1
1 1082763682298 1
1 1082763682299 1
1 1082763682302 1
1 1082763682303 1
1 1082763682306 1
1 1082763682307 1
1 1082763682349 1
1 1082763682350 4
1 1082763682351 1
1 1082763682353 1
1 1082763682354 4
1 1082763682355 1
1 1082763682357 1
1 1082763682358 4
1 1082763682359 1
1 1082763682361 1
1 1082763682362 4
1 1082763682363 1
1 1082763682365 1
1 1082763682366 4
1 1082763682367 1
1 1082763682369 1
1 1082763682370 4
1 1082763682371 1
1 1082763682400 4
1 1082763682401 1
1 1082763682404 4
1 1082763682405 1
1 1082763682408 4
1 1082763682409 1
1 1082763682412 4
1 1082763682413 1
1 1082763682416 4
1 1082763682417 1
1 1082763682446 1
1 1082763682447 1
1 1082763682450 1
1 1082763682451 1
1 1082763682454 1
1 1082763682455 1
1 1082763682458 1
1 1082763682459 1
1 1082763682462 1
1 1082763682463 1
1 1082763682466 1
1 1082763682467 1
1 1082763682509 1
1 1082763682510 4
1 1082763682511 1
1 1082763682513 1
1 1082763682514 4
1 1082763682515 1
1 1082763682517 1
1 1082763682518 4
1 1082763682519 1
1 1082763682521 1
1 1082763682522 4
1 1082763682523 1
1 1082763682525 1
1 1082763682526 4
1 1082763682527 1
1 1082763682529 1
1 1082763682530 4
1 1082763682531 1
1 1082763682572 1
1 1082763682573 4
1 1082763682574 1
1 1082763682576 1
1 1082763682577 4
1 1082763682578 1
1 1082763682580 1
1 1082763682581 4
1 1082763682582 1
1 1082763682584 1
1 1082763682585 4
1 1082763682586 1
1 1082763682588 1
1 1082763682589 4
1 1082763682590 1
1 1082763682592 1
1 1082763682593 4
1 1082763682594 1
1 1082763682636 4
1 1082763682637 1
1 1082763682640 4
1 1082763682641 1
1 1082763682644 4
1 1082763682645 1
1 1082763682648 4
1 1082763682649 1
1 1082763682652 4
1 1082763682653 1
1 1082763682656 4
1 1082763682657 1
1 1082763682686 1
1 1082763682687 1
1 1082763682690 1
1 1082763682691 1
1 1082763682694 1
1 1082763682695 1
1 1082763682698 1
1 1082763682699 1
1 1082763682702 1
1 1082763682703 1
1 1082763682706 1
1 1082763682707 1
1 1082763682749 1
1 1082763682750 4
1 1082763682751 1
1 1082763682753 1
1 1082763682754 4
1 1082763682755 1
1 1082763682757 1
1 1082763682758 4
1 1082763682759 1
1 1082763682761 1
1 1082763682762 4
1 1082763682763 1
1 1082763682765 1
1 1082763682766 4
1 1082763682767 1
1 1082763682769 1
1 1082763682770 4
1 1082763682771 1
1 1082763682800 4
1 1082763682801 1
1 1082763682804 4
1 1082763682805 1
1 1082763682808 4
1 1082763682809 1
1 1082763682812 4
1 1082763682813 1
1 1082763682816 4
1 1082763682817 1
1 1082763682846 1
1 1082763682847 1
1 1082763682850 1
1 1082763682851 1
1 1082763682854 1
1 1082763682855 1
1 1082763682858 1
1 1082763682859 1
1 1082763682862 1
1 1082763682863 1
1 1082763682866 1
1 1082763682867 1
1 1082763682909 1
1 1082763682910 4
1 1082763682911 1
1 1082763682913 1
1 1082763682914 4
1 1082763682915 1
1 1082763682917 1
1 1082763682918 4
1 1082763682919 1
1 1082763682921 1
1 1082763682922 4
1 1082763682923 1
1 1082763682925 1
1 1082763682926 4
1 1082763682927 1
1 1082763682929 1
1 1082763682930 4
1 1082763682931 1
1 1082763682972 1
1 1082763682973 4
1 1082763682974 1
1 1082763682976 1
1 1082763682977 4
1 1082763682978 1
1 1082763682980 1
1 1082763682981 4
1 1082763682982 1
1 1082763682984 1
1 1082763682985 4
1 1082763682986 1
1 1082763682988 1
1 1082763682989 4
1 1082763682990 1
1 1082763682992 1
1 1082763682993 4
1 1082763682994 1
1 1082763683036 4
1 1082763683037 1
1 1082763683040 4
1 1082763683041 1
1 1082763683044 4
1 1082763683045 1
1 1082763683048 4
1 1082763683049 1
1 1082763683052 4
1 1082763683053 1
1 1082763683056 4
1 1082763683057 1
1 1082763683086 1
1 1082763683087 1
1 1082763683090 1
1 1082763683091 1
1 1082763683094 1
1 1082763683095 1
1 1082763683098 1
1 1082763683099 1
1 1082763683102 1
1 1082763683103 1
1 1082763683106 1
1 1082763683107 1
1 1082763683149 1
1 1082763683150 4
1 1082763683151 1
1 1082763683153 1
1 1082763683154 4
1 1082763683155 1
1 1082763683157 1
1 1082763683158 4
1 1082763683159 1
1 1082763683161 1
1 1082763683162 4
1 1082763683163 1
1 1082763683165 1
1 1082763683166 4
1 1082763683167 1
1 1082763683169 1
1 1082763683170 4
1 1082763683171 1
1 1082763683200 4
1 1082763683201 1
1 1082763683204 4
1 1082763683205 1
1 1082763683208 4
1 1082763683209 1
1 1082763683212 4
1 1082763683213 1
1 1082763683216 4
1 1082763683217 1
1 1082763683246 1
1 1082763683247 1
1 1082763683250 1
1 1082763683251 1
1 1082763683254 1
1 1082763683255 1
1 1082763683258 1
1 1082763683259 1
1 1082763683262 1
1 1082763683263 1
1 1082763683266 1
1 1082763683267 1
1 1082763683309 1
1 1082763683310 4
1 1082763683311 1
1 1082763683313 1
1 1082763683314 4
1 1082763683315 1
1 1082763683317 1
1 1082763683318 4
1 1082763683319 1
1 1082763683321 1
1 1082763683322 4
1 1082763683323 1
1 1082763683325 1
1 1082763683326 4
1 1082763683327 1
1 1082763683329 1
1 1082763683330 4
1 1082763683331 1
1 1082763683372 1
1 1082763683373 4
1 1082763683374 1
1 1082763683376 1
1 1082763683377 4
1 1082763683378 1
1 1082763683380 1
1 1082763683381 4
1 1082763683382 1
1 1082763683384 1
1 1082763683385 4
1 1082763683386 1
1 1082763683388 1
1 1082763683389 4
1 1082763683390 1
1 1082763683392 1
1 1082763683393 4
1 1082763683394 1
1 1082763683436 4
1 1082763683437 1
1 1082763683440 4
1 1082763683441 1
1 1082763683444 4
1 1082763683445 1
1 1082763683448 4
1 1082763683449 1
1 1082763683452 4
1 1082763683453 1
1 1082763683456 4
1 1082763683457 1
1 1082763683486 1
1 1082763683487 1
1 1082763683490 1
1 1082763683491 1
1 1082763683494 1
1 1082763683495 1
1 1082763683498 1
1 1082763683499 1
1 1082763683502 1
1 1082763683503 1
1 1082763683506 1
1 1082763683507 1
1 1082763683549 1
1 1082763683550 4
1 1082763683551 1
1 1082763683553 1
1 1082763683554 4
1 1082763683555 1
1 1082763683557 1
1 1082763683558 4
1 1082763683559 1
1 1082763683561 1
1 1082763683562 4
1 1082763683563 1
1 1082763683565 1
1 1082763683566 4
1 1082763683567 1
1 1082763683569 1
1 1082763683570 4
1 1082763683571 1
1 1082763683600 4
1 1082763683601 1
1 1082763683604 4
1 1082763683605 1
1 1082763683608 4
1 1082763683609 1
1 1082763683612 4
1 1082763683613 1
1 1082763683616 4
1 1082763683617 1
1 1082763683646 1
1 1082763683647 1
1 1082763683650 1
1 1082763683651 1
1 1082763683654 1
1 1082763683655 1
1 1082763683658 1
1 1082763683659 1
1 1082763683662 1
1 1082763683663 1
1 1082763683666 1
1 1082763683667 1
1 1082763683709 1
1 1082763683710 4
1 1082763683711 1
1 1082763683713 1
1 1082763683714 4
1 1082763683715 1
1 1082763683717 1
1 1082763683718 4
1 1082763683719 1
1 1082763683721 1
1 1082763683722 4
1 1082763683723 1
1 1082763683725 1
1 1082763683726 4
1 1082763683727 1
1 1082763683729 1
1 1082763683730 4
1 1082763683731 1
1 1082763683772 1
1 1082763683773 4
1 1082763683774 1
1 1082763683776 1
1 1082763683777 4
1 1082763683778 1
1 1082763683780 1
1 1082763683781 4
1 1082763683782 1
1 1082763683784 1
1 1082763683785 4
1 1082763683786 1
1 1082763683788 1
1 1082763683789 4
1 1082763683790 1
1 1082763683792 1
1 1082763683793 4
1 1082763683794 1
1 1082763683836 4
1 1082763683837 1
1 1082763683840 4
1 1082763683841 1
1 1082763683844 4
1 1082763683845 1
1 1082763683848 4
1 1082763683849 1
1 1082763683852 4
1 1082763683853 1
1 1082763683856 4
1 1082763683857 1
1 1082763683886 1
1 1082763683887 1
1 1082763683890 1
1 1082763683891 1
1 1082763683894 1
1 1082763683895 1
1 1082763683898 1
1 1082763683899 1
1 1082763683902 1
1 1082763683903 1
1 1082763683906 1
1 1082763683907 1
1 1082763683949 1
1 1082763683950 4
1 1082763683951 1
1 1082763683953 1
1 1082763683954 4
1 1082763683955 1
1 1082763683957 1
1 1082763683958 4
1 1082763683959 1
1 1082763683961 1
1 1082763683962 4
1 1082763683963 1
1 1082763683965 1
1 1082763683966 4
1 1082763683967 1
1 1082763683969 1
1 1082763683970 4
1 1082763683971 1
1 1082763684000 4
1 1082763684001 1
1 1082763684004 4
1 1082763684005 1
1 1082763684008 4
1 1082763684009 1
1 1082763684012 4
1 1082763684013 1
1 1082763684016 4
1 1082763684017 1
1 1082763684046 1
1 1082763684047 1
1 1082763684050 1
1 1082763684051 1
1 1082763684054 1
1 1082763684055 1
1 1082763684058 1
1 1082763684059 1
1 1082763684062 1
1 1082763684063 1
1 1082763684066 1
1 1082763684067 1
1 1082763684109 1
1 1082763684110 4
1 1082763684111 1
1 1082763684113 1
1 1082763684114 4
1 1082763684115 1
1 1082763684117 1
1 1082763684118 4
1 1082763684119 1
1 1082763684121 1
1 1082763684122 4
1 1082763684123 1
1 1082763684125 1
1 1082763684126 4
1 1082763684127 1
1 1082763684129 1
1 1082763684130 4
1 1082763684131 1
1 1082763684172 1
1 1082763684173 4
1 1082763684174 1
1 1082763684176 1
1 1082763684177 4
1 1082763684178 1
1 1082763684180 1
1 1082763684181 4
1 1082763684182 1
1 1082763684184 1
1 1082763684185 4
1 1082763684186 1
1 1082763684188 1
1 1082763684189 4
1 1082763684190 1
1 1082763684192 1
1 1082763684193 4
1 1082763684194 1
1 1082763684236 4
1 1082763684237 1
1 1082763684240 4
1 1082763684241 1
1 1082763684244 4
1 1082763684245 1
1 1082763684248 4
1 1082763684249 1
1 1082763684252 4
1 1082763684253 1
1 1082763684256 4
1 1082763684257 1
1 1082763684286 1
1 1082763684287 1
1 1082763684290 1
1 1082763684291 1
1 1082763684294 1
1 1082763684295 1
1 1082763684298 1
1 1082763684299 1
1 1082763684302 1
1 1082763684303 1
1 1082763684306 1
1 1082763684307 1
1 1082763684349 1
1 1082763684350 4
1 1082763684351 1
1 1082763684353 1
1 1082763684354 4
1 1082763684355 1
1 1082763684357 1
1 1082763684358 4
1 1082763684359 1
1 1082763684361 1
1 1082763684362 4
1 1082763684363 1
1 1082763684365 1
1 1082763684366 4
1 1082763684367 1
1 1082763684369 1
1 1082763684370 4
1 1082763684371 1
1 1082763684400 4
1 1082763684401 1
1 1082763684404 4
1 1082763684405 1
1 1082763684408 4
1 1082763684409 1
1 1082763684412 4
1 1082763684413 1
1 1082763684416 4
1 1082763684417 1
1 1082763684446 1
1 1082763684447 1
1 1082763684450 1
1 1082763684451 1
1 1082763684454 1
1 1082763684455 1
1 1082763684458 1
1 1082763684459 1
1 1082763684462 1
1 1082763684463 1
1 1082763684466 1
1 1082763684467 1
1 1082763684509 1
1 1082763684510 4
1 1082763684511 1
1 1082763684513 1
1 1082763684514 4
1 1082763684515 1
1 1082763684517 1
1 1082763684518 4
1 1082763684519 1
1 1082763684521 1
1 1082763684522 4
1 1082763684523 1
1 1082763684525 1
1 1082763684526 4
1 1082763684527 1
1 1082763684529 1
1 1082763684530 4
1 1082763684531 1
1 1082763684572 1
1 1082763684573 4
1 1082763684574 1
1 1082763684576 1
1 1082763684577 4
1 1082763684578 1
1 1082763684580 1
1 1082763684581 4
1 1082763684582 1
1 1082763684584 1
1 1082763684585 4
1 1082763684586 1
1 1082763684588 1
1 1082763684589 4
1 1082763684590 1
1 1082763684592 1
1 1082763684593 4
1 1082763684594 1
1 1082763684636 4
1 1082763684637 1
1 1082763684640 4
1 1082763684641 1
1 1082763684644 4
1 1082763684645 1
1 1082763684648 4
1 1082763684649 1
1 1082763684652 4
1 1082763684653 1
1 1082763684656 4
1 1082763684657 1
1 1082763684686 1
1 1082763684687 1
1 1082763684690 1
1 1082763684691 1
1 1082763684694 1
1 1082763684695 1
1 1082763684698 1
1 1082763684699 1
1 1082763684702 1
1 1082763684703 1
1 1082763684706 1
1 1082763684707 1
1 1082763684749 1
1 1082763684750 4
1 1082763684751 1
1 1082763684753 1
1 1082763684754 4
1 1082763684755 1
1 1082763684757 1
1 1082763684758 4
1 1082763684759 1
1 1082763684761 1
1 1082763684762 4
1 1082763684763 1
1 1082763684765 1
1 1082763684766 4
1 1082763684767 1
1 1082763684769 1
1 1082763684770 4
1 1082763684771 1
1 1082763684800 4
1 1082763684801 1
1 1082763684804 4
1 1082763684805 1
1 1082763684808 4
1 1082763684809 1
1 1082763684812 4
1 1082763684813 1
1 1082763684816 4
1 1082763684817 1
1 1082763684846 1
1 1082763684847 1
1 1082763684850 1
1 1082763684851 1
1 1082763684854 1
1 1082763684855 1
1 1082763684858 1
1 1082763684859 1
1 1082763684862 1
1 1082763684863 1
1 1082763684866 1
1 1082763684867 1
1 1082763684909 1
1 1082763684910 4
1 1082763684911 1
1 1082763684913 1
1 1082763684914 4
1 1082763684915 1
1 1082763684917 1
1 1082763684918 4
1 1082763684919 1
1 1082763684921 1
1 1082763684922 4
1 1082763684923 1
1 1082763684925 1
1 1082763684926 4
1 1082763684927 1
1 1082763684929 1
1 1082763684930 4
1 1082763684931 1
1 1082763684972 1
1 1082763684973 4
1 1082763684974 1
1 1082763684976 1
1 1082763684977 4
1 1082763684978 1
1 1082763684980 1
1 1082763684981 4
1 1082763684982 1
1 1082763684984 1
1 1082763684985 4
1 1082763684986 1
1 1082763684988 1
1 1082763684989 4
1 1082763684990 1
1 1082763684992 1
1 1082763684993 4
1 1082763684994 1
1 1082763685036 4
1 1082763685037 1
1 1082763685040 4
1 1082763685041 1
1 1082763685044 4
1 1082763685045 1
1 1082763685048 4
1 1082763685049 1
1 1082763685052 4
1 1082763685053 1
1 1082763685056 4
1 1082763685057 1
1 1082763685086 1
1 1082763685087 1
1 1082763685090 1
1 1082763685091 1
1 1082763685094 1
1 1082763685095 1
1 1082763685098 1
1 1082763685099 1
1 1082763685102 1
1 1082763685103 1
1 1082763685106 1
1 1082763685107 1
1 1082763685149 1
1 1082763685150 4
1 1082763685151 1
1 1082763685153 1
1 1082763685154 4
1 1082763685155 1
1 1082763685157 1
1 1082763685158 4
1 1082763685159 1
1 1082763685161 1
1 1082763685162 4
1 1082763685163 1
1 1082763685165 1
1 1082763685166 4
1 1082763685167 1
1 1082763685169 1
1 1082763685170 4
1 1082763685171 1
1 1082763685200 4
1 1082763685201 1
1 1082763685204 4
1 1082763685205 1
1 1082763685208 4
1 1082763685209 1
1 1082763685212 4
1 1082763685213 1
1 1082763685216 4
1 1082763685217 1
1 1082763685246 1
1 1082763685247 1
1 1082763685250 1
1 1082763685251 1
1 1082763685254 1
1 1082763685255 1
1 1082763685258 1
1 1082763685259 1
1 1082763685262 1
1 1082763685263 1
1 1082763685266 1
1 1082763685267 1
1 1082763685309 1
1 1082763685310 4
1 1082763685311 1
1 1082763685313 1
1 1082763685314 4
1 1082763685315 1
1 1082763685317 1
1 1082763685318 4
1 1082763685319 1
1 1082763685321 1
1 1082763685322 4
1 1082763685323 1
1 1082763685325 1
1 1082763685326 4
1 1082763685327 1
1 1082763685329 1
1 1082763685330 4
1 1082763685331 1
1 1082763685372 1
1 1082763685373 4
1 1082763685374 1
1 1082763685376 1
1 1082763685377 4
1 1082763685378 1
1 1082763685380 1
1 1082763685381 4
1 1082763685382 1
1 1082763685384 1
1 1082763685385 4
1 1082763685386 1
1 1082763685388 1
1 1082763685389 4
1 1082763685390 1
1 1082763685392 1
1 1082763685393 4
1 1082763685394 1
1 1082763685436 4
1 1082763685437 1
1 1082763685440 4
1 1082763685441 1
1 1082763685444 4
1 1082763685445 1
1 1082763685448 4
1 1082763685449 1
1 1082763685452 4
1 1082763685453 1
1 1082763685456 4
1 1082763685457 1
1 1082763685486 1
1 1082763685487 1
1 1082763685490 1
1 1082763685491 1
1 1082763685494 1
1 1082763685495 1
1 1082763685498 1
1 1082763685499 1
1 1082763685502 1
1 1082763685503 1
1 1082763685506 1
1 1082763685507 1
1 1082763685549 1
1 1082763685550 4
1 1082763685551 1
1 1082763685553 1
1 1082763685554 4
1 1082763685555 1
1 1082763685557 1
1 1082763685558 4
1 1082763685559 1
1 1082763685561 1
1 1082763685562 4
1 1082763685563 1
1 1082763685565 1
1 1082763685566 4
1 1082763685567 1
1 1082763685569 1
1 1082763685570 4
1 1082763685571 1
1 1082763685600 4
1 1082763685601 1
1 1082763685604 4
1 1082763685605 1
1 1082763685608 4
1 1082763685609 1
1 1082763685612 4
1 1082763685613 1
1 1082763685616 4
1 1082763685617 1
1 1082763685646 1
1 1082763685647 1
1 1082763685650 1
1 1082763685651 1
1 1082763685654 1
1 1082763685655 1
1 1082763685658 1
1 1082763685659 1
1 1082763685662 1
1 1082763685663 1
1 1082763685666 1
1 1082763685667 1
1 1082763685709 1
1 1082763685710 4
1 1082763685711 1
1 1082763685713 1
1 1082763685714 4
1 1082763685715 1
1 1082763685717 1
1 1082763685718 4
1 1082763685719 1
1 1082763685721 1
1 1082763685722 4
1 1082763685723 1
1 1082763685725 1
1 1082763685726 4
1 1082763685727 1
1 1082763685729 1
1 1082763685730 4
1 1082763685731 1
1 1082763685772 1
1 1082763685773 4
1 1082763685774 1
1 1082763685776 1
1 1082763685777 4
1 1082763685778 1
1 1082763685780 1
1 1082763685781 4
1 1082763685782 1
1 1082763685784 1
1 1082763685785 4
1 1082763685786 1
1 1082763685788 1
1 1082763685789 4
1 1082763685790 1
1 1082763685792 1
1 1082763685793 4
1 1082763685794 1
1 1082763685836 4
1 1082763685837 1
1 1082763685840 4
1 1082763685841 1
1 1082763685844 4
1 1082763685845 1
1 1082763685848 4
1 1082763685849 1
1 1082763685852 4
1 1082763685853 1
1 1082763685856 4
1 1082763685857 1
1 1082763685886 1
1 1082763685887 1
1 1082763685890 1
1 1082763685891 1
1 1082763685894 1
1 1082763685895 1
1 1082763685898 1
1 1082763685899 1
1 1082763685902 1
1 1082763685903 1
1 1082763685906 1
1 1082763685907 1
1 1082763685949 1
1 1082763685950 4
1 1082763685951 1
1 1082763685953 1
1 1082763685954 4
1 1082763685955 1
1 1082763685957 1
1 1082763685958 4
1 1082763685959 1
1 1082763685961 1
1 1082763685962 4
1 1082763685963 1
1 1082763685965 1
1 1082763685966 4
1 1082763685967 1
1 1082763685969 1
1 1082763685970 4
1 1082763685971 1
1 1082763686000 4
1 1082763686001 1
1 1082763686004 4
1 1082763686005 1
1 1082763686008 4
1 1082763686009 1
1 1082763686012 4
1 1082763686013 1
1 1082763686016 4
1 1082763686017 1
1 1082763686046 1
1 1082763686047 1
1 1082763686050 1
1 1082763686051 1
1 1082763686054 1
1 1082763686055 1
1 1082763686058 1
1 1082763686059 1
1 1082763686062 1
1 1082763686063 1
1 1082763686066 1
1 1082763686067 1
1 1082763686109 1
1 1082763686110 4
1 1082763686111 1
1 1082763686113 1
1 1082763686114 4
1 1082763686115 1
1 1082763686117 1
1 1082763686118 4
1 1082763686119 1
1 1082763686121 1
1 1082763686122 4
1 1082763686123 1
1 1082763686125 1
1 1082763686126 4
1 1082763686127 1
1 1082763686129 1
1 1082763686130 4
1 1082763686131 1
1 1082763686172 1
1 1082763686173 4
1 1082763686174 1
1 1082763686176 1
1 1082763686177 4
1 1082763686178 1
1 1082763686180 1
1 1082763686181 4
1 1082763686182 1
1 1082763686184 1
1 1082763686185 4
1 1082763686186 1
1 1082763686188 1
1 1082763686189 4
1 1082763686190 1
1 1082763686192 1
1 1082763686193 4
1 1082763686194 1
1 1082763686236 4
1 1082763686237 1
1 1082763686240 4
1 1082763686241 1
1 1082763686244 4
1 1082763686245 1
1 1082763686248 4
1 1082763686249 1
1 1082763686252 4
1 1082763686253 1
1 1082763686256 4
1 1082763686257 1
1 1082763686286 1
1 1082763686287 1
1 1082763686290 1
1 1082763686291 1
1 1082763686294 1
1 1082763686295 1
1 1082763686298 1
1 1082763686299 1
1 1082763686302 1
1 1082763686303 1
1 1082763686306 1
1 1082763686307 1
1 1082763686349 1
1 1082763686350 4
1 1082763686351 1
1 1082763686353 1
1 1082763686354 4
1 1082763686355 1
1 1082763686357 1
1 1082763686358 4
1 1082763686359 1
1 1082763686361 1
1 1082763686362 4
1 1082763686363 1
1 1082763686365 1
1 1082763686366 4
1 1082763686367 1
1 1082763686369 1
1 1082763686370 4
1 1082763686371 1
1 1082763686400 4
1 1082763686401 1
1 1082763686404 4
1 1082763686405 1
1 1082763686408 4
1 1082763686409 1
1 1082763686412 4
1 1082763686413 1
1 1082763686416 4
1 1082763686417 1
1 1082763686446 1
1 1082763686447 1
1 1082763686450 1
1 1082763686451 1
1 1082763686454 1
1 1082763686455 1
1 1082763686458 1
1 1082763686459 1
1 1082763686462 1
1 1082763686463 1
1 1082763686466 1
1 1082763686467 1
1 1082763686509 1
1 1082763686510 4
1 1082763686511 1
1 1082763686513 1
1 1082763686514 42
1 1082763686515 1
1 1082763686517 1
1 1082763686518 4
1 1082763686519 1
1 1082763686521 1
1 1082763686522 4
1 1082763686523 1
1 1082763686525 1
1 1082763686526 4
1 1082763686527 1
1 1082763686529 1
1 1082763686530 4
1 1082763686531 1
1 1082763686572 1
1 1082763686573 4
1 1082763686574 1
1 1082763686576 1
1 1082763686577 4
1 1082763686578 1
1 1082763686580 1
1 1082763686581 4
1 1082763686582 1
1 1082763686584 1
1 1082763686585 4
1 1082763686586 1
1 1082763686588 1
1 1082763686589 4
1 1082763686590 1
1 1082763686592 1
1 1082763686593 4
1 1082763686594 1
1 1082763686636 4
1 1082763686637 1
1 1082763686640 4
1 1082763686641 1
1 1082763686644 4
1 1082763686645 1
1 1082763686648 4
1 1082763686649 1
1 1082763686652 4
1 1082763686653 1
1 1082763686656 4
1 1082763686657 1
1 1082763686686 1
1 1082763686687 1
1 1082763686690 1
1 1082763686691 1
1 1082763686694 1
1 1082763686695 1
1 1082763686698 1
1 1082763686699 1
1 1082763686702 1
1 1082763686703 1
1 1082763686706 1
1 1082763686707 1
1 1082763686749 1
1 1082763686750 4
1 1082763686751 1
1 1082763686753 1
1 1082763686754 4
1 1082763686755 1
1 1082763686757 1
1 1082763686758 4
1 1082763686759 1
1 1082763686761 1
1 1082763686762 4
1 1082763686763 1
1 1082763686765 1
1 1082763686766 4
1 1082763686767 1
1 1082763686769 1
1 1082763686770 4
1 1082763686771 1
1 1082763686800 4
1 1082763686801 1
1 1082763686804 4
1 1082763686805 1
1 1082763686808 4
1 1082763686809 1
1 1082763686812 4
1 1082763686813 1
1 1082763686816 4
1 1082763686817 1
1 1082763686846 1
1 1082763686847 1
1 1082763686850 1
1 1082763686851 1
1 1082763686854 1
1 1082763686855 1
1 1082763686858 1
1 1082763686859 1
1 1082763686862 1
1 1082763686863 1
1 1082763686866 1
1 1082763686867 1
1 1082763686909 1
1 1082763686910 4
1 1082763686911 1
1 1082763686913 1
1 1082763686914 4
1 1082763686915 1
1 1082763686917 1
1 1082763686918 4
1 1082763686919 1
1 1082763686921 1
1 1082763686922 4
1 1082763686923 1
1 1082763686925 1
1 1082763686926 4
1 1082763686927 1
1 1082763686929 1
1 1082763686930 4
1 1082763686931 1
1 1082763686972 1
1 1082763686973 4
1 1082763686974 1
1 1082763686976 1
1 1082763686977 4
1 1082763686978 1
1 1082763686980 1
1 1082763686981 4
1 1082763686982 1
1 1082763686984 1
1 1082763686985 4
1 1082763686986 1
1 1082763686988 1
1 1082763686989 4
1 1082763686990 1
1 1082763686992 1
1 1082763686993 4
1 1082763686994 1
1 1082763687036 4
1 1082763687037 1
1 1082763687040 4
1 1082763687041 1
1 1082763687044 4
1 1082763687045 1
1 1082763687048 4
1 1082763687049 1
1 1082763687052 4
1 1082763687053 1
1 1082763687056 4
1 1082763687057 1
1 1082763687086 1
1 1082763687087 1
1 1082763687090 1
1 1082763687091 1
1 1082763687094 1
1 1082763687095 1
1 1082763687098 1
1 1082763687099 1
1 1082763687102 1
1 1082763687103 1
1 1082763687106 1
1 1082763687107 1
1 1082763687149 1
1 1082763687150 4
1 1082763687151 1
1 1082763687153 1
1 1082763687154 4
1 1082763687155 1
1 1082763687157 1
1 1082763687158 4
1 1082763687159 1
1 1082763687161 1
1 1082763687162 4
1 1082763687163 1
1 1082763687165 1
1 1082763687166 4
1 1082763687167 1
1 1082763687169 1
1 1082763687170 4
1 1082763687171 1
1 1082763687200 4
1 1082763687201 1
1 1082763687204 4
1 1082763687205 1
1 1082763687208 4
1 1082763687209 1
1 1082763687212 4
1 1082763687213 1
1 1082763687216 4
1 1082763687217 1
1 1082763687246 1
1 1082763687247 1
1 1082763687250 1
1 1082763687251 1
1 1082763687254 1
1 1082763687255 1
1 1082763687258 1
1 1082763687259 1
1 1082763687262 1
1 1082763687263 1
1 1082763687266 1
1 1082763687267 1
1 1082763687309 1
1 1082763687310 4
1 1082763687311 1
1 1082763687313 1
1 1082763687314 4
1 1082763687315 1
1 1082763687317 1
1 1082763687318 4
1 1082763687319 1
1 1082763687321 1
1 1082763687322 4
1 1082763687323 1
1 1082763687325 1
1 1082763687326 4
1 1082763687327 1
1 1082763687329 1
1 1082763687330 4
1 1082763687331 1
1 1082763687372 1
1 1082763687373 4
1 1082763687374 1
1 1082763687376 1
1 1082763687377 4
1 1082763687378 1
1 1082763687380 1
1 1082763687381 4
1 1082763687382 1
1 1082763687384 1
1 1082763687385 4
1 1082763687386 1
1 1082763687388 1
1 1082763687389 4
1 1082763687390 1
1 1082763687392 1
1 1082763687393 4
1 1082763687394 1
1 1082763687436 4
1 1082763687437 1
1 1082763687440 4
1 1082763687441 1
1 1082763687444 4
1 1082763687445 1
1 1082763687448 4
1 1082763687449 1
1 1082763687452 4
1 1082763687453 1
1 1082763687456 4
1 1082763687457 1
1 1082763687486 1
1 1082763687487 1
1 1082763687490 1
1 1082763687491 1
1 1082763687494 1
1 1082763687495 1
1 1082763687498 1
1 1082763687499 1
1 1082763687502 1
1 1082763687503 1
1 1082763687506 1
1 1082763687507 1
1 1082763687549 1
1 1082763687550 4
1 1082763687551 1
1 1082763687553 1
1 1082763687554 4
1 1082763687555 1
1 1082763687557 1
1 1082763687558 4
1 1082763687559 1
1 1082763687561 1
1 1082763687562 4
1 1082763687563 1
1 1082763687565 1
1 1082763687566 4
1 1082763687567 1
1 1082763687569 1
1 1082763687570 4
1 1082763687571 1
1 1082763687600 4
1 1082763687601 1
1 1082763687604 4
1 1082763687605 1
1 1082763687608 4
1 1082763687609 1
1 1082763687612 4
1 1082763687613 1
1 1082763687616 4
1 1082763687617 1
1 1082763687646 1
1 1082763687647 1
1 1082763687650 1
1 1082763687651 1
1 1082763687654 1
1 1082763687655 1
1 1082763687658 1
1 1082763687659 1
1 1082763687662 1
1 1082763687663 1
1 1082763687666 1
1 1082763687667 1
1 1082763687709 1
1 1082763687710 4
1 1082763687711 1
1 1082763687713 1
1 1082763687714 4
1 1082763687715 1
1 1082763687717 1
1 1082763687718 4
1 1082763687719 1
1 1082763687721 1
1 1082763687722 4
1 1082763687723 1
1 1082763687725 1
1 1082763687726 4
1 1082763687727 1
1 1082763687729 1
1 1082763687730 4
1 1082763687731 1
1 1082763687772 1
1 1082763687773 4
1 1082763687774 1
1 1082763687776 1
1 1082763687777 4
1 1082763687778 1
1 1082763687780 1
1 1082763687781 4
1 1082763687782 1
1 1082763687784 1
1 1082763687785 4
1 1082763687786 1
1 1082763687788 1
1 1082763687789 4
1 1082763687790 1
1 1082763687792 1
1 1082763687793 4
1 1082763687794 1
1 1082763687836 4
1 1082763687837 1
1 1082763687840 4
1 1082763687841 1
1 1082763687844 4
1 1082763687845 1
1 1082763687848 4
1 1082763687849 1
1 1082763687852 4
1 1082763687853 1
1 1082763687856 4
1 1082763687857 1
1 1082763687886 1
1 1082763687887 1
1 1082763687890 1
1 1082763687891 1
1 1082763687894 1
1 1082763687895 1
1 1082763687898 1
1 1082763687899 1
1 1082763687902 1
1 1082763687903 1
1 1082763687906 1
1 1082763687907 1
1 1082763687949 1
1 1082763687950 4
1 1082763687951 1
1 1082763687953 1
1 1082763687954 4
1 1082763687955 1
1 1082763687957 1
1 1082763687958 4
1 1082763687959 1
1 1082763687961 1
1 1082763687962 4
1 1082763687963 1
1 1082763687965 1
1 1082763687966 4
1 1082763687967 1
1 1082763687969 1
1 1082763687970 4
1 1082763687971 1
1 1082763688000 4
1 1082763688001 1
1 1082763688004 4
1 1082763688005 1
1 1082763688008 4
1 1082763688009 1
1 1082763688012 4
1 1082763688013 1
1 1082763688016 4
1 1082763688017 1
1 1082763688046 1
1 1082763688047 1
1 1082763688050 1
1 1082763688051 1
1 1082763688054 1
1 1082763688055 1
1 1082763688058 1
1 1082763688059 1
1 1082763688062 1
1 1082763688063 1
1 1082763688066 1
1 1082763688067 1
1 1082763688109 1
1 1082763688110 4
1 1082763688111 1
1 1082763688113 1
1 1082763688114 4
1 1082763688115 1
1 1082763688117 1
1 1082763688118 4
1 1082763688119 1
1 1082763688121 1
1 1082763688122 4
1 1082763688123 1
1 1082763688125 1
1 1082763688126 4
1 1082763688127 1
1 1082763688129 1
1 1082763688130 4
1 1082763688131 1
1 1082763688172 1
1 1082763688173 4
1 1082763688174 1
1 1082763688176 1
1 1082763688177 4
1 1082763688178 1
1 1082763688180 1
1 1082763688181 4
1 1082763688182 1
1 1082763688184 1
1 1082763688185 4
1 1082763688186 1
1 1082763688188 1
1 1082763688189 4
1 1082763688190 1
1 1082763688192 1
1 1082763688193 4
1 1082763688194 1
1 1082763688236 4
1 1082763688237 1
1 1082763688240 4
1 1082763688241 1
1 1082763688244 4
1 1082763688245 1
1 1082763688248 4
1 1082763688249 1
1 1082763688252 4
1 1082763688253 1
1 1082763688256 4
1 1082763688257 1
1 1082763688286 1
1 1082763688287 1
1 1082763688290 1
1 1082763688291 1
1 1082763688294 1
1 1082763688295 1
1 1082763688298 1
1 1082763688299 1
1 1082763688302 1
1 1082763688303 1
1 1082763688306 1
1 1082763688307 1
1 1082763688349 1
1 1082763688350 4
1 1082763688351 1
1 1082763688353 1
1 1082763688354 4
1 1082763688355 1
1 1082763688357 1
1 1082763688358 4
1 1082763688359 1
1 1082763688361 1
1 1082763688362 4
1 1082763688363 1
1 1082763688365 1
1 1082763688366 4
1 1082763688367 1
1 1082763688369 1
1 1082763688370 4
1 1082763688371 1
1 1082763688400 4
1 1082763688401 1
1 1082763688404 4
1 1082763688405 1
1 1082763688408 4
1 1082763688409 1
1 1082763688412 4
1 1082763688413 1
1 1082763688416 4
1 1082763688417 1
1 1082763688446 1
1 1082763688447 1
1 1082763688450 1
1 1082763688451 1
1 1082763688454 1
1 1082763688455 1
1 1082763688458 1
1 1082763688459 1
1 1082763688462 1
1 1082763688463 1
1 1082763688466 1
1 1082763688467 1
1 1082763688509 1
1 1082763688510 4
1 1082763688511 1
1 1082763688513 1
1 1082763688514 4
1 1082763688515 1
1 1082763688517 1
1 1082763688518 4
1 1082763688519 1
1 1082763688521 1
1 1082763688522 4
1 1082763688523 1
1 1082763688525 1
1 1082763688526 4
1 1082763688527 1
1 1082763688529 1
1 1082763688530 4
1 1082763688531 1
1 1082763688572 1
1 1082763688573 4
1 1082763688574 1
1 1082763688576 1
1 1082763688577 4
1 1082763688578 1
1 1082763688580 1
1 1082763688581 4
1 1082763688582 1
1 1082763688584 1
1 1082763688585 4
1 1082763688586 1
1 1082763688588 1
1 1082763688589 4
1 1082763688590 1
1 1082763688592 1
1 1082763688593 4
1 1082763688594 1
1 1082763688636 4
1 1082763688637 1
1 1082763688640 4
1 1082763688641 1
1 1082763688644 4
1 1082763688645 1
1 1082763688648 4
1 1082763688649 1
1 1082763688652 4
1 1082763688653 1
1 1082763688656 4
1 1082763688657 1
1 1082763688686 1
1 1082763688687 1
1 1082763688690 1
1 1082763688691 1
1 1082763688694 1
1 1082763688695 1
1 1082763688698 1
1 1082763688699 1
1 1082763688702 1
1 1082763688703 1
1 1082763688706 1
1 1082763688707 1
1 1082763688749 1
1 1082763688750 4
1 1082763688751 1
1 1082763688753 1
1 1082763688754 4
1 1082763688755 1
1 1082763688757 1
1 1082763688758 4
1 1082763688759 1
1 1082763688761 1
1 1082763688762 4
1 1082763688763 1
1 1082763688765 1
1 1082763688766 4
1 1082763688767 1
1 1082763688769 1
1 1082763688770 4
1 1082763688771 1
1 1082763688800 4
1 1082763688801 1
1 1082763688804 4
1 1082763688805 1
1 1082763688808 4
1 1082763688809 1
1 1082763688812 4
1 1082763688813 1
1 1082763688816 4
1 1082763688817 1
1 1082763688846 1
1 1082763688847 1
1 1082763688850 1
1 1082763688851 1
1 1082763688854 1
1 1082763688855 1
1 1082763688858 1
1 1082763688859 1
1 1082763688862 1
1 1082763688863 1
1 1082763688866 1
1 1082763688867 1
1 1082763688909 1
1 1082763688910 4
1 1082763688911 1
1 1082763688913 1
1 1082763688914 4
1 1082763688915 1
1 1082763688917 1
1 1082763688918 4
1 1082763688919 1
1 1082763688921 1
1 1082763688922 4
1 1082763688923 1
1 1082763688925 1
1 1082763688926 4
1 1082763688927 1
1 1082763688929 1
1 1082763688930 4
1 1082763688931 1
1 1082763688972 1
1 1082763688973 4
1 1082763688974 1
1 1082763688976 1
1 1082763688977 4
1 1082763688978 1
1 1082763688980 1
1 1082763688981 4
1 1082763688982 1
1 1082763688984 1
1 1082763688985 4
1 1082763688986 1
1 1082763688988 1
1 1082763688989 4
1 1082763688990 1
1 1082763688992 1
1 1082763688993 4
1 1082763688994 1
1 1082763689036 4
1 1082763689037 1
1 1082763689040 4
1 1082763689041 1
1 1082763689044 4
1 1082763689045 1
1 1082763689048 4
1 1082763689049 1
1 1082763689052 4
1 1082763689053 1
1 1082763689056 4
1 1082763689057 1
1 1082763689086 1
1 1082763689087 1
1 1082763689090 1
1 1082763689091 1
1 1082763689094 1
1 1082763689095 1
1 1082763689098 1
1 1082763689099 1
1 1082763689102 1
1 1082763689103 1
1 1082763689106 1
1 1082763689107 1
1 1082763689149 1
1 1082763689150 4
1 1082763689151 1
1 1082763689153 1
1 1082763689154 4
1 1082763689155 1
1 1082763689157 1
1 1082763689158 4
1 1082763689159 1
1 1082763689161 1
1 1082763689162 4
1 1082763689163 1
1 1082763689165 1
1 1082763689166 4
1 1082763689167 1
1 1082763689169 1
1 1082763689170 4
1 1082763689171 1
1 1082763689200 4
1 1082763689201 1
1 1082763689204 4
1 1082763689205 1
1 1082763689208 4
1 1082763689209 1
1 1082763689212 4
1 1082763689213 1
1 1082763689216 4
1 1082763689217 1
1 1082763689246 1
1 1082763689247 1
1 1082763689250 1
1 1082763689251 1
1 1082763689254 1
1 1082763689255 1
1 1082763689258 1
1 1082763689259 1
1 1082763689262 1
1 1082763689263 1
1 1082763689266 1
1 1082763689267 1
1 1082763689309 1
1 1082763689310 4
1 1082763689311 1
1 1082763689313 1
1 1082763689314 4
1 1082763689315 1
1 1082763689317 1
1 1082763689318 4
1 1082763689319 1
1 1082763689321 1
1 1082763689322 4
1 1082763689323 1
1 1082763689325 1
1 1082763689326 4
1 1082763689327 1
1 1082763689329 1
1 1082763689330 4
1 1082763689331 1
1 1082763689372 1
1 1082763689373 4
1 1082763689374 1
1 1082763689376 1
1 1082763689377 4
1 1082763689378 1
1 1082763689380 1
1 1082763689381 4
1 1082763689382 1
1 1082763689384 1
1 1082763689385 4
1 1082763689386 1
1 1082763689388 1
1 1082763689389 4
1 1082763689390 1
1 1082763689392 1
1 1082763689393 4
1 1082763689394 1
1 1082763689436 4
1 1082763689437 1
1 1082763689440 4
1 1082763689441 1
1 1082763689444 4
1 1082763689445 1
1 1082763689448 4
1 1082763689449 1
1 1082763689452 4
1 1082763689453 1
1 1082763689456 4
1 1082763689457 1
1 1082763689486 1
1 1082763689487 1
1 1082763689490 1
1 1082763689491 1
1 1082763689494 1
1 1082763689495 1
1 1082763689498 1
1 1082763689499 1
1 1082763689502 1
1 1082763689503 1
1 1082763689506 1
1 1082763689507 1
1 1082763689549 1
1 1082763689550 4
1 1082763689551 1
1 1082763689553 1
1 1082763689554 4
1 1082763689555 1
1 1082763689557 1
1 1082763689558 4
1 1082763689559 1
1 1082763689561 1
1 1082763689562 4
1 1082763689563 1
1 1082763689565 1
1 1082763689566 4
1 1082763689567 1
1 1082763689569 1
1 1082763689570 4
1 1082763689571 1
1 1082763689600 4
1 1082763689601 1
1 1082763689604 4
1 1082763689605 1
1 1082763689608 4
1 1082763689609 1
1 1082763689612 4
1 1082763689613 1
1 1082763689616 4
1 1082763689617 1
1 1082763689646 1
1 1082763689647 1
1 1082763689650 1
1 1082763689651 1
1 1082763689654 1
1 1082763689655 1
1 1082763689658 1
1 1082763689659 1
1 1082763689662 1
1 1082763689663 1
1 1082763689666 1
1 1082763689667 1
1 1082763689709 1
1 1082763689710 4
1 1082763689711 1
1 1082763689713 1
1 1082763689714 4
1 1082763689715 1
1 1082763689717 1
1 1082763689718 4
1 1082763689719 1
1 1082763689721 1
1 1082763689722 4
1 1082763689723 1
1 1082763689725 1
1 1082763689726 4
1 1082763689727 1
1 1082763689729 1
1 1082763689730 4
1 1082763689731 1
1 1082763689772 1
1 1082763689773 4
1 1082763689774 1
1 1082763689776 1
1 1082763689777 4
1 1082763689778 1
1 1082763689780 1
1 1082763689781 4
1 1082763689782 1
1 1082763689784 1
1 1082763689785 4
1 1082763689786 1
1 1082763689788 1
1 1082763689789 4
1 1082763689790 1
1 1082763689792 1
1 1082763689793 4
1 1082763689794 1
1 1082763689836 4
1 1082763689837 1
1 1082763689840 4
1 1082763689841 1
1 1082763689844 4
1 1082763689845 1
1 1082763689848 4
1 1082763689849 1
1 1082763689852 4
1 1082763689853 1
1 1082763689856 4
1 1082763689857 1
1 1082763689886 1
1 1082763689887 1
1 1082763689890 1
1 1082763689891 1
1 1082763689894 1
1 1082763689895 1
1 1082763689898 1
1 1082763689899 1
1 1082763689902 1
1 1082763689903 1
1 1082763689906 1
1 1082763689907 1
1 1082763689949 1
1 1082763689950 4
1 1082763689951 1
1 1082763689953 1
1 1082763689954 4
1 1082763689955 1
1 1082763689957 1
1 1082763689958 4
1 1082763689959 1
1 1082763689961 1
1 1082763689962 4
1 1082763689963 1
1 1082763689965 1
1 1082763689966 4
1 1082763689967 1
1 1082763689969 1
1 1082763689970 4
1 1082763689971 1
1 1082763690000 4
1 1082763690001 1
1 1082763690004 4
1 1082763690005 1
1 1082763690008 4
1 1082763690009 1
1 1082763690012 4
1 1082763690013 1
1 1082763690016 4
1 1082763690017 1
1 1082763690046 1
1 1082763690047 1
1 1082763690050 1
1 1082763690051 1
1 1082763690054 1
1 1082763690055 1
1 1082763690058 1
1 1082763690059 1
1 1082763690062 1
1 1082763690063 1
1 1082763690066 1
1 1082763690067 1
1 1082763690109 1
1 1082763690110 4
1 1082763690111 1
1 1082763690113 1
1 1082763690114 4
1 1082763690115 1
1 1082763690117 1
1 1082763690118 4
1 1082763690119 1
1 1082763690121 1
1 1082763690122 4
1 1082763690123 1
1 1082763690125 1
1 1082763690126 4
1 1082763690127 1
1 1082763690129 1
1 1082763690130 4
1 1082763690131 1
1 1082763690172 1
1 1082763690173 4
1 1082763690174 1
1 1082763690176 1
1 1082763690177 4
1 1082763690178 1
1 1082763690180 1
1 1082763690181 4
1 1082763690182 1
1 1082763690184 1
1 1082763690185 4
1 1082763690186 1
1 1082763690188 1
1 1082763690189 4
1 1082763690190 1
1 1082763690192 1
1 1082763690193 4
1 1082763690194 1
1 1082763690236 4
1 1082763690237 1
1 1082763690240 4
1 1082763690241 1
1 1082763690244 4
1 1082763690245 1
1 1082763690248 4
1 1082763690249 1
1 1082763690252 4
1 1082763690253 1
1 1082763690256 4
1 1082763690257 1
1 1082763690286 1
1 1082763690287 1
1 1082763690290 1
1 1082763690291 1
1 1082763690294 1
1 1082763690295 1
1 1082763690298 1
1 1082763690299 1
1 1082763690302 1
1 1082763690303 1
1 1082763690306 1
1 1082763690307 1
1 1082763690349 1
1 1082763690350 4
1 1082763690351 1
1 1082763690353 1
1 1082763690354 4
1 1082763690355 1
1 1082763690357 1
1 1082763690358 4
1 1082763690359 1
1 1082763690361 1
1 1082763690362 4
1 1082763690363 1
1 1082763690365 1
1 1082763690366 4
1 1082763690367 1
1 1082763690369 1
1 1082763690370 4
1 1082763690371 1
1 1082763690400 4
1 1082763690401 1
1 1082763690404 4
1 1082763690405 1
1 1082763690408 4
1 1082763690409 1
1 1082763690412 4
1 1082763690413 1
1 1082763690416 4
1 1082763690417 1
1 1082763690446 1
1 1082763690447 1
1 1082763690450 1
1 1082763690451 1
1 1082763690454 1
1 1082763690455 1
1 1082763690458 1
1 1082763690459 1
1 1082763690462 1
1 1082763690463 1
1 1082763690466 1
1 1082763690467 1
1 1082763690509 1
1 1082763690510 4
1 1082763690511 1
1 1082763690513 1
1 1082763690514 4
1 1082763690515 1
1 1082763690517 1
1 1082763690518 4
1 1082763690519 1
1 1082763690521 1
1 1082763690522 4
1 1082763690523 1
1 1082763690525 1
1 1082763690526 4
1 1082763690527 1
1 1082763690529 1
1 1082763690530 4
1 1082763690531 1
1 1082763690572 1
1 1082763690573 4
1 1082763690574 1
1 1082763690576 1
1 1082763690577 4
1 1082763690578 1
1 1082763690580 1
1 1082763690581 4
1 1082763690582 1
1 1082763690584 1
1 1082763690585 4
1 1082763690586 1
1 1082763690588 1
1 1082763690589 4
1 1082763690590 1
1 1082763690592 1
1 1082763690593 4
1 1082763690594 1
1 1082763690636 4
1 1082763690637 1
1 1082763690640 4
1 1082763690641 1
1 1082763690644 4
1 1082763690645 1
1 1082763690648 4
1 1082763690649 1
1 1082763690652 4
1 1082763690653 1
1 1082763690656 4
1 1082763690657 1
1 1082763690686 1
1 1082763690687 1
1 1082763690690 1
1 1082763690691 1
1 1082763690694 1
1 1082763690695 1
1 1082763690698 1
1 1082763690699 1
1 1082763690702 1
1 1082763690703 1
1 1082763690706 1
1 1082763690707 1
1 1082763690749 1
1 1082763690750 4
1 1082763690751 1
1 1082763690753 1
1 1082763690754 4
1 1082763690755 1
1 1082763690757 1
1 1082763690758 4
1 1082763690759 1
1 1082763690761 1
1 1082763690762 4
1 1082763690763 1
1 1082763690765 1
1 1082763690766 4
1 1082763690767 1
1 1082763690769 1
1 1082763690770 4
1 1082763690771 1
1 1082763690800 4
1 1082763690801 1
1 1082763690804 4
1 1082763690805 1
1 1082763690808 4
1 1082763690809 1
1 1082763690812 4
1 1082763690813 1
1 1082763690816 4
1 1082763690817 1
1 1082763690846 1
1 1082763690847 1
1 1082763690850 1
1 1082763690851 1
1 1082763690854 1
1 1082763690855 1
1 1082763690858 1
1 1082763690859 1
1 1082763690862 1
1 1082763690863 1
1 1082763690866 1
1 1082763690867 1
1 1082763690909 1
1 1082763690910 4
1 1082763690911 1
1 1082763690913 1
1 1082763690914 4
1 1082763690915 1
1 1082763690917 1
1 1082763690918 4
1 1082763690919 1
1 1082763690921 1
1 1082763690922 4
1 1082763690923 1
1 1082763690925 1
1 1082763690926 4
1 1082763690927 1
1 1082763690929 1
1 1082763690930 4
1 1082763690931 1
1 1082763690972 1
1 1082763690973 4
1 1082763690974 1
1 1082763690976 1
1 1082763690977 4
1 1082763690978 1
1 1082763690980 1
1 1082763690981 4
1 1082763690982 1
1 1082763690984 1
1 1082763690985 4
1 1082763690986 1
1 1082763690988 1
1 1082763690989 4
1 1082763690990 1
1 1082763690992 1
1 1082763690993 4
1 1082763690994 1
1 1082763691036 4
1 1082763691037 1
1 1082763691040 4
1 1082763691041 1
1 1082763691044 4
1 1082763691045 1
1 1082763691048 4
1 1082763691049 1
1 1082763691052 4
1 1082763691053 1
1 1082763691056 4
1 1082763691057 1
1 1082763691086 1
1 1082763691087 1
1 1082763691090 1
1 1082763691091 1
1 1082763691094 1
1 1082763691095 1
1 1082763691098 1
1 1082763691099 1
1 1082763691102 1
1 1082763691103 1
1 1082763691106 1
1 1082763691107 1
1 1082763691149 1
1 1082763691150 4
1 1082763691151 1
1 1082763691153 1
1 1082763691154 4
1 1082763691155 1
1 1082763691157 1
1 1082763691158 4
1 1082763691159 1
1 1082763691161 1
1 1082763691162 4
1 1082763691163 1
1 1082763691165 1
1 1082763691166 4
1 1082763691167 1
1 1082763691169 1
1 1082763691170 4
1 1082763691171 1
1 1082763691200 4
1 1082763691201 1
1 1082763691204 4
1 1082763691205 1
1 1082763691208 4
1 1082763691209 1
1 1082763691212 4
1 1082763691213 1
1 1082763691216 4
1 1082763691217 1
1 1082763691246 1
1 1082763691247 1
1 1082763691250 1
1 1082763691251 1
1 1082763691254 1
1 1082763691255 1
1 1082763691258 1
1 1082763691259 1
1 1082763691262 1
1 1082763691263 1
1 1082763691266 1
1 1082763691267 1
1 1082763691309 1
1 1082763691310 4
1 1082763691311 1
1 1082763691313 1
1 1082763691314 4
1 1082763691315 1
1 1082763691317 1
1 1082763691318 4
1 1082763691319 1
1 1082763691321 1
1 1082763691322 4
1 1082763691323 1
1 1082763691325 1
1 1082763691326 4
1 1082763691327 1
1 1082763691329 1
1 1082763691330 4
1 1082763691331 1
1 1082763691372 1
1 1082763691373 4
1 1082763691374 1
1 1082763691376 1
1 1082763691377 4
1 1082763691378 1
1 1082763691380 1
1 1082763691381 4
1 1082763691382 1
1 1082763691384 1
1 1082763691385 4
1 1082763691386 1
1 1082763691388 1
1 1082763691389 4
1 1082763691390 1
1 1082763691392 1
1 1082763691393 4
1 1082763691394 1
1 1082763691436 4
1 1082763691437 1
1 1082763691440 4
1 1082763691441 1
1 1082763691444 4
1 1082763691445 1
1 1082763691448 4
1 1082763691449 1
1 1082763691452 4
1 1082763691453 1
1 1082763691456 4
1 1082763691457 1
1 1082763691486 1
1 1082763691487 1
1 1082763691490 1
1 1082763691491 1
1 1082763691494 1
1 1082763691495 1
1 1082763691498 1
1 1082763691499 1
1 1082763691502 1
1 1082763691503 1
1 1082763691506 1
1 1082763691507 1
1 1082763691549 1
1 1082763691550 4
1 1082763691551 1
1 1082763691553 1
1 1082763691554 4
1 1082763691555 1
1 1082763691557 1
1 1082763691558 4
1 1082763691559 1
1 1082763691561 1
1 1082763691562 4
1 1082763691563 1
1 1082763691565 1
1 1082763691566 4
1 1082763691567 1
1 1082763691569 1
1 1082763691570 4
1 1082763691571 1
1 1082763691600 4
1 1082763691601 1
1 1082763691604 4
1 1082763691605 1
1 1082763691608 4
1 1082763691609 1
1 1082763691612 4
1 1082763691613 1
1 1082763691616 4
1 1082763691617 1
1 1082763691646 1
1 1082763691647 1
1 1082763691650 1
1 1082763691651 1
1 1082763691654 1
1 1082763691655 1
1 1082763691658 1
1 1082763691659 1
1 1082763691662 1
1 1082763691663 1
1 1082763691666 1
1 1082763691667 1
1 1082763691709 1
1 1082763691710 4
1 1082763691711 1
1 1082763691713 1
1 1082763691714 4
1 1082763691715 1
1 1082763691717 1
1 1082763691718 4
1 1082763691719 1
1 1082763691721 1
1 1082763691722 4
1 1082763691723 1
1 1082763691725 1
1 1082763691726 4
1 1082763691727 1
1 1082763691729 1
1 1082763691730 4
1 1082763691731 1
1 1082763691772 1
1 1082763691773 4
1 1082763691774 1
1 1082763691776 1
1 1082763691777 4
1 1082763691778 1
1 1082763691780 1
1 1082763691781 4
1 1082763691782 1
1 1082763691784 1
1 1082763691785 4
1 1082763691786 1
1 1082763691788 1
1 1082763691789 4
1 1082763691790 1
1 1082763691792 1
1 1082763691793 4
1 1082763691794 1
1 1082763691836 4
1 1082763691837 1
1 1082763691840 4
1 1082763691841 1
1 1082763691844 4
1 1082763691845 1
1 1082763691848 4
1 1082763691849 1
1 1082763691852 4
1 1082763691853 1
1 1082763691856 4
1 1082763691857 1
1 1082763691886 1
1 1082763691887 1
1 1082763691890 1
1 1082763691891 1
1 1082763691894 1
1 1082763691895 1
1 1082763691898 1
1 1082763691899 1
1 1082763691902 1
1 1082763691903 1
1 1082763691906 1
1 1082763691907 1
1 1082763691949 1
1 1082763691950 4
1 1082763691951 1
1 1082763691953 1
1 1082763691954 4
1 1082763691955 1
1 1082763691957 1
1 1082763691958 4
1 1082763691959 1
1 1082763691961 1
1 1082763691962 4
1 1082763691963 1
1 1082763691965 1
1 1082763691966 4
1 1082763691967 1
1 1082763691969 1
1 1082763691970 4
1 1082763691971 1
1 1082763692000 4
1 1082763692001 1
1 1082763692004 4
1 1082763692005 1
1 1082763692008 4
1 1082763692009 1
1 1082763692012 4
1 1082763692013 1
1 1082763692016 4
1 1082763692017 1
1 1082763692046 1
1 1082763692047 1
1 1082763692050 1
1 1082763692051 1
1 1082763692054 1
1 1082763692055 1
1 1082763692058 1
1 1082763692059 1
1 1082763692062 1
1 1082763692063 1
1 1082763692066 1
1 1082763692067 1
1 1082763692109 1
1 1082763692110 4
1 1082763692111 1
1 1082763692113 1
1 1082763692114 4
1 1082763692115 1
1 1082763692117 1
1 1082763692118 4
1 1082763692119 1
1 1082763692121 1
1 1082763692122 4
1 1082763692123 1
1 1082763692125 1
1 1082763692126 4
1 1082763692127 1
1 1082763692129 1
1 1082763692130 4
1 1082763692131 1
1 1082763692172 1
1 1082763692173 4
1 1082763692174 1
1 1082763692176 1
1 1082763692177 4
1 1082763692178 1
1 1082763692180 1
1 1082763692181 4
1 1082763692182 1
1 1082763692184 1
1 1082763692185 4
1 1082763692186 1
1 1082763692188 1
1 1082763692189 4
1 1082763692190 1
1 1082763692192 1
1 1082763692193 4
1 1082763692194 1
1 1082763692236 4
1 1082763692237 1
1 1082763692240 4
1 1082763692241 1
1 1082763692244 4
1 1082763692245 1
1 1082763692248 4
1 1082763692249 1
1 1082763692252 4
1 1082763692253 1
1 1082763692256 4
1 1082763692257 1
1 1082763692286 1
1 1082763692287 1
1 1082763692290 1
1 1082763692291 1
1 1082763692294 1
1 1082763692295 1
1 1082763692298 1
1 1082763692299 1
1 1082763692302 1
1 1082763692303 1
1 1082763692306 1
1 1082763692307 1
1 1082763692349 1
1 1082763692350 4
1 1082763692351 1
1 1082763692353 1
1 1082763692354 4
1 1082763692355 1
1 1082763692357 1
1 1082763692358 4
1 1082763692359 1
1 1082763692361 1
1 1082763692362 4
1 1082763692363 1
1 1082763692365 1
1 1082763692366 4
1 1082763692367 1
1 1082763692369 1
1 1082763692370 4
1 1082763692371 1
1 1082763692400 4
1 1082763692401 1
1 1082763692404 4
1 1082763692405 1
1 1082763692408 4
1 1082763692409 1
1 1082763692412 4
1 1082763692413 1
1 1082763692416 4
1 1082763692417 1
1 1082763692446 1
1 1082763692447 1
1 1082763692450 1
1 1082763692451 1
1 1082763692454 1
1 1082763692455 1
1 1082763692458 1
1 1082763692459 1
1 1082763692462 1
1 1082763692463 1
1 1082763692466 1
1 1082763692467 1
1 1082763692509 1
1 1082763692510 4
1 1082763692511 1
1 1082763692513 1
1 1082763692514 4
1 1082763692515 1
1 1082763692517 1
1 1082763692518 4
1 1082763692519 1
1 1082763692521 1
1 1082763692522 4
1 1082763692523 1
1 1082763692525 1
1 1082763692526 4
1 1082763692527 1
1 1082763692529 1
1 1082763692530 4
1 1082763692531 1
1 1082763692572 1
1 1082763692573 4
1 1082763692574 1
1 1082763692576 1
1 1082763692577 4
1 1082763692578 1
1 1082763692580 1
1 1082763692581 4
1 1082763692582 1
1 1082763692584 1
1 1082763692585 4
1 1082763692586 1
1 1082763692588 1
1 1082763692589 4
1 1082763692590 1
1 1082763692592 1
1 1082763692593 4
1 1082763692594 1
1 1082763692636 4
1 1082763692637 1
1 1082763692640 4
1 1082763692641 1
1 1082763692644 4
1 1082763692645 1
1 1082763692648 4
1 1082763692649 1
1 1082763692652 4
1 1082763692653 1
1 1082763692656 4
1 1082763692657 1
1 1082763692686 1
1 1082763692687 1
1 1082763692690 1
1 1082763692691 1
1 1082763692694 1
1 1082763692695 1
1 1082763692698 1
1 1082763692699 1
1 1082763692702 1
1 1082763692703 1
1 1082763692706 1
1 1082763692707 1
1 1082763692749 1
1 1082763692750 4
1 1082763692751 1
1 1082763692753 1
1 1082763692754 4
1 1082763692755 1
1 1082763692757 1
1 1082763692758 4
1 1082763692759 1
1 1082763692761 1
1 1082763692762 4
1 1082763692763 1
1 1082763692765 1
1 1082763692766 4
1 1082763692767 1
1 1082763692769 1
1 1082763692770 4
1 1082763692771 1
1 1082763692800 4
1 1082763692801 1
1 1082763692804 4
1 1082763692805 1
1 1082763692808 4
1 1082763692809 1
1 1082763692812 4
1 1082763692813 1
1 1082763692816 4
1 1082763692817 1
1 1082763692846 1
1 1082763692847 1
1 1082763692850 1
1 1082763692851 1
1 1082763692854 1
1 1082763692855 1
1 1082763692858 1
1 1082763692859 1
1 1082763692862 1
1 1082763692863 1
1 1082763692866 1
1 1082763692867 1
1 1082763692909 1
1 1082763692910 4
1 1082763692911 1
1 1082763692913 1
1 1082763692914 4
1 1082763692915 1
1 1082763692917 1
1 1082763692918 4
1 1082763692919 1
1 1082763692921 1
1 1082763692922 4
1 1082763692923 1
1 1082763692925 1
1 1082763692926 4
1 1082763692927 1
1 1082763692929 1
1 1082763692930 4
1 1082763692931 1
1 1082763692972 1
1 1082763692973 4
1 1082763692974 1
1 1082763692976 1
1 1082763692977 4
1 1082763692978 1
1 1082763692980 1
1 1082763692981 4
1 1082763692982 1
1 1082763692984 1
1 1082763692985 4
1 1082763692986 1
1 1082763692988 1
1 1082763692989 4
1 1082763692990 1
1 1082763692992 1
1 1082763692993 4
1 1082763692994 1
1 1082763693036 4
1 1082763693037 1
1 1082763693040 4
1 1082763693041 1
1 1082763693044 4
1 1082763693045 1
1 1082763693048 4
1 1082763693049 1
1 1082763693052 4
1 1082763693053 1
1 1082763693056 4
1 1082763693057 1
1 1082763693086 1
1 1082763693087 1
1 1082763693090 1
1 1082763693091 1
1 1082763693094 1
1 1082763693095 1
1 1082763693098 1
1 1082763693099 1
1 1082763693102 1
1 1082763693103 1
1 1082763693106 1
1 1082763693107 1
1 1082763693149 1
1 1082763693150 4
1 1082763693151 1
1 1082763693153 1
1 1082763693154 4
1 1082763693155 1
1 1082763693157 1
1 1082763693158 4
1 1082763693159 1
1 1082763693161 1
1 1082763693162 4
1 1082763693163 1
1 1082763693165 1
1 1082763693166 4
1 1082763693167 1
1 1082763693169 1
1 1082763693170 4
1 1082763693171 1
1 1082763693200 4
1 1082763693201 1
1 1082763693204 4
1 1082763693205 1
1 1082763693208 4
1 1082763693209 1
1 1082763693212 4
1 1082763693213 1
1 1082763693216 4
1 1082763693217 1
1 1082763693246 1
1 1082763693247 1
1 1082763693250 1
1 1082763693251 1
1 1082763693254 1
1 1082763693255 1
1 1082763693258 1
1 1082763693259 1
1 1082763693262 1
1 1082763693263 1
1 1082763693266 1
1 1082763693267 1
1 1082763693309 1
1 1082763693310 4
1 1082763693311 1
1 1082763693313 1
1 1082763693314 4
1 1082763693315 1
1 1082763693317 1
1 1082763693318 4
1 1082763693319 1
1 1082763693321 1
1 1082763693322 4
1 1082763693323 1
1 1082763693325 1
1 1082763693326 4
1 1082763693327 1
1 1082763693329 1
1 1082763693330 4
1 1082763693331 1
1 1082763693372 1
1 1082763693373 4
1 1082763693374 1
1 1082763693376 1
1 1082763693377 4
1 1082763693378 1
1 1082763693380 1
1 1082763693381 4
1 1082763693382 1
1 1082763693384 1
1 1082763693385 4
1 1082763693386 1
1 1082763693388 1
1 1082763693389 4
1 1082763693390 1
1 1082763693392 1
1 1082763693393 4
1 1082763693394 1
1 1082763693436 4
1 1082763693437 1
1 1082763693440 4
1 1082763693441 1
1 1082763693444 4
1 1082763693445 1
1 1082763693448 4
1 1082763693449 1
1 1082763693452 4
1 1082763693453 1
1 1082763693456 4
1 1082763693457 1
1 1082763693486 1
1 1082763693487 1
1 1082763693490 1
1 1082763693491 1
1 1082763693494 1
1 1082763693495 1
1 1082763693498 1
1 1082763693499 1
1 1082763693502 1
1 1082763693503 1
1 1082763693506 1
1 1082763693507 1
1 1082763693549 1
1 1082763693550 4
1 1082763693551 1
1 1082763693553 1
1 1082763693554 4
1 1082763693555 1
1 1082763693557 1
1 1082763693558 4
1 1082763693559 1
1 1082763693561 1
1 1082763693562 4
1 1082763693563 1
1 1082763693565 1
1 1082763693566 4
1 1082763693567 1
1 1082763693569 1
1 1082763693570 4
1 1082763693571 1
1 1082763693600 4
1 1082763693601 1
1 1082763693604 4
1 1082763693605 1
1 1082763693608 4
1 1082763693609 1
1 1082763693612 4
1 1082763693613 1
1 1082763693616 4
1 1082763693617 1
1 1082763693646 1
1 1082763693647 1
1 1082763693650 1
1 1082763693651 1
1 1082763693654 1
1 1082763693655 1
1 1082763693658 1
1 1082763693659 1
1 1082763693662 1
1 1082763693663 1
1 1082763693666 1
1 1082763693667 1
1 1082763693709 1
1 1082763693710 4
1 1082763693711 1
1 1082763693713 1
1 1082763693714 4
1 1082763693715 1
1 1082763693717 1
1 1082763693718 4
1 1082763693719 1
1 1082763693721 1
1 1082763693722 4
1 1082763693723 1
1 1082763693725 1
1 1082763693726 4
1 1082763693727 1
1 1082763693729 1
1 1082763693730 4
1 1082763693731 1
1 1082763693772 1
1 1082763693773 4
1 1082763693774 1
1 1082763693776 1
1 1082763693777 4
1 1082763693778 1
1 1082763693780 1
1 1082763693781 4
1 1082763693782 1
1 1082763693784 1
1 1082763693785 4
1 1082763693786 1
1 1082763693788 1
1 1082763693789 4
1 1082763693790 1
1 1082763693792 1
1 1082763693793 4
1 1082763693794 1
1 1082763693836 4
1 1082763693837 1
1 1082763693840 4
1 1082763693841 1
1 1082763693844 4
1 1082763693845 1
1 1082763693848 4
1 1082763693849 1
1 1082763693852 4
1 1082763693853 1
1 1082763693856 4
1 1082763693857 1
1 1082763693886 1
1 1082763693887 1
1 1082763693890 1
1 1082763693891 1
1 1082763693894 1
1 1082763693895 1
1 1082763693898 1
1 1082763693899 1
1 1082763693902 1
1 1082763693903 1
1 1082763693906 1
1 1082763693907 1
1 1082763693949 1
1 1082763693950 4
1 1082763693951 1
1 1082763693953 1
1 1082763693954 4
1 1082763693955 1
1 1082763693957 1
1 1082763693958 4
1 1082763693959 1
1 1082763693961 1
1 1082763693962 4
1 1082763693963 1
1 1082763693965 1
1 1082763693966 4
1 1082763693967 1
1 1082763693969 1
1 1082763693970 4
1 1082763693971 1
1 1082763694000 4
1 1082763694001 1
1 1082763694004 4
1 1082763694005 1
1 1082763694008 4
1 1082763694009 1
1 1082763694012 4
1 1082763694013 1
1 1082763694016 4
1 1082763694017 1
1 1082763694046 1
1 1082763694047 1
1 1082763694050 1
1 1082763694051 1
1 1082763694054 1
1 1082763694055 1
1 1082763694058 1
1 1082763694059 1
1 1082763694062 1
1 1082763694063 1
1 1082763694066 1
1 1082763694067 1
1 1082763694109 1
1 1082763694110 4
1 1082763694111 1
1 1082763694113 1
1 1082763694114 4
1 1082763694115 1
1 1082763694117 1
1 1082763694118 4
1 1082763694119 1
1 1082763694121 1
1 1082763694122 4
1 1082763694123 1
1 1082763694125 1
1 1082763694126 4
1 1082763694127 1
1 1082763694129 1
1 1082763694130 4
1 1082763694131 1
1 1082763694172 1
1 1082763694173 4
1 1082763694174 1
1 1082763694176 1
1 1082763694177 4
1 1082763694178 1
1 1082763694180 1
1 1082763694181 4
1 1082763694182 1
1 1082763694184 1
1 1082763694185 4
1 1082763694186 1
1 1082763694188 1
1 1082763694189 4
1 1082763694190 1
1 1082763694192 1
1 1082763694193 4
1 1082763694194 1
1 1082763694236 4
1 1082763694237 1
1 1082763694240 4
1 1082763694241 1
1 1082763694244 4
1 1082763694245 1
1 1082763694248 4
1 1082763694249 1
1 1082763694252 4
1 1082763694253 1
1 1082763694256 4
1 1082763694257 1
1 1082763694286 1
1 1082763694287 1
1 1082763694290 1
1 1082763694291 1
1 1082763694294 1
1 1082763694295 1
1 1082763694298 1
1 1082763694299 1
1 1082763694302 1
1 1082763694303 1
1 1082763694306 1
1 1082763694307 1
1 1082763694349 1
1 1082763694350 4
1 1082763694351 1
1 1082763694353 1
1 1082763694354 4
1 1082763694355 1
1 1082763694357 1
1 1082763694358 4
1 1082763694359 1
1 1082763694361 1
1 1082763694362 4
1 1082763694363 1
1 1082763694365 1
1 1082763694366 4
1 1082763694367 1
1 1082763694369 1
1 1082763694370 4
1 1082763694371 1
1 1082763694400 4
1 1082763694401 1
1 1082763694404 4
1 1082763694405 1
1 1082763694408 4
1 1082763694409 1
1 1082763694412 4
1 1082763694413 1
1 1082763694416 4
1 1082763694417 1
1 1082763694446 1
1 1082763694447 1
1 1082763694450 1
1 1082763694451 1
1 1082763694454 1
1 1082763694455 1
1 1082763694458 1
1 1082763694459 1
1 1082763694462 1
1 1082763694463 1
1 1082763694466 1
1 1082763694467 1
1 1082763694509 1
1 1082763694510 4
1 1082763694511 1
1 1082763694513 1
1 1082763694514 4
1 1082763694515 1
1 1082763694517 1
1 1082763694518 4
1 1082763694519 1
1 1082763694521 1
1 1082763694522 4
1 1082763694523 1
1 1082763694525 1
1 1082763694526 4
1 1082763694527 1
1 1082763694529 1
1 1082763694530 4
1 1082763694531 1
1 1082763694572 1
1 1082763694573 4
1 1082763694574 1
1 1082763694576 1
1 1082763694577 4
1 1082763694578 1
1 1082763694580 1
1 1082763694581 4
1 1082763694582 1
1 1082763694584 1
1 1082763694585 4
1 1082763694586 1
1 1082763694588 1
1 1082763694589 4
1 1082763694590 1
1 1082763694592 1
1 1082763694593 4
1 1082763694594 1
1 1082763694636 4
1 1082763694637 1
1 1082763694640 4
1 1082763694641 1
1 1082763694644 4
1 1082763694645 1
1 1082763694648 4
1 1082763694649 1
1 1082763694652 4
1 1082763694653 1
1 1082763694656 4
1 1082763694657 1
1 1082763694686 1
1 1082763694687 1
1 1082763694690 1
1 1082763694691 1
1 1082763694694 1
1 1082763694695 1
1 1082763694698 1
1 1082763694699 1
1 1082763694702 1
1 1082763694703 1
1 1082763694706 1
1 1082763694707 1
1 1082763694749 1
1 1082763694750 4
1 1082763694751 1
1 1082763694753 1
1 1082763694754 4
1 1082763694755 1
1 1082763694757 1
1 1082763694758 4
1 1082763694759 1
1 1082763694761 1
1 1082763694762 4
1 1082763694763 1
1 1082763694765 1
1 1082763694766 4
1 1082763694767 1
1 1082763694769 1
1 1082763694770 4
1 1082763694771 1
1 1082763694800 4
1 1082763694801 1
1 1082763694804 4
1 1082763694805 1
1 1082763694808 4
1 1082763694809 1
1 1082763694812 4
1 1082763694813 1
1 1082763694816 4
1 1082763694817 1
1 1082763694846 1
1 1082763694847 1
1 1082763694850 1
1 1082763694851 1
1 1082763694854 1
1 1082763694855 1
1 1082763694858 1
1 1082763694859 1
1 1082763694862 1
1 1082763694863 1
1 1082763694866 1
1 1082763694867 1
1 1082763694909 1
1 1082763694910 4
1 1082763694911 1
1 1082763694913 1
1 1082763694914 4
1 1082763694915 1
1 1082763694917 1
1 1082763694918 4
1 1082763694919 1
1 1082763694921 1
1 1082763694922 4
1 1082763694923 1
1 1082763694925 1
1 1082763694926 4
1 1082763694927 1
1 1082763694929 1
1 1082763694930 4
1 1082763694931 1
1 1082763694972 1
1 1082763694973 4
1 1082763694974 1
1 1082763694976 1
1 1082763694977 4
1 1082763694978 1
1 1082763694980 1
1 1082763694981 4
1 1082763694982 1
1 1082763694984 1
1 1082763694985 4
1 1082763694986 1
1 1082763694988 1
1 1082763694989 4
1 1082763694990 1
1 1082763694992 1
1 1082763694993 4
1 1082763694994 1
1 1082763695036 4
1 1082763695037 1
1 1082763695040 4
1 1082763695041 1
1 1082763695044 4
1 1082763695045 1
1 1082763695048 4
1 1082763695049 1
1 1082763695052 4
1 1082763695053 1
1 1082763695056 4
1 1082763695057 1
1 1082763695086 1
1 1082763695087 1
1 1082763695090 1
1 1082763695091 1
1 1082763695094 1
1 1082763695095 1
1 1082763695098 1
1 1082763695099 1
1 1082763695102 1
1 1082763695103 1
1 1082763695106 1
1 1082763695107 1
1 1082763695149 1
1 1082763695150 4
1 1082763695151 1
1 1082763695153 1
1 1082763695154 4
1 1082763695155 1
1 1082763695157 1
1 1082763695158 4
1 1082763695159 1
1 1082763695161 1
1 1082763695162 4
1 1082763695163 1
1 1082763695165 1
1 1082763695166 4
1 1082763695167 1
1 1082763695169 1
1 1082763695170 4
1 1082763695171 1
1 1082763695200 4
1 1082763695201 1
1 1082763695204 4
1 1082763695205 1
1 1082763695208 4
1 1082763695209 1
1 1082763695212 4
1 1082763695213 1
1 1082763695216 4
1 1082763695217 1
1 1082763695246 1
1 1082763695247 1
1 1082763695250 1
1 1082763695251 1
1 1082763695254 1
1 1082763695255 1
1 1082763695258 1
1 1082763695259 1
1 1082763695262 1
1 1082763695263 1
1 1082763695266 1
1 1082763695267 1
1 1082763695309 1
1 1082763695310 4
1 1082763695311 1
1 1082763695313 1
1 1082763695314 4
1 1082763695315 1
1 1082763695317 1
1 1082763695318 4
1 1082763695319 1
1 1082763695321 1
1 1082763695322 4
1 1082763695323 1
1 1082763695325 1
1 1082763695326 4
1 1082763695327 1
1 1082763695329 1
1 1082763695330 4
1 1082763695331 1
1 1082763695372 1
1 1082763695373 4
1 1082763695374 1
1 1082763695376 1
1 1082763695377 4
1 1082763695378 1
1 1082763695380 1
1 1082763695381 4
1 1082763695382 1
1 1082763695384 1
1 1082763695385 4
1 1082763695386 1
1 1082763695388 1
1 1082763695389 4
1 1082763695390 1
1 1082763695392 1
1 1082763695393 4
1 1082763695394 1
1 1082763695436 4
1 1082763695437 1
1 1082763695440 4
1 1082763695441 1
1 1082763695444 4
1 1082763695445 1
1 1082763695448 4
1 1082763695449 1
1 1082763695452 4
1 1082763695453 1
1 1082763695456 4
1 1082763695457 1
1 1082763695486 1
1 1082763695487 1
1 1082763695490 1
1 1082763695491 1
1 1082763695494 1
1 1082763695495 1
1 1082763695498 1
1 1082763695499 1
1 1082763695502 1
1 1082763695503 1
1 1082763695506 1
1 1082763695507 1
1 1082763695549 1
1 1082763695550 4
1 1082763695551 1
1 1082763695553 1
1 1082763695554 4
1 1082763695555 1
1 1082763695557 1
1 1082763695558 4
1 1082763695559 1
1 1082763695561 1
1 1082763695562 4
1 1082763695563 1
1 1082763695565 1
1 1082763695566 4
1 1082763695567 1
1 1082763695569 1
1 1082763695570 4
1 1082763695571 1
1 1082763695600 4
1 1082763695601 1
1 1082763695604 4
1 1082763695605 1
1 1082763695608 4
1 1082763695609 1
1 1082763695612 4
1 1082763695613 1
1 1082763695616 4
1 1082763695617 1
1 1082763695646 1
1 1082763695647 1
1 1082763695650 1
1 1082763695651 1
1 1082763695654 1
1 1082763695655 1
1 1082763695658 1
1 1082763695659 1
1 1082763695662 1
1 1082763695663 1
1 1082763695666 1
1 1082763695667 1
1 1082763695709 1
1 1082763695710 4
1 1082763695711 1
1 1082763695713 1
1 1082763695714 4
1 1082763695715 1
1 1082763695717 1
1 1082763695718 4
1 1082763695719 1
1 1082763695721 1
1 1082763695722 4
1 1082763695723 1
1 1082763695725 1
1 1082763695726 4
1 1082763695727 1
1 1082763695729 1
1 1082763695730 4
1 1082763695731 1
1 1082763695772 1
1 1082763695773 4
1 1082763695774 1
1 1082763695776 1
1 1082763695777 4
1 1082763695778 1
1 1082763695780 1
1 1082763695781 4
1 1082763695782 1
1 1082763695784 1
1 1082763695785 4
1 1082763695786 1
1 1082763695788 1
1 1082763695789 4
1 1082763695790 1
1 1082763695792 1
1 1082763695793 4
1 1082763695794 1
1 1082763695836 4
1 1082763695837 1
1 1082763695840 4
1 1082763695841 1
1 1082763695844 4
1 1082763695845 1
1 1082763695848 4
1 1082763695849 1
1 1082763695852 4
1 1082763695853 1
1 1082763695856 4
1 1082763695857 1
1 1082763695886 1
1 1082763695887 1
1 1082763695890 1
1 1082763695891 1
1 1082763695894 1
1 1082763695895 1
1 1082763695898 1
1 1082763695899 1
1 1082763695902 1
1 1082763695903 1
1 1082763695906 1
1 1082763695907 1
1 1082763695949 1
1 1082763695950 4
1 1082763695951 1
1 1082763695953 1
1 1082763695954 4
1 1082763695955 1
1 1082763695957 1
1 1082763695958 4
1 1082763695959 1
1 1082763695961 1
1 1082763695962 4
1 1082763695963 1
1 1082763695965 1
1 1082763695966 4
1 1082763695967 1
1 1082763695969 1
1 1082763695970 4
1 1082763695971 1
1 1082763696000 4
1 1082763696001 1
1 1082763696004 4
1 1082763696005 1
1 1082763696008 4
1 1082763696009 1
1 1082763696012 4
1 1082763696013 1
1 1082763696016 4
1 1082763696017 1
1 1082763696046 1
1 1082763696047 1
1 1082763696050 1
1 1082763696051 1
1 1082763696054 1
1 1082763696055 1
1 1082763696058 1
1 1082763696059 1
1 1082763696062 1
1 1082763696063 1
1 1082763696066 1
1 1082763696067 1
1 1082763696109 1
1 1082763696110 4
1 1082763696111 1
1 1082763696113 1
1 1082763696114 4
1 1082763696115 1
1 1082763696117 1
1 1082763696118 4
1 1082763696119 1
1 1082763696121 1
1 1082763696122 4
1 1082763696123 1
1 1082763696125 1
1 1082763696126 4
1 1082763696127 1
1 1082763696129 1
1 1082763696130 4
1 1082763696131 1
1 1082763696172 1
1 1082763696173 4
1 1082763696174 1
1 1082763696176 1
1 1082763696177 4
1 1082763696178 1
1 1082763696180 1
1 1082763696181 4
1 1082763696182 1
1 1082763696184 1
1 1082763696185 4
1 1082763696186 1
1 1082763696188 1
1 1082763696189 4
1 1082763696190 1
1 1082763696192 1
1 1082763696193 4
1 1082763696194 1
1 1082763696236 4
1 1082763696237 1
1 1082763696240 4
1 1082763696241 1
1 1082763696244 4
1 1082763696245 1
1 1082763696248 4
1 1082763696249 1
1 1082763696252 4
1 1082763696253 1
1 1082763696256 4
1 1082763696257 1
1 1082763696286 1
1 1082763696287 1
1 1082763696290 1
1 1082763696291 1
1 1082763696294 1
1 1082763696295 1
1 1082763696298 1
1 1082763696299 1
1 1082763696302 1
1 1082763696303 1
1 1082763696306 1
1 1082763696307 1
1 1082763696349 1
1 1082763696350 4
1 1082763696351 1
1 1082763696353 1
1 1082763696354 4
1 1082763696355 1
1 1082763696357 1
1 1082763696358 4
1 1082763696359 1
1 1082763696361 1
1 1082763696362 4
1 1082763696363 1
1 1082763696365 1
1 1082763696366 4
1 1082763696367 1
1 1082763696369 1
1 1082763696370 4
1 1082763696371 1
1 1082763696400 4
1 1082763696401 1
1 1082763696404 4
1 1082763696405 1
1 1082763696408 4
1 1082763696409 1
1 1082763696412 4
1 1082763696413 1
1 1082763696416 4
1 1082763696417 1
1 1082763696446 1
1 1082763696447 1
1 1082763696450 1
1 1082763696451 1
1 1082763696454 1
1 1082763696455 1
1 1082763696458 1
1 1082763696459 1
1 1082763696462 1
1 1082763696463 1
1 1082763696466 1
1 1082763696467 1
1 1082763696509 1
1 1082763696510 4
1 1082763696511 1
1 1082763696513 1
1 1082763696514 4
1 1082763696515 1
1 1082763696517 1
1 1082763696518 4
1 1082763696519 1
1 1082763696521 1
1 1082763696522 4
1 1082763696523 1
1 1082763696525 1
1 1082763696526 4
1 1082763696527 1
1 1082763696529 1
1 1082763696530 4
1 1082763696531 1
1 1082763696572 1
1 1082763696573 4
1 1082763696574 1
1 1082763696576 1
1 1082763696577 4
1 1082763696578 1
1 1082763696580 1
1 1082763696581 4
1 1082763696582 1
1 1082763696584 1
1 1082763696585 4
1 1082763696586 1
1 1082763696588 1
1 1082763696589 4
1 1082763696590 1
1 1082763696592 1
1 1082763696593 4
1 1082763696594 1
1 1082763696636 4
1 1082763696637 1
1 1082763696640 4
1 1082763696641 1
1 1082763696644 4
1 1082763696645 1
1 1082763696648 4
1 1082763696649 1
1 1082763696652 4
1 1082763696653 1
1 1082763696656 4
1 1082763696657 1
1 1082763696686 1
1 1082763696687 1
1 1082763696690 1
1 1082763696691 1
1 1082763696694 1
1 1082763696695 1
1 1082763696698 1
1 1082763696699 1
1 1082763696702 1
1 1082763696703 1
1 1082763696706 1
1 1082763696707 1
1 1082763696749 1
1 1082763696750 4
1 1082763696751 1
1 1082763696753 1
1 1082763696754 4
1 1082763696755 1
1 1082763696757 1
1 1082763696758 4
1 1082763696759 1
1 1082763696761 1
1 1082763696762 4
1 1082763696763 1
1 1082763696765 1
1 1082763696766 4
1 1082763696767 1
1 1082763696769 1
1 1082763696770 4
1 1082763696771 1
1 1082763696800 4
1 1082763696801 1
1 1082763696804 4
1 1082763696805 1
1 1082763696808 4
1 1082763696809 1
1 1082763696812 4
1 1082763696813 1
1 1082763696816 4
1 1082763696817 1
1 1082763696846 1
1 1082763696847 1
1 1082763696850 1
1 1082763696851 1
1 1082763696854 1
1 1082763696855 1
1 1082763696858 1
1 1082763696859 1
1 1082763696862 1
1 1082763696863 1
1 1082763696866 1
1 1082763696867 1
1 1082763696909 1
1 1082763696910 4
1 1082763696911 1
1 1082763696913 1
1 1082763696914 4
1 1082763696915 1
1 1082763696917 1
1 1082763696918 4
1 1082763696919 1
1 1082763696921 1
1 1082763696922 4
1 1082763696923 1
1 1082763696925 1
1 1082763696926 4
1 1082763696927 1
1 1082763696929 1
1 1082763696930 4
1 1082763696931 1
1 1082763696972 1
1 1082763696973 4
1 1082763696974 1
1 1082763696976 1
1 1082763696977 4
1 1082763696978 1
1 1082763696980 1
1 1082763696981 4
1 1082763696982 1
1 1082763696984 1
1 1082763696985 4
1 1082763696986 1
1 1082763696988 1
1 1082763696989 4
1 1082763696990 1
1 1082763696992 1
1 1082763696993 4
1 1082763696994 1
1 1082763697036 4
1 1082763697037 1
1 1082763697040 4
1 1082763697041 1
1 1082763697044 4
1 1082763697045 1
1 1082763697048 4
1 1082763697049 1
1 1082763697052 4
1 1082763697053 1
1 1082763697056 4
1 1082763697057 1
1 1082763697086 1
1 1082763697087 1
1 1082763697090 1
1 1082763697091 1
1 1082763697094 1
1 1082763697095 1
1 1082763697098 1
1 1082763697099 1
1 1082763697102 1
1 1082763697103 1
1 1082763697106 1
1 1082763697107 1
1 1082763697149 1
1 1082763697150 4
1 1082763697151 1
1 1082763697153 1
1 1082763697154 4
1 1082763697155 1
1 1082763697157 1
1 1082763697158 4
1 1082763697159 1
1 1082763697161 1
1 1082763697162 4
1 1082763697163 1
1 1082763697165 1
1 1082763697166 4
1 1082763697167 1
1 1082763697169 1
1 1082763697170 4
1 1082763697171 1
1 1082763697200 4
1 1082763697201 1
1 1082763697204 4
1 1082763697205 1
1 1082763697208 4
1 1082763697209 1
1 1082763697212 4
1 1082763697213 1
1 1082763697216 4
1 1082763697217 1
1 1082763697246 1
1 1082763697247 1
1 1082763697250 1
1 1082763697251 1
1 1082763697254 1
1 1082763697255 1
1 1082763697258 1
1 1082763697259 1
1 1082763697262 1
1 1082763697263 1
1 1082763697266 1
1 1082763697267 1
1 1082763697309 1
1 1082763697310 4
1 1082763697311 1
1 1082763697313 1
1 1082763697314 4
1 1082763697315 1
1 1082763697317 1
1 1082763697318 4
1 1082763697319 1
1 1082763697321 1
1 1082763697322 4
1 1082763697323 1
1 1082763697325 1
1 1082763697326 4
1 1082763697327 1
1 1082763697329 1
1 1082763697330 4
1 1082763697331 1
1 1082763697372 1
1 1082763697373 4
1 1082763697374 1
1 1082763697376 1
1 1082763697377 4
1 1082763697378 1
1 1082763697380 1
1 1082763697381 4
1 1082763697382 1
1 1082763697384 1
1 1082763697385 4
1 1082763697386 1
1 1082763697388 1
1 1082763697389 4
1 1082763697390 1
1 1082763697392 1
1 1082763697393 4
1 1082763697394 1
1 1082763697436 4
1 1082763697437 1
1 1082763697440 4
1 1082763697441 1
1 1082763697444 4
1 1082763697445 1
1 1082763697448 4
1 1082763697449 1
1 1082763697452 4
1 1082763697453 1
1 1082763697456 4
1 1082763697457 1
1 1082763697486 1
1 1082763697487 1
1 1082763697490 1
1 1082763697491 1
1 1082763697494 1
1 1082763697495 1
1 1082763697498 1
1 1082763697499 1
1 1082763697502 1
1 1082763697503 1
1 1082763697506 1
1 1082763697507 1
1 1082763697549 1
1 1082763697550 4
1 1082763697551 1
1 1082763697553 1
1 1082763697554 4
1 1082763697555 1
1 1082763697557 1
1 1082763697558 4
1 1082763697559 1
1 1082763697561 1
1 1082763697562 4
1 1082763697563 1
1 1082763697565 1
1 1082763697566 4
1 1082763697567 1
1 1082763697569 1
1 1082763697570 4
1 1082763697571 1
1 1082763697600 4
1 1082763697601 1
1 1082763697604 4
1 1082763697605 1
1 1082763697608 4
1 1082763697609 1
1 1082763697612 4
1 1082763697613 1
1 1082763697616 4
1 1082763697617 1
1 1082763697646 1
1 1082763697647 1
1 1082763697650 1
1 1082763697651 1
1 1082763697654 1
1 1082763697655 1
1 1082763697658 1
1 1082763697659 1
1 1082763697662 1
1 1082763697663 1
1 1082763697666 1
1 1082763697667 1
1 1082763697709 1
1 1082763697710 4
1 1082763697711 1
1 1082763697713 1
1 1082763697714 4
1 1082763697715 1
1 1082763697717 1
1 1082763697718 4
1 1082763697719 1
1 1082763697721 1
1 1082763697722 4
1 1082763697723 1
1 1082763697725 1
1 1082763697726 4
1 1082763697727 1
1 1082763697729 1
1 1082763697730 4
1 1082763697731 1
1 1082763697772 1
1 1082763697773 4
1 1082763697774 1
1 1082763697776 1
1 1082763697777 4
1 1082763697778 1
1 1082763697780 1
1 1082763697781 4
1 1082763697782 1
1 1082763697784 1
1 1082763697785 4
1 1082763697786 1
1 1082763697788 1
1 1082763697789 4
1 1082763697790 1
1 1082763697792 1
1 1082763697793 4
1 1082763697794 1
1 1082763697836 4
1 1082763697837 1
1 1082763697840 4
1 1082763697841 1
1 1082763697844 4
1 1082763697845 1
1 1082763697848 4
1 1082763697849 1
1 1082763697852 4
1 1082763697853 1
1 1082763697856 4
1 1082763697857 1
1 1082763697886 1
1 1082763697887 1
1 1082763697890 1
1 1082763697891 1
1 1082763697894 1
1 1082763697895 1
1 1082763697898 1
1 1082763697899 1
1 1082763697902 1
1 1082763697903 1
1 1082763697906 1
1 1082763697907 1
1 1082763697949 1
1 1082763697950 4
1 1082763697951 1
1 1082763697953 1
1 1082763697954 4
1 1082763697955 1
1 1082763697957 1
1 1082763697958 4
1 1082763697959 1
1 1082763697961 1
1 1082763697962 4
1 1082763697963 1
1 1082763697965 1
1 1082763697966 4
1 1082763697967 1
1 1082763697969 1
1 1082763697970 4
1 1082763697971 1
1 1082763698000 4
1 1082763698001 1
1 1082763698004 4
1 1082763698005 1
1 1082763698008 4
1 1082763698009 1
1 1082763698012 4
1 1082763698013 1
1 1082763698016 4
1 1082763698017 1
1 1082763698046 1
1 1082763698047 1
1 1082763698050 1
1 1082763698051 1
1 1082763698054 1
1 1082763698055 1
1 1082763698058 1
1 1082763698059 1
1 1082763698062 1
1 1082763698063 1
1 1082763698066 1
1 1082763698067 1
1 1082763698109 1
1 1082763698110 4
1 1082763698111 1
1 1082763698113 1
1 1082763698114 4
1 1082763698115 1
1 1082763698117 1
1 1082763698118 4
1 1082763698119 1
1 1082763698121 1
1 1082763698122 4
1 1082763698123 1
1 1082763698125 1
1 1082763698126 4
1 1082763698127 1
1 1082763698129 1
1 1082763698130 4
1 1082763698131 1
1 1082763698172 1
1 1082763698173 4
1 1082763698174 1
1 1082763698176 1
1 1082763698177 4
1 1082763698178 1
1 1082763698180 1
1 1082763698181 4
1 1082763698182 1
1 1082763698184 1
1 1082763698185 4
1 1082763698186 1
1 1082763698188 1
1 1082763698189 4
1 1082763698190 1
1 1082763698192 1
1 1082763698193 4
1 1082763698194 1
1 1082763698236 4
1 1082763698237 1
1 1082763698240 4
1 1082763698241 1
1 1082763698244 4
1 1082763698245 1
1 1082763698248 4
1 1082763698249 1
1 1082763698252 4
1 1082763698253 1
1 1082763698256 4
1 1082763698257 1
1 1082763698286 1
1 1082763698287 1
1 1082763698290 1
1 1082763698291 1
1 1082763698294 1
1 1082763698295 1
1 1082763698298 1
1 1082763698299 1
1 1082763698302 1
1 1082763698303 1
1 1082763698306 1
1 1082763698307 1
1 1082763698349 1
1 1082763698350 4
1 1082763698351 1
1 1082763698353 1
1 1082763698354 4
1 1082763698355 1
1 1082763698357 1
1 1082763698358 4
1 1082763698359 1
1 1082763698361 1
1 1082763698362 4
1 1082763698363 1
1 1082763698365 1
1 1082763698366 4
1 1082763698367 1
1 1082763698369 1
1 1082763698370 4
1 1082763698371 1
1 1082763698400 4
1 1082763698401 1
1 1082763698404 4
1 1082763698405 1
1 1082763698408 4
1 1082763698409 1
1 1082763698412 4
1 1082763698413 1
1 1082763698416 4
1 1082763698417 1
1 1082763698446 1
1 1082763698447 1
1 1082763698450 1
1 1082763698451 1
1 1082763698454 1
1 1082763698455 1
1 1082763698458 1
1 1082763698459 1
1 1082763698462 1
1 1082763698463 1
1 1082763698466 1
1 1082763698467 1
1 1082763698509 1
1 1082763698510 4
1 1082763698511 1
1 1082763698513 1
1 1082763698514 4
1 1082763698515 1
1 1082763698517 1
1 1082763698518 4
1 1082763698519 1
1 1082763698521 1
1 1082763698522 4
1 1082763698523 1
1 1082763698525 1
1 1082763698526 4
1 1082763698527 1
1 1082763698529 1
1 1082763698530 4
1 1082763698531 1
1 1082763698572 1
1 1082763698573 4
1 1082763698574 1
1 1082763698576 1
1 1082763698577 4
1 1082763698578 1
1 1082763698580 1
1 1082763698581 4
1 1082763698582 1
1 1082763698584 1
1 1082763698585 4
1 1082763698586 1
1 1082763698588 1
1 1082763698589 4
1 1082763698590 1
1 1082763698592 1
1 1082763698593 4
1 1082763698594 1
1 1082763698636 4
1 1082763698637 1
1 1082763698640 4
1 1082763698641 1
1 1082763698644 4
1 1082763698645 1
1 1082763698648 4
1 1082763698649 1
1 1082763698652 4
1 1082763698653 1
1 1082763698656 4
1 1082763698657 1
1 1082763698686 1
1 1082763698687 1
1 1082763698690 1
1 1082763698691 1
1 1082763698694 1
1 1082763698695 1
1 1082763698698 1
1 1082763698699 1
1 1082763698702 1
1 1082763698703 1
1 1082763698706 1
1 1082763698707 1
1 1082763698749 1
1 1082763698750 4
1 1082763698751 1
1 1082763698753 1
1 1082763698754 4
1 1082763698755 1
1 1082763698757 1
1 1082763698758 4
1 1082763698759 1
1 1082763698761 1
1 1082763698762 4
1 1082763698763 1
1 1082763698765 1
1 1082763698766 4
1 1082763698767 1
1 1082763698769 1
1 1082763698770 4
1 1082763698771 1
1 1082763698800 4
1 1082763698801 1
1 1082763698804 4
1 1082763698805 1
1 1082763698808 4
1 1082763698809 1
1 1082763698812 4
1 1082763698813 1
1 1082763698816 4
1 1082763698817 1
1 1082763698846 1
1 1082763698847 1
1 1082763698850 1
1 1082763698851 1
1 1082763698854 1
1 1082763698855 1
1 1082763698858 1
1 1082763698859 1
1 1082763698862 1
1 1082763698863 1
1 1082763698866 1
1 1082763698867 1
1 1082763698909 1
1 1082763698910 4
1 1082763698911 1
1 1082763698913 1
1 1082763698914 4
1 1082763698915 1
1 1082763698917 1
1 1082763698918 4
1 1082763698919 1
1 1082763698921 1
1 1082763698922 4
1 1082763698923 1
1 1082763698925 1
1 1082763698926 4
1 1082763698927 1
1 1082763698929 1
1 1082763698930 4
1 1082763698931 1
1 1082763698972 1
1 1082763698973 4
1 1082763698974 1
1 1082763698976 1
1 1082763698977 4
1 1082763698978 1
1 1082763698980 1
1 1082763698981 4
1 1082763698982 1
1 1082763698984 1
1 1082763698985 4
1 1082763698986 1
1 1082763698988 1
1 1082763698989 4
1 1082763698990 1
1 1082763698992 1
1 1082763698993 4
1 1082763698994 1
1 1082763699036 4
1 1082763699037 1
1 1082763699040 4
1 1082763699041 1
1 1082763699044 4
1 1082763699045 1
1 1082763699048 4
1 1082763699049 1
1 1082763699052 4
1 1082763699053 1
1 1082763699056 4
1 1082763699057 1
1 1082763699086 1
1 1082763699087 1
1 1082763699090 1
1 1082763699091 1
1 1082763699094 1
1 1082763699095 1
1 1082763699098 1
1 1082763699099 1
1 1082763699102 1
1 1082763699103 1
1 1082763699106 1
1 1082763699107 1
1 1082763699149 1
1 1082763699150 4
1 1082763699151 1
1 1082763699153 1
1 1082763699154 4
1 1082763699155 1
1 1082763699157 1
1 1082763699158 4
1 1082763699159 1
1 1082763699161 1
1 1082763699162 4
1 1082763699163 1
1 1082763699165 1
1 1082763699166 4
1 1082763699167 1
1 1082763699169 1
1 1082763699170 4
1 1082763699171 1
1 1082763699200 4
1 1082763699201 1
1 1082763699204 4
1 1082763699205 1
1 1082763699208 4
1 1082763699209 1
1 1082763699212 4
1 1082763699213 1
1 1082763699216 4
1 1082763699217 1
1 1082763699246 1
1 1082763699247 1
1 1082763699250 1
1 1082763699251 1
1 1082763699254 1
1 1082763699255 1
1 1082763699258 1
1 1082763699259 1
1 1082763699262 1
1 1082763699263 1
1 1082763699266 1
1 1082763699267 1
1 1082763699309 1
1 1082763699310 4
1 1082763699311 1
1 1082763699313 1
1 1082763699314 4
1 1082763699315 1
1 1082763699317 1
1 1082763699318 4
1 1082763699319 1
1 1082763699321 1
1 1082763699322 4
1 1082763699323 1
1 1082763699325 1
1 1082763699326 4
1 1082763699327 1
1 1082763699329 1
1 1082763699330 4
1 1082763699331 1
1 1082763699372 1
1 1082763699373 4
1 1082763699374 1
1 1082763699376 1
1 1082763699377 4
1 1082763699378 1
1 1082763699380 1
1 1082763699381 4
1 1082763699382 1
1 1082763699384 1
1 1082763699385 4
1 1082763699386 1
1 1082763699388 1
1 1082763699389 4
1 1082763699390 1
1 1082763699392 1
1 1082763699393 4
1 1082763699394 1
1 1082763699436 4
1 1082763699437 1
1 1082763699440 4
1 1082763699441 1
1 1082763699444 4
1 1082763699445 1
1 1082763699448 4
1 1082763699449 1
1 1082763699452 4
1 1082763699453 1
1 1082763699456 4
1 1082763699457 1
1 1082763699486 1
1 1082763699487 1
1 1082763699490 1
1 1082763699491 1
1 1082763699494 1
1 1082763699495 1
1 1082763699498 1
1 1082763699499 1
1 1082763699502 1
1 1082763699503 1
1 1082763699506 1
1 1082763699507 1
1 1082763699549 1
1 1082763699550 4
1 1082763699551 1
1 1082763699553 1
1 1082763699554 4
1 1082763699555 1
1 1082763699557 1
1 1082763699558 4
1 1082763699559 1
1 1082763699561 1
1 1082763699562 4
1 1082763699563 1
1 1082763699565 1
1 1082763699566 4
1 1082763699567 1
1 1082763699569 1
1 1082763699570 4
1 1082763699571 1
1 1082763699600 4
1 1082763699601 1
1 1082763699604 4
1 1082763699605 1
1 1082763699608 4
1 1082763699609 1
1 1082763699612 4
1 1082763699613 1
1 1082763699616 4
1 1082763699617 1
1 1082763699646 1
1 1082763699647 1
1 1082763699650 1
1 1082763699651 1
1 1082763699654 1
1 1082763699655 1
1 1082763699658 1
1 1082763699659 1
1 1082763699662 1
1 1082763699663 1
1 1082763699666 1
1 1082763699667 1
1 1082763699709 1
1 1082763699710 4
1 1082763699711 1
1 1082763699713 1
1 1082763699714 4
1 1082763699715 1
1 1082763699717 1
1 1082763699718 4
1 1082763699719 1
1 1082763699721 1
1 1082763699722 4
1 1082763699723 1
1 1082763699725 1
1 1082763699726 4
1 1082763699727 1
1 1082763699729 1
1 1082763699730 4
1 1082763699731 1
1 1082763699772 1
1 1082763699773 4
1 1082763699774 1
1 1082763699776 1
1 1082763699777 4
1 1082763699778 1
1 1082763699780 1
1 1082763699781 4
1 1082763699782 1
1 1082763699784 1
1 1082763699785 4
1 1082763699786 1
1 1082763699788 1
1 1082763699789 4
1 1082763699790 1
1 1082763699792 1
1 1082763699793 4
1 1082763699794 1
1 1082763699836 4
1 1082763699837 1
1 1082763699840 4
1 1082763699841 1
1 1082763699844 4
1 1082763699845 1
1 1082763699848 4
1 1082763699849 1
1 1082763699852 4
1 1082763699853 1
1 1082763699856 4
1 1082763699857 1
1 1082763699886 1
1 1082763699887 1
1 1082763699890 1
1 1082763699891 1
1 1082763699894 1
1 1082763699895 1
1 1082763699898 1
1 1082763699899 1
1 1082763699902 1
1 1082763699903 1
1 1082763699906 1
1 1082763699907 1
1 1082763699949 1
1 1082763699950 4
1 1082763699951 1
1 1082763699953 1
1 1082763699954 4
1 1082763699955 1
1 1082763699957 1
1 1082763699958 4
1 1082763699959 1
1 1082763699961 1
1 1082763699962 4
1 1082763699963 1
1 1082763699965 1
1 1082763699966 4
1 1082763699967 1
1 1082763699969 1
1 1082763699970 4
1 1082763699971 1
1 1082763700000 4
1 1082763700001 1
1 1082763700004 4
1 1082763700005 1
1 1082763700008 4
1 1082763700009 1
1 1082763700012 4
1 1082763700013 1
1 1082763700016 4
1 1082763700017 1
1 1082763700046 1
1 1082763700047 1
1 1082763700050 1
1 1082763700051 1
1 1082763700054 1
1 1082763700055 1
1 1082763700058 1
1 1082763700059 1
1 1082763700062 1
1 1082763700063 1
1 1082763700066 1
1 1082763700067 1
1 1082763700109 1
1 1082763700110 4
1 1082763700111 1
1 1082763700113 1
1 1082763700114 4
1 1082763700115 1
1 1082763700117 1
1 1082763700118 4
1 1082763700119 1
1 1082763700121 1
1 1082763700122 4
1 1082763700123 1
1 1082763700125 1
1 1082763700126 4
1 1082763700127 1
1 1082763700129 1
1 1082763700130 4
1 1082763700131 1
1 1082763700172 1
1 1082763700173 4
1 1082763700174 1
1 1082763700176 1
1 1082763700177 4
1 1082763700178 1
1 1082763700180 1
1 1082763700181 4
1 1082763700182 1
1 1082763700184 1
1 1082763700185 4
1 1082763700186 1
1 1082763700188 1
1 1082763700189 4
1 1082763700190 1
1 1082763700192 1
1 1082763700193 4
1 1082763700194 1
1 1082763700236 4
1 1082763700237 1
1 1082763700240 4
1 1082763700241 1
1 1082763700244 4
1 1082763700245 1
1 1082763700248 4
1 1082763700249 1
1 1082763700252 4
1 1082763700253 1
1 1082763700256 4
1 1082763700257 1
1 1082763700286 1
1 1082763700287 1
1 1082763700290 1
1 1082763700291 1
1 1082763700294 1
1 1082763700295 1
1 1082763700298 1
1 1082763700299 1
1 1082763700302 1
1 1082763700303 1
1 1082763700306 1
1 1082763700307 1
1 1082763700349 1
1 1082763700350 4
1 1082763700351 1
1 1082763700353 1
1 1082763700354 4
1 1082763700355 1
1 1082763700357 1
1 1082763700358 4
1 1082763700359 1
1 1082763700361 1
1 1082763700362 4
1 1082763700363 1
1 1082763700365 1
1 1082763700366 4
1 1082763700367 1
1 1082763700369 1
1 1082763700370 4
1 1082763700371 1
1 1082763700400 4
1 1082763700401 1
1 1082763700404 4
1 1082763700405 1
1 1082763700408 4
1 1082763700409 1
1 1082763700412 4
1 1082763700413 1
1 1082763700416 4
1 1082763700417 1
1 1082763700446 1
1 1082763700447 1
1 1082763700450 1
1 1082763700451 1
1 1082763700454 1
1 1082763700455 1
1 1082763700458 1
1 1082763700459 1
1 1082763700462 1
1 1082763700463 1
1 1082763700466 1
1 1082763700467 1
1 1082763700509 1
1 1082763700510 4
1 1082763700511 1
1 1082763700513 1
1 1082763700514 4
1 1082763700515 1
1 1082763700517 1
1 1082763700518 4
1 1082763700519 1
1 1082763700521 1
1 1082763700522 4
1 1082763700523 1
1 1082763700525 1
1 1082763700526 4
1 1082763700527 1
1 1082763700529 1
1 1082763700530 4
1 1082763700531 1
1 1082763700572 1
1 1082763700573 4
1 1082763700574 1
1 1082763700576 1
1 1082763700577 4
1 1082763700578 1
1 1082763700580 1
1 1082763700581 4
1 1082763700582 1
1 1082763700584 1
1 1082763700585 4
1 1082763700586 1
1 1082763700588 1
1 1082763700589 4
1 1082763700590 1
1 1082763700592 1
1 1082763700593 4
1 1082763700594 1
1 1082763700636 4
1 1082763700637 1
1 1082763700640 4
1 1082763700641 1
1 1082763700644 4
1 1082763700645 1
1 1082763700648 4
1 1082763700649 1
1 1082763700652 4
1 1082763700653 1
1 1082763700656 4
1 1082763700657 1
1 1082763700686 1
1 1082763700687 1
1 1082763700690 1
1 1082763700691 1
1 1082763700694 1
1 1082763700695 1
1 1082763700698 1
1 1082763700699 1
1 1082763700702 1
1 1082763700703 1
1 1082763700706 1
1 1082763700707 1
1 1082763700749 1
1 1082763700750 4
1 1082763700751 1
1 1082763700753 1
1 1082763700754 4
1 1082763700755 1
1 1082763700757 1
1 1082763700758 4
1 1082763700759 1
1 1082763700761 1
1 1082763700762 4
1 1082763700763 1
1 1082763700765 1
1 1082763700766 4
1 1082763700767 1
1 1082763700769 1
1 1082763700770 4
1 1082763700771 1
1 1082763700800 4
1 1082763700801 1
1 1082763700804 4
1 1082763700805 1
1 1082763700808 4
1 1082763700809 1
1 1082763700812 4
1 1082763700813 1
1 1082763700816 4
1 1082763700817 1
1 1082763700846 1
1 1082763700847 1
1 1082763700850 1
1 1082763700851 1
1 1082763700854 1
1 1082763700855 1
1 1082763700858 1
1 1082763700859 1
1 1082763700862 1
1 1082763700863 1
1 1082763700866 1
1 1082763700867 1
1 1082763700909 1
1 1082763700910 4
1 1082763700911 1
1 1082763700913 1
1 1082763700914 4
1 1082763700915 1
1 1082763700917 1
1 1082763700918 4
1 1082763700919 1
1 1082763700921 1
1 1082763700922 4
1 1082763700923 1
1 1082763700925 1
1 1082763700926 4
1 1082763700927 1
1 1082763700929 1
1 1082763700930 4
1 1082763700931 1
1 1082763700972 1
1 1082763700973 4
1 1082763700974 1
1 1082763700976 1
1 1082763700977 4
1 1082763700978 1
1 1082763700980 1
1 1082763700981 4
1 1082763700982 1
1 1082763700984 1
1 1082763700985 4
1 1082763700986 1
1 1082763700988 1
1 1082763700989 4
1 1082763700990 1
1 1082763700992 1
1 1082763700993 4
1 1082763700994 1
1 1082763701036 4
1 1082763701037 1
1 1082763701040 4
1 1082763701041 1
1 1082763701044 4
1 1082763701045 1
1 1082763701048 4
1 1082763701049 1
1 1082763701052 4
1 1082763701053 1
1 1082763701056 4
1 1082763701057 1
1 1082763701086 1
1 1082763701087 1
1 1082763701090 1
1 1082763701091 1
1 1082763701094 1
1 1082763701095 1
1 1082763701098 1
1 1082763701099 1
1 1082763701102 1
1 1082763701103 1
1 1082763701106 1
1 1082763701107 1
1 1082763701149 1
1 1082763701150 4
1 1082763701151 1
1 1082763701153 1
1 1082763701154 4
1 1082763701155 1
1 1082763701157 1
1 1082763701158 4
1 1082763701159 1
1 1082763701161 1
1 1082763701162 4
1 1082763701163 1
1 1082763701165 1
1 1082763701166 4
1 1082763701167 1
1 1082763701169 1
1 1082763701170 4
1 1082763701171 1
1 1082763701200 4
1 1082763701201 1
1 1082763701204 4
1 1082763701205 1
1 1082763701208 4
1 1082763701209 1
1 1082763701212 4
1 1082763701213 1
1 1082763701216 4
1 1082763701217 1
1 1082763701246 1
1 1082763701247 1
1 1082763701250 1
1 1082763701251 1
1 1082763701254 1
1 1082763701255 1
1 1082763701258 1
1 1082763701259 1
1 1082763701262 1
1 1082763701263 1
1 1082763701266 1
1 1082763701267 1
1 1082763701309 1
1 1082763701310 4
1 1082763701311 1
1 1082763701313 1
1 1082763701314 4
1 1082763701315 1
1 1082763701317 1
1 1082763701318 4
1 1082763701319 1
1 1082763701321 1
1 1082763701322 4
1 1082763701323 1
1 1082763701325 1
1 1082763701326 4
1 1082763701327 1
1 1082763701329 1
1 1082763701330 4
1 1082763701331 1
1 1082763701372 1
1 1082763701373 4
1 1082763701374 1
1 1082763701376 1
1 1082763701377 4
1 1082763701378 1
1 1082763701380 1
1 1082763701381 4
1 1082763701382 1
1 1082763701384 1
1 1082763701385 4
1 1082763701386 1
1 1082763701388 1
1 1082763701389 4
1 1082763701390 1
1 1082763701392 1
1 1082763701393 4
1 1082763701394 1
1 1082763701436 4
1 1082763701437 1
1 1082763701440 4
1 1082763701441 1
1 1082763701444 4
1 1082763701445 1
1 1082763701448 4
1 1082763701449 1
1 1082763701452 4
1 1082763701453 1
1 1082763701456 4
1 1082763701457 1
1 1082763701486 1
1 1082763701487 1
1 1082763701490 1
1 1082763701491 1
1 1082763701494 1
1 1082763701495 1
1 1082763701498 1
1 1082763701499 1
1 1082763701502 1
1 1082763701503 1
1 1082763701506 1
1 1082763701507 1
1 1082763701549 1
1 1082763701550 4
1 1082763701551 1
1 1082763701553 1
1 1082763701554 4
1 1082763701555 1
1 1082763701557 1
1 1082763701558 4
1 1082763701559 1
1 1082763701561 1
1 1082763701562 4
1 1082763701563 1
1 1082763701565 1
1 1082763701566 4
1 1082763701567 1
1 1082763701569 1
1 1082763701570 4
1 1082763701571 1
1 1082763701600 4
1 1082763701601 1
1 1082763701604 4
1 1082763701605 1
1 1082763701608 4
1 1082763701609 1
1 1082763701612 4
1 1082763701613 1
1 1082763701616 4
1 1082763701617 1
1 1082763701646 1
1 1082763701647 1
1 1082763701650 1
1 1082763701651 1
1 1082763701654 1
1 1082763701655 1
1 1082763701658 1
1 1082763701659 1
1 1082763701662 1
1 1082763701663 1
1 1082763701666 1
1 1082763701667 1
1 1082763701709 1
1 1082763701710 4
1 1082763701711 1
1 1082763701713 1
1 1082763701714 4
1 1082763701715 1
1 1082763701717 1
1 1082763701718 4
1 1082763701719 1
1 1082763701721 1
1 1082763701722 4
1 1082763701723 1
1 1082763701725 1
1 1082763701726 4
1 1082763701727 1
1 1082763701729 1
1 1082763701730 4
1 1082763701731 1
1 1082763701772 1
1 1082763701773 4
1 1082763701774 1
1 1082763701776 1
1 1082763701777 4
1 1082763701778 1
1 1082763701780 1
1 1082763701781 4
1 1082763701782 1
1 1082763701784 1
1 1082763701785 4
1 1082763701786 1
1 1082763701788 1
1 1082763701789 4
1 1082763701790 1
1 1082763701792 1
1 1082763701793 4
1 1082763701794 1
1 1082763701836 4
1 1082763701837 1
1 1082763701840 4
1 1082763701841 1
1 1082763701844 4
1 1082763701845 1
1 1082763701848 4
1 1082763701849 1
1 1082763701852 4
1 1082763701853 1
1 1082763701856 4
1 1082763701857 1
1 1082763701886 1
1 1082763701887 1
1 1082763701890 1
1 1082763701891 1
1 1082763701894 1
1 1082763701895 1
1 1082763701898 1
1 1082763701899 1
1 1082763701902 1
1 1082763701903 1
1 1082763701906 1
1 1082763701907 1
1 1082763701949 1
1 1082763701950 4
1 1082763701951 1
1 1082763701953 1
1 1082763701954 4
1 1082763701955 1
1 1082763701957 1
1 1082763701958 4
1 1082763701959 1
1 1082763701961 1
1 1082763701962 4
1 1082763701963 1
1 1082763701965 1
1 1082763701966 4
1 1082763701967 1
1 1082763701969 1
1 1082763701970 4
1 1082763701971 1
1 1082763702000 4
1 1082763702001 1
1 1082763702004 4
1 1082763702005 1
1 1082763702008 4
1 1082763702009 1
1 1082763702012 4
1 1082763702013 1
1 1082763702016 4
1 1082763702017 1
1 1082763702046 1
1 1082763702047 1
1 1082763702050 1
1 1082763702051 1
1 1082763702054 1
1 1082763702055 1
1 1082763702058 1
1 1082763702059 1
1 1082763702062 1
1 1082763702063 1
1 1082763702066 1
1 1082763702067 1
1 1082763702109 1
1 1082763702110 4
1 1082763702111 1
1 1082763702113 1
1 1082763702114 4
1 1082763702115 1
1 1082763702117 1
1 1082763702118 4
1 1082763702119 1
1 1082763702121 1
1 1082763702122 4
1 1082763702123 1
1 1082763702125 1
1 1082763702126 4
1 1082763702127 1
1 1082763702129 1
1 1082763702130 4
1 1082763702131 1
1 1082763702172 1
1 1082763702173 4
1 1082763702174 1
1 1082763702176 1
1 1082763702177 4
1 1082763702178 1
1 1082763702180 1
1 1082763702181 4
1 1082763702182 1
1 1082763702184 1
1 1082763702185 4
1 1082763702186 1
1 1082763702188 1
1 1082763702189 4
1 1082763702190 1
1 1082763702192 1
1 1082763702193 4
1 1082763702194 1
1 1082763702236 4
1 1082763702237 1
1 1082763702240 4
1 1082763702241 1
1 1082763702244 4
1 1082763702245 1
1 1082763702248 4
1 1082763702249 1
1 1082763702252 4
1 1082763702253 1
1 1082763702256 4
1 1082763702257 1
1 1082763702286 1
1 1082763702287 1
1 1082763702290 1
1 1082763702291 1
1 1082763702294 1
1 1082763702295 1
1 1082763702298 1
1 1082763702299 1
1 1082763702302 1
1 1082763702303 1
1 1082763702306 1
1 1082763702307 1
1 1082763702349 1
1 1082763702350 4
1 1082763702351 1
1 1082763702353 1
1 1082763702354 4
1 1082763702355 1
1 1082763702357 1
1 1082763702358 4
1 1082763702359 1
1 1082763702361 1
1 1082763702362 4
1 1082763702363 1
1 1082763702365 1
1 1082763702366 4
1 1082763702367 1
1 1082763702369 1
1 1082763702370 4
1 1082763702371 1
1 1082763702400 4
1 1082763702401 1
1 1082763702404 4
1 1082763702405 1
1 1082763702408 4
1 1082763702409 1
1 1082763702412 4
1 1082763702413 1
1 1082763702416 4
1 1082763702417 1
1 1082763702446 1
1 1082763702447 1
1 1082763702450 1
1 1082763702451 1
1 1082763702454 1
1 1082763702455 1
1 1082763702458 1
1 1082763702459 1
1 1082763702462 1
1 1082763702463 1
1 1082763702466 1
1 1082763702467 1
1 1082763702509 1
1 1082763702510 4
1 1082763702511 1
1 1082763702513 1
1 1082763702514 4
1 1082763702515 1
1 1082763702517 1
1 1082763702518 4
1 1082763702519 1
1 1082763702521 1
1 1082763702522 4
1 1082763702523 1
1 1082763702525 1
1 1082763702526 4
1 1082763702527 1
1 1082763702529 1
1 1082763702530 4
1 1082763702531 1
1 1082763702572 1
1 1082763702573 4
1 1082763702574 1
1 1082763702576 1
1 1082763702577 4
1 1082763702578 1
1 1082763702580 1
1 1082763702581 4
1 1082763702582 1
1 1082763702584 1
1 1082763702585 4
1 1082763702586 1
1 1082763702588 1
1 1082763702589 4
1 1082763702590 1
1 1082763702592 1
1 1082763702593 4
1 1082763702594 1
1 1082763702636 4
1 1082763702637 1
1 1082763702640 4
1 1082763702641 1
1 1082763702644 4
1 1082763702645 1
1 1082763702648 4
1 1082763702649 1
1 1082763702652 4
1 1082763702653 1
1 1082763702656 4
1 1082763702657 1
1 1082763702686 1
1 1082763702687 1
1 1082763702690 1
1 1082763702691 1
1 1082763702694 1
1 1082763702695 1
1 1082763702698 1
1 1082763702699 1
1 1082763702702 1
1 1082763702703 1
1 1082763702706 1
1 1082763702707 1
1 1082763702749 1
1 1082763702750 4
1 1082763702751 1
1 1082763702753 1
1 1082763702754 4
1 1082763702755 1
1 1082763702757 1
1 1082763702758 4
1 1082763702759 1
1 1082763702761 1
1 1082763702762 4
1 1082763702763 1
1 1082763702765 1
1 1082763702766 4
1 1082763702767 1
1 1082763702769 1
1 1082763702770 4
1 1082763702771 1
1 1082763702800 4
1 1082763702801 1
1 1082763702804 4
1 1082763702805 1
1 1082763702808 4
1 1082763702809 1
1 1082763702812 4
1 1082763702813 1
1 1082763702816 4
1 1082763702817 1
1 1082763702846 1
1 1082763702847 1
1 1082763702850 1
1 1082763702851 1
1 1082763702854 1
1 1082763702855 1
1 1082763702858 1
1 1082763702859 1
1 1082763702862 1
1 1082763702863 1
1 1082763702866 1
1 1082763702867 1
1 1082763702909 1
1 1082763702910 4
1 1082763702911 1
1 1082763702913 1
1 1082763702914 4
1 1082763702915 1
1 1082763702917 1
1 1082763702918 4
1 1082763702919 1
1 1082763702921 1
1 1082763702922 4
1 1082763702923 1
1 1082763702925 1
1 1082763702926 4
1 1082763702927 1
1 1082763702929 1
1 1082763702930 4
1 1082763702931 1
1 1082763702972 1
1 1082763702973 4
1 1082763702974 1
1 1082763702976 1
1 1082763702977 4
1 1082763702978 1
1 1082763702980 1
1 1082763702981 4
1 1082763702982 1
1 1082763702984 1
1 1082763702985 4
1 1082763702986 1
1 1082763702988 1
1 1082763702989 4
1 1082763702990 1
1 1082763702992 1
1 1082763702993 4
1 1082763702994 1
1 1082763703036 4
1 1082763703037 1
1 1082763703040 4
1 1082763703041 1
1 1082763703044 4
1 1082763703045 1
1 1082763703048 4
1 1082763703049 1
1 1082763703052 4
1 1082763703053 1
1 1082763703056 4
1 1082763703057 1
1 1082763703086 1
1 1082763703087 1
1 1082763703090 1
1 1082763703091 1
1 1082763703094 1
1 1082763703095 1
1 1082763703098 1
1 1082763703099 1
1 1082763703102 1
1 1082763703103 1
1 1082763703106 1
1 1082763703107 1
1 1082763703149 1
1 1082763703150 4
1 1082763703151 1
1 1082763703153 1
1 1082763703154 4
1 1082763703155 1
1 1082763703157 1
1 1082763703158 4
1 1082763703159 1
1 1082763703161 1
1 1082763703162 4
1 1082763703163 1
1 1082763703165 1
1 1082763703166 4
1 1082763703167 1
1 1082763703169 1
1 1082763703170 4
1 1082763703171 1
1 1082763703200 4
1 1082763703201 1
1 1082763703204 4
1 1082763703205 1
1 1082763703208 4
1 1082763703209 1
1 1082763703212 4
1 1082763703213 1
1 1082763703216 4
1 1082763703217 1
1 1082763703246 1
1 1082763703247 1
1 1082763703250 1
1 1082763703251 1
1 1082763703254 1
1 1082763703255 1
1 1082763703258 1
1 1082763703259 1
1 1082763703262 1
1 1082763703263 1
1 1082763703266 1
1 1082763703267 1
1 1082763703309 1
1 1082763703310 4
1 1082763703311 1
1 1082763703313 1
1 1082763703314 4
1 1082763703315 1
1 1082763703317 1
1 1082763703318 4
1 1082763703319 1
1 1082763703321 1
1 1082763703322 4
1 1082763703323 1
1 1082763703325 1
1 1082763703326 4
1 1082763703327 1
1 1082763703329 1
1 1082763703330 4
1 1082763703331 1
1 1082763703372 1
1 1082763703373 4
1 1082763703374 1
1 1082763703376 1
1 1082763703377 4
1 1082763703378 1
1 1082763703380 1
1 1082763703381 4
1 1082763703382 1
1 1082763703384 1
1 1082763703385 4
1 1082763703386 1
1 1082763703388 1
1 1082763703389 4
1 1082763703390 1
1 1082763703392 1
1 1082763703393 4
1 1082763703394 1
1 1082763703436 4
1 1082763703437 1
1 1082763703440 4
1 1082763703441 1
1 1082763703444 4
1 1082763703445 1
1 1082763703448 4
1 1082763703449 1
1 1082763703452 4
1 1082763703453 1
1 1082763703456 4
1 1082763703457 1
1 1082763703486 1
1 1082763703487 1
1 1082763703490 1
1 1082763703491 1
1 1082763703494 1
1 1082763703495 1
1 1082763703498 1
1 1082763703499 1
1 1082763703502 1
1 1082763703503 1
1 1082763703506 1
1 1082763703507 1
1 1082763703549 1
1 1082763703550 4
1 1082763703551 1
1 1082763703553 1
1 1082763703554 4
1 1082763703555 1
1 1082763703557 1
1 1082763703558 4
1 1082763703559 1
1 1082763703561 1
1 1082763703562 4
1 1082763703563 1
1 1082763703565 1
1 1082763703566 4
1 1082763703567 1
1 1082763703569 1
1 1082763703570 4
1 1082763703571 1
1 1082763703600 4
1 1082763703601 1
1 1082763703604 4
1 1082763703605 1
1 1082763703608 4
1 1082763703609 1
1 1082763703612 4
1 1082763703613 1
1 1082763703616 4
1 1082763703617 1
1 1082763703646 1
1 1082763703647 1
1 1082763703650 1
1 1082763703651 1
1 1082763703654 1
1 1082763703655 1
1 1082763703658 1
1 1082763703659 1
1 1082763703662 1
1 1082763703663 1
1 1082763703666 1
1 1082763703667 1
1 1082763703709 1
1 1082763703710 4
1 1082763703711 1
1 1082763703713 1
1 1082763703714 4
1 1082763703715 1
1 1082763703717 1
1 1082763703718 4
1 1082763703719 1
1 1082763703721 1
1 1082763703722 4
1 1082763703723 1
1 1082763703725 1
1 1082763703726 4
1 1082763703727 1
1 1082763703729 1
1 1082763703730 4
1 1082763703731 1
1 1082763703772 1
1 1082763703773 4
1 1082763703774 1
1 1082763703776 1
1 1082763703777 4
1 1082763703778 1
1 1082763703780 1
1 1082763703781 4
1 1082763703782 1
1 1082763703784 1
1 1082763703785 4
1 1082763703786 1
1 1082763703788 1
1 1082763703789 4
1 1082763703790 1
1 1082763703792 1
1 1082763703793 4
1 1082763703794 1
1 1082763703836 4
1 1082763703837 1
1 1082763703840 4
1 1082763703841 1
1 1082763703844 4
1 1082763703845 1
1 1082763703848 4
1 1082763703849 1
1 1082763703852 4
1 1082763703853 1
1 1082763703856 4
1 1082763703857 1
1 1082763703886 1
1 1082763703887 1
1 1082763703890 1
1 1082763703891 1
1 1082763703894 1
1 1082763703895 1
1 1082763703898 1
1 1082763703899 1
1 1082763703902 1
1 1082763703903 1
1 1082763703906 1
1 1082763703907 1
1 1082763703949 1
1 1082763703950 4
1 1082763703951 1
1 1082763703953 1
1 1082763703954 4
1 1082763703955 1
1 1082763703957 1
1 1082763703958 4
1 1082763703959 1
1 1082763703961 1
1 1082763703962 4
1 1082763703963 1
1 1082763703965 1
1 1082763703966 4
1 1082763703967 1
1 1082763703969 1
1 1082763703970 4
1 1082763703971 1
1 1082763704000 4
1 1082763704001 1
1 1082763704004 4
1 1082763704005 1
1 1082763704008 4
1 1082763704009 1
1 1082763704012 4
1 1082763704013 1
1 1082763704016 4
1 1082763704017 1
1 1082763704046 1
1 1082763704047 1
1 1082763704050 1
1 1082763704051 1
1 1082763704054 1
1 1082763704055 1
1 1082763704058 1
1 1082763704059 1
1 1082763704062 1
1 1082763704063 1
1 1082763704066 1
1 1082763704067 1
1 1082763704109 1
1 1082763704110 4
1 1082763704111 1
1 1082763704113 1
1 1082763704114 4
1 1082763704115 1
1 1082763704117 1
1 1082763704118 4
1 1082763704119 1
1 1082763704121 1
1 1082763704122 4
1 1082763704123 1
1 1082763704125 1
1 1082763704126 4
1 1082763704127 1
1 1082763704129 1
1 1082763704130 4
1 1082763704131 1
1 1082763704172 1
1 1082763704173 4
1 1082763704174 1
1 1082763704176 1
1 1082763704177 4
1 1082763704178 1
1 1082763704180 1
1 1082763704181 4
1 1082763704182 1
1 1082763704184 1
1 1082763704185 4
1 1082763704186 1
1 1082763704188 1
1 1082763704189 4
1 1082763704190 1
1 1082763704192 1
1 1082763704193 4
1 1082763704194 1
1 1082763704236 4
1 1082763704237 1
1 1082763704240 4
1 1082763704241 1
1 1082763704244 4
1 1082763704245 1
1 1082763704248 4
1 1082763704249 1
1 1082763704252 4
1 1082763704253 1
1 1082763704256 4
1 1082763704257 1
1 1082763704286 1
1 1082763704287 1
1 1082763704290 1
1 1082763704291 1
1 1082763704294 1
1 1082763704295 1
1 1082763704298 1
1 1082763704299 1
1 1082763704302 1
1 1082763704303 1
1 1082763704306 1
1 1082763704307 1
1 1082763704349 1
1 1082763704350 4
1 1082763704351 1
1 1082763704353 1
1 1082763704354 4
1 1082763704355 1
1 1082763704357 1
1 1082763704358 4
1 1082763704359 1
1 1082763704361 1
1 1082763704362 4
1 1082763704363 1
1 1082763704365 1
1 1082763704366 4
1 1082763704367 1
1 1082763704369 1
1 1082763704370 4
1 1082763704371 1
1 1082763704400 4
1 1082763704401 1
1 1082763704404 4
1 1082763704405 1
1 1082763704408 4
1 1082763704409 1
1 1082763704412 4
1 1082763704413 1
1 1082763704416 4
1 1082763704417 1
1 1082763704446 1
1 1082763704447 1
1 1082763704450 1
1 1082763704451 1
1 1082763704454 1
1 1082763704455 1
1 1082763704458 1
1 1082763704459 1
1 1082763704462 1
1 1082763704463 1
1 1082763704466 1
1 1082763704467 1
1 1082763704509 1
1 1082763704510 4
1 1082763704511 1
1 1082763704513 1
1 1082763704514 4
1 1082763704515 1
1 1082763704517 1
1 1082763704518 4
1 1082763704519 1
1 1082763704521 1
1 1082763704522 4
1 1082763704523 1
1 1082763704525 1
1 1082763704526 4
1 1082763704527 1
1 1082763704529 1
1 1082763704530 4
1 1082763704531 1
1 1082763704572 1
1 1082763704573 4
1 1082763704574 1
1 1082763704576 1
1 1082763704577 4
1 1082763704578 1
1 1082763704580 1
1 1082763704581 4
1 1082763704582 1
1 1082763704584 1
1 1082763704585 4
1 1082763704586 1
1 1082763704588 1
1 1082763704589 4
1 1082763704590 1
1 1082763704592 1
1 1082763704593 4
1 1082763704594 1
1 1082763704636 4
1 1082763704637 1
1 1082763704640 4
1 1082763704641 1
1 1082763704644 4
1 1082763704645 1
1 1082763704648 4
1 1082763704649 1
1 1082763704652 4
1 1082763704653 1
1 1082763704656 4
1 1082763704657 1
1 1082763704686 1
1 1082763704687 1
1 1082763704690 1
1 1082763704691 1
1 1082763704694 1
1 1082763704695 1
1 1082763704698 1
1 1082763704699 1
1 1082763704702 1
1 1082763704703 1
1 1082763704706 1
1 1082763704707 1
1 1082763704749 1
1 1082763704750 4
1 1082763704751 1
1 1082763704753 1
1 1082763704754 4
1 1082763704755 1
1 1082763704757 1
1 1082763704758 4
1 1082763704759 1
1 1082763704761 1
1 1082763704762 4
1 1082763704763 1
1 1082763704765 1
1 1082763704766 4
1 1082763704767 1
1 1082763704769 1
1 1082763704770 4
1 1082763704771 1
1 1082763704800 4
1 1082763704801 1
1 1082763704804 4
1 1082763704805 1
1 1082763704808 4
1 1082763704809 1
1 1082763704812 4
1 1082763704813 1
1 1082763704816 4
1 1082763704817 1
1 1082763704846 1
1 1082763704847 1
1 1082763704850 1
1 1082763704851 1
1 1082763704854 1
1 1082763704855 1
1 1082763704858 1
1 1082763704859 1
1 1082763704862 1
1 1082763704863 1
1 1082763704866 1
1 1082763704867 1
1 1082763704909 1
1 1082763704910 4
1 1082763704911 1
1 1082763704913 1
1 1082763704914 4
1 1082763704915 1
1 1082763704917 1
1 1082763704918 4
1 1082763704919 1
1 1082763704921 1
1 1082763704922 4
1 1082763704923 1
1 1082763704925 1
1 1082763704926 4
1 1082763704927 1
1 1082763704929 1
1 1082763704930 4
1 1082763704931 1
1 1082763704972 1
1 1082763704973 4
1 1082763704974 1
1 1082763704976 1
1 1082763704977 4
1 1082763704978 1
1 1082763704980 1
1 1082763704981 4
1 1082763704982 1
1 1082763704984 1
1 1082763704985 4
1 1082763704986 1
1 1082763704988 1
1 1082763704989 4
1 1082763704990 1
1 1082763704992 1
1 1082763704993 4
1 1082763704994 1
1 1082763705036 4
1 1082763705037 1
1 1082763705040 4
1 1082763705041 1
1 1082763705044 4
1 1082763705045 1
1 1082763705048 4
1 1082763705049 1
1 1082763705052 4
1 1082763705053 1
1 1082763705056 4
1 1082763705057 1
1 1082763705086 1
1 1082763705087 1
1 1082763705090 1
1 1082763705091 1
1 1082763705094 1
1 1082763705095 1
1 1082763705098 1
1 1082763705099 1
1 1082763705102 1
1 1082763705103 1
1 1082763705106 1
1 1082763705107 1
1 1082763705149 1
1 1082763705150 4
1 1082763705151 1
1 1082763705153 1
1 1082763705154 4
1 1082763705155 1
1 1082763705157 1
1 1082763705158 4
1 1082763705159 1
1 1082763705161 1
1 1082763705162 4
1 1082763705163 1
1 1082763705165 1
1 1082763705166 4
1 1082763705167 1
1 1082763705169 1
1 1082763705170 4
1 1082763705171 1
1 1082763705200 4
1 1082763705201 1
1 1082763705204 4
1 1082763705205 1
1 1082763705208 4
1 1082763705209 1
1 1082763705212 4
1 1082763705213 1
1 1082763705216 4
1 1082763705217 1
1 1082763705246 1
1 1082763705247 1
1 1082763705250 1
1 1082763705251 1
1 1082763705254 1
1 1082763705255 1
1 1082763705258 1
1 1082763705259 1
1 1082763705262 1
1 1082763705263 1
1 1082763705266 1
1 1082763705267 1
1 1082763705309 1
1 1082763705310 4
1 1082763705311 1
1 1082763705313 1
1 1082763705314 4
1 1082763705315 1
1 1082763705317 1
1 1082763705318 4
1 1082763705319 1
1 1082763705321 1
1 1082763705322 4
1 1082763705323 1
1 1082763705325 1
1 1082763705326 4
1 1082763705327 1
1 1082763705329 1
1 1082763705330 4
1 1082763705331 1
1 1082763705372 1
1 1082763705373 4
1 1082763705374 1
1 1082763705376 1
1 1082763705377 4
1 1082763705378 1
1 1082763705380 1
1 1082763705381 4
1 1082763705382 1
1 1082763705384 1
1 1082763705385 4
1 1082763705386 1
1 1082763705388 1
1 1082763705389 4
1 1082763705390 1
1 1082763705392 1
1 1082763705393 4
1 1082763705394 1
1 1082763705436 4
1 1082763705437 1
1 1082763705440 4
1 1082763705441 1
1 1082763705444 4
1 1082763705445 1
1 1082763705448 4
1 1082763705449 1
1 1082763705452 4
1 1082763705453 1
1 1082763705456 4
1 1082763705457 1
1 1082763705486 1
1 1082763705487 1
1 1082763705490 1
1 1082763705491 1
1 1082763705494 1
1 1082763705495 1
1 1082763705498 1
1 1082763705499 1
1 1082763705502 1
1 1082763705503 1
1 1082763705506 1
1 1082763705507 1
1 1082763705549 1
1 1082763705550 4
1 1082763705551 1
1 1082763705553 1
1 1082763705554 4
1 1082763705555 1
1 1082763705557 1
1 1082763705558 4
1 1082763705559 1
1 1082763705561 1
1 1082763705562 4
1 1082763705563 1
1 1082763705565 1
1 1082763705566 4
1 1082763705567 1
1 1082763705569 1
1 1082763705570 4
1 1082763705571 1
1 1082763705600 4
1 1082763705601 1
1 1082763705604 4
1 1082763705605 1
1 1082763705608 4
1 1082763705609 1
1 1082763705612 4
1 1082763705613 1
1 1082763705616 4
1 1082763705617 1
1 1082763705646 1
1 1082763705647 1
1 1082763705650 1
1 1082763705651 1
1 1082763705654 1
1 1082763705655 1
1 1082763705658 1
1 1082763705659 1
1 1082763705662 1
1 1082763705663 1
1 1082763705666 1
1 1082763705667 1
1 1082763705709 1
1 1082763705710 4
1 1082763705711 1
1 1082763705713 1
1 1082763705714 4
1 1082763705715 1
1 1082763705717 1
1 1082763705718 4
1 1082763705719 1
1 1082763705721 1
1 1082763705722 4
1 1082763705723 1
1 1082763705725 1
1 1082763705726 4
1 1082763705727 1
1 1082763705729 1
1 1082763705730 4
1 1082763705731 1
1 1082763705772 1
1 1082763705773 4
1 1082763705774 1
1 1082763705776 1
1 1082763705777 4
1 1082763705778 1
1 1082763705780 1
1 1082763705781 4
1 1082763705782 1
1 1082763705784 1
1 1082763705785 4
1 1082763705786 1
1 1082763705788 1
1 1082763705789 4
1 1082763705790 1
1 1082763705792 1
1 1082763705793 4
1 1082763705794 1
1 1082763705836 4
1 1082763705837 1
1 1082763705840 4
1 1082763705841 1
1 1082763705844 4
1 1082763705845 1
1 1082763705848 4
1 1082763705849 1
1 1082763705852 4
1 1082763705853 1
1 1082763705856 4
1 1082763705857 1
1 1082763705886 1
1 1082763705887 1
1 1082763705890 1
1 1082763705891 1
1 1082763705894 1
1 1082763705895 1
1 1082763705898 1
1 1082763705899 1
1 1082763705902 1
1 1082763705903 1
1 1082763705906 1
1 1082763705907 1
1 1082763705949 1
1 1082763705950 4
1 1082763705951 1
1 1082763705953 1
1 1082763705954 4
1 1082763705955 1
1 1082763705957 1
1 1082763705958 4
1 1082763705959 1
1 1082763705961 1
1 1082763705962 4
1 1082763705963 1
1 1082763705965 1
1 1082763705966 4
1 1082763705967 1
1 1082763705969 1
1 1082763705970 4
1 1082763705971 1
1 1082763706000 4
1 1082763706001 1
1 1082763706004 4
1 1082763706005 1
1 1082763706008 4
1 1082763706009 1
1 1082763706012 4
1 1082763706013 1
1 1082763706016 4
1 1082763706017 1
1 1082763706046 1
1 1082763706047 1
1 1082763706050 1
1 1082763706051 1
1 1082763706054 1
1 1082763706055 1
1 1082763706058 1
1 1082763706059 1
1 1082763706062 1
1 1082763706063 1
1 1082763706066 1
1 1082763706067 1
1 1082763706109 1
1 1082763706110 4
1 1082763706111 1
1 1082763706113 1
1 1082763706114 4
1 1082763706115 1
1 1082763706117 1
1 1082763706118 4
1 1082763706119 1
1 1082763706121 1
1 1082763706122 4
1 1082763706123 1
1 1082763706125 1
1 1082763706126 4
1 1082763706127 1
1 1082763706129 1
1 1082763706130 4
1 1082763706131 1
1 1082763706172 1
1 1082763706173 4
1 1082763706174 1
1 1082763706176 1
1 1082763706177 4
1 1082763706178 1
1 1082763706180 1
1 1082763706181 4
1 1082763706182 1
1 1082763706184 1
1 1082763706185 4
1 1082763706186 1
1 1082763706188 1
1 1082763706189 4
1 1082763706190 1
1 1082763706192 1
1 1082763706193 4
1 1082763706194 1
1 1082763706236 4
1 1082763706237 1
1 1082763706240 4
1 1082763706241 1
1 1082763706244 4
1 1082763706245 1
1 1082763706248 4
1 1082763706249 1
1 1082763706252 4
1 1082763706253 1
1 1082763706256 4
1 1082763706257 1
1 1082763706286 1
1 1082763706287 1
1 1082763706290 1
1 1082763706291 1
1 1082763706294 1
1 1082763706295 1
1 1082763706298 1
1 1082763706299 1
1 1082763706302 1
1 1082763706303 1
1 1082763706306 1
1 1082763706307 1
1 1082763706349 1
1 1082763706350 4
1 1082763706351 1
1 1082763706353 1
1 1082763706354 4
1 1082763706355 1
1 1082763706357 1
1 1082763706358 4
1 1082763706359 1
1 1082763706361 1
1 1082763706362 4
1 1082763706363 1
1 1082763706365 1
1 1082763706366 4
1 1082763706367 1
1 1082763706369 1
1 1082763706370 4
1 1082763706371 1
1 1082763706400 4
1 1082763706401 1
1 1082763706404 4
1 1082763706405 1
1 1082763706408 4
1 1082763706409 1
1 1082763706412 4
1 1082763706413 1
1 1082763706416 4
1 1082763706417 1
1 1082763706446 1
1 1082763706447 1
1 1082763706450 1
1 1082763706451 1
1 1082763706454 1
1 1082763706455 1
1 1082763706458 1
1 1082763706459 1
1 1082763706462 1
1 1082763706463 1
1 1082763706466 1
1 1082763706467 1
1 1082763706509 1
1 1082763706510 4
1 1082763706511 1
1 1082763706513 1
1 1082763706514 4
1 1082763706515 1
1 1082763706517 1
1 1082763706518 4
1 1082763706519 1
1 1082763706521 1
1 1082763706522 4
1 1082763706523 1
1 1082763706525 1
1 1082763706526 4
1 1082763706527 1
1 1082763706529 1
1 1082763706530 4
1 1082763706531 1
1 1082763706572 1
1 1082763706573 4
1 1082763706574 1
1 1082763706576 1
1 1082763706577 4
1 1082763706578 1
1 1082763706580 1
1 1082763706581 4
1 1082763706582 1
1 1082763706584 1
1 1082763706585 4
1 1082763706586 1
1 1082763706588 1
1 1082763706589 4
1 1082763706590 1
1 1082763706592 1
1 1082763706593 4
1 1082763706594 1
1 1082763706636 4
1 1082763706637 1
1 1082763706640 4
1 1082763706641 1
1 1082763706644 4
1 1082763706645 1
1 1082763706648 4
1 1082763706649 1
1 1082763706652 4
1 1082763706653 1
1 1082763706656 4
1 1082763706657 1
1 1082763706686 1
1 1082763706687 1
1 1082763706690 1
1 1082763706691 1
1 1082763706694 1
1 1082763706695 1
1 1082763706698 1
1 1082763706699 1
1 1082763706702 1
1 1082763706703 1
1 1082763706706 1
1 1082763706707 1
1 1082763706749 1
1 1082763706750 4
1 1082763706751 1
1 1082763706753 1
1 1082763706754 4
1 1082763706755 1
1 1082763706757 1
1 1082763706758 4
1 1082763706759 1
1 1082763706761 1
1 1082763706762 4
1 1082763706763 1
1 1082763706765 1
1 1082763706766 4
1 1082763706767 1
1 1082763706769 1
1 1082763706770 4
1 1082763706771 1
1 1082763706800 4
1 1082763706801 1
1 1082763706804 4
1 1082763706805 1
1 1082763706808 4
1 1082763706809 1
1 1082763706812 4
1 1082763706813 1
1 1082763706816 4
1 1082763706817 1
1 1082763706846 1
1 1082763706847 1
1 1082763706850 1
1 1082763706851 1
1 1082763706854 1
1 1082763706855 1
1 1082763706858 1
1 1082763706859 1
1 1082763706862 1
1 1082763706863 1
1 1082763706866 1
1 1082763706867 1
1 1082763706909 1
1 1082763706910 4
1 1082763706911 1
1 1082763706913 1
1 1082763706914 4
1 1082763706915 1
1 1082763706917 1
1 1082763706918 4
1 1082763706919 1
1 1082763706921 1
1 1082763706922 4
1 1082763706923 1
1 1082763706925 1
1 1082763706926 4
1 1082763706927 1
1 1082763706929 1
1 1082763706930 4
1 1082763706931 1
1 1082763706972 1
1 1082763706973 4
1 1082763706974 1
1 1082763706976 1
1 1082763706977 4
1 1082763706978 1
1 1082763706980 1
1 1082763706981 4
1 1082763706982 1
1 1082763706984 1
1 1082763706985 4
1 1082763706986 1
1 1082763706988 1
1 1082763706989 4
1 1082763706990 1
1 1082763706992 1
1 1082763706993 4
1 1082763706994 1
1 1082763707036 4
1 1082763707037 1
1 1082763707040 4
1 1082763707041 1
1 1082763707044 4
1 1082763707045 1
1 1082763707048 4
1 1082763707049 1
1 1082763707052 4
1 1082763707053 1
1 1082763707056 4
1 1082763707057 1
1 1082763707086 1
1 1082763707087 1
1 1082763707090 1
1 1082763707091 1
1 1082763707094 1
1 1082763707095 1
1 1082763707098 1
1 1082763707099 1
1 1082763707102 1
1 1082763707103 1
1 1082763707106 1
1 1082763707107 1
1 1082763707149 1
1 1082763707150 4
1 1082763707151 1
1 1082763707153 1
1 1082763707154 4
1 1082763707155 1
1 1082763707157 1
1 1082763707158 4
1 1082763707159 1
1 1082763707161 1
1 1082763707162 4
1 1082763707163 1
1 1082763707165 1
1 1082763707166 4
1 1082763707167 1
1 1082763707169 1
1 1082763707170 4
1 1082763707171 1
1 1082763707200 4
1 1082763707201 1
1 1082763707204 4
1 1082763707205 1
1 1082763707208 4
1 1082763707209 1
1 1082763707212 4
1 1082763707213 1
1 1082763707216 4
1 1082763707217 1
1 1082763707246 1
1 1082763707247 1
1 1082763707250 1
1 1082763707251 1
1 1082763707254 1
1 1082763707255 1
1 1082763707258 1
1 1082763707259 1
1 1082763707262 1
1 1082763707263 1
1 1082763707266 1
1 1082763707267 1
1 1082763707309 1
1 1082763707310 4
1 1082763707311 1
1 1082763707313 1
1 1082763707314 4
1 1082763707315 1
1 1082763707317 1
1 1082763707318 4
1 1082763707319 1
1 1082763707321 1
1 1082763707322 4
1 1082763707323 1
1 1082763707325 1
1 1082763707326 4
1 1082763707327 1
1 1082763707329 1
1 1082763707330 4
1 1082763707331 1
1 1082763707372 1
1 1082763707373 4
1 1082763707374 1
1 1082763707376 1
1 1082763707377 4
1 1082763707378 1
1 1082763707380 1
1 1082763707381 4
1 1082763707382 1
1 1082763707384 1
1 1082763707385 4
1 1082763707386 1
1 1082763707388 1
1 1082763707389 4
1 1082763707390 1
1 1082763707392 1
1 1082763707393 4
1 1082763707394 1
1 1082763707436 4
1 1082763707437 1
1 1082763707440 4
1 1082763707441 1
1 1082763707444 4
1 1082763707445 1
1 1082763707448 4
1 1082763707449 1
1 1082763707452 4
1 1082763707453 1
1 1082763707456 4
1 1082763707457 1
1 1082763707486 1
1 1082763707487 1
1 1082763707490 1
1 1082763707491 1
1 1082763707494 1
1 1082763707495 1
1 1082763707498 1
1 1082763707499 1
1 1082763707502 1
1 1082763707503 1
1 1082763707506 1
1 1082763707507 1
1 1082763707549 1
1 1082763707550 4
1 1082763707551 1
1 1082763707553 1
1 1082763707554 4
1 1082763707555 1
1 1082763707557 1
1 1082763707558 4
1 1082763707559 1
1 1082763707561 1
1 1082763707562 4
1 1082763707563 1
1 1082763707565 1
1 1082763707566 4
1 1082763707567 1
1 1082763707569 1
1 1082763707570 4
1 1082763707571 1
1 1082763707600 4
1 1082763707601 1
1 1082763707604 4
1 1082763707605 1
1 1082763707608 4
1 1082763707609 1
1 1082763707612 4
1 1082763707613 1
1 1082763707616 4
1 1082763707617 1
1 1082763707646 1
1 1082763707647 1
1 1082763707650 1
1 1082763707651 1
1 1082763707654 1
1 1082763707655 1
1 1082763707658 1
1 1082763707659 1
1 1082763707662 1
1 1082763707663 1
1 1082763707666 1
1 1082763707667 1
1 1082763707709 1
1 1082763707710 4
1 1082763707711 1
1 1082763707713 1
1 1082763707714 4
1 1082763707715 1
1 1082763707717 1
1 1082763707718 4
1 1082763707719 1
1 1082763707721 1
1 1082763707722 4
1 1082763707723 1
1 1082763707725 1
1 1082763707726 4
1 1082763707727 1
1 1082763707729 1
1 1082763707730 4
1 1082763707731 1
1 1082763707772 1
1 1082763707773 4
1 1082763707774 1
1 1082763707776 1
1 1082763707777 4
1 1082763707778 1
1 1082763707780 1
1 1082763707781 4
1 1082763707782 1
1 1082763707784 1
1 1082763707785 4
1 1082763707786 1
1 1082763707788 1
1 1082763707789 4
1 1082763707790 1
1 1082763707792 1
1 1082763707793 4
1 1082763707794 1
1 1082763707836 4
1 1082763707837 1
1 1082763707840 4
1 1082763707841 1
1 1082763707844 4
1 1082763707845 1
1 1082763707848 4
1 1082763707849 1
1 1082763707852 4
1 1082763707853 1
1 1082763707856 4
1 1082763707857 1
1 1082763707886 1
1 1082763707887 1
1 1082763707890 1
1 1082763707891 1
1 1082763707894 1
1 1082763707895 1
1 1082763707898 1
1 1082763707899 1
1 1082763707902 1
1 1082763707903 1
1 1082763707906 1
1 1082763707907 1
1 1082763707949 1
1 1082763707950 4
1 1082763707951 1
1 1082763707953 1
1 1082763707954 4
1 1082763707955 1
1 1082763707957 1
1 1082763707958 4
1 1082763707959 1
1 1082763707961 1
1 1082763707962 4
1 1082763707963 1
1 1082763707965 1
1 1082763707966 4
1 1082763707967 1
1 1082763707969 1
1 1082763707970 4
1 1082763707971 1
1 1082763708000 4
1 1082763708001 1
1 1082763708004 4
1 1082763708005 1
1 1082763708008 4
1 1082763708009 1
1 1082763708012 4
1 1082763708013 1
1 1082763708016 4
1 1082763708017 1
1 1082763708046 1
1 1082763708047 1
1 1082763708050 1
1 1082763708051 1
1 1082763708054 1
1 1082763708055 1
1 1082763708058 1
1 1082763708059 1
1 1082763708062 1
1 1082763708063 1
1 1082763708066 1
1 1082763708067 1
1 1082763708109 1
1 1082763708110 4
1 1082763708111 1
1 1082763708113 1
1 1082763708114 4
1 1082763708115 1
1 1082763708117 1
1 1082763708118 4
1 1082763708119 1
1 1082763708121 1
1 1082763708122 4
1 1082763708123 1
1 1082763708125 1
1 1082763708126 4
1 1082763708127 1
1 1082763708129 1
1 1082763708130 4
1 1082763708131 1
1 1082763708172 1
1 1082763708173 4
1 1082763708174 1
1 1082763708176 1
1 1082763708177 4
1 1082763708178 1
1 1082763708180 1
1 1082763708181 4
1 1082763708182 1
1 1082763708184 1
1 1082763708185 4
1 1082763708186 1
1 1082763708188 1
1 1082763708189 4
1 1082763708190 1
1 1082763708192 1
1 1082763708193 4
1 1082763708194 1
1 1082763708236 4
1 1082763708237 1
1 1082763708240 4
1 1082763708241 1
1 1082763708244 4
1 1082763708245 1
1 1082763708248 4
1 1082763708249 1
1 1082763708252 4
1 1082763708253 1
1 1082763708256 4
1 1082763708257 1
1 1082763708286 1
1 1082763708287 1
1 1082763708290 1
1 1082763708291 1
1 1082763708294 1
1 1082763708295 1
1 1082763708298 1
1 1082763708299 1
1 1082763708302 1
1 1082763708303 1
1 1082763708306 1
1 1082763708307 1
1 1082763708349 1
1 1082763708350 4
1 1082763708351 1
1 1082763708353 1
1 1082763708354 4
1 1082763708355 1
1 1082763708357 1
1 1082763708358 4
1 1082763708359 1
1 1082763708361 1
1 1082763708362 4
1 1082763708363 1
1 1082763708365 1
1 1082763708366 4
1 1082763708367 1
1 1082763708369 1
1 1082763708370 4
1 1082763708371 1
1 1082763708400 4
1 1082763708401 1
1 1082763708404 4
1 1082763708405 1
1 1082763708408 4
1 1082763708409 1
1 1082763708412 4
1 1082763708413 1
1 1082763708416 4
1 1082763708417 1
1 1082763708446 1
1 1082763708447 1
1 1082763708450 1
1 1082763708451 1
1 1082763708454 1
1 1082763708455 1
1 1082763708458 1
1 1082763708459 1
1 1082763708462 1
1 1082763708463 1
1 1082763708466 1
1 1082763708467 1
1 1082763708509 1
1 1082763708510 4
1 1082763708511 1
1 1082763708513 1
1 1082763708514 4
1 1082763708515 1
1 1082763708517 1
1 1082763708518 4
1 1082763708519 1
1 1082763708521 1
1 1082763708522 4
1 1082763708523 1
1 1082763708525 1
1 1082763708526 4
1 1082763708527 1
1 1082763708529 1
1 1082763708530 4
1 1082763708531 1
1 1082763708572 1
1 1082763708573 4
1 1082763708574 1
1 1082763708576 1
1 1082763708577 4
1 1082763708578 1
1 1082763708580 1
1 1082763708581 4
1 1082763708582 1
1 1082763708584 1
1 1082763708585 4
1 1082763708586 1
1 1082763708588 1
1 1082763708589 4
1 1082763708590 1
1 1082763708592 1
1 1082763708593 4
1 1082763708594 1
1 1082763708636 4
1 1082763708637 1
1 1082763708640 4
1 1082763708641 1
1 1082763708644 4
1 1082763708645 1
1 1082763708648 4
1 1082763708649 1
1 1082763708652 4
1 1082763708653 1
1 1082763708656 4
1 1082763708657 1
1 1082763708686 1
1 1082763708687 1
1 1082763708690 1
1 1082763708691 1
1 1082763708694 1
1 1082763708695 1
1 1082763708698 1
1 1082763708699 1
1 1082763708702 1
1 1082763708703 1
1 1082763708706 1
1 1082763708707 1
1 1082763708749 1
1 1082763708750 4
1 1082763708751 1
1 1082763708753 1
1 1082763708754 4
1 1082763708755 1
1 1082763708757 1
1 1082763708758 4
1 1082763708759 1
1 1082763708761 1
1 1082763708762 4
1 1082763708763 1
1 1082763708765 1
1 1082763708766 4
1 1082763708767 1
1 1082763708769 1
1 1082763708770 4
1 1082763708771 1
1 1082763708800 4
1 1082763708801 1
1 1082763708804 4
1 1082763708805 1
1 1082763708808 4
1 1082763708809 1
1 1082763708812 4
1 1082763708813 1
1 1082763708816 4
1 1082763708817 1
1 1082763708846 1
1 1082763708847 1
1 1082763708850 1
1 1082763708851 1
1 1082763708854 1
1 1082763708855 1
1 1082763708858 1
1 1082763708859 1
1 1082763708862 1
1 1082763708863 1
1 1082763708866 1
1 1082763708867 1
1 1082763708909 1
1 1082763708910 4
1 1082763708911 1
1 1082763708913 1
1 1082763708914 4
1 1082763708915 1
1 1082763708917 1
1 1082763708918 4
1 1082763708919 1
1 1082763708921 1
1 1082763708922 4
1 1082763708923 1
1 1082763708925 1
1 1082763708926 4
1 1082763708927 1
1 1082763708929 1
1 1082763708930 4
1 1082763708931 1
1 1082763708972 1
1 1082763708973 4
1 1082763708974 1
1 1082763708976 1
1 1082763708977 4
1 1082763708978 1
1 1082763708980 1
1 1082763708981 4
1 1082763708982 1
1 1082763708984 1
1 1082763708985 4
1 1082763708986 1
1 1082763708988 1
1 1082763708989 4
1 1082763708990 1
1 1082763708992 1
1 1082763708993 4
1 1082763708994 1
1 1082763709036 4
1 1082763709037 1
1 1082763709040 4
1 1082763709041 1
1 1082763709044 4
1 1082763709045 1
1 1082763709048 4
1 1082763709049 1
1 1082763709052 4
1 1082763709053 1
1 1082763709056 4
1 1082763709057 1
1 1082763709086 1
1 1082763709087 1
1 1082763709090 1
1 1082763709091 1
1 1082763709094 1
1 1082763709095 1
1 1082763709098 1
1 1082763709099 1
1 1082763709102 1
1 1082763709103 1
1 1082763709106 1
1 1082763709107 1
1 1082763709149 1
1 1082763709150 4
1 1082763709151 1
1 1082763709153 1
1 1082763709154 4
1 1082763709155 1
1 1082763709157 1
1 1082763709158 4
1 1082763709159 1
1 1082763709161 1
1 1082763709162 4
1 1082763709163 1
1 1082763709165 1
1 1082763709166 4
1 1082763709167 1
1 1082763709169 1
1 1082763709170 4
1 1082763709171 1
1 1082763709200 4
1 1082763709201 1
1 1082763709204 4
1 1082763709205 1
1 1082763709208 4
1 1082763709209 1
1 1082763709212 4
1 1082763709213 1
1 1082763709216 4
1 1082763709217 1
1 1082763709246 1
1 1082763709247 1
1 1082763709250 1
1 1082763709251 1
1 1082763709254 1
1 1082763709255 1
1 1082763709258 1
1 1082763709259 1
1 1082763709262 1
1 1082763709263 1
1 1082763709266 1
1 1082763709267 1
1 1082763709309 1
1 1082763709310 4
1 1082763709311 1
1 1082763709313 1
1 1082763709314 4
1 1082763709315 1
1 1082763709317 1
1 1082763709318 4
1 1082763709319 1
1 1082763709321 1
1 1082763709322 4
1 1082763709323 1
1 1082763709325 1
1 1082763709326 4
1 1082763709327 1
1 1082763709329 1
1 1082763709330 4
1 1082763709331 1
1 1082763709372 1
1 1082763709373 4
1 1082763709374 1
1 1082763709376 1
1 1082763709377 4
1 1082763709378 1
1 1082763709380 1
1 1082763709381 4
1 1082763709382 1
1 1082763709384 1
1 1082763709385 4
1 1082763709386 1
1 1082763709388 1
1 1082763709389 4
1 1082763709390 1
1 1082763709392 1
1 1082763709393 4
1 1082763709394 1
1 1082763709436 4
1 1082763709437 1
1 1082763709440 4
1 1082763709441 1
1 1082763709444 4
1 1082763709445 1
1 1082763709448 4
1 1082763709449 1
1 1082763709452 4
1 1082763709453 1
1 1082763709456 4
1 1082763709457 1
1 1082763709486 1
1 1082763709487 1
1 1082763709490 1
1 1082763709491 1
1 1082763709494 1
1 1082763709495 1
1 1082763709498 1
1 1082763709499 1
1 1082763709502 1
1 1082763709503 1
1 1082763709506 1
1 1082763709507 1
1 1082763709549 1
1 1082763709550 4
1 1082763709551 1
1 1082763709553 1
1 1082763709554 4
1 1082763709555 1
1 1082763709557 1
1 1082763709558 4
1 1082763709559 1
1 1082763709561 1
1 1082763709562 4
1 1082763709563 1
1 1082763709565 1
1 1082763709566 4
1 1082763709567 1
1 1082763709569 1
1 1082763709570 4
1 1082763709571 1
1 1082763709600 4
1 1082763709601 1
1 1082763709604 4
1 1082763709605 1
1 1082763709608 4
1 1082763709609 1
1 1082763709612 4
1 1082763709613 1
1 1082763709616 4
1 1082763709617 1
1 1082763709646 1
1 1082763709647 1
1 1082763709650 1
1 1082763709651 1
1 1082763709654 1
1 1082763709655 1
1 1082763709658 1
1 1082763709659 1
1 1082763709662 1
1 1082763709663 1
1 1082763709666 1
1 1082763709667 1
1 1082763709709 1
1 1082763709710 4
1 1082763709711 1
1 1082763709713 1
1 1082763709714 4
1 1082763709715 1
1 1082763709717 1
1 1082763709718 4
1 1082763709719 1
1 1082763709721 1
1 1082763709722 4
1 1082763709723 1
1 1082763709725 1
1 1082763709726 4
1 1082763709727 1
1 1082763709729 1
1 1082763709730 4
1 1082763709731 1
1 1082763709772 1
1 1082763709773 4
1 1082763709774 1
1 1082763709776 1
1 1082763709777 4
1 1082763709778 1
1 1082763709780 1
1 1082763709781 4
1 1082763709782 1
1 1082763709784 1
1 1082763709785 4
1 1082763709786 1
1 1082763709788 1
1 1082763709789 4
1 1082763709790 1
1 1082763709792 1
1 1082763709793 4
1 1082763709794 1
1 1082763709836 4
1 1082763709837 1
1 1082763709840 4
1 1082763709841 1
1 1082763709844 4
1 1082763709845 1
1 1082763709848 4
1 1082763709849 1
1 1082763709852 4
1 1082763709853 1
1 1082763709856 4
1 1082763709857 1
1 1082763709886 1
1 1082763709887 1
1 1082763709890 1
1 1082763709891 1
1 1082763709894 1
1 1082763709895 1
1 1082763709898 1
1 1082763709899 1
1 1082763709902 1
1 1082763709903 1
1 1082763709906 1
1 1082763709907 1
1 1082763709949 1
1 1082763709950 4
1 1082763709951 1
1 1082763709953 1
1 1082763709954 4
1 1082763709955 1
1 1082763709957 1
1 1082763709958 4
1 1082763709959 1
1 1082763709961 1
1 1082763709962 4
1 1082763709963 1
1 1082763709965 1
1 1082763709966 4
1 1082763709967 1
1 1082763709969 1
1 1082763709970 4
1 1082763709971 1
1 1082763710000 4
1 1082763710001 1
1 1082763710004 4
1 1082763710005 1
1 1082763710008 4
1 1082763710009 1
1 1082763710012 4
1 1082763710013 1
1 1082763710016 4
1 1082763710017 1
1 1082763710046 1
1 1082763710047 1
1 1082763710050 1
1 1082763710051 1
1 1082763710054 1
1 1082763710055 1
1 1082763710058 1
1 1082763710059 1
1 1082763710062 1
1 1082763710063 1
1 1082763710066 1
1 1082763710067 1
1 1082763710109 1
1 1082763710110 4
1 1082763710111 1
1 1082763710113 1
1 1082763710114 4
1 1082763710115 1
1 1082763710117 1
1 1082763710118 4
1 1082763710119 1
1 1082763710121 1
1 1082763710122 4
1 1082763710123 1
1 1082763710125 1
1 1082763710126 4
1 1082763710127 1
1 1082763710129 1
1 1082763710130 4
1 1082763710131 1
1 1082763710172 1
1 1082763710173 4
1 1082763710174 1
1 1082763710176 1
1 1082763710177 4
1 1082763710178 1
1 1082763710180 1
1 1082763710181 4
1 1082763710182 1
1 1082763710184 1
1 1082763710185 4
1 1082763710186 1
1 1082763710188 1
1 1082763710189 4
1 1082763710190 1
1 1082763710192 1
1 1082763710193 4
1 1082763710194 1
1 1082763710236 4
1 1082763710237 1
1 1082763710240 4
1 1082763710241 1
1 1082763710244 4
1 1082763710245 1
1 1082763710248 4
1 1082763710249 1
1 1082763710252 4
1 1082763710253 1
1 1082763710256 4
1 1082763710257 1
1 1082763710286 1
1 1082763710287 1
1 1082763710290 1
1 1082763710291 1
1 1082763710294 1
1 1082763710295 1
1 1082763710298 1
1 1082763710299 1
1 1082763710302 1
1 1082763710303 1
1 1082763710306 1
1 1082763710307 1
1 1082763710349 1
1 1082763710350 4
1 1082763710351 1
1 1082763710353 1
1 1082763710354 4
1 1082763710355 1
1 1082763710357 1
1 1082763710358 4
1 1082763710359 1
1 1082763710361 1
1 1082763710362 4
1 1082763710363 1
1 1082763710365 1
1 1082763710366 4
1 1082763710367 1
1 1082763710369 1
1 1082763710370 4
1 1082763710371 1
1 1082763710400 4
1 1082763710401 1
1 1082763710404 4
1 1082763710405 1
1 1082763710408 4
1 1082763710409 1
1 1082763710412 4
1 1082763710413 1
1 1082763710416 4
1 1082763710417 1
1 1082763710446 1
1 1082763710447 1
1 1082763710450 1
1 1082763710451 1
1 1082763710454 1
1 1082763710455 1
1 1082763710458 1
1 1082763710459 1
1 1082763710462 1
1 1082763710463 1
1 1082763710466 1
1 1082763710467 1
1 1082763710509 1
1 1082763710510 4
1 1082763710511 1
1 1082763710513 1
1 1082763710514 4
1 1082763710515 1
1 1082763710517 1
1 1082763710518 4
1 1082763710519 1
1 1082763710521 1
1 1082763710522 4
1 1082763710523 1
1 1082763710525 1
1 1082763710526 4
1 1082763710527 1
1 1082763710529 1
1 1082763710530 4
1 1082763710531 1
1 1082763710572 1
1 1082763710573 4
1 1082763710574 1
1 1082763710576 1
1 1082763710577 4
1 1082763710578 1
1 1082763710580 1
1 1082763710581 4
1 1082763710582 1
1 1082763710584 1
1 1082763710585 4
1 1082763710586 1
1 1082763710588 1
1 1082763710589 4
1 1082763710590 1
1 1082763710592 1
1 1082763710593 4
1 1082763710594 1
1 1082763710636 4
1 1082763710637 1
1 1082763710640 4
1 1082763710641 1
1 1082763710644 4
1 1082763710645 1
1 1082763710648 4
1 1082763710649 1
1 1082763710652 4
1 1082763710653 1
1 1082763710656 4
1 1082763710657 1
1 1082763710686 1
1 1082763710687 1
1 1082763710690 1
1 1082763710691 1
1 1082763710694 1
1 1082763710695 1
1 1082763710698 1
1 1082763710699 1
1 1082763710702 1
1 1082763710703 1
1 1082763710706 1
1 1082763710707 1
1 1082763710749 1
1 1082763710750 4
1 1082763710751 1
1 1082763710753 1
1 1082763710754 4
1 1082763710755 1
1 1082763710757 1
1 1082763710758 4
1 1082763710759 1
1 1082763710761 1
1 1082763710762 4
1 1082763710763 1
1 1082763710765 1
1 1082763710766 4
1 1082763710767 1
1 1082763710769 1
1 1082763710770 4
1 1082763710771 1
1 1082763710800 4
1 1082763710801 1
1 1082763710804 4
1 1082763710805 1
1 1082763710808 4
1 1082763710809 1
1 1082763710812 4
1 1082763710813 1
1 1082763710816 4
1 1082763710817 1
1 1082763710846 1
1 1082763710847 1
1 1082763710850 1
1 1082763710851 1
1 1082763710854 1
1 1082763710855 1
1 1082763710858 1
1 1082763710859 1
1 1082763710862 1
1 1082763710863 1
1 1082763710866 1
1 1082763710867 1
1 1082763710909 1
1 1082763710910 4
1 1082763710911 1
1 1082763710913 1
1 1082763710914 4
1 1082763710915 1
1 1082763710917 1
1 1082763710918 4
1 1082763710919 1
1 1082763710921 1
1 1082763710922 4
1 1082763710923 1
1 1082763710925 1
1 1082763710926 4
1 1082763710927 1
1 1082763710929 1
1 1082763710930 4
1 1082763710931 1
1 1082763710972 1
1 1082763710973 4
1 1082763710974 1
1 1082763710976 1
1 1082763710977 4
1 1082763710978 1
1 1082763710980 1
1 1082763710981 4
1 1082763710982 1
1 1082763710984 1
1 1082763710985 4
1 1082763710986 1
1 1082763710988 1
1 1082763710989 4
1 1082763710990 1
1 1082763710992 1
1 1082763710993 4
1 1082763710994 1
1 1082763711036 4
1 1082763711037 1
1 1082763711040 4
1 1082763711041 1
1 1082763711044 4
1 1082763711045 1
1 1082763711048 4
1 1082763711049 1
1 1082763711052 4
1 1082763711053 1
1 1082763711056 4
1 1082763711057 1
1 1082763711086 1
1 1082763711087 1
1 1082763711090 1
1 1082763711091 1
1 1082763711094 1
1 1082763711095 1
1 1082763711098 1
1 1082763711099 1
1 1082763711102 1
1 1082763711103 1
1 1082763711106 1
1 1082763711107 1
1 1082763711149 1
1 1082763711150 4
1 1082763711151 1
1 1082763711153 1
1 1082763711154 4
1 1082763711155 1
1 1082763711157 1
1 1082763711158 4
1 1082763711159 1
1 1082763711161 1
1 1082763711162 4
1 1082763711163 1
1 1082763711165 1
1 1082763711166 4
1 1082763711167 1
1 1082763711169 1
1 1082763711170 4
1 1082763711171 1
1 1082763711200 4
1 1082763711201 1
1 1082763711204 4
1 1082763711205 1
1 1082763711208 4
1 1082763711209 1
1 1082763711212 4
1 1082763711213 1
1 1082763711216 4
1 1082763711217 1
1 1082763711246 1
1 1082763711247 1
1 1082763711250 1
1 1082763711251 1
1 1082763711254 1
1 1082763711255 1
1 1082763711258 1
1 1082763711259 1
1 1082763711262 1
1 1082763711263 1
1 1082763711266 1
1 1082763711267 1
1 1082763711309 1
1 1082763711310 4
1 1082763711311 1
1 1082763711313 1
1 1082763711314 4
1 1082763711315 1
1 1082763711317 1
1 1082763711318 4
1 1082763711319 1
1 1082763711321 1
1 1082763711322 4
1 1082763711323 1
1 1082763711325 1
1 1082763711326 4
1 1082763711327 1
1 1082763711329 1
1 1082763711330 4
1 1082763711331 1
1 1082763711372 1
1 1082763711373 4
1 1082763711374 1
1 1082763711376 1
1 1082763711377 4
1 1082763711378 1
1 1082763711380 1
1 1082763711381 4
1 1082763711382 1
1 1082763711384 1
1 1082763711385 4
1 1082763711386 1
1 1082763711388 1
1 1082763711389 4
1 1082763711390 1
1 1082763711392 1
1 1082763711393 4
1 1082763711394 1
1 1082763711436 4
1 1082763711437 1
1 1082763711440 4
1 1082763711441 1
1 1082763711444 4
1 1082763711445 1
1 1082763711448 4
1 1082763711449 1
1 1082763711452 4
1 1082763711453 1
1 1082763711456 4
1 1082763711457 1
1 1082763711486 1
1 1082763711487 1
1 1082763711490 1
1 1082763711491 1
1 1082763711494 1
1 1082763711495 1
1 1082763711498 1
1 1082763711499 1
1 1082763711502 1
1 1082763711503 1
1 1082763711506 1
1 1082763711507 1
1 1082763711549 1
1 1082763711550 4
1 1082763711551 1
1 1082763711553 1
1 1082763711554 4
1 1082763711555 1
1 1082763711557 1
1 1082763711558 4
1 1082763711559 1
1 1082763711561 1
1 1082763711562 4
1 1082763711563 1
1 1082763711565 1
1 1082763711566 4
1 1082763711567 1
1 1082763711569 1
1 1082763711570 4
1 1082763711571 1
1 1082763711600 4
1 1082763711601 1
1 1082763711604 4
1 1082763711605 1
1 1082763711608 4
1 1082763711609 1
1 1082763711612 4
1 1082763711613 1
1 1082763711616 4
1 1082763711617 1
1 1082763711646 1
1 1082763711647 1
1 1082763711650 1
1 1082763711651 1
1 1082763711654 1
1 1082763711655 1
1 1082763711658 1
1 1082763711659 1
1 1082763711662 1
1 1082763711663 1
1 1082763711666 1
1 1082763711667 1
1 1082763711709 1
1 1082763711710 4
1 1082763711711 1
1 1082763711713 1
1 1082763711714 4
1 1082763711715 1
1 1082763711717 1
1 1082763711718 4
1 1082763711719 1
1 1082763711721 1
1 1082763711722 4
1 1082763711723 1
1 1082763711725 1
1 1082763711726 4
1 1082763711727 1
1 1082763711729 1
1 1082763711730 4
1 1082763711731 1
1 1082763711772 1
1 1082763711773 4
1 1082763711774 1
1 1082763711776 1
1 1082763711777 4
1 1082763711778 1
1 1082763711780 1
1 1082763711781 4
1 1082763711782 1
1 1082763711784 1
1 1082763711785 4
1 1082763711786 1
1 1082763711788 1
1 1082763711789 4
1 1082763711790 1
1 1082763711792 1
1 1082763711793 4
1 1082763711794 1
1 1082763711836 4
1 1082763711837 1
1 1082763711840 4
1 1082763711841 1
1 1082763711844 4
1 1082763711845 1
1 1082763711848 4
1 1082763711849 1
1 1082763711852 4
1 1082763711853 1
1 1082763711856 4
1 1082763711857 1
1 1082763711886 1
1 1082763711887 1
1 1082763711890 1
1 1082763711891 1
1 1082763711894 1
1 1082763711895 1
1 1082763711898 1
1 1082763711899 1
1 1082763711902 1
1 1082763711903 1
1 1082763711906 1
1 1082763711907 1
1 1082763711949 1
1 1082763711950 4
1 1082763711951 1
1 1082763711953 1
1 1082763711954 4
1 1082763711955 1
1 1082763711957 1
1 1082763711958 4
1 1082763711959 1
1 1082763711961 1
1 1082763711962 4
1 1082763711963 1
1 1082763711965 1
1 1082763711966 4
1 1082763711967 1
1 1082763711969 1
1 1082763711970 4
1 1082763711971 1
1 1082763712000 4
1 1082763712001 1
1 1082763712004 4
1 1082763712005 1
1 1082763712008 4
1 1082763712009 1
1 1082763712012 4
1 1082763712013 1
1 1082763712016 4
1 1082763712017 1
1 1082763712046 1
1 1082763712047 1
1 1082763712050 1
1 1082763712051 1
1 1082763712054 1
1 1082763712055 1
1 1082763712058 1
1 1082763712059 1
1 1082763712062 1
1 1082763712063 1
1 1082763712066 1
1 1082763712067 1
1 1082763712109 1
1 1082763712110 4
1 1082763712111 1
1 1082763712113 1
1 1082763712114 4
1 1082763712115 1
1 1082763712117 1
1 1082763712118 4
1 1082763712119 1
1 1082763712121 1
1 1082763712122 4
1 1082763712123 1
1 1082763712125 1
1 1082763712126 4
1 1082763712127 1
1 1082763712129 1
1 1082763712130 4
1 1082763712131 1
1 1082763712172 1
1 1082763712173 4
1 1082763712174 1
1 1082763712176 1
1 1082763712177 4
1 1082763712178 1
1 1082763712180 1
1 1082763712181 4
1 1082763712182 1
1 1082763712184 1
1 1082763712185 4
1 1082763712186 1
1 1082763712188 1
1 1082763712189 4
1 1082763712190 1
1 1082763712192 1
1 1082763712193 4
1 1082763712194 1
1 1082763712236 4
1 1082763712237 1
1 1082763712240 4
1 1082763712241 1
1 1082763712244 4
1 1082763712245 1
1 1082763712248 4
1 1082763712249 1
1 1082763712252 4
1 1082763712253 1
1 1082763712256 4
1 1082763712257 1
1 1082763712286 1
1 1082763712287 1
1 1082763712290 1
1 1082763712291 1
1 1082763712294 1
1 1082763712295 1
1 1082763712298 1
1 1082763712299 1
1 1082763712302 1
1 1082763712303 1
1 1082763712306 1
1 1082763712307 1
1 1082763712349 1
1 1082763712350 4
1 1082763712351 1
1 1082763712353 1
1 1082763712354 4
1 1082763712355 1
1 1082763712357 1
1 1082763712358 4
1 1082763712359 1
1 1082763712361 1
1 1082763712362 4
1 1082763712363 1
1 1082763712365 1
1 1082763712366 4
1 1082763712367 1
1 1082763712369 1
1 1082763712370 4
1 1082763712371 1
1 1082763712400 4
1 1082763712401 1
1 1082763712404 4
1 1082763712405 1
1 1082763712408 4
1 1082763712409 1
1 1082763712412 4
1 1082763712413 1
1 1082763712416 4
1 1082763712417 1
1 1082763712446 1
1 1082763712447 1
1 1082763712450 1
1 1082763712451 1
1 1082763712454 1
1 1082763712455 1
1 1082763712458 1
1 1082763712459 1
1 1082763712462 1
1 1082763712463 1
1 1082763712466 1
1 1082763712467 1
1 1082763712509 1
1 1082763712510 4
1 1082763712511 1
1 1082763712513 1
1 1082763712514 4
1 1082763712515 1
1 1082763712517 1
1 1082763712518 4
1 1082763712519 1
1 1082763712521 1
1 1082763712522 4
1 1082763712523 1
1 1082763712525 1
1 1082763712526 4
1 1082763712527 1
1 1082763712529 1
1 1082763712530 4
1 1082763712531 1
1 1082763712572 1
1 1082763712573 4
1 1082763712574 1
1 1082763712576 1
1 1082763712577 4
1 1082763712578 1
1 1082763712580 1
1 1082763712581 4
1 1082763712582 1
1 1082763712584 1
1 1082763712585 4
1 1082763712586 1
1 1082763712588 1
1 1082763712589 4
1 1082763712590 1
1 1082763712592 1
1 1082763712593 4
1 1082763712594 1
1 1082763712636 4
1 1082763712637 1
1 1082763712640 4
1 1082763712641 1
1 1082763712644 4
1 1082763712645 1
1 1082763712648 4
1 1082763712649 1
1 1082763712652 4
1 1082763712653 1
1 1082763712656 4
1 1082763712657 1
1 1082763712686 1
1 1082763712687 1
1 1082763712690 1
1 1082763712691 1
1 1082763712694 1
1 1082763712695 1
1 1082763712698 1
1 1082763712699 1
1 1082763712702 1
1 1082763712703 1
1 1082763712706 1
1 1082763712707 1
1 1082763712749 1
1 1082763712750 4
1 1082763712751 1
1 1082763712753 1
1 1082763712754 4
1 1082763712755 1
1 1082763712757 1
1 1082763712758 4
1 1082763712759 1
1 1082763712761 1
1 1082763712762 4
1 1082763712763 1
1 1082763712765 1
1 1082763712766 4
1 1082763712767 1
1 1082763712769 1
1 1082763712770 4
1 1082763712771 1
1 1082763712800 4
1 1082763712801 1
1 1082763712804 4
1 1082763712805 1
1 1082763712808 4
1 1082763712809 1
1 1082763712812 4
1 1082763712813 1
1 1082763712816 4
1 1082763712817 1
1 1082763712846 1
1 1082763712847 1
1 1082763712850 1
1 1082763712851 1
1 1082763712854 1
1 1082763712855 1
1 1082763712858 1
1 1082763712859 1
1 1082763712862 1
1 1082763712863 1
1 1082763712866 1
1 1082763712867 1
1 1082763712909 1
1 1082763712910 4
1 1082763712911 1
1 1082763712913 1
1 1082763712914 4
1 1082763712915 1
1 1082763712917 1
1 1082763712918 4
1 1082763712919 1
1 1082763712921 1
1 1082763712922 4
1 1082763712923 1
1 1082763712925 1
1 1082763712926 4
1 1082763712927 1
1 1082763712929 1
1 1082763712930 4
1 1082763712931 1
1 1082763712972 1
1 1082763712973 4
1 1082763712974 1
1 1082763712976 1
1 1082763712977 4
1 1082763712978 1
1 1082763712980 1
1 1082763712981 4
1 1082763712982 1
1 1082763712984 1
1 1082763712985 4
1 1082763712986 1
1 1082763712988 1
1 1082763712989 4
1 1082763712990 1
1 1082763712992 1
1 1082763712993 4
1 1082763712994 1
1 1082763713036 4
1 1082763713037 1
1 1082763713040 4
1 1082763713041 1
1 1082763713044 4
1 1082763713045 1
1 1082763713048 4
1 1082763713049 1
1 1082763713052 4
1 1082763713053 1
1 1082763713056 4
1 1082763713057 1
1 1082763713086 1
1 1082763713087 1
1 1082763713090 1
1 1082763713091 1
1 1082763713094 1
1 1082763713095 1
1 1082763713098 1
1 1082763713099 1
1 1082763713102 1
1 1082763713103 1
1 1082763713106 1
1 1082763713107 1
1 1082763713149 1
1 1082763713150 4
1 1082763713151 1
1 1082763713153 1
1 1082763713154 4
1 1082763713155 1
1 1082763713157 1
1 1082763713158 4
1 1082763713159 1
1 1082763713161 1
1 1082763713162 4
1 1082763713163 1
1 1082763713165 1
1 1082763713166 4
1 1082763713167 1
1 1082763713169 1
1 1082763713170 4
1 1082763713171 1
1 1082763713200 4
1 1082763713201 1
1 1082763713204 4
1 1082763713205 1
1 1082763713208 4
1 1082763713209 1
1 1082763713212 4
1 1082763713213 1
1 1082763713216 4
1 1082763713217 1
1 1082763713246 1
1 1082763713247 1
1 1082763713250 1
1 1082763713251 1
1 1082763713254 1
1 1082763713255 1
1 1082763713258 1
1 1082763713259 1
1 1082763713262 1
1 1082763713263 1
1 1082763713266 1
1 1082763713267 1
1 1082763713309 1
1 1082763713310 4
1 1082763713311 1
1 1082763713313 1
1 1082763713314 4
1 1082763713315 1
1 1082763713317 1
1 1082763713318 4
1 1082763713319 1
1 1082763713321 1
1 1082763713322 4
1 1082763713323 1
1 1082763713325 1
1 1082763713326 4
1 1082763713327 1
1 1082763713329 1
1 1082763713330 4
1 1082763713331 1
1 1082763713372 1
1 1082763713373 4
1 1082763713374 1
1 1082763713376 1
1 1082763713377 4
1 1082763713378 1
1 1082763713380 1
1 1082763713381 4
1 1082763713382 1
1 1082763713384 1
1 1082763713385 4
1 1082763713386 1
1 1082763713388 1
1 1082763713389 4
1 1082763713390 1
1 1082763713392 1
1 1082763713393 4
1 1082763713394 1
1 1082763713436 4
1 1082763713437 1
1 1082763713440 4
1 1082763713441 1
1 1082763713444 4
1 1082763713445 1
1 1082763713448 4
1 1082763713449 1
1 1082763713452 4
1 1082763713453 1
1 1082763713456 4
1 1082763713457 1
1 1082763713486 1
1 1082763713487 1
1 1082763713490 1
1 1082763713491 1
1 1082763713494 1
1 1082763713495 1
1 1082763713498 1
1 1082763713499 1
1 1082763713502 1
1 1082763713503 1
1 1082763713506 1
1 1082763713507 1
1 1082763713549 1
1 1082763713550 4
1 1082763713551 1
1 1082763713553 1
1 1082763713554 4
1 1082763713555 1
1 1082763713557 1
1 1082763713558 4
1 1082763713559 1
1 1082763713561 1
1 1082763713562 4
1 1082763713563 1
1 1082763713565 1
1 1082763713566 4
1 1082763713567 1
1 1082763713569 1
1 1082763713570 4
1 1082763713571 1
