1 1082763673630 1
1 1082763673631 1
1 1082763673634 1
1 1082763673635 1
1 1082763673638 1
1 1082763673639 1
1 1082763673642 1
1 1082763673643 1
1 1082763673646 1
1 1082763673647 1
1 1082763673650 1
1 1082763673651 1
1 1082763673693 1
1 1082763673694 4
1 1082763673695 1
1 1082763673697 1
1 1082763673698 4
1 1082763673699 1
1 1082763673701 1
1 1082763673702 4
1 1082763673703 1
1 1082763673705 1
1 1082763673706 4
1 1082763673707 1
1 1082763673709 1
1 1082763673710 4
1 1082763673711 1
1 1082763673713 1
1 1082763673714 4
1 1082763673715 1
1 1082763673756 1
1 1082763673757 4
1 1082763673758 1
1 1082763673760 1
1 1082763673761 4
1 1082763673762 1
1 1082763673764 1
1 1082763673765 4
1 1082763673766 1
1 1082763673768 1
1 1082763673769 4
1 1082763673770 1
1 1082763673772 1
1 1082763673773 4
1 1082763673774 1
1 1082763673776 1
1 1082763673777 4
1 1082763673778 1
1 1082763673820 4
1 1082763673821 1
1 1082763673824 4
1 1082763673825 1
1 1082763673828 4
1 1082763673829 1
1 1082763673832 4
1 1082763673833 1
1 1082763673836 4
1 1082763673837 1
1 1082763673840 4
1 1082763673841 1
1 1082763673870 1
1 1082763673871 1
1 1082763673874 1
1 1082763673875 1
1 1082763673878 1
1 1082763673879 1
1 1082763673882 1
1 1082763673883 1
1 1082763673886 1
1 1082763673887 1
1 1082763673890 1
1 1082763673891 1
1 1082763673933 1
1 1082763673934 4
1 1082763673935 1
1 1082763673937 10
1 1082763673938 4
1 1082763673939 1
1 1082763673941 1
1 1082763673942 4
1 1082763673943 1
1 1082763673945 90
1 1082763673946 4
1 1082763673947 1
1 1082763673949 1
1 1082763673950 4
1 1082763673951 1
1 1082763673953 1
1 1082763673954 72
1 1082763673955 1
1 1082763674030 1
1 1082763674031 1
1 1082763674034 1
1 1082763674035 1
1 1082763674038 1
1 1082763674039 1
1 1082763674042 1
1 1082763674043 1
1 1082763674046 1
1 1082763674047 1
1 1082763674050 1
1 1082763674051 1
1 1082763674093 1
1 1082763674094 4
1 1082763674095 1
1 1082763674097 1
1 1082763674098 4
1 1082763674099 1
1 1082763674101 1
1 1082763674102 4
1 1082763674103 1
1 1082763674105 1
1 1082763674106 4
1 1082763674107 1
1 1082763674109 1
1 1082763674110 47
1 1082763674111 1
1 1082763674113 1
1 1082763674114 4
1 1082763674115 1
1 1082763674156 1
1 1082763674157 4
1 1082763674158 1
1 1082763674160 1
1 1082763674161 4
1 1082763674162 1
1 1082763674164 1
1 1082763674165 4
1 1082763674166 1
1 1082763674168 1
1 1082763674169 4
1 1082763674170 1
1 1082763674172 1
1 1082763674173 4
1 1082763674174 1
1 1082763674176 1
1 1082763674177 4
1 1082763674178 1
1 1082763674220 4
1 1082763674221 1
1 1082763674224 4
1 1082763674225 1
1 1082763674228 4
1 1082763674229 1
1 1082763674232 4
1 1082763674233 1
1 1082763674236 4
1 1082763674237 1
1 1082763674240 4
1 1082763674241 1
1 1082763674270 1
1 1082763674271 1
1 1082763674274 1
1 1082763674275 1
1 1082763674278 1
1 1082763674279 1
1 1082763674282 1
1 1082763674283 1
1 1082763674286 1
1 1082763674287 1
1 1082763674290 1
1 1082763674291 1
1 1082763674333 1
1 1082763674334 4
1 1082763674335 1
1 1082763674337 1
1 1082763674338 4
1 1082763674339 1
1 1082763674341 1
1 1082763674342 4
1 1082763674343 1
1 1082763674345 1
1 1082763674346 4
1 1082763674347 1
1 1082763674349 1
1 1082763674350 4
1 1082763674351 1
1 1082763674353 1
1 1082763674354 4
1 1082763674355 1
1 1082763674430 1
1 1082763674431 1
1 1082763674434 1
1 1082763674435 1
1 1082763674438 1
1 1082763674439 1
1 1082763674442 1
1 1082763674443 1
1 1082763674446 1
1 1082763674447 1
1 1082763674450 1
1 1082763674451 1
1 1082763674493 1
1 1082763674494 4
1 1082763674495 1
1 1082763674497 1
1 1082763674498 4
1 1082763674499 1
1 1082763674501 1
1 1082763674502 4
1 1082763674503 1
1 1082763674505 1
1 1082763674506 4
1 1082763674507 1
1 1082763674509 1
1 1082763674510 4
1 1082763674511 1
1 1082763674513 1
1 1082763674514 4
1 1082763674515 1
1 1082763674556 1
1 1082763674557 4
1 1082763674558 1
1 1082763674560 1
1 1082763674561 4
1 1082763674562 1
1 1082763674564 1
1 1082763674565 4
1 1082763674566 1
1 1082763674568 1
1 1082763674569 4
1 1082763674570 1
1 1082763674572 1
1 1082763674573 4
1 1082763674574 1
1 1082763674576 1
1 1082763674577 4
1 1082763674578 1
1 1082763674620 4
1 1082763674621 1
1 1082763674624 4
1 1082763674625 1
1 1082763674628 4
1 1082763674629 1
1 1082763674632 4
1 1082763674633 1
1 1082763674636 4
1 1082763674637 1
1 1082763674640 4
1 1082763674641 1
1 1082763674670 1
1 1082763674671 1
1 1082763674674 1
1 1082763674675 1
1 1082763674678 1
1 1082763674679 1
1 1082763674682 1
1 1082763674683 1
1 1082763674686 1
1 1082763674687 1
1 1082763674690 1
1 1082763674691 1
1 1082763674733 1
1 1082763674734 4
1 1082763674735 1
1 1082763674737 1
1 1082763674738 4
1 1082763674739 1
1 1082763674741 1
1 1082763674742 4
1 1082763674743 1
1 1082763674745 1
1 1082763674746 4
1 1082763674747 1
1 1082763674749 1
1 1082763674750 4
1 1082763674751 1
1 1082763674753 1
1 1082763674754 4
1 1082763674755 1
1 1082763674830 1
1 1082763674831 1
1 1082763674834 1
1 1082763674835 1
1 1082763674838 1
1 1082763674839 1
1 1082763674842 1
1 1082763674843 1
1 1082763674846 1
1 1082763674847 1
1 1082763674850 1
1 1082763674851 1
1 1082763674893 1
1 1082763674894 4
1 1082763674895 1
1 1082763674897 1
1 1082763674898 4
1 1082763674899 1
1 1082763674901 1
1 1082763674902 4
1 1082763674903 1
1 1082763674905 1
1 1082763674906 4
1 1082763674907 1
1 1082763674909 1
1 1082763674910 4
1 1082763674911 1
1 1082763674913 1
1 1082763674914 4
1 1082763674915 1
1 1082763674956 1
1 1082763674957 4
1 1082763674958 1
1 1082763674960 1
1 1082763674961 4
1 1082763674962 1
1 1082763674964 1
1 1082763674965 4
1 1082763674966 1
1 1082763674968 1
1 1082763674969 4
1 1082763674970 1
1 1082763674972 1
1 1082763674973 4
1 1082763674974 1
1 1082763674976 1
1 1082763674977 4
1 1082763674978 1
1 1082763675020 4
1 1082763675021 1
1 1082763675024 4
1 1082763675025 1
1 1082763675028 4
1 1082763675029 1
1 1082763675032 4
1 1082763675033 1
1 1082763675036 4
1 1082763675037 1
1 1082763675040 4
1 1082763675041 1
1 1082763675070 1
1 1082763675071 1
1 1082763675074 1
1 1082763675075 1
1 1082763675078 1
1 1082763675079 1
1 1082763675082 1
1 1082763675083 1
1 1082763675086 1
1 1082763675087 1
1 1082763675090 1
1 1082763675091 1
1 1082763675133 1
1 1082763675134 4
1 1082763675135 1
1 1082763675137 1
1 1082763675138 4
1 1082763675139 1
1 1082763675141 1
1 1082763675142 4
1 1082763675143 1
1 1082763675145 1
1 1082763675146 4
1 1082763675147 1
1 1082763675149 1
1 1082763675150 4
1 1082763675151 1
1 1082763675153 1
1 1082763675154 4
1 1082763675155 1
1 1082763675230 1
1 1082763675231 1
1 1082763675234 1
1 1082763675235 1
1 1082763675238 1
1 1082763675239 1
1 1082763675242 1
1 1082763675243 1
1 1082763675246 1
1 1082763675247 1
1 1082763675250 1
1 1082763675251 1
1 1082763675293 1
1 1082763675294 4
1 1082763675295 1
1 1082763675297 1
1 1082763675298 4
1 1082763675299 1
1 1082763675301 1
1 1082763675302 4
1 1082763675303 1
1 1082763675305 1
1 1082763675306 4
1 1082763675307 1
1 1082763675309 1
1 1082763675310 4
1 1082763675311 1
1 1082763675313 1
1 1082763675314 4
1 1082763675315 1
1 1082763675356 1
1 1082763675357 4
1 1082763675358 1
1 1082763675360 1
1 1082763675361 4
1 1082763675362 1
1 1082763675364 1
1 1082763675365 4
1 1082763675366 1
1 1082763675368 1
1 1082763675369 4
1 1082763675370 1
1 1082763675372 1
1 1082763675373 4
1 1082763675374 1
1 1082763675376 1
1 1082763675377 4
1 1082763675378 1
1 1082763675420 4
1 1082763675421 1
1 1082763675424 4
1 1082763675425 1
1 1082763675428 4
1 1082763675429 1
1 1082763675432 4
1 1082763675433 1
1 1082763675436 4
1 1082763675437 1
1 1082763675440 4
1 1082763675441 1
1 1082763675470 1
1 1082763675471 1
1 1082763675474 1
1 1082763675475 1
1 1082763675478 1
1 1082763675479 1
1 1082763675482 1
1 1082763675483 1
1 1082763675486 1
1 1082763675487 1
1 1082763675490 1
1 1082763675491 1
1 1082763675533 1
1 1082763675534 4
1 1082763675535 1
1 1082763675537 1
1 1082763675538 4
1 1082763675539 1
1 1082763675541 1
1 1082763675542 4
1 1082763675543 1
1 1082763675545 1
1 1082763675546 4
1 1082763675547 1
1 1082763675549 1
1 1082763675550 4
1 1082763675551 1
1 1082763675553 1
1 1082763675554 4
1 1082763675555 1
1 1082763675630 1
1 1082763675631 1
1 1082763675634 1
1 1082763675635 1
1 1082763675638 1
1 1082763675639 1
1 1082763675642 1
1 1082763675643 1
1 1082763675646 1
1 1082763675647 1
1 1082763675650 1
1 1082763675651 1
1 1082763675693 1
1 1082763675694 4
1 1082763675695 1
1 1082763675697 1
1 1082763675698 4
1 1082763675699 1
1 1082763675701 1
1 1082763675702 4
1 1082763675703 1
1 1082763675705 1
1 1082763675706 4
1 1082763675707 1
1 1082763675709 1
1 1082763675710 4
1 1082763675711 1
1 1082763675713 1
1 1082763675714 4
1 1082763675715 1
1 1082763675756 1
1 1082763675757 4
1 1082763675758 1
1 1082763675760 1
1 1082763675761 4
1 1082763675762 1
1 1082763675764 1
1 1082763675765 4
1 1082763675766 1
1 1082763675768 1
1 1082763675769 4
1 1082763675770 1
1 1082763675772 1
1 1082763675773 4
1 1082763675774 1
1 1082763675776 1
1 1082763675777 4
1 1082763675778 1
1 1082763675820 4
1 1082763675821 1
1 1082763675824 4
1 1082763675825 1
1 1082763675828 4
1 1082763675829 1
1 1082763675832 4
1 1082763675833 1
1 1082763675836 4
1 1082763675837 1
1 1082763675840 4
1 1082763675841 1
1 1082763675870 1
1 1082763675871 1
1 1082763675874 1
1 1082763675875 1
1 1082763675878 1
1 1082763675879 1
1 1082763675882 1
1 1082763675883 1
1 1082763675886 1
1 1082763675887 1
1 1082763675890 1
1 1082763675891 1
1 1082763675933 1
1 1082763675934 4
1 1082763675935 1
1 1082763675937 1
1 1082763675938 4
1 1082763675939 1
1 1082763675941 1
1 1082763675942 4
1 1082763675943 1
1 1082763675945 1
1 1082763675946 4
1 1082763675947 1
1 1082763675949 1
1 1082763675950 4
1 1082763675951 1
1 1082763675953 1
1 1082763675954 4
1 1082763675955 1
1 1082763676030 1
1 1082763676031 1
1 1082763676034 1
1 1082763676035 1
1 1082763676038 1
1 1082763676039 1
1 1082763676042 1
1 1082763676043 1
1 1082763676046 1
1 1082763676047 1
1 1082763676050 1
1 1082763676051 1
1 1082763676093 1
1 1082763676094 4
1 1082763676095 1
1 1082763676097 1
1 1082763676098 4
1 1082763676099 1
1 1082763676101 1
1 1082763676102 4
1 1082763676103 1
1 1082763676105 1
1 1082763676106 4
1 1082763676107 1
1 1082763676109 1
1 1082763676110 4
1 1082763676111 1
1 1082763676113 1
1 1082763676114 4
1 1082763676115 1
1 1082763676156 1
1 1082763676157 4
1 1082763676158 1
1 1082763676160 1
1 1082763676161 4
1 1082763676162 1
1 1082763676164 1
1 1082763676165 4
1 1082763676166 1
1 1082763676168 1
1 1082763676169 4
1 1082763676170 1
1 1082763676172 1
1 1082763676173 4
1 1082763676174 1
1 1082763676176 1
1 1082763676177 4
1 1082763676178 1
1 1082763676220 4
1 1082763676221 1
1 1082763676224 4
1 1082763676225 1
1 1082763676228 4
1 1082763676229 1
1 1082763676232 4
1 1082763676233 1
1 1082763676236 4
1 1082763676237 1
1 1082763676240 4
1 1082763676241 1
1 1082763676270 1
1 1082763676271 1
1 1082763676274 1
1 1082763676275 1
1 1082763676278 1
1 1082763676279 1
1 1082763676282 1
1 1082763676283 1
1 1082763676286 1
1 1082763676287 1
1 1082763676290 1
1 1082763676291 1
1 1082763676333 1
1 1082763676334 4
1 1082763676335 1
1 1082763676337 1
1 1082763676338 4
1 1082763676339 1
1 1082763676341 1
1 1082763676342 4
1 1082763676343 1
1 1082763676345 1
1 1082763676346 4
1 1082763676347 1
1 1082763676349 1
1 1082763676350 4
1 1082763676351 1
1 1082763676353 1
1 1082763676354 4
1 1082763676355 1
1 1082763676430 1
1 1082763676431 1
1 1082763676434 1
1 1082763676435 1
1 1082763676438 1
1 1082763676439 1
1 1082763676442 1
1 1082763676443 1
1 1082763676446 1
1 1082763676447 1
1 1082763676450 1
1 1082763676451 1
1 1082763676493 1
1 1082763676494 4
1 1082763676495 1
1 1082763676497 1
1 1082763676498 4
1 1082763676499 1
1 1082763676501 1
1 1082763676502 4
1 1082763676503 1
1 1082763676505 1
1 1082763676506 4
1 1082763676507 1
1 1082763676509 1
1 1082763676510 4
1 1082763676511 1
1 1082763676513 1
1 1082763676514 4
1 1082763676515 1
1 1082763676556 1
1 1082763676557 4
1 1082763676558 1
1 1082763676560 1
1 1082763676561 4
1 1082763676562 1
1 1082763676564 1
1 1082763676565 4
1 1082763676566 1
1 1082763676568 1
1 1082763676569 4
1 1082763676570 1
1 1082763676572 1
1 1082763676573 4
1 1082763676574 1
1 1082763676576 1
1 1082763676577 4
1 1082763676578 1
1 1082763676620 4
1 1082763676621 1
1 1082763676624 4
1 1082763676625 1
1 1082763676628 4
1 1082763676629 1
1 1082763676632 4
1 1082763676633 1
1 1082763676636 4
1 1082763676637 1
1 1082763676640 4
1 1082763676641 1
1 1082763676670 1
1 1082763676671 1
1 1082763676674 1
1 1082763676675 1
1 1082763676678 1
1 1082763676679 1
1 1082763676682 1
1 1082763676683 1
1 1082763676686 1
1 1082763676687 1
1 1082763676690 1
1 1082763676691 1
1 1082763676733 1
1 1082763676734 4
1 1082763676735 1
1 1082763676737 1
1 1082763676738 4
1 1082763676739 1
1 1082763676741 1
1 1082763676742 4
1 1082763676743 1
1 1082763676745 1
1 1082763676746 4
1 1082763676747 1
1 1082763676749 1
1 1082763676750 4
1 1082763676751 1
1 1082763676753 1
1 1082763676754 4
1 1082763676755 1
1 1082763676830 1
1 1082763676831 1
1 1082763676834 1
1 1082763676835 1
1 1082763676838 1
1 1082763676839 1
1 1082763676842 1
1 1082763676843 1
1 1082763676846 1
1 1082763676847 1
1 1082763676850 1
1 1082763676851 1
1 1082763676893 1
1 1082763676894 4
1 1082763676895 1
1 1082763676897 1
1 1082763676898 4
1 1082763676899 1
1 1082763676901 1
1 1082763676902 4
1 1082763676903 1
1 1082763676905 1
1 1082763676906 4
1 1082763676907 1
1 1082763676909 1
1 1082763676910 4
1 1082763676911 1
1 1082763676913 1
1 1082763676914 4
1 1082763676915 1
1 1082763676956 1
1 1082763676957 4
1 1082763676958 1
1 1082763676960 1
1 1082763676961 4
1 1082763676962 1
1 1082763676964 1
1 1082763676965 4
1 1082763676966 1
1 1082763676968 1
1 1082763676969 4
1 1082763676970 1
1 1082763676972 1
1 1082763676973 4
1 1082763676974 1
1 1082763676976 1
1 1082763676977 4
1 1082763676978 1
1 1082763677020 4
1 1082763677021 1
1 1082763677024 4
1 1082763677025 1
1 1082763677028 4
1 1082763677029 1
1 1082763677032 4
1 1082763677033 1
1 1082763677036 4
1 1082763677037 1
1 1082763677040 4
1 1082763677041 1
1 1082763677070 1
1 1082763677071 1
1 1082763677074 1
1 1082763677075 1
1 1082763677078 1
1 1082763677079 1
1 1082763677082 1
1 1082763677083 1
1 1082763677086 1
1 1082763677087 1
1 1082763677090 1
1 1082763677091 1
1 1082763677133 1
1 1082763677134 4
1 1082763677135 1
1 1082763677137 1
1 1082763677138 4
1 1082763677139 1
1 1082763677141 1
1 1082763677142 4
1 1082763677143 1
1 1082763677145 1
1 1082763677146 4
1 1082763677147 1
1 1082763677149 1
1 1082763677150 4
1 1082763677151 1
1 1082763677153 1
1 1082763677154 4
1 1082763677155 1
1 1082763677230 1
1 1082763677231 1
1 1082763677234 1
1 1082763677235 1
1 1082763677238 1
1 1082763677239 1
1 1082763677242 1
1 1082763677243 1
1 1082763677246 1
1 1082763677247 1
1 1082763677250 1
1 1082763677251 1
1 1082763677293 1
1 1082763677294 4
1 1082763677295 1
1 1082763677297 1
1 1082763677298 4
1 1082763677299 1
1 1082763677301 1
1 1082763677302 4
1 1082763677303 1
1 1082763677305 1
1 1082763677306 4
1 1082763677307 1
1 1082763677309 1
1 1082763677310 4
1 1082763677311 1
1 1082763677313 1
1 1082763677314 4
1 1082763677315 1
1 1082763677356 1
1 1082763677357 4
1 1082763677358 1
1 1082763677360 1
1 1082763677361 4
1 1082763677362 1
1 1082763677364 1
1 1082763677365 4
1 1082763677366 1
1 1082763677368 1
1 1082763677369 4
1 1082763677370 1
1 1082763677372 1
1 1082763677373 4
1 1082763677374 1
1 1082763677376 1
1 1082763677377 4
1 1082763677378 1
1 1082763677420 4
1 1082763677421 1
1 1082763677424 4
1 1082763677425 1
1 1082763677428 4
1 1082763677429 1
1 1082763677432 4
1 1082763677433 1
1 1082763677436 4
1 1082763677437 1
1 1082763677440 4
1 1082763677441 1
1 1082763677470 1
1 1082763677471 1
1 1082763677474 1
1 1082763677475 1
1 1082763677478 1
1 1082763677479 1
1 1082763677482 1
1 1082763677483 1
1 1082763677486 1
1 1082763677487 1
1 1082763677490 1
1 1082763677491 1
1 1082763677533 1
1 1082763677534 4
1 1082763677535 1
1 1082763677537 1
1 1082763677538 4
1 1082763677539 1
1 1082763677541 1
1 1082763677542 4
1 1082763677543 1
1 1082763677545 1
1 1082763677546 4
1 1082763677547 1
1 1082763677549 1
1 1082763677550 4
1 1082763677551 1
1 1082763677553 1
1 1082763677554 4
1 1082763677555 1
1 1082763677630 1
1 1082763677631 1
1 1082763677634 1
1 1082763677635 1
1 1082763677638 1
1 1082763677639 1
1 1082763677642 1
1 1082763677643 1
1 1082763677646 1
1 1082763677647 1
1 1082763677650 1
1 1082763677651 1
1 1082763677693 1
1 1082763677694 4
1 1082763677695 1
1 1082763677697 1
1 1082763677698 4
1 1082763677699 1
1 1082763677701 1
1 1082763677702 4
1 1082763677703 1
1 1082763677705 1
1 1082763677706 4
1 1082763677707 1
1 1082763677709 1
1 1082763677710 4
1 1082763677711 1
1 1082763677713 1
1 1082763677714 4
1 1082763677715 1
1 1082763677756 1
1 1082763677757 4
1 1082763677758 1
1 1082763677760 1
1 1082763677761 4
1 1082763677762 1
1 1082763677764 1
1 1082763677765 4
1 1082763677766 1
1 1082763677768 1
1 1082763677769 4
1 1082763677770 1
1 1082763677772 1
1 1082763677773 4
1 1082763677774 1
1 1082763677776 1
1 1082763677777 4
1 1082763677778 1
1 1082763677820 4
1 1082763677821 1
1 1082763677824 4
1 1082763677825 1
1 1082763677828 4
1 1082763677829 1
1 1082763677832 4
1 1082763677833 1
1 1082763677836 4
1 1082763677837 1
1 1082763677840 4
1 1082763677841 1
1 1082763677870 1
1 1082763677871 1
1 1082763677874 1
1 1082763677875 1
1 1082763677878 1
1 1082763677879 1
1 1082763677882 1
1 1082763677883 1
1 1082763677886 1
1 1082763677887 1
1 1082763677890 1
1 1082763677891 1
1 1082763677933 1
1 1082763677934 4
1 1082763677935 1
1 1082763677937 1
1 1082763677938 4
1 1082763677939 1
1 1082763677941 1
1 1082763677942 4
1 1082763677943 1
1 1082763677945 1
1 1082763677946 4
1 1082763677947 1
1 1082763677949 1
1 1082763677950 4
1 1082763677951 1
1 1082763677953 1
1 1082763677954 4
1 1082763677955 1
1 1082763678030 1
1 1082763678031 1
1 1082763678034 1
1 1082763678035 1
1 1082763678038 1
1 1082763678039 1
1 1082763678042 1
1 1082763678043 1
1 1082763678046 1
1 1082763678047 1
1 1082763678050 1
1 1082763678051 1
1 1082763678093 1
1 1082763678094 4
1 1082763678095 1
1 1082763678097 1
1 1082763678098 4
1 1082763678099 1
1 1082763678101 1
1 1082763678102 4
1 1082763678103 1
1 1082763678105 1
1 1082763678106 4
1 1082763678107 1
1 1082763678109 1
1 1082763678110 4
1 1082763678111 1
1 1082763678113 1
1 1082763678114 4
1 1082763678115 1
1 1082763678156 1
1 1082763678157 4
1 1082763678158 1
1 1082763678160 1
1 1082763678161 4
1 1082763678162 1
1 1082763678164 1
1 1082763678165 4
1 1082763678166 1
1 1082763678168 1
1 1082763678169 4
1 1082763678170 1
1 1082763678172 1
1 1082763678173 4
1 1082763678174 1
1 1082763678176 1
1 1082763678177 4
1 1082763678178 1
1 1082763678220 4
1 1082763678221 1
1 1082763678224 4
1 1082763678225 1
1 1082763678228 4
1 1082763678229 1
1 1082763678232 4
1 1082763678233 1
1 1082763678236 4
1 1082763678237 1
1 1082763678240 4
1 1082763678241 1
1 1082763678270 1
1 1082763678271 1
1 1082763678274 1
1 1082763678275 1
1 1082763678278 1
1 1082763678279 1
1 1082763678282 1
1 1082763678283 1
1 1082763678286 1
1 1082763678287 1
1 1082763678290 1
1 1082763678291 1
1 1082763678333 1
1 1082763678334 4
1 1082763678335 1
1 1082763678337 1
1 1082763678338 4
1 1082763678339 1
1 1082763678341 1
1 1082763678342 4
1 1082763678343 1
1 1082763678345 1
1 1082763678346 4
1 1082763678347 1
1 1082763678349 1
1 1082763678350 4
1 1082763678351 1
1 1082763678353 1
1 1082763678354 4
1 1082763678355 1
1 1082763678430 1
1 1082763678431 1
1 1082763678434 1
1 1082763678435 1
1 1082763678438 1
1 1082763678439 1
1 1082763678442 1
1 1082763678443 1
1 1082763678446 1
1 1082763678447 1
1 1082763678450 1
1 1082763678451 1
1 1082763678493 1
1 1082763678494 4
1 1082763678495 1
1 1082763678497 1
1 1082763678498 4
1 1082763678499 1
1 1082763678501 1
1 1082763678502 4
1 1082763678503 1
1 1082763678505 1
1 1082763678506 4
1 1082763678507 1
1 1082763678509 1
1 1082763678510 4
1 1082763678511 1
1 1082763678513 1
1 1082763678514 4
1 1082763678515 1
1 1082763678556 1
1 1082763678557 4
1 1082763678558 1
1 1082763678560 1
1 1082763678561 4
1 1082763678562 1
1 1082763678564 1
1 1082763678565 4
1 1082763678566 1
1 1082763678568 1
1 1082763678569 4
1 1082763678570 1
1 1082763678572 1
1 1082763678573 4
1 1082763678574 1
1 1082763678576 1
1 1082763678577 4
1 1082763678578 1
1 1082763678620 4
1 1082763678621 1
1 1082763678624 4
1 1082763678625 1
1 1082763678628 4
1 1082763678629 1
1 1082763678632 4
1 1082763678633 1
1 1082763678636 4
1 1082763678637 1
1 1082763678640 4
1 1082763678641 1
1 1082763678670 1
1 1082763678671 1
1 1082763678674 1
1 1082763678675 1
1 1082763678678 1
1 1082763678679 1
1 1082763678682 1
1 1082763678683 1
1 1082763678686 1
1 1082763678687 1
1 1082763678690 1
1 1082763678691 1
1 1082763678733 1
1 1082763678734 4
1 1082763678735 1
1 1082763678737 1
1 1082763678738 4
1 1082763678739 1
1 1082763678741 1
1 1082763678742 4
1 1082763678743 1
1 1082763678745 1
1 1082763678746 4
1 1082763678747 1
1 1082763678749 1
1 1082763678750 4
1 1082763678751 1
1 1082763678753 1
1 1082763678754 4
1 1082763678755 1
1 1082763678830 1
1 1082763678831 1
1 1082763678834 1
1 1082763678835 1
1 1082763678838 1
1 1082763678839 1
1 1082763678842 1
1 1082763678843 1
1 1082763678846 1
1 1082763678847 1
1 1082763678850 1
1 1082763678851 1
1 1082763678893 1
1 1082763678894 4
1 1082763678895 1
1 1082763678897 1
1 1082763678898 4
1 1082763678899 1
1 1082763678901 1
1 1082763678902 4
1 1082763678903 1
1 1082763678905 1
1 1082763678906 4
1 1082763678907 1
1 1082763678909 1
1 1082763678910 4
1 1082763678911 1
1 1082763678913 1
1 1082763678914 4
1 1082763678915 1
1 1082763678956 1
1 1082763678957 4
1 1082763678958 1
1 1082763678960 1
1 1082763678961 4
1 1082763678962 1
1 1082763678964 1
1 1082763678965 4
1 1082763678966 1
1 1082763678968 1
1 1082763678969 4
1 1082763678970 1
1 1082763678972 1
1 1082763678973 4
1 1082763678974 1
1 1082763678976 1
1 1082763678977 4
1 1082763678978 1
1 1082763679020 4
1 1082763679021 1
1 1082763679024 4
1 1082763679025 1
1 1082763679028 4
1 1082763679029 1
1 1082763679032 4
1 1082763679033 1
1 1082763679036 4
1 1082763679037 1
1 1082763679040 4
1 1082763679041 1
1 1082763679070 1
1 1082763679071 1
1 1082763679074 1
1 1082763679075 1
1 1082763679078 1
1 1082763679079 1
1 1082763679082 1
1 1082763679083 1
1 1082763679086 1
1 1082763679087 1
1 1082763679090 1
1 1082763679091 1
1 1082763679133 1
1 1082763679134 4
1 1082763679135 1
1 1082763679137 1
1 1082763679138 4
1 1082763679139 1
1 1082763679141 1
1 1082763679142 4
1 1082763679143 1
1 1082763679145 1
1 1082763679146 4
1 1082763679147 1
1 1082763679149 1
1 1082763679150 4
1 1082763679151 1
1 1082763679153 1
1 1082763679154 4
1 1082763679155 1
1 1082763679230 1
1 1082763679231 1
1 1082763679234 1
1 1082763679235 1
1 1082763679238 1
1 1082763679239 1
1 1082763679242 1
1 1082763679243 1
1 1082763679246 1
1 1082763679247 1
1 1082763679250 1
1 1082763679251 1
1 1082763679293 1
1 1082763679294 4
1 1082763679295 1
1 1082763679297 1
1 1082763679298 4
1 1082763679299 1
1 1082763679301 1
1 1082763679302 4
1 1082763679303 1
1 1082763679305 1
1 1082763679306 4
1 1082763679307 1
1 1082763679309 1
1 1082763679310 4
1 1082763679311 1
1 1082763679313 1
1 1082763679314 4
1 1082763679315 1
1 1082763679356 1
1 1082763679357 4
1 1082763679358 1
1 1082763679360 1
1 1082763679361 4
1 1082763679362 1
1 1082763679364 1
1 1082763679365 4
1 1082763679366 1
1 1082763679368 1
1 1082763679369 4
1 1082763679370 1
1 1082763679372 1
1 1082763679373 4
1 1082763679374 1
1 1082763679376 1
1 1082763679377 4
1 1082763679378 1
1 1082763679420 4
1 1082763679421 1
1 1082763679424 4
1 1082763679425 1
1 1082763679428 4
1 1082763679429 1
1 1082763679432 4
1 1082763679433 1
1 1082763679436 4
1 1082763679437 1
1 1082763679440 4
1 1082763679441 1
1 1082763679470 1
1 1082763679471 1
1 1082763679474 1
1 1082763679475 1
1 1082763679478 1
1 1082763679479 1
1 1082763679482 1
1 1082763679483 1
1 1082763679486 1
1 1082763679487 1
1 1082763679490 1
1 1082763679491 1
1 1082763679533 1
1 1082763679534 4
1 1082763679535 1
1 1082763679537 1
1 1082763679538 4
1 1082763679539 1
1 1082763679541 1
1 1082763679542 4
1 1082763679543 1
1 1082763679545 1
1 1082763679546 4
1 1082763679547 1
1 1082763679549 1
1 1082763679550 4
1 1082763679551 1
1 1082763679553 1
1 1082763679554 4
1 1082763679555 1
1 1082763679630 1
1 1082763679631 1
1 1082763679634 1
1 1082763679635 1
1 1082763679638 1
1 1082763679639 1
1 1082763679642 1
1 1082763679643 1
1 1082763679646 1
1 1082763679647 1
1 1082763679650 1
1 1082763679651 1
1 1082763679693 1
1 1082763679694 4
1 1082763679695 1
1 1082763679697 1
1 1082763679698 4
1 1082763679699 1
1 1082763679701 1
1 1082763679702 4
1 1082763679703 1
1 1082763679705 1
1 1082763679706 4
1 1082763679707 1
1 1082763679709 1
1 1082763679710 4
1 1082763679711 1
1 1082763679713 1
1 1082763679714 4
1 1082763679715 1
1 1082763679756 1
1 1082763679757 4
1 1082763679758 1
1 1082763679760 1
1 1082763679761 4
1 1082763679762 1
1 1082763679764 1
1 1082763679765 4
1 1082763679766 1
1 1082763679768 1
1 1082763679769 4
1 1082763679770 1
1 1082763679772 1
1 1082763679773 4
1 1082763679774 1
1 1082763679776 1
1 1082763679777 4
1 1082763679778 1
1 1082763679820 4
1 1082763679821 1
1 1082763679824 4
1 1082763679825 1
1 1082763679828 4
1 1082763679829 1
1 1082763679832 4
1 1082763679833 1
1 1082763679836 4
1 1082763679837 1
1 1082763679840 4
1 1082763679841 1
1 1082763679870 1
1 1082763679871 1
1 1082763679874 1
1 1082763679875 1
1 1082763679878 1
1 1082763679879 1
1 1082763679882 1
1 1082763679883 1
1 1082763679886 1
1 1082763679887 1
1 1082763679890 1
1 1082763679891 1
1 1082763679933 1
1 1082763679934 4
1 1082763679935 1
1 1082763679937 1
1 1082763679938 4
1 1082763679939 1
1 1082763679941 1
1 1082763679942 4
1 1082763679943 1
1 1082763679945 1
1 1082763679946 4
1 1082763679947 1
1 1082763679949 1
1 1082763679950 4
1 1082763679951 1
1 1082763679953 1
1 1082763679954 4
1 1082763679955 1
1 1082763680030 1
1 1082763680031 1
1 1082763680034 1
1 1082763680035 1
1 1082763680038 1
1 1082763680039 1
1 1082763680042 1
1 1082763680043 1
1 1082763680046 1
1 1082763680047 1
1 1082763680050 1
1 1082763680051 1
1 1082763680093 1
1 1082763680094 4
1 1082763680095 1
1 1082763680097 1
1 1082763680098 4
1 1082763680099 1
1 1082763680101 1
1 1082763680102 4
1 1082763680103 1
1 1082763680105 1
1 1082763680106 4
1 1082763680107 1
1 1082763680109 1
1 1082763680110 4
1 1082763680111 1
1 1082763680113 1
1 1082763680114 4
1 1082763680115 1
1 1082763680156 1
1 1082763680157 4
1 1082763680158 1
1 1082763680160 1
1 1082763680161 4
1 1082763680162 1
1 1082763680164 1
1 1082763680165 4
1 1082763680166 1
1 1082763680168 1
1 1082763680169 4
1 1082763680170 1
1 1082763680172 1
1 1082763680173 4
1 1082763680174 1
1 1082763680176 1
1 1082763680177 4
1 1082763680178 1
1 1082763680220 4
1 1082763680221 1
1 1082763680224 4
1 1082763680225 1
1 1082763680228 4
1 1082763680229 1
1 1082763680232 4
1 1082763680233 1
1 1082763680236 4
1 1082763680237 1
1 1082763680240 4
1 1082763680241 1
1 1082763680270 1
1 1082763680271 1
1 1082763680274 1
1 1082763680275 1
1 1082763680278 1
1 1082763680279 1
1 1082763680282 1
1 1082763680283 1
1 1082763680286 1
1 1082763680287 1
1 1082763680290 1
1 1082763680291 1
1 1082763680333 1
1 1082763680334 4
1 1082763680335 1
1 1082763680337 1
1 1082763680338 4
1 1082763680339 1
1 1082763680341 1
1 1082763680342 4
1 1082763680343 1
1 1082763680345 1
1 1082763680346 4
1 1082763680347 1
1 1082763680349 1
1 1082763680350 4
1 1082763680351 1
1 1082763680353 1
1 1082763680354 4
1 1082763680355 1
1 1082763680430 1
1 1082763680431 1
1 1082763680434 1
1 1082763680435 1
1 1082763680438 1
1 1082763680439 1
1 1082763680442 1
1 1082763680443 1
1 1082763680446 1
1 1082763680447 1
1 1082763680450 1
1 1082763680451 1
1 1082763680493 1
1 1082763680494 4
1 1082763680495 1
1 1082763680497 1
1 1082763680498 4
1 1082763680499 1
1 1082763680501 1
1 1082763680502 4
1 1082763680503 1
1 1082763680505 1
1 1082763680506 4
1 1082763680507 1
1 1082763680509 1
1 1082763680510 4
1 1082763680511 1
1 1082763680513 1
1 1082763680514 4
1 1082763680515 1
1 1082763680556 1
1 1082763680557 4
1 1082763680558 1
1 1082763680560 1
1 1082763680561 4
1 1082763680562 1
1 1082763680564 1
1 1082763680565 4
1 1082763680566 1
1 1082763680568 1
1 1082763680569 4
1 1082763680570 1
1 1082763680572 1
1 1082763680573 4
1 1082763680574 1
1 1082763680576 1
1 1082763680577 4
1 1082763680578 1
1 1082763680620 4
1 1082763680621 1
1 1082763680624 4
1 1082763680625 1
1 1082763680628 4
1 1082763680629 1
1 1082763680632 4
1 1082763680633 1
1 1082763680636 4
1 1082763680637 1
1 1082763680640 4
1 1082763680641 1
1 1082763680670 1
1 1082763680671 1
1 1082763680674 1
1 1082763680675 1
1 1082763680678 1
1 1082763680679 1
1 1082763680682 1
1 1082763680683 1
1 1082763680686 1
1 1082763680687 1
1 1082763680690 1
1 1082763680691 1
1 1082763680733 1
1 1082763680734 4
1 1082763680735 1
1 1082763680737 1
1 1082763680738 4
1 1082763680739 1
1 1082763680741 1
1 1082763680742 4
1 1082763680743 1
1 1082763680745 1
1 1082763680746 4
1 1082763680747 1
1 1082763680749 1
1 1082763680750 4
1 1082763680751 1
1 1082763680753 1
1 1082763680754 4
1 1082763680755 1
1 1082763680830 1
1 1082763680831 1
1 1082763680834 1
1 1082763680835 1
1 1082763680838 1
1 1082763680839 1
1 1082763680842 1
1 1082763680843 1
1 1082763680846 1
1 1082763680847 1
1 1082763680850 1
1 1082763680851 1
1 1082763680893 1
1 1082763680894 4
1 1082763680895 1
1 1082763680897 1
1 1082763680898 4
1 1082763680899 1
1 1082763680901 1
1 1082763680902 4
1 1082763680903 1
1 1082763680905 1
1 1082763680906 4
1 1082763680907 1
1 1082763680909 1
1 1082763680910 4
1 1082763680911 1
1 1082763680913 1
1 1082763680914 4
1 1082763680915 1
1 1082763680956 1
1 1082763680957 4
1 1082763680958 1
1 1082763680960 1
1 1082763680961 4
1 1082763680962 1
1 1082763680964 1
1 1082763680965 4
1 1082763680966 1
1 1082763680968 1
1 1082763680969 4
1 1082763680970 1
1 1082763680972 1
1 1082763680973 4
1 1082763680974 1
1 1082763680976 1
1 1082763680977 4
1 1082763680978 1
1 1082763681020 4
1 1082763681021 1
1 1082763681024 4
1 1082763681025 1
1 1082763681028 4
1 1082763681029 1
1 1082763681032 4
1 1082763681033 1
1 1082763681036 4
1 1082763681037 1
1 1082763681040 4
1 1082763681041 1
1 1082763681070 1
1 1082763681071 1
1 1082763681074 1
1 1082763681075 1
1 1082763681078 1
1 1082763681079 1
1 1082763681082 1
1 1082763681083 1
1 1082763681086 1
1 1082763681087 1
1 1082763681090 1
1 1082763681091 1
1 1082763681133 1
1 1082763681134 4
1 1082763681135 1
1 1082763681137 1
1 1082763681138 4
1 1082763681139 1
1 1082763681141 1
1 1082763681142 4
1 1082763681143 1
1 1082763681145 1
1 1082763681146 4
1 1082763681147 1
1 1082763681149 1
1 1082763681150 4
1 1082763681151 1
1 1082763681153 1
1 1082763681154 4
1 1082763681155 1
1 1082763681230 1
1 1082763681231 1
1 1082763681234 1
1 1082763681235 1
1 1082763681238 1
1 1082763681239 1
1 1082763681242 1
1 1082763681243 1
1 1082763681246 1
1 1082763681247 1
1 1082763681250 1
1 1082763681251 1
1 1082763681293 1
1 1082763681294 4
1 1082763681295 1
1 1082763681297 1
1 1082763681298 4
1 1082763681299 1
1 1082763681301 1
1 1082763681302 4
1 1082763681303 1
1 1082763681305 1
1 1082763681306 4
1 1082763681307 1
1 1082763681309 1
1 1082763681310 4
1 1082763681311 1
1 1082763681313 1
1 1082763681314 4
1 1082763681315 1
1 1082763681356 1
1 1082763681357 4
1 1082763681358 1
1 1082763681360 1
1 1082763681361 4
1 1082763681362 1
1 1082763681364 1
1 1082763681365 4
1 1082763681366 1
1 1082763681368 1
1 1082763681369 4
1 1082763681370 1
1 1082763681372 1
1 1082763681373 4
1 1082763681374 1
1 1082763681376 1
1 1082763681377 4
1 1082763681378 1
1 1082763681420 4
1 1082763681421 1
1 1082763681424 4
1 1082763681425 1
1 1082763681428 4
1 1082763681429 1
1 1082763681432 4
1 1082763681433 1
1 1082763681436 4
1 1082763681437 1
1 1082763681440 4
1 1082763681441 1
1 1082763681470 1
1 1082763681471 1
1 1082763681474 1
1 1082763681475 1
1 1082763681478 1
1 1082763681479 1
1 1082763681482 1
1 1082763681483 1
1 1082763681486 1
1 1082763681487 1
1 1082763681490 1
1 1082763681491 1
1 1082763681533 1
1 1082763681534 4
1 1082763681535 1
1 1082763681537 1
1 1082763681538 4
1 1082763681539 1
1 1082763681541 1
1 1082763681542 4
1 1082763681543 1
1 1082763681545 1
1 1082763681546 4
1 1082763681547 1
1 1082763681549 1
1 1082763681550 4
1 1082763681551 1
1 1082763681553 1
1 1082763681554 4
1 1082763681555 1
1 1082763681630 1
1 1082763681631 1
1 1082763681634 1
1 1082763681635 1
1 1082763681638 1
1 1082763681639 1
1 1082763681642 1
1 1082763681643 1
1 1082763681646 1
1 1082763681647 1
1 1082763681650 1
1 1082763681651 1
1 1082763681693 1
1 1082763681694 4
1 1082763681695 1
1 1082763681697 1
1 1082763681698 4
1 1082763681699 1
1 1082763681701 1
1 1082763681702 4
1 1082763681703 1
1 1082763681705 1
1 1082763681706 4
1 1082763681707 1
1 1082763681709 1
1 1082763681710 4
1 1082763681711 1
1 1082763681713 1
1 1082763681714 4
1 1082763681715 1
1 1082763681756 1
1 1082763681757 4
1 1082763681758 1
1 1082763681760 1
1 1082763681761 4
1 1082763681762 1
1 1082763681764 1
1 1082763681765 4
1 1082763681766 1
1 1082763681768 1
1 1082763681769 4
1 1082763681770 1
1 1082763681772 1
1 1082763681773 4
1 1082763681774 1
1 1082763681776 1
1 1082763681777 4
1 1082763681778 1
1 1082763681820 4
1 1082763681821 1
1 1082763681824 4
1 1082763681825 1
1 1082763681828 4
1 1082763681829 1
1 1082763681832 4
1 1082763681833 1
1 1082763681836 4
1 1082763681837 1
1 1082763681840 4
1 1082763681841 1
1 1082763681870 1
1 1082763681871 1
1 1082763681874 1
1 1082763681875 1
1 1082763681878 1
1 1082763681879 1
1 1082763681882 1
1 1082763681883 1
1 1082763681886 1
1 1082763681887 1
1 1082763681890 1
1 1082763681891 1
1 1082763681933 1
1 1082763681934 4
1 1082763681935 1
1 1082763681937 1
1 1082763681938 4
1 1082763681939 1
1 1082763681941 1
1 1082763681942 4
1 1082763681943 1
1 1082763681945 1
1 1082763681946 4
1 1082763681947 1
1 1082763681949 1
1 1082763681950 4
1 1082763681951 1
1 1082763681953 1
1 1082763681954 4
1 1082763681955 1
1 1082763682030 1
1 1082763682031 1
1 1082763682034 1
1 1082763682035 1
1 1082763682038 1
1 1082763682039 1
1 1082763682042 1
1 1082763682043 1
1 1082763682046 1
1 1082763682047 1
1 1082763682050 1
1 1082763682051 1
1 1082763682093 1
1 1082763682094 4
1 1082763682095 1
1 1082763682097 1
1 1082763682098 4
1 1082763682099 1
1 1082763682101 1
1 1082763682102 4
1 1082763682103 1
1 1082763682105 1
1 1082763682106 4
1 1082763682107 1
1 1082763682109 1
1 1082763682110 4
1 1082763682111 1
1 1082763682113 1
1 1082763682114 4
1 1082763682115 1
1 1082763682156 1
1 1082763682157 4
1 1082763682158 1
1 1082763682160 1
1 1082763682161 4
1 1082763682162 1
1 1082763682164 1
1 1082763682165 4
1 1082763682166 1
1 1082763682168 1
1 1082763682169 4
1 1082763682170 1
1 1082763682172 1
1 1082763682173 4
1 1082763682174 1
1 1082763682176 1
1 1082763682177 4
1 1082763682178 1
1 1082763682220 4
1 1082763682221 1
1 1082763682224 4
1 1082763682225 1
1 1082763682228 4
1 1082763682229 1
1 1082763682232 4
1 1082763682233 1
1 1082763682236 4
1 1082763682237 1
1 1082763682240 4
1 1082763682241 1
1 1082763682270 1
1 1082763682271 1
1 1082763682274 1
1 1082763682275 1
1 1082763682278 1
1 1082763682279 1
1 1082763682282 1
1 1082763682283 1
1 1082763682286 1
1 1082763682287 1
1 1082763682290 1
1 1082763682291 1
1 1082763682333 1
1 1082763682334 4
1 1082763682335 1
1 1082763682337 1
1 1082763682338 4
1 1082763682339 1
1 1082763682341 1
1 1082763682342 4
1 1082763682343 1
1 1082763682345 1
1 1082763682346 4
1 1082763682347 1
1 1082763682349 1
1 1082763682350 4
1 1082763682351 1
1 1082763682353 1
1 1082763682354 4
1 1082763682355 1
1 1082763682430 1
1 1082763682431 1
1 1082763682434 1
1 1082763682435 1
1 1082763682438 1
1 1082763682439 1
1 1082763682442 1
1 1082763682443 1
1 1082763682446 1
1 1082763682447 1
1 1082763682450 1
1 1082763682451 1
1 1082763682493 1
1 1082763682494 4
1 1082763682495 1
1 1082763682497 1
1 1082763682498 4
1 1082763682499 1
1 1082763682501 1
1 1082763682502 4
1 1082763682503 1
1 1082763682505 1
1 1082763682506 4
1 1082763682507 1
1 1082763682509 1
1 1082763682510 4
1 1082763682511 1
1 1082763682513 1
1 1082763682514 4
1 1082763682515 1
1 1082763682556 1
1 1082763682557 4
1 1082763682558 1
1 1082763682560 1
1 1082763682561 4
1 1082763682562 1
1 1082763682564 1
1 1082763682565 4
1 1082763682566 1
1 1082763682568 1
1 1082763682569 4
1 1082763682570 1
1 1082763682572 1
1 1082763682573 4
1 1082763682574 1
1 1082763682576 1
1 1082763682577 4
1 1082763682578 1
1 1082763682620 4
1 1082763682621 1
1 1082763682624 4
1 1082763682625 1
1 1082763682628 4
1 1082763682629 1
1 1082763682632 4
1 1082763682633 1
1 1082763682636 4
1 1082763682637 1
1 1082763682640 4
1 1082763682641 1
1 1082763682670 1
1 1082763682671 1
1 1082763682674 1
1 1082763682675 1
1 1082763682678 1
1 1082763682679 1
1 1082763682682 1
1 1082763682683 1
1 1082763682686 1
1 1082763682687 1
1 1082763682690 1
1 1082763682691 1
1 1082763682733 1
1 1082763682734 4
1 1082763682735 1
1 1082763682737 1
1 1082763682738 4
1 1082763682739 1
1 1082763682741 1
1 1082763682742 4
1 1082763682743 1
1 1082763682745 1
1 1082763682746 4
1 1082763682747 1
1 1082763682749 1
1 1082763682750 4
1 1082763682751 1
1 1082763682753 1
1 1082763682754 4
1 1082763682755 1
1 1082763682830 1
1 1082763682831 1
1 1082763682834 1
1 1082763682835 1
1 1082763682838 1
1 1082763682839 1
1 1082763682842 1
1 1082763682843 1
1 1082763682846 1
1 1082763682847 1
1 1082763682850 1
1 1082763682851 1
1 1082763682893 1
1 1082763682894 4
1 1082763682895 1
1 1082763682897 1
1 1082763682898 4
1 1082763682899 1
1 1082763682901 1
1 1082763682902 4
1 1082763682903 1
1 1082763682905 1
1 1082763682906 4
1 1082763682907 1
1 1082763682909 1
1 1082763682910 4
1 1082763682911 1
1 1082763682913 1
1 1082763682914 4
1 1082763682915 1
1 1082763682956 1
1 1082763682957 4
1 1082763682958 1
1 1082763682960 1
1 1082763682961 4
1 1082763682962 1
1 1082763682964 1
1 1082763682965 4
1 1082763682966 1
1 1082763682968 1
1 1082763682969 4
1 1082763682970 1
1 1082763682972 1
1 1082763682973 4
1 1082763682974 1
1 1082763682976 1
1 1082763682977 4
1 1082763682978 1
1 1082763683020 4
1 1082763683021 1
1 1082763683024 4
1 1082763683025 1
1 1082763683028 4
1 1082763683029 1
1 1082763683032 4
1 1082763683033 1
1 1082763683036 4
1 1082763683037 1
1 1082763683040 4
1 1082763683041 1
1 1082763683070 1
1 1082763683071 1
1 1082763683074 1
1 1082763683075 1
1 1082763683078 1
1 1082763683079 1
1 1082763683082 1
1 1082763683083 1
1 1082763683086 1
1 1082763683087 1
1 1082763683090 1
1 1082763683091 1
1 1082763683133 1
1 1082763683134 4
1 1082763683135 1
1 1082763683137 1
1 1082763683138 4
1 1082763683139 1
1 1082763683141 1
1 1082763683142 4
1 1082763683143 1
1 1082763683145 1
1 1082763683146 4
1 1082763683147 1
1 1082763683149 1
1 1082763683150 4
1 1082763683151 1
1 1082763683153 1
1 1082763683154 4
1 1082763683155 1
1 1082763683230 1
1 1082763683231 1
1 1082763683234 1
1 1082763683235 1
1 1082763683238 1
1 1082763683239 1
1 1082763683242 1
1 1082763683243 1
1 1082763683246 1
1 1082763683247 1
1 1082763683250 1
1 1082763683251 1
1 1082763683293 1
1 1082763683294 4
1 1082763683295 1
1 1082763683297 1
1 1082763683298 4
1 1082763683299 1
1 1082763683301 1
1 1082763683302 4
1 1082763683303 1
1 1082763683305 1
1 1082763683306 4
1 1082763683307 1
1 1082763683309 1
1 1082763683310 4
1 1082763683311 1
1 1082763683313 1
1 1082763683314 4
1 1082763683315 1
1 1082763683356 1
1 1082763683357 4
1 1082763683358 1
1 1082763683360 1
1 1082763683361 4
1 1082763683362 1
1 1082763683364 1
1 1082763683365 4
1 1082763683366 1
1 1082763683368 1
1 1082763683369 4
1 1082763683370 1
1 1082763683372 1
1 1082763683373 4
1 1082763683374 1
1 1082763683376 1
1 1082763683377 4
1 1082763683378 1
1 1082763683420 4
1 1082763683421 1
1 1082763683424 4
1 1082763683425 1
1 1082763683428 4
1 1082763683429 1
1 1082763683432 4
1 1082763683433 1
1 1082763683436 4
1 1082763683437 1
1 1082763683440 4
1 1082763683441 1
1 1082763683470 1
1 1082763683471 1
1 1082763683474 1
1 1082763683475 1
1 1082763683478 1
1 1082763683479 1
1 1082763683482 1
1 1082763683483 1
1 1082763683486 1
1 1082763683487 1
1 1082763683490 1
1 1082763683491 1
1 1082763683533 1
1 1082763683534 4
1 1082763683535 1
1 1082763683537 1
1 1082763683538 4
1 1082763683539 1
1 1082763683541 1
1 1082763683542 4
1 1082763683543 1
1 1082763683545 1
1 1082763683546 4
1 1082763683547 1
1 1082763683549 1
1 1082763683550 4
1 1082763683551 1
1 1082763683553 1
1 1082763683554 4
1 1082763683555 1
1 1082763683630 1
1 1082763683631 1
1 1082763683634 1
1 1082763683635 1
1 1082763683638 1
1 1082763683639 1
1 1082763683642 1
1 1082763683643 1
1 1082763683646 1
1 1082763683647 1
1 1082763683650 1
1 1082763683651 1
1 1082763683693 1
1 1082763683694 4
1 1082763683695 1
1 1082763683697 1
1 1082763683698 4
1 1082763683699 1
1 1082763683701 1
1 1082763683702 4
1 1082763683703 1
1 1082763683705 1
1 1082763683706 4
1 1082763683707 1
1 1082763683709 1
1 1082763683710 4
1 1082763683711 1
1 1082763683713 1
1 1082763683714 4
1 1082763683715 1
1 1082763683756 1
1 1082763683757 4
1 1082763683758 1
1 1082763683760 1
1 1082763683761 4
1 1082763683762 1
1 1082763683764 1
1 1082763683765 4
1 1082763683766 1
1 1082763683768 1
1 1082763683769 4
1 1082763683770 1
1 1082763683772 1
1 1082763683773 4
1 1082763683774 1
1 1082763683776 1
1 1082763683777 4
1 1082763683778 1
1 1082763683820 4
1 1082763683821 1
1 1082763683824 4
1 1082763683825 1
1 1082763683828 4
1 1082763683829 1
1 1082763683832 4
1 1082763683833 1
1 1082763683836 4
1 1082763683837 1
1 1082763683840 4
1 1082763683841 1
1 1082763683870 1
1 1082763683871 1
1 1082763683874 1
1 1082763683875 1
1 1082763683878 1
1 1082763683879 1
1 1082763683882 1
1 1082763683883 1
1 1082763683886 1
1 1082763683887 1
1 1082763683890 1
1 1082763683891 1
1 1082763683933 1
1 1082763683934 4
1 1082763683935 1
1 1082763683937 1
1 1082763683938 4
1 1082763683939 1
1 1082763683941 1
1 1082763683942 4
1 1082763683943 1
1 1082763683945 1
1 1082763683946 4
1 1082763683947 1
1 1082763683949 1
1 1082763683950 4
1 1082763683951 1
1 1082763683953 1
1 1082763683954 4
1 1082763683955 1
1 1082763684030 1
1 1082763684031 1
1 1082763684034 1
1 1082763684035 1
1 1082763684038 1
1 1082763684039 1
1 1082763684042 1
1 1082763684043 1
1 1082763684046 1
1 1082763684047 1
1 1082763684050 1
1 1082763684051 1
1 1082763684093 1
1 1082763684094 4
1 1082763684095 1
1 1082763684097 1
1 1082763684098 4
1 1082763684099 1
1 1082763684101 1
1 1082763684102 4
1 1082763684103 1
1 1082763684105 1
1 1082763684106 4
1 1082763684107 1
1 1082763684109 1
1 1082763684110 4
1 1082763684111 1
1 1082763684113 1
1 1082763684114 4
1 1082763684115 1
1 1082763684156 1
1 1082763684157 4
1 1082763684158 1
1 1082763684160 1
1 1082763684161 4
1 1082763684162 1
1 1082763684164 1
1 1082763684165 4
1 1082763684166 1
1 1082763684168 1
1 1082763684169 4
1 1082763684170 1
1 1082763684172 1
1 1082763684173 4
1 1082763684174 1
1 1082763684176 1
1 1082763684177 4
1 1082763684178 1
1 1082763684220 4
1 1082763684221 1
1 1082763684224 4
1 1082763684225 1
1 1082763684228 4
1 1082763684229 1
1 1082763684232 4
1 1082763684233 1
1 1082763684236 4
1 1082763684237 1
1 1082763684240 4
1 1082763684241 1
1 1082763684270 1
1 1082763684271 1
1 1082763684274 1
1 1082763684275 1
1 1082763684278 1
1 1082763684279 1
1 1082763684282 1
1 1082763684283 1
1 1082763684286 1
1 1082763684287 1
1 1082763684290 1
1 1082763684291 1
1 1082763684333 1
1 1082763684334 4
1 1082763684335 1
1 1082763684337 1
1 1082763684338 4
1 1082763684339 1
1 1082763684341 1
1 1082763684342 4
1 1082763684343 1
1 1082763684345 1
1 1082763684346 4
1 1082763684347 1
1 1082763684349 1
1 1082763684350 4
1 1082763684351 1
1 1082763684353 1
1 1082763684354 4
1 1082763684355 1
1 1082763684430 1
1 1082763684431 1
1 1082763684434 1
1 1082763684435 1
1 1082763684438 1
1 1082763684439 1
1 1082763684442 1
1 1082763684443 1
1 1082763684446 1
1 1082763684447 1
1 1082763684450 1
1 1082763684451 1
1 1082763684493 1
1 1082763684494 4
1 1082763684495 1
1 1082763684497 1
1 1082763684498 4
1 1082763684499 1
1 1082763684501 1
1 1082763684502 4
1 1082763684503 1
1 1082763684505 1
1 1082763684506 4
1 1082763684507 1
1 1082763684509 1
1 1082763684510 4
1 1082763684511 1
1 1082763684513 1
1 1082763684514 4
1 1082763684515 1
1 1082763684556 1
1 1082763684557 4
1 1082763684558 1
1 1082763684560 1
1 1082763684561 4
1 1082763684562 1
1 1082763684564 1
1 1082763684565 4
1 1082763684566 1
1 1082763684568 1
1 1082763684569 4
1 1082763684570 1
1 1082763684572 1
1 1082763684573 4
1 1082763684574 1
1 1082763684576 1
1 1082763684577 4
1 1082763684578 1
1 1082763684620 4
1 1082763684621 1
1 1082763684624 4
1 1082763684625 1
1 1082763684628 4
1 1082763684629 1
1 1082763684632 4
1 1082763684633 1
1 1082763684636 4
1 1082763684637 1
1 1082763684640 4
1 1082763684641 1
1 1082763684670 1
1 1082763684671 1
1 1082763684674 1
1 1082763684675 1
1 1082763684678 1
1 1082763684679 1
1 1082763684682 1
1 1082763684683 1
1 1082763684686 1
1 1082763684687 1
1 1082763684690 1
1 1082763684691 1
1 1082763684733 1
1 1082763684734 4
1 1082763684735 1
1 1082763684737 1
1 1082763684738 4
1 1082763684739 1
1 1082763684741 1
1 1082763684742 4
1 1082763684743 1
1 1082763684745 1
1 1082763684746 4
1 1082763684747 1
1 1082763684749 1
1 1082763684750 4
1 1082763684751 1
1 1082763684753 1
1 1082763684754 4
1 1082763684755 1
1 1082763684830 1
1 1082763684831 1
1 1082763684834 1
1 1082763684835 1
1 1082763684838 1
1 1082763684839 1
1 1082763684842 1
1 1082763684843 1
1 1082763684846 1
1 1082763684847 1
1 1082763684850 1
1 1082763684851 1
1 1082763684893 1
1 1082763684894 4
1 1082763684895 1
1 1082763684897 1
1 1082763684898 4
1 1082763684899 1
1 1082763684901 1
1 1082763684902 4
1 1082763684903 1
1 1082763684905 1
1 1082763684906 4
1 1082763684907 1
1 1082763684909 1
1 1082763684910 4
1 1082763684911 1
1 1082763684913 1
1 1082763684914 4
1 1082763684915 1
1 1082763684956 1
1 1082763684957 4
1 1082763684958 1
1 1082763684960 1
1 1082763684961 4
1 1082763684962 1
1 1082763684964 1
1 1082763684965 4
1 1082763684966 1
1 1082763684968 1
1 1082763684969 4
1 1082763684970 1
1 1082763684972 1
1 1082763684973 4
1 1082763684974 1
1 1082763684976 1
1 1082763684977 4
1 1082763684978 1
1 1082763685020 4
1 1082763685021 1
1 1082763685024 4
1 1082763685025 1
1 1082763685028 4
1 1082763685029 1
1 1082763685032 4
1 1082763685033 1
1 1082763685036 4
1 1082763685037 1
1 1082763685040 4
1 1082763685041 1
1 1082763685070 1
1 1082763685071 1
1 1082763685074 1
1 1082763685075 1
1 1082763685078 1
1 1082763685079 1
1 1082763685082 1
1 1082763685083 1
1 1082763685086 1
1 1082763685087 1
1 1082763685090 1
1 1082763685091 1
1 1082763685133 1
1 1082763685134 4
1 1082763685135 1
1 1082763685137 1
1 1082763685138 4
1 1082763685139 1
1 1082763685141 1
1 1082763685142 4
1 1082763685143 1
1 1082763685145 1
1 1082763685146 4
1 1082763685147 1
1 1082763685149 1
1 1082763685150 4
1 1082763685151 1
1 1082763685153 1
1 1082763685154 4
1 1082763685155 1
1 1082763685230 1
1 1082763685231 1
1 1082763685234 1
1 1082763685235 1
1 1082763685238 1
1 1082763685239 1
1 1082763685242 1
1 1082763685243 1
1 1082763685246 1
1 1082763685247 1
1 1082763685250 1
1 1082763685251 1
1 1082763685293 1
1 1082763685294 4
1 1082763685295 1
1 1082763685297 1
1 1082763685298 4
1 1082763685299 1
1 1082763685301 1
1 1082763685302 4
1 1082763685303 1
1 1082763685305 1
1 1082763685306 4
1 1082763685307 1
1 1082763685309 1
1 1082763685310 4
1 1082763685311 1
1 1082763685313 1
1 1082763685314 4
1 1082763685315 1
1 1082763685356 1
1 1082763685357 4
1 1082763685358 1
1 1082763685360 1
1 1082763685361 4
1 1082763685362 1
1 1082763685364 1
1 1082763685365 4
1 1082763685366 1
1 1082763685368 1
1 1082763685369 4
1 1082763685370 1
1 1082763685372 1
1 1082763685373 4
1 1082763685374 1
1 1082763685376 1
1 1082763685377 4
1 1082763685378 1
1 1082763685420 4
1 1082763685421 1
1 1082763685424 4
1 1082763685425 1
1 1082763685428 4
1 1082763685429 1
1 1082763685432 4
1 1082763685433 1
1 1082763685436 4
1 1082763685437 1
1 1082763685440 4
1 1082763685441 1
1 1082763685470 1
1 1082763685471 1
1 1082763685474 1
1 1082763685475 1
1 1082763685478 1
1 1082763685479 1
1 1082763685482 1
1 1082763685483 1
1 1082763685486 1
1 1082763685487 1
1 1082763685490 1
1 1082763685491 1
1 1082763685533 1
1 1082763685534 4
1 1082763685535 1
1 1082763685537 1
1 1082763685538 4
1 1082763685539 1
1 1082763685541 1
1 1082763685542 4
1 1082763685543 1
1 1082763685545 1
1 1082763685546 4
1 1082763685547 1
1 1082763685549 1
1 1082763685550 4
1 1082763685551 1
1 1082763685553 1
1 1082763685554 4
1 1082763685555 1
1 1082763685630 1
1 1082763685631 1
1 1082763685634 1
1 1082763685635 1
1 1082763685638 1
1 1082763685639 1
1 1082763685642 1
1 1082763685643 1
1 1082763685646 1
1 1082763685647 1
1 1082763685650 1
1 1082763685651 1
1 1082763685693 1
1 1082763685694 4
1 1082763685695 1
1 1082763685697 1
1 1082763685698 4
1 1082763685699 1
1 1082763685701 1
1 1082763685702 4
1 1082763685703 1
1 1082763685705 1
1 1082763685706 4
1 1082763685707 1
1 1082763685709 1
1 1082763685710 4
1 1082763685711 1
1 1082763685713 1
1 1082763685714 4
1 1082763685715 1
1 1082763685756 1
1 1082763685757 4
1 1082763685758 1
1 1082763685760 1
1 1082763685761 4
1 1082763685762 1
1 1082763685764 1
1 1082763685765 4
1 1082763685766 1
1 1082763685768 1
1 1082763685769 4
1 1082763685770 1
1 1082763685772 1
1 1082763685773 4
1 1082763685774 1
1 1082763685776 1
1 1082763685777 4
1 1082763685778 1
1 1082763685820 4
1 1082763685821 1
1 1082763685824 4
1 1082763685825 1
1 1082763685828 4
1 1082763685829 1
1 1082763685832 4
1 1082763685833 1
1 1082763685836 4
1 1082763685837 1
1 1082763685840 4
1 1082763685841 1
1 1082763685870 1
1 1082763685871 1
1 1082763685874 1
1 1082763685875 1
1 1082763685878 1
1 1082763685879 1
1 1082763685882 1
1 1082763685883 1
1 1082763685886 1
1 1082763685887 1
1 1082763685890 1
1 1082763685891 1
1 1082763685933 1
1 1082763685934 4
1 1082763685935 1
1 1082763685937 1
1 1082763685938 4
1 1082763685939 1
1 1082763685941 1
1 1082763685942 4
1 1082763685943 1
1 1082763685945 1
1 1082763685946 4
1 1082763685947 1
1 1082763685949 1
1 1082763685950 4
1 1082763685951 1
1 1082763685953 1
1 1082763685954 4
1 1082763685955 1
1 1082763686030 1
1 1082763686031 1
1 1082763686034 1
1 1082763686035 1
1 1082763686038 1
1 1082763686039 1
1 1082763686042 1
1 1082763686043 1
1 1082763686046 1
1 1082763686047 1
1 1082763686050 1
1 1082763686051 1
1 1082763686093 1
1 1082763686094 4
1 1082763686095 1
1 1082763686097 1
1 1082763686098 4
1 1082763686099 1
1 1082763686101 1
1 1082763686102 4
1 1082763686103 1
1 1082763686105 1
1 1082763686106 4
1 1082763686107 1
1 1082763686109 1
1 1082763686110 4
1 1082763686111 1
1 1082763686113 1
1 1082763686114 4
1 1082763686115 1
1 1082763686156 1
1 1082763686157 4
1 1082763686158 1
1 1082763686160 1
1 1082763686161 4
1 1082763686162 1
1 1082763686164 1
1 1082763686165 4
1 1082763686166 1
1 1082763686168 1
1 1082763686169 4
1 1082763686170 1
1 1082763686172 1
1 1082763686173 4
1 1082763686174 1
1 1082763686176 1
1 1082763686177 4
1 1082763686178 1
1 1082763686220 4
1 1082763686221 1
1 1082763686224 4
1 1082763686225 1
1 1082763686228 4
1 1082763686229 1
1 1082763686232 4
1 1082763686233 1
1 1082763686236 4
1 1082763686237 1
1 1082763686240 4
1 1082763686241 1
1 1082763686270 1
1 1082763686271 1
1 1082763686274 1
1 1082763686275 1
1 1082763686278 1
1 1082763686279 1
1 1082763686282 1
1 1082763686283 1
1 1082763686286 1
1 1082763686287 1
1 1082763686290 1
1 1082763686291 1
1 1082763686333 1
1 1082763686334 4
1 1082763686335 1
1 1082763686337 1
1 1082763686338 4
1 1082763686339 1
1 1082763686341 1
1 1082763686342 4
1 1082763686343 1
1 1082763686345 1
1 1082763686346 4
1 1082763686347 1
1 1082763686349 1
1 1082763686350 4
1 1082763686351 1
1 1082763686353 1
1 1082763686354 4
1 1082763686355 1
1 1082763686430 1
1 1082763686431 1
1 1082763686434 1
1 1082763686435 1
1 1082763686438 1
1 1082763686439 1
1 1082763686442 1
1 1082763686443 1
1 1082763686446 1
1 1082763686447 1
1 1082763686450 1
1 1082763686451 1
1 1082763686493 1
1 1082763686494 4
1 1082763686495 1
1 1082763686497 1
1 1082763686498 4
1 1082763686499 1
1 1082763686501 1
1 1082763686502 4
1 1082763686503 1
1 1082763686505 1
1 1082763686506 4
1 1082763686507 1
1 1082763686509 1
1 1082763686510 4
1 1082763686511 1
1 1082763686513 1
1 1082763686514 4
1 1082763686515 1
1 1082763686556 1
1 1082763686557 4
1 1082763686558 1
1 1082763686560 1
1 1082763686561 4
1 1082763686562 1
1 1082763686564 1
1 1082763686565 4
1 1082763686566 1
1 1082763686568 1
1 1082763686569 4
1 1082763686570 1
1 1082763686572 1
1 1082763686573 4
1 1082763686574 1
1 1082763686576 1
1 1082763686577 4
1 1082763686578 1
1 1082763686620 4
1 1082763686621 1
1 1082763686624 4
1 1082763686625 1
1 1082763686628 4
1 1082763686629 1
1 1082763686632 4
1 1082763686633 1
1 1082763686636 4
1 1082763686637 1
1 1082763686640 4
1 1082763686641 1
1 1082763686670 1
1 1082763686671 1
1 1082763686674 1
1 1082763686675 1
1 1082763686678 1
1 1082763686679 1
1 1082763686682 1
1 1082763686683 1
1 1082763686686 1
1 1082763686687 1
1 1082763686690 1
1 1082763686691 1
1 1082763686733 1
1 1082763686734 4
1 1082763686735 1
1 1082763686737 1
1 1082763686738 4
1 1082763686739 1
1 1082763686741 1
1 1082763686742 4
1 1082763686743 1
1 1082763686745 1
1 1082763686746 4
1 1082763686747 1
1 1082763686749 1
1 1082763686750 4
1 1082763686751 1
1 1082763686753 1
1 1082763686754 4
1 1082763686755 1
1 1082763686830 1
1 1082763686831 1
1 1082763686834 1
1 1082763686835 1
1 1082763686838 1
1 1082763686839 1
1 1082763686842 1
1 1082763686843 1
1 1082763686846 1
1 1082763686847 1
1 1082763686850 1
1 1082763686851 1
1 1082763686893 1
1 1082763686894 4
1 1082763686895 1
1 1082763686897 1
1 1082763686898 4
1 1082763686899 1
1 1082763686901 1
1 1082763686902 4
1 1082763686903 1
1 1082763686905 1
1 1082763686906 4
1 1082763686907 1
1 1082763686909 1
1 1082763686910 4
1 1082763686911 1
1 1082763686913 1
1 1082763686914 4
1 1082763686915 1
1 1082763686956 1
1 1082763686957 4
1 1082763686958 1
1 1082763686960 1
1 1082763686961 4
1 1082763686962 1
1 1082763686964 1
1 1082763686965 4
1 1082763686966 1
1 1082763686968 1
1 1082763686969 4
1 1082763686970 1
1 1082763686972 1
1 1082763686973 4
1 1082763686974 1
1 1082763686976 1
1 1082763686977 4
1 1082763686978 1
1 1082763687020 4
1 1082763687021 1
1 1082763687024 4
1 1082763687025 1
1 1082763687028 4
1 1082763687029 1
1 1082763687032 4
1 1082763687033 1
1 1082763687036 4
1 1082763687037 1
1 1082763687040 4
1 1082763687041 1
1 1082763687070 1
1 1082763687071 1
1 1082763687074 1
1 1082763687075 1
1 1082763687078 1
1 1082763687079 1
1 1082763687082 1
1 1082763687083 1
1 1082763687086 1
1 1082763687087 1
1 1082763687090 1
1 1082763687091 1
1 1082763687133 1
1 1082763687134 4
1 1082763687135 1
1 1082763687137 1
1 1082763687138 4
1 1082763687139 1
1 1082763687141 1
1 1082763687142 4
1 1082763687143 1
1 1082763687145 1
1 1082763687146 4
1 1082763687147 1
1 1082763687149 1
1 1082763687150 4
1 1082763687151 1
1 1082763687153 1
1 1082763687154 4
1 1082763687155 1
1 1082763687230 1
1 1082763687231 1
1 1082763687234 1
1 1082763687235 1
1 1082763687238 1
1 1082763687239 1
1 1082763687242 1
1 1082763687243 1
1 1082763687246 1
1 1082763687247 1
1 1082763687250 1
1 1082763687251 1
1 1082763687293 1
1 1082763687294 4
1 1082763687295 1
1 1082763687297 1
1 1082763687298 4
1 1082763687299 1
1 1082763687301 1
1 1082763687302 4
1 1082763687303 1
1 1082763687305 1
1 1082763687306 4
1 1082763687307 1
1 1082763687309 1
1 1082763687310 4
1 1082763687311 1
1 1082763687313 1
1 1082763687314 4
1 1082763687315 1
1 1082763687356 1
1 1082763687357 4
1 1082763687358 1
1 1082763687360 1
1 1082763687361 4
1 1082763687362 1
1 1082763687364 1
1 1082763687365 4
1 1082763687366 1
1 1082763687368 1
1 1082763687369 4
1 1082763687370 1
1 1082763687372 1
1 1082763687373 4
1 1082763687374 1
1 1082763687376 1
1 1082763687377 4
1 1082763687378 1
1 1082763687420 4
1 1082763687421 1
1 1082763687424 4
1 1082763687425 1
1 1082763687428 4
1 1082763687429 1
1 1082763687432 4
1 1082763687433 1
1 1082763687436 4
1 1082763687437 1
1 1082763687440 4
1 1082763687441 1
1 1082763687470 1
1 1082763687471 1
1 1082763687474 1
1 1082763687475 1
1 1082763687478 1
1 1082763687479 1
1 1082763687482 1
1 1082763687483 1
1 1082763687486 1
1 1082763687487 1
1 1082763687490 1
1 1082763687491 1
1 1082763687533 1
1 1082763687534 4
1 1082763687535 1
1 1082763687537 1
1 1082763687538 4
1 1082763687539 1
1 1082763687541 1
1 1082763687542 4
1 1082763687543 1
1 1082763687545 1
1 1082763687546 4
1 1082763687547 1
1 1082763687549 1
1 1082763687550 4
1 1082763687551 1
1 1082763687553 1
1 1082763687554 4
1 1082763687555 1
1 1082763687630 1
1 1082763687631 1
1 1082763687634 1
1 1082763687635 1
1 1082763687638 1
1 1082763687639 1
1 1082763687642 1
1 1082763687643 1
1 1082763687646 1
1 1082763687647 1
1 1082763687650 1
1 1082763687651 1
1 1082763687693 1
1 1082763687694 4
1 1082763687695 1
1 1082763687697 1
1 1082763687698 4
1 1082763687699 1
1 1082763687701 1
1 1082763687702 4
1 1082763687703 1
1 1082763687705 1
1 1082763687706 4
1 1082763687707 1
1 1082763687709 1
1 1082763687710 4
1 1082763687711 1
1 1082763687713 1
1 1082763687714 4
1 1082763687715 1
1 1082763687756 1
1 1082763687757 4
1 1082763687758 1
1 1082763687760 1
1 1082763687761 4
1 1082763687762 1
1 1082763687764 1
1 1082763687765 4
1 1082763687766 1
1 1082763687768 1
1 1082763687769 4
1 1082763687770 1
1 1082763687772 1
1 1082763687773 4
1 1082763687774 1
1 1082763687776 1
1 1082763687777 4
1 1082763687778 1
1 1082763687820 4
1 1082763687821 1
1 1082763687824 4
1 1082763687825 1
1 1082763687828 4
1 1082763687829 1
1 1082763687832 4
1 1082763687833 1
1 1082763687836 4
1 1082763687837 1
1 1082763687840 4
1 1082763687841 1
1 1082763687870 1
1 1082763687871 1
1 1082763687874 1
1 1082763687875 1
1 1082763687878 1
1 1082763687879 1
1 1082763687882 1
1 1082763687883 1
1 1082763687886 1
1 1082763687887 1
1 1082763687890 1
1 1082763687891 1
1 1082763687933 1
1 1082763687934 4
1 1082763687935 1
1 1082763687937 1
1 1082763687938 4
1 1082763687939 1
1 1082763687941 1
1 1082763687942 4
1 1082763687943 1
1 1082763687945 1
1 1082763687946 4
1 1082763687947 1
1 1082763687949 1
1 1082763687950 4
1 1082763687951 1
1 1082763687953 1
1 1082763687954 4
1 1082763687955 1
1 1082763688030 1
1 1082763688031 1
1 1082763688034 1
1 1082763688035 1
1 1082763688038 1
1 1082763688039 1
1 1082763688042 1
1 1082763688043 1
1 1082763688046 1
1 1082763688047 1
1 1082763688050 1
1 1082763688051 1
1 1082763688093 1
1 1082763688094 4
1 1082763688095 1
1 1082763688097 1
1 1082763688098 4
1 1082763688099 1
1 1082763688101 1
1 1082763688102 4
1 1082763688103 1
1 1082763688105 1
1 1082763688106 4
1 1082763688107 1
1 1082763688109 1
1 1082763688110 4
1 1082763688111 1
1 1082763688113 1
1 1082763688114 4
1 1082763688115 1
1 1082763688156 1
1 1082763688157 4
1 1082763688158 1
1 1082763688160 1
1 1082763688161 4
1 1082763688162 1
1 1082763688164 1
1 1082763688165 4
1 1082763688166 1
1 1082763688168 1
1 1082763688169 4
1 1082763688170 1
1 1082763688172 1
1 1082763688173 4
1 1082763688174 1
1 1082763688176 1
1 1082763688177 4
1 1082763688178 1
1 1082763688220 4
1 1082763688221 1
1 1082763688224 4
1 1082763688225 1
1 1082763688228 4
1 1082763688229 1
1 1082763688232 4
1 1082763688233 1
1 1082763688236 4
1 1082763688237 1
1 1082763688240 4
1 1082763688241 1
1 1082763688270 1
1 1082763688271 1
1 1082763688274 1
1 1082763688275 1
1 1082763688278 1
1 1082763688279 1
1 1082763688282 1
1 1082763688283 1
1 1082763688286 1
1 1082763688287 1
1 1082763688290 1
1 1082763688291 1
1 1082763688333 1
1 1082763688334 4
1 1082763688335 1
1 1082763688337 1
1 1082763688338 4
1 1082763688339 1
1 1082763688341 1
1 1082763688342 4
1 1082763688343 1
1 1082763688345 1
1 1082763688346 4
1 1082763688347 1
1 1082763688349 1
1 1082763688350 4
1 1082763688351 1
1 1082763688353 1
1 1082763688354 4
1 1082763688355 1
1 1082763688430 1
1 1082763688431 1
1 1082763688434 1
1 1082763688435 1
1 1082763688438 1
1 1082763688439 1
1 1082763688442 1
1 1082763688443 1
1 1082763688446 1
1 1082763688447 1
1 1082763688450 1
1 1082763688451 1
1 1082763688493 1
1 1082763688494 4
1 1082763688495 1
1 1082763688497 1
1 1082763688498 4
1 1082763688499 1
1 1082763688501 1
1 1082763688502 4
1 1082763688503 1
1 1082763688505 1
1 1082763688506 4
1 1082763688507 1
1 1082763688509 1
1 1082763688510 4
1 1082763688511 1
1 1082763688513 1
1 1082763688514 4
1 1082763688515 1
1 1082763688556 1
1 1082763688557 4
1 1082763688558 1
1 1082763688560 1
1 1082763688561 4
1 1082763688562 1
1 1082763688564 1
1 1082763688565 4
1 1082763688566 1
1 1082763688568 1
1 1082763688569 4
1 1082763688570 1
1 1082763688572 1
1 1082763688573 4
1 1082763688574 1
1 1082763688576 1
1 1082763688577 4
1 1082763688578 1
1 1082763688620 4
1 1082763688621 1
1 1082763688624 4
1 1082763688625 1
1 1082763688628 4
1 1082763688629 1
1 1082763688632 4
1 1082763688633 1
1 1082763688636 4
1 1082763688637 1
1 1082763688640 4
1 1082763688641 1
1 1082763688670 1
1 1082763688671 1
1 1082763688674 1
1 1082763688675 1
1 1082763688678 1
1 1082763688679 1
1 1082763688682 1
1 1082763688683 1
1 1082763688686 1
1 1082763688687 1
1 1082763688690 1
1 1082763688691 1
1 1082763688733 1
1 1082763688734 4
1 1082763688735 1
1 1082763688737 1
1 1082763688738 4
1 1082763688739 1
1 1082763688741 1
1 1082763688742 4
1 1082763688743 1
1 1082763688745 1
1 1082763688746 4
1 1082763688747 1
1 1082763688749 1
1 1082763688750 4
1 1082763688751 1
1 1082763688753 1
1 1082763688754 4
1 1082763688755 1
1 1082763688830 1
1 1082763688831 1
1 1082763688834 1
1 1082763688835 1
1 1082763688838 1
1 1082763688839 1
1 1082763688842 1
1 1082763688843 1
1 1082763688846 1
1 1082763688847 1
1 1082763688850 1
1 1082763688851 1
1 1082763688893 1
1 1082763688894 4
1 1082763688895 1
1 1082763688897 1
1 1082763688898 4
1 1082763688899 1
1 1082763688901 1
1 1082763688902 4
1 1082763688903 1
1 1082763688905 1
1 1082763688906 4
1 1082763688907 1
1 1082763688909 1
1 1082763688910 4
1 1082763688911 1
1 1082763688913 1
1 1082763688914 4
1 1082763688915 1
1 1082763688956 1
1 1082763688957 4
1 1082763688958 1
1 1082763688960 1
1 1082763688961 4
1 1082763688962 1
1 1082763688964 1
1 1082763688965 4
1 1082763688966 1
1 1082763688968 1
1 1082763688969 4
1 1082763688970 1
1 1082763688972 1
1 1082763688973 4
1 1082763688974 1
1 1082763688976 1
1 1082763688977 4
1 1082763688978 1
1 1082763689020 4
1 1082763689021 1
1 1082763689024 4
1 1082763689025 1
1 1082763689028 4
1 1082763689029 1
1 1082763689032 4
1 1082763689033 1
1 1082763689036 4
1 1082763689037 1
1 1082763689040 4
1 1082763689041 1
1 1082763689070 1
1 1082763689071 1
1 1082763689074 1
1 1082763689075 1
1 1082763689078 1
1 1082763689079 1
1 1082763689082 1
1 1082763689083 1
1 1082763689086 1
1 1082763689087 1
1 1082763689090 1
1 1082763689091 1
1 1082763689133 1
1 1082763689134 4
1 1082763689135 1
1 1082763689137 1
1 1082763689138 4
1 1082763689139 1
1 1082763689141 1
1 1082763689142 4
1 1082763689143 1
1 1082763689145 1
1 1082763689146 4
1 1082763689147 1
1 1082763689149 1
1 1082763689150 4
1 1082763689151 1
1 1082763689153 1
1 1082763689154 4
1 1082763689155 1
1 1082763689230 1
1 1082763689231 1
1 1082763689234 1
1 1082763689235 1
1 1082763689238 1
1 1082763689239 1
1 1082763689242 1
1 1082763689243 1
1 1082763689246 1
1 1082763689247 1
1 1082763689250 1
1 1082763689251 1
1 1082763689293 1
1 1082763689294 4
1 1082763689295 1
1 1082763689297 1
1 1082763689298 4
1 1082763689299 1
1 1082763689301 1
1 1082763689302 4
1 1082763689303 1
1 1082763689305 1
1 1082763689306 4
1 1082763689307 1
1 1082763689309 1
1 1082763689310 4
1 1082763689311 1
1 1082763689313 1
1 1082763689314 4
1 1082763689315 1
1 1082763689356 1
1 1082763689357 4
1 1082763689358 1
1 1082763689360 1
1 1082763689361 4
1 1082763689362 1
1 1082763689364 1
1 1082763689365 4
1 1082763689366 1
1 1082763689368 1
1 1082763689369 4
1 1082763689370 1
1 1082763689372 1
1 1082763689373 4
1 1082763689374 1
1 1082763689376 1
1 1082763689377 4
1 1082763689378 1
1 1082763689420 4
1 1082763689421 1
1 1082763689424 4
1 1082763689425 1
1 1082763689428 4
1 1082763689429 1
1 1082763689432 4
1 1082763689433 1
1 1082763689436 4
1 1082763689437 1
1 1082763689440 4
1 1082763689441 1
1 1082763689470 1
1 1082763689471 1
1 1082763689474 1
1 1082763689475 1
1 1082763689478 1
1 1082763689479 1
1 1082763689482 1
1 1082763689483 1
1 1082763689486 1
1 1082763689487 1
1 1082763689490 1
1 1082763689491 1
1 1082763689533 1
1 1082763689534 4
1 1082763689535 1
1 1082763689537 1
1 1082763689538 4
1 1082763689539 1
1 1082763689541 1
1 1082763689542 4
1 1082763689543 1
1 1082763689545 1
1 1082763689546 4
1 1082763689547 1
1 1082763689549 1
1 1082763689550 4
1 1082763689551 1
1 1082763689553 1
1 1082763689554 4
1 1082763689555 1
1 1082763689630 1
1 1082763689631 1
1 1082763689634 1
1 1082763689635 1
1 1082763689638 1
1 1082763689639 1
1 1082763689642 1
1 1082763689643 1
1 1082763689646 1
1 1082763689647 1
1 1082763689650 1
1 1082763689651 1
1 1082763689693 1
1 1082763689694 4
1 1082763689695 1
1 1082763689697 1
1 1082763689698 4
1 1082763689699 1
1 1082763689701 1
1 1082763689702 4
1 1082763689703 1
1 1082763689705 1
1 1082763689706 4
1 1082763689707 1
1 1082763689709 1
1 1082763689710 4
1 1082763689711 1
1 1082763689713 1
1 1082763689714 4
1 1082763689715 1
1 1082763689756 1
1 1082763689757 4
1 1082763689758 1
1 1082763689760 1
1 1082763689761 4
1 1082763689762 1
1 1082763689764 1
1 1082763689765 4
1 1082763689766 1
1 1082763689768 1
1 1082763689769 4
1 1082763689770 1
1 1082763689772 1
1 1082763689773 4
1 1082763689774 1
1 1082763689776 1
1 1082763689777 4
1 1082763689778 1
1 1082763689820 4
1 1082763689821 1
1 1082763689824 4
1 1082763689825 1
1 1082763689828 4
1 1082763689829 1
1 1082763689832 4
1 1082763689833 1
1 1082763689836 4
1 1082763689837 1
1 1082763689840 4
1 1082763689841 1
1 1082763689870 1
1 1082763689871 1
1 1082763689874 1
1 1082763689875 1
1 1082763689878 1
1 1082763689879 1
1 1082763689882 1
1 1082763689883 1
1 1082763689886 1
1 1082763689887 1
1 1082763689890 1
1 1082763689891 1
1 1082763689933 1
1 1082763689934 4
1 1082763689935 1
1 1082763689937 1
1 1082763689938 4
1 1082763689939 1
1 1082763689941 1
1 1082763689942 4
1 1082763689943 1
1 1082763689945 1
1 1082763689946 4
1 1082763689947 1
1 1082763689949 1
1 1082763689950 4
1 1082763689951 1
1 1082763689953 1
1 1082763689954 4
1 1082763689955 1
1 1082763690030 1
1 1082763690031 1
1 1082763690034 1
1 1082763690035 1
1 1082763690038 1
1 1082763690039 1
1 1082763690042 1
1 1082763690043 1
1 1082763690046 1
1 1082763690047 1
1 1082763690050 1
1 1082763690051 1
1 1082763690093 1
1 1082763690094 4
1 1082763690095 1
1 1082763690097 1
1 1082763690098 4
1 1082763690099 1
1 1082763690101 1
1 1082763690102 4
1 1082763690103 1
1 1082763690105 1
1 1082763690106 4
1 1082763690107 1
1 1082763690109 1
1 1082763690110 4
1 1082763690111 1
1 1082763690113 1
1 1082763690114 4
1 1082763690115 1
1 1082763690156 1
1 1082763690157 4
1 1082763690158 1
1 1082763690160 1
1 1082763690161 4
1 1082763690162 1
1 1082763690164 1
1 1082763690165 4
1 1082763690166 1
1 1082763690168 1
1 1082763690169 4
1 1082763690170 1
1 1082763690172 1
1 1082763690173 4
1 1082763690174 1
1 1082763690176 1
1 1082763690177 4
1 1082763690178 1
1 1082763690220 4
1 1082763690221 1
1 1082763690224 4
1 1082763690225 1
1 1082763690228 4
1 1082763690229 1
1 1082763690232 4
1 1082763690233 1
1 1082763690236 4
1 1082763690237 1
1 1082763690240 4
1 1082763690241 1
1 1082763690270 1
1 1082763690271 1
1 1082763690274 1
1 1082763690275 1
1 1082763690278 1
1 1082763690279 1
1 1082763690282 1
1 1082763690283 1
1 1082763690286 1
1 1082763690287 1
1 1082763690290 1
1 1082763690291 1
1 1082763690333 1
1 1082763690334 4
1 1082763690335 1
1 1082763690337 1
1 1082763690338 4
1 1082763690339 1
1 1082763690341 1
1 1082763690342 4
1 1082763690343 1
1 1082763690345 1
1 1082763690346 4
1 1082763690347 1
1 1082763690349 1
1 1082763690350 4
1 1082763690351 1
1 1082763690353 1
1 1082763690354 4
1 1082763690355 1
1 1082763690430 1
1 1082763690431 1
1 1082763690434 1
1 1082763690435 1
1 1082763690438 1
1 1082763690439 1
1 1082763690442 1
1 1082763690443 1
1 1082763690446 1
1 1082763690447 1
1 1082763690450 1
1 1082763690451 1
1 1082763690493 1
1 1082763690494 4
1 1082763690495 1
1 1082763690497 1
1 1082763690498 4
1 1082763690499 1
1 1082763690501 1
1 1082763690502 4
1 1082763690503 1
1 1082763690505 1
1 1082763690506 4
1 1082763690507 1
1 1082763690509 1
1 1082763690510 4
1 1082763690511 1
1 1082763690513 1
1 1082763690514 4
1 1082763690515 1
1 1082763690556 1
1 1082763690557 4
1 1082763690558 1
1 1082763690560 1
1 1082763690561 4
1 1082763690562 1
1 1082763690564 1
1 1082763690565 4
1 1082763690566 1
1 1082763690568 1
1 1082763690569 4
1 1082763690570 1
1 1082763690572 1
1 1082763690573 4
1 1082763690574 1
1 1082763690576 1
1 1082763690577 4
1 1082763690578 1
1 1082763690620 4
1 1082763690621 1
1 1082763690624 4
1 1082763690625 1
1 1082763690628 4
1 1082763690629 1
1 1082763690632 4
1 1082763690633 1
1 1082763690636 4
1 1082763690637 1
1 1082763690640 4
1 1082763690641 1
1 1082763690670 1
1 1082763690671 1
1 1082763690674 1
1 1082763690675 1
1 1082763690678 1
1 1082763690679 1
1 1082763690682 1
1 1082763690683 1
1 1082763690686 1
1 1082763690687 1
1 1082763690690 1
1 1082763690691 1
1 1082763690733 1
1 1082763690734 4
1 1082763690735 1
1 1082763690737 1
1 1082763690738 4
1 1082763690739 1
1 1082763690741 1
1 1082763690742 4
1 1082763690743 1
1 1082763690745 1
1 1082763690746 4
1 1082763690747 1
1 1082763690749 1
1 1082763690750 4
1 1082763690751 1
1 1082763690753 1
1 1082763690754 4
1 1082763690755 1
1 1082763690830 1
1 1082763690831 1
1 1082763690834 1
1 1082763690835 1
1 1082763690838 1
1 1082763690839 1
1 1082763690842 1
1 1082763690843 1
1 1082763690846 1
1 1082763690847 1
1 1082763690850 1
1 1082763690851 1
1 1082763690893 1
1 1082763690894 4
1 1082763690895 1
1 1082763690897 1
1 1082763690898 4
1 1082763690899 1
1 1082763690901 1
1 1082763690902 4
1 1082763690903 1
1 1082763690905 1
1 1082763690906 4
1 1082763690907 1
1 1082763690909 1
1 1082763690910 4
1 1082763690911 1
1 1082763690913 1
1 1082763690914 4
1 1082763690915 1
1 1082763690956 1
1 1082763690957 4
1 1082763690958 1
1 1082763690960 1
1 1082763690961 4
1 1082763690962 1
1 1082763690964 1
1 1082763690965 4
1 1082763690966 1
1 1082763690968 1
1 1082763690969 4
1 1082763690970 1
1 1082763690972 1
1 1082763690973 4
1 1082763690974 1
1 1082763690976 1
1 1082763690977 4
1 1082763690978 1
1 1082763691020 4
1 1082763691021 1
1 1082763691024 4
1 1082763691025 1
1 1082763691028 4
1 1082763691029 1
1 1082763691032 4
1 1082763691033 1
1 1082763691036 4
1 1082763691037 1
1 1082763691040 4
1 1082763691041 1
1 1082763691070 1
1 1082763691071 1
1 1082763691074 1
1 1082763691075 1
1 1082763691078 1
1 1082763691079 1
1 1082763691082 1
1 1082763691083 1
1 1082763691086 1
1 1082763691087 1
1 1082763691090 1
1 1082763691091 1
1 1082763691133 1
1 1082763691134 4
1 1082763691135 1
1 1082763691137 1
1 1082763691138 4
1 1082763691139 1
1 1082763691141 1
1 1082763691142 4
1 1082763691143 1
1 1082763691145 1
1 1082763691146 4
1 1082763691147 1
1 1082763691149 1
1 1082763691150 4
1 1082763691151 1
1 1082763691153 1
1 1082763691154 4
1 1082763691155 1
1 1082763691230 1
1 1082763691231 1
1 1082763691234 1
1 1082763691235 1
1 1082763691238 1
1 1082763691239 1
1 1082763691242 1
1 1082763691243 1
1 1082763691246 1
1 1082763691247 1
1 1082763691250 1
1 1082763691251 1
1 1082763691293 1
1 1082763691294 4
1 1082763691295 1
1 1082763691297 1
1 1082763691298 4
1 1082763691299 1
1 1082763691301 1
1 1082763691302 4
1 1082763691303 1
1 1082763691305 1
1 1082763691306 4
1 1082763691307 1
1 1082763691309 1
1 1082763691310 4
1 1082763691311 1
1 1082763691313 1
1 1082763691314 4
1 1082763691315 1
1 1082763691356 1
1 1082763691357 4
1 1082763691358 1
1 1082763691360 1
1 1082763691361 4
1 1082763691362 1
1 1082763691364 1
1 1082763691365 4
1 1082763691366 1
1 1082763691368 1
1 1082763691369 4
1 1082763691370 1
1 1082763691372 1
1 1082763691373 4
1 1082763691374 1
1 1082763691376 1
1 1082763691377 4
1 1082763691378 1
1 1082763691420 4
1 1082763691421 1
1 1082763691424 4
1 1082763691425 1
1 1082763691428 4
1 1082763691429 1
1 1082763691432 4
1 1082763691433 1
1 1082763691436 4
1 1082763691437 1
1 1082763691440 4
1 1082763691441 1
1 1082763691470 1
1 1082763691471 1
1 1082763691474 1
1 1082763691475 1
1 1082763691478 1
1 1082763691479 1
1 1082763691482 1
1 1082763691483 1
1 1082763691486 1
1 1082763691487 1
1 1082763691490 1
1 1082763691491 1
1 1082763691533 1
1 1082763691534 4
1 1082763691535 1
1 1082763691537 1
1 1082763691538 4
1 1082763691539 1
1 1082763691541 1
1 1082763691542 4
1 1082763691543 1
1 1082763691545 1
1 1082763691546 4
1 1082763691547 1
1 1082763691549 1
1 1082763691550 4
1 1082763691551 1
1 1082763691553 1
1 1082763691554 4
1 1082763691555 1
1 1082763691630 1
1 1082763691631 1
1 1082763691634 1
1 1082763691635 1
1 1082763691638 1
1 1082763691639 1
1 1082763691642 1
1 1082763691643 1
1 1082763691646 1
1 1082763691647 1
1 1082763691650 1
1 1082763691651 1
1 1082763691693 1
1 1082763691694 4
1 1082763691695 1
1 1082763691697 1
1 1082763691698 4
1 1082763691699 1
1 1082763691701 1
1 1082763691702 4
1 1082763691703 1
1 1082763691705 1
1 1082763691706 4
1 1082763691707 1
1 1082763691709 1
1 1082763691710 4
1 1082763691711 1
1 1082763691713 1
1 1082763691714 4
1 1082763691715 1
1 1082763691756 1
1 1082763691757 4
1 1082763691758 1
1 1082763691760 1
1 1082763691761 4
1 1082763691762 1
1 1082763691764 1
1 1082763691765 4
1 1082763691766 1
1 1082763691768 1
1 1082763691769 4
1 1082763691770 1
1 1082763691772 1
1 1082763691773 4
1 1082763691774 1
1 1082763691776 1
1 1082763691777 4
1 1082763691778 1
1 1082763691820 4
1 1082763691821 1
1 1082763691824 4
1 1082763691825 1
1 1082763691828 4
1 1082763691829 1
1 1082763691832 4
1 1082763691833 1
1 1082763691836 4
1 1082763691837 1
1 1082763691840 4
1 1082763691841 1
1 1082763691870 1
1 1082763691871 1
1 1082763691874 1
1 1082763691875 1
1 1082763691878 1
1 1082763691879 1
1 1082763691882 1
1 1082763691883 1
1 1082763691886 1
1 1082763691887 1
1 1082763691890 1
1 1082763691891 1
1 1082763691933 1
1 1082763691934 4
1 1082763691935 1
1 1082763691937 1
1 1082763691938 4
1 1082763691939 1
1 1082763691941 1
1 1082763691942 4
1 1082763691943 1
1 1082763691945 1
1 1082763691946 4
1 1082763691947 1
1 1082763691949 1
1 1082763691950 4
1 1082763691951 1
1 1082763691953 1
1 1082763691954 4
1 1082763691955 1
1 1082763692030 1
1 1082763692031 1
1 1082763692034 1
1 1082763692035 1
1 1082763692038 1
1 1082763692039 1
1 1082763692042 1
1 1082763692043 1
1 1082763692046 1
1 1082763692047 1
1 1082763692050 1
1 1082763692051 1
1 1082763692093 1
1 1082763692094 4
1 1082763692095 1
1 1082763692097 1
1 1082763692098 4
1 1082763692099 1
1 1082763692101 1
1 1082763692102 4
1 1082763692103 1
1 1082763692105 1
1 1082763692106 4
1 1082763692107 1
1 1082763692109 1
1 1082763692110 4
1 1082763692111 1
1 1082763692113 1
1 1082763692114 4
1 1082763692115 1
1 1082763692156 1
1 1082763692157 4
1 1082763692158 1
1 1082763692160 1
1 1082763692161 4
1 1082763692162 1
1 1082763692164 1
1 1082763692165 4
1 1082763692166 1
1 1082763692168 1
1 1082763692169 4
1 1082763692170 1
1 1082763692172 1
1 1082763692173 4
1 1082763692174 1
1 1082763692176 1
1 1082763692177 4
1 1082763692178 1
1 1082763692220 4
1 1082763692221 1
1 1082763692224 4
1 1082763692225 1
1 1082763692228 4
1 1082763692229 1
1 1082763692232 4
1 1082763692233 1
1 1082763692236 4
1 1082763692237 1
1 1082763692240 4
1 1082763692241 1
1 1082763692270 1
1 1082763692271 1
1 1082763692274 1
1 1082763692275 1
1 1082763692278 1
1 1082763692279 1
1 1082763692282 1
1 1082763692283 1
1 1082763692286 1
1 1082763692287 1
1 1082763692290 1
1 1082763692291 1
1 1082763692333 1
1 1082763692334 4
1 1082763692335 1
1 1082763692337 1
1 1082763692338 4
1 1082763692339 1
1 1082763692341 1
1 1082763692342 4
1 1082763692343 1
1 1082763692345 1
1 1082763692346 4
1 1082763692347 1
1 1082763692349 1
1 1082763692350 4
1 1082763692351 1
1 1082763692353 1
1 1082763692354 4
1 1082763692355 1
1 1082763692430 1
1 1082763692431 1
1 1082763692434 1
1 1082763692435 1
1 1082763692438 1
1 1082763692439 1
1 1082763692442 1
1 1082763692443 1
1 1082763692446 1
1 1082763692447 1
1 1082763692450 1
1 1082763692451 1
1 1082763692493 1
1 1082763692494 4
1 1082763692495 1
1 1082763692497 1
1 1082763692498 4
1 1082763692499 1
1 1082763692501 1
1 1082763692502 4
1 1082763692503 1
1 1082763692505 1
1 1082763692506 4
1 1082763692507 1
1 1082763692509 1
1 1082763692510 4
1 1082763692511 1
1 1082763692513 1
1 1082763692514 4
1 1082763692515 1
1 1082763692556 1
1 1082763692557 4
1 1082763692558 1
1 1082763692560 1
1 1082763692561 4
1 1082763692562 1
1 1082763692564 1
1 1082763692565 4
1 1082763692566 1
1 1082763692568 1
1 1082763692569 4
1 1082763692570 1
1 1082763692572 1
1 1082763692573 4
1 1082763692574 1
1 1082763692576 1
1 1082763692577 4
1 1082763692578 1
1 1082763692620 4
1 1082763692621 1
1 1082763692624 4
1 1082763692625 1
1 1082763692628 4
1 1082763692629 1
1 1082763692632 4
1 1082763692633 1
1 1082763692636 4
1 1082763692637 1
1 1082763692640 4
1 1082763692641 1
1 1082763692670 1
1 1082763692671 1
1 1082763692674 1
1 1082763692675 1
1 1082763692678 1
1 1082763692679 1
1 1082763692682 1
1 1082763692683 1
1 1082763692686 1
1 1082763692687 1
1 1082763692690 1
1 1082763692691 1
1 1082763692733 1
1 1082763692734 4
1 1082763692735 1
1 1082763692737 1
1 1082763692738 4
1 1082763692739 1
1 1082763692741 1
1 1082763692742 4
1 1082763692743 1
1 1082763692745 1
1 1082763692746 4
1 1082763692747 1
1 1082763692749 1
1 1082763692750 4
1 1082763692751 1
1 1082763692753 1
1 1082763692754 4
1 1082763692755 1
1 1082763692830 1
1 1082763692831 1
1 1082763692834 1
1 1082763692835 1
1 1082763692838 1
1 1082763692839 1
1 1082763692842 1
1 1082763692843 1
1 1082763692846 1
1 1082763692847 1
1 1082763692850 1
1 1082763692851 1
1 1082763692893 1
1 1082763692894 4
1 1082763692895 1
1 1082763692897 1
1 1082763692898 4
1 1082763692899 1
1 1082763692901 1
1 1082763692902 4
1 1082763692903 1
1 1082763692905 1
1 1082763692906 4
1 1082763692907 1
1 1082763692909 1
1 1082763692910 4
1 1082763692911 1
1 1082763692913 1
1 1082763692914 4
1 1082763692915 1
1 1082763692956 1
1 1082763692957 4
1 1082763692958 1
1 1082763692960 1
1 1082763692961 4
1 1082763692962 1
1 1082763692964 1
1 1082763692965 4
1 1082763692966 1
1 1082763692968 1
1 1082763692969 4
1 1082763692970 1
1 1082763692972 1
1 1082763692973 4
1 1082763692974 1
1 1082763692976 1
1 1082763692977 4
1 1082763692978 1
1 1082763693020 4
1 1082763693021 1
1 1082763693024 4
1 1082763693025 1
1 1082763693028 4
1 1082763693029 1
1 1082763693032 4
1 1082763693033 1
1 1082763693036 4
1 1082763693037 1
1 1082763693040 4
1 1082763693041 1
1 1082763693070 1
1 1082763693071 1
1 1082763693074 1
1 1082763693075 1
1 1082763693078 1
1 1082763693079 1
1 1082763693082 1
1 1082763693083 1
1 1082763693086 1
1 1082763693087 1
1 1082763693090 1
1 1082763693091 1
1 1082763693133 1
1 1082763693134 4
1 1082763693135 1
1 1082763693137 1
1 1082763693138 4
1 1082763693139 1
1 1082763693141 1
1 1082763693142 4
1 1082763693143 1
1 1082763693145 1
1 1082763693146 4
1 1082763693147 1
1 1082763693149 1
1 1082763693150 4
1 1082763693151 1
1 1082763693153 1
1 1082763693154 4
1 1082763693155 1
1 1082763693230 1
1 1082763693231 1
1 1082763693234 1
1 1082763693235 1
1 1082763693238 1
1 1082763693239 1
1 1082763693242 1
1 1082763693243 1
1 1082763693246 1
1 1082763693247 1
1 1082763693250 1
1 1082763693251 1
1 1082763693293 1
1 1082763693294 4
1 1082763693295 1
1 1082763693297 1
1 1082763693298 4
1 1082763693299 1
1 1082763693301 1
1 1082763693302 4
1 1082763693303 1
1 1082763693305 1
1 1082763693306 4
1 1082763693307 1
1 1082763693309 1
1 1082763693310 4
1 1082763693311 1
1 1082763693313 1
1 1082763693314 4
1 1082763693315 1
1 1082763693356 1
1 1082763693357 4
1 1082763693358 1
1 1082763693360 1
1 1082763693361 4
1 1082763693362 1
1 1082763693364 1
1 1082763693365 4
1 1082763693366 1
1 1082763693368 1
1 1082763693369 4
1 1082763693370 1
1 1082763693372 1
1 1082763693373 4
1 1082763693374 1
1 1082763693376 1
1 1082763693377 4
1 1082763693378 1
1 1082763693420 4
1 1082763693421 1
1 1082763693424 4
1 1082763693425 1
1 1082763693428 4
1 1082763693429 1
1 1082763693432 4
1 1082763693433 1
1 1082763693436 4
1 1082763693437 1
1 1082763693440 4
1 1082763693441 1
1 1082763693470 1
1 1082763693471 1
1 1082763693474 1
1 1082763693475 1
1 1082763693478 1
1 1082763693479 1
1 1082763693482 1
1 1082763693483 1
1 1082763693486 1
1 1082763693487 1
1 1082763693490 1
1 1082763693491 1
1 1082763693533 1
1 1082763693534 4
1 1082763693535 1
1 1082763693537 1
1 1082763693538 4
1 1082763693539 1
1 1082763693541 1
1 1082763693542 4
1 1082763693543 1
1 1082763693545 1
1 1082763693546 4
1 1082763693547 1
1 1082763693549 1
1 1082763693550 4
1 1082763693551 1
1 1082763693553 1
1 1082763693554 4
1 1082763693555 1
1 1082763693630 1
1 1082763693631 1
1 1082763693634 1
1 1082763693635 1
1 1082763693638 1
1 1082763693639 1
1 1082763693642 1
1 1082763693643 1
1 1082763693646 1
1 1082763693647 1
1 1082763693650 1
1 1082763693651 1
1 1082763693693 1
1 1082763693694 4
1 1082763693695 1
1 1082763693697 1
1 1082763693698 4
1 1082763693699 1
1 1082763693701 1
1 1082763693702 4
1 1082763693703 1
1 1082763693705 1
1 1082763693706 4
1 1082763693707 1
1 1082763693709 1
1 1082763693710 4
1 1082763693711 1
1 1082763693713 1
1 1082763693714 4
1 1082763693715 1
1 1082763693756 1
1 1082763693757 4
1 1082763693758 1
1 1082763693760 1
1 1082763693761 4
1 1082763693762 1
1 1082763693764 1
1 1082763693765 4
1 1082763693766 1
1 1082763693768 1
1 1082763693769 4
1 1082763693770 1
1 1082763693772 1
1 1082763693773 4
1 1082763693774 1
1 1082763693776 1
1 1082763693777 4
1 1082763693778 1
1 1082763693820 4
1 1082763693821 1
1 1082763693824 4
1 1082763693825 1
1 1082763693828 4
1 1082763693829 1
1 1082763693832 4
1 1082763693833 1
1 1082763693836 4
1 1082763693837 1
1 1082763693840 4
1 1082763693841 1
1 1082763693870 1
1 1082763693871 1
1 1082763693874 1
1 1082763693875 1
1 1082763693878 1
1 1082763693879 1
1 1082763693882 1
1 1082763693883 1
1 1082763693886 1
1 1082763693887 1
1 1082763693890 1
1 1082763693891 1
1 1082763693933 1
1 1082763693934 4
1 1082763693935 1
1 1082763693937 1
1 1082763693938 4
1 1082763693939 1
1 1082763693941 1
1 1082763693942 4
1 1082763693943 1
1 1082763693945 1
1 1082763693946 4
1 1082763693947 1
1 1082763693949 1
1 1082763693950 4
1 1082763693951 1
1 1082763693953 1
1 1082763693954 4
1 1082763693955 1
1 1082763694030 1
1 1082763694031 1
1 1082763694034 1
1 1082763694035 1
1 1082763694038 1
1 1082763694039 1
1 1082763694042 1
1 1082763694043 1
1 1082763694046 1
1 1082763694047 1
1 1082763694050 1
1 1082763694051 1
1 1082763694093 1
1 1082763694094 4
1 1082763694095 1
1 1082763694097 1
1 1082763694098 4
1 1082763694099 1
1 1082763694101 1
1 1082763694102 4
1 1082763694103 1
1 1082763694105 1
1 1082763694106 4
1 1082763694107 1
1 1082763694109 1
1 1082763694110 4
1 1082763694111 1
1 1082763694113 1
1 1082763694114 4
1 1082763694115 1
1 1082763694156 1
1 1082763694157 4
1 1082763694158 1
1 1082763694160 1
1 1082763694161 4
1 1082763694162 1
1 1082763694164 1
1 1082763694165 4
1 1082763694166 1
1 1082763694168 1
1 1082763694169 4
1 1082763694170 1
1 1082763694172 1
1 1082763694173 4
1 1082763694174 1
1 1082763694176 1
1 1082763694177 4
1 1082763694178 1
1 1082763694220 4
1 1082763694221 1
1 1082763694224 4
1 1082763694225 1
1 1082763694228 4
1 1082763694229 1
1 1082763694232 4
1 1082763694233 1
1 1082763694236 4
1 1082763694237 1
1 1082763694240 4
1 1082763694241 1
1 1082763694270 1
1 1082763694271 1
1 1082763694274 1
1 1082763694275 1
1 1082763694278 1
1 1082763694279 1
1 1082763694282 1
1 1082763694283 1
1 1082763694286 1
1 1082763694287 1
1 1082763694290 1
1 1082763694291 1
1 1082763694333 1
1 1082763694334 4
1 1082763694335 1
1 1082763694337 1
1 1082763694338 4
1 1082763694339 1
1 1082763694341 1
1 1082763694342 4
1 1082763694343 1
1 1082763694345 1
1 1082763694346 4
1 1082763694347 1
1 1082763694349 1
1 1082763694350 4
1 1082763694351 1
1 1082763694353 1
1 1082763694354 4
1 1082763694355 1
1 1082763694430 1
1 1082763694431 1
1 1082763694434 1
1 1082763694435 1
1 1082763694438 1
1 1082763694439 1
1 1082763694442 1
1 1082763694443 1
1 1082763694446 1
1 1082763694447 1
1 1082763694450 1
1 1082763694451 1
1 1082763694493 1
1 1082763694494 4
1 1082763694495 1
1 1082763694497 1
1 1082763694498 4
1 1082763694499 1
1 1082763694501 1
1 1082763694502 4
1 1082763694503 1
1 1082763694505 1
1 1082763694506 4
1 1082763694507 1
1 1082763694509 1
1 1082763694510 4
1 1082763694511 1
1 1082763694513 1
1 1082763694514 4
1 1082763694515 1
1 1082763694556 1
1 1082763694557 4
1 1082763694558 1
1 1082763694560 1
1 1082763694561 4
1 1082763694562 1
1 1082763694564 1
1 1082763694565 4
1 1082763694566 1
1 1082763694568 1
1 1082763694569 4
1 1082763694570 1
1 1082763694572 1
1 1082763694573 4
1 1082763694574 1
1 1082763694576 1
1 1082763694577 4
1 1082763694578 1
1 1082763694620 4
1 1082763694621 1
1 1082763694624 4
1 1082763694625 1
1 1082763694628 4
1 1082763694629 1
1 1082763694632 4
1 1082763694633 1
1 1082763694636 4
1 1082763694637 1
1 1082763694640 4
1 1082763694641 1
1 1082763694670 1
1 1082763694671 1
1 1082763694674 1
1 1082763694675 1
1 1082763694678 1
1 1082763694679 1
1 1082763694682 1
1 1082763694683 1
1 1082763694686 1
1 1082763694687 1
1 1082763694690 1
1 1082763694691 1
1 1082763694733 1
1 1082763694734 4
1 1082763694735 1
1 1082763694737 1
1 1082763694738 4
1 1082763694739 1
1 1082763694741 1
1 1082763694742 4
1 1082763694743 1
1 1082763694745 1
1 1082763694746 4
1 1082763694747 1
1 1082763694749 1
1 1082763694750 4
1 1082763694751 1
1 1082763694753 1
1 1082763694754 4
1 1082763694755 1
1 1082763694830 1
1 1082763694831 1
1 1082763694834 1
1 1082763694835 1
1 1082763694838 1
1 1082763694839 1
1 1082763694842 1
1 1082763694843 1
1 1082763694846 1
1 1082763694847 1
1 1082763694850 1
1 1082763694851 1
1 1082763694893 1
1 1082763694894 4
1 1082763694895 1
1 1082763694897 1
1 1082763694898 4
1 1082763694899 1
1 1082763694901 1
1 1082763694902 4
1 1082763694903 1
1 1082763694905 1
1 1082763694906 4
1 1082763694907 1
1 1082763694909 1
1 1082763694910 4
1 1082763694911 1
1 1082763694913 1
1 1082763694914 4
1 1082763694915 1
1 1082763694956 1
1 1082763694957 4
1 1082763694958 1
1 1082763694960 1
1 1082763694961 4
1 1082763694962 1
1 1082763694964 1
1 1082763694965 4
1 1082763694966 1
1 1082763694968 1
1 1082763694969 4
1 1082763694970 1
1 1082763694972 1
1 1082763694973 4
1 1082763694974 1
1 1082763694976 1
1 1082763694977 4
1 1082763694978 1
1 1082763695020 4
1 1082763695021 1
1 1082763695024 4
1 1082763695025 1
1 1082763695028 4
1 1082763695029 1
1 1082763695032 4
1 1082763695033 1
1 1082763695036 4
1 1082763695037 1
1 1082763695040 4
1 1082763695041 1
1 1082763695070 1
1 1082763695071 1
1 1082763695074 1
1 1082763695075 1
1 1082763695078 1
1 1082763695079 1
1 1082763695082 1
1 1082763695083 1
1 1082763695086 1
1 1082763695087 1
1 1082763695090 1
1 1082763695091 1
1 1082763695133 1
1 1082763695134 4
1 1082763695135 1
1 1082763695137 1
1 1082763695138 4
1 1082763695139 1
1 1082763695141 1
1 1082763695142 4
1 1082763695143 1
1 1082763695145 1
1 1082763695146 4
1 1082763695147 1
1 1082763695149 1
1 1082763695150 4
1 1082763695151 1
1 1082763695153 1
1 1082763695154 4
1 1082763695155 1
1 1082763695230 1
1 1082763695231 1
1 1082763695234 1
1 1082763695235 1
1 1082763695238 1
1 1082763695239 1
1 1082763695242 1
1 1082763695243 1
1 1082763695246 1
1 1082763695247 1
1 1082763695250 1
1 1082763695251 1
1 1082763695293 1
1 1082763695294 4
1 1082763695295 1
1 1082763695297 1
1 1082763695298 4
1 1082763695299 1
1 1082763695301 1
1 1082763695302 4
1 1082763695303 1
1 1082763695305 1
1 1082763695306 4
1 1082763695307 1
1 1082763695309 1
1 1082763695310 4
1 1082763695311 1
1 1082763695313 1
1 1082763695314 4
1 1082763695315 1
1 1082763695356 1
1 1082763695357 4
1 1082763695358 1
1 1082763695360 1
1 1082763695361 4
1 1082763695362 1
1 1082763695364 1
1 1082763695365 4
1 1082763695366 1
1 1082763695368 1
1 1082763695369 4
1 1082763695370 1
1 1082763695372 1
1 1082763695373 4
1 1082763695374 1
1 1082763695376 1
1 1082763695377 4
1 1082763695378 1
1 1082763695420 4
1 1082763695421 1
1 1082763695424 4
1 1082763695425 1
1 1082763695428 4
1 1082763695429 1
1 1082763695432 4
1 1082763695433 1
1 1082763695436 4
1 1082763695437 1
1 1082763695440 4
1 1082763695441 1
1 1082763695470 1
1 1082763695471 1
1 1082763695474 1
1 1082763695475 1
1 1082763695478 1
1 1082763695479 1
1 1082763695482 1
1 1082763695483 1
1 1082763695486 1
1 1082763695487 1
1 1082763695490 1
1 1082763695491 1
1 1082763695533 1
1 1082763695534 4
1 1082763695535 1
1 1082763695537 1
1 1082763695538 4
1 1082763695539 1
1 1082763695541 1
1 1082763695542 4
1 1082763695543 1
1 1082763695545 1
1 1082763695546 4
1 1082763695547 1
1 1082763695549 1
1 1082763695550 4
1 1082763695551 1
1 1082763695553 1
1 1082763695554 4
1 1082763695555 1
1 1082763695630 1
1 1082763695631 1
1 1082763695634 1
1 1082763695635 1
1 1082763695638 1
1 1082763695639 1
1 1082763695642 1
1 1082763695643 1
1 1082763695646 1
1 1082763695647 1
1 1082763695650 1
1 1082763695651 1
1 1082763695693 1
1 1082763695694 4
1 1082763695695 1
1 1082763695697 1
1 1082763695698 4
1 1082763695699 1
1 1082763695701 1
1 1082763695702 4
1 1082763695703 1
1 1082763695705 1
1 1082763695706 4
1 1082763695707 1
1 1082763695709 1
1 1082763695710 4
1 1082763695711 1
1 1082763695713 1
1 1082763695714 4
1 1082763695715 1
1 1082763695756 1
1 1082763695757 4
1 1082763695758 1
1 1082763695760 1
1 1082763695761 4
1 1082763695762 1
1 1082763695764 1
1 1082763695765 4
1 1082763695766 1
1 1082763695768 1
1 1082763695769 4
1 1082763695770 1
1 1082763695772 1
1 1082763695773 4
1 1082763695774 1
1 1082763695776 1
1 1082763695777 4
1 1082763695778 1
1 1082763695820 4
1 1082763695821 1
1 1082763695824 4
1 1082763695825 1
1 1082763695828 4
1 1082763695829 1
1 1082763695832 4
1 1082763695833 1
1 1082763695836 4
1 1082763695837 1
1 1082763695840 4
1 1082763695841 1
1 1082763695870 1
1 1082763695871 1
1 1082763695874 1
1 1082763695875 1
1 1082763695878 1
1 1082763695879 1
1 1082763695882 1
1 1082763695883 1
1 1082763695886 1
1 1082763695887 1
1 1082763695890 1
1 1082763695891 1
1 1082763695933 1
1 1082763695934 4
1 1082763695935 1
1 1082763695937 1
1 1082763695938 4
1 1082763695939 1
1 1082763695941 1
1 1082763695942 4
1 1082763695943 1
1 1082763695945 1
1 1082763695946 4
1 1082763695947 1
1 1082763695949 1
1 1082763695950 4
1 1082763695951 1
1 1082763695953 1
1 1082763695954 4
1 1082763695955 1
1 1082763696030 1
1 1082763696031 1
1 1082763696034 1
1 1082763696035 1
1 1082763696038 1
1 1082763696039 1
1 1082763696042 1
1 1082763696043 1
1 1082763696046 1
1 1082763696047 1
1 1082763696050 1
1 1082763696051 1
1 1082763696093 1
1 1082763696094 4
1 1082763696095 1
1 1082763696097 1
1 1082763696098 4
1 1082763696099 1
1 1082763696101 1
1 1082763696102 4
1 1082763696103 1
1 1082763696105 1
1 1082763696106 4
1 1082763696107 1
1 1082763696109 1
1 1082763696110 4
1 1082763696111 1
1 1082763696113 1
1 1082763696114 4
1 1082763696115 1
1 1082763696156 1
1 1082763696157 4
1 1082763696158 1
1 1082763696160 1
1 1082763696161 4
1 1082763696162 1
1 1082763696164 1
1 1082763696165 4
1 1082763696166 1
1 1082763696168 1
1 1082763696169 4
1 1082763696170 1
1 1082763696172 1
1 1082763696173 4
1 1082763696174 1
1 1082763696176 1
1 1082763696177 4
1 1082763696178 1
1 1082763696220 4
1 1082763696221 1
1 1082763696224 4
1 1082763696225 1
1 1082763696228 4
1 1082763696229 1
1 1082763696232 4
1 1082763696233 1
1 1082763696236 4
1 1082763696237 1
1 1082763696240 4
1 1082763696241 1
1 1082763696270 1
1 1082763696271 1
1 1082763696274 1
1 1082763696275 1
1 1082763696278 1
1 1082763696279 1
1 1082763696282 1
1 1082763696283 1
1 1082763696286 1
1 1082763696287 1
1 1082763696290 1
1 1082763696291 1
1 1082763696333 1
1 1082763696334 4
1 1082763696335 1
1 1082763696337 1
1 1082763696338 4
1 1082763696339 1
1 1082763696341 1
1 1082763696342 4
1 1082763696343 1
1 1082763696345 1
1 1082763696346 4
1 1082763696347 1
1 1082763696349 1
1 1082763696350 4
1 1082763696351 1
1 1082763696353 1
1 1082763696354 4
1 1082763696355 1
1 1082763696430 1
1 1082763696431 1
1 1082763696434 1
1 1082763696435 1
1 1082763696438 1
1 1082763696439 1
1 1082763696442 1
1 1082763696443 1
1 1082763696446 1
1 1082763696447 1
1 1082763696450 1
1 1082763696451 1
1 1082763696493 1
1 1082763696494 4
1 1082763696495 1
1 1082763696497 1
1 1082763696498 4
1 1082763696499 1
1 1082763696501 1
1 1082763696502 4
1 1082763696503 1
1 1082763696505 1
1 1082763696506 4
1 1082763696507 1
1 1082763696509 1
1 1082763696510 4
1 1082763696511 1
1 1082763696513 1
1 1082763696514 4
1 1082763696515 1
1 1082763696556 1
1 1082763696557 4
1 1082763696558 1
1 1082763696560 1
1 1082763696561 4
1 1082763696562 1
1 1082763696564 1
1 1082763696565 4
1 1082763696566 1
1 1082763696568 1
1 1082763696569 4
1 1082763696570 1
1 1082763696572 1
1 1082763696573 4
1 1082763696574 1
1 1082763696576 1
1 1082763696577 4
1 1082763696578 1
1 1082763696620 4
1 1082763696621 1
1 1082763696624 4
1 1082763696625 1
1 1082763696628 4
1 1082763696629 1
1 1082763696632 4
1 1082763696633 1
1 1082763696636 4
1 1082763696637 1
1 1082763696640 4
1 1082763696641 1
1 1082763696670 1
1 1082763696671 1
1 1082763696674 1
1 1082763696675 1
1 1082763696678 1
1 1082763696679 1
1 1082763696682 1
1 1082763696683 1
1 1082763696686 1
1 1082763696687 1
1 1082763696690 1
1 1082763696691 1
1 1082763696733 1
1 1082763696734 4
1 1082763696735 1
1 1082763696737 1
1 1082763696738 4
1 1082763696739 1
1 1082763696741 1
1 1082763696742 4
1 1082763696743 1
1 1082763696745 1
1 1082763696746 4
1 1082763696747 1
1 1082763696749 1
1 1082763696750 4
1 1082763696751 1
1 1082763696753 1
1 1082763696754 4
1 1082763696755 1
1 1082763696830 1
1 1082763696831 1
1 1082763696834 1
1 1082763696835 1
1 1082763696838 1
1 1082763696839 1
1 1082763696842 1
1 1082763696843 1
1 1082763696846 1
1 1082763696847 1
1 1082763696850 1
1 1082763696851 1
1 1082763696893 1
1 1082763696894 4
1 1082763696895 1
1 1082763696897 1
1 1082763696898 4
1 1082763696899 1
1 1082763696901 1
1 1082763696902 4
1 1082763696903 1
1 1082763696905 1
1 1082763696906 4
1 1082763696907 1
1 1082763696909 1
1 1082763696910 4
1 1082763696911 1
1 1082763696913 1
1 1082763696914 4
1 1082763696915 1
1 1082763696956 1
1 1082763696957 4
1 1082763696958 1
1 1082763696960 1
1 1082763696961 4
1 1082763696962 1
1 1082763696964 1
1 1082763696965 4
1 1082763696966 1
1 1082763696968 1
1 1082763696969 4
1 1082763696970 1
1 1082763696972 1
1 1082763696973 4
1 1082763696974 1
1 1082763696976 1
1 1082763696977 4
1 1082763696978 1
1 1082763697020 4
1 1082763697021 1
1 1082763697024 4
1 1082763697025 1
1 1082763697028 4
1 1082763697029 1
1 1082763697032 4
1 1082763697033 1
1 1082763697036 4
1 1082763697037 1
1 1082763697040 4
1 1082763697041 1
1 1082763697070 1
1 1082763697071 1
1 1082763697074 1
1 1082763697075 1
1 1082763697078 1
1 1082763697079 1
1 1082763697082 1
1 1082763697083 1
1 1082763697086 1
1 1082763697087 1
1 1082763697090 1
1 1082763697091 1
1 1082763697133 1
1 1082763697134 4
1 1082763697135 1
1 1082763697137 1
1 1082763697138 4
1 1082763697139 1
1 1082763697141 1
1 1082763697142 4
1 1082763697143 1
1 1082763697145 1
1 1082763697146 4
1 1082763697147 1
1 1082763697149 1
1 1082763697150 4
1 1082763697151 1
1 1082763697153 1
1 1082763697154 4
1 1082763697155 1
1 1082763697230 1
1 1082763697231 1
1 1082763697234 1
1 1082763697235 1
1 1082763697238 1
1 1082763697239 1
1 1082763697242 1
1 1082763697243 1
1 1082763697246 1
1 1082763697247 1
1 1082763697250 1
1 1082763697251 1
1 1082763697293 1
1 1082763697294 4
1 1082763697295 1
1 1082763697297 1
1 1082763697298 4
1 1082763697299 1
1 1082763697301 1
1 1082763697302 4
1 1082763697303 1
1 1082763697305 1
1 1082763697306 4
1 1082763697307 1
1 1082763697309 1
1 1082763697310 4
1 1082763697311 1
1 1082763697313 1
1 1082763697314 4
1 1082763697315 1
1 1082763697356 1
1 1082763697357 4
1 1082763697358 1
1 1082763697360 1
1 1082763697361 4
1 1082763697362 1
1 1082763697364 1
1 1082763697365 4
1 1082763697366 1
1 1082763697368 1
1 1082763697369 4
1 1082763697370 1
1 1082763697372 1
1 1082763697373 4
1 1082763697374 1
1 1082763697376 1
1 1082763697377 4
1 1082763697378 1
1 1082763697420 4
1 1082763697421 1
1 1082763697424 4
1 1082763697425 1
1 1082763697428 4
1 1082763697429 1
1 1082763697432 4
1 1082763697433 1
1 1082763697436 4
1 1082763697437 1
1 1082763697440 4
1 1082763697441 1
1 1082763697470 1
1 1082763697471 1
1 1082763697474 1
1 1082763697475 1
1 1082763697478 1
1 1082763697479 1
1 1082763697482 1
1 1082763697483 1
1 1082763697486 1
1 1082763697487 1
1 1082763697490 1
1 1082763697491 1
1 1082763697533 1
1 1082763697534 4
1 1082763697535 1
1 1082763697537 1
1 1082763697538 4
1 1082763697539 1
1 1082763697541 1
1 1082763697542 4
1 1082763697543 1
1 1082763697545 1
1 1082763697546 4
1 1082763697547 1
1 1082763697549 1
1 1082763697550 4
1 1082763697551 1
1 1082763697553 1
1 1082763697554 4
1 1082763697555 1
1 1082763697630 1
1 1082763697631 1
1 1082763697634 1
1 1082763697635 1
1 1082763697638 1
1 1082763697639 1
1 1082763697642 1
1 1082763697643 1
1 1082763697646 1
1 1082763697647 1
1 1082763697650 1
1 1082763697651 1
1 1082763697693 1
1 1082763697694 4
1 1082763697695 1
1 1082763697697 1
1 1082763697698 4
1 1082763697699 1
1 1082763697701 1
1 1082763697702 4
1 1082763697703 1
1 1082763697705 1
1 1082763697706 4
1 1082763697707 1
1 1082763697709 1
1 1082763697710 4
1 1082763697711 1
1 1082763697713 1
1 1082763697714 4
1 1082763697715 1
1 1082763697756 1
1 1082763697757 4
1 1082763697758 1
1 1082763697760 1
1 1082763697761 4
1 1082763697762 1
1 1082763697764 1
1 1082763697765 4
1 1082763697766 1
1 1082763697768 1
1 1082763697769 4
1 1082763697770 1
1 1082763697772 1
1 1082763697773 4
1 1082763697774 1
1 1082763697776 1
1 1082763697777 4
1 1082763697778 1
1 1082763697820 4
1 1082763697821 1
1 1082763697824 4
1 1082763697825 1
1 1082763697828 4
1 1082763697829 1
1 1082763697832 4
1 1082763697833 1
1 1082763697836 4
1 1082763697837 1
1 1082763697840 4
1 1082763697841 1
1 1082763697870 1
1 1082763697871 1
1 1082763697874 1
1 1082763697875 1
1 1082763697878 1
1 1082763697879 1
1 1082763697882 1
1 1082763697883 1
1 1082763697886 1
1 1082763697887 1
1 1082763697890 1
1 1082763697891 1
1 1082763697933 1
1 1082763697934 4
1 1082763697935 1
1 1082763697937 1
1 1082763697938 4
1 1082763697939 1
1 1082763697941 1
1 1082763697942 4
1 1082763697943 1
1 1082763697945 1
1 1082763697946 4
1 1082763697947 1
1 1082763697949 1
1 1082763697950 4
1 1082763697951 1
1 1082763697953 1
1 1082763697954 4
1 1082763697955 1
1 1082763698030 1
1 1082763698031 1
1 1082763698034 1
1 1082763698035 1
1 1082763698038 1
1 1082763698039 1
1 1082763698042 1
1 1082763698043 1
1 1082763698046 1
1 1082763698047 1
1 1082763698050 1
1 1082763698051 1
1 1082763698093 1
1 1082763698094 4
1 1082763698095 1
1 1082763698097 1
1 1082763698098 4
1 1082763698099 1
1 1082763698101 1
1 1082763698102 4
1 1082763698103 1
1 1082763698105 1
1 1082763698106 4
1 1082763698107 1
1 1082763698109 1
1 1082763698110 4
1 1082763698111 1
1 1082763698113 1
1 1082763698114 4
1 1082763698115 1
1 1082763698156 1
1 1082763698157 4
1 1082763698158 1
1 1082763698160 1
1 1082763698161 4
1 1082763698162 1
1 1082763698164 1
1 1082763698165 4
1 1082763698166 1
1 1082763698168 1
1 1082763698169 4
1 1082763698170 1
1 1082763698172 1
1 1082763698173 4
1 1082763698174 1
1 1082763698176 1
1 1082763698177 4
1 1082763698178 1
1 1082763698220 4
1 1082763698221 1
1 1082763698224 4
1 1082763698225 1
1 1082763698228 4
1 1082763698229 1
1 1082763698232 4
1 1082763698233 1
1 1082763698236 4
1 1082763698237 1
1 1082763698240 4
1 1082763698241 1
1 1082763698270 1
1 1082763698271 1
1 1082763698274 1
1 1082763698275 1
1 1082763698278 1
1 1082763698279 1
1 1082763698282 1
1 1082763698283 1
1 1082763698286 1
1 1082763698287 1
1 1082763698290 1
1 1082763698291 1
1 1082763698333 1
1 1082763698334 4
1 1082763698335 1
1 1082763698337 1
1 1082763698338 4
1 1082763698339 1
1 1082763698341 1
1 1082763698342 4
1 1082763698343 1
1 1082763698345 1
1 1082763698346 4
1 1082763698347 1
1 1082763698349 1
1 1082763698350 4
1 1082763698351 1
1 1082763698353 1
1 1082763698354 4
1 1082763698355 1
1 1082763698430 1
1 1082763698431 1
1 1082763698434 1
1 1082763698435 1
1 1082763698438 1
1 1082763698439 1
1 1082763698442 1
1 1082763698443 1
1 1082763698446 1
1 1082763698447 1
1 1082763698450 1
1 1082763698451 1
1 1082763698493 1
1 1082763698494 4
1 1082763698495 1
1 1082763698497 1
1 1082763698498 4
1 1082763698499 1
1 1082763698501 1
1 1082763698502 4
1 1082763698503 1
1 1082763698505 1
1 1082763698506 4
1 1082763698507 1
1 1082763698509 1
1 1082763698510 4
1 1082763698511 1
1 1082763698513 1
1 1082763698514 4
1 1082763698515 1
1 1082763698556 1
1 1082763698557 4
1 1082763698558 1
1 1082763698560 1
1 1082763698561 4
1 1082763698562 1
1 1082763698564 1
1 1082763698565 4
1 1082763698566 1
1 1082763698568 1
1 1082763698569 4
1 1082763698570 1
1 1082763698572 1
1 1082763698573 4
1 1082763698574 1
1 1082763698576 1
1 1082763698577 4
1 1082763698578 1
1 1082763698620 4
1 1082763698621 1
1 1082763698624 4
1 1082763698625 1
1 1082763698628 4
1 1082763698629 1
1 1082763698632 4
1 1082763698633 1
1 1082763698636 4
1 1082763698637 1
1 1082763698640 4
1 1082763698641 1
1 1082763698670 1
1 1082763698671 1
1 1082763698674 1
1 1082763698675 1
1 1082763698678 1
1 1082763698679 1
1 1082763698682 1
1 1082763698683 1
1 1082763698686 1
1 1082763698687 1
1 1082763698690 1
1 1082763698691 1
1 1082763698733 1
1 1082763698734 4
1 1082763698735 1
1 1082763698737 1
1 1082763698738 4
1 1082763698739 1
1 1082763698741 1
1 1082763698742 4
1 1082763698743 1
1 1082763698745 1
1 1082763698746 4
1 1082763698747 1
1 1082763698749 1
1 1082763698750 4
1 1082763698751 1
1 1082763698753 1
1 1082763698754 4
1 1082763698755 1
1 1082763698830 1
1 1082763698831 1
1 1082763698834 1
1 1082763698835 1
1 1082763698838 1
1 1082763698839 1
1 1082763698842 1
1 1082763698843 1
1 1082763698846 1
1 1082763698847 1
1 1082763698850 1
1 1082763698851 1
1 1082763698893 1
1 1082763698894 4
1 1082763698895 1
1 1082763698897 1
1 1082763698898 4
1 1082763698899 1
1 1082763698901 1
1 1082763698902 4
1 1082763698903 1
1 1082763698905 1
1 1082763698906 4
1 1082763698907 1
1 1082763698909 1
1 1082763698910 4
1 1082763698911 1
1 1082763698913 1
1 1082763698914 4
1 1082763698915 1
1 1082763698956 1
1 1082763698957 4
1 1082763698958 1
1 1082763698960 1
1 1082763698961 4
1 1082763698962 1
1 1082763698964 1
1 1082763698965 4
1 1082763698966 1
1 1082763698968 1
1 1082763698969 4
1 1082763698970 1
1 1082763698972 1
1 1082763698973 4
1 1082763698974 1
1 1082763698976 1
1 1082763698977 4
1 1082763698978 1
1 1082763699020 4
1 1082763699021 1
1 1082763699024 4
1 1082763699025 1
1 1082763699028 4
1 1082763699029 1
1 1082763699032 4
1 1082763699033 1
1 1082763699036 4
1 1082763699037 1
1 1082763699040 4
1 1082763699041 1
1 1082763699070 1
1 1082763699071 1
1 1082763699074 1
1 1082763699075 1
1 1082763699078 1
1 1082763699079 1
1 1082763699082 1
1 1082763699083 1
1 1082763699086 1
1 1082763699087 1
1 1082763699090 1
1 1082763699091 1
1 1082763699133 1
1 1082763699134 4
1 1082763699135 1
1 1082763699137 1
1 1082763699138 4
1 1082763699139 1
1 1082763699141 1
1 1082763699142 4
1 1082763699143 1
1 1082763699145 1
1 1082763699146 4
1 1082763699147 1
1 1082763699149 1
1 1082763699150 4
1 1082763699151 1
1 1082763699153 1
1 1082763699154 4
1 1082763699155 1
1 1082763699230 1
1 1082763699231 1
1 1082763699234 1
1 1082763699235 1
1 1082763699238 1
1 1082763699239 1
1 1082763699242 1
1 1082763699243 1
1 1082763699246 1
1 1082763699247 1
1 1082763699250 1
1 1082763699251 1
1 1082763699293 1
1 1082763699294 4
1 1082763699295 1
1 1082763699297 1
1 1082763699298 4
1 1082763699299 1
1 1082763699301 1
1 1082763699302 4
1 1082763699303 1
1 1082763699305 1
1 1082763699306 4
1 1082763699307 1
1 1082763699309 1
1 1082763699310 4
1 1082763699311 1
1 1082763699313 1
1 1082763699314 4
1 1082763699315 1
1 1082763699356 1
1 1082763699357 4
1 1082763699358 1
1 1082763699360 1
1 1082763699361 4
1 1082763699362 1
1 1082763699364 1
1 1082763699365 4
1 1082763699366 1
1 1082763699368 1
1 1082763699369 4
1 1082763699370 1
1 1082763699372 1
1 1082763699373 4
1 1082763699374 1
1 1082763699376 1
1 1082763699377 4
1 1082763699378 1
1 1082763699420 4
1 1082763699421 1
1 1082763699424 4
1 1082763699425 1
1 1082763699428 4
1 1082763699429 1
1 1082763699432 4
1 1082763699433 1
1 1082763699436 4
1 1082763699437 1
1 1082763699440 4
1 1082763699441 1
1 1082763699470 1
1 1082763699471 1
1 1082763699474 1
1 1082763699475 1
1 1082763699478 1
1 1082763699479 1
1 1082763699482 1
1 1082763699483 1
1 1082763699486 1
1 1082763699487 1
1 1082763699490 1
1 1082763699491 1
1 1082763699533 1
1 1082763699534 4
1 1082763699535 1
1 1082763699537 1
1 1082763699538 4
1 1082763699539 1
1 1082763699541 1
1 1082763699542 4
1 1082763699543 1
1 1082763699545 1
1 1082763699546 4
1 1082763699547 1
1 1082763699549 1
1 1082763699550 4
1 1082763699551 1
1 1082763699553 1
1 1082763699554 4
1 1082763699555 1
1 1082763699630 1
1 1082763699631 1
1 1082763699634 1
1 1082763699635 1
1 1082763699638 1
1 1082763699639 1
1 1082763699642 1
1 1082763699643 1
1 1082763699646 1
1 1082763699647 1
1 1082763699650 1
1 1082763699651 1
1 1082763699693 1
1 1082763699694 4
1 1082763699695 1
1 1082763699697 1
1 1082763699698 4
1 1082763699699 1
1 1082763699701 1
1 1082763699702 4
1 1082763699703 1
1 1082763699705 1
1 1082763699706 4
1 1082763699707 1
1 1082763699709 1
1 1082763699710 4
1 1082763699711 1
1 1082763699713 1
1 1082763699714 4
1 1082763699715 1
1 1082763699756 1
1 1082763699757 4
1 1082763699758 1
1 1082763699760 1
1 1082763699761 4
1 1082763699762 1
1 1082763699764 1
1 1082763699765 4
1 1082763699766 1
1 1082763699768 1
1 1082763699769 4
1 1082763699770 1
1 1082763699772 1
1 1082763699773 4
1 1082763699774 1
1 1082763699776 1
1 1082763699777 4
1 1082763699778 1
1 1082763699820 4
1 1082763699821 1
1 1082763699824 4
1 1082763699825 1
1 1082763699828 4
1 1082763699829 1
1 1082763699832 4
1 1082763699833 1
1 1082763699836 4
1 1082763699837 1
1 1082763699840 4
1 1082763699841 1
1 1082763699870 1
1 1082763699871 1
1 1082763699874 1
1 1082763699875 1
1 1082763699878 1
1 1082763699879 1
1 1082763699882 1
1 1082763699883 1
1 1082763699886 1
1 1082763699887 1
1 1082763699890 1
1 1082763699891 1
1 1082763699933 1
1 1082763699934 4
1 1082763699935 1
1 1082763699937 1
1 1082763699938 4
1 1082763699939 1
1 1082763699941 1
1 1082763699942 4
1 1082763699943 1
1 1082763699945 1
1 1082763699946 4
1 1082763699947 1
1 1082763699949 1
1 1082763699950 4
1 1082763699951 1
1 1082763699953 1
1 1082763699954 4
1 1082763699955 1
1 1082763700030 1
1 1082763700031 1
1 1082763700034 1
1 1082763700035 1
1 1082763700038 1
1 1082763700039 1
1 1082763700042 1
1 1082763700043 1
1 1082763700046 1
1 1082763700047 1
1 1082763700050 1
1 1082763700051 1
1 1082763700093 1
1 1082763700094 4
1 1082763700095 1
1 1082763700097 1
1 1082763700098 4
1 1082763700099 1
1 1082763700101 1
1 1082763700102 4
1 1082763700103 1
1 1082763700105 1
1 1082763700106 4
1 1082763700107 1
1 1082763700109 1
1 1082763700110 4
1 1082763700111 1
1 1082763700113 1
1 1082763700114 4
1 1082763700115 1
1 1082763700156 1
1 1082763700157 4
1 1082763700158 1
1 1082763700160 1
1 1082763700161 4
1 1082763700162 1
1 1082763700164 1
1 1082763700165 4
1 1082763700166 1
1 1082763700168 1
1 1082763700169 4
1 1082763700170 1
1 1082763700172 1
1 1082763700173 4
1 1082763700174 1
1 1082763700176 1
1 1082763700177 4
1 1082763700178 1
1 1082763700220 4
1 1082763700221 1
1 1082763700224 4
1 1082763700225 1
1 1082763700228 4
1 1082763700229 1
1 1082763700232 4
1 1082763700233 1
1 1082763700236 4
1 1082763700237 1
1 1082763700240 4
1 1082763700241 1
1 1082763700270 1
1 1082763700271 1
1 1082763700274 1
1 1082763700275 1
1 1082763700278 1
1 1082763700279 1
1 1082763700282 1
1 1082763700283 1
1 1082763700286 1
1 1082763700287 1
1 1082763700290 1
1 1082763700291 1
1 1082763700333 1
1 1082763700334 4
1 1082763700335 1
1 1082763700337 1
1 1082763700338 4
1 1082763700339 1
1 1082763700341 1
1 1082763700342 4
1 1082763700343 1
1 1082763700345 1
1 1082763700346 4
1 1082763700347 1
1 1082763700349 1
1 1082763700350 4
1 1082763700351 1
1 1082763700353 1
1 1082763700354 4
1 1082763700355 1
1 1082763700430 1
1 1082763700431 1
1 1082763700434 1
1 1082763700435 1
1 1082763700438 1
1 1082763700439 1
1 1082763700442 1
1 1082763700443 1
1 1082763700446 1
1 1082763700447 1
1 1082763700450 1
1 1082763700451 1
1 1082763700493 1
1 1082763700494 4
1 1082763700495 1
1 1082763700497 1
1 1082763700498 4
1 1082763700499 1
1 1082763700501 1
1 1082763700502 4
1 1082763700503 1
1 1082763700505 1
1 1082763700506 4
1 1082763700507 1
1 1082763700509 1
1 1082763700510 4
1 1082763700511 1
1 1082763700513 1
1 1082763700514 4
1 1082763700515 1
1 1082763700556 1
1 1082763700557 4
1 1082763700558 1
1 1082763700560 1
1 1082763700561 4
1 1082763700562 1
1 1082763700564 1
1 1082763700565 4
1 1082763700566 1
1 1082763700568 1
1 1082763700569 4
1 1082763700570 1
1 1082763700572 1
1 1082763700573 4
1 1082763700574 1
1 1082763700576 1
1 1082763700577 4
1 1082763700578 1
1 1082763700620 4
1 1082763700621 1
1 1082763700624 4
1 1082763700625 1
1 1082763700628 4
1 1082763700629 1
1 1082763700632 4
1 1082763700633 1
1 1082763700636 4
1 1082763700637 1
1 1082763700640 4
1 1082763700641 1
1 1082763700670 1
1 1082763700671 1
1 1082763700674 1
1 1082763700675 1
1 1082763700678 1
1 1082763700679 1
1 1082763700682 1
1 1082763700683 1
1 1082763700686 1
1 1082763700687 1
1 1082763700690 1
1 1082763700691 1
1 1082763700733 1
1 1082763700734 4
1 1082763700735 1
1 1082763700737 1
1 1082763700738 4
1 1082763700739 1
1 1082763700741 1
1 1082763700742 4
1 1082763700743 1
1 1082763700745 1
1 1082763700746 4
1 1082763700747 1
1 1082763700749 1
1 1082763700750 4
1 1082763700751 1
1 1082763700753 1
1 1082763700754 4
1 1082763700755 1
1 1082763700830 1
1 1082763700831 1
1 1082763700834 1
1 1082763700835 1
1 1082763700838 1
1 1082763700839 1
1 1082763700842 1
1 1082763700843 1
1 1082763700846 1
1 1082763700847 1
1 1082763700850 1
1 1082763700851 1
1 1082763700893 1
1 1082763700894 4
1 1082763700895 1
1 1082763700897 1
1 1082763700898 4
1 1082763700899 1
1 1082763700901 1
1 1082763700902 4
1 1082763700903 1
1 1082763700905 1
1 1082763700906 4
1 1082763700907 1
1 1082763700909 1
1 1082763700910 4
1 1082763700911 1
1 1082763700913 1
1 1082763700914 4
1 1082763700915 1
1 1082763700956 1
1 1082763700957 4
1 1082763700958 1
1 1082763700960 1
1 1082763700961 4
1 1082763700962 1
1 1082763700964 1
1 1082763700965 4
1 1082763700966 1
1 1082763700968 1
1 1082763700969 4
1 1082763700970 1
1 1082763700972 1
1 1082763700973 4
1 1082763700974 1
1 1082763700976 1
1 1082763700977 4
1 1082763700978 1
1 1082763701020 4
1 1082763701021 1
1 1082763701024 4
1 1082763701025 1
1 1082763701028 4
1 1082763701029 1
1 1082763701032 4
1 1082763701033 1
1 1082763701036 4
1 1082763701037 1
1 1082763701040 4
1 1082763701041 1
1 1082763701070 1
1 1082763701071 1
1 1082763701074 1
1 1082763701075 1
1 1082763701078 1
1 1082763701079 1
1 1082763701082 1
1 1082763701083 1
1 1082763701086 1
1 1082763701087 1
1 1082763701090 1
1 1082763701091 1
1 1082763701133 1
1 1082763701134 4
1 1082763701135 1
1 1082763701137 1
1 1082763701138 4
1 1082763701139 1
1 1082763701141 1
1 1082763701142 4
1 1082763701143 1
1 1082763701145 1
1 1082763701146 4
1 1082763701147 1
1 1082763701149 1
1 1082763701150 4
1 1082763701151 1
1 1082763701153 1
1 1082763701154 4
1 1082763701155 1
1 1082763701230 1
1 1082763701231 1
1 1082763701234 1
1 1082763701235 1
1 1082763701238 1
1 1082763701239 1
1 1082763701242 1
1 1082763701243 1
1 1082763701246 1
1 1082763701247 1
1 1082763701250 1
1 1082763701251 1
1 1082763701293 1
1 1082763701294 4
1 1082763701295 1
1 1082763701297 1
1 1082763701298 4
1 1082763701299 1
1 1082763701301 1
1 1082763701302 4
1 1082763701303 1
1 1082763701305 1
1 1082763701306 4
1 1082763701307 1
1 1082763701309 1
1 1082763701310 4
1 1082763701311 1
1 1082763701313 1
1 1082763701314 4
1 1082763701315 1
1 1082763701356 1
1 1082763701357 4
1 1082763701358 1
1 1082763701360 1
1 1082763701361 4
1 1082763701362 1
1 1082763701364 1
1 1082763701365 4
1 1082763701366 1
1 1082763701368 1
1 1082763701369 4
1 1082763701370 1
1 1082763701372 1
1 1082763701373 4
1 1082763701374 1
1 1082763701376 1
1 1082763701377 4
1 1082763701378 1
1 1082763701420 4
1 1082763701421 1
1 1082763701424 4
1 1082763701425 1
1 1082763701428 4
1 1082763701429 1
1 1082763701432 4
1 1082763701433 1
1 1082763701436 4
1 1082763701437 1
1 1082763701440 4
1 1082763701441 1
1 1082763701470 1
1 1082763701471 1
1 1082763701474 1
1 1082763701475 1
1 1082763701478 1
1 1082763701479 1
1 1082763701482 1
1 1082763701483 1
1 1082763701486 1
1 1082763701487 1
1 1082763701490 1
1 1082763701491 1
1 1082763701533 1
1 1082763701534 4
1 1082763701535 1
1 1082763701537 1
1 1082763701538 4
1 1082763701539 1
1 1082763701541 1
1 1082763701542 4
1 1082763701543 1
1 1082763701545 1
1 1082763701546 4
1 1082763701547 1
1 1082763701549 1
1 1082763701550 4
1 1082763701551 1
1 1082763701553 1
1 1082763701554 4
1 1082763701555 1
1 1082763701630 1
1 1082763701631 1
1 1082763701634 1
1 1082763701635 1
1 1082763701638 1
1 1082763701639 1
1 1082763701642 1
1 1082763701643 1
1 1082763701646 1
1 1082763701647 1
1 1082763701650 1
1 1082763701651 1
1 1082763701693 1
1 1082763701694 4
1 1082763701695 1
1 1082763701697 1
1 1082763701698 4
1 1082763701699 1
1 1082763701701 1
1 1082763701702 4
1 1082763701703 1
1 1082763701705 1
1 1082763701706 4
1 1082763701707 1
1 1082763701709 1
1 1082763701710 4
1 1082763701711 1
1 1082763701713 1
1 1082763701714 4
1 1082763701715 1
1 1082763701756 1
1 1082763701757 4
1 1082763701758 1
1 1082763701760 1
1 1082763701761 4
1 1082763701762 1
1 1082763701764 1
1 1082763701765 4
1 1082763701766 1
1 1082763701768 1
1 1082763701769 4
1 1082763701770 1
1 1082763701772 1
1 1082763701773 4
1 1082763701774 1
1 1082763701776 1
1 1082763701777 4
1 1082763701778 1
1 1082763701820 4
1 1082763701821 1
1 1082763701824 4
1 1082763701825 1
1 1082763701828 4
1 1082763701829 1
1 1082763701832 4
1 1082763701833 1
1 1082763701836 4
1 1082763701837 1
1 1082763701840 4
1 1082763701841 1
1 1082763701870 1
1 1082763701871 1
1 1082763701874 1
1 1082763701875 1
1 1082763701878 1
1 1082763701879 1
1 1082763701882 1
1 1082763701883 1
1 1082763701886 1
1 1082763701887 1
1 1082763701890 1
1 1082763701891 1
1 1082763701933 1
1 1082763701934 4
1 1082763701935 1
1 1082763701937 1
1 1082763701938 4
1 1082763701939 1
1 1082763701941 1
1 1082763701942 4
1 1082763701943 1
1 1082763701945 1
1 1082763701946 4
1 1082763701947 1
1 1082763701949 1
1 1082763701950 4
1 1082763701951 1
1 1082763701953 1
1 1082763701954 4
1 1082763701955 1
1 1082763702030 1
1 1082763702031 1
1 1082763702034 1
1 1082763702035 1
1 1082763702038 1
1 1082763702039 1
1 1082763702042 1
1 1082763702043 1
1 1082763702046 1
1 1082763702047 1
1 1082763702050 1
1 1082763702051 1
1 1082763702093 1
1 1082763702094 4
1 1082763702095 1
1 1082763702097 1
1 1082763702098 4
1 1082763702099 1
1 1082763702101 1
1 1082763702102 4
1 1082763702103 1
1 1082763702105 1
1 1082763702106 4
1 1082763702107 1
1 1082763702109 1
1 1082763702110 4
1 1082763702111 1
1 1082763702113 1
1 1082763702114 4
1 1082763702115 1
1 1082763702156 1
1 1082763702157 4
1 1082763702158 1
1 1082763702160 1
1 1082763702161 4
1 1082763702162 1
1 1082763702164 1
1 1082763702165 4
1 1082763702166 1
1 1082763702168 1
1 1082763702169 4
1 1082763702170 1
1 1082763702172 1
1 1082763702173 4
1 1082763702174 1
1 1082763702176 1
1 1082763702177 4
1 1082763702178 1
1 1082763702220 4
1 1082763702221 1
1 1082763702224 4
1 1082763702225 1
1 1082763702228 4
1 1082763702229 1
1 1082763702232 4
1 1082763702233 1
1 1082763702236 4
1 1082763702237 1
1 1082763702240 4
1 1082763702241 1
1 1082763702270 1
1 1082763702271 1
1 1082763702274 1
1 1082763702275 1
1 1082763702278 1
1 1082763702279 1
1 1082763702282 1
1 1082763702283 1
1 1082763702286 1
1 1082763702287 1
1 1082763702290 1
1 1082763702291 1
1 1082763702333 1
1 1082763702334 4
1 1082763702335 1
1 1082763702337 1
1 1082763702338 4
1 1082763702339 1
1 1082763702341 1
1 1082763702342 4
1 1082763702343 1
1 1082763702345 1
1 1082763702346 4
1 1082763702347 1
1 1082763702349 1
1 1082763702350 4
1 1082763702351 1
1 1082763702353 1
1 1082763702354 4
1 1082763702355 1
1 1082763702430 1
1 1082763702431 1
1 1082763702434 1
1 1082763702435 1
1 1082763702438 1
1 1082763702439 1
1 1082763702442 1
1 1082763702443 1
1 1082763702446 1
1 1082763702447 1
1 1082763702450 1
1 1082763702451 1
1 1082763702493 1
1 1082763702494 4
1 1082763702495 1
1 1082763702497 1
1 1082763702498 4
1 1082763702499 1
1 1082763702501 1
1 1082763702502 4
1 1082763702503 1
1 1082763702505 1
1 1082763702506 4
1 1082763702507 1
1 1082763702509 1
1 1082763702510 4
1 1082763702511 1
1 1082763702513 1
1 1082763702514 4
1 1082763702515 1
1 1082763702556 1
1 1082763702557 4
1 1082763702558 1
1 1082763702560 1
1 1082763702561 4
1 1082763702562 1
1 1082763702564 1
1 1082763702565 4
1 1082763702566 1
1 1082763702568 1
1 1082763702569 4
1 1082763702570 1
1 1082763702572 1
1 1082763702573 4
1 1082763702574 1
1 1082763702576 1
1 1082763702577 4
1 1082763702578 1
1 1082763702620 4
1 1082763702621 1
1 1082763702624 4
1 1082763702625 1
1 1082763702628 4
1 1082763702629 1
1 1082763702632 4
1 1082763702633 1
1 1082763702636 4
1 1082763702637 1
1 1082763702640 4
1 1082763702641 1
1 1082763702670 1
1 1082763702671 1
1 1082763702674 1
1 1082763702675 1
1 1082763702678 1
1 1082763702679 1
1 1082763702682 1
1 1082763702683 1
1 1082763702686 1
1 1082763702687 1
1 1082763702690 1
1 1082763702691 1
1 1082763702733 1
1 1082763702734 4
1 1082763702735 1
1 1082763702737 1
1 1082763702738 4
1 1082763702739 1
1 1082763702741 1
1 1082763702742 4
1 1082763702743 1
1 1082763702745 1
1 1082763702746 4
1 1082763702747 1
1 1082763702749 1
1 1082763702750 4
1 1082763702751 1
1 1082763702753 1
1 1082763702754 4
1 1082763702755 1
1 1082763702830 1
1 1082763702831 1
1 1082763702834 1
1 1082763702835 1
1 1082763702838 1
1 1082763702839 1
1 1082763702842 1
1 1082763702843 1
1 1082763702846 1
1 1082763702847 1
1 1082763702850 1
1 1082763702851 1
1 1082763702893 1
1 1082763702894 4
1 1082763702895 1
1 1082763702897 1
1 1082763702898 4
1 1082763702899 1
1 1082763702901 1
1 1082763702902 4
1 1082763702903 1
1 1082763702905 1
1 1082763702906 4
1 1082763702907 1
1 1082763702909 1
1 1082763702910 4
1 1082763702911 1
1 1082763702913 1
1 1082763702914 4
1 1082763702915 1
1 1082763702956 1
1 1082763702957 4
1 1082763702958 1
1 1082763702960 1
1 1082763702961 4
1 1082763702962 1
1 1082763702964 1
1 1082763702965 4
1 1082763702966 1
1 1082763702968 1
1 1082763702969 4
1 1082763702970 1
1 1082763702972 1
1 1082763702973 4
1 1082763702974 1
1 1082763702976 1
1 1082763702977 4
1 1082763702978 1
1 1082763703020 4
1 1082763703021 1
1 1082763703024 4
1 1082763703025 1
1 1082763703028 4
1 1082763703029 1
1 1082763703032 4
1 1082763703033 1
1 1082763703036 4
1 1082763703037 1
1 1082763703040 4
1 1082763703041 1
1 1082763703070 1
1 1082763703071 1
1 1082763703074 1
1 1082763703075 1
1 1082763703078 1
1 1082763703079 1
1 1082763703082 1
1 1082763703083 1
1 1082763703086 1
1 1082763703087 1
1 1082763703090 1
1 1082763703091 1
1 1082763703133 1
1 1082763703134 4
1 1082763703135 1
1 1082763703137 1
1 1082763703138 4
1 1082763703139 1
1 1082763703141 1
1 1082763703142 4
1 1082763703143 1
1 1082763703145 1
1 1082763703146 4
1 1082763703147 1
1 1082763703149 1
1 1082763703150 4
1 1082763703151 1
1 1082763703153 1
1 1082763703154 4
1 1082763703155 1
1 1082763703230 1
1 1082763703231 1
1 1082763703234 1
1 1082763703235 1
1 1082763703238 1
1 1082763703239 1
1 1082763703242 1
1 1082763703243 1
1 1082763703246 1
1 1082763703247 1
1 1082763703250 1
1 1082763703251 1
1 1082763703293 1
1 1082763703294 4
1 1082763703295 1
1 1082763703297 1
1 1082763703298 4
1 1082763703299 1
1 1082763703301 1
1 1082763703302 4
1 1082763703303 1
1 1082763703305 1
1 1082763703306 4
1 1082763703307 1
1 1082763703309 1
1 1082763703310 4
1 1082763703311 1
1 1082763703313 1
1 1082763703314 4
1 1082763703315 1
1 1082763703356 1
1 1082763703357 4
1 1082763703358 1
1 1082763703360 1
1 1082763703361 4
1 1082763703362 1
1 1082763703364 1
1 1082763703365 4
1 1082763703366 1
1 1082763703368 1
1 1082763703369 4
1 1082763703370 1
1 1082763703372 1
1 1082763703373 4
1 1082763703374 1
1 1082763703376 1
1 1082763703377 4
1 1082763703378 1
1 1082763703420 4
1 1082763703421 1
1 1082763703424 4
1 1082763703425 1
1 1082763703428 4
1 1082763703429 1
1 1082763703432 4
1 1082763703433 1
1 1082763703436 4
1 1082763703437 1
1 1082763703440 4
1 1082763703441 1
1 1082763703470 1
1 1082763703471 1
1 1082763703474 1
1 1082763703475 1
1 1082763703478 1
1 1082763703479 1
1 1082763703482 1
1 1082763703483 1
1 1082763703486 1
1 1082763703487 1
1 1082763703490 1
1 1082763703491 1
1 1082763703533 1
1 1082763703534 4
1 1082763703535 1
1 1082763703537 1
1 1082763703538 4
1 1082763703539 1
1 1082763703541 1
1 1082763703542 4
1 1082763703543 1
1 1082763703545 1
1 1082763703546 4
1 1082763703547 1
1 1082763703549 1
1 1082763703550 4
1 1082763703551 1
1 1082763703553 1
1 1082763703554 4
1 1082763703555 1
1 1082763703630 1
1 1082763703631 1
1 1082763703634 1
1 1082763703635 1
1 1082763703638 1
1 1082763703639 1
1 1082763703642 1
1 1082763703643 1
1 1082763703646 1
1 1082763703647 1
1 1082763703650 1
1 1082763703651 1
1 1082763703693 1
1 1082763703694 4
1 1082763703695 1
1 1082763703697 1
1 1082763703698 4
1 1082763703699 1
1 1082763703701 1
1 1082763703702 4
1 1082763703703 1
1 1082763703705 1
1 1082763703706 4
1 1082763703707 1
1 1082763703709 1
1 1082763703710 4
1 1082763703711 1
1 1082763703713 1
1 1082763703714 4
1 1082763703715 1
1 1082763703756 1
1 1082763703757 4
1 1082763703758 1
1 1082763703760 1
1 1082763703761 4
1 1082763703762 1
1 1082763703764 1
1 1082763703765 4
1 1082763703766 1
1 1082763703768 1
1 1082763703769 4
1 1082763703770 1
1 1082763703772 1
1 1082763703773 4
1 1082763703774 1
1 1082763703776 1
1 1082763703777 4
1 1082763703778 1
1 1082763703820 4
1 1082763703821 1
1 1082763703824 4
1 1082763703825 1
1 1082763703828 4
1 1082763703829 1
1 1082763703832 4
1 1082763703833 1
1 1082763703836 4
1 1082763703837 1
1 1082763703840 4
1 1082763703841 1
1 1082763703870 1
1 1082763703871 1
1 1082763703874 1
1 1082763703875 1
1 1082763703878 1
1 1082763703879 1
1 1082763703882 1
1 1082763703883 1
1 1082763703886 1
1 1082763703887 1
1 1082763703890 1
1 1082763703891 1
1 1082763703933 1
1 1082763703934 4
1 1082763703935 1
1 1082763703937 1
1 1082763703938 4
1 1082763703939 1
1 1082763703941 1
1 1082763703942 4
1 1082763703943 1
1 1082763703945 1
1 1082763703946 4
1 1082763703947 1
1 1082763703949 1
1 1082763703950 4
1 1082763703951 1
1 1082763703953 1
1 1082763703954 4
1 1082763703955 1
1 1082763704030 1
1 1082763704031 1
1 1082763704034 1
1 1082763704035 1
1 1082763704038 1
1 1082763704039 1
1 1082763704042 1
1 1082763704043 1
1 1082763704046 1
1 1082763704047 1
1 1082763704050 1
1 1082763704051 1
1 1082763704093 1
1 1082763704094 4
1 1082763704095 1
1 1082763704097 1
1 1082763704098 4
1 1082763704099 1
1 1082763704101 1
1 1082763704102 4
1 1082763704103 1
1 1082763704105 1
1 1082763704106 4
1 1082763704107 1
1 1082763704109 1
1 1082763704110 4
1 1082763704111 1
1 1082763704113 1
1 1082763704114 4
1 1082763704115 1
1 1082763704156 1
1 1082763704157 4
1 1082763704158 1
1 1082763704160 1
1 1082763704161 4
1 1082763704162 1
1 1082763704164 1
1 1082763704165 4
1 1082763704166 1
1 1082763704168 1
1 1082763704169 4
1 1082763704170 1
1 1082763704172 1
1 1082763704173 4
1 1082763704174 1
1 1082763704176 1
1 1082763704177 4
1 1082763704178 1
1 1082763704220 4
1 1082763704221 1
1 1082763704224 4
1 1082763704225 1
1 1082763704228 4
1 1082763704229 1
1 1082763704232 4
1 1082763704233 1
1 1082763704236 4
1 1082763704237 1
1 1082763704240 4
1 1082763704241 1
1 1082763704270 1
1 1082763704271 1
1 1082763704274 1
1 1082763704275 1
1 1082763704278 1
1 1082763704279 1
1 1082763704282 1
1 1082763704283 1
1 1082763704286 1
1 1082763704287 1
1 1082763704290 1
1 1082763704291 1
1 1082763704333 1
1 1082763704334 4
1 1082763704335 1
1 1082763704337 1
1 1082763704338 4
1 1082763704339 1
1 1082763704341 1
1 1082763704342 4
1 1082763704343 1
1 1082763704345 1
1 1082763704346 4
1 1082763704347 1
1 1082763704349 1
1 1082763704350 4
1 1082763704351 1
1 1082763704353 1
1 1082763704354 4
1 1082763704355 1
1 1082763704430 1
1 1082763704431 1
1 1082763704434 1
1 1082763704435 1
1 1082763704438 1
1 1082763704439 1
1 1082763704442 1
1 1082763704443 1
1 1082763704446 1
1 1082763704447 1
1 1082763704450 1
1 1082763704451 1
1 1082763704493 1
1 1082763704494 4
1 1082763704495 1
1 1082763704497 1
1 1082763704498 4
1 1082763704499 1
1 1082763704501 1
1 1082763704502 4
1 1082763704503 1
1 1082763704505 1
1 1082763704506 4
1 1082763704507 1
1 1082763704509 1
1 1082763704510 4
1 1082763704511 1
1 1082763704513 1
1 1082763704514 4
1 1082763704515 1
1 1082763704556 1
1 1082763704557 4
1 1082763704558 1
1 1082763704560 1
1 1082763704561 4
1 1082763704562 1
1 1082763704564 1
1 1082763704565 4
1 1082763704566 1
1 1082763704568 1
1 1082763704569 4
1 1082763704570 1
1 1082763704572 1
1 1082763704573 4
1 1082763704574 1
1 1082763704576 1
1 1082763704577 4
1 1082763704578 1
1 1082763704620 4
1 1082763704621 1
1 1082763704624 4
1 1082763704625 1
1 1082763704628 4
1 1082763704629 1
1 1082763704632 4
1 1082763704633 1
1 1082763704636 4
1 1082763704637 1
1 1082763704640 4
1 1082763704641 1
1 1082763704670 1
1 1082763704671 1
1 1082763704674 1
1 1082763704675 1
1 1082763704678 1
1 1082763704679 1
1 1082763704682 1
1 1082763704683 1
1 1082763704686 1
1 1082763704687 1
1 1082763704690 1
1 1082763704691 1
1 1082763704733 1
1 1082763704734 4
1 1082763704735 1
1 1082763704737 1
1 1082763704738 4
1 1082763704739 1
1 1082763704741 1
1 1082763704742 4
1 1082763704743 1
1 1082763704745 1
1 1082763704746 4
1 1082763704747 1
1 1082763704749 1
1 1082763704750 4
1 1082763704751 1
1 1082763704753 1
1 1082763704754 4
1 1082763704755 1
1 1082763704830 1
1 1082763704831 1
1 1082763704834 1
1 1082763704835 1
1 1082763704838 1
1 1082763704839 1
1 1082763704842 1
1 1082763704843 1
1 1082763704846 1
1 1082763704847 1
1 1082763704850 1
1 1082763704851 1
1 1082763704893 1
1 1082763704894 4
1 1082763704895 1
1 1082763704897 1
1 1082763704898 4
1 1082763704899 1
1 1082763704901 1
1 1082763704902 4
1 1082763704903 1
1 1082763704905 1
1 1082763704906 4
1 1082763704907 1
1 1082763704909 1
1 1082763704910 4
1 1082763704911 1
1 1082763704913 1
1 1082763704914 4
1 1082763704915 1
1 1082763704956 1
1 1082763704957 4
1 1082763704958 1
1 1082763704960 1
1 1082763704961 4
1 1082763704962 1
1 1082763704964 1
1 1082763704965 4
1 1082763704966 1
1 1082763704968 1
1 1082763704969 4
1 1082763704970 1
1 1082763704972 1
1 1082763704973 4
1 1082763704974 1
1 1082763704976 1
1 1082763704977 4
1 1082763704978 1
1 1082763705020 4
1 1082763705021 1
1 1082763705024 4
1 1082763705025 1
1 1082763705028 4
1 1082763705029 1
1 1082763705032 4
1 1082763705033 1
1 1082763705036 4
1 1082763705037 1
1 1082763705040 4
1 1082763705041 1
1 1082763705070 1
1 1082763705071 1
1 1082763705074 1
1 1082763705075 1
1 1082763705078 1
1 1082763705079 1
1 1082763705082 1
1 1082763705083 1
1 1082763705086 1
1 1082763705087 1
1 1082763705090 1
1 1082763705091 1
1 1082763705133 1
1 1082763705134 4
1 1082763705135 1
1 1082763705137 1
1 1082763705138 4
1 1082763705139 1
1 1082763705141 1
1 1082763705142 4
1 1082763705143 1
1 1082763705145 1
1 1082763705146 4
1 1082763705147 1
1 1082763705149 1
1 1082763705150 4
1 1082763705151 1
1 1082763705153 1
1 1082763705154 4
1 1082763705155 1
1 1082763705230 1
1 1082763705231 1
1 1082763705234 1
1 1082763705235 1
1 1082763705238 1
1 1082763705239 1
1 1082763705242 1
1 1082763705243 1
1 1082763705246 1
1 1082763705247 1
1 1082763705250 1
1 1082763705251 1
1 1082763705293 1
1 1082763705294 4
1 1082763705295 1
1 1082763705297 1
1 1082763705298 4
1 1082763705299 1
1 1082763705301 1
1 1082763705302 4
1 1082763705303 1
1 1082763705305 1
1 1082763705306 4
1 1082763705307 1
1 1082763705309 1
1 1082763705310 4
1 1082763705311 1
1 1082763705313 1
1 1082763705314 4
1 1082763705315 1
1 1082763705356 1
1 1082763705357 4
1 1082763705358 1
1 1082763705360 1
1 1082763705361 4
1 1082763705362 1
1 1082763705364 1
1 1082763705365 4
1 1082763705366 1
1 1082763705368 1
1 1082763705369 4
1 1082763705370 1
1 1082763705372 1
1 1082763705373 4
1 1082763705374 1
1 1082763705376 1
1 1082763705377 4
1 1082763705378 1
1 1082763705420 4
1 1082763705421 1
1 1082763705424 4
1 1082763705425 1
1 1082763705428 4
1 1082763705429 1
1 1082763705432 4
1 1082763705433 1
1 1082763705436 4
1 1082763705437 1
1 1082763705440 4
1 1082763705441 1
1 1082763705470 1
1 1082763705471 1
1 1082763705474 1
1 1082763705475 1
1 1082763705478 1
1 1082763705479 1
1 1082763705482 1
1 1082763705483 1
1 1082763705486 1
1 1082763705487 1
1 1082763705490 1
1 1082763705491 1
1 1082763705533 1
1 1082763705534 4
1 1082763705535 1
1 1082763705537 1
1 1082763705538 4
1 1082763705539 1
1 1082763705541 1
1 1082763705542 4
1 1082763705543 1
1 1082763705545 1
1 1082763705546 4
1 1082763705547 1
1 1082763705549 1
1 1082763705550 4
1 1082763705551 1
1 1082763705553 1
1 1082763705554 4
1 1082763705555 1
1 1082763705630 1
1 1082763705631 1
1 1082763705634 1
1 1082763705635 1
1 1082763705638 1
1 1082763705639 1
1 1082763705642 1
1 1082763705643 1
1 1082763705646 1
1 1082763705647 1
1 1082763705650 1
1 1082763705651 1
1 1082763705693 1
1 1082763705694 4
1 1082763705695 1
1 1082763705697 1
1 1082763705698 4
1 1082763705699 1
1 1082763705701 1
1 1082763705702 4
1 1082763705703 1
1 1082763705705 1
1 1082763705706 4
1 1082763705707 1
1 1082763705709 1
1 1082763705710 4
1 1082763705711 1
1 1082763705713 1
1 1082763705714 4
1 1082763705715 1
1 1082763705756 1
1 1082763705757 4
1 1082763705758 1
1 1082763705760 1
1 1082763705761 4
1 1082763705762 1
1 1082763705764 1
1 1082763705765 4
1 1082763705766 1
1 1082763705768 1
1 1082763705769 4
1 1082763705770 1
1 1082763705772 1
1 1082763705773 4
1 1082763705774 1
1 1082763705776 1
1 1082763705777 4
1 1082763705778 1
1 1082763705820 4
1 1082763705821 1
1 1082763705824 4
1 1082763705825 1
1 1082763705828 4
1 1082763705829 1
1 1082763705832 4
1 1082763705833 1
1 1082763705836 4
1 1082763705837 1
1 1082763705840 4
1 1082763705841 1
1 1082763705870 1
1 1082763705871 1
1 1082763705874 1
1 1082763705875 1
1 1082763705878 1
1 1082763705879 1
1 1082763705882 1
1 1082763705883 1
1 1082763705886 1
1 1082763705887 1
1 1082763705890 1
1 1082763705891 1
1 1082763705933 1
1 1082763705934 4
1 1082763705935 1
1 1082763705937 1
1 1082763705938 4
1 1082763705939 1
1 1082763705941 1
1 1082763705942 4
1 1082763705943 1
1 1082763705945 1
1 1082763705946 4
1 1082763705947 1
1 1082763705949 1
1 1082763705950 4
1 1082763705951 1
1 1082763705953 1
1 1082763705954 4
1 1082763705955 1
1 1082763706030 1
1 1082763706031 1
1 1082763706034 1
1 1082763706035 1
1 1082763706038 1
1 1082763706039 1
1 1082763706042 1
1 1082763706043 1
1 1082763706046 1
1 1082763706047 1
1 1082763706050 1
1 1082763706051 1
1 1082763706093 1
1 1082763706094 4
1 1082763706095 1
1 1082763706097 1
1 1082763706098 4
1 1082763706099 1
1 1082763706101 1
1 1082763706102 4
1 1082763706103 1
1 1082763706105 1
1 1082763706106 4
1 1082763706107 1
1 1082763706109 1
1 1082763706110 4
1 1082763706111 1
1 1082763706113 1
1 1082763706114 4
1 1082763706115 1
1 1082763706156 1
1 1082763706157 4
1 1082763706158 1
1 1082763706160 1
1 1082763706161 4
1 1082763706162 1
1 1082763706164 1
1 1082763706165 4
1 1082763706166 1
1 1082763706168 1
1 1082763706169 4
1 1082763706170 1
1 1082763706172 1
1 1082763706173 4
1 1082763706174 1
1 1082763706176 1
1 1082763706177 4
1 1082763706178 1
1 1082763706220 4
1 1082763706221 1
1 1082763706224 4
1 1082763706225 1
1 1082763706228 4
1 1082763706229 1
1 1082763706232 4
1 1082763706233 1
1 1082763706236 4
1 1082763706237 1
1 1082763706240 4
1 1082763706241 1
1 1082763706270 1
1 1082763706271 1
1 1082763706274 1
1 1082763706275 1
1 1082763706278 1
1 1082763706279 1
1 1082763706282 1
1 1082763706283 1
1 1082763706286 1
1 1082763706287 1
1 1082763706290 1
1 1082763706291 1
1 1082763706333 1
1 1082763706334 4
1 1082763706335 1
1 1082763706337 1
1 1082763706338 4
1 1082763706339 1
1 1082763706341 1
1 1082763706342 4
1 1082763706343 1
1 1082763706345 1
1 1082763706346 4
1 1082763706347 1
1 1082763706349 1
1 1082763706350 4
1 1082763706351 1
1 1082763706353 1
1 1082763706354 4
1 1082763706355 1
1 1082763706430 1
1 1082763706431 1
1 1082763706434 1
1 1082763706435 1
1 1082763706438 1
1 1082763706439 1
1 1082763706442 1
1 1082763706443 1
1 1082763706446 1
1 1082763706447 1
1 1082763706450 1
1 1082763706451 1
1 1082763706493 1
1 1082763706494 4
1 1082763706495 1
1 1082763706497 1
1 1082763706498 4
1 1082763706499 1
1 1082763706501 1
1 1082763706502 4
1 1082763706503 1
1 1082763706505 1
1 1082763706506 4
1 1082763706507 1
1 1082763706509 1
1 1082763706510 4
1 1082763706511 1
1 1082763706513 1
1 1082763706514 4
1 1082763706515 1
1 1082763706556 1
1 1082763706557 4
1 1082763706558 1
1 1082763706560 1
1 1082763706561 4
1 1082763706562 1
1 1082763706564 1
1 1082763706565 4
1 1082763706566 1
1 1082763706568 1
1 1082763706569 4
1 1082763706570 1
1 1082763706572 1
1 1082763706573 4
1 1082763706574 1
1 1082763706576 1
1 1082763706577 4
1 1082763706578 1
1 1082763706620 4
1 1082763706621 1
1 1082763706624 4
1 1082763706625 1
1 1082763706628 4
1 1082763706629 1
1 1082763706632 4
1 1082763706633 1
1 1082763706636 4
1 1082763706637 1
1 1082763706640 4
1 1082763706641 1
1 1082763706670 1
1 1082763706671 1
1 1082763706674 1
1 1082763706675 1
1 1082763706678 1
1 1082763706679 1
1 1082763706682 1
1 1082763706683 1
1 1082763706686 1
1 1082763706687 1
1 1082763706690 1
1 1082763706691 1
1 1082763706733 1
1 1082763706734 4
1 1082763706735 1
1 1082763706737 1
1 1082763706738 4
1 1082763706739 1
1 1082763706741 1
1 1082763706742 4
1 1082763706743 1
1 1082763706745 1
1 1082763706746 4
1 1082763706747 1
1 1082763706749 1
1 1082763706750 4
1 1082763706751 1
1 1082763706753 1
1 1082763706754 4
1 1082763706755 1
1 1082763706830 1
1 1082763706831 1
1 1082763706834 1
1 1082763706835 1
1 1082763706838 1
1 1082763706839 1
1 1082763706842 1
1 1082763706843 1
1 1082763706846 1
1 1082763706847 1
1 1082763706850 1
1 1082763706851 1
1 1082763706893 1
1 1082763706894 4
1 1082763706895 1
1 1082763706897 1
1 1082763706898 4
1 1082763706899 1
1 1082763706901 1
1 1082763706902 4
1 1082763706903 1
1 1082763706905 1
1 1082763706906 4
1 1082763706907 1
1 1082763706909 1
1 1082763706910 4
1 1082763706911 1
1 1082763706913 1
1 1082763706914 4
1 1082763706915 1
1 1082763706956 1
1 1082763706957 4
1 1082763706958 1
1 1082763706960 1
1 1082763706961 4
1 1082763706962 1
1 1082763706964 1
1 1082763706965 4
1 1082763706966 1
1 1082763706968 1
1 1082763706969 4
1 1082763706970 1
1 1082763706972 1
1 1082763706973 4
1 1082763706974 1
1 1082763706976 1
1 1082763706977 4
1 1082763706978 1
1 1082763707020 4
1 1082763707021 1
1 1082763707024 4
1 1082763707025 1
1 1082763707028 4
1 1082763707029 1
1 1082763707032 4
1 1082763707033 1
1 1082763707036 4
1 1082763707037 1
1 1082763707040 4
1 1082763707041 1
1 1082763707070 1
1 1082763707071 1
1 1082763707074 1
1 1082763707075 1
1 1082763707078 1
1 1082763707079 1
1 1082763707082 1
1 1082763707083 1
1 1082763707086 1
1 1082763707087 1
1 1082763707090 1
1 1082763707091 1
1 1082763707133 1
1 1082763707134 4
1 1082763707135 1
1 1082763707137 1
1 1082763707138 4
1 1082763707139 1
1 1082763707141 1
1 1082763707142 4
1 1082763707143 1
1 1082763707145 1
1 1082763707146 4
1 1082763707147 1
1 1082763707149 1
1 1082763707150 4
1 1082763707151 1
1 1082763707153 1
1 1082763707154 4
1 1082763707155 1
1 1082763707230 1
1 1082763707231 1
1 1082763707234 1
1 1082763707235 1
1 1082763707238 1
1 1082763707239 1
1 1082763707242 1
1 1082763707243 1
1 1082763707246 1
1 1082763707247 1
1 1082763707250 1
1 1082763707251 1
1 1082763707293 1
1 1082763707294 4
1 1082763707295 1
1 1082763707297 1
1 1082763707298 4
1 1082763707299 1
1 1082763707301 1
1 1082763707302 4
1 1082763707303 1
1 1082763707305 1
1 1082763707306 4
1 1082763707307 1
1 1082763707309 1
1 1082763707310 4
1 1082763707311 1
1 1082763707313 1
1 1082763707314 4
1 1082763707315 1
1 1082763707356 1
1 1082763707357 4
1 1082763707358 1
1 1082763707360 1
1 1082763707361 4
1 1082763707362 1
1 1082763707364 1
1 1082763707365 4
1 1082763707366 1
1 1082763707368 1
1 1082763707369 4
1 1082763707370 1
1 1082763707372 1
1 1082763707373 4
1 1082763707374 1
1 1082763707376 1
1 1082763707377 4
1 1082763707378 1
1 1082763707420 4
1 1082763707421 1
1 1082763707424 4
1 1082763707425 1
1 1082763707428 4
1 1082763707429 1
1 1082763707432 4
1 1082763707433 1
1 1082763707436 4
1 1082763707437 1
1 1082763707440 4
1 1082763707441 1
1 1082763707470 1
1 1082763707471 1
1 1082763707474 1
1 1082763707475 1
1 1082763707478 1
1 1082763707479 1
1 1082763707482 1
1 1082763707483 1
1 1082763707486 1
1 1082763707487 1
1 1082763707490 1
1 1082763707491 1
1 1082763707533 1
1 1082763707534 4
1 1082763707535 1
1 1082763707537 1
1 1082763707538 4
1 1082763707539 1
1 1082763707541 1
1 1082763707542 4
1 1082763707543 1
1 1082763707545 1
1 1082763707546 4
1 1082763707547 1
1 1082763707549 1
1 1082763707550 4
1 1082763707551 1
1 1082763707553 1
1 1082763707554 4
1 1082763707555 1
1 1082763707630 1
1 1082763707631 1
1 1082763707634 1
1 1082763707635 1
1 1082763707638 1
1 1082763707639 1
1 1082763707642 1
1 1082763707643 1
1 1082763707646 1
1 1082763707647 1
1 1082763707650 1
1 1082763707651 1
1 1082763707693 1
1 1082763707694 4
1 1082763707695 1
1 1082763707697 1
1 1082763707698 4
1 1082763707699 1
1 1082763707701 1
1 1082763707702 4
1 1082763707703 1
1 1082763707705 1
1 1082763707706 4
1 1082763707707 1
1 1082763707709 1
1 1082763707710 4
1 1082763707711 1
1 1082763707713 1
1 1082763707714 4
1 1082763707715 1
1 1082763707756 1
1 1082763707757 4
1 1082763707758 1
1 1082763707760 1
1 1082763707761 4
1 1082763707762 1
1 1082763707764 1
1 1082763707765 4
1 1082763707766 1
1 1082763707768 1
1 1082763707769 4
1 1082763707770 1
1 1082763707772 1
1 1082763707773 4
1 1082763707774 1
1 1082763707776 1
1 1082763707777 4
1 1082763707778 1
1 1082763707820 4
1 1082763707821 1
1 1082763707824 4
1 1082763707825 1
1 1082763707828 4
1 1082763707829 1
1 1082763707832 4
1 1082763707833 1
1 1082763707836 4
1 1082763707837 1
1 1082763707840 4
1 1082763707841 1
1 1082763707870 1
1 1082763707871 1
1 1082763707874 1
1 1082763707875 1
1 1082763707878 1
1 1082763707879 1
1 1082763707882 1
1 1082763707883 1
1 1082763707886 1
1 1082763707887 1
1 1082763707890 1
1 1082763707891 1
1 1082763707933 1
1 1082763707934 4
1 1082763707935 1
1 1082763707937 1
1 1082763707938 4
1 1082763707939 1
1 1082763707941 1
1 1082763707942 4
1 1082763707943 1
1 1082763707945 1
1 1082763707946 4
1 1082763707947 1
1 1082763707949 1
1 1082763707950 4
1 1082763707951 1
1 1082763707953 1
1 1082763707954 4
1 1082763707955 1
1 1082763708030 1
1 1082763708031 1
1 1082763708034 1
1 1082763708035 1
1 1082763708038 1
1 1082763708039 1
1 1082763708042 1
1 1082763708043 1
1 1082763708046 1
1 1082763708047 1
1 1082763708050 1
1 1082763708051 1
1 1082763708093 1
1 1082763708094 4
1 1082763708095 1
1 1082763708097 1
1 1082763708098 4
1 1082763708099 1
1 1082763708101 1
1 1082763708102 4
1 1082763708103 1
1 1082763708105 1
1 1082763708106 4
1 1082763708107 1
1 1082763708109 1
1 1082763708110 4
1 1082763708111 1
1 1082763708113 1
1 1082763708114 4
1 1082763708115 1
1 1082763708156 1
1 1082763708157 4
1 1082763708158 1
1 1082763708160 1
1 1082763708161 4
1 1082763708162 1
1 1082763708164 1
1 1082763708165 4
1 1082763708166 1
1 1082763708168 1
1 1082763708169 4
1 1082763708170 1
1 1082763708172 1
1 1082763708173 4
1 1082763708174 1
1 1082763708176 1
1 1082763708177 4
1 1082763708178 1
1 1082763708220 4
1 1082763708221 1
1 1082763708224 4
1 1082763708225 1
1 1082763708228 4
1 1082763708229 1
1 1082763708232 4
1 1082763708233 1
1 1082763708236 4
1 1082763708237 1
1 1082763708240 4
1 1082763708241 1
1 1082763708270 1
1 1082763708271 1
1 1082763708274 1
1 1082763708275 1
1 1082763708278 1
1 1082763708279 1
1 1082763708282 1
1 1082763708283 1
1 1082763708286 1
1 1082763708287 1
1 1082763708290 1
1 1082763708291 1
1 1082763708333 1
1 1082763708334 4
1 1082763708335 1
1 1082763708337 1
1 1082763708338 4
1 1082763708339 1
1 1082763708341 1
1 1082763708342 4
1 1082763708343 1
1 1082763708345 1
1 1082763708346 4
1 1082763708347 1
1 1082763708349 1
1 1082763708350 4
1 1082763708351 1
1 1082763708353 1
1 1082763708354 4
1 1082763708355 1
1 1082763708430 1
1 1082763708431 1
1 1082763708434 1
1 1082763708435 1
1 1082763708438 1
1 1082763708439 1
1 1082763708442 1
1 1082763708443 1
1 1082763708446 1
1 1082763708447 1
1 1082763708450 1
1 1082763708451 1
1 1082763708493 1
1 1082763708494 4
1 1082763708495 1
1 1082763708497 1
1 1082763708498 4
1 1082763708499 1
1 1082763708501 1
1 1082763708502 4
1 1082763708503 1
1 1082763708505 1
1 1082763708506 4
1 1082763708507 1
1 1082763708509 1
1 1082763708510 4
1 1082763708511 1
1 1082763708513 1
1 1082763708514 4
1 1082763708515 1
1 1082763708556 1
1 1082763708557 4
1 1082763708558 1
1 1082763708560 1
1 1082763708561 4
1 1082763708562 1
1 1082763708564 1
1 1082763708565 4
1 1082763708566 1
1 1082763708568 1
1 1082763708569 4
1 1082763708570 1
1 1082763708572 1
1 1082763708573 4
1 1082763708574 1
1 1082763708576 1
1 1082763708577 4
1 1082763708578 1
1 1082763708620 4
1 1082763708621 1
1 1082763708624 4
1 1082763708625 1
1 1082763708628 4
1 1082763708629 1
1 1082763708632 4
1 1082763708633 1
1 1082763708636 4
1 1082763708637 1
1 1082763708640 4
1 1082763708641 1
1 1082763708670 1
1 1082763708671 1
1 1082763708674 1
1 1082763708675 1
1 1082763708678 1
1 1082763708679 1
1 1082763708682 1
1 1082763708683 1
1 1082763708686 1
1 1082763708687 1
1 1082763708690 1
1 1082763708691 1
1 1082763708733 1
1 1082763708734 4
1 1082763708735 1
1 1082763708737 1
1 1082763708738 4
1 1082763708739 1
1 1082763708741 1
1 1082763708742 4
1 1082763708743 1
1 1082763708745 1
1 1082763708746 4
1 1082763708747 1
1 1082763708749 1
1 1082763708750 4
1 1082763708751 1
1 1082763708753 1
1 1082763708754 4
1 1082763708755 1
1 1082763708830 1
1 1082763708831 1
1 1082763708834 1
1 1082763708835 1
1 1082763708838 1
1 1082763708839 1
1 1082763708842 1
1 1082763708843 1
1 1082763708846 1
1 1082763708847 1
1 1082763708850 1
1 1082763708851 1
1 1082763708893 1
1 1082763708894 4
1 1082763708895 1
1 1082763708897 1
1 1082763708898 4
1 1082763708899 1
1 1082763708901 1
1 1082763708902 4
1 1082763708903 1
1 1082763708905 1
1 1082763708906 4
1 1082763708907 1
1 1082763708909 1
1 1082763708910 4
1 1082763708911 1
1 1082763708913 1
1 1082763708914 4
1 1082763708915 1
1 1082763708956 1
1 1082763708957 4
1 1082763708958 1
1 1082763708960 1
1 1082763708961 4
1 1082763708962 1
1 1082763708964 1
1 1082763708965 4
1 1082763708966 1
1 1082763708968 1
1 1082763708969 4
1 1082763708970 1
1 1082763708972 1
1 1082763708973 4
1 1082763708974 1
1 1082763708976 1
1 1082763708977 4
1 1082763708978 1
1 1082763709020 4
1 1082763709021 1
1 1082763709024 4
1 1082763709025 1
1 1082763709028 4
1 1082763709029 1
1 1082763709032 4
1 1082763709033 1
1 1082763709036 4
1 1082763709037 1
1 1082763709040 4
1 1082763709041 1
1 1082763709070 1
1 1082763709071 1
1 1082763709074 1
1 1082763709075 1
1 1082763709078 1
1 1082763709079 1
1 1082763709082 1
1 1082763709083 1
1 1082763709086 1
1 1082763709087 1
1 1082763709090 1
1 1082763709091 1
1 1082763709133 1
1 1082763709134 4
1 1082763709135 1
1 1082763709137 1
1 1082763709138 4
1 1082763709139 1
1 1082763709141 1
1 1082763709142 4
1 1082763709143 1
1 1082763709145 1
1 1082763709146 4
1 1082763709147 1
1 1082763709149 1
1 1082763709150 4
1 1082763709151 1
1 1082763709153 1
1 1082763709154 4
1 1082763709155 1
1 1082763709230 1
1 1082763709231 1
1 1082763709234 1
1 1082763709235 1
1 1082763709238 1
1 1082763709239 1
1 1082763709242 1
1 1082763709243 1
1 1082763709246 1
1 1082763709247 1
1 1082763709250 1
1 1082763709251 1
1 1082763709293 1
1 1082763709294 4
1 1082763709295 1
1 1082763709297 1
1 1082763709298 4
1 1082763709299 1
1 1082763709301 1
1 1082763709302 4
1 1082763709303 1
1 1082763709305 1
1 1082763709306 4
1 1082763709307 1
1 1082763709309 1
1 1082763709310 4
1 1082763709311 1
1 1082763709313 1
1 1082763709314 4
1 1082763709315 1
1 1082763709356 1
1 1082763709357 4
1 1082763709358 1
1 1082763709360 1
1 1082763709361 4
1 1082763709362 1
1 1082763709364 1
1 1082763709365 4
1 1082763709366 1
1 1082763709368 1
1 1082763709369 4
1 1082763709370 1
1 1082763709372 1
1 1082763709373 4
1 1082763709374 1
1 1082763709376 1
1 1082763709377 4
1 1082763709378 1
1 1082763709420 4
1 1082763709421 1
1 1082763709424 4
1 1082763709425 1
1 1082763709428 4
1 1082763709429 1
1 1082763709432 4
1 1082763709433 1
1 1082763709436 4
1 1082763709437 1
1 1082763709440 4
1 1082763709441 1
1 1082763709470 1
1 1082763709471 1
1 1082763709474 1
1 1082763709475 1
1 1082763709478 1
1 1082763709479 1
1 1082763709482 1
1 1082763709483 1
1 1082763709486 1
1 1082763709487 1
1 1082763709490 1
1 1082763709491 1
1 1082763709533 1
1 1082763709534 4
1 1082763709535 1
1 1082763709537 1
1 1082763709538 4
1 1082763709539 1
1 1082763709541 1
1 1082763709542 4
1 1082763709543 1
1 1082763709545 1
1 1082763709546 4
1 1082763709547 1
1 1082763709549 1
1 1082763709550 4
1 1082763709551 1
1 1082763709553 1
1 1082763709554 4
1 1082763709555 1
1 1082763709630 1
1 1082763709631 1
1 1082763709634 1
1 1082763709635 1
1 1082763709638 1
1 1082763709639 1
1 1082763709642 1
1 1082763709643 1
1 1082763709646 1
1 1082763709647 1
1 1082763709650 1
1 1082763709651 1
1 1082763709693 1
1 1082763709694 4
1 1082763709695 1
1 1082763709697 1
1 1082763709698 4
1 1082763709699 1
1 1082763709701 1
1 1082763709702 4
1 1082763709703 1
1 1082763709705 1
1 1082763709706 4
1 1082763709707 1
1 1082763709709 1
1 1082763709710 4
1 1082763709711 1
1 1082763709713 1
1 1082763709714 4
1 1082763709715 1
1 1082763709756 1
1 1082763709757 4
1 1082763709758 1
1 1082763709760 1
1 1082763709761 4
1 1082763709762 1
1 1082763709764 1
1 1082763709765 4
1 1082763709766 1
1 1082763709768 1
1 1082763709769 4
1 1082763709770 1
1 1082763709772 1
1 1082763709773 4
1 1082763709774 1
1 1082763709776 1
1 1082763709777 4
1 1082763709778 1
1 1082763709820 4
1 1082763709821 1
1 1082763709824 4
1 1082763709825 1
1 1082763709828 4
1 1082763709829 1
1 1082763709832 4
1 1082763709833 1
1 1082763709836 4
1 1082763709837 1
1 1082763709840 4
1 1082763709841 1
1 1082763709870 1
1 1082763709871 1
1 1082763709874 1
1 1082763709875 1
1 1082763709878 1
1 1082763709879 1
1 1082763709882 1
1 1082763709883 1
1 1082763709886 1
1 1082763709887 1
1 1082763709890 1
1 1082763709891 1
1 1082763709933 1
1 1082763709934 4
1 1082763709935 1
1 1082763709937 1
1 1082763709938 4
1 1082763709939 1
1 1082763709941 1
1 1082763709942 4
1 1082763709943 1
1 1082763709945 1
1 1082763709946 4
1 1082763709947 1
1 1082763709949 1
1 1082763709950 4
1 1082763709951 1
1 1082763709953 1
1 1082763709954 4
1 1082763709955 1
1 1082763710030 1
1 1082763710031 1
1 1082763710034 1
1 1082763710035 1
1 1082763710038 1
1 1082763710039 1
1 1082763710042 1
1 1082763710043 1
1 1082763710046 1
1 1082763710047 1
1 1082763710050 1
1 1082763710051 1
1 1082763710093 1
1 1082763710094 4
1 1082763710095 1
1 1082763710097 1
1 1082763710098 4
1 1082763710099 1
1 1082763710101 1
1 1082763710102 4
1 1082763710103 1
1 1082763710105 1
1 1082763710106 4
1 1082763710107 1
1 1082763710109 1
1 1082763710110 4
1 1082763710111 1
1 1082763710113 1
1 1082763710114 4
1 1082763710115 1
1 1082763710156 1
1 1082763710157 4
1 1082763710158 1
1 1082763710160 1
1 1082763710161 4
1 1082763710162 1
1 1082763710164 1
1 1082763710165 4
1 1082763710166 1
1 1082763710168 1
1 1082763710169 4
1 1082763710170 1
1 1082763710172 1
1 1082763710173 4
1 1082763710174 1
1 1082763710176 1
1 1082763710177 4
1 1082763710178 1
1 1082763710220 4
1 1082763710221 1
1 1082763710224 4
1 1082763710225 1
1 1082763710228 4
1 1082763710229 1
1 1082763710232 4
1 1082763710233 1
1 1082763710236 4
1 1082763710237 1
1 1082763710240 4
1 1082763710241 1
1 1082763710270 1
1 1082763710271 1
1 1082763710274 1
1 1082763710275 1
1 1082763710278 1
1 1082763710279 1
1 1082763710282 1
1 1082763710283 1
1 1082763710286 1
1 1082763710287 1
1 1082763710290 1
1 1082763710291 1
1 1082763710333 1
1 1082763710334 4
1 1082763710335 1
1 1082763710337 1
1 1082763710338 4
1 1082763710339 1
1 1082763710341 1
1 1082763710342 4
1 1082763710343 1
1 1082763710345 1
1 1082763710346 4
1 1082763710347 1
1 1082763710349 1
1 1082763710350 4
1 1082763710351 1
1 1082763710353 1
1 1082763710354 4
1 1082763710355 1
1 1082763710430 1
1 1082763710431 1
1 1082763710434 1
1 1082763710435 1
1 1082763710438 1
1 1082763710439 1
1 1082763710442 1
1 1082763710443 1
1 1082763710446 1
1 1082763710447 1
1 1082763710450 1
1 1082763710451 1
1 1082763710493 1
1 1082763710494 4
1 1082763710495 1
1 1082763710497 1
1 1082763710498 4
1 1082763710499 1
1 1082763710501 1
1 1082763710502 4
1 1082763710503 1
1 1082763710505 1
1 1082763710506 4
1 1082763710507 1
1 1082763710509 1
1 1082763710510 4
1 1082763710511 1
1 1082763710513 1
1 1082763710514 4
1 1082763710515 1
1 1082763710556 1
1 1082763710557 4
1 1082763710558 1
1 1082763710560 1
1 1082763710561 4
1 1082763710562 1
1 1082763710564 1
1 1082763710565 4
1 1082763710566 1
1 1082763710568 1
1 1082763710569 4
1 1082763710570 1
1 1082763710572 1
1 1082763710573 4
1 1082763710574 1
1 1082763710576 1
1 1082763710577 4
1 1082763710578 1
1 1082763710620 4
1 1082763710621 1
1 1082763710624 4
1 1082763710625 1
1 1082763710628 4
1 1082763710629 1
1 1082763710632 4
1 1082763710633 1
1 1082763710636 4
1 1082763710637 1
1 1082763710640 4
1 1082763710641 1
1 1082763710670 1
1 1082763710671 1
1 1082763710674 1
1 1082763710675 1
1 1082763710678 1
1 1082763710679 1
1 1082763710682 1
1 1082763710683 1
1 1082763710686 1
1 1082763710687 1
1 1082763710690 1
1 1082763710691 1
1 1082763710733 1
1 1082763710734 4
1 1082763710735 1
1 1082763710737 1
1 1082763710738 4
1 1082763710739 1
1 1082763710741 1
1 1082763710742 4
1 1082763710743 1
1 1082763710745 1
1 1082763710746 4
1 1082763710747 1
1 1082763710749 1
1 1082763710750 4
1 1082763710751 1
1 1082763710753 1
1 1082763710754 4
1 1082763710755 1
1 1082763710830 1
1 1082763710831 1
1 1082763710834 1
1 1082763710835 1
1 1082763710838 1
1 1082763710839 1
1 1082763710842 1
1 1082763710843 1
1 1082763710846 1
1 1082763710847 1
1 1082763710850 1
1 1082763710851 1
1 1082763710893 1
1 1082763710894 4
1 1082763710895 1
1 1082763710897 1
1 1082763710898 4
1 1082763710899 1
1 1082763710901 1
1 1082763710902 4
1 1082763710903 1
1 1082763710905 1
1 1082763710906 4
1 1082763710907 1
1 1082763710909 1
1 1082763710910 4
1 1082763710911 1
1 1082763710913 1
1 1082763710914 4
1 1082763710915 1
1 1082763710956 1
1 1082763710957 4
1 1082763710958 1
1 1082763710960 1
1 1082763710961 4
1 1082763710962 1
1 1082763710964 1
1 1082763710965 4
1 1082763710966 1
1 1082763710968 1
1 1082763710969 4
1 1082763710970 1
1 1082763710972 1
1 1082763710973 4
1 1082763710974 1
1 1082763710976 1
1 1082763710977 4
1 1082763710978 1
1 1082763711020 4
1 1082763711021 1
1 1082763711024 4
1 1082763711025 1
1 1082763711028 4
1 1082763711029 1
1 1082763711032 4
1 1082763711033 1
1 1082763711036 4
1 1082763711037 1
1 1082763711040 4
1 1082763711041 1
1 1082763711070 1
1 1082763711071 1
1 1082763711074 1
1 1082763711075 1
1 1082763711078 1
1 1082763711079 1
1 1082763711082 1
1 1082763711083 1
1 1082763711086 1
1 1082763711087 1
1 1082763711090 1
1 1082763711091 1
1 1082763711133 1
1 1082763711134 4
1 1082763711135 1
1 1082763711137 1
1 1082763711138 4
1 1082763711139 1
1 1082763711141 1
1 1082763711142 4
1 1082763711143 1
1 1082763711145 1
1 1082763711146 4
1 1082763711147 1
1 1082763711149 1
1 1082763711150 4
1 1082763711151 1
1 1082763711153 1
1 1082763711154 4
1 1082763711155 1
1 1082763711230 1
1 1082763711231 1
1 1082763711234 1
1 1082763711235 1
1 1082763711238 1
1 1082763711239 1
1 1082763711242 1
1 1082763711243 1
1 1082763711246 1
1 1082763711247 1
1 1082763711250 1
1 1082763711251 1
1 1082763711293 1
1 1082763711294 4
1 1082763711295 1
1 1082763711297 1
1 1082763711298 4
1 1082763711299 1
1 1082763711301 1
1 1082763711302 4
1 1082763711303 1
1 1082763711305 1
1 1082763711306 4
1 1082763711307 1
1 1082763711309 1
1 1082763711310 4
1 1082763711311 1
1 1082763711313 1
1 1082763711314 4
1 1082763711315 1
1 1082763711356 1
1 1082763711357 4
1 1082763711358 1
1 1082763711360 1
1 1082763711361 4
1 1082763711362 1
1 1082763711364 1
1 1082763711365 4
1 1082763711366 1
1 1082763711368 1
1 1082763711369 4
1 1082763711370 1
1 1082763711372 1
1 1082763711373 4
1 1082763711374 1
1 1082763711376 1
1 1082763711377 4
1 1082763711378 1
1 1082763711420 4
1 1082763711421 1
1 1082763711424 4
1 1082763711425 1
1 1082763711428 4
1 1082763711429 1
1 1082763711432 4
1 1082763711433 1
1 1082763711436 4
1 1082763711437 1
1 1082763711440 4
1 1082763711441 1
1 1082763711470 1
1 1082763711471 1
1 1082763711474 1
1 1082763711475 1
1 1082763711478 1
1 1082763711479 1
1 1082763711482 1
1 1082763711483 1
1 1082763711486 1
1 1082763711487 1
1 1082763711490 1
1 1082763711491 1
1 1082763711533 1
1 1082763711534 4
1 1082763711535 1
1 1082763711537 1
1 1082763711538 4
1 1082763711539 1
1 1082763711541 1
1 1082763711542 4
1 1082763711543 1
1 1082763711545 1
1 1082763711546 4
1 1082763711547 1
1 1082763711549 1
1 1082763711550 4
1 1082763711551 1
1 1082763711553 1
1 1082763711554 4
1 1082763711555 1
1 1082763711630 1
1 1082763711631 1
1 1082763711634 1
1 1082763711635 1
1 1082763711638 1
1 1082763711639 1
1 1082763711642 1
1 1082763711643 1
1 1082763711646 1
1 1082763711647 1
1 1082763711650 1
1 1082763711651 1
1 1082763711693 1
1 1082763711694 4
1 1082763711695 1
1 1082763711697 1
1 1082763711698 4
1 1082763711699 1
1 1082763711701 1
1 1082763711702 4
1 1082763711703 1
1 1082763711705 1
1 1082763711706 4
1 1082763711707 1
1 1082763711709 1
1 1082763711710 4
1 1082763711711 1
1 1082763711713 1
1 1082763711714 4
1 1082763711715 1
1 1082763711756 1
1 1082763711757 4
1 1082763711758 1
1 1082763711760 1
1 1082763711761 4
1 1082763711762 1
1 1082763711764 1
1 1082763711765 4
1 1082763711766 1
1 1082763711768 1
1 1082763711769 4
1 1082763711770 1
1 1082763711772 1
1 1082763711773 4
1 1082763711774 1
1 1082763711776 1
1 1082763711777 4
1 1082763711778 1
1 1082763711820 4
1 1082763711821 1
1 1082763711824 4
1 1082763711825 1
1 1082763711828 4
1 1082763711829 1
1 1082763711832 4
1 1082763711833 1
1 1082763711836 4
1 1082763711837 1
1 1082763711840 4
1 1082763711841 1
1 1082763711870 1
1 1082763711871 1
1 1082763711874 1
1 1082763711875 1
1 1082763711878 1
1 1082763711879 1
1 1082763711882 1
1 1082763711883 1
1 1082763711886 1
1 1082763711887 1
1 1082763711890 1
1 1082763711891 1
1 1082763711933 1
1 1082763711934 4
1 1082763711935 1
1 1082763711937 1
1 1082763711938 4
1 1082763711939 1
1 1082763711941 1
1 1082763711942 4
1 1082763711943 1
1 1082763711945 1
1 1082763711946 4
1 1082763711947 1
1 1082763711949 1
1 1082763711950 4
1 1082763711951 1
1 1082763711953 1
1 1082763711954 4
1 1082763711955 1
1 1082763712030 1
1 1082763712031 1
1 1082763712034 1
1 1082763712035 1
1 1082763712038 1
1 1082763712039 1
1 1082763712042 1
1 1082763712043 1
1 1082763712046 1
1 1082763712047 1
1 1082763712050 1
1 1082763712051 1
1 1082763712093 1
1 1082763712094 4
1 1082763712095 1
1 1082763712097 1
1 1082763712098 4
1 1082763712099 1
1 1082763712101 1
1 1082763712102 4
1 1082763712103 1
1 1082763712105 1
1 1082763712106 4
1 1082763712107 1
1 1082763712109 1
1 1082763712110 4
1 1082763712111 1
1 1082763712113 1
1 1082763712114 4
1 1082763712115 1
1 1082763712156 1
1 1082763712157 4
1 1082763712158 1
1 1082763712160 1
1 1082763712161 4
1 1082763712162 1
1 1082763712164 1
1 1082763712165 4
1 1082763712166 1
1 1082763712168 1
1 1082763712169 4
1 1082763712170 1
1 1082763712172 1
1 1082763712173 4
1 1082763712174 1
1 1082763712176 1
1 1082763712177 4
1 1082763712178 1
1 1082763712220 4
1 1082763712221 1
1 1082763712224 4
1 1082763712225 1
1 1082763712228 4
1 1082763712229 1
1 1082763712232 4
1 1082763712233 1
1 1082763712236 4
1 1082763712237 1
1 1082763712240 4
1 1082763712241 1
1 1082763712270 1
1 1082763712271 1
1 1082763712274 1
1 1082763712275 1
1 1082763712278 1
1 1082763712279 1
1 1082763712282 1
1 1082763712283 1
1 1082763712286 1
1 1082763712287 1
1 1082763712290 1
1 1082763712291 1
1 1082763712333 1
1 1082763712334 4
1 1082763712335 1
1 1082763712337 1
1 1082763712338 4
1 1082763712339 1
1 1082763712341 1
1 1082763712342 4
1 1082763712343 1
1 1082763712345 1
1 1082763712346 4
1 1082763712347 1
1 1082763712349 1
1 1082763712350 4
1 1082763712351 1
1 1082763712353 1
1 1082763712354 4
1 1082763712355 1
1 1082763712430 1
1 1082763712431 1
1 1082763712434 1
1 1082763712435 1
1 1082763712438 1
1 1082763712439 1
1 1082763712442 1
1 1082763712443 1
1 1082763712446 1
1 1082763712447 1
1 1082763712450 1
1 1082763712451 1
1 1082763712493 1
1 1082763712494 4
1 1082763712495 1
1 1082763712497 1
1 1082763712498 4
1 1082763712499 1
1 1082763712501 1
1 1082763712502 4
1 1082763712503 1
1 1082763712505 1
1 1082763712506 4
1 1082763712507 1
1 1082763712509 1
1 1082763712510 4
1 1082763712511 1
1 1082763712513 1
1 1082763712514 4
1 1082763712515 1
1 1082763712556 1
1 1082763712557 4
1 1082763712558 1
1 1082763712560 1
1 1082763712561 4
1 1082763712562 1
1 1082763712564 1
1 1082763712565 4
1 1082763712566 1
1 1082763712568 1
1 1082763712569 4
1 1082763712570 1
1 1082763712572 1
1 1082763712573 4
1 1082763712574 1
1 1082763712576 1
1 1082763712577 4
1 1082763712578 1
1 1082763712620 4
1 1082763712621 1
1 1082763712624 4
1 1082763712625 1
1 1082763712628 4
1 1082763712629 1
1 1082763712632 4
1 1082763712633 1
1 1082763712636 4
1 1082763712637 1
1 1082763712640 4
1 1082763712641 1
1 1082763712670 1
1 1082763712671 1
1 1082763712674 1
1 1082763712675 1
1 1082763712678 1
1 1082763712679 1
1 1082763712682 1
1 1082763712683 1
1 1082763712686 1
1 1082763712687 1
1 1082763712690 1
1 1082763712691 1
1 1082763712733 1
1 1082763712734 4
1 1082763712735 1
1 1082763712737 1
1 1082763712738 4
1 1082763712739 1
1 1082763712741 1
1 1082763712742 4
1 1082763712743 1
1 1082763712745 1
1 1082763712746 4
1 1082763712747 1
1 1082763712749 1
1 1082763712750 4
1 1082763712751 1
1 1082763712753 1
1 1082763712754 4
1 1082763712755 1
1 1082763712830 1
1 1082763712831 1
1 1082763712834 1
1 1082763712835 1
1 1082763712838 1
1 1082763712839 1
1 1082763712842 1
1 1082763712843 1
1 1082763712846 1
1 1082763712847 1
1 1082763712850 1
1 1082763712851 1
1 1082763712893 1
1 1082763712894 4
1 1082763712895 1
1 1082763712897 1
1 1082763712898 4
1 1082763712899 1
1 1082763712901 1
1 1082763712902 4
1 1082763712903 1
1 1082763712905 1
1 1082763712906 4
1 1082763712907 1
1 1082763712909 1
1 1082763712910 4
1 1082763712911 1
1 1082763712913 1
1 1082763712914 4
1 1082763712915 1
1 1082763712956 1
1 1082763712957 4
1 1082763712958 1
1 1082763712960 1
1 1082763712961 4
1 1082763712962 1
1 1082763712964 1
1 1082763712965 4
1 1082763712966 1
1 1082763712968 1
1 1082763712969 4
1 1082763712970 1
1 1082763712972 1
1 1082763712973 4
1 1082763712974 1
1 1082763712976 1
1 1082763712977 4
1 1082763712978 1
1 1082763713020 4
1 1082763713021 1
1 1082763713024 4
1 1082763713025 1
1 1082763713028 4
1 1082763713029 1
1 1082763713032 4
1 1082763713033 1
1 1082763713036 4
1 1082763713037 1
1 1082763713040 4
1 1082763713041 1
1 1082763713070 1
1 1082763713071 1
1 1082763713074 1
1 1082763713075 1
1 1082763713078 1
1 1082763713079 1
1 1082763713082 1
1 1082763713083 1
1 1082763713086 1
1 1082763713087 1
1 1082763713090 1
1 1082763713091 1
1 1082763713133 1
1 1082763713134 4
1 1082763713135 1
1 1082763713137 1
1 1082763713138 4
1 1082763713139 1
1 1082763713141 1
1 1082763713142 4
1 1082763713143 1
1 1082763713145 1
1 1082763713146 4
1 1082763713147 1
1 1082763713149 1
1 1082763713150 4
1 1082763713151 1
1 1082763713153 1
1 1082763713154 4
1 1082763713155 1
1 1082763713230 1
1 1082763713231 1
1 1082763713234 1
1 1082763713235 1
1 1082763713238 1
1 1082763713239 1
1 1082763713242 1
1 1082763713243 1
1 1082763713246 1
1 1082763713247 1
1 1082763713250 1
1 1082763713251 1
1 1082763713293 1
1 1082763713294 4
1 1082763713295 1
1 1082763713297 1
1 1082763713298 4
1 1082763713299 1
1 1082763713301 1
1 1082763713302 4
1 1082763713303 1
1 1082763713305 1
1 1082763713306 4
1 1082763713307 1
1 1082763713309 1
1 1082763713310 4
1 1082763713311 1
1 1082763713313 1
1 1082763713314 4
1 1082763713315 1
1 1082763713356 1
1 1082763713357 4
1 1082763713358 1
1 1082763713360 1
1 1082763713361 4
1 1082763713362 1
1 1082763713364 1
1 1082763713365 4
1 1082763713366 1
1 1082763713368 1
1 1082763713369 4
1 1082763713370 1
1 1082763713372 1
1 1082763713373 4
1 1082763713374 1
1 1082763713376 1
1 1082763713377 4
1 1082763713378 1
1 1082763713420 4
1 1082763713421 1
1 1082763713424 4
1 1082763713425 1
1 1082763713428 4
1 1082763713429 1
1 1082763713432 4
1 1082763713433 1
1 1082763713436 4
1 1082763713437 1
1 1082763713440 4
1 1082763713441 1
1 1082763713470 1
1 1082763713471 1
1 1082763713474 1
1 1082763713475 1
1 1082763713478 1
1 1082763713479 1
1 1082763713482 1
1 1082763713483 1
1 1082763713486 1
1 1082763713487 1
1 1082763713490 1
1 1082763713491 1
1 1082763713533 1
1 1082763713534 4
1 1082763713535 1
1 1082763713537 1
1 1082763713538 4
1 1082763713539 1
1 1082763713541 1
1 1082763713542 4
1 1082763713543 1
1 1082763713545 1
1 1082763713546 4
1 1082763713547 1
1 1082763713549 1
1 1082763713550 4
1 1082763713551 1
1 1082763713553 1
1 1082763713554 4
1 1082763713555 1
