1 1082763673602 1
1 1082763673603 1
1 1082763673606 1
1 1082763673607 1
1 1082763673610 1
1 1082763673611 1
1 1082763673614 1
1 1082763673615 1
1 1082763673618 1
1 1082763673619 1
1 1082763673661 1
1 1082763673662 4
1 1082763673663 1
1 1082763673665 1
1 1082763673666 4
1 1082763673667 1
1 1082763673669 1
1 1082763673670 4
1 1082763673671 1
1 1082763673673 1
1 1082763673674 4
1 1082763673675 1
1 1082763673677 1
1 1082763673678 4
1 1082763673679 1
1 1082763673681 1
1 1082763673682 4
1 1082763673683 1
1 1082763673724 1
1 1082763673725 4
1 1082763673726 1
1 1082763673728 1
1 1082763673729 4
1 1082763673730 1
1 1082763673732 1
1 1082763673733 4
1 1082763673734 1
1 1082763673736 1
1 1082763673737 4
1 1082763673738 1
1 1082763673740 1
1 1082763673741 4
1 1082763673742 1
1 1082763673744 1
1 1082763673745 4
1 1082763673746 1
1 1082763673788 4
1 1082763673789 1
1 1082763673792 4
1 1082763673793 1
1 1082763673796 4
1 1082763673797 1
1 1082763673800 4
1 1082763673801 1
1 1082763673804 4
1 1082763673805 1
1 1082763673808 4
1 1082763673809 1
1 1082763673838 1
1 1082763673839 1
1 1082763673842 1
1 1082763673843 1
1 1082763673846 1
1 1082763673847 1
1 1082763673850 1
1 1082763673851 1
1 1082763673854 1
1 1082763673855 1
1 1082763673858 1
1 1082763673859 1
1 1082763673901 1
1 1082763673902 4
1 1082763673903 1
1 1082763673905 1
1 1082763673906 4
1 1082763673907 1
1 1082763673909 1
1 1082763673910 4
1 1082763673911 1
1 1082763673913 1
1 1082763673914 232
1 1082763673915 1
1 1082763673917 1
1 1082763673918 4
1 1082763673919 1
1 1082763673921 1
1 1082763673922 4
1 1082763673923 220
1 1082763673964 1
1 1082763673965 4
1 1082763673966 1
1 1082763673968 1
1 1082763673969 4
1 1082763673970 1
1 1082763673972 1
1 1082763673973 4
1 1082763673974 1
1 1082763673976 1
1 1082763673977 4
1 1082763673978 1
1 1082763673980 1
1 1082763673981 4
1 1082763673982 1
1 1082763673984 1
1 1082763673985 4
1 1082763673986 1
1 1082763674002 1
1 1082763674003 1
1 1082763674006 1
1 1082763674007 1
1 1082763674010 1
1 1082763674011 1
1 1082763674014 1
1 1082763674015 1
1 1082763674018 1
1 1082763674019 1
1 1082763674061 1
1 1082763674062 4
1 1082763674063 1
1 1082763674065 1
1 1082763674066 4
1 1082763674067 1
1 1082763674069 1
1 1082763674070 69
1 1082763674071 1
1 1082763674073 1
1 1082763674074 4
1 1082763674075 1
1 1082763674077 1
1 1082763674078 4
1 1082763674079 1
1 1082763674081 1
1 1082763674082 4
1 1082763674083 1
1 1082763674124 1
1 1082763674125 4
1 1082763674126 1
1 1082763674128 1
1 1082763674129 4
1 1082763674130 1
1 1082763674132 1
1 1082763674133 4
1 1082763674134 1
1 1082763674136 1
1 1082763674137 4
1 1082763674138 1
1 1082763674140 1
1 1082763674141 171
1 1082763674142 1
1 1082763674144 1
1 1082763674145 4
1 1082763674146 1
1 1082763674188 4
1 1082763674189 1
1 1082763674192 4
1 1082763674193 1
1 1082763674196 9
1 1082763674197 1
1 1082763674200 4
1 1082763674201 1
1 1082763674204 4
1 1082763674205 1
1 1082763674208 4
1 1082763674209 1
1 1082763674238 1
1 1082763674239 1
1 1082763674242 1
1 1082763674243 1
1 1082763674246 1
1 1082763674247 1
1 1082763674250 1
1 1082763674251 1
1 1082763674254 1
1 1082763674255 1
1 1082763674258 1
1 1082763674259 1
1 1082763674301 1
1 1082763674302 4
1 1082763674303 1
1 1082763674305 1
1 1082763674306 4
1 1082763674307 1
1 1082763674309 1
1 1082763674310 4
1 1082763674311 1
1 1082763674313 1
1 1082763674314 4
1 1082763674315 1
1 1082763674317 1
1 1082763674318 4
1 1082763674319 1
1 1082763674321 1
1 1082763674322 4
1 1082763674323 1
1 1082763674364 1
1 1082763674365 4
1 1082763674366 1
1 1082763674368 1
1 1082763674369 4
1 1082763674370 1
1 1082763674372 1
1 1082763674373 4
1 1082763674374 1
1 1082763674376 1
1 1082763674377 4
1 1082763674378 1
1 1082763674380 1
1 1082763674381 4
1 1082763674382 1
1 1082763674384 1
1 1082763674385 4
1 1082763674386 1
1 1082763674402 1
1 1082763674403 1
1 1082763674406 1
1 1082763674407 1
1 1082763674410 1
1 1082763674411 1
1 1082763674414 1
1 1082763674415 1
1 1082763674418 1
1 1082763674419 1
1 1082763674461 1
1 1082763674462 4
1 1082763674463 1
1 1082763674465 1
1 1082763674466 4
1 1082763674467 1
1 1082763674469 1
1 1082763674470 4
1 1082763674471 1
1 1082763674473 1
1 1082763674474 4
1 1082763674475 1
1 1082763674477 1
1 1082763674478 4
1 1082763674479 1
1 1082763674481 1
1 1082763674482 4
1 1082763674483 1
1 1082763674524 1
1 1082763674525 4
1 1082763674526 1
1 1082763674528 1
1 1082763674529 4
1 1082763674530 1
1 1082763674532 1
1 1082763674533 4
1 1082763674534 1
1 1082763674536 1
1 1082763674537 4
1 1082763674538 1
1 1082763674540 1
1 1082763674541 4
1 1082763674542 1
1 1082763674544 1
1 1082763674545 4
1 1082763674546 1
1 1082763674588 4
1 1082763674589 1
1 1082763674592 4
1 1082763674593 1
1 1082763674596 4
1 1082763674597 1
1 1082763674600 4
1 1082763674601 1
1 1082763674604 4
1 1082763674605 1
1 1082763674608 4
1 1082763674609 1
1 1082763674638 1
1 1082763674639 1
1 1082763674642 1
1 1082763674643 1
1 1082763674646 1
1 1082763674647 1
1 1082763674650 1
1 1082763674651 1
1 1082763674654 1
1 1082763674655 1
1 1082763674658 1
1 1082763674659 1
1 1082763674701 1
1 1082763674702 4
1 1082763674703 1
1 1082763674705 1
1 1082763674706 4
1 1082763674707 1
1 1082763674709 1
1 1082763674710 4
1 1082763674711 1
1 1082763674713 1
1 1082763674714 4
1 1082763674715 1
1 1082763674717 1
1 1082763674718 4
1 1082763674719 1
1 1082763674721 1
1 1082763674722 4
1 1082763674723 1
1 1082763674764 1
1 1082763674765 4
1 1082763674766 1
1 1082763674768 1
1 1082763674769 4
1 1082763674770 1
1 1082763674772 1
1 1082763674773 4
1 1082763674774 1
1 1082763674776 1
1 1082763674777 4
1 1082763674778 1
1 1082763674780 1
1 1082763674781 4
1 1082763674782 1
1 1082763674784 1
1 1082763674785 4
1 1082763674786 1
1 1082763674802 1
1 1082763674803 1
1 1082763674806 1
1 1082763674807 1
1 1082763674810 1
1 1082763674811 1
1 1082763674814 1
1 1082763674815 1
1 1082763674818 1
1 1082763674819 1
1 1082763674861 1
1 1082763674862 4
1 1082763674863 1
1 1082763674865 1
1 1082763674866 4
1 1082763674867 1
1 1082763674869 1
1 1082763674870 4
1 1082763674871 1
1 1082763674873 1
1 1082763674874 4
1 1082763674875 1
1 1082763674877 1
1 1082763674878 4
1 1082763674879 1
1 1082763674881 1
1 1082763674882 4
1 1082763674883 1
1 1082763674924 1
1 1082763674925 4
1 1082763674926 1
1 1082763674928 1
1 1082763674929 4
1 1082763674930 1
1 1082763674932 1
1 1082763674933 4
1 1082763674934 1
1 1082763674936 1
1 1082763674937 4
1 1082763674938 1
1 1082763674940 1
1 1082763674941 4
1 1082763674942 1
1 1082763674944 1
1 1082763674945 4
1 1082763674946 1
1 1082763674988 4
1 1082763674989 1
1 1082763674992 4
1 1082763674993 1
1 1082763674996 4
1 1082763674997 1
1 1082763675000 4
1 1082763675001 1
1 1082763675004 4
1 1082763675005 1
1 1082763675008 4
1 1082763675009 1
1 1082763675038 1
1 1082763675039 1
1 1082763675042 1
1 1082763675043 1
1 1082763675046 1
1 1082763675047 1
1 1082763675050 1
1 1082763675051 1
1 1082763675054 1
1 1082763675055 1
1 1082763675058 1
1 1082763675059 1
1 1082763675101 1
1 1082763675102 4
1 1082763675103 1
1 1082763675105 1
1 1082763675106 4
1 1082763675107 1
1 1082763675109 1
1 1082763675110 4
1 1082763675111 1
1 1082763675113 1
1 1082763675114 4
1 1082763675115 1
1 1082763675117 1
1 1082763675118 4
1 1082763675119 1
1 1082763675121 1
1 1082763675122 4
1 1082763675123 1
1 1082763675164 1
1 1082763675165 4
1 1082763675166 1
1 1082763675168 1
1 1082763675169 4
1 1082763675170 1
1 1082763675172 1
1 1082763675173 4
1 1082763675174 1
1 1082763675176 1
1 1082763675177 4
1 1082763675178 1
1 1082763675180 1
1 1082763675181 4
1 1082763675182 1
1 1082763675184 1
1 1082763675185 4
1 1082763675186 1
1 1082763675202 1
1 1082763675203 1
1 1082763675206 1
1 1082763675207 1
1 1082763675210 1
1 1082763675211 1
1 1082763675214 1
1 1082763675215 1
1 1082763675218 1
1 1082763675219 1
1 1082763675261 1
1 1082763675262 4
1 1082763675263 1
1 1082763675265 1
1 1082763675266 4
1 1082763675267 1
1 1082763675269 1
1 1082763675270 4
1 1082763675271 1
1 1082763675273 1
1 1082763675274 4
1 1082763675275 1
1 1082763675277 1
1 1082763675278 4
1 1082763675279 1
1 1082763675281 1
1 1082763675282 4
1 1082763675283 1
1 1082763675324 1
1 1082763675325 4
1 1082763675326 1
1 1082763675328 1
1 1082763675329 4
1 1082763675330 1
1 1082763675332 1
1 1082763675333 4
1 1082763675334 1
1 1082763675336 1
1 1082763675337 4
1 1082763675338 1
1 1082763675340 1
1 1082763675341 4
1 1082763675342 1
1 1082763675344 1
1 1082763675345 4
1 1082763675346 1
1 1082763675388 4
1 1082763675389 1
1 1082763675392 4
1 1082763675393 1
1 1082763675396 4
1 1082763675397 1
1 1082763675400 4
1 1082763675401 1
1 1082763675404 4
1 1082763675405 1
1 1082763675408 4
1 1082763675409 1
1 1082763675438 1
1 1082763675439 1
1 1082763675442 1
1 1082763675443 1
1 1082763675446 1
1 1082763675447 1
1 1082763675450 1
1 1082763675451 1
1 1082763675454 1
1 1082763675455 1
1 1082763675458 1
1 1082763675459 1
1 1082763675501 1
1 1082763675502 4
1 1082763675503 1
1 1082763675505 1
1 1082763675506 4
1 1082763675507 1
1 1082763675509 1
1 1082763675510 4
1 1082763675511 1
1 1082763675513 1
1 1082763675514 4
1 1082763675515 1
1 1082763675517 1
1 1082763675518 4
1 1082763675519 1
1 1082763675521 1
1 1082763675522 4
1 1082763675523 1
1 1082763675564 1
1 1082763675565 4
1 1082763675566 1
1 1082763675568 1
1 1082763675569 4
1 1082763675570 1
1 1082763675572 1
1 1082763675573 4
1 1082763675574 1
1 1082763675576 1
1 1082763675577 4
1 1082763675578 1
1 1082763675580 1
1 1082763675581 4
1 1082763675582 1
1 1082763675584 1
1 1082763675585 4
1 1082763675586 1
1 1082763675602 1
1 1082763675603 1
1 1082763675606 1
1 1082763675607 1
1 1082763675610 1
1 1082763675611 1
1 1082763675614 1
1 1082763675615 1
1 1082763675618 1
1 1082763675619 1
1 1082763675661 1
1 1082763675662 4
1 1082763675663 1
1 1082763675665 1
1 1082763675666 4
1 1082763675667 1
1 1082763675669 1
1 1082763675670 4
1 1082763675671 1
1 1082763675673 1
1 1082763675674 4
1 1082763675675 1
1 1082763675677 1
1 1082763675678 4
1 1082763675679 1
1 1082763675681 1
1 1082763675682 4
1 1082763675683 1
1 1082763675724 1
1 1082763675725 4
1 1082763675726 1
1 1082763675728 1
1 1082763675729 4
1 1082763675730 1
1 1082763675732 1
1 1082763675733 4
1 1082763675734 1
1 1082763675736 1
1 1082763675737 4
1 1082763675738 1
1 1082763675740 1
1 1082763675741 4
1 1082763675742 1
1 1082763675744 1
1 1082763675745 4
1 1082763675746 1
1 1082763675788 4
1 1082763675789 1
1 1082763675792 4
1 1082763675793 1
1 1082763675796 4
1 1082763675797 1
1 1082763675800 4
1 1082763675801 1
1 1082763675804 4
1 1082763675805 1
1 1082763675808 4
1 1082763675809 1
1 1082763675838 1
1 1082763675839 1
1 1082763675842 1
1 1082763675843 1
1 1082763675846 1
1 1082763675847 1
1 1082763675850 1
1 1082763675851 1
1 1082763675854 1
1 1082763675855 1
1 1082763675858 1
1 1082763675859 1
1 1082763675901 1
1 1082763675902 4
1 1082763675903 1
1 1082763675905 1
1 1082763675906 4
1 1082763675907 1
1 1082763675909 1
1 1082763675910 4
1 1082763675911 1
1 1082763675913 1
1 1082763675914 4
1 1082763675915 1
1 1082763675917 1
1 1082763675918 4
1 1082763675919 1
1 1082763675921 1
1 1082763675922 4
1 1082763675923 1
1 1082763675964 1
1 1082763675965 4
1 1082763675966 1
1 1082763675968 1
1 1082763675969 4
1 1082763675970 1
1 1082763675972 1
1 1082763675973 4
1 1082763675974 1
1 1082763675976 1
1 1082763675977 4
1 1082763675978 1
1 1082763675980 1
1 1082763675981 4
1 1082763675982 1
1 1082763675984 1
1 1082763675985 4
1 1082763675986 1
1 1082763676002 1
1 1082763676003 1
1 1082763676006 1
1 1082763676007 1
1 1082763676010 1
1 1082763676011 1
1 1082763676014 1
1 1082763676015 1
1 1082763676018 1
1 1082763676019 1
1 1082763676061 1
1 1082763676062 4
1 1082763676063 1
1 1082763676065 1
1 1082763676066 4
1 1082763676067 1
1 1082763676069 1
1 1082763676070 4
1 1082763676071 1
1 1082763676073 1
1 1082763676074 4
1 1082763676075 1
1 1082763676077 1
1 1082763676078 4
1 1082763676079 1
1 1082763676081 1
1 1082763676082 4
1 1082763676083 1
1 1082763676124 1
1 1082763676125 4
1 1082763676126 1
1 1082763676128 1
1 1082763676129 4
1 1082763676130 1
1 1082763676132 1
1 1082763676133 4
1 1082763676134 1
1 1082763676136 1
1 1082763676137 4
1 1082763676138 1
1 1082763676140 1
1 1082763676141 4
1 1082763676142 1
1 1082763676144 1
1 1082763676145 4
1 1082763676146 1
1 1082763676188 4
1 1082763676189 1
1 1082763676192 4
1 1082763676193 1
1 1082763676196 4
1 1082763676197 1
1 1082763676200 4
1 1082763676201 1
1 1082763676204 4
1 1082763676205 1
1 1082763676208 4
1 1082763676209 1
1 1082763676238 1
1 1082763676239 1
1 1082763676242 1
1 1082763676243 1
1 1082763676246 1
1 1082763676247 1
1 1082763676250 1
1 1082763676251 1
1 1082763676254 1
1 1082763676255 1
1 1082763676258 1
1 1082763676259 1
1 1082763676301 1
1 1082763676302 4
1 1082763676303 1
1 1082763676305 1
1 1082763676306 4
1 1082763676307 1
1 1082763676309 1
1 1082763676310 4
1 1082763676311 1
1 1082763676313 1
1 1082763676314 4
1 1082763676315 1
1 1082763676317 1
1 1082763676318 4
1 1082763676319 1
1 1082763676321 1
1 1082763676322 4
1 1082763676323 1
1 1082763676364 1
1 1082763676365 4
1 1082763676366 1
1 1082763676368 1
1 1082763676369 4
1 1082763676370 1
1 1082763676372 1
1 1082763676373 4
1 1082763676374 1
1 1082763676376 1
1 1082763676377 4
1 1082763676378 1
1 1082763676380 1
1 1082763676381 4
1 1082763676382 1
1 1082763676384 1
1 1082763676385 4
1 1082763676386 1
1 1082763676402 1
1 1082763676403 1
1 1082763676406 1
1 1082763676407 1
1 1082763676410 1
1 1082763676411 1
1 1082763676414 1
1 1082763676415 1
1 1082763676418 1
1 1082763676419 1
1 1082763676461 1
1 1082763676462 4
1 1082763676463 1
1 1082763676465 1
1 1082763676466 4
1 1082763676467 1
1 1082763676469 1
1 1082763676470 4
1 1082763676471 1
1 1082763676473 1
1 1082763676474 4
1 1082763676475 1
1 1082763676477 1
1 1082763676478 4
1 1082763676479 1
1 1082763676481 1
1 1082763676482 4
1 1082763676483 1
1 1082763676524 1
1 1082763676525 4
1 1082763676526 1
1 1082763676528 1
1 1082763676529 4
1 1082763676530 1
1 1082763676532 1
1 1082763676533 4
1 1082763676534 1
1 1082763676536 1
1 1082763676537 4
1 1082763676538 1
1 1082763676540 1
1 1082763676541 4
1 1082763676542 1
1 1082763676544 1
1 1082763676545 4
1 1082763676546 1
1 1082763676588 4
1 1082763676589 1
1 1082763676592 4
1 1082763676593 1
1 1082763676596 4
1 1082763676597 1
1 1082763676600 4
1 1082763676601 1
1 1082763676604 4
1 1082763676605 1
1 1082763676608 4
1 1082763676609 1
1 1082763676638 1
1 1082763676639 1
1 1082763676642 1
1 1082763676643 1
1 1082763676646 1
1 1082763676647 1
1 1082763676650 1
1 1082763676651 1
1 1082763676654 1
1 1082763676655 1
1 1082763676658 1
1 1082763676659 1
1 1082763676701 1
1 1082763676702 4
1 1082763676703 1
1 1082763676705 1
1 1082763676706 4
1 1082763676707 1
1 1082763676709 1
1 1082763676710 4
1 1082763676711 1
1 1082763676713 1
1 1082763676714 4
1 1082763676715 1
1 1082763676717 1
1 1082763676718 4
1 1082763676719 1
1 1082763676721 1
1 1082763676722 4
1 1082763676723 1
1 1082763676764 1
1 1082763676765 4
1 1082763676766 1
1 1082763676768 1
1 1082763676769 4
1 1082763676770 1
1 1082763676772 1
1 1082763676773 4
1 1082763676774 1
1 1082763676776 1
1 1082763676777 4
1 1082763676778 1
1 1082763676780 1
1 1082763676781 4
1 1082763676782 1
1 1082763676784 1
1 1082763676785 4
1 1082763676786 1
1 1082763676802 1
1 1082763676803 1
1 1082763676806 1
1 1082763676807 1
1 1082763676810 1
1 1082763676811 1
1 1082763676814 1
1 1082763676815 1
1 1082763676818 1
1 1082763676819 1
1 1082763676861 1
1 1082763676862 4
1 1082763676863 1
1 1082763676865 1
1 1082763676866 4
1 1082763676867 1
1 1082763676869 1
1 1082763676870 4
1 1082763676871 1
1 1082763676873 1
1 1082763676874 4
1 1082763676875 1
1 1082763676877 1
1 1082763676878 4
1 1082763676879 1
1 1082763676881 1
1 1082763676882 4
1 1082763676883 1
1 1082763676924 1
1 1082763676925 4
1 1082763676926 1
1 1082763676928 1
1 1082763676929 4
1 1082763676930 1
1 1082763676932 1
1 1082763676933 4
1 1082763676934 1
1 1082763676936 1
1 1082763676937 4
1 1082763676938 1
1 1082763676940 1
1 1082763676941 4
1 1082763676942 1
1 1082763676944 1
1 1082763676945 4
1 1082763676946 1
1 1082763676988 4
1 1082763676989 1
1 1082763676992 4
1 1082763676993 1
1 1082763676996 4
1 1082763676997 1
1 1082763677000 4
1 1082763677001 1
1 1082763677004 4
1 1082763677005 1
1 1082763677008 4
1 1082763677009 1
1 1082763677038 1
1 1082763677039 1
1 1082763677042 1
1 1082763677043 1
1 1082763677046 1
1 1082763677047 1
1 1082763677050 1
1 1082763677051 1
1 1082763677054 1
1 1082763677055 1
1 1082763677058 1
1 1082763677059 1
1 1082763677101 1
1 1082763677102 4
1 1082763677103 1
1 1082763677105 1
1 1082763677106 4
1 1082763677107 1
1 1082763677109 1
1 1082763677110 4
1 1082763677111 1
1 1082763677113 1
1 1082763677114 4
1 1082763677115 1
1 1082763677117 1
1 1082763677118 4
1 1082763677119 1
1 1082763677121 1
1 1082763677122 4
1 1082763677123 1
1 1082763677164 1
1 1082763677165 4
1 1082763677166 1
1 1082763677168 1
1 1082763677169 4
1 1082763677170 1
1 1082763677172 1
1 1082763677173 4
1 1082763677174 1
1 1082763677176 1
1 1082763677177 4
1 1082763677178 1
1 1082763677180 1
1 1082763677181 4
1 1082763677182 1
1 1082763677184 1
1 1082763677185 4
1 1082763677186 1
1 1082763677202 1
1 1082763677203 1
1 1082763677206 1
1 1082763677207 1
1 1082763677210 1
1 1082763677211 1
1 1082763677214 1
1 1082763677215 1
1 1082763677218 1
1 1082763677219 1
1 1082763677261 1
1 1082763677262 4
1 1082763677263 1
1 1082763677265 1
1 1082763677266 4
1 1082763677267 1
1 1082763677269 1
1 1082763677270 4
1 1082763677271 1
1 1082763677273 1
1 1082763677274 4
1 1082763677275 1
1 1082763677277 1
1 1082763677278 4
1 1082763677279 1
1 1082763677281 1
1 1082763677282 4
1 1082763677283 1
1 1082763677324 1
1 1082763677325 4
1 1082763677326 1
1 1082763677328 1
1 1082763677329 4
1 1082763677330 1
1 1082763677332 1
1 1082763677333 4
1 1082763677334 1
1 1082763677336 1
1 1082763677337 4
1 1082763677338 1
1 1082763677340 1
1 1082763677341 4
1 1082763677342 1
1 1082763677344 1
1 1082763677345 4
1 1082763677346 1
1 1082763677388 4
1 1082763677389 1
1 1082763677392 4
1 1082763677393 1
1 1082763677396 4
1 1082763677397 1
1 1082763677400 4
1 1082763677401 1
1 1082763677404 4
1 1082763677405 1
1 1082763677408 4
1 1082763677409 1
1 1082763677438 1
1 1082763677439 1
1 1082763677442 1
1 1082763677443 1
1 1082763677446 1
1 1082763677447 1
1 1082763677450 1
1 1082763677451 1
1 1082763677454 1
1 1082763677455 1
1 1082763677458 1
1 1082763677459 1
1 1082763677501 1
1 1082763677502 4
1 1082763677503 1
1 1082763677505 1
1 1082763677506 4
1 1082763677507 1
1 1082763677509 1
1 1082763677510 4
1 1082763677511 1
1 1082763677513 1
1 1082763677514 4
1 1082763677515 1
1 1082763677517 1
1 1082763677518 4
1 1082763677519 1
1 1082763677521 1
1 1082763677522 4
1 1082763677523 1
1 1082763677564 1
1 1082763677565 4
1 1082763677566 1
1 1082763677568 1
1 1082763677569 4
1 1082763677570 1
1 1082763677572 1
1 1082763677573 4
1 1082763677574 1
1 1082763677576 1
1 1082763677577 4
1 1082763677578 1
1 1082763677580 1
1 1082763677581 4
1 1082763677582 1
1 1082763677584 1
1 1082763677585 4
1 1082763677586 1
1 1082763677602 1
1 1082763677603 1
1 1082763677606 1
1 1082763677607 1
1 1082763677610 1
1 1082763677611 1
1 1082763677614 1
1 1082763677615 1
1 1082763677618 1
1 1082763677619 1
1 1082763677661 1
1 1082763677662 4
1 1082763677663 1
1 1082763677665 1
1 1082763677666 4
1 1082763677667 1
1 1082763677669 1
1 1082763677670 4
1 1082763677671 1
1 1082763677673 1
1 1082763677674 4
1 1082763677675 1
1 1082763677677 1
1 1082763677678 4
1 1082763677679 1
1 1082763677681 1
1 1082763677682 4
1 1082763677683 1
1 1082763677724 1
1 1082763677725 4
1 1082763677726 1
1 1082763677728 1
1 1082763677729 4
1 1082763677730 1
1 1082763677732 1
1 1082763677733 4
1 1082763677734 1
1 1082763677736 1
1 1082763677737 4
1 1082763677738 1
1 1082763677740 1
1 1082763677741 4
1 1082763677742 1
1 1082763677744 1
1 1082763677745 4
1 1082763677746 1
1 1082763677788 4
1 1082763677789 1
1 1082763677792 4
1 1082763677793 1
1 1082763677796 4
1 1082763677797 1
1 1082763677800 4
1 1082763677801 1
1 1082763677804 4
1 1082763677805 1
1 1082763677808 4
1 1082763677809 1
1 1082763677838 1
1 1082763677839 1
1 1082763677842 1
1 1082763677843 1
1 1082763677846 1
1 1082763677847 1
1 1082763677850 1
1 1082763677851 1
1 1082763677854 1
1 1082763677855 1
1 1082763677858 1
1 1082763677859 1
1 1082763677901 1
1 1082763677902 4
1 1082763677903 1
1 1082763677905 1
1 1082763677906 4
1 1082763677907 1
1 1082763677909 1
1 1082763677910 4
1 1082763677911 1
1 1082763677913 1
1 1082763677914 4
1 1082763677915 1
1 1082763677917 1
1 1082763677918 4
1 1082763677919 1
1 1082763677921 1
1 1082763677922 4
1 1082763677923 1
1 1082763677964 1
1 1082763677965 4
1 1082763677966 1
1 1082763677968 1
1 1082763677969 4
1 1082763677970 1
1 1082763677972 1
1 1082763677973 4
1 1082763677974 1
1 1082763677976 1
1 1082763677977 4
1 1082763677978 1
1 1082763677980 1
1 1082763677981 4
1 1082763677982 1
1 1082763677984 1
1 1082763677985 4
1 1082763677986 1
1 1082763678002 1
1 1082763678003 1
1 1082763678006 1
1 1082763678007 1
1 1082763678010 1
1 1082763678011 1
1 1082763678014 1
1 1082763678015 1
1 1082763678018 1
1 1082763678019 1
1 1082763678061 1
1 1082763678062 4
1 1082763678063 1
1 1082763678065 1
1 1082763678066 4
1 1082763678067 1
1 1082763678069 1
1 1082763678070 4
1 1082763678071 1
1 1082763678073 1
1 1082763678074 4
1 1082763678075 1
1 1082763678077 1
1 1082763678078 4
1 1082763678079 1
1 1082763678081 1
1 1082763678082 4
1 1082763678083 1
1 1082763678124 1
1 1082763678125 4
1 1082763678126 1
1 1082763678128 1
1 1082763678129 4
1 1082763678130 1
1 1082763678132 1
1 1082763678133 4
1 1082763678134 1
1 1082763678136 1
1 1082763678137 4
1 1082763678138 1
1 1082763678140 1
1 1082763678141 4
1 1082763678142 1
1 1082763678144 1
1 1082763678145 4
1 1082763678146 1
1 1082763678188 4
1 1082763678189 1
1 1082763678192 4
1 1082763678193 1
1 1082763678196 4
1 1082763678197 1
1 1082763678200 4
1 1082763678201 1
1 1082763678204 4
1 1082763678205 1
1 1082763678208 4
1 1082763678209 1
1 1082763678238 1
1 1082763678239 1
1 1082763678242 1
1 1082763678243 1
1 1082763678246 1
1 1082763678247 1
1 1082763678250 1
1 1082763678251 1
1 1082763678254 1
1 1082763678255 1
1 1082763678258 1
1 1082763678259 1
1 1082763678301 1
1 1082763678302 4
1 1082763678303 1
1 1082763678305 1
1 1082763678306 4
1 1082763678307 1
1 1082763678309 1
1 1082763678310 4
1 1082763678311 1
1 1082763678313 1
1 1082763678314 4
1 1082763678315 1
1 1082763678317 1
1 1082763678318 4
1 1082763678319 1
1 1082763678321 1
1 1082763678322 4
1 1082763678323 1
1 1082763678364 1
1 1082763678365 4
1 1082763678366 1
1 1082763678368 1
1 1082763678369 4
1 1082763678370 1
1 1082763678372 1
1 1082763678373 4
1 1082763678374 1
1 1082763678376 1
1 1082763678377 4
1 1082763678378 1
1 1082763678380 1
1 1082763678381 4
1 1082763678382 1
1 1082763678384 1
1 1082763678385 4
1 1082763678386 1
1 1082763678402 1
1 1082763678403 1
1 1082763678406 1
1 1082763678407 1
1 1082763678410 1
1 1082763678411 1
1 1082763678414 1
1 1082763678415 1
1 1082763678418 1
1 1082763678419 1
1 1082763678461 1
1 1082763678462 4
1 1082763678463 1
1 1082763678465 1
1 1082763678466 4
1 1082763678467 1
1 1082763678469 1
1 1082763678470 4
1 1082763678471 1
1 1082763678473 1
1 1082763678474 4
1 1082763678475 1
1 1082763678477 1
1 1082763678478 4
1 1082763678479 1
1 1082763678481 1
1 1082763678482 4
1 1082763678483 1
1 1082763678524 1
1 1082763678525 4
1 1082763678526 1
1 1082763678528 1
1 1082763678529 4
1 1082763678530 1
1 1082763678532 1
1 1082763678533 4
1 1082763678534 1
1 1082763678536 1
1 1082763678537 4
1 1082763678538 1
1 1082763678540 1
1 1082763678541 4
1 1082763678542 1
1 1082763678544 1
1 1082763678545 4
1 1082763678546 1
1 1082763678588 4
1 1082763678589 1
1 1082763678592 4
1 1082763678593 1
1 1082763678596 4
1 1082763678597 1
1 1082763678600 4
1 1082763678601 1
1 1082763678604 4
1 1082763678605 1
1 1082763678608 4
1 1082763678609 1
1 1082763678638 1
1 1082763678639 1
1 1082763678642 1
1 1082763678643 1
1 1082763678646 1
1 1082763678647 1
1 1082763678650 1
1 1082763678651 1
1 1082763678654 1
1 1082763678655 1
1 1082763678658 1
1 1082763678659 1
1 1082763678701 1
1 1082763678702 4
1 1082763678703 1
1 1082763678705 1
1 1082763678706 4
1 1082763678707 1
1 1082763678709 1
1 1082763678710 4
1 1082763678711 1
1 1082763678713 1
1 1082763678714 4
1 1082763678715 1
1 1082763678717 1
1 1082763678718 4
1 1082763678719 1
1 1082763678721 1
1 1082763678722 4
1 1082763678723 1
1 1082763678764 1
1 1082763678765 4
1 1082763678766 1
1 1082763678768 1
1 1082763678769 4
1 1082763678770 1
1 1082763678772 1
1 1082763678773 4
1 1082763678774 1
1 1082763678776 1
1 1082763678777 4
1 1082763678778 1
1 1082763678780 1
1 1082763678781 4
1 1082763678782 1
1 1082763678784 1
1 1082763678785 4
1 1082763678786 1
1 1082763678802 1
1 1082763678803 1
1 1082763678806 1
1 1082763678807 1
1 1082763678810 1
1 1082763678811 1
1 1082763678814 1
1 1082763678815 1
1 1082763678818 1
1 1082763678819 1
1 1082763678861 1
1 1082763678862 4
1 1082763678863 1
1 1082763678865 1
1 1082763678866 4
1 1082763678867 1
1 1082763678869 1
1 1082763678870 4
1 1082763678871 1
1 1082763678873 1
1 1082763678874 4
1 1082763678875 1
1 1082763678877 1
1 1082763678878 4
1 1082763678879 1
1 1082763678881 1
1 1082763678882 4
1 1082763678883 1
1 1082763678924 1
1 1082763678925 4
1 1082763678926 1
1 1082763678928 1
1 1082763678929 4
1 1082763678930 1
1 1082763678932 1
1 1082763678933 4
1 1082763678934 1
1 1082763678936 1
1 1082763678937 4
1 1082763678938 1
1 1082763678940 1
1 1082763678941 4
1 1082763678942 1
1 1082763678944 1
1 1082763678945 4
1 1082763678946 1
1 1082763678988 4
1 1082763678989 1
1 1082763678992 4
1 1082763678993 1
1 1082763678996 4
1 1082763678997 1
1 1082763679000 4
1 1082763679001 1
1 1082763679004 4
1 1082763679005 1
1 1082763679008 4
1 1082763679009 1
1 1082763679038 1
1 1082763679039 1
1 1082763679042 1
1 1082763679043 1
1 1082763679046 1
1 1082763679047 1
1 1082763679050 1
1 1082763679051 1
1 1082763679054 1
1 1082763679055 1
1 1082763679058 1
1 1082763679059 1
1 1082763679101 1
1 1082763679102 4
1 1082763679103 1
1 1082763679105 1
1 1082763679106 4
1 1082763679107 1
1 1082763679109 1
1 1082763679110 4
1 1082763679111 1
1 1082763679113 1
1 1082763679114 4
1 1082763679115 1
1 1082763679117 1
1 1082763679118 4
1 1082763679119 1
1 1082763679121 1
1 1082763679122 4
1 1082763679123 1
1 1082763679164 1
1 1082763679165 4
1 1082763679166 1
1 1082763679168 1
1 1082763679169 4
1 1082763679170 1
1 1082763679172 1
1 1082763679173 4
1 1082763679174 1
1 1082763679176 1
1 1082763679177 4
1 1082763679178 1
1 1082763679180 1
1 1082763679181 4
1 1082763679182 1
1 1082763679184 1
1 1082763679185 4
1 1082763679186 1
1 1082763679202 1
1 1082763679203 1
1 1082763679206 1
1 1082763679207 1
1 1082763679210 1
1 1082763679211 1
1 1082763679214 1
1 1082763679215 1
1 1082763679218 1
1 1082763679219 1
1 1082763679261 1
1 1082763679262 4
1 1082763679263 1
1 1082763679265 1
1 1082763679266 4
1 1082763679267 1
1 1082763679269 1
1 1082763679270 4
1 1082763679271 1
1 1082763679273 1
1 1082763679274 4
1 1082763679275 1
1 1082763679277 1
1 1082763679278 4
1 1082763679279 1
1 1082763679281 1
1 1082763679282 4
1 1082763679283 1
1 1082763679324 1
1 1082763679325 4
1 1082763679326 1
1 1082763679328 1
1 1082763679329 4
1 1082763679330 1
1 1082763679332 1
1 1082763679333 4
1 1082763679334 1
1 1082763679336 1
1 1082763679337 4
1 1082763679338 1
1 1082763679340 1
1 1082763679341 4
1 1082763679342 1
1 1082763679344 1
1 1082763679345 4
1 1082763679346 1
1 1082763679388 4
1 1082763679389 1
1 1082763679392 4
1 1082763679393 1
1 1082763679396 4
1 1082763679397 1
1 1082763679400 4
1 1082763679401 1
1 1082763679404 4
1 1082763679405 1
1 1082763679408 4
1 1082763679409 1
1 1082763679438 1
1 1082763679439 1
1 1082763679442 1
1 1082763679443 1
1 1082763679446 1
1 1082763679447 1
1 1082763679450 1
1 1082763679451 1
1 1082763679454 1
1 1082763679455 1
1 1082763679458 1
1 1082763679459 1
1 1082763679501 1
1 1082763679502 4
1 1082763679503 1
1 1082763679505 1
1 1082763679506 4
1 1082763679507 1
1 1082763679509 1
1 1082763679510 4
1 1082763679511 1
1 1082763679513 1
1 1082763679514 4
1 1082763679515 1
1 1082763679517 1
1 1082763679518 4
1 1082763679519 1
1 1082763679521 1
1 1082763679522 4
1 1082763679523 1
1 1082763679564 1
1 1082763679565 4
1 1082763679566 1
1 1082763679568 1
1 1082763679569 4
1 1082763679570 1
1 1082763679572 1
1 1082763679573 4
1 1082763679574 1
1 1082763679576 1
1 1082763679577 4
1 1082763679578 1
1 1082763679580 1
1 1082763679581 4
1 1082763679582 1
1 1082763679584 1
1 1082763679585 4
1 1082763679586 1
1 1082763679602 1
1 1082763679603 1
1 1082763679606 1
1 1082763679607 1
1 1082763679610 1
1 1082763679611 1
1 1082763679614 1
1 1082763679615 1
1 1082763679618 1
1 1082763679619 1
1 1082763679661 1
1 1082763679662 4
1 1082763679663 1
1 1082763679665 1
1 1082763679666 4
1 1082763679667 1
1 1082763679669 1
1 1082763679670 4
1 1082763679671 1
1 1082763679673 1
1 1082763679674 4
1 1082763679675 1
1 1082763679677 1
1 1082763679678 4
1 1082763679679 1
1 1082763679681 1
1 1082763679682 4
1 1082763679683 1
1 1082763679724 1
1 1082763679725 4
1 1082763679726 1
1 1082763679728 1
1 1082763679729 4
1 1082763679730 1
1 1082763679732 1
1 1082763679733 4
1 1082763679734 1
1 1082763679736 1
1 1082763679737 4
1 1082763679738 1
1 1082763679740 1
1 1082763679741 4
1 1082763679742 1
1 1082763679744 1
1 1082763679745 4
1 1082763679746 1
1 1082763679788 4
1 1082763679789 1
1 1082763679792 4
1 1082763679793 1
1 1082763679796 4
1 1082763679797 1
1 1082763679800 4
1 1082763679801 1
1 1082763679804 4
1 1082763679805 1
1 1082763679808 4
1 1082763679809 1
1 1082763679838 1
1 1082763679839 1
1 1082763679842 1
1 1082763679843 1
1 1082763679846 1
1 1082763679847 1
1 1082763679850 1
1 1082763679851 1
1 1082763679854 1
1 1082763679855 1
1 1082763679858 1
1 1082763679859 1
1 1082763679901 1
1 1082763679902 4
1 1082763679903 1
1 1082763679905 1
1 1082763679906 4
1 1082763679907 1
1 1082763679909 1
1 1082763679910 4
1 1082763679911 1
1 1082763679913 1
1 1082763679914 4
1 1082763679915 1
1 1082763679917 1
1 1082763679918 4
1 1082763679919 1
1 1082763679921 1
1 1082763679922 4
1 1082763679923 1
1 1082763679964 1
1 1082763679965 4
1 1082763679966 1
1 1082763679968 1
1 1082763679969 4
1 1082763679970 1
1 1082763679972 1
1 1082763679973 4
1 1082763679974 1
1 1082763679976 1
1 1082763679977 4
1 1082763679978 1
1 1082763679980 1
1 1082763679981 4
1 1082763679982 1
1 1082763679984 1
1 1082763679985 4
1 1082763679986 1
1 1082763680002 1
1 1082763680003 1
1 1082763680006 1
1 1082763680007 1
1 1082763680010 1
1 1082763680011 1
1 1082763680014 1
1 1082763680015 1
1 1082763680018 1
1 1082763680019 1
1 1082763680061 1
1 1082763680062 4
1 1082763680063 1
1 1082763680065 1
1 1082763680066 4
1 1082763680067 1
1 1082763680069 1
1 1082763680070 4
1 1082763680071 1
1 1082763680073 1
1 1082763680074 4
1 1082763680075 1
1 1082763680077 1
1 1082763680078 4
1 1082763680079 1
1 1082763680081 1
1 1082763680082 4
1 1082763680083 1
1 1082763680124 1
1 1082763680125 4
1 1082763680126 1
1 1082763680128 1
1 1082763680129 4
1 1082763680130 1
1 1082763680132 1
1 1082763680133 4
1 1082763680134 1
1 1082763680136 1
1 1082763680137 4
1 1082763680138 1
1 1082763680140 1
1 1082763680141 4
1 1082763680142 1
1 1082763680144 1
1 1082763680145 4
1 1082763680146 1
1 1082763680188 4
1 1082763680189 1
1 1082763680192 4
1 1082763680193 1
1 1082763680196 4
1 1082763680197 1
1 1082763680200 4
1 1082763680201 1
1 1082763680204 4
1 1082763680205 1
1 1082763680208 4
1 1082763680209 1
1 1082763680238 1
1 1082763680239 1
1 1082763680242 1
1 1082763680243 1
1 1082763680246 1
1 1082763680247 1
1 1082763680250 1
1 1082763680251 1
1 1082763680254 1
1 1082763680255 1
1 1082763680258 1
1 1082763680259 1
1 1082763680301 1
1 1082763680302 4
1 1082763680303 1
1 1082763680305 1
1 1082763680306 4
1 1082763680307 1
1 1082763680309 1
1 1082763680310 4
1 1082763680311 1
1 1082763680313 1
1 1082763680314 4
1 1082763680315 1
1 1082763680317 1
1 1082763680318 4
1 1082763680319 1
1 1082763680321 1
1 1082763680322 4
1 1082763680323 1
1 1082763680364 1
1 1082763680365 4
1 1082763680366 1
1 1082763680368 1
1 1082763680369 4
1 1082763680370 1
1 1082763680372 1
1 1082763680373 4
1 1082763680374 1
1 1082763680376 1
1 1082763680377 4
1 1082763680378 1
1 1082763680380 1
1 1082763680381 4
1 1082763680382 1
1 1082763680384 1
1 1082763680385 4
1 1082763680386 1
1 1082763680402 1
1 1082763680403 1
1 1082763680406 1
1 1082763680407 1
1 1082763680410 1
1 1082763680411 1
1 1082763680414 1
1 1082763680415 1
1 1082763680418 1
1 1082763680419 1
1 1082763680461 1
1 1082763680462 4
1 1082763680463 1
1 1082763680465 1
1 1082763680466 4
1 1082763680467 1
1 1082763680469 1
1 1082763680470 4
1 1082763680471 1
1 1082763680473 1
1 1082763680474 4
1 1082763680475 1
1 1082763680477 1
1 1082763680478 4
1 1082763680479 1
1 1082763680481 1
1 1082763680482 4
1 1082763680483 1
1 1082763680524 1
1 1082763680525 4
1 1082763680526 1
1 1082763680528 1
1 1082763680529 4
1 1082763680530 1
1 1082763680532 1
1 1082763680533 4
1 1082763680534 1
1 1082763680536 1
1 1082763680537 4
1 1082763680538 1
1 1082763680540 1
1 1082763680541 4
1 1082763680542 1
1 1082763680544 1
1 1082763680545 4
1 1082763680546 1
1 1082763680588 4
1 1082763680589 1
1 1082763680592 4
1 1082763680593 1
1 1082763680596 4
1 1082763680597 1
1 1082763680600 4
1 1082763680601 1
1 1082763680604 4
1 1082763680605 1
1 1082763680608 4
1 1082763680609 1
1 1082763680638 1
1 1082763680639 1
1 1082763680642 1
1 1082763680643 1
1 1082763680646 1
1 1082763680647 1
1 1082763680650 1
1 1082763680651 1
1 1082763680654 1
1 1082763680655 1
1 1082763680658 1
1 1082763680659 1
1 1082763680701 1
1 1082763680702 4
1 1082763680703 1
1 1082763680705 1
1 1082763680706 4
1 1082763680707 1
1 1082763680709 1
1 1082763680710 4
1 1082763680711 1
1 1082763680713 1
1 1082763680714 4
1 1082763680715 1
1 1082763680717 1
1 1082763680718 4
1 1082763680719 1
1 1082763680721 1
1 1082763680722 4
1 1082763680723 1
1 1082763680764 1
1 1082763680765 4
1 1082763680766 1
1 1082763680768 1
1 1082763680769 4
1 1082763680770 1
1 1082763680772 1
1 1082763680773 4
1 1082763680774 1
1 1082763680776 1
1 1082763680777 4
1 1082763680778 1
1 1082763680780 1
1 1082763680781 4
1 1082763680782 1
1 1082763680784 1
1 1082763680785 4
1 1082763680786 1
1 1082763680802 1
1 1082763680803 1
1 1082763680806 1
1 1082763680807 1
1 1082763680810 1
1 1082763680811 1
1 1082763680814 1
1 1082763680815 1
1 1082763680818 1
1 1082763680819 1
1 1082763680861 1
1 1082763680862 4
1 1082763680863 1
1 1082763680865 1
1 1082763680866 4
1 1082763680867 1
1 1082763680869 1
1 1082763680870 4
1 1082763680871 1
1 1082763680873 1
1 1082763680874 4
1 1082763680875 1
1 1082763680877 1
1 1082763680878 4
1 1082763680879 1
1 1082763680881 1
1 1082763680882 4
1 1082763680883 1
1 1082763680924 1
1 1082763680925 4
1 1082763680926 1
1 1082763680928 1
1 1082763680929 4
1 1082763680930 1
1 1082763680932 1
1 1082763680933 4
1 1082763680934 1
1 1082763680936 1
1 1082763680937 4
1 1082763680938 1
1 1082763680940 1
1 1082763680941 4
1 1082763680942 1
1 1082763680944 1
1 1082763680945 4
1 1082763680946 1
1 1082763680988 4
1 1082763680989 1
1 1082763680992 4
1 1082763680993 1
1 1082763680996 4
1 1082763680997 1
1 1082763681000 4
1 1082763681001 1
1 1082763681004 4
1 1082763681005 1
1 1082763681008 4
1 1082763681009 1
1 1082763681038 1
1 1082763681039 1
1 1082763681042 1
1 1082763681043 1
1 1082763681046 1
1 1082763681047 1
1 1082763681050 1
1 1082763681051 1
1 1082763681054 1
1 1082763681055 1
1 1082763681058 1
1 1082763681059 1
1 1082763681101 1
1 1082763681102 4
1 1082763681103 1
1 1082763681105 1
1 1082763681106 4
1 1082763681107 1
1 1082763681109 1
1 1082763681110 4
1 1082763681111 1
1 1082763681113 1
1 1082763681114 4
1 1082763681115 1
1 1082763681117 1
1 1082763681118 4
1 1082763681119 1
1 1082763681121 1
1 1082763681122 4
1 1082763681123 1
1 1082763681164 1
1 1082763681165 4
1 1082763681166 1
1 1082763681168 1
1 1082763681169 4
1 1082763681170 1
1 1082763681172 1
1 1082763681173 4
1 1082763681174 1
1 1082763681176 1
1 1082763681177 4
1 1082763681178 1
1 1082763681180 1
1 1082763681181 4
1 1082763681182 1
1 1082763681184 1
1 1082763681185 4
1 1082763681186 1
1 1082763681202 1
1 1082763681203 1
1 1082763681206 1
1 1082763681207 1
1 1082763681210 1
1 1082763681211 1
1 1082763681214 1
1 1082763681215 1
1 1082763681218 1
1 1082763681219 1
1 1082763681261 1
1 1082763681262 4
1 1082763681263 1
1 1082763681265 1
1 1082763681266 4
1 1082763681267 1
1 1082763681269 1
1 1082763681270 4
1 1082763681271 1
1 1082763681273 1
1 1082763681274 4
1 1082763681275 1
1 1082763681277 1
1 1082763681278 4
1 1082763681279 1
1 1082763681281 1
1 1082763681282 4
1 1082763681283 1
1 1082763681324 1
1 1082763681325 4
1 1082763681326 1
1 1082763681328 1
1 1082763681329 4
1 1082763681330 1
1 1082763681332 1
1 1082763681333 4
1 1082763681334 1
1 1082763681336 1
1 1082763681337 4
1 1082763681338 1
1 1082763681340 1
1 1082763681341 4
1 1082763681342 1
1 1082763681344 1
1 1082763681345 4
1 1082763681346 1
1 1082763681388 4
1 1082763681389 1
1 1082763681392 4
1 1082763681393 1
1 1082763681396 4
1 1082763681397 1
1 1082763681400 4
1 1082763681401 1
1 1082763681404 4
1 1082763681405 1
1 1082763681408 4
1 1082763681409 1
1 1082763681438 1
1 1082763681439 1
1 1082763681442 1
1 1082763681443 1
1 1082763681446 1
1 1082763681447 1
1 1082763681450 1
1 1082763681451 1
1 1082763681454 1
1 1082763681455 1
1 1082763681458 1
1 1082763681459 1
1 1082763681501 1
1 1082763681502 4
1 1082763681503 1
1 1082763681505 1
1 1082763681506 4
1 1082763681507 1
1 1082763681509 1
1 1082763681510 4
1 1082763681511 1
1 1082763681513 1
1 1082763681514 4
1 1082763681515 1
1 1082763681517 1
1 1082763681518 4
1 1082763681519 1
1 1082763681521 1
1 1082763681522 4
1 1082763681523 1
1 1082763681564 1
1 1082763681565 4
1 1082763681566 1
1 1082763681568 1
1 1082763681569 4
1 1082763681570 1
1 1082763681572 1
1 1082763681573 4
1 1082763681574 1
1 1082763681576 1
1 1082763681577 4
1 1082763681578 1
1 1082763681580 1
1 1082763681581 4
1 1082763681582 1
1 1082763681584 1
1 1082763681585 4
1 1082763681586 1
1 1082763681602 1
1 1082763681603 1
1 1082763681606 1
1 1082763681607 1
1 1082763681610 1
1 1082763681611 1
1 1082763681614 1
1 1082763681615 1
1 1082763681618 1
1 1082763681619 1
1 1082763681661 1
1 1082763681662 4
1 1082763681663 1
1 1082763681665 1
1 1082763681666 4
1 1082763681667 1
1 1082763681669 1
1 1082763681670 4
1 1082763681671 1
1 1082763681673 1
1 1082763681674 4
1 1082763681675 1
1 1082763681677 1
1 1082763681678 4
1 1082763681679 1
1 1082763681681 1
1 1082763681682 4
1 1082763681683 1
1 1082763681724 1
1 1082763681725 4
1 1082763681726 1
1 1082763681728 1
1 1082763681729 4
1 1082763681730 1
1 1082763681732 1
1 1082763681733 4
1 1082763681734 1
1 1082763681736 1
1 1082763681737 4
1 1082763681738 1
1 1082763681740 1
1 1082763681741 4
1 1082763681742 1
1 1082763681744 1
1 1082763681745 4
1 1082763681746 1
1 1082763681788 4
1 1082763681789 1
1 1082763681792 4
1 1082763681793 1
1 1082763681796 4
1 1082763681797 1
1 1082763681800 4
1 1082763681801 1
1 1082763681804 4
1 1082763681805 1
1 1082763681808 4
1 1082763681809 1
1 1082763681838 1
1 1082763681839 1
1 1082763681842 1
1 1082763681843 1
1 1082763681846 1
1 1082763681847 1
1 1082763681850 1
1 1082763681851 1
1 1082763681854 1
1 1082763681855 1
1 1082763681858 1
1 1082763681859 1
1 1082763681901 1
1 1082763681902 4
1 1082763681903 1
1 1082763681905 1
1 1082763681906 4
1 1082763681907 1
1 1082763681909 1
1 1082763681910 4
1 1082763681911 1
1 1082763681913 1
1 1082763681914 4
1 1082763681915 1
1 1082763681917 1
1 1082763681918 4
1 1082763681919 1
1 1082763681921 1
1 1082763681922 4
1 1082763681923 1
1 1082763681964 1
1 1082763681965 4
1 1082763681966 1
1 1082763681968 1
1 1082763681969 4
1 1082763681970 1
1 1082763681972 1
1 1082763681973 4
1 1082763681974 1
1 1082763681976 1
1 1082763681977 4
1 1082763681978 1
1 1082763681980 1
1 1082763681981 4
1 1082763681982 1
1 1082763681984 1
1 1082763681985 4
1 1082763681986 1
1 1082763682002 1
1 1082763682003 1
1 1082763682006 1
1 1082763682007 1
1 1082763682010 1
1 1082763682011 1
1 1082763682014 1
1 1082763682015 1
1 1082763682018 1
1 1082763682019 1
1 1082763682061 1
1 1082763682062 4
1 1082763682063 1
1 1082763682065 1
1 1082763682066 4
1 1082763682067 1
1 1082763682069 1
1 1082763682070 4
1 1082763682071 1
1 1082763682073 1
1 1082763682074 4
1 1082763682075 1
1 1082763682077 1
1 1082763682078 4
1 1082763682079 1
1 1082763682081 1
1 1082763682082 4
1 1082763682083 1
1 1082763682124 1
1 1082763682125 4
1 1082763682126 1
1 1082763682128 1
1 1082763682129 4
1 1082763682130 1
1 1082763682132 1
1 1082763682133 4
1 1082763682134 1
1 1082763682136 1
1 1082763682137 4
1 1082763682138 1
1 1082763682140 1
1 1082763682141 4
1 1082763682142 1
1 1082763682144 1
1 1082763682145 4
1 1082763682146 1
1 1082763682188 4
1 1082763682189 1
1 1082763682192 4
1 1082763682193 1
1 1082763682196 4
1 1082763682197 1
1 1082763682200 4
1 1082763682201 1
1 1082763682204 4
1 1082763682205 1
1 1082763682208 4
1 1082763682209 1
1 1082763682238 1
1 1082763682239 1
1 1082763682242 1
1 1082763682243 1
1 1082763682246 1
1 1082763682247 1
1 1082763682250 1
1 1082763682251 1
1 1082763682254 1
1 1082763682255 1
1 1082763682258 1
1 1082763682259 1
1 1082763682301 1
1 1082763682302 4
1 1082763682303 1
1 1082763682305 1
1 1082763682306 4
1 1082763682307 1
1 1082763682309 1
1 1082763682310 4
1 1082763682311 1
1 1082763682313 1
1 1082763682314 4
1 1082763682315 1
1 1082763682317 1
1 1082763682318 4
1 1082763682319 1
1 1082763682321 1
1 1082763682322 4
1 1082763682323 1
1 1082763682364 1
1 1082763682365 4
1 1082763682366 1
1 1082763682368 1
1 1082763682369 4
1 1082763682370 1
1 1082763682372 1
1 1082763682373 4
1 1082763682374 1
1 1082763682376 1
1 1082763682377 4
1 1082763682378 1
1 1082763682380 1
1 1082763682381 4
1 1082763682382 1
1 1082763682384 1
1 1082763682385 4
1 1082763682386 1
1 1082763682402 1
1 1082763682403 1
1 1082763682406 1
1 1082763682407 1
1 1082763682410 1
1 1082763682411 1
1 1082763682414 1
1 1082763682415 1
1 1082763682418 1
1 1082763682419 1
1 1082763682461 1
1 1082763682462 4
1 1082763682463 1
1 1082763682465 1
1 1082763682466 4
1 1082763682467 1
1 1082763682469 1
1 1082763682470 4
1 1082763682471 1
1 1082763682473 1
1 1082763682474 4
1 1082763682475 1
1 1082763682477 1
1 1082763682478 4
1 1082763682479 1
1 1082763682481 1
1 1082763682482 4
1 1082763682483 1
1 1082763682524 1
1 1082763682525 4
1 1082763682526 1
1 1082763682528 1
1 1082763682529 4
1 1082763682530 1
1 1082763682532 1
1 1082763682533 4
1 1082763682534 1
1 1082763682536 1
1 1082763682537 4
1 1082763682538 1
1 1082763682540 1
1 1082763682541 4
1 1082763682542 1
1 1082763682544 1
1 1082763682545 4
1 1082763682546 1
1 1082763682588 4
1 1082763682589 1
1 1082763682592 4
1 1082763682593 1
1 1082763682596 4
1 1082763682597 1
1 1082763682600 4
1 1082763682601 1
1 1082763682604 4
1 1082763682605 1
1 1082763682608 4
1 1082763682609 1
1 1082763682638 1
1 1082763682639 1
1 1082763682642 1
1 1082763682643 1
1 1082763682646 1
1 1082763682647 1
1 1082763682650 1
1 1082763682651 1
1 1082763682654 1
1 1082763682655 1
1 1082763682658 1
1 1082763682659 1
1 1082763682701 1
1 1082763682702 4
1 1082763682703 1
1 1082763682705 1
1 1082763682706 4
1 1082763682707 1
1 1082763682709 1
1 1082763682710 4
1 1082763682711 1
1 1082763682713 1
1 1082763682714 4
1 1082763682715 1
1 1082763682717 1
1 1082763682718 4
1 1082763682719 1
1 1082763682721 1
1 1082763682722 4
1 1082763682723 1
1 1082763682764 1
1 1082763682765 4
1 1082763682766 1
1 1082763682768 1
1 1082763682769 4
1 1082763682770 1
1 1082763682772 1
1 1082763682773 4
1 1082763682774 1
1 1082763682776 1
1 1082763682777 4
1 1082763682778 1
1 1082763682780 1
1 1082763682781 4
1 1082763682782 1
1 1082763682784 1
1 1082763682785 4
1 1082763682786 1
1 1082763682802 1
1 1082763682803 1
1 1082763682806 1
1 1082763682807 1
1 1082763682810 1
1 1082763682811 1
1 1082763682814 1
1 1082763682815 1
1 1082763682818 1
1 1082763682819 1
1 1082763682861 1
1 1082763682862 4
1 1082763682863 1
1 1082763682865 1
1 1082763682866 4
1 1082763682867 1
1 1082763682869 1
1 1082763682870 4
1 1082763682871 1
1 1082763682873 1
1 1082763682874 4
1 1082763682875 1
1 1082763682877 1
1 1082763682878 4
1 1082763682879 1
1 1082763682881 1
1 1082763682882 4
1 1082763682883 1
1 1082763682924 1
1 1082763682925 4
1 1082763682926 1
1 1082763682928 1
1 1082763682929 4
1 1082763682930 1
1 1082763682932 1
1 1082763682933 4
1 1082763682934 1
1 1082763682936 1
1 1082763682937 4
1 1082763682938 1
1 1082763682940 1
1 1082763682941 4
1 1082763682942 1
1 1082763682944 1
1 1082763682945 4
1 1082763682946 1
1 1082763682988 4
1 1082763682989 1
1 1082763682992 4
1 1082763682993 1
1 1082763682996 4
1 1082763682997 1
1 1082763683000 4
1 1082763683001 1
1 1082763683004 4
1 1082763683005 1
1 1082763683008 4
1 1082763683009 1
1 1082763683038 1
1 1082763683039 1
1 1082763683042 1
1 1082763683043 1
1 1082763683046 1
1 1082763683047 1
1 1082763683050 1
1 1082763683051 1
1 1082763683054 1
1 1082763683055 1
1 1082763683058 1
1 1082763683059 1
1 1082763683101 1
1 1082763683102 4
1 1082763683103 1
1 1082763683105 1
1 1082763683106 4
1 1082763683107 1
1 1082763683109 1
1 1082763683110 4
1 1082763683111 1
1 1082763683113 1
1 1082763683114 4
1 1082763683115 1
1 1082763683117 1
1 1082763683118 4
1 1082763683119 1
1 1082763683121 1
1 1082763683122 4
1 1082763683123 1
1 1082763683164 1
1 1082763683165 4
1 1082763683166 1
1 1082763683168 1
1 1082763683169 4
1 1082763683170 1
1 1082763683172 1
1 1082763683173 4
1 1082763683174 1
1 1082763683176 1
1 1082763683177 4
1 1082763683178 1
1 1082763683180 1
1 1082763683181 4
1 1082763683182 1
1 1082763683184 1
1 1082763683185 4
1 1082763683186 1
1 1082763683202 1
1 1082763683203 1
1 1082763683206 1
1 1082763683207 1
1 1082763683210 1
1 1082763683211 1
1 1082763683214 1
1 1082763683215 1
1 1082763683218 1
1 1082763683219 1
1 1082763683261 1
1 1082763683262 4
1 1082763683263 1
1 1082763683265 1
1 1082763683266 4
1 1082763683267 1
1 1082763683269 1
1 1082763683270 4
1 1082763683271 1
1 1082763683273 1
1 1082763683274 4
1 1082763683275 1
1 1082763683277 1
1 1082763683278 4
1 1082763683279 1
1 1082763683281 1
1 1082763683282 4
1 1082763683283 1
1 1082763683324 1
1 1082763683325 4
1 1082763683326 1
1 1082763683328 1
1 1082763683329 4
1 1082763683330 1
1 1082763683332 1
1 1082763683333 4
1 1082763683334 1
1 1082763683336 1
1 1082763683337 4
1 1082763683338 1
1 1082763683340 1
1 1082763683341 4
1 1082763683342 1
1 1082763683344 1
1 1082763683345 4
1 1082763683346 1
1 1082763683388 4
1 1082763683389 1
1 1082763683392 4
1 1082763683393 1
1 1082763683396 4
1 1082763683397 1
1 1082763683400 4
1 1082763683401 1
1 1082763683404 4
1 1082763683405 1
1 1082763683408 4
1 1082763683409 1
1 1082763683438 1
1 1082763683439 1
1 1082763683442 1
1 1082763683443 1
1 1082763683446 1
1 1082763683447 1
1 1082763683450 1
1 1082763683451 1
1 1082763683454 1
1 1082763683455 1
1 1082763683458 1
1 1082763683459 1
1 1082763683501 1
1 1082763683502 4
1 1082763683503 1
1 1082763683505 1
1 1082763683506 4
1 1082763683507 1
1 1082763683509 1
1 1082763683510 4
1 1082763683511 1
1 1082763683513 1
1 1082763683514 4
1 1082763683515 1
1 1082763683517 1
1 1082763683518 4
1 1082763683519 1
1 1082763683521 1
1 1082763683522 4
1 1082763683523 1
1 1082763683564 1
1 1082763683565 4
1 1082763683566 1
1 1082763683568 1
1 1082763683569 4
1 1082763683570 1
1 1082763683572 1
1 1082763683573 4
1 1082763683574 1
1 1082763683576 1
1 1082763683577 4
1 1082763683578 1
1 1082763683580 1
1 1082763683581 4
1 1082763683582 1
1 1082763683584 1
1 1082763683585 4
1 1082763683586 1
1 1082763683602 1
1 1082763683603 1
1 1082763683606 1
1 1082763683607 1
1 1082763683610 1
1 1082763683611 1
1 1082763683614 1
1 1082763683615 1
1 1082763683618 1
1 1082763683619 1
1 1082763683661 1
1 1082763683662 4
1 1082763683663 1
1 1082763683665 1
1 1082763683666 4
1 1082763683667 1
1 1082763683669 1
1 1082763683670 4
1 1082763683671 1
1 1082763683673 1
1 1082763683674 4
1 1082763683675 1
1 1082763683677 1
1 1082763683678 4
1 1082763683679 1
1 1082763683681 1
1 1082763683682 4
1 1082763683683 1
1 1082763683724 1
1 1082763683725 4
1 1082763683726 1
1 1082763683728 1
1 1082763683729 4
1 1082763683730 1
1 1082763683732 1
1 1082763683733 4
1 1082763683734 1
1 1082763683736 1
1 1082763683737 4
1 1082763683738 1
1 1082763683740 1
1 1082763683741 4
1 1082763683742 1
1 1082763683744 1
1 1082763683745 4
1 1082763683746 1
1 1082763683788 4
1 1082763683789 1
1 1082763683792 4
1 1082763683793 1
1 1082763683796 4
1 1082763683797 1
1 1082763683800 4
1 1082763683801 1
1 1082763683804 4
1 1082763683805 1
1 1082763683808 4
1 1082763683809 1
1 1082763683838 1
1 1082763683839 1
1 1082763683842 1
1 1082763683843 1
1 1082763683846 1
1 1082763683847 1
1 1082763683850 1
1 1082763683851 1
1 1082763683854 1
1 1082763683855 1
1 1082763683858 1
1 1082763683859 1
1 1082763683901 1
1 1082763683902 4
1 1082763683903 1
1 1082763683905 1
1 1082763683906 4
1 1082763683907 1
1 1082763683909 1
1 1082763683910 4
1 1082763683911 1
1 1082763683913 1
1 1082763683914 4
1 1082763683915 1
1 1082763683917 1
1 1082763683918 4
1 1082763683919 1
1 1082763683921 1
1 1082763683922 4
1 1082763683923 1
1 1082763683964 1
1 1082763683965 4
1 1082763683966 1
1 1082763683968 1
1 1082763683969 4
1 1082763683970 1
1 1082763683972 1
1 1082763683973 4
1 1082763683974 1
1 1082763683976 1
1 1082763683977 4
1 1082763683978 1
1 1082763683980 1
1 1082763683981 4
1 1082763683982 1
1 1082763683984 1
1 1082763683985 4
1 1082763683986 1
1 1082763684002 1
1 1082763684003 1
1 1082763684006 1
1 1082763684007 1
1 1082763684010 1
1 1082763684011 1
1 1082763684014 1
1 1082763684015 1
1 1082763684018 1
1 1082763684019 1
1 1082763684061 1
1 1082763684062 4
1 1082763684063 1
1 1082763684065 1
1 1082763684066 4
1 1082763684067 1
1 1082763684069 1
1 1082763684070 4
1 1082763684071 1
1 1082763684073 1
1 1082763684074 4
1 1082763684075 1
1 1082763684077 1
1 1082763684078 4
1 1082763684079 1
1 1082763684081 1
1 1082763684082 4
1 1082763684083 1
1 1082763684124 1
1 1082763684125 4
1 1082763684126 1
1 1082763684128 1
1 1082763684129 4
1 1082763684130 1
1 1082763684132 1
1 1082763684133 4
1 1082763684134 1
1 1082763684136 1
1 1082763684137 4
1 1082763684138 1
1 1082763684140 1
1 1082763684141 4
1 1082763684142 1
1 1082763684144 1
1 1082763684145 4
1 1082763684146 1
1 1082763684188 4
1 1082763684189 1
1 1082763684192 4
1 1082763684193 1
1 1082763684196 4
1 1082763684197 1
1 1082763684200 4
1 1082763684201 1
1 1082763684204 4
1 1082763684205 1
1 1082763684208 4
1 1082763684209 1
1 1082763684238 1
1 1082763684239 1
1 1082763684242 1
1 1082763684243 1
1 1082763684246 1
1 1082763684247 1
1 1082763684250 1
1 1082763684251 1
1 1082763684254 1
1 1082763684255 1
1 1082763684258 1
1 1082763684259 1
1 1082763684301 1
1 1082763684302 4
1 1082763684303 1
1 1082763684305 1
1 1082763684306 4
1 1082763684307 1
1 1082763684309 1
1 1082763684310 4
1 1082763684311 1
1 1082763684313 1
1 1082763684314 4
1 1082763684315 1
1 1082763684317 1
1 1082763684318 4
1 1082763684319 1
1 1082763684321 1
1 1082763684322 4
1 1082763684323 1
1 1082763684364 1
1 1082763684365 4
1 1082763684366 1
1 1082763684368 1
1 1082763684369 4
1 1082763684370 1
1 1082763684372 1
1 1082763684373 4
1 1082763684374 1
1 1082763684376 1
1 1082763684377 4
1 1082763684378 1
1 1082763684380 1
1 1082763684381 4
1 1082763684382 1
1 1082763684384 1
1 1082763684385 4
1 1082763684386 1
1 1082763684402 1
1 1082763684403 1
1 1082763684406 1
1 1082763684407 1
1 1082763684410 1
1 1082763684411 1
1 1082763684414 1
1 1082763684415 1
1 1082763684418 1
1 1082763684419 1
1 1082763684461 1
1 1082763684462 4
1 1082763684463 1
1 1082763684465 1
1 1082763684466 4
1 1082763684467 1
1 1082763684469 1
1 1082763684470 4
1 1082763684471 1
1 1082763684473 1
1 1082763684474 4
1 1082763684475 1
1 1082763684477 1
1 1082763684478 4
1 1082763684479 1
1 1082763684481 1
1 1082763684482 4
1 1082763684483 1
1 1082763684524 1
1 1082763684525 4
1 1082763684526 1
1 1082763684528 1
1 1082763684529 4
1 1082763684530 1
1 1082763684532 1
1 1082763684533 4
1 1082763684534 1
1 1082763684536 1
1 1082763684537 4
1 1082763684538 1
1 1082763684540 1
1 1082763684541 4
1 1082763684542 1
1 1082763684544 1
1 1082763684545 4
1 1082763684546 1
1 1082763684588 4
1 1082763684589 1
1 1082763684592 4
1 1082763684593 1
1 1082763684596 4
1 1082763684597 1
1 1082763684600 4
1 1082763684601 1
1 1082763684604 4
1 1082763684605 1
1 1082763684608 4
1 1082763684609 1
1 1082763684638 1
1 1082763684639 1
1 1082763684642 1
1 1082763684643 1
1 1082763684646 1
1 1082763684647 1
1 1082763684650 1
1 1082763684651 1
1 1082763684654 1
1 1082763684655 1
1 1082763684658 1
1 1082763684659 1
1 1082763684701 1
1 1082763684702 4
1 1082763684703 1
1 1082763684705 1
1 1082763684706 4
1 1082763684707 1
1 1082763684709 1
1 1082763684710 4
1 1082763684711 1
1 1082763684713 1
1 1082763684714 4
1 1082763684715 1
1 1082763684717 1
1 1082763684718 4
1 1082763684719 1
1 1082763684721 1
1 1082763684722 4
1 1082763684723 1
1 1082763684764 1
1 1082763684765 4
1 1082763684766 1
1 1082763684768 1
1 1082763684769 4
1 1082763684770 1
1 1082763684772 1
1 1082763684773 4
1 1082763684774 1
1 1082763684776 1
1 1082763684777 4
1 1082763684778 1
1 1082763684780 1
1 1082763684781 4
1 1082763684782 1
1 1082763684784 1
1 1082763684785 4
1 1082763684786 1
1 1082763684802 1
1 1082763684803 1
1 1082763684806 1
1 1082763684807 1
1 1082763684810 1
1 1082763684811 1
1 1082763684814 1
1 1082763684815 1
1 1082763684818 1
1 1082763684819 1
1 1082763684861 1
1 1082763684862 4
1 1082763684863 1
1 1082763684865 1
1 1082763684866 4
1 1082763684867 1
1 1082763684869 1
1 1082763684870 4
1 1082763684871 1
1 1082763684873 1
1 1082763684874 4
1 1082763684875 1
1 1082763684877 1
1 1082763684878 4
1 1082763684879 1
1 1082763684881 1
1 1082763684882 4
1 1082763684883 1
1 1082763684924 1
1 1082763684925 4
1 1082763684926 1
1 1082763684928 1
1 1082763684929 4
1 1082763684930 1
1 1082763684932 1
1 1082763684933 4
1 1082763684934 1
1 1082763684936 1
1 1082763684937 4
1 1082763684938 1
1 1082763684940 1
1 1082763684941 4
1 1082763684942 1
1 1082763684944 1
1 1082763684945 4
1 1082763684946 1
1 1082763684988 4
1 1082763684989 1
1 1082763684992 4
1 1082763684993 1
1 1082763684996 4
1 1082763684997 1
1 1082763685000 4
1 1082763685001 1
1 1082763685004 4
1 1082763685005 1
1 1082763685008 4
1 1082763685009 1
1 1082763685038 1
1 1082763685039 1
1 1082763685042 1
1 1082763685043 1
1 1082763685046 1
1 1082763685047 1
1 1082763685050 1
1 1082763685051 1
1 1082763685054 1
1 1082763685055 1
1 1082763685058 1
1 1082763685059 1
1 1082763685101 1
1 1082763685102 4
1 1082763685103 1
1 1082763685105 1
1 1082763685106 4
1 1082763685107 1
1 1082763685109 1
1 1082763685110 4
1 1082763685111 1
1 1082763685113 1
1 1082763685114 4
1 1082763685115 1
1 1082763685117 1
1 1082763685118 4
1 1082763685119 1
1 1082763685121 1
1 1082763685122 4
1 1082763685123 1
1 1082763685164 1
1 1082763685165 4
1 1082763685166 1
1 1082763685168 1
1 1082763685169 4
1 1082763685170 1
1 1082763685172 1
1 1082763685173 4
1 1082763685174 1
1 1082763685176 1
1 1082763685177 4
1 1082763685178 1
1 1082763685180 1
1 1082763685181 4
1 1082763685182 1
1 1082763685184 1
1 1082763685185 4
1 1082763685186 1
1 1082763685202 1
1 1082763685203 1
1 1082763685206 1
1 1082763685207 1
1 1082763685210 1
1 1082763685211 1
1 1082763685214 1
1 1082763685215 1
1 1082763685218 1
1 1082763685219 1
1 1082763685261 1
1 1082763685262 4
1 1082763685263 1
1 1082763685265 1
1 1082763685266 4
1 1082763685267 1
1 1082763685269 1
1 1082763685270 4
1 1082763685271 1
1 1082763685273 1
1 1082763685274 4
1 1082763685275 1
1 1082763685277 1
1 1082763685278 4
1 1082763685279 1
1 1082763685281 1
1 1082763685282 4
1 1082763685283 1
1 1082763685324 1
1 1082763685325 4
1 1082763685326 1
1 1082763685328 1
1 1082763685329 4
1 1082763685330 1
1 1082763685332 1
1 1082763685333 4
1 1082763685334 1
1 1082763685336 1
1 1082763685337 4
1 1082763685338 1
1 1082763685340 1
1 1082763685341 4
1 1082763685342 1
1 1082763685344 1
1 1082763685345 4
1 1082763685346 1
1 1082763685388 4
1 1082763685389 1
1 1082763685392 4
1 1082763685393 1
1 1082763685396 4
1 1082763685397 1
1 1082763685400 4
1 1082763685401 1
1 1082763685404 4
1 1082763685405 1
1 1082763685408 4
1 1082763685409 1
1 1082763685438 1
1 1082763685439 1
1 1082763685442 1
1 1082763685443 1
1 1082763685446 1
1 1082763685447 1
1 1082763685450 1
1 1082763685451 1
1 1082763685454 1
1 1082763685455 1
1 1082763685458 1
1 1082763685459 1
1 1082763685501 1
1 1082763685502 4
1 1082763685503 1
1 1082763685505 1
1 1082763685506 4
1 1082763685507 1
1 1082763685509 1
1 1082763685510 4
1 1082763685511 1
1 1082763685513 1
1 1082763685514 4
1 1082763685515 1
1 1082763685517 1
1 1082763685518 4
1 1082763685519 1
1 1082763685521 1
1 1082763685522 4
1 1082763685523 1
1 1082763685564 1
1 1082763685565 4
1 1082763685566 1
1 1082763685568 1
1 1082763685569 4
1 1082763685570 1
1 1082763685572 1
1 1082763685573 4
1 1082763685574 1
1 1082763685576 1
1 1082763685577 4
1 1082763685578 1
1 1082763685580 1
1 1082763685581 4
1 1082763685582 1
1 1082763685584 1
1 1082763685585 4
1 1082763685586 1
1 1082763685602 1
1 1082763685603 1
1 1082763685606 1
1 1082763685607 1
1 1082763685610 1
1 1082763685611 1
1 1082763685614 1
1 1082763685615 1
1 1082763685618 1
1 1082763685619 1
1 1082763685661 1
1 1082763685662 4
1 1082763685663 1
1 1082763685665 1
1 1082763685666 4
1 1082763685667 1
1 1082763685669 1
1 1082763685670 4
1 1082763685671 1
1 1082763685673 1
1 1082763685674 4
1 1082763685675 1
1 1082763685677 1
1 1082763685678 4
1 1082763685679 1
1 1082763685681 1
1 1082763685682 4
1 1082763685683 1
1 1082763685724 1
1 1082763685725 4
1 1082763685726 1
1 1082763685728 1
1 1082763685729 4
1 1082763685730 1
1 1082763685732 1
1 1082763685733 4
1 1082763685734 1
1 1082763685736 1
1 1082763685737 4
1 1082763685738 1
1 1082763685740 1
1 1082763685741 4
1 1082763685742 1
1 1082763685744 1
1 1082763685745 4
1 1082763685746 1
1 1082763685788 4
1 1082763685789 1
1 1082763685792 4
1 1082763685793 1
1 1082763685796 4
1 1082763685797 1
1 1082763685800 4
1 1082763685801 1
1 1082763685804 4
1 1082763685805 1
1 1082763685808 4
1 1082763685809 1
1 1082763685838 1
1 1082763685839 1
1 1082763685842 1
1 1082763685843 1
1 1082763685846 1
1 1082763685847 1
1 1082763685850 1
1 1082763685851 1
1 1082763685854 1
1 1082763685855 1
1 1082763685858 1
1 1082763685859 1
1 1082763685901 1
1 1082763685902 4
1 1082763685903 1
1 1082763685905 1
1 1082763685906 4
1 1082763685907 1
1 1082763685909 1
1 1082763685910 4
1 1082763685911 1
1 1082763685913 1
1 1082763685914 4
1 1082763685915 1
1 1082763685917 1
1 1082763685918 4
1 1082763685919 1
1 1082763685921 1
1 1082763685922 4
1 1082763685923 1
1 1082763685964 1
1 1082763685965 4
1 1082763685966 1
1 1082763685968 1
1 1082763685969 4
1 1082763685970 1
1 1082763685972 1
1 1082763685973 4
1 1082763685974 1
1 1082763685976 1
1 1082763685977 4
1 1082763685978 1
1 1082763685980 1
1 1082763685981 4
1 1082763685982 1
1 1082763685984 1
1 1082763685985 4
1 1082763685986 1
1 1082763686002 1
1 1082763686003 1
1 1082763686006 1
1 1082763686007 1
1 1082763686010 1
1 1082763686011 1
1 1082763686014 1
1 1082763686015 1
1 1082763686018 1
1 1082763686019 1
1 1082763686061 1
1 1082763686062 4
1 1082763686063 1
1 1082763686065 1
1 1082763686066 4
1 1082763686067 1
1 1082763686069 1
1 1082763686070 4
1 1082763686071 1
1 1082763686073 1
1 1082763686074 4
1 1082763686075 1
1 1082763686077 1
1 1082763686078 4
1 1082763686079 1
1 1082763686081 1
1 1082763686082 4
1 1082763686083 1
1 1082763686124 1
1 1082763686125 4
1 1082763686126 1
1 1082763686128 1
1 1082763686129 4
1 1082763686130 1
1 1082763686132 1
1 1082763686133 4
1 1082763686134 1
1 1082763686136 1
1 1082763686137 4
1 1082763686138 1
1 1082763686140 1
1 1082763686141 4
1 1082763686142 1
1 1082763686144 1
1 1082763686145 4
1 1082763686146 1
1 1082763686188 4
1 1082763686189 1
1 1082763686192 4
1 1082763686193 1
1 1082763686196 4
1 1082763686197 1
1 1082763686200 4
1 1082763686201 1
1 1082763686204 4
1 1082763686205 1
1 1082763686208 4
1 1082763686209 1
1 1082763686238 1
1 1082763686239 1
1 1082763686242 1
1 1082763686243 1
1 1082763686246 1
1 1082763686247 1
1 1082763686250 1
1 1082763686251 1
1 1082763686254 1
1 1082763686255 1
1 1082763686258 1
1 1082763686259 1
1 1082763686301 1
1 1082763686302 4
1 1082763686303 1
1 1082763686305 1
1 1082763686306 4
1 1082763686307 1
1 1082763686309 1
1 1082763686310 4
1 1082763686311 1
1 1082763686313 1
1 1082763686314 4
1 1082763686315 1
1 1082763686317 1
1 1082763686318 4
1 1082763686319 1
1 1082763686321 1
1 1082763686322 4
1 1082763686323 1
1 1082763686364 1
1 1082763686365 4
1 1082763686366 1
1 1082763686368 1
1 1082763686369 4
1 1082763686370 1
1 1082763686372 1
1 1082763686373 4
1 1082763686374 1
1 1082763686376 1
1 1082763686377 4
1 1082763686378 1
1 1082763686380 1
1 1082763686381 4
1 1082763686382 1
1 1082763686384 1
1 1082763686385 4
1 1082763686386 1
1 1082763686402 1
1 1082763686403 1
1 1082763686406 1
1 1082763686407 1
1 1082763686410 1
1 1082763686411 1
1 1082763686414 1
1 1082763686415 1
1 1082763686418 1
1 1082763686419 1
1 1082763686461 1
1 1082763686462 4
1 1082763686463 1
1 1082763686465 1
1 1082763686466 4
1 1082763686467 1
1 1082763686469 1
1 1082763686470 4
1 1082763686471 1
1 1082763686473 1
1 1082763686474 4
1 1082763686475 1
1 1082763686477 1
1 1082763686478 4
1 1082763686479 1
1 1082763686481 1
1 1082763686482 4
1 1082763686483 1
1 1082763686524 1
1 1082763686525 4
1 1082763686526 1
1 1082763686528 1
1 1082763686529 4
1 1082763686530 1
1 1082763686532 1
1 1082763686533 4
1 1082763686534 1
1 1082763686536 1
1 1082763686537 4
1 1082763686538 1
1 1082763686540 1
1 1082763686541 4
1 1082763686542 1
1 1082763686544 1
1 1082763686545 4
1 1082763686546 1
1 1082763686588 4
1 1082763686589 1
1 1082763686592 4
1 1082763686593 1
1 1082763686596 4
1 1082763686597 1
1 1082763686600 4
1 1082763686601 1
1 1082763686604 4
1 1082763686605 1
1 1082763686608 4
1 1082763686609 1
1 1082763686638 1
1 1082763686639 1
1 1082763686642 1
1 1082763686643 1
1 1082763686646 1
1 1082763686647 1
1 1082763686650 1
1 1082763686651 1
1 1082763686654 1
1 1082763686655 1
1 1082763686658 1
1 1082763686659 1
1 1082763686701 1
1 1082763686702 4
1 1082763686703 1
1 1082763686705 1
1 1082763686706 4
1 1082763686707 1
1 1082763686709 1
1 1082763686710 4
1 1082763686711 1
1 1082763686713 1
1 1082763686714 4
1 1082763686715 1
1 1082763686717 1
1 1082763686718 4
1 1082763686719 1
1 1082763686721 1
1 1082763686722 4
1 1082763686723 1
1 1082763686764 1
1 1082763686765 4
1 1082763686766 1
1 1082763686768 1
1 1082763686769 4
1 1082763686770 1
1 1082763686772 1
1 1082763686773 4
1 1082763686774 1
1 1082763686776 1
1 1082763686777 4
1 1082763686778 1
1 1082763686780 1
1 1082763686781 4
1 1082763686782 1
1 1082763686784 1
1 1082763686785 4
1 1082763686786 1
1 1082763686802 1
1 1082763686803 1
1 1082763686806 1
1 1082763686807 1
1 1082763686810 1
1 1082763686811 1
1 1082763686814 1
1 1082763686815 1
1 1082763686818 1
1 1082763686819 1
1 1082763686861 1
1 1082763686862 4
1 1082763686863 1
1 1082763686865 1
1 1082763686866 4
1 1082763686867 1
1 1082763686869 1
1 1082763686870 4
1 1082763686871 1
1 1082763686873 1
1 1082763686874 4
1 1082763686875 1
1 1082763686877 1
1 1082763686878 4
1 1082763686879 1
1 1082763686881 1
1 1082763686882 4
1 1082763686883 1
1 1082763686924 1
1 1082763686925 4
1 1082763686926 1
1 1082763686928 1
1 1082763686929 4
1 1082763686930 1
1 1082763686932 1
1 1082763686933 4
1 1082763686934 1
1 1082763686936 1
1 1082763686937 4
1 1082763686938 1
1 1082763686940 1
1 1082763686941 4
1 1082763686942 1
1 1082763686944 1
1 1082763686945 4
1 1082763686946 1
1 1082763686988 4
1 1082763686989 1
1 1082763686992 4
1 1082763686993 1
1 1082763686996 4
1 1082763686997 1
1 1082763687000 4
1 1082763687001 1
1 1082763687004 4
1 1082763687005 1
1 1082763687008 4
1 1082763687009 1
1 1082763687038 1
1 1082763687039 1
1 1082763687042 1
1 1082763687043 1
1 1082763687046 1
1 1082763687047 1
1 1082763687050 1
1 1082763687051 1
1 1082763687054 1
1 1082763687055 1
1 1082763687058 1
1 1082763687059 1
1 1082763687101 1
1 1082763687102 4
1 1082763687103 1
1 1082763687105 1
1 1082763687106 4
1 1082763687107 1
1 1082763687109 1
1 1082763687110 4
1 1082763687111 1
1 1082763687113 1
1 1082763687114 4
1 1082763687115 1
1 1082763687117 1
1 1082763687118 4
1 1082763687119 1
1 1082763687121 1
1 1082763687122 4
1 1082763687123 1
1 1082763687164 1
1 1082763687165 4
1 1082763687166 1
1 1082763687168 1
1 1082763687169 4
1 1082763687170 1
1 1082763687172 1
1 1082763687173 4
1 1082763687174 1
1 1082763687176 1
1 1082763687177 4
1 1082763687178 1
1 1082763687180 1
1 1082763687181 4
1 1082763687182 1
1 1082763687184 1
1 1082763687185 4
1 1082763687186 1
1 1082763687202 1
1 1082763687203 1
1 1082763687206 1
1 1082763687207 1
1 1082763687210 1
1 1082763687211 1
1 1082763687214 1
1 1082763687215 1
1 1082763687218 1
1 1082763687219 1
1 1082763687261 1
1 1082763687262 4
1 1082763687263 1
1 1082763687265 1
1 1082763687266 4
1 1082763687267 1
1 1082763687269 1
1 1082763687270 4
1 1082763687271 1
1 1082763687273 1
1 1082763687274 4
1 1082763687275 1
1 1082763687277 1
1 1082763687278 4
1 1082763687279 1
1 1082763687281 1
1 1082763687282 4
1 1082763687283 1
1 1082763687324 1
1 1082763687325 4
1 1082763687326 1
1 1082763687328 1
1 1082763687329 4
1 1082763687330 1
1 1082763687332 1
1 1082763687333 4
1 1082763687334 1
1 1082763687336 1
1 1082763687337 4
1 1082763687338 1
1 1082763687340 1
1 1082763687341 4
1 1082763687342 1
1 1082763687344 1
1 1082763687345 4
1 1082763687346 1
1 1082763687388 4
1 1082763687389 1
1 1082763687392 4
1 1082763687393 1
1 1082763687396 4
1 1082763687397 1
1 1082763687400 4
1 1082763687401 1
1 1082763687404 4
1 1082763687405 1
1 1082763687408 4
1 1082763687409 1
1 1082763687438 1
1 1082763687439 1
1 1082763687442 1
1 1082763687443 1
1 1082763687446 1
1 1082763687447 1
1 1082763687450 1
1 1082763687451 1
1 1082763687454 1
1 1082763687455 1
1 1082763687458 1
1 1082763687459 1
1 1082763687501 1
1 1082763687502 4
1 1082763687503 1
1 1082763687505 1
1 1082763687506 4
1 1082763687507 1
1 1082763687509 1
1 1082763687510 4
1 1082763687511 1
1 1082763687513 1
1 1082763687514 4
1 1082763687515 1
1 1082763687517 1
1 1082763687518 4
1 1082763687519 1
1 1082763687521 1
1 1082763687522 4
1 1082763687523 1
1 1082763687564 1
1 1082763687565 4
1 1082763687566 1
1 1082763687568 1
1 1082763687569 4
1 1082763687570 1
1 1082763687572 1
1 1082763687573 4
1 1082763687574 1
1 1082763687576 1
1 1082763687577 4
1 1082763687578 1
1 1082763687580 1
1 1082763687581 4
1 1082763687582 1
1 1082763687584 1
1 1082763687585 4
1 1082763687586 1
1 1082763687602 1
1 1082763687603 1
1 1082763687606 1
1 1082763687607 1
1 1082763687610 1
1 1082763687611 1
1 1082763687614 1
1 1082763687615 1
1 1082763687618 1
1 1082763687619 1
1 1082763687661 1
1 1082763687662 4
1 1082763687663 1
1 1082763687665 1
1 1082763687666 4
1 1082763687667 1
1 1082763687669 1
1 1082763687670 4
1 1082763687671 1
1 1082763687673 1
1 1082763687674 4
1 1082763687675 1
1 1082763687677 1
1 1082763687678 4
1 1082763687679 1
1 1082763687681 1
1 1082763687682 4
1 1082763687683 1
1 1082763687724 1
1 1082763687725 4
1 1082763687726 1
1 1082763687728 1
1 1082763687729 4
1 1082763687730 1
1 1082763687732 1
1 1082763687733 4
1 1082763687734 1
1 1082763687736 1
1 1082763687737 4
1 1082763687738 1
1 1082763687740 1
1 1082763687741 4
1 1082763687742 1
1 1082763687744 1
1 1082763687745 4
1 1082763687746 1
1 1082763687788 4
1 1082763687789 1
1 1082763687792 4
1 1082763687793 1
1 1082763687796 4
1 1082763687797 1
1 1082763687800 4
1 1082763687801 1
1 1082763687804 4
1 1082763687805 1
1 1082763687808 4
1 1082763687809 1
1 1082763687838 1
1 1082763687839 1
1 1082763687842 1
1 1082763687843 1
1 1082763687846 1
1 1082763687847 1
1 1082763687850 1
1 1082763687851 1
1 1082763687854 1
1 1082763687855 1
1 1082763687858 1
1 1082763687859 1
1 1082763687901 1
1 1082763687902 4
1 1082763687903 1
1 1082763687905 1
1 1082763687906 4
1 1082763687907 1
1 1082763687909 1
1 1082763687910 4
1 1082763687911 1
1 1082763687913 1
1 1082763687914 4
1 1082763687915 1
1 1082763687917 1
1 1082763687918 4
1 1082763687919 1
1 1082763687921 1
1 1082763687922 4
1 1082763687923 1
1 1082763687964 1
1 1082763687965 4
1 1082763687966 1
1 1082763687968 1
1 1082763687969 4
1 1082763687970 1
1 1082763687972 1
1 1082763687973 4
1 1082763687974 1
1 1082763687976 1
1 1082763687977 4
1 1082763687978 1
1 1082763687980 1
1 1082763687981 4
1 1082763687982 1
1 1082763687984 1
1 1082763687985 4
1 1082763687986 1
1 1082763688002 1
1 1082763688003 1
1 1082763688006 1
1 1082763688007 1
1 1082763688010 1
1 1082763688011 1
1 1082763688014 1
1 1082763688015 1
1 1082763688018 1
1 1082763688019 1
1 1082763688061 1
1 1082763688062 4
1 1082763688063 1
1 1082763688065 1
1 1082763688066 4
1 1082763688067 1
1 1082763688069 1
1 1082763688070 4
1 1082763688071 1
1 1082763688073 1
1 1082763688074 4
1 1082763688075 1
1 1082763688077 1
1 1082763688078 4
1 1082763688079 1
1 1082763688081 1
1 1082763688082 4
1 1082763688083 1
1 1082763688124 1
1 1082763688125 4
1 1082763688126 1
1 1082763688128 1
1 1082763688129 4
1 1082763688130 1
1 1082763688132 1
1 1082763688133 4
1 1082763688134 1
1 1082763688136 1
1 1082763688137 4
1 1082763688138 1
1 1082763688140 1
1 1082763688141 4
1 1082763688142 1
1 1082763688144 1
1 1082763688145 4
1 1082763688146 1
1 1082763688188 4
1 1082763688189 1
1 1082763688192 4
1 1082763688193 1
1 1082763688196 4
1 1082763688197 1
1 1082763688200 4
1 1082763688201 1
1 1082763688204 4
1 1082763688205 1
1 1082763688208 4
1 1082763688209 1
1 1082763688238 1
1 1082763688239 1
1 1082763688242 1
1 1082763688243 1
1 1082763688246 1
1 1082763688247 1
1 1082763688250 1
1 1082763688251 1
1 1082763688254 1
1 1082763688255 1
1 1082763688258 1
1 1082763688259 1
1 1082763688301 1
1 1082763688302 4
1 1082763688303 1
1 1082763688305 1
1 1082763688306 4
1 1082763688307 1
1 1082763688309 1
1 1082763688310 4
1 1082763688311 1
1 1082763688313 1
1 1082763688314 4
1 1082763688315 1
1 1082763688317 1
1 1082763688318 4
1 1082763688319 1
1 1082763688321 1
1 1082763688322 4
1 1082763688323 1
1 1082763688364 1
1 1082763688365 4
1 1082763688366 1
1 1082763688368 1
1 1082763688369 4
1 1082763688370 1
1 1082763688372 1
1 1082763688373 4
1 1082763688374 1
1 1082763688376 1
1 1082763688377 4
1 1082763688378 1
1 1082763688380 1
1 1082763688381 4
1 1082763688382 1
1 1082763688384 1
1 1082763688385 4
1 1082763688386 1
1 1082763688402 1
1 1082763688403 1
1 1082763688406 1
1 1082763688407 1
1 1082763688410 1
1 1082763688411 1
1 1082763688414 1
1 1082763688415 1
1 1082763688418 1
1 1082763688419 1
1 1082763688461 1
1 1082763688462 4
1 1082763688463 1
1 1082763688465 1
1 1082763688466 4
1 1082763688467 1
1 1082763688469 1
1 1082763688470 4
1 1082763688471 1
1 1082763688473 1
1 1082763688474 4
1 1082763688475 1
1 1082763688477 1
1 1082763688478 4
1 1082763688479 1
1 1082763688481 1
1 1082763688482 4
1 1082763688483 1
1 1082763688524 1
1 1082763688525 4
1 1082763688526 1
1 1082763688528 1
1 1082763688529 4
1 1082763688530 1
1 1082763688532 1
1 1082763688533 4
1 1082763688534 1
1 1082763688536 1
1 1082763688537 4
1 1082763688538 1
1 1082763688540 1
1 1082763688541 4
1 1082763688542 1
1 1082763688544 1
1 1082763688545 4
1 1082763688546 1
1 1082763688588 4
1 1082763688589 1
1 1082763688592 4
1 1082763688593 1
1 1082763688596 4
1 1082763688597 1
1 1082763688600 4
1 1082763688601 1
1 1082763688604 4
1 1082763688605 1
1 1082763688608 4
1 1082763688609 1
1 1082763688638 1
1 1082763688639 1
1 1082763688642 1
1 1082763688643 1
1 1082763688646 1
1 1082763688647 1
1 1082763688650 1
1 1082763688651 1
1 1082763688654 1
1 1082763688655 1
1 1082763688658 1
1 1082763688659 1
1 1082763688701 1
1 1082763688702 4
1 1082763688703 1
1 1082763688705 1
1 1082763688706 4
1 1082763688707 1
1 1082763688709 1
1 1082763688710 4
1 1082763688711 1
1 1082763688713 1
1 1082763688714 4
1 1082763688715 1
1 1082763688717 1
1 1082763688718 4
1 1082763688719 1
1 1082763688721 1
1 1082763688722 4
1 1082763688723 1
1 1082763688764 1
1 1082763688765 4
1 1082763688766 1
1 1082763688768 1
1 1082763688769 4
1 1082763688770 1
1 1082763688772 1
1 1082763688773 4
1 1082763688774 1
1 1082763688776 1
1 1082763688777 4
1 1082763688778 1
1 1082763688780 1
1 1082763688781 4
1 1082763688782 1
1 1082763688784 1
1 1082763688785 4
1 1082763688786 1
1 1082763688802 1
1 1082763688803 1
1 1082763688806 1
1 1082763688807 1
1 1082763688810 1
1 1082763688811 1
1 1082763688814 1
1 1082763688815 1
1 1082763688818 1
1 1082763688819 1
1 1082763688861 1
1 1082763688862 4
1 1082763688863 1
1 1082763688865 1
1 1082763688866 4
1 1082763688867 1
1 1082763688869 1
1 1082763688870 4
1 1082763688871 1
1 1082763688873 1
1 1082763688874 4
1 1082763688875 1
1 1082763688877 1
1 1082763688878 4
1 1082763688879 1
1 1082763688881 1
1 1082763688882 4
1 1082763688883 1
1 1082763688924 1
1 1082763688925 4
1 1082763688926 1
1 1082763688928 1
1 1082763688929 4
1 1082763688930 1
1 1082763688932 1
1 1082763688933 4
1 1082763688934 1
1 1082763688936 1
1 1082763688937 4
1 1082763688938 1
1 1082763688940 1
1 1082763688941 4
1 1082763688942 1
1 1082763688944 1
1 1082763688945 4
1 1082763688946 1
1 1082763688988 4
1 1082763688989 1
1 1082763688992 4
1 1082763688993 1
1 1082763688996 4
1 1082763688997 1
1 1082763689000 4
1 1082763689001 1
1 1082763689004 4
1 1082763689005 1
1 1082763689008 4
1 1082763689009 1
1 1082763689038 1
1 1082763689039 1
1 1082763689042 1
1 1082763689043 1
1 1082763689046 1
1 1082763689047 1
1 1082763689050 1
1 1082763689051 1
1 1082763689054 1
1 1082763689055 1
1 1082763689058 1
1 1082763689059 1
1 1082763689101 1
1 1082763689102 4
1 1082763689103 1
1 1082763689105 1
1 1082763689106 4
1 1082763689107 1
1 1082763689109 1
1 1082763689110 4
1 1082763689111 1
1 1082763689113 1
1 1082763689114 4
1 1082763689115 1
1 1082763689117 1
1 1082763689118 4
1 1082763689119 1
1 1082763689121 1
1 1082763689122 4
1 1082763689123 1
1 1082763689164 1
1 1082763689165 4
1 1082763689166 1
1 1082763689168 1
1 1082763689169 4
1 1082763689170 1
1 1082763689172 1
1 1082763689173 4
1 1082763689174 1
1 1082763689176 1
1 1082763689177 4
1 1082763689178 1
1 1082763689180 1
1 1082763689181 4
1 1082763689182 1
1 1082763689184 1
1 1082763689185 4
1 1082763689186 1
1 1082763689202 1
1 1082763689203 1
1 1082763689206 1
1 1082763689207 1
1 1082763689210 1
1 1082763689211 1
1 1082763689214 1
1 1082763689215 1
1 1082763689218 1
1 1082763689219 1
1 1082763689261 1
1 1082763689262 4
1 1082763689263 1
1 1082763689265 1
1 1082763689266 4
1 1082763689267 1
1 1082763689269 1
1 1082763689270 4
1 1082763689271 1
1 1082763689273 1
1 1082763689274 4
1 1082763689275 1
1 1082763689277 1
1 1082763689278 4
1 1082763689279 1
1 1082763689281 1
1 1082763689282 4
1 1082763689283 1
1 1082763689324 1
1 1082763689325 4
1 1082763689326 1
1 1082763689328 1
1 1082763689329 4
1 1082763689330 1
1 1082763689332 1
1 1082763689333 4
1 1082763689334 1
1 1082763689336 1
1 1082763689337 4
1 1082763689338 1
1 1082763689340 1
1 1082763689341 4
1 1082763689342 1
1 1082763689344 1
1 1082763689345 4
1 1082763689346 1
1 1082763689388 4
1 1082763689389 1
1 1082763689392 4
1 1082763689393 1
1 1082763689396 4
1 1082763689397 1
1 1082763689400 4
1 1082763689401 1
1 1082763689404 4
1 1082763689405 1
1 1082763689408 4
1 1082763689409 1
1 1082763689438 1
1 1082763689439 1
1 1082763689442 1
1 1082763689443 1
1 1082763689446 1
1 1082763689447 1
1 1082763689450 1
1 1082763689451 1
1 1082763689454 1
1 1082763689455 1
1 1082763689458 1
1 1082763689459 1
1 1082763689501 1
1 1082763689502 4
1 1082763689503 1
1 1082763689505 1
1 1082763689506 4
1 1082763689507 1
1 1082763689509 1
1 1082763689510 4
1 1082763689511 1
1 1082763689513 1
1 1082763689514 4
1 1082763689515 1
1 1082763689517 1
1 1082763689518 4
1 1082763689519 1
1 1082763689521 1
1 1082763689522 4
1 1082763689523 1
1 1082763689564 1
1 1082763689565 4
1 1082763689566 1
1 1082763689568 1
1 1082763689569 4
1 1082763689570 1
1 1082763689572 1
1 1082763689573 4
1 1082763689574 1
1 1082763689576 1
1 1082763689577 4
1 1082763689578 1
1 1082763689580 1
1 1082763689581 4
1 1082763689582 1
1 1082763689584 1
1 1082763689585 4
1 1082763689586 1
1 1082763689602 1
1 1082763689603 1
1 1082763689606 1
1 1082763689607 1
1 1082763689610 1
1 1082763689611 1
1 1082763689614 1
1 1082763689615 1
1 1082763689618 1
1 1082763689619 1
1 1082763689661 1
1 1082763689662 4
1 1082763689663 1
1 1082763689665 1
1 1082763689666 4
1 1082763689667 1
1 1082763689669 1
1 1082763689670 4
1 1082763689671 1
1 1082763689673 1
1 1082763689674 4
1 1082763689675 1
1 1082763689677 1
1 1082763689678 4
1 1082763689679 1
1 1082763689681 1
1 1082763689682 4
1 1082763689683 1
1 1082763689724 1
1 1082763689725 4
1 1082763689726 1
1 1082763689728 1
1 1082763689729 4
1 1082763689730 1
1 1082763689732 1
1 1082763689733 4
1 1082763689734 1
1 1082763689736 1
1 1082763689737 4
1 1082763689738 1
1 1082763689740 1
1 1082763689741 4
1 1082763689742 1
1 1082763689744 1
1 1082763689745 4
1 1082763689746 1
1 1082763689788 4
1 1082763689789 1
1 1082763689792 4
1 1082763689793 1
1 1082763689796 4
1 1082763689797 1
1 1082763689800 4
1 1082763689801 1
1 1082763689804 4
1 1082763689805 1
1 1082763689808 4
1 1082763689809 1
1 1082763689838 1
1 1082763689839 1
1 1082763689842 1
1 1082763689843 1
1 1082763689846 1
1 1082763689847 1
1 1082763689850 1
1 1082763689851 1
1 1082763689854 1
1 1082763689855 1
1 1082763689858 1
1 1082763689859 1
1 1082763689901 1
1 1082763689902 4
1 1082763689903 1
1 1082763689905 1
1 1082763689906 4
1 1082763689907 1
1 1082763689909 1
1 1082763689910 4
1 1082763689911 1
1 1082763689913 1
1 1082763689914 4
1 1082763689915 1
1 1082763689917 1
1 1082763689918 4
1 1082763689919 1
1 1082763689921 1
1 1082763689922 4
1 1082763689923 1
1 1082763689964 1
1 1082763689965 4
1 1082763689966 1
1 1082763689968 1
1 1082763689969 4
1 1082763689970 1
1 1082763689972 1
1 1082763689973 4
1 1082763689974 1
1 1082763689976 1
1 1082763689977 4
1 1082763689978 1
1 1082763689980 1
1 1082763689981 4
1 1082763689982 1
1 1082763689984 1
1 1082763689985 4
1 1082763689986 1
1 1082763690002 1
1 1082763690003 1
1 1082763690006 1
1 1082763690007 1
1 1082763690010 1
1 1082763690011 1
1 1082763690014 1
1 1082763690015 1
1 1082763690018 1
1 1082763690019 1
1 1082763690061 1
1 1082763690062 4
1 1082763690063 1
1 1082763690065 1
1 1082763690066 4
1 1082763690067 1
1 1082763690069 1
1 1082763690070 4
1 1082763690071 1
1 1082763690073 1
1 1082763690074 4
1 1082763690075 1
1 1082763690077 1
1 1082763690078 4
1 1082763690079 1
1 1082763690081 1
1 1082763690082 4
1 1082763690083 1
1 1082763690124 1
1 1082763690125 4
1 1082763690126 1
1 1082763690128 1
1 1082763690129 4
1 1082763690130 1
1 1082763690132 1
1 1082763690133 4
1 1082763690134 1
1 1082763690136 1
1 1082763690137 4
1 1082763690138 1
1 1082763690140 1
1 1082763690141 4
1 1082763690142 1
1 1082763690144 1
1 1082763690145 4
1 1082763690146 1
1 1082763690188 4
1 1082763690189 1
1 1082763690192 4
1 1082763690193 1
1 1082763690196 4
1 1082763690197 1
1 1082763690200 4
1 1082763690201 1
1 1082763690204 4
1 1082763690205 1
1 1082763690208 4
1 1082763690209 1
1 1082763690238 1
1 1082763690239 1
1 1082763690242 1
1 1082763690243 1
1 1082763690246 1
1 1082763690247 1
1 1082763690250 1
1 1082763690251 1
1 1082763690254 1
1 1082763690255 1
1 1082763690258 1
1 1082763690259 1
1 1082763690301 1
1 1082763690302 4
1 1082763690303 1
1 1082763690305 1
1 1082763690306 4
1 1082763690307 1
1 1082763690309 1
1 1082763690310 4
1 1082763690311 1
1 1082763690313 1
1 1082763690314 4
1 1082763690315 1
1 1082763690317 1
1 1082763690318 4
1 1082763690319 1
1 1082763690321 1
1 1082763690322 4
1 1082763690323 1
1 1082763690364 1
1 1082763690365 4
1 1082763690366 1
1 1082763690368 1
1 1082763690369 4
1 1082763690370 1
1 1082763690372 1
1 1082763690373 4
1 1082763690374 1
1 1082763690376 1
1 1082763690377 4
1 1082763690378 1
1 1082763690380 1
1 1082763690381 4
1 1082763690382 1
1 1082763690384 1
1 1082763690385 4
1 1082763690386 1
1 1082763690402 1
1 1082763690403 1
1 1082763690406 1
1 1082763690407 1
1 1082763690410 1
1 1082763690411 1
1 1082763690414 1
1 1082763690415 1
1 1082763690418 1
1 1082763690419 1
1 1082763690461 1
1 1082763690462 4
1 1082763690463 1
1 1082763690465 1
1 1082763690466 4
1 1082763690467 1
1 1082763690469 1
1 1082763690470 4
1 1082763690471 1
1 1082763690473 1
1 1082763690474 4
1 1082763690475 1
1 1082763690477 1
1 1082763690478 4
1 1082763690479 1
1 1082763690481 1
1 1082763690482 4
1 1082763690483 1
1 1082763690524 1
1 1082763690525 4
1 1082763690526 1
1 1082763690528 1
1 1082763690529 4
1 1082763690530 1
1 1082763690532 1
1 1082763690533 4
1 1082763690534 1
1 1082763690536 1
1 1082763690537 4
1 1082763690538 1
1 1082763690540 1
1 1082763690541 4
1 1082763690542 1
1 1082763690544 1
1 1082763690545 4
1 1082763690546 1
1 1082763690588 4
1 1082763690589 1
1 1082763690592 4
1 1082763690593 1
1 1082763690596 4
1 1082763690597 1
1 1082763690600 4
1 1082763690601 1
1 1082763690604 4
1 1082763690605 1
1 1082763690608 4
1 1082763690609 1
1 1082763690638 1
1 1082763690639 1
1 1082763690642 1
1 1082763690643 1
1 1082763690646 1
1 1082763690647 1
1 1082763690650 1
1 1082763690651 1
1 1082763690654 1
1 1082763690655 1
1 1082763690658 1
1 1082763690659 1
1 1082763690701 1
1 1082763690702 4
1 1082763690703 1
1 1082763690705 1
1 1082763690706 4
1 1082763690707 1
1 1082763690709 1
1 1082763690710 4
1 1082763690711 1
1 1082763690713 1
1 1082763690714 4
1 1082763690715 1
1 1082763690717 1
1 1082763690718 4
1 1082763690719 1
1 1082763690721 1
1 1082763690722 4
1 1082763690723 1
1 1082763690764 1
1 1082763690765 4
1 1082763690766 1
1 1082763690768 1
1 1082763690769 4
1 1082763690770 1
1 1082763690772 1
1 1082763690773 4
1 1082763690774 1
1 1082763690776 1
1 1082763690777 4
1 1082763690778 1
1 1082763690780 1
1 1082763690781 4
1 1082763690782 1
1 1082763690784 1
1 1082763690785 4
1 1082763690786 1
1 1082763690802 1
1 1082763690803 1
1 1082763690806 1
1 1082763690807 1
1 1082763690810 1
1 1082763690811 1
1 1082763690814 1
1 1082763690815 1
1 1082763690818 1
1 1082763690819 1
1 1082763690861 1
1 1082763690862 4
1 1082763690863 1
1 1082763690865 1
1 1082763690866 4
1 1082763690867 1
1 1082763690869 1
1 1082763690870 4
1 1082763690871 1
1 1082763690873 1
1 1082763690874 4
1 1082763690875 1
1 1082763690877 1
1 1082763690878 4
1 1082763690879 1
1 1082763690881 1
1 1082763690882 4
1 1082763690883 1
1 1082763690924 1
1 1082763690925 4
1 1082763690926 1
1 1082763690928 1
1 1082763690929 4
1 1082763690930 1
1 1082763690932 1
1 1082763690933 4
1 1082763690934 1
1 1082763690936 1
1 1082763690937 4
1 1082763690938 1
1 1082763690940 1
1 1082763690941 4
1 1082763690942 1
1 1082763690944 1
1 1082763690945 4
1 1082763690946 1
1 1082763690988 4
1 1082763690989 1
1 1082763690992 4
1 1082763690993 1
1 1082763690996 4
1 1082763690997 1
1 1082763691000 4
1 1082763691001 1
1 1082763691004 4
1 1082763691005 1
1 1082763691008 4
1 1082763691009 1
1 1082763691038 1
1 1082763691039 1
1 1082763691042 1
1 1082763691043 1
1 1082763691046 1
1 1082763691047 1
1 1082763691050 1
1 1082763691051 1
1 1082763691054 1
1 1082763691055 1
1 1082763691058 1
1 1082763691059 1
1 1082763691101 1
1 1082763691102 4
1 1082763691103 1
1 1082763691105 1
1 1082763691106 4
1 1082763691107 1
1 1082763691109 1
1 1082763691110 4
1 1082763691111 1
1 1082763691113 1
1 1082763691114 4
1 1082763691115 1
1 1082763691117 1
1 1082763691118 4
1 1082763691119 1
1 1082763691121 1
1 1082763691122 4
1 1082763691123 1
1 1082763691164 1
1 1082763691165 4
1 1082763691166 1
1 1082763691168 1
1 1082763691169 4
1 1082763691170 1
1 1082763691172 1
1 1082763691173 4
1 1082763691174 1
1 1082763691176 1
1 1082763691177 4
1 1082763691178 1
1 1082763691180 1
1 1082763691181 4
1 1082763691182 1
1 1082763691184 1
1 1082763691185 4
1 1082763691186 1
1 1082763691202 1
1 1082763691203 1
1 1082763691206 1
1 1082763691207 1
1 1082763691210 1
1 1082763691211 1
1 1082763691214 1
1 1082763691215 1
1 1082763691218 1
1 1082763691219 1
1 1082763691261 1
1 1082763691262 4
1 1082763691263 1
1 1082763691265 1
1 1082763691266 4
1 1082763691267 1
1 1082763691269 1
1 1082763691270 4
1 1082763691271 1
1 1082763691273 1
1 1082763691274 4
1 1082763691275 1
1 1082763691277 1
1 1082763691278 4
1 1082763691279 1
1 1082763691281 1
1 1082763691282 4
1 1082763691283 1
1 1082763691324 1
1 1082763691325 4
1 1082763691326 1
1 1082763691328 1
1 1082763691329 4
1 1082763691330 1
1 1082763691332 1
1 1082763691333 4
1 1082763691334 1
1 1082763691336 1
1 1082763691337 4
1 1082763691338 1
1 1082763691340 1
1 1082763691341 4
1 1082763691342 1
1 1082763691344 1
1 1082763691345 4
1 1082763691346 1
1 1082763691388 4
1 1082763691389 1
1 1082763691392 4
1 1082763691393 1
1 1082763691396 4
1 1082763691397 1
1 1082763691400 4
1 1082763691401 1
1 1082763691404 4
1 1082763691405 1
1 1082763691408 4
1 1082763691409 1
1 1082763691438 1
1 1082763691439 1
1 1082763691442 1
1 1082763691443 1
1 1082763691446 1
1 1082763691447 1
1 1082763691450 1
1 1082763691451 1
1 1082763691454 1
1 1082763691455 1
1 1082763691458 1
1 1082763691459 1
1 1082763691501 1
1 1082763691502 4
1 1082763691503 1
1 1082763691505 1
1 1082763691506 4
1 1082763691507 1
1 1082763691509 1
1 1082763691510 4
1 1082763691511 1
1 1082763691513 1
1 1082763691514 4
1 1082763691515 1
1 1082763691517 1
1 1082763691518 4
1 1082763691519 1
1 1082763691521 1
1 1082763691522 4
1 1082763691523 1
1 1082763691564 1
1 1082763691565 4
1 1082763691566 1
1 1082763691568 1
1 1082763691569 4
1 1082763691570 1
1 1082763691572 1
1 1082763691573 4
1 1082763691574 1
1 1082763691576 1
1 1082763691577 4
1 1082763691578 1
1 1082763691580 1
1 1082763691581 4
1 1082763691582 1
1 1082763691584 1
1 1082763691585 4
1 1082763691586 1
1 1082763691602 1
1 1082763691603 1
1 1082763691606 1
1 1082763691607 1
1 1082763691610 1
1 1082763691611 1
1 1082763691614 1
1 1082763691615 1
1 1082763691618 1
1 1082763691619 1
1 1082763691661 1
1 1082763691662 4
1 1082763691663 1
1 1082763691665 1
1 1082763691666 4
1 1082763691667 1
1 1082763691669 1
1 1082763691670 4
1 1082763691671 1
1 1082763691673 1
1 1082763691674 4
1 1082763691675 1
1 1082763691677 1
1 1082763691678 4
1 1082763691679 1
1 1082763691681 1
1 1082763691682 4
1 1082763691683 1
1 1082763691724 1
1 1082763691725 4
1 1082763691726 1
1 1082763691728 1
1 1082763691729 4
1 1082763691730 1
1 1082763691732 1
1 1082763691733 4
1 1082763691734 1
1 1082763691736 1
1 1082763691737 4
1 1082763691738 1
1 1082763691740 1
1 1082763691741 4
1 1082763691742 1
1 1082763691744 1
1 1082763691745 4
1 1082763691746 1
1 1082763691788 4
1 1082763691789 1
1 1082763691792 4
1 1082763691793 1
1 1082763691796 4
1 1082763691797 1
1 1082763691800 4
1 1082763691801 1
1 1082763691804 4
1 1082763691805 1
1 1082763691808 4
1 1082763691809 1
1 1082763691838 1
1 1082763691839 1
1 1082763691842 1
1 1082763691843 1
1 1082763691846 1
1 1082763691847 1
1 1082763691850 1
1 1082763691851 1
1 1082763691854 1
1 1082763691855 1
1 1082763691858 1
1 1082763691859 1
1 1082763691901 1
1 1082763691902 4
1 1082763691903 1
1 1082763691905 1
1 1082763691906 4
1 1082763691907 1
1 1082763691909 1
1 1082763691910 4
1 1082763691911 1
1 1082763691913 1
1 1082763691914 4
1 1082763691915 1
1 1082763691917 1
1 1082763691918 4
1 1082763691919 1
1 1082763691921 1
1 1082763691922 4
1 1082763691923 1
1 1082763691964 1
1 1082763691965 4
1 1082763691966 1
1 1082763691968 1
1 1082763691969 4
1 1082763691970 1
1 1082763691972 1
1 1082763691973 4
1 1082763691974 1
1 1082763691976 1
1 1082763691977 4
1 1082763691978 1
1 1082763691980 1
1 1082763691981 4
1 1082763691982 1
1 1082763691984 1
1 1082763691985 4
1 1082763691986 1
1 1082763692002 1
1 1082763692003 1
1 1082763692006 1
1 1082763692007 1
1 1082763692010 1
1 1082763692011 1
1 1082763692014 1
1 1082763692015 1
1 1082763692018 1
1 1082763692019 1
1 1082763692061 1
1 1082763692062 4
1 1082763692063 1
1 1082763692065 1
1 1082763692066 4
1 1082763692067 1
1 1082763692069 1
1 1082763692070 4
1 1082763692071 1
1 1082763692073 1
1 1082763692074 4
1 1082763692075 1
1 1082763692077 1
1 1082763692078 4
1 1082763692079 1
1 1082763692081 1
1 1082763692082 4
1 1082763692083 1
1 1082763692124 1
1 1082763692125 4
1 1082763692126 1
1 1082763692128 1
1 1082763692129 4
1 1082763692130 1
1 1082763692132 1
1 1082763692133 4
1 1082763692134 1
1 1082763692136 1
1 1082763692137 4
1 1082763692138 1
1 1082763692140 1
1 1082763692141 4
1 1082763692142 1
1 1082763692144 1
1 1082763692145 4
1 1082763692146 1
1 1082763692188 4
1 1082763692189 1
1 1082763692192 4
1 1082763692193 1
1 1082763692196 4
1 1082763692197 1
1 1082763692200 4
1 1082763692201 1
1 1082763692204 4
1 1082763692205 1
1 1082763692208 4
1 1082763692209 1
1 1082763692238 1
1 1082763692239 1
1 1082763692242 1
1 1082763692243 1
1 1082763692246 1
1 1082763692247 1
1 1082763692250 1
1 1082763692251 1
1 1082763692254 1
1 1082763692255 1
1 1082763692258 1
1 1082763692259 1
1 1082763692301 1
1 1082763692302 4
1 1082763692303 1
1 1082763692305 1
1 1082763692306 4
1 1082763692307 1
1 1082763692309 1
1 1082763692310 4
1 1082763692311 1
1 1082763692313 1
1 1082763692314 4
1 1082763692315 1
1 1082763692317 1
1 1082763692318 4
1 1082763692319 1
1 1082763692321 1
1 1082763692322 4
1 1082763692323 1
1 1082763692364 1
1 1082763692365 4
1 1082763692366 1
1 1082763692368 1
1 1082763692369 4
1 1082763692370 1
1 1082763692372 1
1 1082763692373 4
1 1082763692374 1
1 1082763692376 1
1 1082763692377 4
1 1082763692378 1
1 1082763692380 1
1 1082763692381 4
1 1082763692382 1
1 1082763692384 1
1 1082763692385 4
1 1082763692386 1
1 1082763692402 1
1 1082763692403 1
1 1082763692406 1
1 1082763692407 1
1 1082763692410 1
1 1082763692411 1
1 1082763692414 1
1 1082763692415 1
1 1082763692418 1
1 1082763692419 1
1 1082763692461 1
1 1082763692462 4
1 1082763692463 1
1 1082763692465 1
1 1082763692466 4
1 1082763692467 1
1 1082763692469 1
1 1082763692470 4
1 1082763692471 1
1 1082763692473 1
1 1082763692474 4
1 1082763692475 1
1 1082763692477 1
1 1082763692478 4
1 1082763692479 1
1 1082763692481 1
1 1082763692482 4
1 1082763692483 1
1 1082763692524 1
1 1082763692525 4
1 1082763692526 1
1 1082763692528 1
1 1082763692529 4
1 1082763692530 1
1 1082763692532 1
1 1082763692533 4
1 1082763692534 1
1 1082763692536 1
1 1082763692537 4
1 1082763692538 1
1 1082763692540 1
1 1082763692541 4
1 1082763692542 1
1 1082763692544 1
1 1082763692545 4
1 1082763692546 1
1 1082763692588 4
1 1082763692589 1
1 1082763692592 4
1 1082763692593 1
1 1082763692596 4
1 1082763692597 1
1 1082763692600 4
1 1082763692601 1
1 1082763692604 4
1 1082763692605 1
1 1082763692608 4
1 1082763692609 1
1 1082763692638 1
1 1082763692639 1
1 1082763692642 1
1 1082763692643 1
1 1082763692646 1
1 1082763692647 1
1 1082763692650 1
1 1082763692651 1
1 1082763692654 1
1 1082763692655 1
1 1082763692658 1
1 1082763692659 1
1 1082763692701 1
1 1082763692702 4
1 1082763692703 1
1 1082763692705 1
1 1082763692706 4
1 1082763692707 1
1 1082763692709 1
1 1082763692710 4
1 1082763692711 1
1 1082763692713 1
1 1082763692714 4
1 1082763692715 1
1 1082763692717 1
1 1082763692718 4
1 1082763692719 1
1 1082763692721 1
1 1082763692722 4
1 1082763692723 1
1 1082763692764 1
1 1082763692765 4
1 1082763692766 1
1 1082763692768 1
1 1082763692769 4
1 1082763692770 1
1 1082763692772 1
1 1082763692773 4
1 1082763692774 1
1 1082763692776 1
1 1082763692777 4
1 1082763692778 1
1 1082763692780 1
1 1082763692781 4
1 1082763692782 1
1 1082763692784 1
1 1082763692785 4
1 1082763692786 1
1 1082763692802 1
1 1082763692803 1
1 1082763692806 1
1 1082763692807 1
1 1082763692810 1
1 1082763692811 1
1 1082763692814 1
1 1082763692815 1
1 1082763692818 1
1 1082763692819 1
1 1082763692861 1
1 1082763692862 4
1 1082763692863 1
1 1082763692865 1
1 1082763692866 4
1 1082763692867 1
1 1082763692869 1
1 1082763692870 4
1 1082763692871 1
1 1082763692873 1
1 1082763692874 4
1 1082763692875 1
1 1082763692877 1
1 1082763692878 4
1 1082763692879 1
1 1082763692881 1
1 1082763692882 4
1 1082763692883 1
1 1082763692924 1
1 1082763692925 4
1 1082763692926 1
1 1082763692928 1
1 1082763692929 4
1 1082763692930 1
1 1082763692932 1
1 1082763692933 4
1 1082763692934 1
1 1082763692936 1
1 1082763692937 4
1 1082763692938 1
1 1082763692940 1
1 1082763692941 4
1 1082763692942 1
1 1082763692944 1
1 1082763692945 4
1 1082763692946 1
1 1082763692988 4
1 1082763692989 1
1 1082763692992 4
1 1082763692993 1
1 1082763692996 4
1 1082763692997 1
1 1082763693000 4
1 1082763693001 1
1 1082763693004 4
1 1082763693005 1
1 1082763693008 4
1 1082763693009 1
1 1082763693038 1
1 1082763693039 1
1 1082763693042 1
1 1082763693043 1
1 1082763693046 1
1 1082763693047 1
1 1082763693050 1
1 1082763693051 1
1 1082763693054 1
1 1082763693055 1
1 1082763693058 1
1 1082763693059 1
1 1082763693101 1
1 1082763693102 4
1 1082763693103 1
1 1082763693105 1
1 1082763693106 4
1 1082763693107 1
1 1082763693109 1
1 1082763693110 4
1 1082763693111 1
1 1082763693113 1
1 1082763693114 4
1 1082763693115 1
1 1082763693117 1
1 1082763693118 4
1 1082763693119 1
1 1082763693121 1
1 1082763693122 4
1 1082763693123 1
1 1082763693164 1
1 1082763693165 4
1 1082763693166 1
1 1082763693168 1
1 1082763693169 4
1 1082763693170 1
1 1082763693172 1
1 1082763693173 4
1 1082763693174 1
1 1082763693176 1
1 1082763693177 4
1 1082763693178 1
1 1082763693180 1
1 1082763693181 4
1 1082763693182 1
1 1082763693184 1
1 1082763693185 4
1 1082763693186 1
1 1082763693202 1
1 1082763693203 1
1 1082763693206 1
1 1082763693207 1
1 1082763693210 1
1 1082763693211 1
1 1082763693214 1
1 1082763693215 1
1 1082763693218 1
1 1082763693219 1
1 1082763693261 1
1 1082763693262 4
1 1082763693263 1
1 1082763693265 1
1 1082763693266 4
1 1082763693267 1
1 1082763693269 1
1 1082763693270 4
1 1082763693271 1
1 1082763693273 1
1 1082763693274 4
1 1082763693275 1
1 1082763693277 1
1 1082763693278 4
1 1082763693279 1
1 1082763693281 1
1 1082763693282 4
1 1082763693283 1
1 1082763693324 1
1 1082763693325 4
1 1082763693326 1
1 1082763693328 1
1 1082763693329 4
1 1082763693330 1
1 1082763693332 1
1 1082763693333 4
1 1082763693334 1
1 1082763693336 1
1 1082763693337 4
1 1082763693338 1
1 1082763693340 1
1 1082763693341 4
1 1082763693342 1
1 1082763693344 1
1 1082763693345 4
1 1082763693346 1
1 1082763693388 4
1 1082763693389 1
1 1082763693392 4
1 1082763693393 1
1 1082763693396 4
1 1082763693397 1
1 1082763693400 4
1 1082763693401 1
1 1082763693404 4
1 1082763693405 1
1 1082763693408 4
1 1082763693409 1
1 1082763693438 1
1 1082763693439 1
1 1082763693442 1
1 1082763693443 1
1 1082763693446 1
1 1082763693447 1
1 1082763693450 1
1 1082763693451 1
1 1082763693454 1
1 1082763693455 1
1 1082763693458 1
1 1082763693459 1
1 1082763693501 1
1 1082763693502 4
1 1082763693503 1
1 1082763693505 1
1 1082763693506 4
1 1082763693507 1
1 1082763693509 1
1 1082763693510 4
1 1082763693511 1
1 1082763693513 1
1 1082763693514 4
1 1082763693515 1
1 1082763693517 1
1 1082763693518 4
1 1082763693519 1
1 1082763693521 1
1 1082763693522 4
1 1082763693523 1
1 1082763693564 1
1 1082763693565 4
1 1082763693566 1
1 1082763693568 1
1 1082763693569 4
1 1082763693570 1
1 1082763693572 1
1 1082763693573 4
1 1082763693574 1
1 1082763693576 1
1 1082763693577 4
1 1082763693578 1
1 1082763693580 1
1 1082763693581 4
1 1082763693582 1
1 1082763693584 1
1 1082763693585 4
1 1082763693586 1
1 1082763693602 1
1 1082763693603 1
1 1082763693606 1
1 1082763693607 1
1 1082763693610 1
1 1082763693611 1
1 1082763693614 1
1 1082763693615 1
1 1082763693618 1
1 1082763693619 1
1 1082763693661 1
1 1082763693662 4
1 1082763693663 1
1 1082763693665 1
1 1082763693666 4
1 1082763693667 1
1 1082763693669 1
1 1082763693670 4
1 1082763693671 1
1 1082763693673 1
1 1082763693674 4
1 1082763693675 1
1 1082763693677 1
1 1082763693678 4
1 1082763693679 1
1 1082763693681 1
1 1082763693682 4
1 1082763693683 1
1 1082763693724 1
1 1082763693725 4
1 1082763693726 1
1 1082763693728 1
1 1082763693729 4
1 1082763693730 1
1 1082763693732 1
1 1082763693733 4
1 1082763693734 1
1 1082763693736 1
1 1082763693737 4
1 1082763693738 1
1 1082763693740 1
1 1082763693741 4
1 1082763693742 1
1 1082763693744 1
1 1082763693745 4
1 1082763693746 1
1 1082763693788 4
1 1082763693789 1
1 1082763693792 4
1 1082763693793 1
1 1082763693796 4
1 1082763693797 1
1 1082763693800 4
1 1082763693801 1
1 1082763693804 4
1 1082763693805 1
1 1082763693808 4
1 1082763693809 1
1 1082763693838 1
1 1082763693839 1
1 1082763693842 1
1 1082763693843 1
1 1082763693846 1
1 1082763693847 1
1 1082763693850 1
1 1082763693851 1
1 1082763693854 1
1 1082763693855 1
1 1082763693858 1
1 1082763693859 1
1 1082763693901 1
1 1082763693902 4
1 1082763693903 1
1 1082763693905 1
1 1082763693906 4
1 1082763693907 1
1 1082763693909 1
1 1082763693910 4
1 1082763693911 1
1 1082763693913 1
1 1082763693914 4
1 1082763693915 1
1 1082763693917 1
1 1082763693918 4
1 1082763693919 1
1 1082763693921 1
1 1082763693922 4
1 1082763693923 1
1 1082763693964 1
1 1082763693965 4
1 1082763693966 1
1 1082763693968 1
1 1082763693969 4
1 1082763693970 1
1 1082763693972 1
1 1082763693973 4
1 1082763693974 1
1 1082763693976 1
1 1082763693977 4
1 1082763693978 1
1 1082763693980 1
1 1082763693981 4
1 1082763693982 1
1 1082763693984 1
1 1082763693985 4
1 1082763693986 1
1 1082763694002 1
1 1082763694003 1
1 1082763694006 1
1 1082763694007 1
1 1082763694010 1
1 1082763694011 1
1 1082763694014 1
1 1082763694015 1
1 1082763694018 1
1 1082763694019 1
1 1082763694061 1
1 1082763694062 4
1 1082763694063 1
1 1082763694065 1
1 1082763694066 4
1 1082763694067 1
1 1082763694069 1
1 1082763694070 4
1 1082763694071 1
1 1082763694073 1
1 1082763694074 4
1 1082763694075 1
1 1082763694077 1
1 1082763694078 4
1 1082763694079 1
1 1082763694081 1
1 1082763694082 4
1 1082763694083 1
1 1082763694124 1
1 1082763694125 4
1 1082763694126 1
1 1082763694128 1
1 1082763694129 4
1 1082763694130 1
1 1082763694132 1
1 1082763694133 4
1 1082763694134 1
1 1082763694136 1
1 1082763694137 4
1 1082763694138 1
1 1082763694140 1
1 1082763694141 4
1 1082763694142 1
1 1082763694144 1
1 1082763694145 4
1 1082763694146 1
1 1082763694188 4
1 1082763694189 1
1 1082763694192 4
1 1082763694193 1
1 1082763694196 4
1 1082763694197 1
1 1082763694200 4
1 1082763694201 1
1 1082763694204 4
1 1082763694205 1
1 1082763694208 4
1 1082763694209 1
1 1082763694238 1
1 1082763694239 1
1 1082763694242 1
1 1082763694243 1
1 1082763694246 1
1 1082763694247 1
1 1082763694250 1
1 1082763694251 1
1 1082763694254 1
1 1082763694255 1
1 1082763694258 1
1 1082763694259 1
1 1082763694301 1
1 1082763694302 4
1 1082763694303 1
1 1082763694305 1
1 1082763694306 4
1 1082763694307 1
1 1082763694309 1
1 1082763694310 4
1 1082763694311 1
1 1082763694313 1
1 1082763694314 4
1 1082763694315 1
1 1082763694317 1
1 1082763694318 4
1 1082763694319 1
1 1082763694321 1
1 1082763694322 4
1 1082763694323 1
1 1082763694364 1
1 1082763694365 4
1 1082763694366 1
1 1082763694368 1
1 1082763694369 4
1 1082763694370 1
1 1082763694372 1
1 1082763694373 4
1 1082763694374 1
1 1082763694376 1
1 1082763694377 4
1 1082763694378 1
1 1082763694380 1
1 1082763694381 4
1 1082763694382 1
1 1082763694384 1
1 1082763694385 4
1 1082763694386 1
1 1082763694402 1
1 1082763694403 1
1 1082763694406 1
1 1082763694407 1
1 1082763694410 1
1 1082763694411 1
1 1082763694414 1
1 1082763694415 1
1 1082763694418 1
1 1082763694419 1
1 1082763694461 1
1 1082763694462 4
1 1082763694463 1
1 1082763694465 1
1 1082763694466 4
1 1082763694467 1
1 1082763694469 1
1 1082763694470 4
1 1082763694471 1
1 1082763694473 1
1 1082763694474 4
1 1082763694475 1
1 1082763694477 1
1 1082763694478 4
1 1082763694479 1
1 1082763694481 1
1 1082763694482 4
1 1082763694483 1
1 1082763694524 1
1 1082763694525 4
1 1082763694526 1
1 1082763694528 1
1 1082763694529 4
1 1082763694530 1
1 1082763694532 1
1 1082763694533 4
1 1082763694534 1
1 1082763694536 1
1 1082763694537 4
1 1082763694538 1
1 1082763694540 1
1 1082763694541 4
1 1082763694542 1
1 1082763694544 1
1 1082763694545 4
1 1082763694546 1
1 1082763694588 4
1 1082763694589 1
1 1082763694592 4
1 1082763694593 1
1 1082763694596 4
1 1082763694597 1
1 1082763694600 4
1 1082763694601 1
1 1082763694604 4
1 1082763694605 1
1 1082763694608 4
1 1082763694609 1
1 1082763694638 1
1 1082763694639 1
1 1082763694642 1
1 1082763694643 1
1 1082763694646 1
1 1082763694647 1
1 1082763694650 1
1 1082763694651 1
1 1082763694654 1
1 1082763694655 1
1 1082763694658 1
1 1082763694659 1
1 1082763694701 1
1 1082763694702 4
1 1082763694703 1
1 1082763694705 1
1 1082763694706 4
1 1082763694707 1
1 1082763694709 1
1 1082763694710 4
1 1082763694711 1
1 1082763694713 1
1 1082763694714 4
1 1082763694715 1
1 1082763694717 1
1 1082763694718 4
1 1082763694719 1
1 1082763694721 1
1 1082763694722 4
1 1082763694723 1
1 1082763694764 1
1 1082763694765 4
1 1082763694766 1
1 1082763694768 1
1 1082763694769 4
1 1082763694770 1
1 1082763694772 1
1 1082763694773 4
1 1082763694774 1
1 1082763694776 1
1 1082763694777 4
1 1082763694778 1
1 1082763694780 1
1 1082763694781 4
1 1082763694782 1
1 1082763694784 1
1 1082763694785 4
1 1082763694786 1
1 1082763694802 1
1 1082763694803 1
1 1082763694806 1
1 1082763694807 1
1 1082763694810 1
1 1082763694811 1
1 1082763694814 1
1 1082763694815 1
1 1082763694818 1
1 1082763694819 1
1 1082763694861 1
1 1082763694862 4
1 1082763694863 1
1 1082763694865 1
1 1082763694866 4
1 1082763694867 1
1 1082763694869 1
1 1082763694870 4
1 1082763694871 1
1 1082763694873 1
1 1082763694874 4
1 1082763694875 1
1 1082763694877 1
1 1082763694878 4
1 1082763694879 1
1 1082763694881 1
1 1082763694882 4
1 1082763694883 1
1 1082763694924 1
1 1082763694925 4
1 1082763694926 1
1 1082763694928 1
1 1082763694929 4
1 1082763694930 1
1 1082763694932 1
1 1082763694933 4
1 1082763694934 1
1 1082763694936 1
1 1082763694937 4
1 1082763694938 1
1 1082763694940 1
1 1082763694941 4
1 1082763694942 1
1 1082763694944 1
1 1082763694945 4
1 1082763694946 1
1 1082763694988 4
1 1082763694989 1
1 1082763694992 4
1 1082763694993 1
1 1082763694996 4
1 1082763694997 1
1 1082763695000 4
1 1082763695001 1
1 1082763695004 4
1 1082763695005 1
1 1082763695008 4
1 1082763695009 1
1 1082763695038 1
1 1082763695039 1
1 1082763695042 1
1 1082763695043 1
1 1082763695046 1
1 1082763695047 1
1 1082763695050 1
1 1082763695051 1
1 1082763695054 1
1 1082763695055 1
1 1082763695058 1
1 1082763695059 1
1 1082763695101 1
1 1082763695102 4
1 1082763695103 1
1 1082763695105 1
1 1082763695106 4
1 1082763695107 1
1 1082763695109 1
1 1082763695110 4
1 1082763695111 1
1 1082763695113 1
1 1082763695114 4
1 1082763695115 1
1 1082763695117 1
1 1082763695118 4
1 1082763695119 1
1 1082763695121 1
1 1082763695122 4
1 1082763695123 1
1 1082763695164 1
1 1082763695165 4
1 1082763695166 1
1 1082763695168 1
1 1082763695169 4
1 1082763695170 1
1 1082763695172 1
1 1082763695173 4
1 1082763695174 1
1 1082763695176 1
1 1082763695177 4
1 1082763695178 1
1 1082763695180 1
1 1082763695181 4
1 1082763695182 1
1 1082763695184 1
1 1082763695185 4
1 1082763695186 1
1 1082763695202 1
1 1082763695203 1
1 1082763695206 1
1 1082763695207 1
1 1082763695210 1
1 1082763695211 1
1 1082763695214 1
1 1082763695215 1
1 1082763695218 1
1 1082763695219 1
1 1082763695261 1
1 1082763695262 4
1 1082763695263 1
1 1082763695265 1
1 1082763695266 4
1 1082763695267 1
1 1082763695269 1
1 1082763695270 4
1 1082763695271 1
1 1082763695273 1
1 1082763695274 4
1 1082763695275 1
1 1082763695277 1
1 1082763695278 4
1 1082763695279 1
1 1082763695281 1
1 1082763695282 4
1 1082763695283 1
1 1082763695324 1
1 1082763695325 4
1 1082763695326 1
1 1082763695328 1
1 1082763695329 4
1 1082763695330 1
1 1082763695332 1
1 1082763695333 4
1 1082763695334 1
1 1082763695336 1
1 1082763695337 4
1 1082763695338 1
1 1082763695340 1
1 1082763695341 4
1 1082763695342 1
1 1082763695344 1
1 1082763695345 4
1 1082763695346 1
1 1082763695388 4
1 1082763695389 1
1 1082763695392 4
1 1082763695393 1
1 1082763695396 4
1 1082763695397 1
1 1082763695400 4
1 1082763695401 1
1 1082763695404 4
1 1082763695405 1
1 1082763695408 4
1 1082763695409 1
1 1082763695438 1
1 1082763695439 1
1 1082763695442 1
1 1082763695443 1
1 1082763695446 1
1 1082763695447 1
1 1082763695450 1
1 1082763695451 1
1 1082763695454 1
1 1082763695455 1
1 1082763695458 1
1 1082763695459 1
1 1082763695501 1
1 1082763695502 4
1 1082763695503 1
1 1082763695505 1
1 1082763695506 4
1 1082763695507 1
1 1082763695509 1
1 1082763695510 4
1 1082763695511 1
1 1082763695513 1
1 1082763695514 4
1 1082763695515 1
1 1082763695517 1
1 1082763695518 4
1 1082763695519 1
1 1082763695521 1
1 1082763695522 4
1 1082763695523 1
1 1082763695564 1
1 1082763695565 4
1 1082763695566 1
1 1082763695568 1
1 1082763695569 4
1 1082763695570 1
1 1082763695572 1
1 1082763695573 4
1 1082763695574 1
1 1082763695576 1
1 1082763695577 4
1 1082763695578 1
1 1082763695580 1
1 1082763695581 4
1 1082763695582 1
1 1082763695584 1
1 1082763695585 4
1 1082763695586 1
1 1082763695602 1
1 1082763695603 1
1 1082763695606 1
1 1082763695607 1
1 1082763695610 1
1 1082763695611 1
1 1082763695614 1
1 1082763695615 1
1 1082763695618 1
1 1082763695619 1
1 1082763695661 1
1 1082763695662 4
1 1082763695663 1
1 1082763695665 1
1 1082763695666 4
1 1082763695667 1
1 1082763695669 1
1 1082763695670 4
1 1082763695671 1
1 1082763695673 1
1 1082763695674 4
1 1082763695675 1
1 1082763695677 1
1 1082763695678 4
1 1082763695679 1
1 1082763695681 1
1 1082763695682 4
1 1082763695683 1
1 1082763695724 1
1 1082763695725 4
1 1082763695726 1
1 1082763695728 1
1 1082763695729 4
1 1082763695730 1
1 1082763695732 1
1 1082763695733 4
1 1082763695734 1
1 1082763695736 1
1 1082763695737 4
1 1082763695738 1
1 1082763695740 1
1 1082763695741 4
1 1082763695742 1
1 1082763695744 1
1 1082763695745 4
1 1082763695746 1
1 1082763695788 4
1 1082763695789 1
1 1082763695792 4
1 1082763695793 1
1 1082763695796 4
1 1082763695797 1
1 1082763695800 4
1 1082763695801 1
1 1082763695804 4
1 1082763695805 1
1 1082763695808 4
1 1082763695809 1
1 1082763695838 1
1 1082763695839 1
1 1082763695842 1
1 1082763695843 1
1 1082763695846 1
1 1082763695847 1
1 1082763695850 1
1 1082763695851 1
1 1082763695854 1
1 1082763695855 1
1 1082763695858 1
1 1082763695859 1
1 1082763695901 1
1 1082763695902 4
1 1082763695903 1
1 1082763695905 1
1 1082763695906 4
1 1082763695907 1
1 1082763695909 1
1 1082763695910 4
1 1082763695911 1
1 1082763695913 1
1 1082763695914 4
1 1082763695915 1
1 1082763695917 1
1 1082763695918 4
1 1082763695919 1
1 1082763695921 1
1 1082763695922 4
1 1082763695923 1
1 1082763695964 1
1 1082763695965 4
1 1082763695966 1
1 1082763695968 1
1 1082763695969 4
1 1082763695970 1
1 1082763695972 1
1 1082763695973 4
1 1082763695974 1
1 1082763695976 1
1 1082763695977 4
1 1082763695978 1
1 1082763695980 1
1 1082763695981 4
1 1082763695982 1
1 1082763695984 1
1 1082763695985 4
1 1082763695986 1
1 1082763696002 1
1 1082763696003 1
1 1082763696006 1
1 1082763696007 1
1 1082763696010 1
1 1082763696011 1
1 1082763696014 1
1 1082763696015 1
1 1082763696018 1
1 1082763696019 1
1 1082763696061 1
1 1082763696062 4
1 1082763696063 1
1 1082763696065 1
1 1082763696066 4
1 1082763696067 1
1 1082763696069 1
1 1082763696070 4
1 1082763696071 1
1 1082763696073 1
1 1082763696074 4
1 1082763696075 1
1 1082763696077 1
1 1082763696078 4
1 1082763696079 1
1 1082763696081 1
1 1082763696082 4
1 1082763696083 1
1 1082763696124 1
1 1082763696125 4
1 1082763696126 1
1 1082763696128 1
1 1082763696129 4
1 1082763696130 1
1 1082763696132 1
1 1082763696133 4
1 1082763696134 1
1 1082763696136 1
1 1082763696137 4
1 1082763696138 1
1 1082763696140 1
1 1082763696141 4
1 1082763696142 1
1 1082763696144 1
1 1082763696145 4
1 1082763696146 1
1 1082763696188 4
1 1082763696189 1
1 1082763696192 4
1 1082763696193 1
1 1082763696196 4
1 1082763696197 1
1 1082763696200 4
1 1082763696201 1
1 1082763696204 4
1 1082763696205 1
1 1082763696208 4
1 1082763696209 1
1 1082763696238 1
1 1082763696239 1
1 1082763696242 1
1 1082763696243 1
1 1082763696246 1
1 1082763696247 1
1 1082763696250 1
1 1082763696251 1
1 1082763696254 1
1 1082763696255 1
1 1082763696258 1
1 1082763696259 1
1 1082763696301 1
1 1082763696302 4
1 1082763696303 1
1 1082763696305 1
1 1082763696306 4
1 1082763696307 1
1 1082763696309 1
1 1082763696310 4
1 1082763696311 1
1 1082763696313 1
1 1082763696314 4
1 1082763696315 1
1 1082763696317 1
1 1082763696318 4
1 1082763696319 1
1 1082763696321 1
1 1082763696322 4
1 1082763696323 1
1 1082763696364 1
1 1082763696365 4
1 1082763696366 1
1 1082763696368 1
1 1082763696369 4
1 1082763696370 1
1 1082763696372 1
1 1082763696373 4
1 1082763696374 1
1 1082763696376 1
1 1082763696377 4
1 1082763696378 1
1 1082763696380 1
1 1082763696381 4
1 1082763696382 1
1 1082763696384 1
1 1082763696385 4
1 1082763696386 1
1 1082763696402 1
1 1082763696403 1
1 1082763696406 1
1 1082763696407 1
1 1082763696410 1
1 1082763696411 1
1 1082763696414 1
1 1082763696415 1
1 1082763696418 1
1 1082763696419 1
1 1082763696461 1
1 1082763696462 4
1 1082763696463 1
1 1082763696465 1
1 1082763696466 4
1 1082763696467 1
1 1082763696469 1
1 1082763696470 4
1 1082763696471 1
1 1082763696473 1
1 1082763696474 4
1 1082763696475 1
1 1082763696477 1
1 1082763696478 4
1 1082763696479 1
1 1082763696481 1
1 1082763696482 4
1 1082763696483 1
1 1082763696524 1
1 1082763696525 4
1 1082763696526 1
1 1082763696528 1
1 1082763696529 4
1 1082763696530 1
1 1082763696532 1
1 1082763696533 4
1 1082763696534 1
1 1082763696536 1
1 1082763696537 4
1 1082763696538 1
1 1082763696540 1
1 1082763696541 4
1 1082763696542 1
1 1082763696544 1
1 1082763696545 4
1 1082763696546 1
1 1082763696588 4
1 1082763696589 1
1 1082763696592 4
1 1082763696593 1
1 1082763696596 4
1 1082763696597 1
1 1082763696600 4
1 1082763696601 1
1 1082763696604 4
1 1082763696605 1
1 1082763696608 4
1 1082763696609 1
1 1082763696638 1
1 1082763696639 1
1 1082763696642 1
1 1082763696643 1
1 1082763696646 1
1 1082763696647 1
1 1082763696650 1
1 1082763696651 1
1 1082763696654 1
1 1082763696655 1
1 1082763696658 1
1 1082763696659 1
1 1082763696701 1
1 1082763696702 4
1 1082763696703 1
1 1082763696705 1
1 1082763696706 4
1 1082763696707 1
1 1082763696709 1
1 1082763696710 4
1 1082763696711 1
1 1082763696713 1
1 1082763696714 4
1 1082763696715 1
1 1082763696717 1
1 1082763696718 4
1 1082763696719 1
1 1082763696721 1
1 1082763696722 4
1 1082763696723 1
1 1082763696764 1
1 1082763696765 4
1 1082763696766 1
1 1082763696768 1
1 1082763696769 4
1 1082763696770 1
1 1082763696772 1
1 1082763696773 4
1 1082763696774 1
1 1082763696776 1
1 1082763696777 4
1 1082763696778 1
1 1082763696780 1
1 1082763696781 4
1 1082763696782 1
1 1082763696784 1
1 1082763696785 4
1 1082763696786 1
1 1082763696802 1
1 1082763696803 1
1 1082763696806 1
1 1082763696807 1
1 1082763696810 1
1 1082763696811 1
1 1082763696814 1
1 1082763696815 1
1 1082763696818 1
1 1082763696819 1
1 1082763696861 1
1 1082763696862 4
1 1082763696863 1
1 1082763696865 1
1 1082763696866 4
1 1082763696867 1
1 1082763696869 1
1 1082763696870 4
1 1082763696871 1
1 1082763696873 1
1 1082763696874 4
1 1082763696875 1
1 1082763696877 1
1 1082763696878 4
1 1082763696879 1
1 1082763696881 1
1 1082763696882 4
1 1082763696883 1
1 1082763696924 1
1 1082763696925 4
1 1082763696926 1
1 1082763696928 1
1 1082763696929 4
1 1082763696930 1
1 1082763696932 1
1 1082763696933 4
1 1082763696934 1
1 1082763696936 1
1 1082763696937 4
1 1082763696938 1
1 1082763696940 1
1 1082763696941 4
1 1082763696942 1
1 1082763696944 1
1 1082763696945 4
1 1082763696946 1
1 1082763696988 4
1 1082763696989 1
1 1082763696992 4
1 1082763696993 1
1 1082763696996 4
1 1082763696997 1
1 1082763697000 4
1 1082763697001 1
1 1082763697004 4
1 1082763697005 1
1 1082763697008 4
1 1082763697009 1
1 1082763697038 1
1 1082763697039 1
1 1082763697042 1
1 1082763697043 1
1 1082763697046 1
1 1082763697047 1
1 1082763697050 1
1 1082763697051 1
1 1082763697054 1
1 1082763697055 1
1 1082763697058 1
1 1082763697059 1
1 1082763697101 1
1 1082763697102 4
1 1082763697103 1
1 1082763697105 1
1 1082763697106 4
1 1082763697107 1
1 1082763697109 1
1 1082763697110 4
1 1082763697111 1
1 1082763697113 1
1 1082763697114 4
1 1082763697115 1
1 1082763697117 1
1 1082763697118 4
1 1082763697119 1
1 1082763697121 1
1 1082763697122 4
1 1082763697123 1
1 1082763697164 1
1 1082763697165 4
1 1082763697166 1
1 1082763697168 1
1 1082763697169 4
1 1082763697170 1
1 1082763697172 1
1 1082763697173 4
1 1082763697174 1
1 1082763697176 1
1 1082763697177 4
1 1082763697178 1
1 1082763697180 1
1 1082763697181 4
1 1082763697182 1
1 1082763697184 1
1 1082763697185 4
1 1082763697186 1
1 1082763697202 1
1 1082763697203 1
1 1082763697206 1
1 1082763697207 1
1 1082763697210 1
1 1082763697211 1
1 1082763697214 1
1 1082763697215 1
1 1082763697218 1
1 1082763697219 1
1 1082763697261 1
1 1082763697262 4
1 1082763697263 1
1 1082763697265 1
1 1082763697266 4
1 1082763697267 1
1 1082763697269 1
1 1082763697270 4
1 1082763697271 1
1 1082763697273 1
1 1082763697274 4
1 1082763697275 1
1 1082763697277 1
1 1082763697278 4
1 1082763697279 1
1 1082763697281 1
1 1082763697282 4
1 1082763697283 1
1 1082763697324 1
1 1082763697325 4
1 1082763697326 1
1 1082763697328 1
1 1082763697329 4
1 1082763697330 1
1 1082763697332 1
1 1082763697333 4
1 1082763697334 1
1 1082763697336 1
1 1082763697337 4
1 1082763697338 1
1 1082763697340 1
1 1082763697341 4
1 1082763697342 1
1 1082763697344 1
1 1082763697345 4
1 1082763697346 1
1 1082763697388 4
1 1082763697389 1
1 1082763697392 4
1 1082763697393 1
1 1082763697396 4
1 1082763697397 1
1 1082763697400 4
1 1082763697401 1
1 1082763697404 4
1 1082763697405 1
1 1082763697408 4
1 1082763697409 1
1 1082763697438 1
1 1082763697439 1
1 1082763697442 1
1 1082763697443 1
1 1082763697446 1
1 1082763697447 1
1 1082763697450 1
1 1082763697451 1
1 1082763697454 1
1 1082763697455 1
1 1082763697458 1
1 1082763697459 1
1 1082763697501 1
1 1082763697502 4
1 1082763697503 1
1 1082763697505 1
1 1082763697506 4
1 1082763697507 1
1 1082763697509 1
1 1082763697510 4
1 1082763697511 1
1 1082763697513 1
1 1082763697514 4
1 1082763697515 1
1 1082763697517 1
1 1082763697518 4
1 1082763697519 1
1 1082763697521 1
1 1082763697522 4
1 1082763697523 1
1 1082763697564 1
1 1082763697565 4
1 1082763697566 1
1 1082763697568 1
1 1082763697569 4
1 1082763697570 1
1 1082763697572 1
1 1082763697573 4
1 1082763697574 1
1 1082763697576 1
1 1082763697577 4
1 1082763697578 1
1 1082763697580 1
1 1082763697581 4
1 1082763697582 1
1 1082763697584 1
1 1082763697585 4
1 1082763697586 1
1 1082763697602 1
1 1082763697603 1
1 1082763697606 1
1 1082763697607 1
1 1082763697610 1
1 1082763697611 1
1 1082763697614 1
1 1082763697615 1
1 1082763697618 1
1 1082763697619 1
1 1082763697661 1
1 1082763697662 4
1 1082763697663 1
1 1082763697665 1
1 1082763697666 4
1 1082763697667 1
1 1082763697669 1
1 1082763697670 4
1 1082763697671 1
1 1082763697673 1
1 1082763697674 4
1 1082763697675 1
1 1082763697677 1
1 1082763697678 4
1 1082763697679 1
1 1082763697681 1
1 1082763697682 4
1 1082763697683 1
1 1082763697724 1
1 1082763697725 4
1 1082763697726 1
1 1082763697728 1
1 1082763697729 4
1 1082763697730 1
1 1082763697732 1
1 1082763697733 4
1 1082763697734 1
1 1082763697736 1
1 1082763697737 4
1 1082763697738 1
1 1082763697740 1
1 1082763697741 4
1 1082763697742 1
1 1082763697744 1
1 1082763697745 4
1 1082763697746 1
1 1082763697788 4
1 1082763697789 1
1 1082763697792 4
1 1082763697793 1
1 1082763697796 4
1 1082763697797 1
1 1082763697800 4
1 1082763697801 1
1 1082763697804 4
1 1082763697805 1
1 1082763697808 4
1 1082763697809 1
1 1082763697838 1
1 1082763697839 1
1 1082763697842 1
1 1082763697843 1
1 1082763697846 1
1 1082763697847 1
1 1082763697850 1
1 1082763697851 1
1 1082763697854 1
1 1082763697855 1
1 1082763697858 1
1 1082763697859 1
1 1082763697901 1
1 1082763697902 4
1 1082763697903 1
1 1082763697905 1
1 1082763697906 4
1 1082763697907 1
1 1082763697909 1
1 1082763697910 4
1 1082763697911 1
1 1082763697913 1
1 1082763697914 4
1 1082763697915 1
1 1082763697917 1
1 1082763697918 4
1 1082763697919 1
1 1082763697921 1
1 1082763697922 4
1 1082763697923 1
1 1082763697964 1
1 1082763697965 4
1 1082763697966 1
1 1082763697968 1
1 1082763697969 4
1 1082763697970 1
1 1082763697972 1
1 1082763697973 4
1 1082763697974 1
1 1082763697976 1
1 1082763697977 4
1 1082763697978 1
1 1082763697980 1
1 1082763697981 4
1 1082763697982 1
1 1082763697984 1
1 1082763697985 4
1 1082763697986 1
1 1082763698002 1
1 1082763698003 1
1 1082763698006 1
1 1082763698007 1
1 1082763698010 1
1 1082763698011 1
1 1082763698014 1
1 1082763698015 1
1 1082763698018 1
1 1082763698019 1
1 1082763698061 1
1 1082763698062 4
1 1082763698063 1
1 1082763698065 1
1 1082763698066 4
1 1082763698067 1
1 1082763698069 1
1 1082763698070 4
1 1082763698071 1
1 1082763698073 1
1 1082763698074 4
1 1082763698075 1
1 1082763698077 1
1 1082763698078 4
1 1082763698079 1
1 1082763698081 1
1 1082763698082 4
1 1082763698083 1
1 1082763698124 1
1 1082763698125 4
1 1082763698126 1
1 1082763698128 1
1 1082763698129 4
1 1082763698130 1
1 1082763698132 1
1 1082763698133 4
1 1082763698134 1
1 1082763698136 1
1 1082763698137 4
1 1082763698138 1
1 1082763698140 1
1 1082763698141 4
1 1082763698142 1
1 1082763698144 1
1 1082763698145 4
1 1082763698146 1
1 1082763698188 4
1 1082763698189 1
1 1082763698192 4
1 1082763698193 1
1 1082763698196 4
1 1082763698197 1
1 1082763698200 4
1 1082763698201 1
1 1082763698204 4
1 1082763698205 1
1 1082763698208 4
1 1082763698209 1
1 1082763698238 1
1 1082763698239 1
1 1082763698242 1
1 1082763698243 1
1 1082763698246 1
1 1082763698247 1
1 1082763698250 1
1 1082763698251 1
1 1082763698254 1
1 1082763698255 1
1 1082763698258 1
1 1082763698259 1
1 1082763698301 1
1 1082763698302 4
1 1082763698303 1
1 1082763698305 1
1 1082763698306 4
1 1082763698307 1
1 1082763698309 1
1 1082763698310 4
1 1082763698311 1
1 1082763698313 1
1 1082763698314 4
1 1082763698315 1
1 1082763698317 1
1 1082763698318 4
1 1082763698319 1
1 1082763698321 1
1 1082763698322 4
1 1082763698323 1
1 1082763698364 1
1 1082763698365 4
1 1082763698366 1
1 1082763698368 1
1 1082763698369 4
1 1082763698370 1
1 1082763698372 1
1 1082763698373 4
1 1082763698374 1
1 1082763698376 1
1 1082763698377 4
1 1082763698378 1
1 1082763698380 1
1 1082763698381 4
1 1082763698382 1
1 1082763698384 1
1 1082763698385 4
1 1082763698386 1
1 1082763698402 1
1 1082763698403 1
1 1082763698406 1
1 1082763698407 1
1 1082763698410 1
1 1082763698411 1
1 1082763698414 1
1 1082763698415 1
1 1082763698418 1
1 1082763698419 1
1 1082763698461 1
1 1082763698462 4
1 1082763698463 1
1 1082763698465 1
1 1082763698466 4
1 1082763698467 1
1 1082763698469 1
1 1082763698470 4
1 1082763698471 1
1 1082763698473 1
1 1082763698474 4
1 1082763698475 1
1 1082763698477 1
1 1082763698478 4
1 1082763698479 1
1 1082763698481 1
1 1082763698482 4
1 1082763698483 1
1 1082763698524 1
1 1082763698525 4
1 1082763698526 1
1 1082763698528 1
1 1082763698529 4
1 1082763698530 1
1 1082763698532 1
1 1082763698533 4
1 1082763698534 1
1 1082763698536 1
1 1082763698537 4
1 1082763698538 1
1 1082763698540 1
1 1082763698541 4
1 1082763698542 1
1 1082763698544 1
1 1082763698545 4
1 1082763698546 1
1 1082763698588 4
1 1082763698589 1
1 1082763698592 4
1 1082763698593 1
1 1082763698596 4
1 1082763698597 1
1 1082763698600 4
1 1082763698601 1
1 1082763698604 4
1 1082763698605 1
1 1082763698608 4
1 1082763698609 1
1 1082763698638 1
1 1082763698639 1
1 1082763698642 1
1 1082763698643 1
1 1082763698646 1
1 1082763698647 1
1 1082763698650 1
1 1082763698651 1
1 1082763698654 1
1 1082763698655 1
1 1082763698658 1
1 1082763698659 1
1 1082763698701 1
1 1082763698702 4
1 1082763698703 1
1 1082763698705 1
1 1082763698706 4
1 1082763698707 1
1 1082763698709 1
1 1082763698710 4
1 1082763698711 1
1 1082763698713 1
1 1082763698714 4
1 1082763698715 1
1 1082763698717 1
1 1082763698718 4
1 1082763698719 1
1 1082763698721 1
1 1082763698722 4
1 1082763698723 1
1 1082763698764 1
1 1082763698765 4
1 1082763698766 1
1 1082763698768 1
1 1082763698769 4
1 1082763698770 1
1 1082763698772 1
1 1082763698773 4
1 1082763698774 1
1 1082763698776 1
1 1082763698777 4
1 1082763698778 1
1 1082763698780 1
1 1082763698781 4
1 1082763698782 1
1 1082763698784 1
1 1082763698785 4
1 1082763698786 1
1 1082763698802 1
1 1082763698803 1
1 1082763698806 1
1 1082763698807 1
1 1082763698810 1
1 1082763698811 1
1 1082763698814 1
1 1082763698815 1
1 1082763698818 1
1 1082763698819 1
1 1082763698861 1
1 1082763698862 4
1 1082763698863 1
1 1082763698865 1
1 1082763698866 4
1 1082763698867 1
1 1082763698869 1
1 1082763698870 4
1 1082763698871 1
1 1082763698873 1
1 1082763698874 4
1 1082763698875 1
1 1082763698877 1
1 1082763698878 4
1 1082763698879 1
1 1082763698881 1
1 1082763698882 4
1 1082763698883 1
1 1082763698924 1
1 1082763698925 4
1 1082763698926 1
1 1082763698928 1
1 1082763698929 4
1 1082763698930 1
1 1082763698932 1
1 1082763698933 4
1 1082763698934 1
1 1082763698936 1
1 1082763698937 4
1 1082763698938 1
1 1082763698940 1
1 1082763698941 4
1 1082763698942 1
1 1082763698944 1
1 1082763698945 4
1 1082763698946 1
1 1082763698988 4
1 1082763698989 1
1 1082763698992 4
1 1082763698993 1
1 1082763698996 4
1 1082763698997 1
1 1082763699000 4
1 1082763699001 1
1 1082763699004 4
1 1082763699005 1
1 1082763699008 4
1 1082763699009 1
1 1082763699038 1
1 1082763699039 1
1 1082763699042 1
1 1082763699043 1
1 1082763699046 1
1 1082763699047 1
1 1082763699050 1
1 1082763699051 1
1 1082763699054 1
1 1082763699055 1
1 1082763699058 1
1 1082763699059 1
1 1082763699101 1
1 1082763699102 4
1 1082763699103 1
1 1082763699105 1
1 1082763699106 4
1 1082763699107 1
1 1082763699109 1
1 1082763699110 4
1 1082763699111 1
1 1082763699113 1
1 1082763699114 4
1 1082763699115 1
1 1082763699117 1
1 1082763699118 4
1 1082763699119 1
1 1082763699121 1
1 1082763699122 4
1 1082763699123 1
1 1082763699164 1
1 1082763699165 4
1 1082763699166 1
1 1082763699168 1
1 1082763699169 4
1 1082763699170 1
1 1082763699172 1
1 1082763699173 4
1 1082763699174 1
1 1082763699176 1
1 1082763699177 4
1 1082763699178 1
1 1082763699180 1
1 1082763699181 4
1 1082763699182 1
1 1082763699184 1
1 1082763699185 4
1 1082763699186 1
1 1082763699202 1
1 1082763699203 1
1 1082763699206 1
1 1082763699207 1
1 1082763699210 1
1 1082763699211 1
1 1082763699214 1
1 1082763699215 1
1 1082763699218 1
1 1082763699219 1
1 1082763699261 1
1 1082763699262 4
1 1082763699263 1
1 1082763699265 1
1 1082763699266 4
1 1082763699267 1
1 1082763699269 1
1 1082763699270 4
1 1082763699271 1
1 1082763699273 1
1 1082763699274 4
1 1082763699275 1
1 1082763699277 1
1 1082763699278 4
1 1082763699279 1
1 1082763699281 1
1 1082763699282 4
1 1082763699283 1
1 1082763699324 1
1 1082763699325 4
1 1082763699326 1
1 1082763699328 1
1 1082763699329 4
1 1082763699330 1
1 1082763699332 1
1 1082763699333 4
1 1082763699334 1
1 1082763699336 1
1 1082763699337 4
1 1082763699338 1
1 1082763699340 1
1 1082763699341 4
1 1082763699342 1
1 1082763699344 1
1 1082763699345 4
1 1082763699346 1
1 1082763699388 4
1 1082763699389 1
1 1082763699392 4
1 1082763699393 1
1 1082763699396 4
1 1082763699397 1
1 1082763699400 4
1 1082763699401 1
1 1082763699404 4
1 1082763699405 1
1 1082763699408 4
1 1082763699409 1
1 1082763699438 1
1 1082763699439 1
1 1082763699442 1
1 1082763699443 1
1 1082763699446 1
1 1082763699447 1
1 1082763699450 1
1 1082763699451 1
1 1082763699454 1
1 1082763699455 1
1 1082763699458 1
1 1082763699459 1
1 1082763699501 1
1 1082763699502 4
1 1082763699503 1
1 1082763699505 1
1 1082763699506 4
1 1082763699507 1
1 1082763699509 1
1 1082763699510 4
1 1082763699511 1
1 1082763699513 1
1 1082763699514 4
1 1082763699515 1
1 1082763699517 1
1 1082763699518 4
1 1082763699519 1
1 1082763699521 1
1 1082763699522 4
1 1082763699523 1
1 1082763699564 1
1 1082763699565 4
1 1082763699566 1
1 1082763699568 1
1 1082763699569 4
1 1082763699570 1
1 1082763699572 1
1 1082763699573 4
1 1082763699574 1
1 1082763699576 1
1 1082763699577 4
1 1082763699578 1
1 1082763699580 1
1 1082763699581 4
1 1082763699582 1
1 1082763699584 1
1 1082763699585 4
1 1082763699586 1
1 1082763699602 1
1 1082763699603 1
1 1082763699606 1
1 1082763699607 1
1 1082763699610 1
1 1082763699611 1
1 1082763699614 1
1 1082763699615 1
1 1082763699618 1
1 1082763699619 1
1 1082763699661 1
1 1082763699662 4
1 1082763699663 1
1 1082763699665 1
1 1082763699666 4
1 1082763699667 1
1 1082763699669 1
1 1082763699670 4
1 1082763699671 1
1 1082763699673 1
1 1082763699674 4
1 1082763699675 1
1 1082763699677 1
1 1082763699678 4
1 1082763699679 1
1 1082763699681 1
1 1082763699682 4
1 1082763699683 1
1 1082763699724 1
1 1082763699725 4
1 1082763699726 1
1 1082763699728 1
1 1082763699729 4
1 1082763699730 1
1 1082763699732 1
1 1082763699733 4
1 1082763699734 1
1 1082763699736 1
1 1082763699737 4
1 1082763699738 1
1 1082763699740 1
1 1082763699741 4
1 1082763699742 1
1 1082763699744 1
1 1082763699745 4
1 1082763699746 1
1 1082763699788 4
1 1082763699789 1
1 1082763699792 4
1 1082763699793 1
1 1082763699796 4
1 1082763699797 1
1 1082763699800 4
1 1082763699801 1
1 1082763699804 4
1 1082763699805 1
1 1082763699808 4
1 1082763699809 1
1 1082763699838 1
1 1082763699839 1
1 1082763699842 1
1 1082763699843 1
1 1082763699846 1
1 1082763699847 1
1 1082763699850 1
1 1082763699851 1
1 1082763699854 1
1 1082763699855 1
1 1082763699858 1
1 1082763699859 1
1 1082763699901 1
1 1082763699902 4
1 1082763699903 1
1 1082763699905 1
1 1082763699906 4
1 1082763699907 1
1 1082763699909 1
1 1082763699910 4
1 1082763699911 1
1 1082763699913 1
1 1082763699914 4
1 1082763699915 1
1 1082763699917 1
1 1082763699918 4
1 1082763699919 1
1 1082763699921 1
1 1082763699922 4
1 1082763699923 1
1 1082763699964 1
1 1082763699965 4
1 1082763699966 1
1 1082763699968 1
1 1082763699969 4
1 1082763699970 1
1 1082763699972 1
1 1082763699973 4
1 1082763699974 1
1 1082763699976 1
1 1082763699977 4
1 1082763699978 1
1 1082763699980 1
1 1082763699981 4
1 1082763699982 1
1 1082763699984 1
1 1082763699985 4
1 1082763699986 1
1 1082763700002 1
1 1082763700003 1
1 1082763700006 1
1 1082763700007 1
1 1082763700010 1
1 1082763700011 1
1 1082763700014 1
1 1082763700015 1
1 1082763700018 1
1 1082763700019 1
1 1082763700061 1
1 1082763700062 4
1 1082763700063 1
1 1082763700065 1
1 1082763700066 4
1 1082763700067 1
1 1082763700069 1
1 1082763700070 4
1 1082763700071 1
1 1082763700073 1
1 1082763700074 4
1 1082763700075 1
1 1082763700077 1
1 1082763700078 4
1 1082763700079 1
1 1082763700081 1
1 1082763700082 4
1 1082763700083 1
1 1082763700124 1
1 1082763700125 4
1 1082763700126 1
1 1082763700128 1
1 1082763700129 4
1 1082763700130 1
1 1082763700132 1
1 1082763700133 4
1 1082763700134 1
1 1082763700136 1
1 1082763700137 4
1 1082763700138 1
1 1082763700140 1
1 1082763700141 4
1 1082763700142 1
1 1082763700144 1
1 1082763700145 4
1 1082763700146 1
1 1082763700188 4
1 1082763700189 1
1 1082763700192 4
1 1082763700193 1
1 1082763700196 4
1 1082763700197 1
1 1082763700200 4
1 1082763700201 1
1 1082763700204 4
1 1082763700205 1
1 1082763700208 4
1 1082763700209 1
1 1082763700238 1
1 1082763700239 1
1 1082763700242 1
1 1082763700243 1
1 1082763700246 1
1 1082763700247 1
1 1082763700250 1
1 1082763700251 1
1 1082763700254 1
1 1082763700255 1
1 1082763700258 1
1 1082763700259 1
1 1082763700301 1
1 1082763700302 4
1 1082763700303 1
1 1082763700305 1
1 1082763700306 4
1 1082763700307 1
1 1082763700309 1
1 1082763700310 4
1 1082763700311 1
1 1082763700313 1
1 1082763700314 4
1 1082763700315 1
1 1082763700317 1
1 1082763700318 4
1 1082763700319 1
1 1082763700321 1
1 1082763700322 4
1 1082763700323 1
1 1082763700364 1
1 1082763700365 4
1 1082763700366 1
1 1082763700368 1
1 1082763700369 4
1 1082763700370 1
1 1082763700372 1
1 1082763700373 4
1 1082763700374 1
1 1082763700376 1
1 1082763700377 4
1 1082763700378 1
1 1082763700380 1
1 1082763700381 4
1 1082763700382 1
1 1082763700384 1
1 1082763700385 4
1 1082763700386 1
1 1082763700402 1
1 1082763700403 1
1 1082763700406 1
1 1082763700407 1
1 1082763700410 1
1 1082763700411 1
1 1082763700414 1
1 1082763700415 1
1 1082763700418 1
1 1082763700419 1
1 1082763700461 1
1 1082763700462 4
1 1082763700463 1
1 1082763700465 1
1 1082763700466 4
1 1082763700467 1
1 1082763700469 1
1 1082763700470 4
1 1082763700471 1
1 1082763700473 1
1 1082763700474 4
1 1082763700475 1
1 1082763700477 1
1 1082763700478 4
1 1082763700479 1
1 1082763700481 1
1 1082763700482 4
1 1082763700483 1
1 1082763700524 1
1 1082763700525 4
1 1082763700526 1
1 1082763700528 1
1 1082763700529 4
1 1082763700530 1
1 1082763700532 1
1 1082763700533 4
1 1082763700534 1
1 1082763700536 1
1 1082763700537 4
1 1082763700538 1
1 1082763700540 1
1 1082763700541 4
1 1082763700542 1
1 1082763700544 1
1 1082763700545 4
1 1082763700546 1
1 1082763700588 4
1 1082763700589 1
1 1082763700592 4
1 1082763700593 1
1 1082763700596 4
1 1082763700597 1
1 1082763700600 4
1 1082763700601 1
1 1082763700604 4
1 1082763700605 1
1 1082763700608 4
1 1082763700609 1
1 1082763700638 1
1 1082763700639 1
1 1082763700642 1
1 1082763700643 1
1 1082763700646 1
1 1082763700647 1
1 1082763700650 1
1 1082763700651 1
1 1082763700654 1
1 1082763700655 1
1 1082763700658 1
1 1082763700659 1
1 1082763700701 1
1 1082763700702 4
1 1082763700703 1
1 1082763700705 1
1 1082763700706 4
1 1082763700707 1
1 1082763700709 1
1 1082763700710 4
1 1082763700711 1
1 1082763700713 1
1 1082763700714 4
1 1082763700715 1
1 1082763700717 1
1 1082763700718 4
1 1082763700719 1
1 1082763700721 1
1 1082763700722 4
1 1082763700723 1
1 1082763700764 1
1 1082763700765 4
1 1082763700766 1
1 1082763700768 1
1 1082763700769 4
1 1082763700770 1
1 1082763700772 1
1 1082763700773 4
1 1082763700774 1
1 1082763700776 1
1 1082763700777 4
1 1082763700778 1
1 1082763700780 1
1 1082763700781 4
1 1082763700782 1
1 1082763700784 1
1 1082763700785 4
1 1082763700786 1
1 1082763700802 1
1 1082763700803 1
1 1082763700806 1
1 1082763700807 1
1 1082763700810 1
1 1082763700811 1
1 1082763700814 1
1 1082763700815 1
1 1082763700818 1
1 1082763700819 1
1 1082763700861 1
1 1082763700862 4
1 1082763700863 1
1 1082763700865 1
1 1082763700866 4
1 1082763700867 1
1 1082763700869 1
1 1082763700870 4
1 1082763700871 1
1 1082763700873 1
1 1082763700874 4
1 1082763700875 1
1 1082763700877 1
1 1082763700878 4
1 1082763700879 1
1 1082763700881 1
1 1082763700882 4
1 1082763700883 1
1 1082763700924 1
1 1082763700925 4
1 1082763700926 1
1 1082763700928 1
1 1082763700929 4
1 1082763700930 1
1 1082763700932 1
1 1082763700933 4
1 1082763700934 1
1 1082763700936 1
1 1082763700937 4
1 1082763700938 1
1 1082763700940 1
1 1082763700941 4
1 1082763700942 1
1 1082763700944 1
1 1082763700945 4
1 1082763700946 1
1 1082763700988 4
1 1082763700989 1
1 1082763700992 4
1 1082763700993 1
1 1082763700996 4
1 1082763700997 1
1 1082763701000 4
1 1082763701001 1
1 1082763701004 4
1 1082763701005 1
1 1082763701008 4
1 1082763701009 1
1 1082763701038 1
1 1082763701039 1
1 1082763701042 1
1 1082763701043 1
1 1082763701046 1
1 1082763701047 1
1 1082763701050 1
1 1082763701051 1
1 1082763701054 1
1 1082763701055 1
1 1082763701058 1
1 1082763701059 1
1 1082763701101 1
1 1082763701102 4
1 1082763701103 1
1 1082763701105 1
1 1082763701106 4
1 1082763701107 1
1 1082763701109 1
1 1082763701110 4
1 1082763701111 1
1 1082763701113 1
1 1082763701114 4
1 1082763701115 1
1 1082763701117 1
1 1082763701118 4
1 1082763701119 1
1 1082763701121 1
1 1082763701122 4
1 1082763701123 1
1 1082763701164 1
1 1082763701165 4
1 1082763701166 1
1 1082763701168 1
1 1082763701169 4
1 1082763701170 1
1 1082763701172 1
1 1082763701173 4
1 1082763701174 1
1 1082763701176 1
1 1082763701177 4
1 1082763701178 1
1 1082763701180 1
1 1082763701181 4
1 1082763701182 1
1 1082763701184 1
1 1082763701185 4
1 1082763701186 1
1 1082763701202 1
1 1082763701203 1
1 1082763701206 1
1 1082763701207 1
1 1082763701210 1
1 1082763701211 1
1 1082763701214 1
1 1082763701215 1
1 1082763701218 1
1 1082763701219 1
1 1082763701261 1
1 1082763701262 4
1 1082763701263 1
1 1082763701265 1
1 1082763701266 4
1 1082763701267 1
1 1082763701269 1
1 1082763701270 4
1 1082763701271 1
1 1082763701273 1
1 1082763701274 4
1 1082763701275 1
1 1082763701277 1
1 1082763701278 4
1 1082763701279 1
1 1082763701281 1
1 1082763701282 4
1 1082763701283 1
1 1082763701324 1
1 1082763701325 4
1 1082763701326 1
1 1082763701328 1
1 1082763701329 4
1 1082763701330 1
1 1082763701332 1
1 1082763701333 4
1 1082763701334 1
1 1082763701336 1
1 1082763701337 4
1 1082763701338 1
1 1082763701340 1
1 1082763701341 4
1 1082763701342 1
1 1082763701344 1
1 1082763701345 4
1 1082763701346 1
1 1082763701388 4
1 1082763701389 1
1 1082763701392 4
1 1082763701393 1
1 1082763701396 4
1 1082763701397 1
1 1082763701400 4
1 1082763701401 1
1 1082763701404 4
1 1082763701405 1
1 1082763701408 4
1 1082763701409 1
1 1082763701438 1
1 1082763701439 1
1 1082763701442 1
1 1082763701443 1
1 1082763701446 1
1 1082763701447 1
1 1082763701450 1
1 1082763701451 1
1 1082763701454 1
1 1082763701455 1
1 1082763701458 1
1 1082763701459 1
1 1082763701501 1
1 1082763701502 4
1 1082763701503 1
1 1082763701505 1
1 1082763701506 4
1 1082763701507 1
1 1082763701509 1
1 1082763701510 4
1 1082763701511 1
1 1082763701513 1
1 1082763701514 4
1 1082763701515 1
1 1082763701517 1
1 1082763701518 4
1 1082763701519 1
1 1082763701521 1
1 1082763701522 4
1 1082763701523 1
1 1082763701564 1
1 1082763701565 4
1 1082763701566 1
1 1082763701568 1
1 1082763701569 4
1 1082763701570 1
1 1082763701572 1
1 1082763701573 4
1 1082763701574 1
1 1082763701576 1
1 1082763701577 4
1 1082763701578 1
1 1082763701580 1
1 1082763701581 4
1 1082763701582 1
1 1082763701584 1
1 1082763701585 4
1 1082763701586 1
1 1082763701602 1
1 1082763701603 1
1 1082763701606 1
1 1082763701607 1
1 1082763701610 1
1 1082763701611 1
1 1082763701614 1
1 1082763701615 1
1 1082763701618 1
1 1082763701619 1
1 1082763701661 1
1 1082763701662 4
1 1082763701663 1
1 1082763701665 1
1 1082763701666 4
1 1082763701667 1
1 1082763701669 1
1 1082763701670 4
1 1082763701671 1
1 1082763701673 1
1 1082763701674 4
1 1082763701675 1
1 1082763701677 1
1 1082763701678 4
1 1082763701679 1
1 1082763701681 1
1 1082763701682 4
1 1082763701683 1
1 1082763701724 1
1 1082763701725 4
1 1082763701726 1
1 1082763701728 1
1 1082763701729 4
1 1082763701730 1
1 1082763701732 1
1 1082763701733 4
1 1082763701734 1
1 1082763701736 1
1 1082763701737 4
1 1082763701738 1
1 1082763701740 1
1 1082763701741 4
1 1082763701742 1
1 1082763701744 1
1 1082763701745 4
1 1082763701746 1
1 1082763701788 4
1 1082763701789 1
1 1082763701792 4
1 1082763701793 1
1 1082763701796 4
1 1082763701797 1
1 1082763701800 4
1 1082763701801 1
1 1082763701804 4
1 1082763701805 1
1 1082763701808 4
1 1082763701809 1
1 1082763701838 1
1 1082763701839 1
1 1082763701842 1
1 1082763701843 1
1 1082763701846 1
1 1082763701847 1
1 1082763701850 1
1 1082763701851 1
1 1082763701854 1
1 1082763701855 1
1 1082763701858 1
1 1082763701859 1
1 1082763701901 1
1 1082763701902 4
1 1082763701903 1
1 1082763701905 1
1 1082763701906 4
1 1082763701907 1
1 1082763701909 1
1 1082763701910 4
1 1082763701911 1
1 1082763701913 1
1 1082763701914 4
1 1082763701915 1
1 1082763701917 1
1 1082763701918 4
1 1082763701919 1
1 1082763701921 1
1 1082763701922 4
1 1082763701923 1
1 1082763701964 1
1 1082763701965 4
1 1082763701966 1
1 1082763701968 1
1 1082763701969 4
1 1082763701970 1
1 1082763701972 1
1 1082763701973 4
1 1082763701974 1
1 1082763701976 1
1 1082763701977 4
1 1082763701978 1
1 1082763701980 1
1 1082763701981 4
1 1082763701982 1
1 1082763701984 1
1 1082763701985 4
1 1082763701986 1
1 1082763702002 1
1 1082763702003 1
1 1082763702006 1
1 1082763702007 1
1 1082763702010 1
1 1082763702011 1
1 1082763702014 1
1 1082763702015 1
1 1082763702018 1
1 1082763702019 1
1 1082763702061 1
1 1082763702062 4
1 1082763702063 1
1 1082763702065 1
1 1082763702066 4
1 1082763702067 1
1 1082763702069 1
1 1082763702070 4
1 1082763702071 1
1 1082763702073 1
1 1082763702074 4
1 1082763702075 1
1 1082763702077 1
1 1082763702078 4
1 1082763702079 1
1 1082763702081 1
1 1082763702082 4
1 1082763702083 1
1 1082763702124 1
1 1082763702125 4
1 1082763702126 1
1 1082763702128 1
1 1082763702129 4
1 1082763702130 1
1 1082763702132 1
1 1082763702133 4
1 1082763702134 1
1 1082763702136 1
1 1082763702137 4
1 1082763702138 1
1 1082763702140 1
1 1082763702141 4
1 1082763702142 1
1 1082763702144 1
1 1082763702145 4
1 1082763702146 1
1 1082763702188 4
1 1082763702189 1
1 1082763702192 4
1 1082763702193 1
1 1082763702196 4
1 1082763702197 1
1 1082763702200 4
1 1082763702201 1
1 1082763702204 4
1 1082763702205 1
1 1082763702208 4
1 1082763702209 1
1 1082763702238 1
1 1082763702239 1
1 1082763702242 1
1 1082763702243 1
1 1082763702246 1
1 1082763702247 1
1 1082763702250 1
1 1082763702251 1
1 1082763702254 1
1 1082763702255 1
1 1082763702258 1
1 1082763702259 1
1 1082763702301 1
1 1082763702302 4
1 1082763702303 1
1 1082763702305 1
1 1082763702306 4
1 1082763702307 1
1 1082763702309 1
1 1082763702310 4
1 1082763702311 1
1 1082763702313 1
1 1082763702314 4
1 1082763702315 1
1 1082763702317 1
1 1082763702318 4
1 1082763702319 1
1 1082763702321 1
1 1082763702322 4
1 1082763702323 1
1 1082763702364 1
1 1082763702365 4
1 1082763702366 1
1 1082763702368 1
1 1082763702369 4
1 1082763702370 1
1 1082763702372 1
1 1082763702373 4
1 1082763702374 1
1 1082763702376 1
1 1082763702377 4
1 1082763702378 1
1 1082763702380 1
1 1082763702381 4
1 1082763702382 1
1 1082763702384 1
1 1082763702385 4
1 1082763702386 1
1 1082763702402 1
1 1082763702403 1
1 1082763702406 1
1 1082763702407 1
1 1082763702410 1
1 1082763702411 1
1 1082763702414 1
1 1082763702415 1
1 1082763702418 1
1 1082763702419 1
1 1082763702461 1
1 1082763702462 4
1 1082763702463 1
1 1082763702465 1
1 1082763702466 4
1 1082763702467 1
1 1082763702469 1
1 1082763702470 4
1 1082763702471 1
1 1082763702473 1
1 1082763702474 4
1 1082763702475 1
1 1082763702477 1
1 1082763702478 4
1 1082763702479 1
1 1082763702481 1
1 1082763702482 4
1 1082763702483 1
1 1082763702524 1
1 1082763702525 4
1 1082763702526 1
1 1082763702528 1
1 1082763702529 4
1 1082763702530 1
1 1082763702532 1
1 1082763702533 4
1 1082763702534 1
1 1082763702536 1
1 1082763702537 4
1 1082763702538 1
1 1082763702540 1
1 1082763702541 4
1 1082763702542 1
1 1082763702544 1
1 1082763702545 4
1 1082763702546 1
1 1082763702588 4
1 1082763702589 1
1 1082763702592 4
1 1082763702593 1
1 1082763702596 4
1 1082763702597 1
1 1082763702600 4
1 1082763702601 1
1 1082763702604 4
1 1082763702605 1
1 1082763702608 4
1 1082763702609 1
1 1082763702638 1
1 1082763702639 1
1 1082763702642 1
1 1082763702643 1
1 1082763702646 1
1 1082763702647 1
1 1082763702650 1
1 1082763702651 1
1 1082763702654 1
1 1082763702655 1
1 1082763702658 1
1 1082763702659 1
1 1082763702701 1
1 1082763702702 4
1 1082763702703 1
1 1082763702705 1
1 1082763702706 4
1 1082763702707 1
1 1082763702709 1
1 1082763702710 4
1 1082763702711 1
1 1082763702713 1
1 1082763702714 4
1 1082763702715 1
1 1082763702717 1
1 1082763702718 4
1 1082763702719 1
1 1082763702721 1
1 1082763702722 4
1 1082763702723 1
1 1082763702764 1
1 1082763702765 4
1 1082763702766 1
1 1082763702768 1
1 1082763702769 4
1 1082763702770 1
1 1082763702772 1
1 1082763702773 4
1 1082763702774 1
1 1082763702776 1
1 1082763702777 4
1 1082763702778 1
1 1082763702780 1
1 1082763702781 4
1 1082763702782 1
1 1082763702784 1
1 1082763702785 4
1 1082763702786 1
1 1082763702802 1
1 1082763702803 1
1 1082763702806 1
1 1082763702807 1
1 1082763702810 1
1 1082763702811 1
1 1082763702814 1
1 1082763702815 1
1 1082763702818 1
1 1082763702819 1
1 1082763702861 1
1 1082763702862 4
1 1082763702863 1
1 1082763702865 1
1 1082763702866 4
1 1082763702867 1
1 1082763702869 1
1 1082763702870 4
1 1082763702871 1
1 1082763702873 1
1 1082763702874 4
1 1082763702875 1
1 1082763702877 1
1 1082763702878 4
1 1082763702879 1
1 1082763702881 1
1 1082763702882 4
1 1082763702883 1
1 1082763702924 1
1 1082763702925 4
1 1082763702926 1
1 1082763702928 1
1 1082763702929 4
1 1082763702930 1
1 1082763702932 1
1 1082763702933 4
1 1082763702934 1
1 1082763702936 1
1 1082763702937 4
1 1082763702938 1
1 1082763702940 1
1 1082763702941 4
1 1082763702942 1
1 1082763702944 1
1 1082763702945 4
1 1082763702946 1
1 1082763702988 4
1 1082763702989 1
1 1082763702992 4
1 1082763702993 1
1 1082763702996 4
1 1082763702997 1
1 1082763703000 4
1 1082763703001 1
1 1082763703004 4
1 1082763703005 1
1 1082763703008 4
1 1082763703009 1
1 1082763703038 1
1 1082763703039 1
1 1082763703042 1
1 1082763703043 1
1 1082763703046 1
1 1082763703047 1
1 1082763703050 1
1 1082763703051 1
1 1082763703054 1
1 1082763703055 1
1 1082763703058 1
1 1082763703059 1
1 1082763703101 1
1 1082763703102 4
1 1082763703103 1
1 1082763703105 1
1 1082763703106 4
1 1082763703107 1
1 1082763703109 1
1 1082763703110 4
1 1082763703111 1
1 1082763703113 1
1 1082763703114 4
1 1082763703115 1
1 1082763703117 1
1 1082763703118 4
1 1082763703119 1
1 1082763703121 1
1 1082763703122 4
1 1082763703123 1
1 1082763703164 1
1 1082763703165 4
1 1082763703166 1
1 1082763703168 1
1 1082763703169 4
1 1082763703170 1
1 1082763703172 1
1 1082763703173 4
1 1082763703174 1
1 1082763703176 1
1 1082763703177 4
1 1082763703178 1
1 1082763703180 1
1 1082763703181 4
1 1082763703182 1
1 1082763703184 1
1 1082763703185 4
1 1082763703186 1
1 1082763703202 1
1 1082763703203 1
1 1082763703206 1
1 1082763703207 1
1 1082763703210 1
1 1082763703211 1
1 1082763703214 1
1 1082763703215 1
1 1082763703218 1
1 1082763703219 1
1 1082763703261 1
1 1082763703262 4
1 1082763703263 1
1 1082763703265 1
1 1082763703266 4
1 1082763703267 1
1 1082763703269 1
1 1082763703270 4
1 1082763703271 1
1 1082763703273 1
1 1082763703274 4
1 1082763703275 1
1 1082763703277 1
1 1082763703278 4
1 1082763703279 1
1 1082763703281 1
1 1082763703282 4
1 1082763703283 1
1 1082763703324 1
1 1082763703325 4
1 1082763703326 1
1 1082763703328 1
1 1082763703329 4
1 1082763703330 1
1 1082763703332 1
1 1082763703333 4
1 1082763703334 1
1 1082763703336 1
1 1082763703337 4
1 1082763703338 1
1 1082763703340 1
1 1082763703341 4
1 1082763703342 1
1 1082763703344 1
1 1082763703345 4
1 1082763703346 1
1 1082763703388 4
1 1082763703389 1
1 1082763703392 4
1 1082763703393 1
1 1082763703396 4
1 1082763703397 1
1 1082763703400 4
1 1082763703401 1
1 1082763703404 4
1 1082763703405 1
1 1082763703408 4
1 1082763703409 1
1 1082763703438 1
1 1082763703439 1
1 1082763703442 1
1 1082763703443 1
1 1082763703446 1
1 1082763703447 1
1 1082763703450 1
1 1082763703451 1
1 1082763703454 1
1 1082763703455 1
1 1082763703458 1
1 1082763703459 1
1 1082763703501 1
1 1082763703502 4
1 1082763703503 1
1 1082763703505 1
1 1082763703506 4
1 1082763703507 1
1 1082763703509 1
1 1082763703510 4
1 1082763703511 1
1 1082763703513 1
1 1082763703514 4
1 1082763703515 1
1 1082763703517 1
1 1082763703518 4
1 1082763703519 1
1 1082763703521 1
1 1082763703522 4
1 1082763703523 1
1 1082763703564 1
1 1082763703565 4
1 1082763703566 1
1 1082763703568 1
1 1082763703569 4
1 1082763703570 1
1 1082763703572 1
1 1082763703573 4
1 1082763703574 1
1 1082763703576 1
1 1082763703577 4
1 1082763703578 1
1 1082763703580 1
1 1082763703581 4
1 1082763703582 1
1 1082763703584 1
1 1082763703585 4
1 1082763703586 1
1 1082763703602 1
1 1082763703603 1
1 1082763703606 1
1 1082763703607 1
1 1082763703610 1
1 1082763703611 1
1 1082763703614 1
1 1082763703615 1
1 1082763703618 1
1 1082763703619 1
1 1082763703661 1
1 1082763703662 4
1 1082763703663 1
1 1082763703665 1
1 1082763703666 4
1 1082763703667 1
1 1082763703669 1
1 1082763703670 4
1 1082763703671 1
1 1082763703673 1
1 1082763703674 4
1 1082763703675 1
1 1082763703677 1
1 1082763703678 4
1 1082763703679 1
1 1082763703681 1
1 1082763703682 4
1 1082763703683 1
1 1082763703724 1
1 1082763703725 4
1 1082763703726 1
1 1082763703728 1
1 1082763703729 4
1 1082763703730 1
1 1082763703732 1
1 1082763703733 4
1 1082763703734 1
1 1082763703736 1
1 1082763703737 4
1 1082763703738 1
1 1082763703740 1
1 1082763703741 4
1 1082763703742 1
1 1082763703744 1
1 1082763703745 4
1 1082763703746 1
1 1082763703788 4
1 1082763703789 1
1 1082763703792 4
1 1082763703793 1
1 1082763703796 4
1 1082763703797 1
1 1082763703800 4
1 1082763703801 1
1 1082763703804 4
1 1082763703805 1
1 1082763703808 4
1 1082763703809 1
1 1082763703838 1
1 1082763703839 1
1 1082763703842 1
1 1082763703843 1
1 1082763703846 1
1 1082763703847 1
1 1082763703850 1
1 1082763703851 1
1 1082763703854 1
1 1082763703855 1
1 1082763703858 1
1 1082763703859 1
1 1082763703901 1
1 1082763703902 4
1 1082763703903 1
1 1082763703905 1
1 1082763703906 4
1 1082763703907 1
1 1082763703909 1
1 1082763703910 4
1 1082763703911 1
1 1082763703913 1
1 1082763703914 4
1 1082763703915 1
1 1082763703917 1
1 1082763703918 4
1 1082763703919 1
1 1082763703921 1
1 1082763703922 4
1 1082763703923 1
1 1082763703964 1
1 1082763703965 4
1 1082763703966 1
1 1082763703968 1
1 1082763703969 4
1 1082763703970 1
1 1082763703972 1
1 1082763703973 4
1 1082763703974 1
1 1082763703976 1
1 1082763703977 4
1 1082763703978 1
1 1082763703980 1
1 1082763703981 4
1 1082763703982 1
1 1082763703984 1
1 1082763703985 4
1 1082763703986 1
1 1082763704002 1
1 1082763704003 1
1 1082763704006 1
1 1082763704007 1
1 1082763704010 1
1 1082763704011 1
1 1082763704014 1
1 1082763704015 1
1 1082763704018 1
1 1082763704019 1
1 1082763704061 1
1 1082763704062 4
1 1082763704063 1
1 1082763704065 1
1 1082763704066 4
1 1082763704067 1
1 1082763704069 1
1 1082763704070 4
1 1082763704071 1
1 1082763704073 1
1 1082763704074 4
1 1082763704075 1
1 1082763704077 1
1 1082763704078 4
1 1082763704079 1
1 1082763704081 1
1 1082763704082 4
1 1082763704083 1
1 1082763704124 1
1 1082763704125 4
1 1082763704126 1
1 1082763704128 1
1 1082763704129 4
1 1082763704130 1
1 1082763704132 1
1 1082763704133 4
1 1082763704134 1
1 1082763704136 1
1 1082763704137 4
1 1082763704138 1
1 1082763704140 1
1 1082763704141 4
1 1082763704142 1
1 1082763704144 1
1 1082763704145 4
1 1082763704146 1
1 1082763704188 4
1 1082763704189 1
1 1082763704192 4
1 1082763704193 1
1 1082763704196 4
1 1082763704197 1
1 1082763704200 4
1 1082763704201 1
1 1082763704204 4
1 1082763704205 1
1 1082763704208 4
1 1082763704209 1
1 1082763704238 1
1 1082763704239 1
1 1082763704242 1
1 1082763704243 1
1 1082763704246 1
1 1082763704247 1
1 1082763704250 1
1 1082763704251 1
1 1082763704254 1
1 1082763704255 1
1 1082763704258 1
1 1082763704259 1
1 1082763704301 1
1 1082763704302 4
1 1082763704303 1
1 1082763704305 1
1 1082763704306 4
1 1082763704307 1
1 1082763704309 1
1 1082763704310 4
1 1082763704311 1
1 1082763704313 1
1 1082763704314 4
1 1082763704315 1
1 1082763704317 1
1 1082763704318 4
1 1082763704319 1
1 1082763704321 1
1 1082763704322 4
1 1082763704323 1
1 1082763704364 1
1 1082763704365 4
1 1082763704366 1
1 1082763704368 1
1 1082763704369 4
1 1082763704370 1
1 1082763704372 1
1 1082763704373 4
1 1082763704374 1
1 1082763704376 1
1 1082763704377 4
1 1082763704378 1
1 1082763704380 1
1 1082763704381 4
1 1082763704382 1
1 1082763704384 1
1 1082763704385 4
1 1082763704386 1
1 1082763704402 1
1 1082763704403 1
1 1082763704406 1
1 1082763704407 1
1 1082763704410 1
1 1082763704411 1
1 1082763704414 1
1 1082763704415 1
1 1082763704418 1
1 1082763704419 1
1 1082763704461 1
1 1082763704462 4
1 1082763704463 1
1 1082763704465 1
1 1082763704466 4
1 1082763704467 1
1 1082763704469 1
1 1082763704470 4
1 1082763704471 1
1 1082763704473 1
1 1082763704474 4
1 1082763704475 1
1 1082763704477 1
1 1082763704478 4
1 1082763704479 1
1 1082763704481 1
1 1082763704482 4
1 1082763704483 1
1 1082763704524 1
1 1082763704525 4
1 1082763704526 1
1 1082763704528 1
1 1082763704529 4
1 1082763704530 1
1 1082763704532 1
1 1082763704533 4
1 1082763704534 1
1 1082763704536 1
1 1082763704537 4
1 1082763704538 1
1 1082763704540 1
1 1082763704541 4
1 1082763704542 1
1 1082763704544 1
1 1082763704545 4
1 1082763704546 1
1 1082763704588 4
1 1082763704589 1
1 1082763704592 4
1 1082763704593 1
1 1082763704596 4
1 1082763704597 1
1 1082763704600 4
1 1082763704601 1
1 1082763704604 4
1 1082763704605 1
1 1082763704608 4
1 1082763704609 1
1 1082763704638 1
1 1082763704639 1
1 1082763704642 1
1 1082763704643 1
1 1082763704646 1
1 1082763704647 1
1 1082763704650 1
1 1082763704651 1
1 1082763704654 1
1 1082763704655 1
1 1082763704658 1
1 1082763704659 1
1 1082763704701 1
1 1082763704702 4
1 1082763704703 1
1 1082763704705 1
1 1082763704706 4
1 1082763704707 1
1 1082763704709 1
1 1082763704710 4
1 1082763704711 1
1 1082763704713 1
1 1082763704714 4
1 1082763704715 1
1 1082763704717 1
1 1082763704718 4
1 1082763704719 1
1 1082763704721 1
1 1082763704722 4
1 1082763704723 1
1 1082763704764 1
1 1082763704765 4
1 1082763704766 1
1 1082763704768 1
1 1082763704769 4
1 1082763704770 1
1 1082763704772 1
1 1082763704773 4
1 1082763704774 1
1 1082763704776 1
1 1082763704777 4
1 1082763704778 1
1 1082763704780 1
1 1082763704781 4
1 1082763704782 1
1 1082763704784 1
1 1082763704785 4
1 1082763704786 1
1 1082763704802 1
1 1082763704803 1
1 1082763704806 1
1 1082763704807 1
1 1082763704810 1
1 1082763704811 1
1 1082763704814 1
1 1082763704815 1
1 1082763704818 1
1 1082763704819 1
1 1082763704861 1
1 1082763704862 4
1 1082763704863 1
1 1082763704865 1
1 1082763704866 4
1 1082763704867 1
1 1082763704869 1
1 1082763704870 4
1 1082763704871 1
1 1082763704873 1
1 1082763704874 4
1 1082763704875 1
1 1082763704877 1
1 1082763704878 4
1 1082763704879 1
1 1082763704881 1
1 1082763704882 4
1 1082763704883 1
1 1082763704924 1
1 1082763704925 4
1 1082763704926 1
1 1082763704928 1
1 1082763704929 4
1 1082763704930 1
1 1082763704932 1
1 1082763704933 4
1 1082763704934 1
1 1082763704936 1
1 1082763704937 4
1 1082763704938 1
1 1082763704940 1
1 1082763704941 4
1 1082763704942 1
1 1082763704944 1
1 1082763704945 4
1 1082763704946 1
1 1082763704988 4
1 1082763704989 1
1 1082763704992 4
1 1082763704993 1
1 1082763704996 4
1 1082763704997 1
1 1082763705000 4
1 1082763705001 1
1 1082763705004 4
1 1082763705005 1
1 1082763705008 4
1 1082763705009 1
1 1082763705038 1
1 1082763705039 1
1 1082763705042 1
1 1082763705043 1
1 1082763705046 1
1 1082763705047 1
1 1082763705050 1
1 1082763705051 1
1 1082763705054 1
1 1082763705055 1
1 1082763705058 1
1 1082763705059 1
1 1082763705101 1
1 1082763705102 4
1 1082763705103 1
1 1082763705105 1
1 1082763705106 4
1 1082763705107 1
1 1082763705109 1
1 1082763705110 4
1 1082763705111 1
1 1082763705113 1
1 1082763705114 4
1 1082763705115 1
1 1082763705117 1
1 1082763705118 4
1 1082763705119 1
1 1082763705121 1
1 1082763705122 4
1 1082763705123 1
1 1082763705164 1
1 1082763705165 4
1 1082763705166 1
1 1082763705168 1
1 1082763705169 4
1 1082763705170 1
1 1082763705172 1
1 1082763705173 4
1 1082763705174 1
1 1082763705176 1
1 1082763705177 4
1 1082763705178 1
1 1082763705180 1
1 1082763705181 4
1 1082763705182 1
1 1082763705184 1
1 1082763705185 4
1 1082763705186 1
1 1082763705202 1
1 1082763705203 1
1 1082763705206 1
1 1082763705207 1
1 1082763705210 1
1 1082763705211 1
1 1082763705214 1
1 1082763705215 1
1 1082763705218 1
1 1082763705219 1
1 1082763705261 1
1 1082763705262 4
1 1082763705263 1
1 1082763705265 1
1 1082763705266 4
1 1082763705267 1
1 1082763705269 1
1 1082763705270 4
1 1082763705271 1
1 1082763705273 1
1 1082763705274 4
1 1082763705275 1
1 1082763705277 1
1 1082763705278 4
1 1082763705279 1
1 1082763705281 1
1 1082763705282 4
1 1082763705283 1
1 1082763705324 1
1 1082763705325 4
1 1082763705326 1
1 1082763705328 1
1 1082763705329 4
1 1082763705330 1
1 1082763705332 1
1 1082763705333 4
1 1082763705334 1
1 1082763705336 1
1 1082763705337 4
1 1082763705338 1
1 1082763705340 1
1 1082763705341 4
1 1082763705342 1
1 1082763705344 1
1 1082763705345 4
1 1082763705346 1
1 1082763705388 4
1 1082763705389 1
1 1082763705392 4
1 1082763705393 1
1 1082763705396 4
1 1082763705397 1
1 1082763705400 4
1 1082763705401 1
1 1082763705404 4
1 1082763705405 1
1 1082763705408 4
1 1082763705409 1
1 1082763705438 1
1 1082763705439 1
1 1082763705442 1
1 1082763705443 1
1 1082763705446 1
1 1082763705447 1
1 1082763705450 1
1 1082763705451 1
1 1082763705454 1
1 1082763705455 1
1 1082763705458 1
1 1082763705459 1
1 1082763705501 1
1 1082763705502 4
1 1082763705503 1
1 1082763705505 1
1 1082763705506 4
1 1082763705507 1
1 1082763705509 1
1 1082763705510 4
1 1082763705511 1
1 1082763705513 1
1 1082763705514 4
1 1082763705515 1
1 1082763705517 1
1 1082763705518 4
1 1082763705519 1
1 1082763705521 1
1 1082763705522 4
1 1082763705523 1
1 1082763705564 1
1 1082763705565 4
1 1082763705566 1
1 1082763705568 1
1 1082763705569 4
1 1082763705570 1
1 1082763705572 1
1 1082763705573 4
1 1082763705574 1
1 1082763705576 1
1 1082763705577 4
1 1082763705578 1
1 1082763705580 1
1 1082763705581 4
1 1082763705582 1
1 1082763705584 1
1 1082763705585 4
1 1082763705586 1
1 1082763705602 1
1 1082763705603 1
1 1082763705606 1
1 1082763705607 1
1 1082763705610 1
1 1082763705611 1
1 1082763705614 1
1 1082763705615 1
1 1082763705618 1
1 1082763705619 1
1 1082763705661 1
1 1082763705662 4
1 1082763705663 1
1 1082763705665 1
1 1082763705666 4
1 1082763705667 1
1 1082763705669 1
1 1082763705670 4
1 1082763705671 1
1 1082763705673 1
1 1082763705674 4
1 1082763705675 1
1 1082763705677 1
1 1082763705678 4
1 1082763705679 1
1 1082763705681 1
1 1082763705682 4
1 1082763705683 1
1 1082763705724 1
1 1082763705725 4
1 1082763705726 1
1 1082763705728 1
1 1082763705729 4
1 1082763705730 1
1 1082763705732 1
1 1082763705733 4
1 1082763705734 1
1 1082763705736 1
1 1082763705737 4
1 1082763705738 1
1 1082763705740 1
1 1082763705741 4
1 1082763705742 1
1 1082763705744 1
1 1082763705745 4
1 1082763705746 1
1 1082763705788 4
1 1082763705789 1
1 1082763705792 4
1 1082763705793 1
1 1082763705796 4
1 1082763705797 1
1 1082763705800 4
1 1082763705801 1
1 1082763705804 4
1 1082763705805 1
1 1082763705808 4
1 1082763705809 1
1 1082763705838 1
1 1082763705839 1
1 1082763705842 1
1 1082763705843 1
1 1082763705846 1
1 1082763705847 1
1 1082763705850 1
1 1082763705851 1
1 1082763705854 1
1 1082763705855 1
1 1082763705858 1
1 1082763705859 1
1 1082763705901 1
1 1082763705902 4
1 1082763705903 1
1 1082763705905 1
1 1082763705906 4
1 1082763705907 1
1 1082763705909 1
1 1082763705910 4
1 1082763705911 1
1 1082763705913 1
1 1082763705914 4
1 1082763705915 1
1 1082763705917 1
1 1082763705918 4
1 1082763705919 1
1 1082763705921 1
1 1082763705922 4
1 1082763705923 1
1 1082763705964 1
1 1082763705965 4
1 1082763705966 1
1 1082763705968 1
1 1082763705969 4
1 1082763705970 1
1 1082763705972 1
1 1082763705973 4
1 1082763705974 1
1 1082763705976 1
1 1082763705977 4
1 1082763705978 1
1 1082763705980 1
1 1082763705981 4
1 1082763705982 1
1 1082763705984 1
1 1082763705985 4
1 1082763705986 1
1 1082763706002 1
1 1082763706003 1
1 1082763706006 1
1 1082763706007 1
1 1082763706010 1
1 1082763706011 1
1 1082763706014 1
1 1082763706015 1
1 1082763706018 1
1 1082763706019 1
1 1082763706061 1
1 1082763706062 4
1 1082763706063 1
1 1082763706065 1
1 1082763706066 4
1 1082763706067 1
1 1082763706069 1
1 1082763706070 4
1 1082763706071 1
1 1082763706073 1
1 1082763706074 4
1 1082763706075 1
1 1082763706077 1
1 1082763706078 4
1 1082763706079 1
1 1082763706081 1
1 1082763706082 4
1 1082763706083 1
1 1082763706124 1
1 1082763706125 4
1 1082763706126 1
1 1082763706128 1
1 1082763706129 4
1 1082763706130 1
1 1082763706132 1
1 1082763706133 4
1 1082763706134 1
1 1082763706136 1
1 1082763706137 4
1 1082763706138 1
1 1082763706140 1
1 1082763706141 4
1 1082763706142 1
1 1082763706144 1
1 1082763706145 4
1 1082763706146 1
1 1082763706188 4
1 1082763706189 1
1 1082763706192 4
1 1082763706193 1
1 1082763706196 4
1 1082763706197 1
1 1082763706200 4
1 1082763706201 1
1 1082763706204 4
1 1082763706205 1
1 1082763706208 4
1 1082763706209 1
1 1082763706238 1
1 1082763706239 1
1 1082763706242 1
1 1082763706243 1
1 1082763706246 1
1 1082763706247 1
1 1082763706250 1
1 1082763706251 1
1 1082763706254 1
1 1082763706255 1
1 1082763706258 1
1 1082763706259 1
1 1082763706301 1
1 1082763706302 4
1 1082763706303 1
1 1082763706305 1
1 1082763706306 4
1 1082763706307 1
1 1082763706309 1
1 1082763706310 4
1 1082763706311 1
1 1082763706313 1
1 1082763706314 4
1 1082763706315 1
1 1082763706317 1
1 1082763706318 4
1 1082763706319 1
1 1082763706321 1
1 1082763706322 4
1 1082763706323 1
1 1082763706364 1
1 1082763706365 4
1 1082763706366 1
1 1082763706368 1
1 1082763706369 4
1 1082763706370 1
1 1082763706372 1
1 1082763706373 4
1 1082763706374 1
1 1082763706376 1
1 1082763706377 4
1 1082763706378 1
1 1082763706380 1
1 1082763706381 4
1 1082763706382 1
1 1082763706384 1
1 1082763706385 4
1 1082763706386 1
1 1082763706402 1
1 1082763706403 1
1 1082763706406 1
1 1082763706407 1
1 1082763706410 1
1 1082763706411 1
1 1082763706414 1
1 1082763706415 1
1 1082763706418 1
1 1082763706419 1
1 1082763706461 1
1 1082763706462 4
1 1082763706463 1
1 1082763706465 1
1 1082763706466 4
1 1082763706467 1
1 1082763706469 1
1 1082763706470 4
1 1082763706471 1
1 1082763706473 1
1 1082763706474 4
1 1082763706475 1
1 1082763706477 1
1 1082763706478 4
1 1082763706479 1
1 1082763706481 1
1 1082763706482 4
1 1082763706483 1
1 1082763706524 1
1 1082763706525 4
1 1082763706526 1
1 1082763706528 1
1 1082763706529 4
1 1082763706530 1
1 1082763706532 1
1 1082763706533 4
1 1082763706534 1
1 1082763706536 1
1 1082763706537 4
1 1082763706538 1
1 1082763706540 1
1 1082763706541 4
1 1082763706542 1
1 1082763706544 1
1 1082763706545 4
1 1082763706546 1
1 1082763706588 4
1 1082763706589 1
1 1082763706592 4
1 1082763706593 1
1 1082763706596 4
1 1082763706597 1
1 1082763706600 4
1 1082763706601 1
1 1082763706604 4
1 1082763706605 1
1 1082763706608 4
1 1082763706609 1
1 1082763706638 1
1 1082763706639 1
1 1082763706642 1
1 1082763706643 1
1 1082763706646 1
1 1082763706647 1
1 1082763706650 1
1 1082763706651 1
1 1082763706654 1
1 1082763706655 1
1 1082763706658 1
1 1082763706659 1
1 1082763706701 1
1 1082763706702 4
1 1082763706703 1
1 1082763706705 1
1 1082763706706 4
1 1082763706707 1
1 1082763706709 1
1 1082763706710 4
1 1082763706711 1
1 1082763706713 1
1 1082763706714 4
1 1082763706715 1
1 1082763706717 1
1 1082763706718 4
1 1082763706719 1
1 1082763706721 1
1 1082763706722 4
1 1082763706723 1
1 1082763706764 1
1 1082763706765 4
1 1082763706766 1
1 1082763706768 1
1 1082763706769 4
1 1082763706770 1
1 1082763706772 1
1 1082763706773 4
1 1082763706774 1
1 1082763706776 1
1 1082763706777 4
1 1082763706778 1
1 1082763706780 1
1 1082763706781 4
1 1082763706782 1
1 1082763706784 1
1 1082763706785 4
1 1082763706786 1
1 1082763706802 1
1 1082763706803 1
1 1082763706806 1
1 1082763706807 1
1 1082763706810 1
1 1082763706811 1
1 1082763706814 1
1 1082763706815 1
1 1082763706818 1
1 1082763706819 1
1 1082763706861 1
1 1082763706862 4
1 1082763706863 1
1 1082763706865 1
1 1082763706866 4
1 1082763706867 1
1 1082763706869 1
1 1082763706870 4
1 1082763706871 1
1 1082763706873 1
1 1082763706874 4
1 1082763706875 1
1 1082763706877 1
1 1082763706878 4
1 1082763706879 1
1 1082763706881 1
1 1082763706882 4
1 1082763706883 1
1 1082763706924 1
1 1082763706925 4
1 1082763706926 1
1 1082763706928 1
1 1082763706929 4
1 1082763706930 1
1 1082763706932 1
1 1082763706933 4
1 1082763706934 1
1 1082763706936 1
1 1082763706937 4
1 1082763706938 1
1 1082763706940 1
1 1082763706941 4
1 1082763706942 1
1 1082763706944 1
1 1082763706945 4
1 1082763706946 1
1 1082763706988 4
1 1082763706989 1
1 1082763706992 4
1 1082763706993 1
1 1082763706996 4
1 1082763706997 1
1 1082763707000 4
1 1082763707001 1
1 1082763707004 4
1 1082763707005 1
1 1082763707008 4
1 1082763707009 1
1 1082763707038 1
1 1082763707039 1
1 1082763707042 1
1 1082763707043 1
1 1082763707046 1
1 1082763707047 1
1 1082763707050 1
1 1082763707051 1
1 1082763707054 1
1 1082763707055 1
1 1082763707058 1
1 1082763707059 1
1 1082763707101 1
1 1082763707102 4
1 1082763707103 1
1 1082763707105 1
1 1082763707106 4
1 1082763707107 1
1 1082763707109 1
1 1082763707110 4
1 1082763707111 1
1 1082763707113 1
1 1082763707114 4
1 1082763707115 1
1 1082763707117 1
1 1082763707118 4
1 1082763707119 1
1 1082763707121 1
1 1082763707122 4
1 1082763707123 1
1 1082763707164 1
1 1082763707165 4
1 1082763707166 1
1 1082763707168 1
1 1082763707169 4
1 1082763707170 1
1 1082763707172 1
1 1082763707173 4
1 1082763707174 1
1 1082763707176 1
1 1082763707177 4
1 1082763707178 1
1 1082763707180 1
1 1082763707181 4
1 1082763707182 1
1 1082763707184 1
1 1082763707185 4
1 1082763707186 1
1 1082763707202 1
1 1082763707203 1
1 1082763707206 1
1 1082763707207 1
1 1082763707210 1
1 1082763707211 1
1 1082763707214 1
1 1082763707215 1
1 1082763707218 1
1 1082763707219 1
1 1082763707261 1
1 1082763707262 4
1 1082763707263 1
1 1082763707265 1
1 1082763707266 4
1 1082763707267 1
1 1082763707269 1
1 1082763707270 4
1 1082763707271 1
1 1082763707273 1
1 1082763707274 4
1 1082763707275 1
1 1082763707277 1
1 1082763707278 4
1 1082763707279 1
1 1082763707281 1
1 1082763707282 4
1 1082763707283 1
1 1082763707324 1
1 1082763707325 4
1 1082763707326 1
1 1082763707328 1
1 1082763707329 4
1 1082763707330 1
1 1082763707332 1
1 1082763707333 4
1 1082763707334 1
1 1082763707336 1
1 1082763707337 4
1 1082763707338 1
1 1082763707340 1
1 1082763707341 4
1 1082763707342 1
1 1082763707344 1
1 1082763707345 4
1 1082763707346 1
1 1082763707388 4
1 1082763707389 1
1 1082763707392 4
1 1082763707393 1
1 1082763707396 4
1 1082763707397 1
1 1082763707400 4
1 1082763707401 1
1 1082763707404 4
1 1082763707405 1
1 1082763707408 4
1 1082763707409 1
1 1082763707438 1
1 1082763707439 1
1 1082763707442 1
1 1082763707443 1
1 1082763707446 1
1 1082763707447 1
1 1082763707450 1
1 1082763707451 1
1 1082763707454 1
1 1082763707455 1
1 1082763707458 1
1 1082763707459 1
1 1082763707501 1
1 1082763707502 4
1 1082763707503 1
1 1082763707505 1
1 1082763707506 4
1 1082763707507 1
1 1082763707509 1
1 1082763707510 4
1 1082763707511 1
1 1082763707513 1
1 1082763707514 4
1 1082763707515 1
1 1082763707517 1
1 1082763707518 4
1 1082763707519 1
1 1082763707521 1
1 1082763707522 4
1 1082763707523 1
1 1082763707564 1
1 1082763707565 4
1 1082763707566 1
1 1082763707568 1
1 1082763707569 4
1 1082763707570 1
1 1082763707572 1
1 1082763707573 4
1 1082763707574 1
1 1082763707576 1
1 1082763707577 4
1 1082763707578 1
1 1082763707580 1
1 1082763707581 4
1 1082763707582 1
1 1082763707584 1
1 1082763707585 4
1 1082763707586 1
1 1082763707602 1
1 1082763707603 1
1 1082763707606 1
1 1082763707607 1
1 1082763707610 1
1 1082763707611 1
1 1082763707614 1
1 1082763707615 1
1 1082763707618 1
1 1082763707619 1
1 1082763707661 1
1 1082763707662 4
1 1082763707663 1
1 1082763707665 1
1 1082763707666 4
1 1082763707667 1
1 1082763707669 1
1 1082763707670 4
1 1082763707671 1
1 1082763707673 1
1 1082763707674 4
1 1082763707675 1
1 1082763707677 1
1 1082763707678 4
1 1082763707679 1
1 1082763707681 1
1 1082763707682 4
1 1082763707683 1
1 1082763707724 1
1 1082763707725 4
1 1082763707726 1
1 1082763707728 1
1 1082763707729 4
1 1082763707730 1
1 1082763707732 1
1 1082763707733 4
1 1082763707734 1
1 1082763707736 1
1 1082763707737 4
1 1082763707738 1
1 1082763707740 1
1 1082763707741 4
1 1082763707742 1
1 1082763707744 1
1 1082763707745 4
1 1082763707746 1
1 1082763707788 4
1 1082763707789 1
1 1082763707792 4
1 1082763707793 1
1 1082763707796 4
1 1082763707797 1
1 1082763707800 4
1 1082763707801 1
1 1082763707804 4
1 1082763707805 1
1 1082763707808 4
1 1082763707809 1
1 1082763707838 1
1 1082763707839 1
1 1082763707842 1
1 1082763707843 1
1 1082763707846 1
1 1082763707847 1
1 1082763707850 1
1 1082763707851 1
1 1082763707854 1
1 1082763707855 1
1 1082763707858 1
1 1082763707859 1
1 1082763707901 1
1 1082763707902 4
1 1082763707903 1
1 1082763707905 1
1 1082763707906 4
1 1082763707907 1
1 1082763707909 1
1 1082763707910 4
1 1082763707911 1
1 1082763707913 1
1 1082763707914 4
1 1082763707915 1
1 1082763707917 1
1 1082763707918 4
1 1082763707919 1
1 1082763707921 1
1 1082763707922 4
1 1082763707923 1
1 1082763707964 1
1 1082763707965 4
1 1082763707966 1
1 1082763707968 1
1 1082763707969 4
1 1082763707970 1
1 1082763707972 1
1 1082763707973 4
1 1082763707974 1
1 1082763707976 1
1 1082763707977 4
1 1082763707978 1
1 1082763707980 1
1 1082763707981 4
1 1082763707982 1
1 1082763707984 1
1 1082763707985 4
1 1082763707986 1
1 1082763708002 1
1 1082763708003 1
1 1082763708006 1
1 1082763708007 1
1 1082763708010 1
1 1082763708011 1
1 1082763708014 1
1 1082763708015 1
1 1082763708018 1
1 1082763708019 1
1 1082763708061 1
1 1082763708062 4
1 1082763708063 1
1 1082763708065 1
1 1082763708066 4
1 1082763708067 1
1 1082763708069 1
1 1082763708070 4
1 1082763708071 1
1 1082763708073 1
1 1082763708074 4
1 1082763708075 1
1 1082763708077 1
1 1082763708078 4
1 1082763708079 1
1 1082763708081 1
1 1082763708082 4
1 1082763708083 1
1 1082763708124 1
1 1082763708125 4
1 1082763708126 1
1 1082763708128 1
1 1082763708129 4
1 1082763708130 1
1 1082763708132 1
1 1082763708133 4
1 1082763708134 1
1 1082763708136 1
1 1082763708137 4
1 1082763708138 1
1 1082763708140 1
1 1082763708141 4
1 1082763708142 1
1 1082763708144 1
1 1082763708145 4
1 1082763708146 1
1 1082763708188 4
1 1082763708189 1
1 1082763708192 4
1 1082763708193 1
1 1082763708196 4
1 1082763708197 1
1 1082763708200 4
1 1082763708201 1
1 1082763708204 4
1 1082763708205 1
1 1082763708208 4
1 1082763708209 1
1 1082763708238 1
1 1082763708239 1
1 1082763708242 1
1 1082763708243 1
1 1082763708246 1
1 1082763708247 1
1 1082763708250 1
1 1082763708251 1
1 1082763708254 1
1 1082763708255 1
1 1082763708258 1
1 1082763708259 1
1 1082763708301 1
1 1082763708302 4
1 1082763708303 1
1 1082763708305 1
1 1082763708306 4
1 1082763708307 1
1 1082763708309 1
1 1082763708310 4
1 1082763708311 1
1 1082763708313 1
1 1082763708314 4
1 1082763708315 1
1 1082763708317 1
1 1082763708318 4
1 1082763708319 1
1 1082763708321 1
1 1082763708322 4
1 1082763708323 1
1 1082763708364 1
1 1082763708365 4
1 1082763708366 1
1 1082763708368 1
1 1082763708369 4
1 1082763708370 1
1 1082763708372 1
1 1082763708373 4
1 1082763708374 1
1 1082763708376 1
1 1082763708377 4
1 1082763708378 1
1 1082763708380 1
1 1082763708381 4
1 1082763708382 1
1 1082763708384 1
1 1082763708385 4
1 1082763708386 1
1 1082763708402 1
1 1082763708403 1
1 1082763708406 1
1 1082763708407 1
1 1082763708410 1
1 1082763708411 1
1 1082763708414 1
1 1082763708415 1
1 1082763708418 1
1 1082763708419 1
1 1082763708461 1
1 1082763708462 4
1 1082763708463 1
1 1082763708465 1
1 1082763708466 4
1 1082763708467 1
1 1082763708469 1
1 1082763708470 4
1 1082763708471 1
1 1082763708473 1
1 1082763708474 4
1 1082763708475 1
1 1082763708477 1
1 1082763708478 4
1 1082763708479 1
1 1082763708481 1
1 1082763708482 4
1 1082763708483 1
1 1082763708524 1
1 1082763708525 4
1 1082763708526 1
1 1082763708528 1
1 1082763708529 4
1 1082763708530 1
1 1082763708532 1
1 1082763708533 4
1 1082763708534 1
1 1082763708536 1
1 1082763708537 4
1 1082763708538 1
1 1082763708540 1
1 1082763708541 4
1 1082763708542 1
1 1082763708544 1
1 1082763708545 4
1 1082763708546 1
1 1082763708588 4
1 1082763708589 1
1 1082763708592 4
1 1082763708593 1
1 1082763708596 4
1 1082763708597 1
1 1082763708600 4
1 1082763708601 1
1 1082763708604 4
1 1082763708605 1
1 1082763708608 4
1 1082763708609 1
1 1082763708638 1
1 1082763708639 1
1 1082763708642 1
1 1082763708643 1
1 1082763708646 1
1 1082763708647 1
1 1082763708650 1
1 1082763708651 1
1 1082763708654 1
1 1082763708655 1
1 1082763708658 1
1 1082763708659 1
1 1082763708701 1
1 1082763708702 4
1 1082763708703 1
1 1082763708705 1
1 1082763708706 4
1 1082763708707 1
1 1082763708709 1
1 1082763708710 4
1 1082763708711 1
1 1082763708713 1
1 1082763708714 4
1 1082763708715 1
1 1082763708717 1
1 1082763708718 4
1 1082763708719 1
1 1082763708721 1
1 1082763708722 4
1 1082763708723 1
1 1082763708764 1
1 1082763708765 4
1 1082763708766 1
1 1082763708768 1
1 1082763708769 4
1 1082763708770 1
1 1082763708772 1
1 1082763708773 4
1 1082763708774 1
1 1082763708776 1
1 1082763708777 4
1 1082763708778 1
1 1082763708780 1
1 1082763708781 4
1 1082763708782 1
1 1082763708784 1
1 1082763708785 4
1 1082763708786 1
1 1082763708802 1
1 1082763708803 1
1 1082763708806 1
1 1082763708807 1
1 1082763708810 1
1 1082763708811 1
1 1082763708814 1
1 1082763708815 1
1 1082763708818 1
1 1082763708819 1
1 1082763708861 1
1 1082763708862 4
1 1082763708863 1
1 1082763708865 1
1 1082763708866 4
1 1082763708867 1
1 1082763708869 1
1 1082763708870 4
1 1082763708871 1
1 1082763708873 1
1 1082763708874 4
1 1082763708875 1
1 1082763708877 1
1 1082763708878 4
1 1082763708879 1
1 1082763708881 1
1 1082763708882 4
1 1082763708883 1
1 1082763708924 1
1 1082763708925 4
1 1082763708926 1
1 1082763708928 1
1 1082763708929 4
1 1082763708930 1
1 1082763708932 1
1 1082763708933 4
1 1082763708934 1
1 1082763708936 1
1 1082763708937 4
1 1082763708938 1
1 1082763708940 1
1 1082763708941 4
1 1082763708942 1
1 1082763708944 1
1 1082763708945 4
1 1082763708946 1
1 1082763708988 4
1 1082763708989 1
1 1082763708992 4
1 1082763708993 1
1 1082763708996 4
1 1082763708997 1
1 1082763709000 4
1 1082763709001 1
1 1082763709004 4
1 1082763709005 1
1 1082763709008 4
1 1082763709009 1
1 1082763709038 1
1 1082763709039 1
1 1082763709042 1
1 1082763709043 1
1 1082763709046 1
1 1082763709047 1
1 1082763709050 1
1 1082763709051 1
1 1082763709054 1
1 1082763709055 1
1 1082763709058 1
1 1082763709059 1
1 1082763709101 1
1 1082763709102 4
1 1082763709103 1
1 1082763709105 1
1 1082763709106 4
1 1082763709107 1
1 1082763709109 1
1 1082763709110 4
1 1082763709111 1
1 1082763709113 1
1 1082763709114 4
1 1082763709115 1
1 1082763709117 1
1 1082763709118 4
1 1082763709119 1
1 1082763709121 1
1 1082763709122 4
1 1082763709123 1
1 1082763709164 1
1 1082763709165 4
1 1082763709166 1
1 1082763709168 1
1 1082763709169 4
1 1082763709170 1
1 1082763709172 1
1 1082763709173 4
1 1082763709174 1
1 1082763709176 1
1 1082763709177 4
1 1082763709178 1
1 1082763709180 1
1 1082763709181 4
1 1082763709182 1
1 1082763709184 1
1 1082763709185 4
1 1082763709186 1
1 1082763709202 1
1 1082763709203 1
1 1082763709206 1
1 1082763709207 1
1 1082763709210 1
1 1082763709211 1
1 1082763709214 1
1 1082763709215 1
1 1082763709218 1
1 1082763709219 1
1 1082763709261 1
1 1082763709262 4
1 1082763709263 1
1 1082763709265 1
1 1082763709266 4
1 1082763709267 1
1 1082763709269 1
1 1082763709270 4
1 1082763709271 1
1 1082763709273 1
1 1082763709274 4
1 1082763709275 1
1 1082763709277 1
1 1082763709278 4
1 1082763709279 1
1 1082763709281 1
1 1082763709282 4
1 1082763709283 1
1 1082763709324 1
1 1082763709325 4
1 1082763709326 1
1 1082763709328 1
1 1082763709329 4
1 1082763709330 1
1 1082763709332 1
1 1082763709333 4
1 1082763709334 1
1 1082763709336 1
1 1082763709337 4
1 1082763709338 1
1 1082763709340 1
1 1082763709341 4
1 1082763709342 1
1 1082763709344 1
1 1082763709345 4
1 1082763709346 1
1 1082763709388 4
1 1082763709389 1
1 1082763709392 4
1 1082763709393 1
1 1082763709396 4
1 1082763709397 1
1 1082763709400 4
1 1082763709401 1
1 1082763709404 4
1 1082763709405 1
1 1082763709408 4
1 1082763709409 1
1 1082763709438 1
1 1082763709439 1
1 1082763709442 1
1 1082763709443 1
1 1082763709446 1
1 1082763709447 1
1 1082763709450 1
1 1082763709451 1
1 1082763709454 1
1 1082763709455 1
1 1082763709458 1
1 1082763709459 1
1 1082763709501 1
1 1082763709502 4
1 1082763709503 1
1 1082763709505 1
1 1082763709506 4
1 1082763709507 1
1 1082763709509 1
1 1082763709510 4
1 1082763709511 1
1 1082763709513 1
1 1082763709514 4
1 1082763709515 1
1 1082763709517 1
1 1082763709518 4
1 1082763709519 1
1 1082763709521 1
1 1082763709522 4
1 1082763709523 1
1 1082763709564 1
1 1082763709565 4
1 1082763709566 1
1 1082763709568 1
1 1082763709569 4
1 1082763709570 1
1 1082763709572 1
1 1082763709573 4
1 1082763709574 1
1 1082763709576 1
1 1082763709577 4
1 1082763709578 1
1 1082763709580 1
1 1082763709581 4
1 1082763709582 1
1 1082763709584 1
1 1082763709585 4
1 1082763709586 1
1 1082763709602 1
1 1082763709603 1
1 1082763709606 1
1 1082763709607 1
1 1082763709610 1
1 1082763709611 1
1 1082763709614 1
1 1082763709615 1
1 1082763709618 1
1 1082763709619 1
1 1082763709661 1
1 1082763709662 4
1 1082763709663 1
1 1082763709665 1
1 1082763709666 4
1 1082763709667 1
1 1082763709669 1
1 1082763709670 4
1 1082763709671 1
1 1082763709673 1
1 1082763709674 4
1 1082763709675 1
1 1082763709677 1
1 1082763709678 4
1 1082763709679 1
1 1082763709681 1
1 1082763709682 4
1 1082763709683 1
1 1082763709724 1
1 1082763709725 4
1 1082763709726 1
1 1082763709728 1
1 1082763709729 4
1 1082763709730 1
1 1082763709732 1
1 1082763709733 4
1 1082763709734 1
1 1082763709736 1
1 1082763709737 4
1 1082763709738 1
1 1082763709740 1
1 1082763709741 4
1 1082763709742 1
1 1082763709744 1
1 1082763709745 4
1 1082763709746 1
1 1082763709788 4
1 1082763709789 1
1 1082763709792 4
1 1082763709793 1
1 1082763709796 4
1 1082763709797 1
1 1082763709800 4
1 1082763709801 1
1 1082763709804 4
1 1082763709805 1
1 1082763709808 4
1 1082763709809 1
1 1082763709838 1
1 1082763709839 1
1 1082763709842 1
1 1082763709843 1
1 1082763709846 1
1 1082763709847 1
1 1082763709850 1
1 1082763709851 1
1 1082763709854 1
1 1082763709855 1
1 1082763709858 1
1 1082763709859 1
1 1082763709901 1
1 1082763709902 4
1 1082763709903 1
1 1082763709905 1
1 1082763709906 4
1 1082763709907 1
1 1082763709909 1
1 1082763709910 4
1 1082763709911 1
1 1082763709913 1
1 1082763709914 4
1 1082763709915 1
1 1082763709917 1
1 1082763709918 4
1 1082763709919 1
1 1082763709921 1
1 1082763709922 4
1 1082763709923 1
1 1082763709964 1
1 1082763709965 4
1 1082763709966 1
1 1082763709968 1
1 1082763709969 4
1 1082763709970 1
1 1082763709972 1
1 1082763709973 4
1 1082763709974 1
1 1082763709976 1
1 1082763709977 4
1 1082763709978 1
1 1082763709980 1
1 1082763709981 4
1 1082763709982 1
1 1082763709984 1
1 1082763709985 4
1 1082763709986 1
1 1082763710002 1
1 1082763710003 1
1 1082763710006 1
1 1082763710007 1
1 1082763710010 1
1 1082763710011 1
1 1082763710014 1
1 1082763710015 1
1 1082763710018 1
1 1082763710019 1
1 1082763710061 1
1 1082763710062 4
1 1082763710063 1
1 1082763710065 1
1 1082763710066 4
1 1082763710067 1
1 1082763710069 1
1 1082763710070 4
1 1082763710071 1
1 1082763710073 1
1 1082763710074 4
1 1082763710075 1
1 1082763710077 1
1 1082763710078 4
1 1082763710079 1
1 1082763710081 1
1 1082763710082 4
1 1082763710083 1
1 1082763710124 1
1 1082763710125 4
1 1082763710126 1
1 1082763710128 1
1 1082763710129 4
1 1082763710130 1
1 1082763710132 1
1 1082763710133 4
1 1082763710134 1
1 1082763710136 1
1 1082763710137 4
1 1082763710138 1
1 1082763710140 1
1 1082763710141 4
1 1082763710142 1
1 1082763710144 1
1 1082763710145 4
1 1082763710146 1
1 1082763710188 4
1 1082763710189 1
1 1082763710192 4
1 1082763710193 1
1 1082763710196 4
1 1082763710197 1
1 1082763710200 4
1 1082763710201 1
1 1082763710204 4
1 1082763710205 1
1 1082763710208 4
1 1082763710209 1
1 1082763710238 1
1 1082763710239 1
1 1082763710242 1
1 1082763710243 1
1 1082763710246 1
1 1082763710247 1
1 1082763710250 1
1 1082763710251 1
1 1082763710254 1
1 1082763710255 1
1 1082763710258 1
1 1082763710259 1
1 1082763710301 1
1 1082763710302 4
1 1082763710303 1
1 1082763710305 1
1 1082763710306 4
1 1082763710307 1
1 1082763710309 1
1 1082763710310 4
1 1082763710311 1
1 1082763710313 1
1 1082763710314 4
1 1082763710315 1
1 1082763710317 1
1 1082763710318 4
1 1082763710319 1
1 1082763710321 1
1 1082763710322 4
1 1082763710323 1
1 1082763710364 1
1 1082763710365 4
1 1082763710366 1
1 1082763710368 1
1 1082763710369 4
1 1082763710370 1
1 1082763710372 1
1 1082763710373 4
1 1082763710374 1
1 1082763710376 1
1 1082763710377 4
1 1082763710378 1
1 1082763710380 1
1 1082763710381 4
1 1082763710382 1
1 1082763710384 1
1 1082763710385 4
1 1082763710386 1
1 1082763710402 1
1 1082763710403 1
1 1082763710406 1
1 1082763710407 1
1 1082763710410 1
1 1082763710411 1
1 1082763710414 1
1 1082763710415 1
1 1082763710418 1
1 1082763710419 1
1 1082763710461 1
1 1082763710462 4
1 1082763710463 1
1 1082763710465 1
1 1082763710466 4
1 1082763710467 1
1 1082763710469 1
1 1082763710470 4
1 1082763710471 1
1 1082763710473 1
1 1082763710474 4
1 1082763710475 1
1 1082763710477 1
1 1082763710478 4
1 1082763710479 1
1 1082763710481 1
1 1082763710482 4
1 1082763710483 1
1 1082763710524 1
1 1082763710525 4
1 1082763710526 1
1 1082763710528 1
1 1082763710529 4
1 1082763710530 1
1 1082763710532 1
1 1082763710533 4
1 1082763710534 1
1 1082763710536 1
1 1082763710537 4
1 1082763710538 1
1 1082763710540 1
1 1082763710541 4
1 1082763710542 1
1 1082763710544 1
1 1082763710545 4
1 1082763710546 1
1 1082763710588 4
1 1082763710589 1
1 1082763710592 4
1 1082763710593 1
1 1082763710596 4
1 1082763710597 1
1 1082763710600 4
1 1082763710601 1
1 1082763710604 4
1 1082763710605 1
1 1082763710608 4
1 1082763710609 1
1 1082763710638 1
1 1082763710639 1
1 1082763710642 1
1 1082763710643 1
1 1082763710646 1
1 1082763710647 1
1 1082763710650 1
1 1082763710651 1
1 1082763710654 1
1 1082763710655 1
1 1082763710658 1
1 1082763710659 1
1 1082763710701 1
1 1082763710702 4
1 1082763710703 1
1 1082763710705 1
1 1082763710706 4
1 1082763710707 1
1 1082763710709 1
1 1082763710710 4
1 1082763710711 1
1 1082763710713 1
1 1082763710714 4
1 1082763710715 1
1 1082763710717 1
1 1082763710718 4
1 1082763710719 1
1 1082763710721 1
1 1082763710722 4
1 1082763710723 1
1 1082763710764 1
1 1082763710765 4
1 1082763710766 1
1 1082763710768 1
1 1082763710769 4
1 1082763710770 1
1 1082763710772 1
1 1082763710773 4
1 1082763710774 1
1 1082763710776 1
1 1082763710777 4
1 1082763710778 1
1 1082763710780 1
1 1082763710781 4
1 1082763710782 1
1 1082763710784 1
1 1082763710785 4
1 1082763710786 1
1 1082763710802 1
1 1082763710803 1
1 1082763710806 1
1 1082763710807 1
1 1082763710810 1
1 1082763710811 1
1 1082763710814 1
1 1082763710815 1
1 1082763710818 1
1 1082763710819 1
1 1082763710861 1
1 1082763710862 4
1 1082763710863 1
1 1082763710865 1
1 1082763710866 4
1 1082763710867 1
1 1082763710869 1
1 1082763710870 4
1 1082763710871 1
1 1082763710873 1
1 1082763710874 4
1 1082763710875 1
1 1082763710877 1
1 1082763710878 4
1 1082763710879 1
1 1082763710881 1
1 1082763710882 4
1 1082763710883 1
1 1082763710924 1
1 1082763710925 4
1 1082763710926 1
1 1082763710928 1
1 1082763710929 4
1 1082763710930 1
1 1082763710932 1
1 1082763710933 4
1 1082763710934 1
1 1082763710936 1
1 1082763710937 4
1 1082763710938 1
1 1082763710940 1
1 1082763710941 4
1 1082763710942 1
1 1082763710944 1
1 1082763710945 4
1 1082763710946 1
1 1082763710988 4
1 1082763710989 1
1 1082763710992 4
1 1082763710993 1
1 1082763710996 4
1 1082763710997 1
1 1082763711000 4
1 1082763711001 1
1 1082763711004 4
1 1082763711005 1
1 1082763711008 4
1 1082763711009 1
1 1082763711038 1
1 1082763711039 1
1 1082763711042 1
1 1082763711043 1
1 1082763711046 1
1 1082763711047 1
1 1082763711050 1
1 1082763711051 1
1 1082763711054 1
1 1082763711055 1
1 1082763711058 1
1 1082763711059 1
1 1082763711101 1
1 1082763711102 4
1 1082763711103 1
1 1082763711105 1
1 1082763711106 4
1 1082763711107 1
1 1082763711109 1
1 1082763711110 4
1 1082763711111 1
1 1082763711113 1
1 1082763711114 4
1 1082763711115 1
1 1082763711117 1
1 1082763711118 4
1 1082763711119 1
1 1082763711121 1
1 1082763711122 4
1 1082763711123 1
1 1082763711164 1
1 1082763711165 4
1 1082763711166 1
1 1082763711168 1
1 1082763711169 4
1 1082763711170 1
1 1082763711172 1
1 1082763711173 4
1 1082763711174 1
1 1082763711176 1
1 1082763711177 4
1 1082763711178 1
1 1082763711180 1
1 1082763711181 4
1 1082763711182 1
1 1082763711184 1
1 1082763711185 4
1 1082763711186 1
1 1082763711202 1
1 1082763711203 1
1 1082763711206 1
1 1082763711207 1
1 1082763711210 1
1 1082763711211 1
1 1082763711214 1
1 1082763711215 1
1 1082763711218 1
1 1082763711219 1
1 1082763711261 1
1 1082763711262 4
1 1082763711263 1
1 1082763711265 1
1 1082763711266 4
1 1082763711267 1
1 1082763711269 1
1 1082763711270 4
1 1082763711271 1
1 1082763711273 1
1 1082763711274 4
1 1082763711275 1
1 1082763711277 1
1 1082763711278 4
1 1082763711279 1
1 1082763711281 1
1 1082763711282 4
1 1082763711283 1
1 1082763711324 1
1 1082763711325 4
1 1082763711326 1
1 1082763711328 1
1 1082763711329 4
1 1082763711330 1
1 1082763711332 1
1 1082763711333 4
1 1082763711334 1
1 1082763711336 1
1 1082763711337 4
1 1082763711338 1
1 1082763711340 1
1 1082763711341 4
1 1082763711342 1
1 1082763711344 1
1 1082763711345 4
1 1082763711346 1
1 1082763711388 4
1 1082763711389 1
1 1082763711392 4
1 1082763711393 1
1 1082763711396 4
1 1082763711397 1
1 1082763711400 4
1 1082763711401 1
1 1082763711404 4
1 1082763711405 1
1 1082763711408 4
1 1082763711409 1
1 1082763711438 1
1 1082763711439 1
1 1082763711442 1
1 1082763711443 1
1 1082763711446 1
1 1082763711447 1
1 1082763711450 1
1 1082763711451 1
1 1082763711454 1
1 1082763711455 1
1 1082763711458 1
1 1082763711459 1
1 1082763711501 1
1 1082763711502 4
1 1082763711503 1
1 1082763711505 1
1 1082763711506 4
1 1082763711507 1
1 1082763711509 1
1 1082763711510 4
1 1082763711511 1
1 1082763711513 1
1 1082763711514 4
1 1082763711515 1
1 1082763711517 1
1 1082763711518 4
1 1082763711519 1
1 1082763711521 1
1 1082763711522 4
1 1082763711523 1
1 1082763711564 1
1 1082763711565 4
1 1082763711566 1
1 1082763711568 1
1 1082763711569 4
1 1082763711570 1
1 1082763711572 1
1 1082763711573 4
1 1082763711574 1
1 1082763711576 1
1 1082763711577 4
1 1082763711578 1
1 1082763711580 1
1 1082763711581 4
1 1082763711582 1
1 1082763711584 1
1 1082763711585 4
1 1082763711586 1
1 1082763711602 1
1 1082763711603 1
1 1082763711606 1
1 1082763711607 1
1 1082763711610 1
1 1082763711611 1
1 1082763711614 1
1 1082763711615 1
1 1082763711618 1
1 1082763711619 1
1 1082763711661 1
1 1082763711662 4
1 1082763711663 1
1 1082763711665 1
1 1082763711666 4
1 1082763711667 1
1 1082763711669 1
1 1082763711670 4
1 1082763711671 1
1 1082763711673 1
1 1082763711674 4
1 1082763711675 1
1 1082763711677 1
1 1082763711678 4
1 1082763711679 1
1 1082763711681 1
1 1082763711682 4
1 1082763711683 1
1 1082763711724 1
1 1082763711725 4
1 1082763711726 1
1 1082763711728 1
1 1082763711729 4
1 1082763711730 1
1 1082763711732 1
1 1082763711733 4
1 1082763711734 1
1 1082763711736 1
1 1082763711737 4
1 1082763711738 1
1 1082763711740 1
1 1082763711741 4
1 1082763711742 1
1 1082763711744 1
1 1082763711745 4
1 1082763711746 1
1 1082763711788 4
1 1082763711789 1
1 1082763711792 4
1 1082763711793 1
1 1082763711796 4
1 1082763711797 1
1 1082763711800 4
1 1082763711801 1
1 1082763711804 4
1 1082763711805 1
1 1082763711808 4
1 1082763711809 1
1 1082763711838 1
1 1082763711839 1
1 1082763711842 1
1 1082763711843 1
1 1082763711846 1
1 1082763711847 1
1 1082763711850 1
1 1082763711851 1
1 1082763711854 1
1 1082763711855 1
1 1082763711858 1
1 1082763711859 1
1 1082763711901 1
1 1082763711902 4
1 1082763711903 1
1 1082763711905 1
1 1082763711906 4
1 1082763711907 1
1 1082763711909 1
1 1082763711910 4
1 1082763711911 1
1 1082763711913 1
1 1082763711914 4
1 1082763711915 1
1 1082763711917 1
1 1082763711918 4
1 1082763711919 1
1 1082763711921 1
1 1082763711922 4
1 1082763711923 1
1 1082763711964 1
1 1082763711965 4
1 1082763711966 1
1 1082763711968 1
1 1082763711969 4
1 1082763711970 1
1 1082763711972 1
1 1082763711973 4
1 1082763711974 1
1 1082763711976 1
1 1082763711977 4
1 1082763711978 1
1 1082763711980 1
1 1082763711981 4
1 1082763711982 1
1 1082763711984 1
1 1082763711985 4
1 1082763711986 1
1 1082763712002 1
1 1082763712003 1
1 1082763712006 1
1 1082763712007 1
1 1082763712010 1
1 1082763712011 1
1 1082763712014 1
1 1082763712015 1
1 1082763712018 1
1 1082763712019 1
1 1082763712061 1
1 1082763712062 4
1 1082763712063 1
1 1082763712065 1
1 1082763712066 4
1 1082763712067 1
1 1082763712069 1
1 1082763712070 4
1 1082763712071 1
1 1082763712073 1
1 1082763712074 4
1 1082763712075 1
1 1082763712077 1
1 1082763712078 4
1 1082763712079 1
1 1082763712081 1
1 1082763712082 4
1 1082763712083 1
1 1082763712124 1
1 1082763712125 4
1 1082763712126 1
1 1082763712128 1
1 1082763712129 4
1 1082763712130 1
1 1082763712132 1
1 1082763712133 4
1 1082763712134 1
1 1082763712136 1
1 1082763712137 4
1 1082763712138 1
1 1082763712140 1
1 1082763712141 4
1 1082763712142 1
1 1082763712144 1
1 1082763712145 4
1 1082763712146 1
1 1082763712188 4
1 1082763712189 1
1 1082763712192 4
1 1082763712193 1
1 1082763712196 4
1 1082763712197 1
1 1082763712200 4
1 1082763712201 1
1 1082763712204 4
1 1082763712205 1
1 1082763712208 4
1 1082763712209 1
1 1082763712238 1
1 1082763712239 1
1 1082763712242 1
1 1082763712243 1
1 1082763712246 1
1 1082763712247 1
1 1082763712250 1
1 1082763712251 1
1 1082763712254 1
1 1082763712255 1
1 1082763712258 1
1 1082763712259 1
1 1082763712301 1
1 1082763712302 4
1 1082763712303 1
1 1082763712305 1
1 1082763712306 4
1 1082763712307 1
1 1082763712309 1
1 1082763712310 4
1 1082763712311 1
1 1082763712313 1
1 1082763712314 4
1 1082763712315 1
1 1082763712317 1
1 1082763712318 4
1 1082763712319 1
1 1082763712321 1
1 1082763712322 4
1 1082763712323 1
1 1082763712364 1
1 1082763712365 4
1 1082763712366 1
1 1082763712368 1
1 1082763712369 4
1 1082763712370 1
1 1082763712372 1
1 1082763712373 4
1 1082763712374 1
1 1082763712376 1
1 1082763712377 4
1 1082763712378 1
1 1082763712380 1
1 1082763712381 4
1 1082763712382 1
1 1082763712384 1
1 1082763712385 4
1 1082763712386 1
1 1082763712402 1
1 1082763712403 1
1 1082763712406 1
1 1082763712407 1
1 1082763712410 1
1 1082763712411 1
1 1082763712414 1
1 1082763712415 1
1 1082763712418 1
1 1082763712419 1
1 1082763712461 1
1 1082763712462 4
1 1082763712463 1
1 1082763712465 1
1 1082763712466 4
1 1082763712467 1
1 1082763712469 1
1 1082763712470 4
1 1082763712471 1
1 1082763712473 1
1 1082763712474 4
1 1082763712475 1
1 1082763712477 1
1 1082763712478 4
1 1082763712479 1
1 1082763712481 1
1 1082763712482 4
1 1082763712483 1
1 1082763712524 1
1 1082763712525 4
1 1082763712526 1
1 1082763712528 1
1 1082763712529 4
1 1082763712530 1
1 1082763712532 1
1 1082763712533 4
1 1082763712534 1
1 1082763712536 1
1 1082763712537 4
1 1082763712538 1
1 1082763712540 1
1 1082763712541 4
1 1082763712542 1
1 1082763712544 1
1 1082763712545 4
1 1082763712546 1
1 1082763712588 4
1 1082763712589 1
1 1082763712592 4
1 1082763712593 1
1 1082763712596 4
1 1082763712597 1
1 1082763712600 4
1 1082763712601 1
1 1082763712604 4
1 1082763712605 1
1 1082763712608 4
1 1082763712609 1
1 1082763712638 1
1 1082763712639 1
1 1082763712642 1
1 1082763712643 1
1 1082763712646 1
1 1082763712647 1
1 1082763712650 1
1 1082763712651 1
1 1082763712654 1
1 1082763712655 1
1 1082763712658 1
1 1082763712659 1
1 1082763712701 1
1 1082763712702 4
1 1082763712703 1
1 1082763712705 1
1 1082763712706 4
1 1082763712707 1
1 1082763712709 1
1 1082763712710 4
1 1082763712711 1
1 1082763712713 1
1 1082763712714 4
1 1082763712715 1
1 1082763712717 1
1 1082763712718 4
1 1082763712719 1
1 1082763712721 1
1 1082763712722 4
1 1082763712723 1
1 1082763712764 1
1 1082763712765 4
1 1082763712766 1
1 1082763712768 1
1 1082763712769 4
1 1082763712770 1
1 1082763712772 1
1 1082763712773 4
1 1082763712774 1
1 1082763712776 1
1 1082763712777 4
1 1082763712778 1
1 1082763712780 1
1 1082763712781 4
1 1082763712782 1
1 1082763712784 1
1 1082763712785 4
1 1082763712786 1
1 1082763712802 1
1 1082763712803 1
1 1082763712806 1
1 1082763712807 1
1 1082763712810 1
1 1082763712811 1
1 1082763712814 1
1 1082763712815 1
1 1082763712818 1
1 1082763712819 1
1 1082763712861 1
1 1082763712862 4
1 1082763712863 1
1 1082763712865 1
1 1082763712866 4
1 1082763712867 1
1 1082763712869 1
1 1082763712870 4
1 1082763712871 1
1 1082763712873 1
1 1082763712874 4
1 1082763712875 1
1 1082763712877 1
1 1082763712878 4
1 1082763712879 1
1 1082763712881 1
1 1082763712882 4
1 1082763712883 1
1 1082763712924 1
1 1082763712925 4
1 1082763712926 1
1 1082763712928 1
1 1082763712929 4
1 1082763712930 1
1 1082763712932 1
1 1082763712933 4
1 1082763712934 1
1 1082763712936 1
1 1082763712937 4
1 1082763712938 1
1 1082763712940 1
1 1082763712941 4
1 1082763712942 1
1 1082763712944 1
1 1082763712945 4
1 1082763712946 1
1 1082763712988 4
1 1082763712989 1
1 1082763712992 11
1 1082763712993 1
1 1082763712996 4
1 1082763712997 1
1 1082763713000 4
1 1082763713001 1
1 1082763713004 4
1 1082763713005 1
1 1082763713008 4
1 1082763713009 1
1 1082763713038 1
1 1082763713039 1
1 1082763713042 1
1 1082763713043 1
1 1082763713046 1
1 1082763713047 1
1 1082763713050 1
1 1082763713051 1
1 1082763713054 1
1 1082763713055 1
1 1082763713058 1
1 1082763713059 1
1 1082763713101 1
1 1082763713102 4
1 1082763713103 1
1 1082763713105 1
1 1082763713106 4
1 1082763713107 1
1 1082763713109 1
1 1082763713110 4
1 1082763713111 1
1 1082763713113 1
1 1082763713114 4
1 1082763713115 1
1 1082763713117 1
1 1082763713118 4
1 1082763713119 1
1 1082763713121 1
1 1082763713122 4
1 1082763713123 1
1 1082763713164 1
1 1082763713165 4
1 1082763713166 1
1 1082763713168 1
1 1082763713169 4
1 1082763713170 1
1 1082763713172 1
1 1082763713173 4
1 1082763713174 1
1 1082763713176 1
1 1082763713177 4
1 1082763713178 1
1 1082763713180 1
1 1082763713181 4
1 1082763713182 1
1 1082763713184 1
1 1082763713185 4
1 1082763713186 1
1 1082763713202 1
1 1082763713203 1
1 1082763713206 1
1 1082763713207 1
1 1082763713210 1
1 1082763713211 1
1 1082763713214 1
1 1082763713215 1
1 1082763713218 1
1 1082763713219 1
1 1082763713261 1
1 1082763713262 4
1 1082763713263 1
1 1082763713265 1
1 1082763713266 4
1 1082763713267 1
1 1082763713269 1
1 1082763713270 4
1 1082763713271 1
1 1082763713273 1
1 1082763713274 4
1 1082763713275 1
1 1082763713277 1
1 1082763713278 4
1 1082763713279 1
1 1082763713281 1
1 1082763713282 4
1 1082763713283 1
1 1082763713324 1
1 1082763713325 4
1 1082763713326 1
1 1082763713328 1
1 1082763713329 4
1 1082763713330 1
1 1082763713332 1
1 1082763713333 4
1 1082763713334 1
1 1082763713336 1
1 1082763713337 4
1 1082763713338 1
1 1082763713340 1
1 1082763713341 4
1 1082763713342 1
1 1082763713344 1
1 1082763713345 4
1 1082763713346 1
1 1082763713388 4
1 1082763713389 1
1 1082763713392 4
1 1082763713393 1
1 1082763713396 4
1 1082763713397 1
1 1082763713400 4
1 1082763713401 1
1 1082763713404 4
1 1082763713405 1
1 1082763713408 4
1 1082763713409 1
1 1082763713438 1
1 1082763713439 1
1 1082763713442 1
1 1082763713443 1
1 1082763713446 1
1 1082763713447 1
1 1082763713450 1
1 1082763713451 1
1 1082763713454 1
1 1082763713455 1
1 1082763713458 1
1 1082763713459 1
1 1082763713501 1
1 1082763713502 4
1 1082763713503 1
1 1082763713505 1
1 1082763713506 4
1 1082763713507 1
1 1082763713509 1
1 1082763713510 4
1 1082763713511 1
1 1082763713513 1
1 1082763713514 4
1 1082763713515 1
1 1082763713517 1
1 1082763713518 4
1 1082763713519 1
1 1082763713521 1
1 1082763713522 4
1 1082763713523 1
1 1082763713564 1
1 1082763713565 4
1 1082763713566 1
1 1082763713568 1
1 1082763713569 4
1 1082763713570 1
1 1082763713572 1
1 1082763713573 4
1 1082763713574 1
1 1082763713576 1
1 1082763713577 4
1 1082763713578 1
1 1082763713580 1
1 1082763713581 4
1 1082763713582 1
1 1082763713584 1
1 1082763713585 4
1 1082763713586 1
