1 1082763673613 1
1 1082763673614 4
1 1082763673615 1
1 1082763673617 1
1 1082763673618 4
1 1082763673619 1
1 1082763673621 1
1 1082763673622 4
1 1082763673623 1
1 1082763673625 1
1 1082763673626 4
1 1082763673627 1
1 1082763673629 1
1 1082763673630 4
1 1082763673631 1
1 1082763673633 1
1 1082763673634 4
1 1082763673635 1
1 1082763673676 1
1 1082763673677 4
1 1082763673678 1
1 1082763673680 1
1 1082763673681 4
1 1082763673682 1
1 1082763673684 1
1 1082763673685 4
1 1082763673686 1
1 1082763673688 1
1 1082763673689 4
1 1082763673690 1
1 1082763673692 1
1 1082763673693 4
1 1082763673694 1
1 1082763673696 1
1 1082763673697 4
1 1082763673698 1
1 1082763673740 4
1 1082763673741 1
1 1082763673744 4
1 1082763673745 1
1 1082763673748 4
1 1082763673749 1
1 1082763673752 4
1 1082763673753 1
1 1082763673756 4
1 1082763673757 1
1 1082763673760 4
1 1082763673761 1
1 1082763673790 1
1 1082763673791 1
1 1082763673794 1
1 1082763673795 1
1 1082763673798 1
1 1082763673799 1
1 1082763673802 1
1 1082763673803 1
1 1082763673806 1
1 1082763673807 1
1 1082763673810 1
1 1082763673811 1
1 1082763673853 1
1 1082763673854 4
1 1082763673855 1
1 1082763673857 1
1 1082763673858 4
1 1082763673859 1
1 1082763673861 1
1 1082763673862 4
1 1082763673863 1
1 1082763673865 1
1 1082763673866 4
1 1082763673867 1
1 1082763673869 1
1 1082763673870 4
1 1082763673871 1
1 1082763673873 1
1 1082763673874 4
1 1082763673875 1
1 1082763673916 1
1 1082763673917 4
1 1082763673918 1
1 1082763673920 1
1 1082763673921 4
1 1082763673922 1
1 1082763673924 1
1 1082763673925 18
1 1082763673926 1
1 1082763673928 17
1 1082763673929 4
1 1082763673930 1
1 1082763673932 1
1 1082763673933 4
1 1082763673934 1
1 1082763673936 1
1 1082763673937 4
1 1082763673938 1
1 1082763673980 4
1 1082763673981 6
1 1082763673984 28
1 1082763673985 10
1 1082763673988 4
1 1082763673989 11
1 1082763673992 25
1 1082763673993 1
1 1082763673996 4
1 1082763673997 1
1 1082763674013 1
1 1082763674014 4
1 1082763674015 1
1 1082763674017 1
1 1082763674018 4
1 1082763674019 1
1 1082763674021 1
1 1082763674022 4
1 1082763674023 1
1 1082763674025 1
1 1082763674026 4
1 1082763674027 1
1 1082763674029 1
1 1082763674030 4
1 1082763674031 1
1 1082763674033 1
1 1082763674034 4
1 1082763674035 1
1 1082763674076 1
1 1082763674077 4
1 1082763674078 1
1 1082763674080 1
1 1082763674081 4
1 1082763674082 1
1 1082763674084 1
1 1082763674085 4
1 1082763674086 1
1 1082763674088 1
1 1082763674089 4
1 1082763674090 1
1 1082763674092 1
1 1082763674093 4
1 1082763674094 1
1 1082763674096 1
1 1082763674097 4
1 1082763674098 1
1 1082763674140 4
1 1082763674141 1
1 1082763674144 4
1 1082763674145 1
1 1082763674148 4
1 1082763674149 1
1 1082763674152 4
1 1082763674153 1
1 1082763674156 4
1 1082763674157 1
1 1082763674160 4
1 1082763674161 1
1 1082763674190 1
1 1082763674191 1
1 1082763674194 1
1 1082763674195 1
1 1082763674198 1
1 1082763674199 1
1 1082763674202 1
1 1082763674203 1
1 1082763674206 1
1 1082763674207 1
1 1082763674210 1
1 1082763674211 1
1 1082763674253 1
1 1082763674254 4
1 1082763674255 1
1 1082763674257 1
1 1082763674258 4
1 1082763674259 1
1 1082763674261 1
1 1082763674262 4
1 1082763674263 1
1 1082763674265 1
1 1082763674266 4
1 1082763674267 1
1 1082763674269 1
1 1082763674270 4
1 1082763674271 1
1 1082763674273 1
1 1082763674274 4
1 1082763674275 1
1 1082763674316 1
1 1082763674317 4
1 1082763674318 1
1 1082763674320 1
1 1082763674321 4
1 1082763674322 1
1 1082763674324 1
1 1082763674325 4
1 1082763674326 1
1 1082763674328 1
1 1082763674329 4
1 1082763674330 1
1 1082763674332 1
1 1082763674333 4
1 1082763674334 1
1 1082763674336 1
1 1082763674337 4
1 1082763674338 1
1 1082763674380 4
1 1082763674381 1
1 1082763674384 4
1 1082763674385 1
1 1082763674388 4
1 1082763674389 1
1 1082763674392 4
1 1082763674393 1
1 1082763674396 4
1 1082763674397 1
1 1082763674413 1
1 1082763674414 4
1 1082763674415 1
1 1082763674417 1
1 1082763674418 4
1 1082763674419 1
1 1082763674421 1
1 1082763674422 4
1 1082763674423 1
1 1082763674425 1
1 1082763674426 4
1 1082763674427 1
1 1082763674429 1
1 1082763674430 4
1 1082763674431 1
1 1082763674433 1
1 1082763674434 4
1 1082763674435 1
1 1082763674476 1
1 1082763674477 4
1 1082763674478 1
1 1082763674480 1
1 1082763674481 4
1 1082763674482 1
1 1082763674484 1
1 1082763674485 4
1 1082763674486 1
1 1082763674488 1
1 1082763674489 4
1 1082763674490 1
1 1082763674492 1
1 1082763674493 4
1 1082763674494 1
1 1082763674496 1
1 1082763674497 4
1 1082763674498 1
1 1082763674540 4
1 1082763674541 1
1 1082763674544 4
1 1082763674545 1
1 1082763674548 40
1 1082763674549 1
1 1082763674552 4
1 1082763674553 1
1 1082763674556 4
1 1082763674557 1
1 1082763674560 4
1 1082763674561 1
1 1082763674590 1
1 1082763674591 1
1 1082763674594 1
1 1082763674595 1
1 1082763674598 1
1 1082763674599 1
1 1082763674602 1
1 1082763674603 1
1 1082763674606 1
1 1082763674607 1
1 1082763674610 1
1 1082763674611 1
1 1082763674653 1
1 1082763674654 4
1 1082763674655 1
1 1082763674657 1
1 1082763674658 4
1 1082763674659 1
1 1082763674661 1
1 1082763674662 4
1 1082763674663 1
1 1082763674665 1
1 1082763674666 4
1 1082763674667 1
1 1082763674669 1
1 1082763674670 4
1 1082763674671 1
1 1082763674673 1
1 1082763674674 4
1 1082763674675 1
1 1082763674716 1
1 1082763674717 4
1 1082763674718 1
1 1082763674720 1
1 1082763674721 4
1 1082763674722 1
1 1082763674724 1
1 1082763674725 4
1 1082763674726 1
1 1082763674728 1
1 1082763674729 4
1 1082763674730 1
1 1082763674732 1
1 1082763674733 4
1 1082763674734 1
1 1082763674736 1
1 1082763674737 4
1 1082763674738 1
1 1082763674780 4
1 1082763674781 1
1 1082763674784 4
1 1082763674785 1
1 1082763674788 4
1 1082763674789 1
1 1082763674792 4
1 1082763674793 1
1 1082763674796 4
1 1082763674797 1
1 1082763674813 1
1 1082763674814 4
1 1082763674815 1
1 1082763674817 1
1 1082763674818 4
1 1082763674819 1
1 1082763674821 1
1 1082763674822 4
1 1082763674823 1
1 1082763674825 1
1 1082763674826 4
1 1082763674827 1
1 1082763674829 1
1 1082763674830 4
1 1082763674831 1
1 1082763674833 1
1 1082763674834 4
1 1082763674835 1
1 1082763674876 1
1 1082763674877 4
1 1082763674878 1
1 1082763674880 1
1 1082763674881 4
1 1082763674882 1
1 1082763674884 1
1 1082763674885 4
1 1082763674886 1
1 1082763674888 1
1 1082763674889 4
1 1082763674890 1
1 1082763674892 1
1 1082763674893 4
1 1082763674894 1
1 1082763674896 1
1 1082763674897 4
1 1082763674898 1
1 1082763674940 4
1 1082763674941 1
1 1082763674944 4
1 1082763674945 1
1 1082763674948 4
1 1082763674949 1
1 1082763674952 4
1 1082763674953 1
1 1082763674956 4
1 1082763674957 1
1 1082763674960 4
1 1082763674961 1
1 1082763674990 1
1 1082763674991 1
1 1082763674994 1
1 1082763674995 1
1 1082763674998 1
1 1082763674999 1
1 1082763675002 1
1 1082763675003 1
1 1082763675006 1
1 1082763675007 1
1 1082763675010 1
1 1082763675011 1
1 1082763675053 1
1 1082763675054 4
1 1082763675055 1
1 1082763675057 1
1 1082763675058 4
1 1082763675059 1
1 1082763675061 1
1 1082763675062 4
1 1082763675063 1
1 1082763675065 1
1 1082763675066 4
1 1082763675067 1
1 1082763675069 1
1 1082763675070 4
1 1082763675071 1
1 1082763675073 1
1 1082763675074 4
1 1082763675075 1
1 1082763675116 1
1 1082763675117 4
1 1082763675118 1
1 1082763675120 1
1 1082763675121 4
1 1082763675122 1
1 1082763675124 1
1 1082763675125 4
1 1082763675126 1
1 1082763675128 1
1 1082763675129 4
1 1082763675130 1
1 1082763675132 1
1 1082763675133 4
1 1082763675134 1
1 1082763675136 1
1 1082763675137 4
1 1082763675138 1
1 1082763675180 4
1 1082763675181 1
1 1082763675184 4
1 1082763675185 1
1 1082763675188 4
1 1082763675189 1
1 1082763675192 4
1 1082763675193 1
1 1082763675196 4
1 1082763675197 1
1 1082763675213 1
1 1082763675214 4
1 1082763675215 1
1 1082763675217 1
1 1082763675218 4
1 1082763675219 1
1 1082763675221 1
1 1082763675222 4
1 1082763675223 1
1 1082763675225 1
1 1082763675226 4
1 1082763675227 1
1 1082763675229 1
1 1082763675230 4
1 1082763675231 1
1 1082763675233 1
1 1082763675234 4
1 1082763675235 1
1 1082763675276 1
1 1082763675277 4
1 1082763675278 1
1 1082763675280 1
1 1082763675281 4
1 1082763675282 1
1 1082763675284 1
1 1082763675285 4
1 1082763675286 1
1 1082763675288 1
1 1082763675289 4
1 1082763675290 1
1 1082763675292 1
1 1082763675293 4
1 1082763675294 1
1 1082763675296 1
1 1082763675297 4
1 1082763675298 1
1 1082763675340 4
1 1082763675341 1
1 1082763675344 4
1 1082763675345 1
1 1082763675348 4
1 1082763675349 1
1 1082763675352 4
1 1082763675353 1
1 1082763675356 4
1 1082763675357 1
1 1082763675360 4
1 1082763675361 1
1 1082763675390 1
1 1082763675391 1
1 1082763675394 1
1 1082763675395 1
1 1082763675398 1
1 1082763675399 1
1 1082763675402 1
1 1082763675403 1
1 1082763675406 1
1 1082763675407 1
1 1082763675410 1
1 1082763675411 1
1 1082763675453 1
1 1082763675454 4
1 1082763675455 1
1 1082763675457 1
1 1082763675458 4
1 1082763675459 1
1 1082763675461 1
1 1082763675462 4
1 1082763675463 1
1 1082763675465 1
1 1082763675466 4
1 1082763675467 1
1 1082763675469 1
1 1082763675470 4
1 1082763675471 1
1 1082763675473 1
1 1082763675474 4
1 1082763675475 1
1 1082763675516 1
1 1082763675517 4
1 1082763675518 1
1 1082763675520 1
1 1082763675521 4
1 1082763675522 1
1 1082763675524 1
1 1082763675525 4
1 1082763675526 1
1 1082763675528 1
1 1082763675529 4
1 1082763675530 1
1 1082763675532 1
1 1082763675533 4
1 1082763675534 1
1 1082763675536 1
1 1082763675537 4
1 1082763675538 1
1 1082763675580 4
1 1082763675581 1
1 1082763675584 4
1 1082763675585 1
1 1082763675588 4
1 1082763675589 1
1 1082763675592 4
1 1082763675593 1
1 1082763675596 4
1 1082763675597 1
1 1082763675613 1
1 1082763675614 4
1 1082763675615 1
1 1082763675617 1
1 1082763675618 4
1 1082763675619 1
1 1082763675621 1
1 1082763675622 4
1 1082763675623 1
1 1082763675625 1
1 1082763675626 4
1 1082763675627 1
1 1082763675629 1
1 1082763675630 4
1 1082763675631 1
1 1082763675633 1
1 1082763675634 4
1 1082763675635 1
1 1082763675676 1
1 1082763675677 4
1 1082763675678 1
1 1082763675680 1
1 1082763675681 4
1 1082763675682 1
1 1082763675684 1
1 1082763675685 4
1 1082763675686 1
1 1082763675688 1
1 1082763675689 4
1 1082763675690 1
1 1082763675692 1
1 1082763675693 4
1 1082763675694 1
1 1082763675696 1
1 1082763675697 4
1 1082763675698 1
1 1082763675740 4
1 1082763675741 1
1 1082763675744 4
1 1082763675745 1
1 1082763675748 4
1 1082763675749 1
1 1082763675752 4
1 1082763675753 1
1 1082763675756 4
1 1082763675757 1
1 1082763675760 4
1 1082763675761 1
1 1082763675790 1
1 1082763675791 1
1 1082763675794 1
1 1082763675795 1
1 1082763675798 1
1 1082763675799 1
1 1082763675802 1
1 1082763675803 1
1 1082763675806 1
1 1082763675807 1
1 1082763675810 1
1 1082763675811 1
1 1082763675853 1
1 1082763675854 4
1 1082763675855 1
1 1082763675857 1
1 1082763675858 4
1 1082763675859 1
1 1082763675861 1
1 1082763675862 4
1 1082763675863 1
1 1082763675865 1
1 1082763675866 4
1 1082763675867 1
1 1082763675869 1
1 1082763675870 4
1 1082763675871 1
1 1082763675873 1
1 1082763675874 4
1 1082763675875 1
1 1082763675916 1
1 1082763675917 4
1 1082763675918 1
1 1082763675920 1
1 1082763675921 4
1 1082763675922 1
1 1082763675924 1
1 1082763675925 4
1 1082763675926 1
1 1082763675928 1
1 1082763675929 4
1 1082763675930 1
1 1082763675932 1
1 1082763675933 4
1 1082763675934 1
1 1082763675936 1
1 1082763675937 4
1 1082763675938 1
1 1082763675980 4
1 1082763675981 1
1 1082763675984 4
1 1082763675985 1
1 1082763675988 4
1 1082763675989 1
1 1082763675992 4
1 1082763675993 1
1 1082763675996 4
1 1082763675997 1
1 1082763676013 1
1 1082763676014 4
1 1082763676015 1
1 1082763676017 1
1 1082763676018 4
1 1082763676019 1
1 1082763676021 1
1 1082763676022 4
1 1082763676023 1
1 1082763676025 1
1 1082763676026 4
1 1082763676027 1
1 1082763676029 1
1 1082763676030 4
1 1082763676031 1
1 1082763676033 1
1 1082763676034 4
1 1082763676035 1
1 1082763676076 1
1 1082763676077 4
1 1082763676078 1
1 1082763676080 1
1 1082763676081 4
1 1082763676082 1
1 1082763676084 1
1 1082763676085 4
1 1082763676086 1
1 1082763676088 1
1 1082763676089 4
1 1082763676090 1
1 1082763676092 1
1 1082763676093 4
1 1082763676094 1
1 1082763676096 1
1 1082763676097 4
1 1082763676098 1
1 1082763676140 4
1 1082763676141 1
1 1082763676144 4
1 1082763676145 1
1 1082763676148 4
1 1082763676149 1
1 1082763676152 4
1 1082763676153 1
1 1082763676156 4
1 1082763676157 1
1 1082763676160 4
1 1082763676161 1
1 1082763676190 1
1 1082763676191 1
1 1082763676194 1
1 1082763676195 1
1 1082763676198 1
1 1082763676199 1
1 1082763676202 1
1 1082763676203 1
1 1082763676206 1
1 1082763676207 1
1 1082763676210 1
1 1082763676211 1
1 1082763676253 1
1 1082763676254 4
1 1082763676255 1
1 1082763676257 1
1 1082763676258 4
1 1082763676259 1
1 1082763676261 1
1 1082763676262 4
1 1082763676263 1
1 1082763676265 1
1 1082763676266 4
1 1082763676267 1
1 1082763676269 1
1 1082763676270 4
1 1082763676271 1
1 1082763676273 1
1 1082763676274 4
1 1082763676275 1
1 1082763676316 1
1 1082763676317 4
1 1082763676318 1
1 1082763676320 1
1 1082763676321 4
1 1082763676322 1
1 1082763676324 1
1 1082763676325 4
1 1082763676326 1
1 1082763676328 1
1 1082763676329 4
1 1082763676330 1
1 1082763676332 1
1 1082763676333 4
1 1082763676334 1
1 1082763676336 1
1 1082763676337 4
1 1082763676338 1
1 1082763676380 4
1 1082763676381 1
1 1082763676384 4
1 1082763676385 1
1 1082763676388 4
1 1082763676389 1
1 1082763676392 4
1 1082763676393 1
1 1082763676396 4
1 1082763676397 1
1 1082763676413 1
1 1082763676414 4
1 1082763676415 1
1 1082763676417 1
1 1082763676418 4
1 1082763676419 1
1 1082763676421 1
1 1082763676422 4
1 1082763676423 1
1 1082763676425 1
1 1082763676426 4
1 1082763676427 1
1 1082763676429 1
1 1082763676430 4
1 1082763676431 1
1 1082763676433 1
1 1082763676434 4
1 1082763676435 1
1 1082763676476 1
1 1082763676477 4
1 1082763676478 1
1 1082763676480 1
1 1082763676481 4
1 1082763676482 1
1 1082763676484 1
1 1082763676485 4
1 1082763676486 1
1 1082763676488 1
1 1082763676489 4
1 1082763676490 1
1 1082763676492 1
1 1082763676493 4
1 1082763676494 1
1 1082763676496 1
1 1082763676497 4
1 1082763676498 1
1 1082763676540 4
1 1082763676541 1
1 1082763676544 4
1 1082763676545 1
1 1082763676548 4
1 1082763676549 1
1 1082763676552 4
1 1082763676553 1
1 1082763676556 4
1 1082763676557 1
1 1082763676560 4
1 1082763676561 1
1 1082763676590 1
1 1082763676591 1
1 1082763676594 1
1 1082763676595 1
1 1082763676598 1
1 1082763676599 1
1 1082763676602 1
1 1082763676603 1
1 1082763676606 1
1 1082763676607 1
1 1082763676610 1
1 1082763676611 1
1 1082763676653 1
1 1082763676654 4
1 1082763676655 1
1 1082763676657 1
1 1082763676658 4
1 1082763676659 1
1 1082763676661 1
1 1082763676662 4
1 1082763676663 1
1 1082763676665 1
1 1082763676666 4
1 1082763676667 1
1 1082763676669 1
1 1082763676670 4
1 1082763676671 1
1 1082763676673 1
1 1082763676674 4
1 1082763676675 1
1 1082763676716 1
1 1082763676717 4
1 1082763676718 1
1 1082763676720 1
1 1082763676721 4
1 1082763676722 1
1 1082763676724 1
1 1082763676725 4
1 1082763676726 1
1 1082763676728 1
1 1082763676729 4
1 1082763676730 1
1 1082763676732 1
1 1082763676733 4
1 1082763676734 1
1 1082763676736 1
1 1082763676737 4
1 1082763676738 1
1 1082763676780 4
1 1082763676781 1
1 1082763676784 4
1 1082763676785 1
1 1082763676788 4
1 1082763676789 1
1 1082763676792 4
1 1082763676793 1
1 1082763676796 4
1 1082763676797 1
1 1082763676813 1
1 1082763676814 4
1 1082763676815 1
1 1082763676817 1
1 1082763676818 4
1 1082763676819 1
1 1082763676821 1
1 1082763676822 4
1 1082763676823 1
1 1082763676825 1
1 1082763676826 4
1 1082763676827 1
1 1082763676829 1
1 1082763676830 4
1 1082763676831 1
1 1082763676833 1
1 1082763676834 4
1 1082763676835 1
1 1082763676876 1
1 1082763676877 4
1 1082763676878 1
1 1082763676880 1
1 1082763676881 4
1 1082763676882 1
1 1082763676884 1
1 1082763676885 4
1 1082763676886 1
1 1082763676888 1
1 1082763676889 4
1 1082763676890 1
1 1082763676892 1
1 1082763676893 4
1 1082763676894 1
1 1082763676896 1
1 1082763676897 4
1 1082763676898 1
1 1082763676940 4
1 1082763676941 1
1 1082763676944 4
1 1082763676945 1
1 1082763676948 4
1 1082763676949 1
1 1082763676952 4
1 1082763676953 1
1 1082763676956 4
1 1082763676957 1
1 1082763676960 4
1 1082763676961 1
1 1082763676990 1
1 1082763676991 1
1 1082763676994 1
1 1082763676995 1
1 1082763676998 1
1 1082763676999 1
1 1082763677002 1
1 1082763677003 1
1 1082763677006 1
1 1082763677007 1
1 1082763677010 1
1 1082763677011 1
1 1082763677053 1
1 1082763677054 4
1 1082763677055 1
1 1082763677057 1
1 1082763677058 4
1 1082763677059 1
1 1082763677061 1
1 1082763677062 4
1 1082763677063 1
1 1082763677065 1
1 1082763677066 4
1 1082763677067 1
1 1082763677069 1
1 1082763677070 4
1 1082763677071 1
1 1082763677073 1
1 1082763677074 4
1 1082763677075 1
1 1082763677116 1
1 1082763677117 4
1 1082763677118 1
1 1082763677120 1
1 1082763677121 4
1 1082763677122 1
1 1082763677124 1
1 1082763677125 4
1 1082763677126 1
1 1082763677128 1
1 1082763677129 4
1 1082763677130 1
1 1082763677132 1
1 1082763677133 4
1 1082763677134 1
1 1082763677136 1
1 1082763677137 4
1 1082763677138 1
1 1082763677180 4
1 1082763677181 1
1 1082763677184 4
1 1082763677185 1
1 1082763677188 4
1 1082763677189 1
1 1082763677192 4
1 1082763677193 1
1 1082763677196 4
1 1082763677197 1
1 1082763677213 1
1 1082763677214 4
1 1082763677215 1
1 1082763677217 1
1 1082763677218 4
1 1082763677219 1
1 1082763677221 1
1 1082763677222 4
1 1082763677223 1
1 1082763677225 1
1 1082763677226 4
1 1082763677227 1
1 1082763677229 1
1 1082763677230 4
1 1082763677231 1
1 1082763677233 1
1 1082763677234 4
1 1082763677235 1
1 1082763677276 1
1 1082763677277 4
1 1082763677278 1
1 1082763677280 1
1 1082763677281 4
1 1082763677282 1
1 1082763677284 1
1 1082763677285 4
1 1082763677286 1
1 1082763677288 1
1 1082763677289 4
1 1082763677290 1
1 1082763677292 1
1 1082763677293 4
1 1082763677294 1
1 1082763677296 1
1 1082763677297 4
1 1082763677298 1
1 1082763677340 4
1 1082763677341 1
1 1082763677344 4
1 1082763677345 1
1 1082763677348 4
1 1082763677349 1
1 1082763677352 4
1 1082763677353 1
1 1082763677356 4
1 1082763677357 1
1 1082763677360 4
1 1082763677361 1
1 1082763677390 1
1 1082763677391 1
1 1082763677394 1
1 1082763677395 1
1 1082763677398 1
1 1082763677399 1
1 1082763677402 1
1 1082763677403 1
1 1082763677406 1
1 1082763677407 1
1 1082763677410 1
1 1082763677411 1
1 1082763677453 1
1 1082763677454 4
1 1082763677455 1
1 1082763677457 1
1 1082763677458 4
1 1082763677459 1
1 1082763677461 1
1 1082763677462 4
1 1082763677463 1
1 1082763677465 1
1 1082763677466 4
1 1082763677467 1
1 1082763677469 1
1 1082763677470 4
1 1082763677471 1
1 1082763677473 1
1 1082763677474 4
1 1082763677475 1
1 1082763677516 1
1 1082763677517 4
1 1082763677518 1
1 1082763677520 1
1 1082763677521 4
1 1082763677522 1
1 1082763677524 1
1 1082763677525 4
1 1082763677526 1
1 1082763677528 1
1 1082763677529 4
1 1082763677530 1
1 1082763677532 1
1 1082763677533 4
1 1082763677534 1
1 1082763677536 1
1 1082763677537 4
1 1082763677538 1
1 1082763677580 4
1 1082763677581 1
1 1082763677584 4
1 1082763677585 1
1 1082763677588 4
1 1082763677589 1
1 1082763677592 4
1 1082763677593 1
1 1082763677596 4
1 1082763677597 1
1 1082763677613 1
1 1082763677614 4
1 1082763677615 1
1 1082763677617 1
1 1082763677618 4
1 1082763677619 1
1 1082763677621 1
1 1082763677622 4
1 1082763677623 1
1 1082763677625 1
1 1082763677626 4
1 1082763677627 1
1 1082763677629 1
1 1082763677630 4
1 1082763677631 1
1 1082763677633 1
1 1082763677634 4
1 1082763677635 1
1 1082763677676 1
1 1082763677677 4
1 1082763677678 1
1 1082763677680 1
1 1082763677681 4
1 1082763677682 1
1 1082763677684 1
1 1082763677685 4
1 1082763677686 1
1 1082763677688 1
1 1082763677689 4
1 1082763677690 1
1 1082763677692 1
1 1082763677693 4
1 1082763677694 1
1 1082763677696 1
1 1082763677697 4
1 1082763677698 1
1 1082763677740 4
1 1082763677741 1
1 1082763677744 4
1 1082763677745 1
1 1082763677748 4
1 1082763677749 1
1 1082763677752 4
1 1082763677753 1
1 1082763677756 4
1 1082763677757 1
1 1082763677760 4
1 1082763677761 1
1 1082763677790 1
1 1082763677791 1
1 1082763677794 1
1 1082763677795 1
1 1082763677798 1
1 1082763677799 1
1 1082763677802 1
1 1082763677803 1
1 1082763677806 1
1 1082763677807 1
1 1082763677810 1
1 1082763677811 1
1 1082763677853 1
1 1082763677854 4
1 1082763677855 1
1 1082763677857 1
1 1082763677858 4
1 1082763677859 1
1 1082763677861 1
1 1082763677862 4
1 1082763677863 1
1 1082763677865 1
1 1082763677866 4
1 1082763677867 1
1 1082763677869 1
1 1082763677870 4
1 1082763677871 1
1 1082763677873 1
1 1082763677874 4
1 1082763677875 1
1 1082763677916 1
1 1082763677917 4
1 1082763677918 1
1 1082763677920 1
1 1082763677921 4
1 1082763677922 1
1 1082763677924 1
1 1082763677925 4
1 1082763677926 1
1 1082763677928 1
1 1082763677929 4
1 1082763677930 1
1 1082763677932 1
1 1082763677933 4
1 1082763677934 1
1 1082763677936 1
1 1082763677937 4
1 1082763677938 1
1 1082763677980 4
1 1082763677981 1
1 1082763677984 4
1 1082763677985 1
1 1082763677988 4
1 1082763677989 1
1 1082763677992 4
1 1082763677993 1
1 1082763677996 4
1 1082763677997 1
1 1082763678013 1
1 1082763678014 4
1 1082763678015 1
1 1082763678017 1
1 1082763678018 4
1 1082763678019 1
1 1082763678021 1
1 1082763678022 4
1 1082763678023 1
1 1082763678025 1
1 1082763678026 4
1 1082763678027 1
1 1082763678029 1
1 1082763678030 4
1 1082763678031 1
1 1082763678033 1
1 1082763678034 4
1 1082763678035 1
1 1082763678076 1
1 1082763678077 4
1 1082763678078 1
1 1082763678080 1
1 1082763678081 4
1 1082763678082 1
1 1082763678084 1
1 1082763678085 4
1 1082763678086 1
1 1082763678088 1
1 1082763678089 4
1 1082763678090 1
1 1082763678092 1
1 1082763678093 4
1 1082763678094 1
1 1082763678096 1
1 1082763678097 4
1 1082763678098 1
1 1082763678140 4
1 1082763678141 1
1 1082763678144 4
1 1082763678145 1
1 1082763678148 4
1 1082763678149 1
1 1082763678152 4
1 1082763678153 1
1 1082763678156 4
1 1082763678157 1
1 1082763678160 4
1 1082763678161 1
1 1082763678190 1
1 1082763678191 1
1 1082763678194 1
1 1082763678195 1
1 1082763678198 1
1 1082763678199 1
1 1082763678202 1
1 1082763678203 1
1 1082763678206 1
1 1082763678207 1
1 1082763678210 1
1 1082763678211 1
1 1082763678253 1
1 1082763678254 4
1 1082763678255 1
1 1082763678257 1
1 1082763678258 4
1 1082763678259 1
1 1082763678261 1
1 1082763678262 4
1 1082763678263 1
1 1082763678265 1
1 1082763678266 4
1 1082763678267 1
1 1082763678269 1
1 1082763678270 4
1 1082763678271 1
1 1082763678273 1
1 1082763678274 4
1 1082763678275 1
1 1082763678316 1
1 1082763678317 4
1 1082763678318 1
1 1082763678320 1
1 1082763678321 4
1 1082763678322 1
1 1082763678324 1
1 1082763678325 4
1 1082763678326 1
1 1082763678328 1
1 1082763678329 4
1 1082763678330 1
1 1082763678332 1
1 1082763678333 4
1 1082763678334 1
1 1082763678336 1
1 1082763678337 4
1 1082763678338 1
1 1082763678380 4
1 1082763678381 1
1 1082763678384 4
1 1082763678385 1
1 1082763678388 4
1 1082763678389 1
1 1082763678392 4
1 1082763678393 1
1 1082763678396 4
1 1082763678397 1
1 1082763678413 1
1 1082763678414 4
1 1082763678415 1
1 1082763678417 1
1 1082763678418 4
1 1082763678419 1
1 1082763678421 1
1 1082763678422 4
1 1082763678423 1
1 1082763678425 1
1 1082763678426 4
1 1082763678427 1
1 1082763678429 1
1 1082763678430 4
1 1082763678431 1
1 1082763678433 1
1 1082763678434 4
1 1082763678435 1
1 1082763678476 1
1 1082763678477 4
1 1082763678478 1
1 1082763678480 1
1 1082763678481 4
1 1082763678482 1
1 1082763678484 1
1 1082763678485 4
1 1082763678486 1
1 1082763678488 1
1 1082763678489 4
1 1082763678490 1
1 1082763678492 1
1 1082763678493 4
1 1082763678494 1
1 1082763678496 1
1 1082763678497 4
1 1082763678498 1
1 1082763678540 4
1 1082763678541 1
1 1082763678544 4
1 1082763678545 1
1 1082763678548 4
1 1082763678549 1
1 1082763678552 4
1 1082763678553 1
1 1082763678556 4
1 1082763678557 1
1 1082763678560 4
1 1082763678561 1
1 1082763678590 1
1 1082763678591 1
1 1082763678594 1
1 1082763678595 1
1 1082763678598 1
1 1082763678599 1
1 1082763678602 1
1 1082763678603 1
1 1082763678606 1
1 1082763678607 1
1 1082763678610 1
1 1082763678611 1
1 1082763678653 1
1 1082763678654 4
1 1082763678655 1
1 1082763678657 1
1 1082763678658 4
1 1082763678659 1
1 1082763678661 1
1 1082763678662 4
1 1082763678663 1
1 1082763678665 1
1 1082763678666 4
1 1082763678667 1
1 1082763678669 1
1 1082763678670 4
1 1082763678671 1
1 1082763678673 1
1 1082763678674 4
1 1082763678675 1
1 1082763678716 1
1 1082763678717 4
1 1082763678718 1
1 1082763678720 1
1 1082763678721 4
1 1082763678722 1
1 1082763678724 1
1 1082763678725 4
1 1082763678726 1
1 1082763678728 1
1 1082763678729 4
1 1082763678730 1
1 1082763678732 1
1 1082763678733 4
1 1082763678734 1
1 1082763678736 1
1 1082763678737 4
1 1082763678738 1
1 1082763678780 4
1 1082763678781 1
1 1082763678784 4
1 1082763678785 1
1 1082763678788 4
1 1082763678789 1
1 1082763678792 4
1 1082763678793 1
1 1082763678796 4
1 1082763678797 1
1 1082763678813 1
1 1082763678814 4
1 1082763678815 1
1 1082763678817 1
1 1082763678818 4
1 1082763678819 1
1 1082763678821 1
1 1082763678822 4
1 1082763678823 1
1 1082763678825 1
1 1082763678826 4
1 1082763678827 1
1 1082763678829 1
1 1082763678830 4
1 1082763678831 1
1 1082763678833 1
1 1082763678834 4
1 1082763678835 1
1 1082763678876 1
1 1082763678877 4
1 1082763678878 1
1 1082763678880 1
1 1082763678881 4
1 1082763678882 1
1 1082763678884 1
1 1082763678885 4
1 1082763678886 1
1 1082763678888 1
1 1082763678889 4
1 1082763678890 1
1 1082763678892 1
1 1082763678893 4
1 1082763678894 1
1 1082763678896 1
1 1082763678897 4
1 1082763678898 1
1 1082763678940 4
1 1082763678941 1
1 1082763678944 4
1 1082763678945 1
1 1082763678948 4
1 1082763678949 1
1 1082763678952 4
1 1082763678953 1
1 1082763678956 4
1 1082763678957 1
1 1082763678960 4
1 1082763678961 1
1 1082763678990 1
1 1082763678991 1
1 1082763678994 1
1 1082763678995 1
1 1082763678998 1
1 1082763678999 1
1 1082763679002 1
1 1082763679003 1
1 1082763679006 1
1 1082763679007 1
1 1082763679010 1
1 1082763679011 1
1 1082763679053 1
1 1082763679054 4
1 1082763679055 1
1 1082763679057 1
1 1082763679058 4
1 1082763679059 1
1 1082763679061 1
1 1082763679062 4
1 1082763679063 1
1 1082763679065 1
1 1082763679066 4
1 1082763679067 1
1 1082763679069 1
1 1082763679070 4
1 1082763679071 1
1 1082763679073 1
1 1082763679074 4
1 1082763679075 1
1 1082763679116 1
1 1082763679117 4
1 1082763679118 1
1 1082763679120 1
1 1082763679121 4
1 1082763679122 1
1 1082763679124 1
1 1082763679125 4
1 1082763679126 1
1 1082763679128 1
1 1082763679129 4
1 1082763679130 1
1 1082763679132 1
1 1082763679133 4
1 1082763679134 1
1 1082763679136 1
1 1082763679137 4
1 1082763679138 1
1 1082763679180 4
1 1082763679181 1
1 1082763679184 4
1 1082763679185 1
1 1082763679188 4
1 1082763679189 1
1 1082763679192 4
1 1082763679193 1
1 1082763679196 4
1 1082763679197 1
1 1082763679213 1
1 1082763679214 4
1 1082763679215 1
1 1082763679217 1
1 1082763679218 4
1 1082763679219 1
1 1082763679221 1
1 1082763679222 4
1 1082763679223 1
1 1082763679225 1
1 1082763679226 4
1 1082763679227 1
1 1082763679229 1
1 1082763679230 4
1 1082763679231 1
1 1082763679233 1
1 1082763679234 4
1 1082763679235 1
1 1082763679276 1
1 1082763679277 4
1 1082763679278 1
1 1082763679280 1
1 1082763679281 4
1 1082763679282 1
1 1082763679284 1
1 1082763679285 4
1 1082763679286 1
1 1082763679288 1
1 1082763679289 4
1 1082763679290 1
1 1082763679292 1
1 1082763679293 4
1 1082763679294 1
1 1082763679296 1
1 1082763679297 4
1 1082763679298 1
1 1082763679340 4
1 1082763679341 1
1 1082763679344 4
1 1082763679345 1
1 1082763679348 4
1 1082763679349 1
1 1082763679352 4
1 1082763679353 1
1 1082763679356 4
1 1082763679357 1
1 1082763679360 4
1 1082763679361 1
1 1082763679390 1
1 1082763679391 1
1 1082763679394 1
1 1082763679395 1
1 1082763679398 1
1 1082763679399 1
1 1082763679402 1
1 1082763679403 1
1 1082763679406 1
1 1082763679407 1
1 1082763679410 1
1 1082763679411 1
1 1082763679453 1
1 1082763679454 4
1 1082763679455 1
1 1082763679457 1
1 1082763679458 4
1 1082763679459 1
1 1082763679461 1
1 1082763679462 4
1 1082763679463 1
1 1082763679465 1
1 1082763679466 4
1 1082763679467 1
1 1082763679469 1
1 1082763679470 4
1 1082763679471 1
1 1082763679473 1
1 1082763679474 4
1 1082763679475 1
1 1082763679516 1
1 1082763679517 4
1 1082763679518 1
1 1082763679520 1
1 1082763679521 4
1 1082763679522 1
1 1082763679524 1
1 1082763679525 4
1 1082763679526 1
1 1082763679528 1
1 1082763679529 4
1 1082763679530 1
1 1082763679532 1
1 1082763679533 4
1 1082763679534 1
1 1082763679536 1
1 1082763679537 4
1 1082763679538 1
1 1082763679580 4
1 1082763679581 1
1 1082763679584 4
1 1082763679585 1
1 1082763679588 4
1 1082763679589 1
1 1082763679592 4
1 1082763679593 1
1 1082763679596 4
1 1082763679597 1
1 1082763679613 1
1 1082763679614 4
1 1082763679615 1
1 1082763679617 1
1 1082763679618 4
1 1082763679619 1
1 1082763679621 1
1 1082763679622 4
1 1082763679623 1
1 1082763679625 1
1 1082763679626 4
1 1082763679627 1
1 1082763679629 1
1 1082763679630 4
1 1082763679631 1
1 1082763679633 1
1 1082763679634 4
1 1082763679635 1
1 1082763679676 1
1 1082763679677 4
1 1082763679678 1
1 1082763679680 1
1 1082763679681 4
1 1082763679682 1
1 1082763679684 1
1 1082763679685 4
1 1082763679686 1
1 1082763679688 1
1 1082763679689 4
1 1082763679690 1
1 1082763679692 1
1 1082763679693 4
1 1082763679694 1
1 1082763679696 1
1 1082763679697 4
1 1082763679698 1
1 1082763679740 4
1 1082763679741 1
1 1082763679744 4
1 1082763679745 1
1 1082763679748 4
1 1082763679749 1
1 1082763679752 4
1 1082763679753 1
1 1082763679756 4
1 1082763679757 1
1 1082763679760 4
1 1082763679761 1
1 1082763679790 1
1 1082763679791 1
1 1082763679794 1
1 1082763679795 1
1 1082763679798 1
1 1082763679799 1
1 1082763679802 1
1 1082763679803 1
1 1082763679806 1
1 1082763679807 1
1 1082763679810 1
1 1082763679811 1
1 1082763679853 1
1 1082763679854 4
1 1082763679855 1
1 1082763679857 1
1 1082763679858 4
1 1082763679859 1
1 1082763679861 1
1 1082763679862 4
1 1082763679863 1
1 1082763679865 1
1 1082763679866 4
1 1082763679867 1
1 1082763679869 1
1 1082763679870 4
1 1082763679871 1
1 1082763679873 1
1 1082763679874 4
1 1082763679875 1
1 1082763679916 1
1 1082763679917 4
1 1082763679918 1
1 1082763679920 1
1 1082763679921 4
1 1082763679922 1
1 1082763679924 1
1 1082763679925 4
1 1082763679926 1
1 1082763679928 1
1 1082763679929 4
1 1082763679930 1
1 1082763679932 1
1 1082763679933 4
1 1082763679934 1
1 1082763679936 1
1 1082763679937 4
1 1082763679938 1
1 1082763679980 4
1 1082763679981 1
1 1082763679984 4
1 1082763679985 1
1 1082763679988 4
1 1082763679989 1
1 1082763679992 4
1 1082763679993 1
1 1082763679996 4
1 1082763679997 1
1 1082763680013 1
1 1082763680014 4
1 1082763680015 1
1 1082763680017 1
1 1082763680018 4
1 1082763680019 1
1 1082763680021 1
1 1082763680022 4
1 1082763680023 1
1 1082763680025 1
1 1082763680026 4
1 1082763680027 1
1 1082763680029 1
1 1082763680030 4
1 1082763680031 1
1 1082763680033 1
1 1082763680034 4
1 1082763680035 1
1 1082763680076 1
1 1082763680077 4
1 1082763680078 1
1 1082763680080 1
1 1082763680081 4
1 1082763680082 1
1 1082763680084 1
1 1082763680085 4
1 1082763680086 1
1 1082763680088 1
1 1082763680089 4
1 1082763680090 1
1 1082763680092 1
1 1082763680093 4
1 1082763680094 1
1 1082763680096 1
1 1082763680097 4
1 1082763680098 1
1 1082763680140 4
1 1082763680141 1
1 1082763680144 4
1 1082763680145 1
1 1082763680148 4
1 1082763680149 1
1 1082763680152 4
1 1082763680153 1
1 1082763680156 4
1 1082763680157 1
1 1082763680160 4
1 1082763680161 1
1 1082763680190 1
1 1082763680191 1
1 1082763680194 1
1 1082763680195 1
1 1082763680198 1
1 1082763680199 1
1 1082763680202 1
1 1082763680203 1
1 1082763680206 1
1 1082763680207 1
1 1082763680210 1
1 1082763680211 1
1 1082763680253 1
1 1082763680254 4
1 1082763680255 1
1 1082763680257 1
1 1082763680258 4
1 1082763680259 1
1 1082763680261 1
1 1082763680262 4
1 1082763680263 1
1 1082763680265 1
1 1082763680266 4
1 1082763680267 1
1 1082763680269 1
1 1082763680270 4
1 1082763680271 1
1 1082763680273 1
1 1082763680274 4
1 1082763680275 1
1 1082763680316 1
1 1082763680317 4
1 1082763680318 1
1 1082763680320 1
1 1082763680321 4
1 1082763680322 1
1 1082763680324 1
1 1082763680325 4
1 1082763680326 1
1 1082763680328 1
1 1082763680329 4
1 1082763680330 1
1 1082763680332 1
1 1082763680333 4
1 1082763680334 1
1 1082763680336 1
1 1082763680337 4
1 1082763680338 1
1 1082763680380 4
1 1082763680381 1
1 1082763680384 4
1 1082763680385 1
1 1082763680388 4
1 1082763680389 1
1 1082763680392 4
1 1082763680393 1
1 1082763680396 4
1 1082763680397 1
1 1082763680413 1
1 1082763680414 4
1 1082763680415 1
1 1082763680417 1
1 1082763680418 4
1 1082763680419 1
1 1082763680421 1
1 1082763680422 4
1 1082763680423 1
1 1082763680425 1
1 1082763680426 4
1 1082763680427 1
1 1082763680429 1
1 1082763680430 4
1 1082763680431 1
1 1082763680433 1
1 1082763680434 4
1 1082763680435 1
1 1082763680476 1
1 1082763680477 4
1 1082763680478 1
1 1082763680480 1
1 1082763680481 4
1 1082763680482 1
1 1082763680484 1
1 1082763680485 4
1 1082763680486 1
1 1082763680488 1
1 1082763680489 4
1 1082763680490 1
1 1082763680492 1
1 1082763680493 4
1 1082763680494 1
1 1082763680496 1
1 1082763680497 4
1 1082763680498 1
1 1082763680540 4
1 1082763680541 1
1 1082763680544 4
1 1082763680545 1
1 1082763680548 4
1 1082763680549 1
1 1082763680552 4
1 1082763680553 1
1 1082763680556 4
1 1082763680557 1
1 1082763680560 4
1 1082763680561 1
1 1082763680590 1
1 1082763680591 1
1 1082763680594 1
1 1082763680595 1
1 1082763680598 1
1 1082763680599 1
1 1082763680602 1
1 1082763680603 1
1 1082763680606 1
1 1082763680607 1
1 1082763680610 1
1 1082763680611 1
1 1082763680653 1
1 1082763680654 4
1 1082763680655 1
1 1082763680657 1
1 1082763680658 4
1 1082763680659 1
1 1082763680661 1
1 1082763680662 4
1 1082763680663 1
1 1082763680665 1
1 1082763680666 4
1 1082763680667 1
1 1082763680669 1
1 1082763680670 4
1 1082763680671 1
1 1082763680673 1
1 1082763680674 4
1 1082763680675 1
1 1082763680716 1
1 1082763680717 4
1 1082763680718 1
1 1082763680720 1
1 1082763680721 4
1 1082763680722 1
1 1082763680724 1
1 1082763680725 4
1 1082763680726 1
1 1082763680728 1
1 1082763680729 4
1 1082763680730 1
1 1082763680732 1
1 1082763680733 4
1 1082763680734 1
1 1082763680736 1
1 1082763680737 4
1 1082763680738 1
1 1082763680780 4
1 1082763680781 1
1 1082763680784 4
1 1082763680785 1
1 1082763680788 4
1 1082763680789 1
1 1082763680792 4
1 1082763680793 1
1 1082763680796 4
1 1082763680797 1
1 1082763680813 1
1 1082763680814 4
1 1082763680815 1
1 1082763680817 1
1 1082763680818 4
1 1082763680819 1
1 1082763680821 1
1 1082763680822 4
1 1082763680823 1
1 1082763680825 1
1 1082763680826 4
1 1082763680827 1
1 1082763680829 1
1 1082763680830 4
1 1082763680831 1
1 1082763680833 1
1 1082763680834 4
1 1082763680835 1
1 1082763680876 1
1 1082763680877 4
1 1082763680878 1
1 1082763680880 1
1 1082763680881 4
1 1082763680882 1
1 1082763680884 1
1 1082763680885 4
1 1082763680886 1
1 1082763680888 1
1 1082763680889 4
1 1082763680890 1
1 1082763680892 1
1 1082763680893 4
1 1082763680894 1
1 1082763680896 1
1 1082763680897 4
1 1082763680898 1
1 1082763680940 4
1 1082763680941 1
1 1082763680944 4
1 1082763680945 1
1 1082763680948 4
1 1082763680949 1
1 1082763680952 4
1 1082763680953 1
1 1082763680956 4
1 1082763680957 1
1 1082763680960 4
1 1082763680961 1
1 1082763680990 1
1 1082763680991 1
1 1082763680994 1
1 1082763680995 1
1 1082763680998 1
1 1082763680999 1
1 1082763681002 1
1 1082763681003 1
1 1082763681006 1
1 1082763681007 1
1 1082763681010 1
1 1082763681011 1
1 1082763681053 1
1 1082763681054 4
1 1082763681055 1
1 1082763681057 1
1 1082763681058 4
1 1082763681059 1
1 1082763681061 1
1 1082763681062 4
1 1082763681063 1
1 1082763681065 1
1 1082763681066 4
1 1082763681067 1
1 1082763681069 1
1 1082763681070 4
1 1082763681071 1
1 1082763681073 1
1 1082763681074 4
1 1082763681075 1
1 1082763681116 1
1 1082763681117 4
1 1082763681118 1
1 1082763681120 1
1 1082763681121 4
1 1082763681122 1
1 1082763681124 1
1 1082763681125 4
1 1082763681126 1
1 1082763681128 1
1 1082763681129 4
1 1082763681130 1
1 1082763681132 1
1 1082763681133 4
1 1082763681134 1
1 1082763681136 1
1 1082763681137 4
1 1082763681138 1
1 1082763681180 4
1 1082763681181 1
1 1082763681184 4
1 1082763681185 1
1 1082763681188 4
1 1082763681189 1
1 1082763681192 4
1 1082763681193 1
1 1082763681196 4
1 1082763681197 1
1 1082763681213 1
1 1082763681214 4
1 1082763681215 1
1 1082763681217 1
1 1082763681218 4
1 1082763681219 1
1 1082763681221 1
1 1082763681222 4
1 1082763681223 1
1 1082763681225 1
1 1082763681226 4
1 1082763681227 1
1 1082763681229 1
1 1082763681230 4
1 1082763681231 1
1 1082763681233 1
1 1082763681234 4
1 1082763681235 1
1 1082763681276 1
1 1082763681277 4
1 1082763681278 1
1 1082763681280 1
1 1082763681281 4
1 1082763681282 1
1 1082763681284 1
1 1082763681285 4
1 1082763681286 1
1 1082763681288 1
1 1082763681289 4
1 1082763681290 1
1 1082763681292 1
1 1082763681293 4
1 1082763681294 1
1 1082763681296 1
1 1082763681297 4
1 1082763681298 1
1 1082763681340 4
1 1082763681341 1
1 1082763681344 4
1 1082763681345 1
1 1082763681348 4
1 1082763681349 1
1 1082763681352 4
1 1082763681353 1
1 1082763681356 4
1 1082763681357 1
1 1082763681360 4
1 1082763681361 1
1 1082763681390 1
1 1082763681391 1
1 1082763681394 1
1 1082763681395 1
1 1082763681398 1
1 1082763681399 1
1 1082763681402 1
1 1082763681403 1
1 1082763681406 1
1 1082763681407 1
1 1082763681410 1
1 1082763681411 1
1 1082763681453 1
1 1082763681454 4
1 1082763681455 1
1 1082763681457 1
1 1082763681458 4
1 1082763681459 1
1 1082763681461 1
1 1082763681462 4
1 1082763681463 1
1 1082763681465 1
1 1082763681466 4
1 1082763681467 1
1 1082763681469 1
1 1082763681470 4
1 1082763681471 1
1 1082763681473 1
1 1082763681474 4
1 1082763681475 1
1 1082763681516 1
1 1082763681517 4
1 1082763681518 1
1 1082763681520 1
1 1082763681521 4
1 1082763681522 1
1 1082763681524 1
1 1082763681525 4
1 1082763681526 1
1 1082763681528 1
1 1082763681529 4
1 1082763681530 1
1 1082763681532 1
1 1082763681533 4
1 1082763681534 1
1 1082763681536 1
1 1082763681537 4
1 1082763681538 1
1 1082763681580 4
1 1082763681581 1
1 1082763681584 4
1 1082763681585 1
1 1082763681588 4
1 1082763681589 1
1 1082763681592 4
1 1082763681593 1
1 1082763681596 4
1 1082763681597 1
1 1082763681613 1
1 1082763681614 4
1 1082763681615 1
1 1082763681617 1
1 1082763681618 4
1 1082763681619 1
1 1082763681621 1
1 1082763681622 4
1 1082763681623 1
1 1082763681625 1
1 1082763681626 4
1 1082763681627 1
1 1082763681629 1
1 1082763681630 4
1 1082763681631 1
1 1082763681633 1
1 1082763681634 4
1 1082763681635 1
1 1082763681676 1
1 1082763681677 4
1 1082763681678 1
1 1082763681680 1
1 1082763681681 4
1 1082763681682 1
1 1082763681684 1
1 1082763681685 4
1 1082763681686 1
1 1082763681688 1
1 1082763681689 4
1 1082763681690 1
1 1082763681692 1
1 1082763681693 4
1 1082763681694 1
1 1082763681696 1
1 1082763681697 4
1 1082763681698 1
1 1082763681740 4
1 1082763681741 1
1 1082763681744 4
1 1082763681745 1
1 1082763681748 4
1 1082763681749 1
1 1082763681752 4
1 1082763681753 1
1 1082763681756 4
1 1082763681757 1
1 1082763681760 4
1 1082763681761 1
1 1082763681790 1
1 1082763681791 1
1 1082763681794 1
1 1082763681795 1
1 1082763681798 1
1 1082763681799 1
1 1082763681802 1
1 1082763681803 1
1 1082763681806 1
1 1082763681807 1
1 1082763681810 1
1 1082763681811 1
1 1082763681853 1
1 1082763681854 4
1 1082763681855 1
1 1082763681857 1
1 1082763681858 4
1 1082763681859 1
1 1082763681861 1
1 1082763681862 4
1 1082763681863 1
1 1082763681865 1
1 1082763681866 4
1 1082763681867 1
1 1082763681869 1
1 1082763681870 4
1 1082763681871 1
1 1082763681873 1
1 1082763681874 4
1 1082763681875 1
1 1082763681916 1
1 1082763681917 4
1 1082763681918 1
1 1082763681920 1
1 1082763681921 4
1 1082763681922 1
1 1082763681924 1
1 1082763681925 4
1 1082763681926 1
1 1082763681928 1
1 1082763681929 4
1 1082763681930 1
1 1082763681932 1
1 1082763681933 4
1 1082763681934 1
1 1082763681936 1
1 1082763681937 4
1 1082763681938 1
1 1082763681980 4
1 1082763681981 1
1 1082763681984 4
1 1082763681985 1
1 1082763681988 4
1 1082763681989 1
1 1082763681992 4
1 1082763681993 1
1 1082763681996 4
1 1082763681997 1
1 1082763682013 1
1 1082763682014 4
1 1082763682015 1
1 1082763682017 1
1 1082763682018 4
1 1082763682019 1
1 1082763682021 1
1 1082763682022 4
1 1082763682023 1
1 1082763682025 1
1 1082763682026 4
1 1082763682027 1
1 1082763682029 1
1 1082763682030 4
1 1082763682031 1
1 1082763682033 1
1 1082763682034 4
1 1082763682035 1
1 1082763682076 1
1 1082763682077 4
1 1082763682078 1
1 1082763682080 1
1 1082763682081 4
1 1082763682082 1
1 1082763682084 1
1 1082763682085 4
1 1082763682086 1
1 1082763682088 1
1 1082763682089 4
1 1082763682090 1
1 1082763682092 1
1 1082763682093 4
1 1082763682094 1
1 1082763682096 1
1 1082763682097 4
1 1082763682098 1
1 1082763682140 4
1 1082763682141 1
1 1082763682144 4
1 1082763682145 1
1 1082763682148 4
1 1082763682149 1
1 1082763682152 4
1 1082763682153 1
1 1082763682156 4
1 1082763682157 1
1 1082763682160 4
1 1082763682161 1
1 1082763682190 1
1 1082763682191 1
1 1082763682194 1
1 1082763682195 1
1 1082763682198 1
1 1082763682199 1
1 1082763682202 1
1 1082763682203 1
1 1082763682206 1
1 1082763682207 1
1 1082763682210 1
1 1082763682211 1
1 1082763682253 1
1 1082763682254 4
1 1082763682255 1
1 1082763682257 1
1 1082763682258 4
1 1082763682259 1
1 1082763682261 1
1 1082763682262 4
1 1082763682263 1
1 1082763682265 1
1 1082763682266 4
1 1082763682267 1
1 1082763682269 1
1 1082763682270 4
1 1082763682271 1
1 1082763682273 1
1 1082763682274 4
1 1082763682275 1
1 1082763682316 1
1 1082763682317 4
1 1082763682318 1
1 1082763682320 1
1 1082763682321 4
1 1082763682322 1
1 1082763682324 1
1 1082763682325 4
1 1082763682326 1
1 1082763682328 1
1 1082763682329 4
1 1082763682330 1
1 1082763682332 1
1 1082763682333 4
1 1082763682334 1
1 1082763682336 1
1 1082763682337 4
1 1082763682338 1
1 1082763682380 4
1 1082763682381 1
1 1082763682384 4
1 1082763682385 1
1 1082763682388 4
1 1082763682389 1
1 1082763682392 4
1 1082763682393 1
1 1082763682396 4
1 1082763682397 1
1 1082763682413 1
1 1082763682414 4
1 1082763682415 1
1 1082763682417 1
1 1082763682418 4
1 1082763682419 1
1 1082763682421 1
1 1082763682422 4
1 1082763682423 1
1 1082763682425 1
1 1082763682426 4
1 1082763682427 1
1 1082763682429 1
1 1082763682430 4
1 1082763682431 1
1 1082763682433 1
1 1082763682434 4
1 1082763682435 1
1 1082763682476 1
1 1082763682477 4
1 1082763682478 1
1 1082763682480 1
1 1082763682481 4
1 1082763682482 1
1 1082763682484 1
1 1082763682485 4
1 1082763682486 1
1 1082763682488 1
1 1082763682489 4
1 1082763682490 1
1 1082763682492 1
1 1082763682493 4
1 1082763682494 1
1 1082763682496 1
1 1082763682497 4
1 1082763682498 1
1 1082763682540 4
1 1082763682541 1
1 1082763682544 4
1 1082763682545 1
1 1082763682548 4
1 1082763682549 1
1 1082763682552 4
1 1082763682553 1
1 1082763682556 4
1 1082763682557 1
1 1082763682560 4
1 1082763682561 1
1 1082763682590 1
1 1082763682591 1
1 1082763682594 1
1 1082763682595 1
1 1082763682598 1
1 1082763682599 1
1 1082763682602 1
1 1082763682603 1
1 1082763682606 1
1 1082763682607 1
1 1082763682610 1
1 1082763682611 1
1 1082763682653 1
1 1082763682654 4
1 1082763682655 1
1 1082763682657 1
1 1082763682658 4
1 1082763682659 1
1 1082763682661 1
1 1082763682662 4
1 1082763682663 1
1 1082763682665 1
1 1082763682666 4
1 1082763682667 1
1 1082763682669 1
1 1082763682670 4
1 1082763682671 1
1 1082763682673 1
1 1082763682674 4
1 1082763682675 1
1 1082763682716 1
1 1082763682717 4
1 1082763682718 1
1 1082763682720 1
1 1082763682721 4
1 1082763682722 1
1 1082763682724 1
1 1082763682725 4
1 1082763682726 1
1 1082763682728 1
1 1082763682729 4
1 1082763682730 1
1 1082763682732 1
1 1082763682733 4
1 1082763682734 1
1 1082763682736 1
1 1082763682737 4
1 1082763682738 1
1 1082763682780 4
1 1082763682781 1
1 1082763682784 4
1 1082763682785 1
1 1082763682788 4
1 1082763682789 1
1 1082763682792 4
1 1082763682793 1
1 1082763682796 4
1 1082763682797 1
1 1082763682813 1
1 1082763682814 4
1 1082763682815 1
1 1082763682817 1
1 1082763682818 4
1 1082763682819 1
1 1082763682821 1
1 1082763682822 4
1 1082763682823 1
1 1082763682825 1
1 1082763682826 4
1 1082763682827 1
1 1082763682829 1
1 1082763682830 4
1 1082763682831 1
1 1082763682833 1
1 1082763682834 4
1 1082763682835 1
1 1082763682876 1
1 1082763682877 4
1 1082763682878 1
1 1082763682880 1
1 1082763682881 4
1 1082763682882 1
1 1082763682884 1
1 1082763682885 4
1 1082763682886 1
1 1082763682888 1
1 1082763682889 4
1 1082763682890 1
1 1082763682892 1
1 1082763682893 4
1 1082763682894 1
1 1082763682896 1
1 1082763682897 4
1 1082763682898 1
1 1082763682940 4
1 1082763682941 1
1 1082763682944 4
1 1082763682945 1
1 1082763682948 4
1 1082763682949 1
1 1082763682952 4
1 1082763682953 1
1 1082763682956 4
1 1082763682957 1
1 1082763682960 4
1 1082763682961 1
1 1082763682990 1
1 1082763682991 1
1 1082763682994 1
1 1082763682995 1
1 1082763682998 1
1 1082763682999 1
1 1082763683002 1
1 1082763683003 1
1 1082763683006 1
1 1082763683007 1
1 1082763683010 1
1 1082763683011 1
1 1082763683053 1
1 1082763683054 4
1 1082763683055 1
1 1082763683057 1
1 1082763683058 4
1 1082763683059 1
1 1082763683061 1
1 1082763683062 4
1 1082763683063 1
1 1082763683065 1
1 1082763683066 4
1 1082763683067 1
1 1082763683069 1
1 1082763683070 4
1 1082763683071 1
1 1082763683073 1
1 1082763683074 4
1 1082763683075 1
1 1082763683116 1
1 1082763683117 4
1 1082763683118 1
1 1082763683120 1
1 1082763683121 4
1 1082763683122 1
1 1082763683124 1
1 1082763683125 4
1 1082763683126 1
1 1082763683128 1
1 1082763683129 4
1 1082763683130 1
1 1082763683132 1
1 1082763683133 4
1 1082763683134 1
1 1082763683136 1
1 1082763683137 4
1 1082763683138 1
1 1082763683180 4
1 1082763683181 1
1 1082763683184 4
1 1082763683185 1
1 1082763683188 4
1 1082763683189 1
1 1082763683192 4
1 1082763683193 1
1 1082763683196 4
1 1082763683197 1
1 1082763683213 1
1 1082763683214 4
1 1082763683215 1
1 1082763683217 1
1 1082763683218 4
1 1082763683219 1
1 1082763683221 1
1 1082763683222 4
1 1082763683223 1
1 1082763683225 1
1 1082763683226 4
1 1082763683227 1
1 1082763683229 1
1 1082763683230 4
1 1082763683231 1
1 1082763683233 1
1 1082763683234 4
1 1082763683235 1
1 1082763683276 1
1 1082763683277 4
1 1082763683278 1
1 1082763683280 1
1 1082763683281 4
1 1082763683282 1
1 1082763683284 1
1 1082763683285 4
1 1082763683286 1
1 1082763683288 1
1 1082763683289 4
1 1082763683290 1
1 1082763683292 1
1 1082763683293 4
1 1082763683294 1
1 1082763683296 1
1 1082763683297 4
1 1082763683298 1
1 1082763683340 4
1 1082763683341 1
1 1082763683344 4
1 1082763683345 1
1 1082763683348 4
1 1082763683349 1
1 1082763683352 4
1 1082763683353 1
1 1082763683356 4
1 1082763683357 1
1 1082763683360 4
1 1082763683361 1
1 1082763683390 1
1 1082763683391 1
1 1082763683394 1
1 1082763683395 1
1 1082763683398 1
1 1082763683399 1
1 1082763683402 1
1 1082763683403 1
1 1082763683406 1
1 1082763683407 1
1 1082763683410 1
1 1082763683411 1
1 1082763683453 1
1 1082763683454 4
1 1082763683455 1
1 1082763683457 1
1 1082763683458 4
1 1082763683459 1
1 1082763683461 1
1 1082763683462 4
1 1082763683463 1
1 1082763683465 1
1 1082763683466 4
1 1082763683467 1
1 1082763683469 1
1 1082763683470 4
1 1082763683471 1
1 1082763683473 1
1 1082763683474 4
1 1082763683475 1
1 1082763683516 1
1 1082763683517 4
1 1082763683518 1
1 1082763683520 1
1 1082763683521 4
1 1082763683522 1
1 1082763683524 1
1 1082763683525 4
1 1082763683526 1
1 1082763683528 1
1 1082763683529 4
1 1082763683530 1
1 1082763683532 1
1 1082763683533 4
1 1082763683534 1
1 1082763683536 1
1 1082763683537 4
1 1082763683538 1
1 1082763683580 4
1 1082763683581 1
1 1082763683584 4
1 1082763683585 1
1 1082763683588 4
1 1082763683589 1
1 1082763683592 4
1 1082763683593 1
1 1082763683596 4
1 1082763683597 1
1 1082763683613 1
1 1082763683614 4
1 1082763683615 1
1 1082763683617 1
1 1082763683618 4
1 1082763683619 1
1 1082763683621 1
1 1082763683622 4
1 1082763683623 1
1 1082763683625 1
1 1082763683626 4
1 1082763683627 1
1 1082763683629 1
1 1082763683630 4
1 1082763683631 1
1 1082763683633 1
1 1082763683634 4
1 1082763683635 1
1 1082763683676 1
1 1082763683677 4
1 1082763683678 1
1 1082763683680 1
1 1082763683681 4
1 1082763683682 1
1 1082763683684 1
1 1082763683685 4
1 1082763683686 1
1 1082763683688 1
1 1082763683689 4
1 1082763683690 1
1 1082763683692 1
1 1082763683693 4
1 1082763683694 1
1 1082763683696 1
1 1082763683697 4
1 1082763683698 1
1 1082763683740 4
1 1082763683741 1
1 1082763683744 4
1 1082763683745 1
1 1082763683748 4
1 1082763683749 1
1 1082763683752 4
1 1082763683753 1
1 1082763683756 4
1 1082763683757 1
1 1082763683760 4
1 1082763683761 1
1 1082763683790 1
1 1082763683791 1
1 1082763683794 1
1 1082763683795 1
1 1082763683798 1
1 1082763683799 1
1 1082763683802 1
1 1082763683803 1
1 1082763683806 1
1 1082763683807 1
1 1082763683810 1
1 1082763683811 1
1 1082763683853 1
1 1082763683854 4
1 1082763683855 1
1 1082763683857 1
1 1082763683858 4
1 1082763683859 1
1 1082763683861 1
1 1082763683862 4
1 1082763683863 1
1 1082763683865 1
1 1082763683866 4
1 1082763683867 1
1 1082763683869 1
1 1082763683870 4
1 1082763683871 1
1 1082763683873 1
1 1082763683874 4
1 1082763683875 1
1 1082763683916 1
1 1082763683917 4
1 1082763683918 1
1 1082763683920 1
1 1082763683921 4
1 1082763683922 1
1 1082763683924 1
1 1082763683925 4
1 1082763683926 1
1 1082763683928 1
1 1082763683929 4
1 1082763683930 1
1 1082763683932 1
1 1082763683933 4
1 1082763683934 1
1 1082763683936 1
1 1082763683937 4
1 1082763683938 1
1 1082763683980 4
1 1082763683981 1
1 1082763683984 4
1 1082763683985 1
1 1082763683988 4
1 1082763683989 1
1 1082763683992 4
1 1082763683993 1
1 1082763683996 4
1 1082763683997 1
1 1082763684013 1
1 1082763684014 4
1 1082763684015 1
1 1082763684017 1
1 1082763684018 4
1 1082763684019 1
1 1082763684021 1
1 1082763684022 4
1 1082763684023 1
1 1082763684025 1
1 1082763684026 4
1 1082763684027 1
1 1082763684029 1
1 1082763684030 4
1 1082763684031 1
1 1082763684033 1
1 1082763684034 4
1 1082763684035 1
1 1082763684076 1
1 1082763684077 4
1 1082763684078 1
1 1082763684080 1
1 1082763684081 4
1 1082763684082 1
1 1082763684084 1
1 1082763684085 4
1 1082763684086 1
1 1082763684088 1
1 1082763684089 4
1 1082763684090 1
1 1082763684092 1
1 1082763684093 4
1 1082763684094 1
1 1082763684096 1
1 1082763684097 4
1 1082763684098 1
1 1082763684140 4
1 1082763684141 1
1 1082763684144 4
1 1082763684145 1
1 1082763684148 4
1 1082763684149 1
1 1082763684152 4
1 1082763684153 1
1 1082763684156 4
1 1082763684157 1
1 1082763684160 4
1 1082763684161 1
1 1082763684190 1
1 1082763684191 1
1 1082763684194 1
1 1082763684195 1
1 1082763684198 1
1 1082763684199 1
1 1082763684202 1
1 1082763684203 1
1 1082763684206 1
1 1082763684207 1
1 1082763684210 1
1 1082763684211 1
1 1082763684253 1
1 1082763684254 4
1 1082763684255 1
1 1082763684257 1
1 1082763684258 4
1 1082763684259 1
1 1082763684261 1
1 1082763684262 4
1 1082763684263 1
1 1082763684265 1
1 1082763684266 4
1 1082763684267 1
1 1082763684269 1
1 1082763684270 4
1 1082763684271 1
1 1082763684273 1
1 1082763684274 4
1 1082763684275 1
1 1082763684316 1
1 1082763684317 4
1 1082763684318 1
1 1082763684320 1
1 1082763684321 4
1 1082763684322 1
1 1082763684324 1
1 1082763684325 4
1 1082763684326 1
1 1082763684328 1
1 1082763684329 4
1 1082763684330 1
1 1082763684332 1
1 1082763684333 4
1 1082763684334 1
1 1082763684336 1
1 1082763684337 4
1 1082763684338 1
1 1082763684380 4
1 1082763684381 1
1 1082763684384 4
1 1082763684385 1
1 1082763684388 4
1 1082763684389 1
1 1082763684392 4
1 1082763684393 1
1 1082763684396 4
1 1082763684397 1
1 1082763684413 1
1 1082763684414 4
1 1082763684415 1
1 1082763684417 1
1 1082763684418 4
1 1082763684419 1
1 1082763684421 1
1 1082763684422 4
1 1082763684423 1
1 1082763684425 1
1 1082763684426 4
1 1082763684427 1
1 1082763684429 1
1 1082763684430 4
1 1082763684431 1
1 1082763684433 1
1 1082763684434 4
1 1082763684435 1
1 1082763684476 1
1 1082763684477 4
1 1082763684478 1
1 1082763684480 1
1 1082763684481 4
1 1082763684482 1
1 1082763684484 1
1 1082763684485 4
1 1082763684486 1
1 1082763684488 1
1 1082763684489 4
1 1082763684490 1
1 1082763684492 1
1 1082763684493 4
1 1082763684494 1
1 1082763684496 1
1 1082763684497 4
1 1082763684498 1
1 1082763684540 4
1 1082763684541 1
1 1082763684544 4
1 1082763684545 1
1 1082763684548 4
1 1082763684549 1
1 1082763684552 4
1 1082763684553 1
1 1082763684556 4
1 1082763684557 1
1 1082763684560 4
1 1082763684561 1
1 1082763684590 1
1 1082763684591 1
1 1082763684594 1
1 1082763684595 1
1 1082763684598 1
1 1082763684599 1
1 1082763684602 1
1 1082763684603 1
1 1082763684606 1
1 1082763684607 1
1 1082763684610 1
1 1082763684611 1
1 1082763684653 1
1 1082763684654 4
1 1082763684655 1
1 1082763684657 1
1 1082763684658 4
1 1082763684659 1
1 1082763684661 1
1 1082763684662 4
1 1082763684663 1
1 1082763684665 1
1 1082763684666 4
1 1082763684667 1
1 1082763684669 1
1 1082763684670 4
1 1082763684671 1
1 1082763684673 1
1 1082763684674 4
1 1082763684675 1
1 1082763684716 1
1 1082763684717 4
1 1082763684718 1
1 1082763684720 1
1 1082763684721 4
1 1082763684722 1
1 1082763684724 1
1 1082763684725 4
1 1082763684726 1
1 1082763684728 1
1 1082763684729 4
1 1082763684730 1
1 1082763684732 1
1 1082763684733 4
1 1082763684734 1
1 1082763684736 1
1 1082763684737 4
1 1082763684738 1
1 1082763684780 4
1 1082763684781 1
1 1082763684784 4
1 1082763684785 1
1 1082763684788 4
1 1082763684789 1
1 1082763684792 4
1 1082763684793 1
1 1082763684796 4
1 1082763684797 1
1 1082763684813 1
1 1082763684814 4
1 1082763684815 1
1 1082763684817 1
1 1082763684818 4
1 1082763684819 1
1 1082763684821 1
1 1082763684822 4
1 1082763684823 1
1 1082763684825 1
1 1082763684826 4
1 1082763684827 1
1 1082763684829 1
1 1082763684830 4
1 1082763684831 1
1 1082763684833 1
1 1082763684834 4
1 1082763684835 1
1 1082763684876 1
1 1082763684877 4
1 1082763684878 1
1 1082763684880 1
1 1082763684881 4
1 1082763684882 1
1 1082763684884 1
1 1082763684885 4
1 1082763684886 1
1 1082763684888 1
1 1082763684889 4
1 1082763684890 1
1 1082763684892 1
1 1082763684893 4
1 1082763684894 1
1 1082763684896 1
1 1082763684897 4
1 1082763684898 1
1 1082763684940 4
1 1082763684941 1
1 1082763684944 4
1 1082763684945 1
1 1082763684948 4
1 1082763684949 1
1 1082763684952 4
1 1082763684953 1
1 1082763684956 4
1 1082763684957 1
1 1082763684960 4
1 1082763684961 1
1 1082763684990 1
1 1082763684991 1
1 1082763684994 1
1 1082763684995 1
1 1082763684998 1
1 1082763684999 1
1 1082763685002 1
1 1082763685003 1
1 1082763685006 1
1 1082763685007 1
1 1082763685010 1
1 1082763685011 1
1 1082763685053 1
1 1082763685054 4
1 1082763685055 1
1 1082763685057 1
1 1082763685058 4
1 1082763685059 1
1 1082763685061 1
1 1082763685062 4
1 1082763685063 1
1 1082763685065 1
1 1082763685066 4
1 1082763685067 1
1 1082763685069 1
1 1082763685070 4
1 1082763685071 1
1 1082763685073 1
1 1082763685074 4
1 1082763685075 1
1 1082763685116 1
1 1082763685117 4
1 1082763685118 1
1 1082763685120 1
1 1082763685121 4
1 1082763685122 1
1 1082763685124 1
1 1082763685125 4
1 1082763685126 1
1 1082763685128 1
1 1082763685129 4
1 1082763685130 1
1 1082763685132 1
1 1082763685133 4
1 1082763685134 1
1 1082763685136 1
1 1082763685137 4
1 1082763685138 1
1 1082763685180 4
1 1082763685181 1
1 1082763685184 4
1 1082763685185 1
1 1082763685188 4
1 1082763685189 1
1 1082763685192 4
1 1082763685193 1
1 1082763685196 4
1 1082763685197 1
1 1082763685213 1
1 1082763685214 4
1 1082763685215 1
1 1082763685217 1
1 1082763685218 4
1 1082763685219 1
1 1082763685221 1
1 1082763685222 4
1 1082763685223 1
1 1082763685225 1
1 1082763685226 4
1 1082763685227 1
1 1082763685229 1
1 1082763685230 4
1 1082763685231 1
1 1082763685233 1
1 1082763685234 4
1 1082763685235 1
1 1082763685276 1
1 1082763685277 4
1 1082763685278 1
1 1082763685280 1
1 1082763685281 4
1 1082763685282 1
1 1082763685284 1
1 1082763685285 4
1 1082763685286 1
1 1082763685288 1
1 1082763685289 4
1 1082763685290 1
1 1082763685292 1
1 1082763685293 4
1 1082763685294 1
1 1082763685296 1
1 1082763685297 4
1 1082763685298 1
1 1082763685340 4
1 1082763685341 1
1 1082763685344 4
1 1082763685345 1
1 1082763685348 4
1 1082763685349 1
1 1082763685352 4
1 1082763685353 1
1 1082763685356 4
1 1082763685357 1
1 1082763685360 4
1 1082763685361 1
1 1082763685390 1
1 1082763685391 1
1 1082763685394 1
1 1082763685395 1
1 1082763685398 1
1 1082763685399 1
1 1082763685402 1
1 1082763685403 1
1 1082763685406 1
1 1082763685407 1
1 1082763685410 1
1 1082763685411 1
1 1082763685453 1
1 1082763685454 4
1 1082763685455 1
1 1082763685457 1
1 1082763685458 4
1 1082763685459 1
1 1082763685461 1
1 1082763685462 4
1 1082763685463 1
1 1082763685465 1
1 1082763685466 4
1 1082763685467 1
1 1082763685469 1
1 1082763685470 4
1 1082763685471 1
1 1082763685473 1
1 1082763685474 4
1 1082763685475 1
1 1082763685516 1
1 1082763685517 4
1 1082763685518 1
1 1082763685520 1
1 1082763685521 4
1 1082763685522 1
1 1082763685524 1
1 1082763685525 4
1 1082763685526 1
1 1082763685528 1
1 1082763685529 4
1 1082763685530 1
1 1082763685532 1
1 1082763685533 4
1 1082763685534 1
1 1082763685536 1
1 1082763685537 4
1 1082763685538 1
1 1082763685580 4
1 1082763685581 1
1 1082763685584 4
1 1082763685585 1
1 1082763685588 4
1 1082763685589 1
1 1082763685592 4
1 1082763685593 1
1 1082763685596 4
1 1082763685597 1
1 1082763685613 1
1 1082763685614 4
1 1082763685615 1
1 1082763685617 1
1 1082763685618 4
1 1082763685619 1
1 1082763685621 1
1 1082763685622 4
1 1082763685623 1
1 1082763685625 1
1 1082763685626 4
1 1082763685627 1
1 1082763685629 1
1 1082763685630 4
1 1082763685631 1
1 1082763685633 1
1 1082763685634 4
1 1082763685635 1
1 1082763685676 1
1 1082763685677 4
1 1082763685678 1
1 1082763685680 1
1 1082763685681 4
1 1082763685682 1
1 1082763685684 1
1 1082763685685 4
1 1082763685686 1
1 1082763685688 1
1 1082763685689 4
1 1082763685690 1
1 1082763685692 1
1 1082763685693 4
1 1082763685694 1
1 1082763685696 1
1 1082763685697 4
1 1082763685698 1
1 1082763685740 4
1 1082763685741 1
1 1082763685744 4
1 1082763685745 1
1 1082763685748 4
1 1082763685749 1
1 1082763685752 4
1 1082763685753 1
1 1082763685756 4
1 1082763685757 1
1 1082763685760 4
1 1082763685761 1
1 1082763685790 1
1 1082763685791 1
1 1082763685794 1
1 1082763685795 1
1 1082763685798 1
1 1082763685799 1
1 1082763685802 1
1 1082763685803 1
1 1082763685806 1
1 1082763685807 1
1 1082763685810 1
1 1082763685811 1
1 1082763685853 1
1 1082763685854 4
1 1082763685855 1
1 1082763685857 1
1 1082763685858 4
1 1082763685859 1
1 1082763685861 1
1 1082763685862 4
1 1082763685863 1
1 1082763685865 1
1 1082763685866 4
1 1082763685867 1
1 1082763685869 1
1 1082763685870 4
1 1082763685871 1
1 1082763685873 1
1 1082763685874 4
1 1082763685875 1
1 1082763685916 1
1 1082763685917 4
1 1082763685918 1
1 1082763685920 1
1 1082763685921 4
1 1082763685922 1
1 1082763685924 1
1 1082763685925 4
1 1082763685926 1
1 1082763685928 1
1 1082763685929 4
1 1082763685930 1
1 1082763685932 1
1 1082763685933 4
1 1082763685934 1
1 1082763685936 1
1 1082763685937 4
1 1082763685938 1
1 1082763685980 4
1 1082763685981 1
1 1082763685984 4
1 1082763685985 1
1 1082763685988 4
1 1082763685989 1
1 1082763685992 4
1 1082763685993 1
1 1082763685996 4
1 1082763685997 1
1 1082763686013 1
1 1082763686014 4
1 1082763686015 1
1 1082763686017 1
1 1082763686018 4
1 1082763686019 1
1 1082763686021 1
1 1082763686022 4
1 1082763686023 1
1 1082763686025 1
1 1082763686026 4
1 1082763686027 1
1 1082763686029 1
1 1082763686030 4
1 1082763686031 1
1 1082763686033 1
1 1082763686034 4
1 1082763686035 1
1 1082763686076 1
1 1082763686077 4
1 1082763686078 1
1 1082763686080 1
1 1082763686081 4
1 1082763686082 1
1 1082763686084 1
1 1082763686085 4
1 1082763686086 1
1 1082763686088 1
1 1082763686089 4
1 1082763686090 1
1 1082763686092 1
1 1082763686093 4
1 1082763686094 1
1 1082763686096 1
1 1082763686097 4
1 1082763686098 1
1 1082763686140 4
1 1082763686141 1
1 1082763686144 4
1 1082763686145 1
1 1082763686148 4
1 1082763686149 1
1 1082763686152 4
1 1082763686153 1
1 1082763686156 4
1 1082763686157 1
1 1082763686160 4
1 1082763686161 1
1 1082763686190 1
1 1082763686191 1
1 1082763686194 1
1 1082763686195 1
1 1082763686198 1
1 1082763686199 1
1 1082763686202 1
1 1082763686203 1
1 1082763686206 1
1 1082763686207 1
1 1082763686210 1
1 1082763686211 1
1 1082763686253 1
1 1082763686254 4
1 1082763686255 1
1 1082763686257 1
1 1082763686258 4
1 1082763686259 1
1 1082763686261 1
1 1082763686262 4
1 1082763686263 1
1 1082763686265 1
1 1082763686266 4
1 1082763686267 1
1 1082763686269 1
1 1082763686270 4
1 1082763686271 1
1 1082763686273 1
1 1082763686274 4
1 1082763686275 1
1 1082763686316 1
1 1082763686317 4
1 1082763686318 1
1 1082763686320 1
1 1082763686321 4
1 1082763686322 1
1 1082763686324 1
1 1082763686325 4
1 1082763686326 1
1 1082763686328 1
1 1082763686329 4
1 1082763686330 1
1 1082763686332 1
1 1082763686333 4
1 1082763686334 1
1 1082763686336 1
1 1082763686337 4
1 1082763686338 1
1 1082763686380 4
1 1082763686381 1
1 1082763686384 4
1 1082763686385 1
1 1082763686388 4
1 1082763686389 1
1 1082763686392 4
1 1082763686393 1
1 1082763686396 4
1 1082763686397 1
1 1082763686413 1
1 1082763686414 4
1 1082763686415 1
1 1082763686417 1
1 1082763686418 4
1 1082763686419 1
1 1082763686421 1
1 1082763686422 4
1 1082763686423 1
1 1082763686425 1
1 1082763686426 4
1 1082763686427 1
1 1082763686429 1
1 1082763686430 4
1 1082763686431 1
1 1082763686433 1
1 1082763686434 4
1 1082763686435 1
1 1082763686476 1
1 1082763686477 4
1 1082763686478 1
1 1082763686480 1
1 1082763686481 4
1 1082763686482 1
1 1082763686484 1
1 1082763686485 4
1 1082763686486 1
1 1082763686488 1
1 1082763686489 22
1 1082763686490 1
1 1082763686492 1
1 1082763686493 4
1 1082763686494 1
1 1082763686496 1
1 1082763686497 4
1 1082763686498 1
1 1082763686540 4
1 1082763686541 1
1 1082763686544 4
1 1082763686545 1
1 1082763686548 4
1 1082763686549 1
1 1082763686552 4
1 1082763686553 1
1 1082763686556 4
1 1082763686557 1
1 1082763686560 4
1 1082763686561 1
1 1082763686590 1
1 1082763686591 1
1 1082763686594 1
1 1082763686595 1
1 1082763686598 1
1 1082763686599 1
1 1082763686602 1
1 1082763686603 1
1 1082763686606 1
1 1082763686607 1
1 1082763686610 1
1 1082763686611 1
1 1082763686653 1
1 1082763686654 4
1 1082763686655 1
1 1082763686657 1
1 1082763686658 4
1 1082763686659 1
1 1082763686661 1
1 1082763686662 4
1 1082763686663 1
1 1082763686665 1
1 1082763686666 4
1 1082763686667 1
1 1082763686669 1
1 1082763686670 4
1 1082763686671 1
1 1082763686673 1
1 1082763686674 4
1 1082763686675 1
1 1082763686716 1
1 1082763686717 4
1 1082763686718 1
1 1082763686720 1
1 1082763686721 4
1 1082763686722 1
1 1082763686724 1
1 1082763686725 4
1 1082763686726 1
1 1082763686728 1
1 1082763686729 4
1 1082763686730 1
1 1082763686732 1
1 1082763686733 4
1 1082763686734 1
1 1082763686736 1
1 1082763686737 4
1 1082763686738 1
1 1082763686780 4
1 1082763686781 1
1 1082763686784 4
1 1082763686785 1
1 1082763686788 4
1 1082763686789 1
1 1082763686792 4
1 1082763686793 1
1 1082763686796 4
1 1082763686797 1
1 1082763686813 1
1 1082763686814 4
1 1082763686815 1
1 1082763686817 1
1 1082763686818 4
1 1082763686819 1
1 1082763686821 1
1 1082763686822 4
1 1082763686823 1
1 1082763686825 1
1 1082763686826 4
1 1082763686827 1
1 1082763686829 1
1 1082763686830 4
1 1082763686831 1
1 1082763686833 1
1 1082763686834 4
1 1082763686835 1
1 1082763686876 1
1 1082763686877 4
1 1082763686878 1
1 1082763686880 1
1 1082763686881 4
1 1082763686882 1
1 1082763686884 1
1 1082763686885 4
1 1082763686886 1
1 1082763686888 1
1 1082763686889 4
1 1082763686890 1
1 1082763686892 1
1 1082763686893 4
1 1082763686894 1
1 1082763686896 1
1 1082763686897 4
1 1082763686898 1
1 1082763686940 4
1 1082763686941 1
1 1082763686944 4
1 1082763686945 1
1 1082763686948 4
1 1082763686949 1
1 1082763686952 4
1 1082763686953 1
1 1082763686956 4
1 1082763686957 1
1 1082763686960 4
1 1082763686961 1
1 1082763686990 1
1 1082763686991 1
1 1082763686994 1
1 1082763686995 1
1 1082763686998 1
1 1082763686999 1
1 1082763687002 1
1 1082763687003 1
1 1082763687006 1
1 1082763687007 1
1 1082763687010 1
1 1082763687011 1
1 1082763687053 1
1 1082763687054 4
1 1082763687055 1
1 1082763687057 1
1 1082763687058 4
1 1082763687059 1
1 1082763687061 1
1 1082763687062 4
1 1082763687063 1
1 1082763687065 1
1 1082763687066 4
1 1082763687067 1
1 1082763687069 1
1 1082763687070 4
1 1082763687071 1
1 1082763687073 1
1 1082763687074 4
1 1082763687075 1
1 1082763687116 1
1 1082763687117 4
1 1082763687118 1
1 1082763687120 1
1 1082763687121 4
1 1082763687122 1
1 1082763687124 1
1 1082763687125 36
1 1082763687126 1
1 1082763687128 1
1 1082763687129 4
1 1082763687130 1
1 1082763687132 1
1 1082763687133 4
1 1082763687134 1
1 1082763687136 1
1 1082763687137 4
1 1082763687138 1
1 1082763687180 4
1 1082763687181 1
1 1082763687184 4
1 1082763687185 1
1 1082763687188 4
1 1082763687189 1
1 1082763687192 4
1 1082763687193 1
1 1082763687196 4
1 1082763687197 1
1 1082763687213 1
1 1082763687214 4
1 1082763687215 1
1 1082763687217 1
1 1082763687218 4
1 1082763687219 1
1 1082763687221 1
1 1082763687222 4
1 1082763687223 1
1 1082763687225 1
1 1082763687226 4
1 1082763687227 1
1 1082763687229 1
1 1082763687230 4
1 1082763687231 1
1 1082763687233 1
1 1082763687234 4
1 1082763687235 1
1 1082763687276 1
1 1082763687277 4
1 1082763687278 1
1 1082763687280 1
1 1082763687281 4
1 1082763687282 1
1 1082763687284 1
1 1082763687285 4
1 1082763687286 1
1 1082763687288 1
1 1082763687289 4
1 1082763687290 1
1 1082763687292 1
1 1082763687293 4
1 1082763687294 1
1 1082763687296 1
1 1082763687297 4
1 1082763687298 1
1 1082763687340 4
1 1082763687341 1
1 1082763687344 4
1 1082763687345 1
1 1082763687348 4
1 1082763687349 1
1 1082763687352 4
1 1082763687353 1
1 1082763687356 4
1 1082763687357 1
1 1082763687360 4
1 1082763687361 1
1 1082763687390 1
1 1082763687391 1
1 1082763687394 1
1 1082763687395 1
1 1082763687398 1
1 1082763687399 1
1 1082763687402 1
1 1082763687403 1
1 1082763687406 1
1 1082763687407 1
1 1082763687410 1
1 1082763687411 1
1 1082763687453 1
1 1082763687454 4
1 1082763687455 1
1 1082763687457 1
1 1082763687458 4
1 1082763687459 1
1 1082763687461 1
1 1082763687462 4
1 1082763687463 1
1 1082763687465 1
1 1082763687466 4
1 1082763687467 1
1 1082763687469 1
1 1082763687470 4
1 1082763687471 1
1 1082763687473 1
1 1082763687474 4
1 1082763687475 1
1 1082763687516 1
1 1082763687517 4
1 1082763687518 1
1 1082763687520 1
1 1082763687521 4
1 1082763687522 1
1 1082763687524 1
1 1082763687525 4
1 1082763687526 1
1 1082763687528 1
1 1082763687529 4
1 1082763687530 1
1 1082763687532 1
1 1082763687533 4
1 1082763687534 1
1 1082763687536 1
1 1082763687537 4
1 1082763687538 1
1 1082763687580 4
1 1082763687581 1
1 1082763687584 4
1 1082763687585 1
1 1082763687588 4
1 1082763687589 1
1 1082763687592 4
1 1082763687593 1
1 1082763687596 4
1 1082763687597 1
1 1082763687613 1
1 1082763687614 4
1 1082763687615 1
1 1082763687617 1
1 1082763687618 4
1 1082763687619 1
1 1082763687621 1
1 1082763687622 4
1 1082763687623 1
1 1082763687625 1
1 1082763687626 4
1 1082763687627 1
1 1082763687629 1
1 1082763687630 4
1 1082763687631 1
1 1082763687633 1
1 1082763687634 4
1 1082763687635 1
1 1082763687676 1
1 1082763687677 4
1 1082763687678 1
1 1082763687680 1
1 1082763687681 4
1 1082763687682 1
1 1082763687684 1
1 1082763687685 4
1 1082763687686 1
1 1082763687688 1
1 1082763687689 4
1 1082763687690 1
1 1082763687692 1
1 1082763687693 4
1 1082763687694 1
1 1082763687696 1
1 1082763687697 4
1 1082763687698 1
1 1082763687740 4
1 1082763687741 1
1 1082763687744 4
1 1082763687745 1
1 1082763687748 4
1 1082763687749 1
1 1082763687752 4
1 1082763687753 1
1 1082763687756 4
1 1082763687757 1
1 1082763687760 4
1 1082763687761 1
1 1082763687790 1
1 1082763687791 1
1 1082763687794 1
1 1082763687795 1
1 1082763687798 1
1 1082763687799 1
1 1082763687802 1
1 1082763687803 1
1 1082763687806 1
1 1082763687807 1
1 1082763687810 1
1 1082763687811 1
1 1082763687853 1
1 1082763687854 4
1 1082763687855 1
1 1082763687857 1
1 1082763687858 4
1 1082763687859 1
1 1082763687861 1
1 1082763687862 4
1 1082763687863 1
1 1082763687865 1
1 1082763687866 4
1 1082763687867 1
1 1082763687869 1
1 1082763687870 4
1 1082763687871 1
1 1082763687873 1
1 1082763687874 4
1 1082763687875 1
1 1082763687916 1
1 1082763687917 4
1 1082763687918 1
1 1082763687920 1
1 1082763687921 4
1 1082763687922 1
1 1082763687924 1
1 1082763687925 4
1 1082763687926 1
1 1082763687928 1
1 1082763687929 4
1 1082763687930 1
1 1082763687932 1
1 1082763687933 4
1 1082763687934 1
1 1082763687936 1
1 1082763687937 4
1 1082763687938 1
1 1082763687980 4
1 1082763687981 1
1 1082763687984 4
1 1082763687985 1
1 1082763687988 4
1 1082763687989 1
1 1082763687992 4
1 1082763687993 1
1 1082763687996 4
1 1082763687997 1
1 1082763688013 1
1 1082763688014 4
1 1082763688015 1
1 1082763688017 1
1 1082763688018 4
1 1082763688019 1
1 1082763688021 1
1 1082763688022 4
1 1082763688023 1
1 1082763688025 1
1 1082763688026 4
1 1082763688027 1
1 1082763688029 1
1 1082763688030 4
1 1082763688031 1
1 1082763688033 1
1 1082763688034 4
1 1082763688035 1
1 1082763688076 1
1 1082763688077 4
1 1082763688078 1
1 1082763688080 1
1 1082763688081 4
1 1082763688082 1
1 1082763688084 1
1 1082763688085 4
1 1082763688086 1
1 1082763688088 1
1 1082763688089 4
1 1082763688090 1
1 1082763688092 1
1 1082763688093 4
1 1082763688094 1
1 1082763688096 1
1 1082763688097 4
1 1082763688098 1
1 1082763688140 4
1 1082763688141 1
1 1082763688144 4
1 1082763688145 1
1 1082763688148 4
1 1082763688149 1
1 1082763688152 4
1 1082763688153 1
1 1082763688156 4
1 1082763688157 1
1 1082763688160 4
1 1082763688161 1
1 1082763688190 1
1 1082763688191 1
1 1082763688194 1
1 1082763688195 1
1 1082763688198 1
1 1082763688199 1
1 1082763688202 1
1 1082763688203 1
1 1082763688206 1
1 1082763688207 1
1 1082763688210 1
1 1082763688211 1
1 1082763688253 1
1 1082763688254 4
1 1082763688255 1
1 1082763688257 1
1 1082763688258 4
1 1082763688259 1
1 1082763688261 1
1 1082763688262 4
1 1082763688263 1
1 1082763688265 1
1 1082763688266 4
1 1082763688267 1
1 1082763688269 1
1 1082763688270 4
1 1082763688271 1
1 1082763688273 1
1 1082763688274 4
1 1082763688275 1
1 1082763688316 1
1 1082763688317 4
1 1082763688318 1
1 1082763688320 1
1 1082763688321 4
1 1082763688322 1
1 1082763688324 1
1 1082763688325 4
1 1082763688326 1
1 1082763688328 1
1 1082763688329 4
1 1082763688330 1
1 1082763688332 1
1 1082763688333 4
1 1082763688334 1
1 1082763688336 1
1 1082763688337 4
1 1082763688338 1
1 1082763688380 4
1 1082763688381 1
1 1082763688384 4
1 1082763688385 1
1 1082763688388 4
1 1082763688389 1
1 1082763688392 4
1 1082763688393 1
1 1082763688396 4
1 1082763688397 1
1 1082763688413 1
1 1082763688414 4
1 1082763688415 1
1 1082763688417 1
1 1082763688418 4
1 1082763688419 1
1 1082763688421 1
1 1082763688422 4
1 1082763688423 1
1 1082763688425 1
1 1082763688426 4
1 1082763688427 1
1 1082763688429 1
1 1082763688430 4
1 1082763688431 1
1 1082763688433 1
1 1082763688434 4
1 1082763688435 1
1 1082763688476 1
1 1082763688477 4
1 1082763688478 1
1 1082763688480 1
1 1082763688481 4
1 1082763688482 1
1 1082763688484 1
1 1082763688485 4
1 1082763688486 1
1 1082763688488 1
1 1082763688489 4
1 1082763688490 1
1 1082763688492 1
1 1082763688493 4
1 1082763688494 1
1 1082763688496 1
1 1082763688497 4
1 1082763688498 1
1 1082763688540 4
1 1082763688541 1
1 1082763688544 4
1 1082763688545 1
1 1082763688548 4
1 1082763688549 1
1 1082763688552 4
1 1082763688553 1
1 1082763688556 4
1 1082763688557 1
1 1082763688560 4
1 1082763688561 1
1 1082763688590 1
1 1082763688591 1
1 1082763688594 1
1 1082763688595 1
1 1082763688598 1
1 1082763688599 1
1 1082763688602 1
1 1082763688603 1
1 1082763688606 1
1 1082763688607 1
1 1082763688610 1
1 1082763688611 1
1 1082763688653 1
1 1082763688654 4
1 1082763688655 1
1 1082763688657 1
1 1082763688658 4
1 1082763688659 1
1 1082763688661 1
1 1082763688662 4
1 1082763688663 1
1 1082763688665 1
1 1082763688666 4
1 1082763688667 1
1 1082763688669 1
1 1082763688670 4
1 1082763688671 1
1 1082763688673 1
1 1082763688674 4
1 1082763688675 1
1 1082763688716 1
1 1082763688717 4
1 1082763688718 1
1 1082763688720 1
1 1082763688721 4
1 1082763688722 1
1 1082763688724 1
1 1082763688725 4
1 1082763688726 1
1 1082763688728 1
1 1082763688729 4
1 1082763688730 1
1 1082763688732 1
1 1082763688733 4
1 1082763688734 1
1 1082763688736 1
1 1082763688737 4
1 1082763688738 1
1 1082763688780 4
1 1082763688781 1
1 1082763688784 4
1 1082763688785 1
1 1082763688788 4
1 1082763688789 1
1 1082763688792 4
1 1082763688793 1
1 1082763688796 4
1 1082763688797 1
1 1082763688813 1
1 1082763688814 4
1 1082763688815 1
1 1082763688817 1
1 1082763688818 4
1 1082763688819 1
1 1082763688821 1
1 1082763688822 4
1 1082763688823 1
1 1082763688825 1
1 1082763688826 4
1 1082763688827 1
1 1082763688829 1
1 1082763688830 4
1 1082763688831 1
1 1082763688833 1
1 1082763688834 4
1 1082763688835 1
1 1082763688876 1
1 1082763688877 4
1 1082763688878 1
1 1082763688880 1
1 1082763688881 4
1 1082763688882 1
1 1082763688884 1
1 1082763688885 4
1 1082763688886 1
1 1082763688888 1
1 1082763688889 4
1 1082763688890 1
1 1082763688892 1
1 1082763688893 4
1 1082763688894 1
1 1082763688896 1
1 1082763688897 4
1 1082763688898 1
1 1082763688940 4
1 1082763688941 1
1 1082763688944 4
1 1082763688945 1
1 1082763688948 4
1 1082763688949 1
1 1082763688952 4
1 1082763688953 1
1 1082763688956 4
1 1082763688957 1
1 1082763688960 4
1 1082763688961 1
1 1082763688990 1
1 1082763688991 1
1 1082763688994 1
1 1082763688995 1
1 1082763688998 1
1 1082763688999 1
1 1082763689002 1
1 1082763689003 1
1 1082763689006 1
1 1082763689007 1
1 1082763689010 1
1 1082763689011 1
1 1082763689053 1
1 1082763689054 4
1 1082763689055 1
1 1082763689057 1
1 1082763689058 4
1 1082763689059 1
1 1082763689061 1
1 1082763689062 4
1 1082763689063 1
1 1082763689065 1
1 1082763689066 4
1 1082763689067 1
1 1082763689069 1
1 1082763689070 4
1 1082763689071 1
1 1082763689073 1
1 1082763689074 4
1 1082763689075 1
1 1082763689116 1
1 1082763689117 4
1 1082763689118 1
1 1082763689120 1
1 1082763689121 4
1 1082763689122 1
1 1082763689124 1
1 1082763689125 4
1 1082763689126 1
1 1082763689128 1
1 1082763689129 4
1 1082763689130 1
1 1082763689132 1
1 1082763689133 4
1 1082763689134 1
1 1082763689136 1
1 1082763689137 4
1 1082763689138 1
1 1082763689180 4
1 1082763689181 1
1 1082763689184 4
1 1082763689185 1
1 1082763689188 4
1 1082763689189 1
1 1082763689192 4
1 1082763689193 1
1 1082763689196 4
1 1082763689197 1
1 1082763689213 1
1 1082763689214 4
1 1082763689215 1
1 1082763689217 1
1 1082763689218 4
1 1082763689219 1
1 1082763689221 1
1 1082763689222 4
1 1082763689223 1
1 1082763689225 1
1 1082763689226 4
1 1082763689227 1
1 1082763689229 1
1 1082763689230 4
1 1082763689231 1
1 1082763689233 1
1 1082763689234 4
1 1082763689235 1
1 1082763689276 1
1 1082763689277 4
1 1082763689278 1
1 1082763689280 1
1 1082763689281 4
1 1082763689282 1
1 1082763689284 1
1 1082763689285 4
1 1082763689286 1
1 1082763689288 1
1 1082763689289 4
1 1082763689290 1
1 1082763689292 1
1 1082763689293 4
1 1082763689294 1
1 1082763689296 1
1 1082763689297 4
1 1082763689298 1
1 1082763689340 4
1 1082763689341 1
1 1082763689344 4
1 1082763689345 1
1 1082763689348 4
1 1082763689349 1
1 1082763689352 4
1 1082763689353 1
1 1082763689356 4
1 1082763689357 1
1 1082763689360 4
1 1082763689361 1
1 1082763689390 1
1 1082763689391 1
1 1082763689394 1
1 1082763689395 1
1 1082763689398 1
1 1082763689399 1
1 1082763689402 1
1 1082763689403 1
1 1082763689406 1
1 1082763689407 1
1 1082763689410 1
1 1082763689411 1
1 1082763689453 1
1 1082763689454 4
1 1082763689455 1
1 1082763689457 1
1 1082763689458 4
1 1082763689459 1
1 1082763689461 1
1 1082763689462 4
1 1082763689463 1
1 1082763689465 1
1 1082763689466 4
1 1082763689467 1
1 1082763689469 1
1 1082763689470 4
1 1082763689471 1
1 1082763689473 1
1 1082763689474 4
1 1082763689475 1
1 1082763689516 1
1 1082763689517 4
1 1082763689518 1
1 1082763689520 1
1 1082763689521 4
1 1082763689522 1
1 1082763689524 1
1 1082763689525 4
1 1082763689526 1
1 1082763689528 1
1 1082763689529 4
1 1082763689530 1
1 1082763689532 1
1 1082763689533 4
1 1082763689534 1
1 1082763689536 1
1 1082763689537 4
1 1082763689538 1
1 1082763689580 4
1 1082763689581 1
1 1082763689584 4
1 1082763689585 1
1 1082763689588 4
1 1082763689589 1
1 1082763689592 4
1 1082763689593 1
1 1082763689596 4
1 1082763689597 1
1 1082763689613 1
1 1082763689614 4
1 1082763689615 1
1 1082763689617 1
1 1082763689618 4
1 1082763689619 1
1 1082763689621 1
1 1082763689622 4
1 1082763689623 1
1 1082763689625 1
1 1082763689626 4
1 1082763689627 1
1 1082763689629 1
1 1082763689630 4
1 1082763689631 1
1 1082763689633 1
1 1082763689634 4
1 1082763689635 1
1 1082763689676 1
1 1082763689677 4
1 1082763689678 1
1 1082763689680 1
1 1082763689681 4
1 1082763689682 1
1 1082763689684 1
1 1082763689685 4
1 1082763689686 1
1 1082763689688 1
1 1082763689689 4
1 1082763689690 1
1 1082763689692 1
1 1082763689693 4
1 1082763689694 1
1 1082763689696 1
1 1082763689697 4
1 1082763689698 1
1 1082763689740 4
1 1082763689741 1
1 1082763689744 4
1 1082763689745 1
1 1082763689748 4
1 1082763689749 1
1 1082763689752 4
1 1082763689753 1
1 1082763689756 4
1 1082763689757 1
1 1082763689760 4
1 1082763689761 1
1 1082763689790 1
1 1082763689791 1
1 1082763689794 1
1 1082763689795 1
1 1082763689798 1
1 1082763689799 1
1 1082763689802 1
1 1082763689803 1
1 1082763689806 1
1 1082763689807 1
1 1082763689810 1
1 1082763689811 1
1 1082763689853 1
1 1082763689854 4
1 1082763689855 1
1 1082763689857 1
1 1082763689858 4
1 1082763689859 1
1 1082763689861 1
1 1082763689862 4
1 1082763689863 1
1 1082763689865 1
1 1082763689866 4
1 1082763689867 1
1 1082763689869 1
1 1082763689870 4
1 1082763689871 1
1 1082763689873 1
1 1082763689874 4
1 1082763689875 1
1 1082763689916 1
1 1082763689917 4
1 1082763689918 1
1 1082763689920 1
1 1082763689921 4
1 1082763689922 1
1 1082763689924 1
1 1082763689925 4
1 1082763689926 1
1 1082763689928 1
1 1082763689929 4
1 1082763689930 1
1 1082763689932 1
1 1082763689933 4
1 1082763689934 1
1 1082763689936 1
1 1082763689937 4
1 1082763689938 1
1 1082763689980 4
1 1082763689981 1
1 1082763689984 4
1 1082763689985 1
1 1082763689988 4
1 1082763689989 1
1 1082763689992 4
1 1082763689993 1
1 1082763689996 4
1 1082763689997 1
1 1082763690013 1
1 1082763690014 4
1 1082763690015 1
1 1082763690017 1
1 1082763690018 4
1 1082763690019 1
1 1082763690021 1
1 1082763690022 4
1 1082763690023 1
1 1082763690025 1
1 1082763690026 4
1 1082763690027 1
1 1082763690029 1
1 1082763690030 4
1 1082763690031 1
1 1082763690033 1
1 1082763690034 4
1 1082763690035 1
1 1082763690076 1
1 1082763690077 4
1 1082763690078 1
1 1082763690080 1
1 1082763690081 4
1 1082763690082 1
1 1082763690084 1
1 1082763690085 4
1 1082763690086 1
1 1082763690088 1
1 1082763690089 4
1 1082763690090 1
1 1082763690092 1
1 1082763690093 4
1 1082763690094 1
1 1082763690096 1
1 1082763690097 4
1 1082763690098 1
1 1082763690140 4
1 1082763690141 1
1 1082763690144 4
1 1082763690145 1
1 1082763690148 4
1 1082763690149 1
1 1082763690152 4
1 1082763690153 1
1 1082763690156 4
1 1082763690157 1
1 1082763690160 4
1 1082763690161 1
1 1082763690190 1
1 1082763690191 1
1 1082763690194 1
1 1082763690195 1
1 1082763690198 1
1 1082763690199 1
1 1082763690202 1
1 1082763690203 1
1 1082763690206 1
1 1082763690207 1
1 1082763690210 1
1 1082763690211 1
1 1082763690253 1
1 1082763690254 4
1 1082763690255 1
1 1082763690257 1
1 1082763690258 4
1 1082763690259 1
1 1082763690261 1
1 1082763690262 4
1 1082763690263 1
1 1082763690265 1
1 1082763690266 4
1 1082763690267 1
1 1082763690269 1
1 1082763690270 4
1 1082763690271 1
1 1082763690273 1
1 1082763690274 4
1 1082763690275 1
1 1082763690316 1
1 1082763690317 4
1 1082763690318 1
1 1082763690320 1
1 1082763690321 4
1 1082763690322 1
1 1082763690324 1
1 1082763690325 4
1 1082763690326 1
1 1082763690328 1
1 1082763690329 4
1 1082763690330 1
1 1082763690332 1
1 1082763690333 4
1 1082763690334 1
1 1082763690336 1
1 1082763690337 4
1 1082763690338 1
1 1082763690380 4
1 1082763690381 1
1 1082763690384 4
1 1082763690385 1
1 1082763690388 4
1 1082763690389 1
1 1082763690392 4
1 1082763690393 1
1 1082763690396 4
1 1082763690397 1
1 1082763690413 1
1 1082763690414 4
1 1082763690415 1
1 1082763690417 1
1 1082763690418 4
1 1082763690419 1
1 1082763690421 1
1 1082763690422 4
1 1082763690423 1
1 1082763690425 1
1 1082763690426 4
1 1082763690427 1
1 1082763690429 1
1 1082763690430 4
1 1082763690431 1
1 1082763690433 1
1 1082763690434 4
1 1082763690435 1
1 1082763690476 1
1 1082763690477 4
1 1082763690478 1
1 1082763690480 1
1 1082763690481 4
1 1082763690482 1
1 1082763690484 1
1 1082763690485 4
1 1082763690486 1
1 1082763690488 1
1 1082763690489 4
1 1082763690490 1
1 1082763690492 1
1 1082763690493 4
1 1082763690494 1
1 1082763690496 1
1 1082763690497 4
1 1082763690498 1
1 1082763690540 4
1 1082763690541 1
1 1082763690544 4
1 1082763690545 1
1 1082763690548 4
1 1082763690549 1
1 1082763690552 4
1 1082763690553 1
1 1082763690556 4
1 1082763690557 1
1 1082763690560 4
1 1082763690561 1
1 1082763690590 1
1 1082763690591 1
1 1082763690594 1
1 1082763690595 1
1 1082763690598 1
1 1082763690599 1
1 1082763690602 1
1 1082763690603 1
1 1082763690606 1
1 1082763690607 1
1 1082763690610 1
1 1082763690611 1
1 1082763690653 1
1 1082763690654 4
1 1082763690655 1
1 1082763690657 1
1 1082763690658 4
1 1082763690659 1
1 1082763690661 1
1 1082763690662 4
1 1082763690663 1
1 1082763690665 1
1 1082763690666 4
1 1082763690667 1
1 1082763690669 1
1 1082763690670 4
1 1082763690671 1
1 1082763690673 1
1 1082763690674 4
1 1082763690675 1
1 1082763690716 1
1 1082763690717 4
1 1082763690718 1
1 1082763690720 1
1 1082763690721 4
1 1082763690722 1
1 1082763690724 1
1 1082763690725 4
1 1082763690726 1
1 1082763690728 1
1 1082763690729 4
1 1082763690730 1
1 1082763690732 1
1 1082763690733 4
1 1082763690734 1
1 1082763690736 1
1 1082763690737 4
1 1082763690738 1
1 1082763690780 4
1 1082763690781 1
1 1082763690784 4
1 1082763690785 1
1 1082763690788 4
1 1082763690789 1
1 1082763690792 4
1 1082763690793 1
1 1082763690796 4
1 1082763690797 1
1 1082763690813 1
1 1082763690814 4
1 1082763690815 1
1 1082763690817 1
1 1082763690818 4
1 1082763690819 1
1 1082763690821 1
1 1082763690822 4
1 1082763690823 1
1 1082763690825 1
1 1082763690826 4
1 1082763690827 1
1 1082763690829 1
1 1082763690830 4
1 1082763690831 1
1 1082763690833 1
1 1082763690834 4
1 1082763690835 1
1 1082763690876 1
1 1082763690877 4
1 1082763690878 1
1 1082763690880 1
1 1082763690881 4
1 1082763690882 1
1 1082763690884 1
1 1082763690885 4
1 1082763690886 1
1 1082763690888 1
1 1082763690889 4
1 1082763690890 1
1 1082763690892 1
1 1082763690893 4
1 1082763690894 1
1 1082763690896 1
1 1082763690897 4
1 1082763690898 1
1 1082763690940 4
1 1082763690941 1
1 1082763690944 4
1 1082763690945 1
1 1082763690948 4
1 1082763690949 1
1 1082763690952 4
1 1082763690953 1
1 1082763690956 4
1 1082763690957 1
1 1082763690960 4
1 1082763690961 1
1 1082763690990 1
1 1082763690991 1
1 1082763690994 1
1 1082763690995 1
1 1082763690998 1
1 1082763690999 1
1 1082763691002 1
1 1082763691003 1
1 1082763691006 1
1 1082763691007 1
1 1082763691010 1
1 1082763691011 1
1 1082763691053 1
1 1082763691054 4
1 1082763691055 1
1 1082763691057 1
1 1082763691058 4
1 1082763691059 1
1 1082763691061 1
1 1082763691062 4
1 1082763691063 1
1 1082763691065 1
1 1082763691066 4
1 1082763691067 1
1 1082763691069 1
1 1082763691070 4
1 1082763691071 1
1 1082763691073 1
1 1082763691074 4
1 1082763691075 1
1 1082763691116 1
1 1082763691117 4
1 1082763691118 1
1 1082763691120 1
1 1082763691121 4
1 1082763691122 1
1 1082763691124 1
1 1082763691125 4
1 1082763691126 1
1 1082763691128 1
1 1082763691129 4
1 1082763691130 1
1 1082763691132 1
1 1082763691133 4
1 1082763691134 1
1 1082763691136 1
1 1082763691137 4
1 1082763691138 1
1 1082763691180 4
1 1082763691181 1
1 1082763691184 4
1 1082763691185 1
1 1082763691188 4
1 1082763691189 1
1 1082763691192 4
1 1082763691193 1
1 1082763691196 4
1 1082763691197 1
1 1082763691213 1
1 1082763691214 4
1 1082763691215 1
1 1082763691217 1
1 1082763691218 4
1 1082763691219 1
1 1082763691221 1
1 1082763691222 4
1 1082763691223 1
1 1082763691225 1
1 1082763691226 4
1 1082763691227 1
1 1082763691229 1
1 1082763691230 4
1 1082763691231 1
1 1082763691233 1
1 1082763691234 4
1 1082763691235 1
1 1082763691276 1
1 1082763691277 4
1 1082763691278 1
1 1082763691280 1
1 1082763691281 4
1 1082763691282 1
1 1082763691284 1
1 1082763691285 4
1 1082763691286 1
1 1082763691288 1
1 1082763691289 4
1 1082763691290 1
1 1082763691292 1
1 1082763691293 4
1 1082763691294 1
1 1082763691296 1
1 1082763691297 4
1 1082763691298 1
1 1082763691340 4
1 1082763691341 1
1 1082763691344 4
1 1082763691345 1
1 1082763691348 4
1 1082763691349 1
1 1082763691352 4
1 1082763691353 1
1 1082763691356 4
1 1082763691357 1
1 1082763691360 4
1 1082763691361 1
1 1082763691390 1
1 1082763691391 1
1 1082763691394 1
1 1082763691395 1
1 1082763691398 1
1 1082763691399 1
1 1082763691402 1
1 1082763691403 1
1 1082763691406 1
1 1082763691407 1
1 1082763691410 1
1 1082763691411 1
1 1082763691453 1
1 1082763691454 4
1 1082763691455 1
1 1082763691457 1
1 1082763691458 4
1 1082763691459 1
1 1082763691461 1
1 1082763691462 4
1 1082763691463 1
1 1082763691465 1
1 1082763691466 4
1 1082763691467 1
1 1082763691469 1
1 1082763691470 4
1 1082763691471 1
1 1082763691473 1
1 1082763691474 4
1 1082763691475 1
1 1082763691516 1
1 1082763691517 4
1 1082763691518 1
1 1082763691520 1
1 1082763691521 4
1 1082763691522 1
1 1082763691524 1
1 1082763691525 4
1 1082763691526 1
1 1082763691528 1
1 1082763691529 4
1 1082763691530 1
1 1082763691532 1
1 1082763691533 4
1 1082763691534 1
1 1082763691536 1
1 1082763691537 4
1 1082763691538 1
1 1082763691580 4
1 1082763691581 1
1 1082763691584 4
1 1082763691585 1
1 1082763691588 4
1 1082763691589 1
1 1082763691592 4
1 1082763691593 1
1 1082763691596 4
1 1082763691597 1
1 1082763691613 1
1 1082763691614 4
1 1082763691615 1
1 1082763691617 1
1 1082763691618 4
1 1082763691619 1
1 1082763691621 1
1 1082763691622 4
1 1082763691623 1
1 1082763691625 1
1 1082763691626 4
1 1082763691627 1
1 1082763691629 1
1 1082763691630 4
1 1082763691631 1
1 1082763691633 1
1 1082763691634 4
1 1082763691635 1
1 1082763691676 1
1 1082763691677 4
1 1082763691678 1
1 1082763691680 1
1 1082763691681 4
1 1082763691682 1
1 1082763691684 1
1 1082763691685 4
1 1082763691686 1
1 1082763691688 1
1 1082763691689 4
1 1082763691690 1
1 1082763691692 1
1 1082763691693 4
1 1082763691694 1
1 1082763691696 1
1 1082763691697 4
1 1082763691698 1
1 1082763691740 4
1 1082763691741 1
1 1082763691744 4
1 1082763691745 1
1 1082763691748 4
1 1082763691749 1
1 1082763691752 4
1 1082763691753 1
1 1082763691756 4
1 1082763691757 1
1 1082763691760 4
1 1082763691761 1
1 1082763691790 1
1 1082763691791 1
1 1082763691794 1
1 1082763691795 1
1 1082763691798 1
1 1082763691799 1
1 1082763691802 1
1 1082763691803 1
1 1082763691806 1
1 1082763691807 1
1 1082763691810 1
1 1082763691811 1
1 1082763691853 1
1 1082763691854 4
1 1082763691855 1
1 1082763691857 1
1 1082763691858 4
1 1082763691859 1
1 1082763691861 1
1 1082763691862 4
1 1082763691863 1
1 1082763691865 1
1 1082763691866 4
1 1082763691867 1
1 1082763691869 1
1 1082763691870 4
1 1082763691871 1
1 1082763691873 1
1 1082763691874 4
1 1082763691875 1
1 1082763691916 1
1 1082763691917 4
1 1082763691918 1
1 1082763691920 1
1 1082763691921 4
1 1082763691922 1
1 1082763691924 1
1 1082763691925 4
1 1082763691926 1
1 1082763691928 1
1 1082763691929 4
1 1082763691930 1
1 1082763691932 1
1 1082763691933 4
1 1082763691934 1
1 1082763691936 1
1 1082763691937 4
1 1082763691938 1
1 1082763691980 4
1 1082763691981 1
1 1082763691984 4
1 1082763691985 1
1 1082763691988 4
1 1082763691989 1
1 1082763691992 4
1 1082763691993 1
1 1082763691996 4
1 1082763691997 1
1 1082763692013 1
1 1082763692014 4
1 1082763692015 1
1 1082763692017 1
1 1082763692018 4
1 1082763692019 1
1 1082763692021 1
1 1082763692022 4
1 1082763692023 1
1 1082763692025 1
1 1082763692026 4
1 1082763692027 1
1 1082763692029 1
1 1082763692030 4
1 1082763692031 1
1 1082763692033 1
1 1082763692034 4
1 1082763692035 1
1 1082763692076 1
1 1082763692077 4
1 1082763692078 1
1 1082763692080 1
1 1082763692081 4
1 1082763692082 1
1 1082763692084 1
1 1082763692085 4
1 1082763692086 1
1 1082763692088 1
1 1082763692089 4
1 1082763692090 1
1 1082763692092 1
1 1082763692093 4
1 1082763692094 1
1 1082763692096 1
1 1082763692097 4
1 1082763692098 1
1 1082763692140 4
1 1082763692141 1
1 1082763692144 4
1 1082763692145 1
1 1082763692148 4
1 1082763692149 1
1 1082763692152 4
1 1082763692153 1
1 1082763692156 4
1 1082763692157 1
1 1082763692160 4
1 1082763692161 1
1 1082763692190 1
1 1082763692191 1
1 1082763692194 1
1 1082763692195 1
1 1082763692198 1
1 1082763692199 1
1 1082763692202 1
1 1082763692203 1
1 1082763692206 1
1 1082763692207 1
1 1082763692210 1
1 1082763692211 1
1 1082763692253 1
1 1082763692254 4
1 1082763692255 1
1 1082763692257 1
1 1082763692258 4
1 1082763692259 1
1 1082763692261 1
1 1082763692262 4
1 1082763692263 1
1 1082763692265 1
1 1082763692266 4
1 1082763692267 1
1 1082763692269 1
1 1082763692270 4
1 1082763692271 1
1 1082763692273 1
1 1082763692274 4
1 1082763692275 1
1 1082763692316 1
1 1082763692317 4
1 1082763692318 1
1 1082763692320 1
1 1082763692321 4
1 1082763692322 1
1 1082763692324 1
1 1082763692325 4
1 1082763692326 1
1 1082763692328 1
1 1082763692329 4
1 1082763692330 1
1 1082763692332 1
1 1082763692333 4
1 1082763692334 1
1 1082763692336 1
1 1082763692337 4
1 1082763692338 1
1 1082763692380 4
1 1082763692381 1
1 1082763692384 4
1 1082763692385 1
1 1082763692388 4
1 1082763692389 1
1 1082763692392 4
1 1082763692393 1
1 1082763692396 4
1 1082763692397 1
1 1082763692413 1
1 1082763692414 4
1 1082763692415 1
1 1082763692417 1
1 1082763692418 4
1 1082763692419 1
1 1082763692421 1
1 1082763692422 4
1 1082763692423 1
1 1082763692425 1
1 1082763692426 4
1 1082763692427 1
1 1082763692429 1
1 1082763692430 4
1 1082763692431 1
1 1082763692433 1
1 1082763692434 4
1 1082763692435 1
1 1082763692476 1
1 1082763692477 4
1 1082763692478 1
1 1082763692480 1
1 1082763692481 4
1 1082763692482 1
1 1082763692484 1
1 1082763692485 4
1 1082763692486 1
1 1082763692488 1
1 1082763692489 4
1 1082763692490 1
1 1082763692492 1
1 1082763692493 4
1 1082763692494 1
1 1082763692496 1
1 1082763692497 4
1 1082763692498 1
1 1082763692540 4
1 1082763692541 1
1 1082763692544 4
1 1082763692545 1
1 1082763692548 4
1 1082763692549 1
1 1082763692552 4
1 1082763692553 1
1 1082763692556 4
1 1082763692557 1
1 1082763692560 4
1 1082763692561 1
1 1082763692590 1
1 1082763692591 1
1 1082763692594 1
1 1082763692595 1
1 1082763692598 1
1 1082763692599 1
1 1082763692602 1
1 1082763692603 1
1 1082763692606 1
1 1082763692607 1
1 1082763692610 1
1 1082763692611 1
1 1082763692653 1
1 1082763692654 4
1 1082763692655 1
1 1082763692657 1
1 1082763692658 4
1 1082763692659 1
1 1082763692661 1
1 1082763692662 4
1 1082763692663 1
1 1082763692665 1
1 1082763692666 4
1 1082763692667 1
1 1082763692669 1
1 1082763692670 4
1 1082763692671 1
1 1082763692673 1
1 1082763692674 4
1 1082763692675 1
1 1082763692716 1
1 1082763692717 4
1 1082763692718 1
1 1082763692720 1
1 1082763692721 4
1 1082763692722 1
1 1082763692724 1
1 1082763692725 4
1 1082763692726 1
1 1082763692728 1
1 1082763692729 4
1 1082763692730 1
1 1082763692732 1
1 1082763692733 4
1 1082763692734 1
1 1082763692736 1
1 1082763692737 4
1 1082763692738 1
1 1082763692780 4
1 1082763692781 1
1 1082763692784 4
1 1082763692785 1
1 1082763692788 4
1 1082763692789 1
1 1082763692792 4
1 1082763692793 1
1 1082763692796 4
1 1082763692797 1
1 1082763692813 1
1 1082763692814 4
1 1082763692815 1
1 1082763692817 1
1 1082763692818 4
1 1082763692819 1
1 1082763692821 1
1 1082763692822 4
1 1082763692823 1
1 1082763692825 1
1 1082763692826 4
1 1082763692827 1
1 1082763692829 1
1 1082763692830 4
1 1082763692831 1
1 1082763692833 1
1 1082763692834 4
1 1082763692835 1
1 1082763692876 1
1 1082763692877 4
1 1082763692878 1
1 1082763692880 1
1 1082763692881 4
1 1082763692882 1
1 1082763692884 1
1 1082763692885 4
1 1082763692886 1
1 1082763692888 1
1 1082763692889 4
1 1082763692890 1
1 1082763692892 1
1 1082763692893 4
1 1082763692894 1
1 1082763692896 1
1 1082763692897 4
1 1082763692898 1
1 1082763692940 4
1 1082763692941 1
1 1082763692944 4
1 1082763692945 1
1 1082763692948 4
1 1082763692949 1
1 1082763692952 4
1 1082763692953 1
1 1082763692956 4
1 1082763692957 1
1 1082763692960 4
1 1082763692961 1
1 1082763692990 1
1 1082763692991 1
1 1082763692994 1
1 1082763692995 1
1 1082763692998 1
1 1082763692999 1
1 1082763693002 1
1 1082763693003 1
1 1082763693006 1
1 1082763693007 1
1 1082763693010 1
1 1082763693011 1
1 1082763693053 1
1 1082763693054 4
1 1082763693055 1
1 1082763693057 1
1 1082763693058 4
1 1082763693059 1
1 1082763693061 1
1 1082763693062 4
1 1082763693063 1
1 1082763693065 1
1 1082763693066 4
1 1082763693067 1
1 1082763693069 1
1 1082763693070 4
1 1082763693071 1
1 1082763693073 1
1 1082763693074 4
1 1082763693075 1
1 1082763693116 1
1 1082763693117 4
1 1082763693118 1
1 1082763693120 1
1 1082763693121 4
1 1082763693122 1
1 1082763693124 1
1 1082763693125 4
1 1082763693126 1
1 1082763693128 1
1 1082763693129 4
1 1082763693130 1
1 1082763693132 1
1 1082763693133 4
1 1082763693134 1
1 1082763693136 1
1 1082763693137 4
1 1082763693138 1
1 1082763693180 4
1 1082763693181 1
1 1082763693184 4
1 1082763693185 1
1 1082763693188 4
1 1082763693189 1
1 1082763693192 4
1 1082763693193 1
1 1082763693196 4
1 1082763693197 1
1 1082763693213 1
1 1082763693214 4
1 1082763693215 1
1 1082763693217 1
1 1082763693218 4
1 1082763693219 1
1 1082763693221 1
1 1082763693222 4
1 1082763693223 1
1 1082763693225 1
1 1082763693226 4
1 1082763693227 1
1 1082763693229 1
1 1082763693230 4
1 1082763693231 1
1 1082763693233 1
1 1082763693234 4
1 1082763693235 1
1 1082763693276 1
1 1082763693277 4
1 1082763693278 1
1 1082763693280 1
1 1082763693281 4
1 1082763693282 1
1 1082763693284 1
1 1082763693285 4
1 1082763693286 1
1 1082763693288 1
1 1082763693289 4
1 1082763693290 1
1 1082763693292 1
1 1082763693293 4
1 1082763693294 1
1 1082763693296 1
1 1082763693297 4
1 1082763693298 1
1 1082763693340 4
1 1082763693341 1
1 1082763693344 4
1 1082763693345 1
1 1082763693348 4
1 1082763693349 1
1 1082763693352 4
1 1082763693353 1
1 1082763693356 4
1 1082763693357 1
1 1082763693360 4
1 1082763693361 1
1 1082763693390 1
1 1082763693391 1
1 1082763693394 1
1 1082763693395 1
1 1082763693398 1
1 1082763693399 1
1 1082763693402 1
1 1082763693403 1
1 1082763693406 1
1 1082763693407 1
1 1082763693410 1
1 1082763693411 1
1 1082763693453 1
1 1082763693454 4
1 1082763693455 1
1 1082763693457 1
1 1082763693458 4
1 1082763693459 1
1 1082763693461 1
1 1082763693462 4
1 1082763693463 1
1 1082763693465 1
1 1082763693466 4
1 1082763693467 1
1 1082763693469 1
1 1082763693470 4
1 1082763693471 1
1 1082763693473 1
1 1082763693474 4
1 1082763693475 1
1 1082763693516 1
1 1082763693517 4
1 1082763693518 1
1 1082763693520 1
1 1082763693521 4
1 1082763693522 1
1 1082763693524 1
1 1082763693525 4
1 1082763693526 1
1 1082763693528 1
1 1082763693529 4
1 1082763693530 1
1 1082763693532 1
1 1082763693533 4
1 1082763693534 1
1 1082763693536 1
1 1082763693537 4
1 1082763693538 1
1 1082763693580 4
1 1082763693581 1
1 1082763693584 4
1 1082763693585 1
1 1082763693588 4
1 1082763693589 1
1 1082763693592 4
1 1082763693593 1
1 1082763693596 4
1 1082763693597 1
1 1082763693613 1
1 1082763693614 4
1 1082763693615 1
1 1082763693617 1
1 1082763693618 4
1 1082763693619 1
1 1082763693621 1
1 1082763693622 4
1 1082763693623 1
1 1082763693625 1
1 1082763693626 4
1 1082763693627 1
1 1082763693629 1
1 1082763693630 4
1 1082763693631 1
1 1082763693633 1
1 1082763693634 4
1 1082763693635 1
1 1082763693676 1
1 1082763693677 4
1 1082763693678 1
1 1082763693680 1
1 1082763693681 4
1 1082763693682 1
1 1082763693684 1
1 1082763693685 4
1 1082763693686 1
1 1082763693688 1
1 1082763693689 4
1 1082763693690 1
1 1082763693692 1
1 1082763693693 4
1 1082763693694 1
1 1082763693696 1
1 1082763693697 4
1 1082763693698 1
1 1082763693740 4
1 1082763693741 1
1 1082763693744 4
1 1082763693745 1
1 1082763693748 4
1 1082763693749 1
1 1082763693752 4
1 1082763693753 1
1 1082763693756 4
1 1082763693757 1
1 1082763693760 4
1 1082763693761 1
1 1082763693790 1
1 1082763693791 1
1 1082763693794 1
1 1082763693795 1
1 1082763693798 1
1 1082763693799 1
1 1082763693802 1
1 1082763693803 1
1 1082763693806 1
1 1082763693807 1
1 1082763693810 1
1 1082763693811 1
1 1082763693853 1
1 1082763693854 4
1 1082763693855 1
1 1082763693857 1
1 1082763693858 4
1 1082763693859 1
1 1082763693861 1
1 1082763693862 4
1 1082763693863 1
1 1082763693865 1
1 1082763693866 4
1 1082763693867 1
1 1082763693869 1
1 1082763693870 4
1 1082763693871 1
1 1082763693873 1
1 1082763693874 4
1 1082763693875 1
1 1082763693916 1
1 1082763693917 4
1 1082763693918 1
1 1082763693920 1
1 1082763693921 4
1 1082763693922 1
1 1082763693924 1
1 1082763693925 4
1 1082763693926 1
1 1082763693928 1
1 1082763693929 4
1 1082763693930 1
1 1082763693932 1
1 1082763693933 4
1 1082763693934 1
1 1082763693936 1
1 1082763693937 4
1 1082763693938 1
1 1082763693980 4
1 1082763693981 1
1 1082763693984 4
1 1082763693985 1
1 1082763693988 4
1 1082763693989 1
1 1082763693992 4
1 1082763693993 1
1 1082763693996 4
1 1082763693997 1
1 1082763694013 1
1 1082763694014 4
1 1082763694015 1
1 1082763694017 1
1 1082763694018 4
1 1082763694019 1
1 1082763694021 1
1 1082763694022 4
1 1082763694023 1
1 1082763694025 1
1 1082763694026 4
1 1082763694027 1
1 1082763694029 1
1 1082763694030 4
1 1082763694031 1
1 1082763694033 1
1 1082763694034 4
1 1082763694035 1
1 1082763694076 1
1 1082763694077 4
1 1082763694078 1
1 1082763694080 1
1 1082763694081 4
1 1082763694082 1
1 1082763694084 1
1 1082763694085 4
1 1082763694086 1
1 1082763694088 1
1 1082763694089 4
1 1082763694090 1
1 1082763694092 1
1 1082763694093 4
1 1082763694094 1
1 1082763694096 1
1 1082763694097 4
1 1082763694098 1
1 1082763694140 4
1 1082763694141 1
1 1082763694144 4
1 1082763694145 1
1 1082763694148 4
1 1082763694149 1
1 1082763694152 4
1 1082763694153 1
1 1082763694156 4
1 1082763694157 1
1 1082763694160 4
1 1082763694161 1
1 1082763694190 1
1 1082763694191 1
1 1082763694194 1
1 1082763694195 1
1 1082763694198 1
1 1082763694199 1
1 1082763694202 1
1 1082763694203 1
1 1082763694206 1
1 1082763694207 1
1 1082763694210 1
1 1082763694211 1
1 1082763694253 1
1 1082763694254 4
1 1082763694255 1
1 1082763694257 1
1 1082763694258 4
1 1082763694259 1
1 1082763694261 1
1 1082763694262 4
1 1082763694263 1
1 1082763694265 1
1 1082763694266 4
1 1082763694267 1
1 1082763694269 1
1 1082763694270 4
1 1082763694271 1
1 1082763694273 1
1 1082763694274 4
1 1082763694275 1
1 1082763694316 1
1 1082763694317 4
1 1082763694318 1
1 1082763694320 1
1 1082763694321 4
1 1082763694322 1
1 1082763694324 1
1 1082763694325 4
1 1082763694326 1
1 1082763694328 1
1 1082763694329 4
1 1082763694330 1
1 1082763694332 1
1 1082763694333 4
1 1082763694334 1
1 1082763694336 1
1 1082763694337 4
1 1082763694338 1
1 1082763694380 4
1 1082763694381 1
1 1082763694384 4
1 1082763694385 1
1 1082763694388 4
1 1082763694389 1
1 1082763694392 4
1 1082763694393 1
1 1082763694396 4
1 1082763694397 1
1 1082763694413 1
1 1082763694414 4
1 1082763694415 1
1 1082763694417 1
1 1082763694418 4
1 1082763694419 1
1 1082763694421 1
1 1082763694422 4
1 1082763694423 1
1 1082763694425 1
1 1082763694426 4
1 1082763694427 1
1 1082763694429 1
1 1082763694430 4
1 1082763694431 1
1 1082763694433 1
1 1082763694434 4
1 1082763694435 1
1 1082763694476 1
1 1082763694477 4
1 1082763694478 1
1 1082763694480 1
1 1082763694481 4
1 1082763694482 1
1 1082763694484 1
1 1082763694485 4
1 1082763694486 1
1 1082763694488 1
1 1082763694489 4
1 1082763694490 1
1 1082763694492 1
1 1082763694493 4
1 1082763694494 1
1 1082763694496 1
1 1082763694497 4
1 1082763694498 1
1 1082763694540 4
1 1082763694541 1
1 1082763694544 4
1 1082763694545 1
1 1082763694548 4
1 1082763694549 1
1 1082763694552 4
1 1082763694553 1
1 1082763694556 4
1 1082763694557 1
1 1082763694560 4
1 1082763694561 1
1 1082763694590 1
1 1082763694591 1
1 1082763694594 1
1 1082763694595 1
1 1082763694598 1
1 1082763694599 1
1 1082763694602 1
1 1082763694603 1
1 1082763694606 1
1 1082763694607 1
1 1082763694610 1
1 1082763694611 1
1 1082763694653 1
1 1082763694654 4
1 1082763694655 1
1 1082763694657 1
1 1082763694658 4
1 1082763694659 1
1 1082763694661 1
1 1082763694662 4
1 1082763694663 1
1 1082763694665 1
1 1082763694666 4
1 1082763694667 1
1 1082763694669 1
1 1082763694670 4
1 1082763694671 1
1 1082763694673 1
1 1082763694674 4
1 1082763694675 1
1 1082763694716 1
1 1082763694717 4
1 1082763694718 1
1 1082763694720 1
1 1082763694721 4
1 1082763694722 1
1 1082763694724 1
1 1082763694725 4
1 1082763694726 1
1 1082763694728 1
1 1082763694729 4
1 1082763694730 1
1 1082763694732 1
1 1082763694733 4
1 1082763694734 1
1 1082763694736 1
1 1082763694737 4
1 1082763694738 1
1 1082763694780 4
1 1082763694781 1
1 1082763694784 4
1 1082763694785 1
1 1082763694788 4
1 1082763694789 1
1 1082763694792 4
1 1082763694793 1
1 1082763694796 4
1 1082763694797 1
1 1082763694813 1
1 1082763694814 4
1 1082763694815 1
1 1082763694817 1
1 1082763694818 4
1 1082763694819 1
1 1082763694821 1
1 1082763694822 4
1 1082763694823 1
1 1082763694825 1
1 1082763694826 4
1 1082763694827 1
1 1082763694829 1
1 1082763694830 4
1 1082763694831 1
1 1082763694833 1
1 1082763694834 4
1 1082763694835 1
1 1082763694876 1
1 1082763694877 4
1 1082763694878 1
1 1082763694880 1
1 1082763694881 4
1 1082763694882 1
1 1082763694884 1
1 1082763694885 4
1 1082763694886 1
1 1082763694888 1
1 1082763694889 4
1 1082763694890 1
1 1082763694892 1
1 1082763694893 4
1 1082763694894 1
1 1082763694896 1
1 1082763694897 4
1 1082763694898 1
1 1082763694940 4
1 1082763694941 1
1 1082763694944 4
1 1082763694945 1
1 1082763694948 4
1 1082763694949 1
1 1082763694952 4
1 1082763694953 1
1 1082763694956 4
1 1082763694957 1
1 1082763694960 4
1 1082763694961 1
1 1082763694990 1
1 1082763694991 1
1 1082763694994 1
1 1082763694995 1
1 1082763694998 1
1 1082763694999 1
1 1082763695002 1
1 1082763695003 1
1 1082763695006 1
1 1082763695007 1
1 1082763695010 1
1 1082763695011 1
1 1082763695053 1
1 1082763695054 4
1 1082763695055 1
1 1082763695057 1
1 1082763695058 4
1 1082763695059 1
1 1082763695061 1
1 1082763695062 4
1 1082763695063 1
1 1082763695065 1
1 1082763695066 4
1 1082763695067 1
1 1082763695069 1
1 1082763695070 4
1 1082763695071 1
1 1082763695073 1
1 1082763695074 4
1 1082763695075 1
1 1082763695116 1
1 1082763695117 4
1 1082763695118 1
1 1082763695120 1
1 1082763695121 4
1 1082763695122 1
1 1082763695124 1
1 1082763695125 4
1 1082763695126 1
1 1082763695128 1
1 1082763695129 4
1 1082763695130 1
1 1082763695132 1
1 1082763695133 4
1 1082763695134 1
1 1082763695136 1
1 1082763695137 4
1 1082763695138 1
1 1082763695180 4
1 1082763695181 1
1 1082763695184 4
1 1082763695185 1
1 1082763695188 4
1 1082763695189 1
1 1082763695192 4
1 1082763695193 1
1 1082763695196 4
1 1082763695197 1
1 1082763695213 1
1 1082763695214 4
1 1082763695215 1
1 1082763695217 1
1 1082763695218 4
1 1082763695219 1
1 1082763695221 1
1 1082763695222 4
1 1082763695223 1
1 1082763695225 1
1 1082763695226 4
1 1082763695227 1
1 1082763695229 1
1 1082763695230 4
1 1082763695231 1
1 1082763695233 1
1 1082763695234 4
1 1082763695235 1
1 1082763695276 1
1 1082763695277 4
1 1082763695278 1
1 1082763695280 1
1 1082763695281 4
1 1082763695282 1
1 1082763695284 1
1 1082763695285 4
1 1082763695286 1
1 1082763695288 1
1 1082763695289 4
1 1082763695290 1
1 1082763695292 1
1 1082763695293 4
1 1082763695294 1
1 1082763695296 1
1 1082763695297 4
1 1082763695298 1
1 1082763695340 4
1 1082763695341 1
1 1082763695344 4
1 1082763695345 1
1 1082763695348 4
1 1082763695349 1
1 1082763695352 4
1 1082763695353 1
1 1082763695356 4
1 1082763695357 1
1 1082763695360 4
1 1082763695361 1
1 1082763695390 1
1 1082763695391 1
1 1082763695394 1
1 1082763695395 1
1 1082763695398 1
1 1082763695399 1
1 1082763695402 1
1 1082763695403 1
1 1082763695406 1
1 1082763695407 1
1 1082763695410 1
1 1082763695411 1
1 1082763695453 1
1 1082763695454 4
1 1082763695455 1
1 1082763695457 1
1 1082763695458 4
1 1082763695459 1
1 1082763695461 1
1 1082763695462 4
1 1082763695463 1
1 1082763695465 1
1 1082763695466 4
1 1082763695467 1
1 1082763695469 1
1 1082763695470 4
1 1082763695471 1
1 1082763695473 1
1 1082763695474 4
1 1082763695475 1
1 1082763695516 1
1 1082763695517 4
1 1082763695518 1
1 1082763695520 1
1 1082763695521 4
1 1082763695522 1
1 1082763695524 1
1 1082763695525 4
1 1082763695526 1
1 1082763695528 1
1 1082763695529 4
1 1082763695530 1
1 1082763695532 1
1 1082763695533 4
1 1082763695534 1
1 1082763695536 1
1 1082763695537 4
1 1082763695538 1
1 1082763695580 4
1 1082763695581 1
1 1082763695584 4
1 1082763695585 1
1 1082763695588 4
1 1082763695589 1
1 1082763695592 4
1 1082763695593 1
1 1082763695596 4
1 1082763695597 1
1 1082763695613 1
1 1082763695614 4
1 1082763695615 1
1 1082763695617 1
1 1082763695618 4
1 1082763695619 1
1 1082763695621 1
1 1082763695622 4
1 1082763695623 1
1 1082763695625 1
1 1082763695626 4
1 1082763695627 1
1 1082763695629 1
1 1082763695630 4
1 1082763695631 1
1 1082763695633 1
1 1082763695634 4
1 1082763695635 1
1 1082763695676 1
1 1082763695677 4
1 1082763695678 1
1 1082763695680 1
1 1082763695681 4
1 1082763695682 1
1 1082763695684 1
1 1082763695685 4
1 1082763695686 1
1 1082763695688 1
1 1082763695689 4
1 1082763695690 1
1 1082763695692 1
1 1082763695693 4
1 1082763695694 1
1 1082763695696 1
1 1082763695697 4
1 1082763695698 1
1 1082763695740 4
1 1082763695741 1
1 1082763695744 4
1 1082763695745 1
1 1082763695748 4
1 1082763695749 1
1 1082763695752 4
1 1082763695753 1
1 1082763695756 4
1 1082763695757 1
1 1082763695760 4
1 1082763695761 1
1 1082763695790 1
1 1082763695791 1
1 1082763695794 1
1 1082763695795 1
1 1082763695798 1
1 1082763695799 1
1 1082763695802 1
1 1082763695803 1
1 1082763695806 1
1 1082763695807 1
1 1082763695810 1
1 1082763695811 1
1 1082763695853 1
1 1082763695854 4
1 1082763695855 1
1 1082763695857 1
1 1082763695858 4
1 1082763695859 1
1 1082763695861 1
1 1082763695862 4
1 1082763695863 1
1 1082763695865 1
1 1082763695866 4
1 1082763695867 1
1 1082763695869 1
1 1082763695870 4
1 1082763695871 1
1 1082763695873 1
1 1082763695874 4
1 1082763695875 1
1 1082763695916 1
1 1082763695917 4
1 1082763695918 1
1 1082763695920 1
1 1082763695921 4
1 1082763695922 1
1 1082763695924 1
1 1082763695925 4
1 1082763695926 1
1 1082763695928 1
1 1082763695929 4
1 1082763695930 1
1 1082763695932 1
1 1082763695933 4
1 1082763695934 1
1 1082763695936 1
1 1082763695937 4
1 1082763695938 1
1 1082763695980 4
1 1082763695981 1
1 1082763695984 4
1 1082763695985 1
1 1082763695988 4
1 1082763695989 1
1 1082763695992 4
1 1082763695993 1
1 1082763695996 4
1 1082763695997 1
1 1082763696013 1
1 1082763696014 4
1 1082763696015 1
1 1082763696017 1
1 1082763696018 4
1 1082763696019 1
1 1082763696021 1
1 1082763696022 4
1 1082763696023 1
1 1082763696025 1
1 1082763696026 4
1 1082763696027 1
1 1082763696029 1
1 1082763696030 4
1 1082763696031 1
1 1082763696033 1
1 1082763696034 4
1 1082763696035 1
1 1082763696076 1
1 1082763696077 4
1 1082763696078 1
1 1082763696080 1
1 1082763696081 4
1 1082763696082 1
1 1082763696084 1
1 1082763696085 4
1 1082763696086 1
1 1082763696088 1
1 1082763696089 4
1 1082763696090 1
1 1082763696092 1
1 1082763696093 4
1 1082763696094 1
1 1082763696096 1
1 1082763696097 4
1 1082763696098 1
1 1082763696140 4
1 1082763696141 1
1 1082763696144 4
1 1082763696145 1
1 1082763696148 4
1 1082763696149 1
1 1082763696152 4
1 1082763696153 1
1 1082763696156 4
1 1082763696157 1
1 1082763696160 4
1 1082763696161 1
1 1082763696190 1
1 1082763696191 1
1 1082763696194 1
1 1082763696195 1
1 1082763696198 1
1 1082763696199 1
1 1082763696202 1
1 1082763696203 1
1 1082763696206 1
1 1082763696207 1
1 1082763696210 1
1 1082763696211 1
1 1082763696253 1
1 1082763696254 4
1 1082763696255 1
1 1082763696257 1
1 1082763696258 4
1 1082763696259 1
1 1082763696261 1
1 1082763696262 4
1 1082763696263 1
1 1082763696265 1
1 1082763696266 4
1 1082763696267 1
1 1082763696269 1
1 1082763696270 4
1 1082763696271 1
1 1082763696273 1
1 1082763696274 4
1 1082763696275 1
1 1082763696316 1
1 1082763696317 4
1 1082763696318 1
1 1082763696320 1
1 1082763696321 4
1 1082763696322 1
1 1082763696324 1
1 1082763696325 4
1 1082763696326 1
1 1082763696328 1
1 1082763696329 4
1 1082763696330 1
1 1082763696332 1
1 1082763696333 4
1 1082763696334 1
1 1082763696336 1
1 1082763696337 4
1 1082763696338 1
1 1082763696380 4
1 1082763696381 1
1 1082763696384 4
1 1082763696385 1
1 1082763696388 4
1 1082763696389 1
1 1082763696392 4
1 1082763696393 1
1 1082763696396 4
1 1082763696397 1
1 1082763696413 1
1 1082763696414 4
1 1082763696415 1
1 1082763696417 1
1 1082763696418 4
1 1082763696419 1
1 1082763696421 1
1 1082763696422 4
1 1082763696423 1
1 1082763696425 1
1 1082763696426 4
1 1082763696427 1
1 1082763696429 1
1 1082763696430 4
1 1082763696431 1
1 1082763696433 1
1 1082763696434 4
1 1082763696435 1
1 1082763696476 1
1 1082763696477 4
1 1082763696478 1
1 1082763696480 1
1 1082763696481 4
1 1082763696482 1
1 1082763696484 1
1 1082763696485 4
1 1082763696486 1
1 1082763696488 1
1 1082763696489 4
1 1082763696490 1
1 1082763696492 1
1 1082763696493 4
1 1082763696494 1
1 1082763696496 1
1 1082763696497 4
1 1082763696498 1
1 1082763696540 4
1 1082763696541 1
1 1082763696544 4
1 1082763696545 1
1 1082763696548 4
1 1082763696549 1
1 1082763696552 4
1 1082763696553 1
1 1082763696556 4
1 1082763696557 1
1 1082763696560 4
1 1082763696561 1
1 1082763696590 1
1 1082763696591 1
1 1082763696594 1
1 1082763696595 1
1 1082763696598 1
1 1082763696599 1
1 1082763696602 1
1 1082763696603 1
1 1082763696606 1
1 1082763696607 1
1 1082763696610 1
1 1082763696611 1
1 1082763696653 1
1 1082763696654 4
1 1082763696655 1
1 1082763696657 1
1 1082763696658 4
1 1082763696659 1
1 1082763696661 1
1 1082763696662 4
1 1082763696663 1
1 1082763696665 1
1 1082763696666 4
1 1082763696667 1
1 1082763696669 1
1 1082763696670 4
1 1082763696671 1
1 1082763696673 1
1 1082763696674 4
1 1082763696675 1
1 1082763696716 1
1 1082763696717 4
1 1082763696718 1
1 1082763696720 1
1 1082763696721 4
1 1082763696722 1
1 1082763696724 1
1 1082763696725 4
1 1082763696726 1
1 1082763696728 1
1 1082763696729 4
1 1082763696730 1
1 1082763696732 1
1 1082763696733 4
1 1082763696734 1
1 1082763696736 1
1 1082763696737 4
1 1082763696738 1
1 1082763696780 4
1 1082763696781 1
1 1082763696784 4
1 1082763696785 1
1 1082763696788 4
1 1082763696789 1
1 1082763696792 4
1 1082763696793 1
1 1082763696796 4
1 1082763696797 1
1 1082763696813 1
1 1082763696814 4
1 1082763696815 1
1 1082763696817 1
1 1082763696818 4
1 1082763696819 1
1 1082763696821 1
1 1082763696822 4
1 1082763696823 1
1 1082763696825 1
1 1082763696826 4
1 1082763696827 1
1 1082763696829 1
1 1082763696830 4
1 1082763696831 1
1 1082763696833 1
1 1082763696834 4
1 1082763696835 1
1 1082763696876 1
1 1082763696877 4
1 1082763696878 1
1 1082763696880 1
1 1082763696881 4
1 1082763696882 1
1 1082763696884 1
1 1082763696885 4
1 1082763696886 1
1 1082763696888 1
1 1082763696889 4
1 1082763696890 1
1 1082763696892 1
1 1082763696893 4
1 1082763696894 1
1 1082763696896 1
1 1082763696897 4
1 1082763696898 1
1 1082763696940 4
1 1082763696941 1
1 1082763696944 4
1 1082763696945 1
1 1082763696948 4
1 1082763696949 1
1 1082763696952 4
1 1082763696953 1
1 1082763696956 4
1 1082763696957 1
1 1082763696960 4
1 1082763696961 1
1 1082763696990 1
1 1082763696991 1
1 1082763696994 1
1 1082763696995 1
1 1082763696998 1
1 1082763696999 1
1 1082763697002 1
1 1082763697003 1
1 1082763697006 1
1 1082763697007 1
1 1082763697010 1
1 1082763697011 1
1 1082763697053 1
1 1082763697054 4
1 1082763697055 1
1 1082763697057 1
1 1082763697058 4
1 1082763697059 1
1 1082763697061 1
1 1082763697062 4
1 1082763697063 1
1 1082763697065 1
1 1082763697066 4
1 1082763697067 1
1 1082763697069 1
1 1082763697070 4
1 1082763697071 1
1 1082763697073 1
1 1082763697074 4
1 1082763697075 1
1 1082763697116 1
1 1082763697117 4
1 1082763697118 1
1 1082763697120 1
1 1082763697121 4
1 1082763697122 1
1 1082763697124 1
1 1082763697125 4
1 1082763697126 1
1 1082763697128 1
1 1082763697129 4
1 1082763697130 1
1 1082763697132 1
1 1082763697133 4
1 1082763697134 1
1 1082763697136 1
1 1082763697137 4
1 1082763697138 1
1 1082763697180 4
1 1082763697181 1
1 1082763697184 4
1 1082763697185 1
1 1082763697188 4
1 1082763697189 1
1 1082763697192 4
1 1082763697193 1
1 1082763697196 4
1 1082763697197 1
1 1082763697213 1
1 1082763697214 4
1 1082763697215 1
1 1082763697217 1
1 1082763697218 4
1 1082763697219 1
1 1082763697221 1
1 1082763697222 4
1 1082763697223 1
1 1082763697225 1
1 1082763697226 4
1 1082763697227 1
1 1082763697229 1
1 1082763697230 4
1 1082763697231 1
1 1082763697233 1
1 1082763697234 4
1 1082763697235 1
1 1082763697276 1
1 1082763697277 4
1 1082763697278 1
1 1082763697280 1
1 1082763697281 4
1 1082763697282 1
1 1082763697284 1
1 1082763697285 4
1 1082763697286 1
1 1082763697288 1
1 1082763697289 4
1 1082763697290 1
1 1082763697292 1
1 1082763697293 4
1 1082763697294 1
1 1082763697296 1
1 1082763697297 4
1 1082763697298 1
1 1082763697340 4
1 1082763697341 1
1 1082763697344 4
1 1082763697345 1
1 1082763697348 4
1 1082763697349 1
1 1082763697352 4
1 1082763697353 1
1 1082763697356 4
1 1082763697357 1
1 1082763697360 4
1 1082763697361 1
1 1082763697390 1
1 1082763697391 1
1 1082763697394 1
1 1082763697395 1
1 1082763697398 1
1 1082763697399 1
1 1082763697402 1
1 1082763697403 1
1 1082763697406 1
1 1082763697407 1
1 1082763697410 1
1 1082763697411 1
1 1082763697453 1
1 1082763697454 4
1 1082763697455 1
1 1082763697457 1
1 1082763697458 4
1 1082763697459 1
1 1082763697461 1
1 1082763697462 4
1 1082763697463 1
1 1082763697465 1
1 1082763697466 4
1 1082763697467 1
1 1082763697469 1
1 1082763697470 4
1 1082763697471 1
1 1082763697473 1
1 1082763697474 4
1 1082763697475 1
1 1082763697516 1
1 1082763697517 4
1 1082763697518 1
1 1082763697520 1
1 1082763697521 4
1 1082763697522 1
1 1082763697524 1
1 1082763697525 4
1 1082763697526 1
1 1082763697528 1
1 1082763697529 4
1 1082763697530 1
1 1082763697532 1
1 1082763697533 4
1 1082763697534 1
1 1082763697536 1
1 1082763697537 4
1 1082763697538 1
1 1082763697580 4
1 1082763697581 1
1 1082763697584 4
1 1082763697585 1
1 1082763697588 4
1 1082763697589 1
1 1082763697592 4
1 1082763697593 1
1 1082763697596 4
1 1082763697597 1
1 1082763697613 1
1 1082763697614 4
1 1082763697615 1
1 1082763697617 1
1 1082763697618 4
1 1082763697619 1
1 1082763697621 1
1 1082763697622 4
1 1082763697623 1
1 1082763697625 1
1 1082763697626 4
1 1082763697627 1
1 1082763697629 1
1 1082763697630 4
1 1082763697631 1
1 1082763697633 1
1 1082763697634 4
1 1082763697635 1
1 1082763697676 1
1 1082763697677 4
1 1082763697678 1
1 1082763697680 1
1 1082763697681 4
1 1082763697682 1
1 1082763697684 1
1 1082763697685 4
1 1082763697686 1
1 1082763697688 1
1 1082763697689 4
1 1082763697690 1
1 1082763697692 1
1 1082763697693 4
1 1082763697694 1
1 1082763697696 1
1 1082763697697 4
1 1082763697698 1
1 1082763697740 4
1 1082763697741 1
1 1082763697744 4
1 1082763697745 1
1 1082763697748 4
1 1082763697749 1
1 1082763697752 4
1 1082763697753 1
1 1082763697756 4
1 1082763697757 1
1 1082763697760 4
1 1082763697761 1
1 1082763697790 1
1 1082763697791 1
1 1082763697794 1
1 1082763697795 1
1 1082763697798 1
1 1082763697799 1
1 1082763697802 1
1 1082763697803 1
1 1082763697806 1
1 1082763697807 1
1 1082763697810 1
1 1082763697811 1
1 1082763697853 1
1 1082763697854 4
1 1082763697855 1
1 1082763697857 1
1 1082763697858 4
1 1082763697859 1
1 1082763697861 1
1 1082763697862 4
1 1082763697863 1
1 1082763697865 1
1 1082763697866 4
1 1082763697867 1
1 1082763697869 1
1 1082763697870 4
1 1082763697871 1
1 1082763697873 1
1 1082763697874 4
1 1082763697875 1
1 1082763697916 1
1 1082763697917 4
1 1082763697918 1
1 1082763697920 1
1 1082763697921 4
1 1082763697922 1
1 1082763697924 1
1 1082763697925 4
1 1082763697926 1
1 1082763697928 1
1 1082763697929 4
1 1082763697930 1
1 1082763697932 1
1 1082763697933 4
1 1082763697934 1
1 1082763697936 1
1 1082763697937 4
1 1082763697938 1
1 1082763697980 4
1 1082763697981 1
1 1082763697984 4
1 1082763697985 1
1 1082763697988 4
1 1082763697989 1
1 1082763697992 4
1 1082763697993 1
1 1082763697996 4
1 1082763697997 1
1 1082763698013 1
1 1082763698014 4
1 1082763698015 1
1 1082763698017 1
1 1082763698018 4
1 1082763698019 1
1 1082763698021 1
1 1082763698022 4
1 1082763698023 1
1 1082763698025 1
1 1082763698026 4
1 1082763698027 1
1 1082763698029 1
1 1082763698030 4
1 1082763698031 1
1 1082763698033 1
1 1082763698034 4
1 1082763698035 1
1 1082763698076 1
1 1082763698077 4
1 1082763698078 1
1 1082763698080 1
1 1082763698081 4
1 1082763698082 1
1 1082763698084 1
1 1082763698085 4
1 1082763698086 1
1 1082763698088 1
1 1082763698089 4
1 1082763698090 1
1 1082763698092 1
1 1082763698093 4
1 1082763698094 1
1 1082763698096 1
1 1082763698097 4
1 1082763698098 1
1 1082763698140 4
1 1082763698141 1
1 1082763698144 4
1 1082763698145 1
1 1082763698148 4
1 1082763698149 1
1 1082763698152 4
1 1082763698153 1
1 1082763698156 4
1 1082763698157 1
1 1082763698160 4
1 1082763698161 1
1 1082763698190 1
1 1082763698191 1
1 1082763698194 1
1 1082763698195 1
1 1082763698198 1
1 1082763698199 1
1 1082763698202 1
1 1082763698203 1
1 1082763698206 1
1 1082763698207 1
1 1082763698210 1
1 1082763698211 1
1 1082763698253 1
1 1082763698254 4
1 1082763698255 1
1 1082763698257 1
1 1082763698258 4
1 1082763698259 1
1 1082763698261 1
1 1082763698262 4
1 1082763698263 1
1 1082763698265 1
1 1082763698266 4
1 1082763698267 1
1 1082763698269 1
1 1082763698270 4
1 1082763698271 1
1 1082763698273 1
1 1082763698274 4
1 1082763698275 1
1 1082763698316 1
1 1082763698317 4
1 1082763698318 1
1 1082763698320 1
1 1082763698321 4
1 1082763698322 1
1 1082763698324 1
1 1082763698325 4
1 1082763698326 1
1 1082763698328 1
1 1082763698329 4
1 1082763698330 1
1 1082763698332 1
1 1082763698333 4
1 1082763698334 1
1 1082763698336 1
1 1082763698337 4
1 1082763698338 1
1 1082763698380 4
1 1082763698381 1
1 1082763698384 4
1 1082763698385 1
1 1082763698388 4
1 1082763698389 1
1 1082763698392 4
1 1082763698393 1
1 1082763698396 4
1 1082763698397 1
1 1082763698413 1
1 1082763698414 4
1 1082763698415 1
1 1082763698417 1
1 1082763698418 4
1 1082763698419 1
1 1082763698421 1
1 1082763698422 4
1 1082763698423 1
1 1082763698425 1
1 1082763698426 4
1 1082763698427 1
1 1082763698429 1
1 1082763698430 4
1 1082763698431 1
1 1082763698433 1
1 1082763698434 4
1 1082763698435 1
1 1082763698476 1
1 1082763698477 4
1 1082763698478 1
1 1082763698480 1
1 1082763698481 4
1 1082763698482 1
1 1082763698484 1
1 1082763698485 4
1 1082763698486 1
1 1082763698488 1
1 1082763698489 4
1 1082763698490 1
1 1082763698492 1
1 1082763698493 4
1 1082763698494 1
1 1082763698496 1
1 1082763698497 4
1 1082763698498 1
1 1082763698540 4
1 1082763698541 1
1 1082763698544 4
1 1082763698545 1
1 1082763698548 4
1 1082763698549 1
1 1082763698552 4
1 1082763698553 1
1 1082763698556 4
1 1082763698557 1
1 1082763698560 4
1 1082763698561 1
1 1082763698590 1
1 1082763698591 1
1 1082763698594 1
1 1082763698595 1
1 1082763698598 1
1 1082763698599 1
1 1082763698602 1
1 1082763698603 1
1 1082763698606 1
1 1082763698607 1
1 1082763698610 1
1 1082763698611 1
1 1082763698653 1
1 1082763698654 4
1 1082763698655 1
1 1082763698657 1
1 1082763698658 4
1 1082763698659 1
1 1082763698661 1
1 1082763698662 4
1 1082763698663 1
1 1082763698665 1
1 1082763698666 4
1 1082763698667 1
1 1082763698669 1
1 1082763698670 4
1 1082763698671 1
1 1082763698673 1
1 1082763698674 4
1 1082763698675 1
1 1082763698716 1
1 1082763698717 4
1 1082763698718 1
1 1082763698720 1
1 1082763698721 4
1 1082763698722 1
1 1082763698724 1
1 1082763698725 4
1 1082763698726 1
1 1082763698728 1
1 1082763698729 4
1 1082763698730 1
1 1082763698732 1
1 1082763698733 4
1 1082763698734 1
1 1082763698736 1
1 1082763698737 4
1 1082763698738 1
1 1082763698780 4
1 1082763698781 1
1 1082763698784 4
1 1082763698785 1
1 1082763698788 4
1 1082763698789 1
1 1082763698792 4
1 1082763698793 1
1 1082763698796 4
1 1082763698797 1
1 1082763698813 1
1 1082763698814 4
1 1082763698815 1
1 1082763698817 1
1 1082763698818 4
1 1082763698819 1
1 1082763698821 1
1 1082763698822 4
1 1082763698823 1
1 1082763698825 1
1 1082763698826 4
1 1082763698827 1
1 1082763698829 1
1 1082763698830 4
1 1082763698831 1
1 1082763698833 1
1 1082763698834 4
1 1082763698835 1
1 1082763698876 1
1 1082763698877 4
1 1082763698878 1
1 1082763698880 1
1 1082763698881 4
1 1082763698882 1
1 1082763698884 1
1 1082763698885 4
1 1082763698886 1
1 1082763698888 1
1 1082763698889 4
1 1082763698890 1
1 1082763698892 1
1 1082763698893 4
1 1082763698894 1
1 1082763698896 1
1 1082763698897 4
1 1082763698898 1
1 1082763698940 4
1 1082763698941 1
1 1082763698944 4
1 1082763698945 1
1 1082763698948 4
1 1082763698949 1
1 1082763698952 4
1 1082763698953 1
1 1082763698956 4
1 1082763698957 1
1 1082763698960 4
1 1082763698961 1
1 1082763698990 1
1 1082763698991 1
1 1082763698994 1
1 1082763698995 1
1 1082763698998 1
1 1082763698999 1
1 1082763699002 1
1 1082763699003 1
1 1082763699006 1
1 1082763699007 1
1 1082763699010 1
1 1082763699011 1
1 1082763699053 1
1 1082763699054 4
1 1082763699055 1
1 1082763699057 1
1 1082763699058 4
1 1082763699059 1
1 1082763699061 1
1 1082763699062 4
1 1082763699063 1
1 1082763699065 1
1 1082763699066 4
1 1082763699067 1
1 1082763699069 1
1 1082763699070 4
1 1082763699071 1
1 1082763699073 1
1 1082763699074 4
1 1082763699075 1
1 1082763699116 1
1 1082763699117 4
1 1082763699118 1
1 1082763699120 1
1 1082763699121 4
1 1082763699122 1
1 1082763699124 1
1 1082763699125 4
1 1082763699126 1
1 1082763699128 1
1 1082763699129 4
1 1082763699130 1
1 1082763699132 1
1 1082763699133 4
1 1082763699134 1
1 1082763699136 1
1 1082763699137 4
1 1082763699138 1
1 1082763699180 4
1 1082763699181 1
1 1082763699184 4
1 1082763699185 1
1 1082763699188 4
1 1082763699189 1
1 1082763699192 4
1 1082763699193 1
1 1082763699196 4
1 1082763699197 1
1 1082763699213 1
1 1082763699214 4
1 1082763699215 1
1 1082763699217 1
1 1082763699218 4
1 1082763699219 1
1 1082763699221 1
1 1082763699222 4
1 1082763699223 1
1 1082763699225 1
1 1082763699226 4
1 1082763699227 1
1 1082763699229 1
1 1082763699230 4
1 1082763699231 1
1 1082763699233 1
1 1082763699234 4
1 1082763699235 1
1 1082763699276 1
1 1082763699277 4
1 1082763699278 1
1 1082763699280 1
1 1082763699281 4
1 1082763699282 1
1 1082763699284 1
1 1082763699285 4
1 1082763699286 1
1 1082763699288 1
1 1082763699289 4
1 1082763699290 1
1 1082763699292 1
1 1082763699293 4
1 1082763699294 1
1 1082763699296 1
1 1082763699297 4
1 1082763699298 1
1 1082763699340 4
1 1082763699341 1
1 1082763699344 4
1 1082763699345 1
1 1082763699348 4
1 1082763699349 1
1 1082763699352 4
1 1082763699353 1
1 1082763699356 4
1 1082763699357 1
1 1082763699360 4
1 1082763699361 1
1 1082763699390 1
1 1082763699391 1
1 1082763699394 1
1 1082763699395 1
1 1082763699398 1
1 1082763699399 1
1 1082763699402 1
1 1082763699403 1
1 1082763699406 1
1 1082763699407 1
1 1082763699410 1
1 1082763699411 1
1 1082763699453 1
1 1082763699454 4
1 1082763699455 1
1 1082763699457 1
1 1082763699458 4
1 1082763699459 1
1 1082763699461 1
1 1082763699462 4
1 1082763699463 1
1 1082763699465 1
1 1082763699466 4
1 1082763699467 1
1 1082763699469 1
1 1082763699470 4
1 1082763699471 1
1 1082763699473 1
1 1082763699474 4
1 1082763699475 1
1 1082763699516 1
1 1082763699517 4
1 1082763699518 1
1 1082763699520 1
1 1082763699521 4
1 1082763699522 1
1 1082763699524 1
1 1082763699525 4
1 1082763699526 1
1 1082763699528 1
1 1082763699529 4
1 1082763699530 1
1 1082763699532 1
1 1082763699533 4
1 1082763699534 1
1 1082763699536 1
1 1082763699537 4
1 1082763699538 1
1 1082763699580 4
1 1082763699581 1
1 1082763699584 4
1 1082763699585 1
1 1082763699588 4
1 1082763699589 1
1 1082763699592 4
1 1082763699593 1
1 1082763699596 4
1 1082763699597 1
1 1082763699613 1
1 1082763699614 4
1 1082763699615 1
1 1082763699617 1
1 1082763699618 4
1 1082763699619 1
1 1082763699621 1
1 1082763699622 4
1 1082763699623 1
1 1082763699625 1
1 1082763699626 4
1 1082763699627 1
1 1082763699629 1
1 1082763699630 4
1 1082763699631 1
1 1082763699633 1
1 1082763699634 4
1 1082763699635 1
1 1082763699676 1
1 1082763699677 4
1 1082763699678 1
1 1082763699680 1
1 1082763699681 4
1 1082763699682 1
1 1082763699684 1
1 1082763699685 4
1 1082763699686 1
1 1082763699688 1
1 1082763699689 4
1 1082763699690 1
1 1082763699692 1
1 1082763699693 4
1 1082763699694 1
1 1082763699696 1
1 1082763699697 4
1 1082763699698 1
1 1082763699740 4
1 1082763699741 1
1 1082763699744 4
1 1082763699745 1
1 1082763699748 4
1 1082763699749 1
1 1082763699752 4
1 1082763699753 1
1 1082763699756 4
1 1082763699757 1
1 1082763699760 4
1 1082763699761 1
1 1082763699790 1
1 1082763699791 1
1 1082763699794 1
1 1082763699795 1
1 1082763699798 1
1 1082763699799 1
1 1082763699802 1
1 1082763699803 1
1 1082763699806 1
1 1082763699807 1
1 1082763699810 1
1 1082763699811 1
1 1082763699853 1
1 1082763699854 4
1 1082763699855 1
1 1082763699857 1
1 1082763699858 4
1 1082763699859 1
1 1082763699861 1
1 1082763699862 4
1 1082763699863 1
1 1082763699865 1
1 1082763699866 4
1 1082763699867 1
1 1082763699869 1
1 1082763699870 4
1 1082763699871 1
1 1082763699873 1
1 1082763699874 4
1 1082763699875 1
1 1082763699916 1
1 1082763699917 4
1 1082763699918 1
1 1082763699920 1
1 1082763699921 4
1 1082763699922 1
1 1082763699924 1
1 1082763699925 4
1 1082763699926 1
1 1082763699928 1
1 1082763699929 4
1 1082763699930 1
1 1082763699932 1
1 1082763699933 4
1 1082763699934 1
1 1082763699936 1
1 1082763699937 4
1 1082763699938 1
1 1082763699980 4
1 1082763699981 1
1 1082763699984 4
1 1082763699985 1
1 1082763699988 4
1 1082763699989 1
1 1082763699992 4
1 1082763699993 1
1 1082763699996 4
1 1082763699997 1
1 1082763700013 1
1 1082763700014 4
1 1082763700015 1
1 1082763700017 1
1 1082763700018 4
1 1082763700019 1
1 1082763700021 1
1 1082763700022 4
1 1082763700023 1
1 1082763700025 1
1 1082763700026 4
1 1082763700027 1
1 1082763700029 1
1 1082763700030 4
1 1082763700031 1
1 1082763700033 1
1 1082763700034 4
1 1082763700035 1
1 1082763700076 1
1 1082763700077 4
1 1082763700078 1
1 1082763700080 1
1 1082763700081 4
1 1082763700082 1
1 1082763700084 1
1 1082763700085 4
1 1082763700086 1
1 1082763700088 1
1 1082763700089 4
1 1082763700090 1
1 1082763700092 1
1 1082763700093 4
1 1082763700094 1
1 1082763700096 1
1 1082763700097 4
1 1082763700098 1
1 1082763700140 4
1 1082763700141 1
1 1082763700144 4
1 1082763700145 1
1 1082763700148 4
1 1082763700149 1
1 1082763700152 4
1 1082763700153 1
1 1082763700156 4
1 1082763700157 1
1 1082763700160 4
1 1082763700161 1
1 1082763700190 1
1 1082763700191 1
1 1082763700194 1
1 1082763700195 1
1 1082763700198 1
1 1082763700199 1
1 1082763700202 1
1 1082763700203 1
1 1082763700206 1
1 1082763700207 1
1 1082763700210 1
1 1082763700211 1
1 1082763700253 1
1 1082763700254 4
1 1082763700255 1
1 1082763700257 1
1 1082763700258 4
1 1082763700259 1
1 1082763700261 1
1 1082763700262 4
1 1082763700263 1
1 1082763700265 1
1 1082763700266 4
1 1082763700267 1
1 1082763700269 1
1 1082763700270 4
1 1082763700271 1
1 1082763700273 1
1 1082763700274 4
1 1082763700275 1
1 1082763700316 1
1 1082763700317 4
1 1082763700318 1
1 1082763700320 1
1 1082763700321 4
1 1082763700322 1
1 1082763700324 1
1 1082763700325 4
1 1082763700326 1
1 1082763700328 1
1 1082763700329 4
1 1082763700330 1
1 1082763700332 1
1 1082763700333 4
1 1082763700334 1
1 1082763700336 1
1 1082763700337 4
1 1082763700338 1
1 1082763700380 4
1 1082763700381 1
1 1082763700384 4
1 1082763700385 1
1 1082763700388 4
1 1082763700389 1
1 1082763700392 4
1 1082763700393 1
1 1082763700396 4
1 1082763700397 1
1 1082763700413 1
1 1082763700414 4
1 1082763700415 1
1 1082763700417 1
1 1082763700418 4
1 1082763700419 1
1 1082763700421 1
1 1082763700422 4
1 1082763700423 1
1 1082763700425 1
1 1082763700426 4
1 1082763700427 1
1 1082763700429 1
1 1082763700430 4
1 1082763700431 1
1 1082763700433 1
1 1082763700434 4
1 1082763700435 1
1 1082763700476 1
1 1082763700477 4
1 1082763700478 1
1 1082763700480 1
1 1082763700481 4
1 1082763700482 1
1 1082763700484 1
1 1082763700485 4
1 1082763700486 1
1 1082763700488 1
1 1082763700489 4
1 1082763700490 1
1 1082763700492 1
1 1082763700493 4
1 1082763700494 1
1 1082763700496 1
1 1082763700497 4
1 1082763700498 1
1 1082763700540 4
1 1082763700541 1
1 1082763700544 4
1 1082763700545 1
1 1082763700548 4
1 1082763700549 1
1 1082763700552 4
1 1082763700553 1
1 1082763700556 4
1 1082763700557 1
1 1082763700560 4
1 1082763700561 1
1 1082763700590 1
1 1082763700591 1
1 1082763700594 1
1 1082763700595 1
1 1082763700598 1
1 1082763700599 1
1 1082763700602 1
1 1082763700603 1
1 1082763700606 1
1 1082763700607 1
1 1082763700610 1
1 1082763700611 1
1 1082763700653 1
1 1082763700654 4
1 1082763700655 1
1 1082763700657 1
1 1082763700658 4
1 1082763700659 1
1 1082763700661 1
1 1082763700662 4
1 1082763700663 1
1 1082763700665 1
1 1082763700666 4
1 1082763700667 1
1 1082763700669 1
1 1082763700670 4
1 1082763700671 1
1 1082763700673 1
1 1082763700674 4
1 1082763700675 1
1 1082763700716 1
1 1082763700717 4
1 1082763700718 1
1 1082763700720 1
1 1082763700721 4
1 1082763700722 1
1 1082763700724 1
1 1082763700725 4
1 1082763700726 1
1 1082763700728 1
1 1082763700729 4
1 1082763700730 1
1 1082763700732 1
1 1082763700733 4
1 1082763700734 1
1 1082763700736 1
1 1082763700737 4
1 1082763700738 1
1 1082763700780 4
1 1082763700781 1
1 1082763700784 4
1 1082763700785 1
1 1082763700788 4
1 1082763700789 1
1 1082763700792 4
1 1082763700793 1
1 1082763700796 4
1 1082763700797 1
1 1082763700813 1
1 1082763700814 4
1 1082763700815 1
1 1082763700817 1
1 1082763700818 4
1 1082763700819 1
1 1082763700821 1
1 1082763700822 4
1 1082763700823 1
1 1082763700825 1
1 1082763700826 4
1 1082763700827 1
1 1082763700829 1
1 1082763700830 4
1 1082763700831 1
1 1082763700833 1
1 1082763700834 4
1 1082763700835 1
1 1082763700876 1
1 1082763700877 4
1 1082763700878 1
1 1082763700880 1
1 1082763700881 4
1 1082763700882 1
1 1082763700884 1
1 1082763700885 4
1 1082763700886 1
1 1082763700888 1
1 1082763700889 4
1 1082763700890 1
1 1082763700892 1
1 1082763700893 4
1 1082763700894 1
1 1082763700896 1
1 1082763700897 4
1 1082763700898 1
1 1082763700940 4
1 1082763700941 1
1 1082763700944 4
1 1082763700945 1
1 1082763700948 4
1 1082763700949 1
1 1082763700952 4
1 1082763700953 1
1 1082763700956 4
1 1082763700957 1
1 1082763700960 4
1 1082763700961 1
1 1082763700990 1
1 1082763700991 1
1 1082763700994 1
1 1082763700995 1
1 1082763700998 1
1 1082763700999 1
1 1082763701002 1
1 1082763701003 1
1 1082763701006 1
1 1082763701007 1
1 1082763701010 1
1 1082763701011 1
1 1082763701053 1
1 1082763701054 4
1 1082763701055 1
1 1082763701057 1
1 1082763701058 4
1 1082763701059 1
1 1082763701061 1
1 1082763701062 4
1 1082763701063 1
1 1082763701065 1
1 1082763701066 4
1 1082763701067 1
1 1082763701069 1
1 1082763701070 4
1 1082763701071 1
1 1082763701073 1
1 1082763701074 4
1 1082763701075 1
1 1082763701116 1
1 1082763701117 4
1 1082763701118 1
1 1082763701120 1
1 1082763701121 4
1 1082763701122 1
1 1082763701124 1
1 1082763701125 4
1 1082763701126 1
1 1082763701128 1
1 1082763701129 4
1 1082763701130 1
1 1082763701132 1
1 1082763701133 4
1 1082763701134 1
1 1082763701136 1
1 1082763701137 4
1 1082763701138 1
1 1082763701180 4
1 1082763701181 1
1 1082763701184 4
1 1082763701185 1
1 1082763701188 4
1 1082763701189 1
1 1082763701192 4
1 1082763701193 1
1 1082763701196 4
1 1082763701197 1
1 1082763701213 1
1 1082763701214 4
1 1082763701215 1
1 1082763701217 1
1 1082763701218 4
1 1082763701219 1
1 1082763701221 1
1 1082763701222 4
1 1082763701223 1
1 1082763701225 1
1 1082763701226 4
1 1082763701227 1
1 1082763701229 1
1 1082763701230 4
1 1082763701231 1
1 1082763701233 1
1 1082763701234 4
1 1082763701235 1
1 1082763701276 1
1 1082763701277 4
1 1082763701278 1
1 1082763701280 1
1 1082763701281 4
1 1082763701282 1
1 1082763701284 1
1 1082763701285 4
1 1082763701286 1
1 1082763701288 1
1 1082763701289 4
1 1082763701290 1
1 1082763701292 1
1 1082763701293 4
1 1082763701294 1
1 1082763701296 1
1 1082763701297 4
1 1082763701298 1
1 1082763701340 4
1 1082763701341 1
1 1082763701344 4
1 1082763701345 1
1 1082763701348 4
1 1082763701349 1
1 1082763701352 4
1 1082763701353 1
1 1082763701356 4
1 1082763701357 1
1 1082763701360 4
1 1082763701361 1
1 1082763701390 1
1 1082763701391 1
1 1082763701394 1
1 1082763701395 1
1 1082763701398 1
1 1082763701399 1
1 1082763701402 1
1 1082763701403 1
1 1082763701406 1
1 1082763701407 1
1 1082763701410 1
1 1082763701411 1
1 1082763701453 1
1 1082763701454 4
1 1082763701455 1
1 1082763701457 1
1 1082763701458 4
1 1082763701459 1
1 1082763701461 1
1 1082763701462 4
1 1082763701463 1
1 1082763701465 1
1 1082763701466 4
1 1082763701467 1
1 1082763701469 1
1 1082763701470 4
1 1082763701471 1
1 1082763701473 1
1 1082763701474 4
1 1082763701475 1
1 1082763701516 1
1 1082763701517 4
1 1082763701518 1
1 1082763701520 1
1 1082763701521 4
1 1082763701522 1
1 1082763701524 1
1 1082763701525 4
1 1082763701526 1
1 1082763701528 1
1 1082763701529 4
1 1082763701530 1
1 1082763701532 1
1 1082763701533 4
1 1082763701534 1
1 1082763701536 1
1 1082763701537 4
1 1082763701538 1
1 1082763701580 4
1 1082763701581 1
1 1082763701584 4
1 1082763701585 1
1 1082763701588 4
1 1082763701589 1
1 1082763701592 4
1 1082763701593 1
1 1082763701596 4
1 1082763701597 1
1 1082763701613 1
1 1082763701614 4
1 1082763701615 1
1 1082763701617 1
1 1082763701618 4
1 1082763701619 1
1 1082763701621 1
1 1082763701622 4
1 1082763701623 1
1 1082763701625 1
1 1082763701626 4
1 1082763701627 1
1 1082763701629 1
1 1082763701630 4
1 1082763701631 1
1 1082763701633 1
1 1082763701634 4
1 1082763701635 1
1 1082763701676 1
1 1082763701677 4
1 1082763701678 1
1 1082763701680 1
1 1082763701681 4
1 1082763701682 1
1 1082763701684 1
1 1082763701685 4
1 1082763701686 1
1 1082763701688 1
1 1082763701689 4
1 1082763701690 1
1 1082763701692 1
1 1082763701693 4
1 1082763701694 1
1 1082763701696 1
1 1082763701697 4
1 1082763701698 1
1 1082763701740 4
1 1082763701741 1
1 1082763701744 4
1 1082763701745 1
1 1082763701748 4
1 1082763701749 1
1 1082763701752 4
1 1082763701753 1
1 1082763701756 4
1 1082763701757 1
1 1082763701760 4
1 1082763701761 1
1 1082763701790 1
1 1082763701791 1
1 1082763701794 1
1 1082763701795 1
1 1082763701798 1
1 1082763701799 1
1 1082763701802 1
1 1082763701803 1
1 1082763701806 1
1 1082763701807 1
1 1082763701810 1
1 1082763701811 1
1 1082763701853 1
1 1082763701854 4
1 1082763701855 1
1 1082763701857 1
1 1082763701858 4
1 1082763701859 1
1 1082763701861 1
1 1082763701862 4
1 1082763701863 1
1 1082763701865 1
1 1082763701866 4
1 1082763701867 1
1 1082763701869 1
1 1082763701870 4
1 1082763701871 1
1 1082763701873 1
1 1082763701874 4
1 1082763701875 1
1 1082763701916 1
1 1082763701917 4
1 1082763701918 1
1 1082763701920 1
1 1082763701921 4
1 1082763701922 1
1 1082763701924 1
1 1082763701925 4
1 1082763701926 1
1 1082763701928 1
1 1082763701929 4
1 1082763701930 1
1 1082763701932 1
1 1082763701933 4
1 1082763701934 1
1 1082763701936 1
1 1082763701937 4
1 1082763701938 1
1 1082763701980 4
1 1082763701981 1
1 1082763701984 4
1 1082763701985 1
1 1082763701988 4
1 1082763701989 1
1 1082763701992 4
1 1082763701993 1
1 1082763701996 4
1 1082763701997 1
1 1082763702013 1
1 1082763702014 4
1 1082763702015 1
1 1082763702017 1
1 1082763702018 4
1 1082763702019 1
1 1082763702021 1
1 1082763702022 4
1 1082763702023 1
1 1082763702025 1
1 1082763702026 4
1 1082763702027 1
1 1082763702029 1
1 1082763702030 4
1 1082763702031 1
1 1082763702033 1
1 1082763702034 4
1 1082763702035 1
1 1082763702076 1
1 1082763702077 4
1 1082763702078 1
1 1082763702080 1
1 1082763702081 4
1 1082763702082 1
1 1082763702084 1
1 1082763702085 4
1 1082763702086 1
1 1082763702088 1
1 1082763702089 4
1 1082763702090 1
1 1082763702092 1
1 1082763702093 4
1 1082763702094 1
1 1082763702096 1
1 1082763702097 4
1 1082763702098 1
1 1082763702140 4
1 1082763702141 1
1 1082763702144 4
1 1082763702145 1
1 1082763702148 4
1 1082763702149 1
1 1082763702152 4
1 1082763702153 1
1 1082763702156 4
1 1082763702157 1
1 1082763702160 4
1 1082763702161 1
1 1082763702190 1
1 1082763702191 1
1 1082763702194 1
1 1082763702195 1
1 1082763702198 1
1 1082763702199 1
1 1082763702202 1
1 1082763702203 1
1 1082763702206 1
1 1082763702207 1
1 1082763702210 1
1 1082763702211 1
1 1082763702253 1
1 1082763702254 4
1 1082763702255 1
1 1082763702257 1
1 1082763702258 4
1 1082763702259 1
1 1082763702261 1
1 1082763702262 4
1 1082763702263 1
1 1082763702265 1
1 1082763702266 4
1 1082763702267 1
1 1082763702269 1
1 1082763702270 4
1 1082763702271 1
1 1082763702273 1
1 1082763702274 4
1 1082763702275 1
1 1082763702316 1
1 1082763702317 4
1 1082763702318 1
1 1082763702320 1
1 1082763702321 4
1 1082763702322 1
1 1082763702324 1
1 1082763702325 4
1 1082763702326 1
1 1082763702328 1
1 1082763702329 4
1 1082763702330 1
1 1082763702332 1
1 1082763702333 4
1 1082763702334 1
1 1082763702336 1
1 1082763702337 4
1 1082763702338 1
1 1082763702380 4
1 1082763702381 1
1 1082763702384 4
1 1082763702385 1
1 1082763702388 4
1 1082763702389 1
1 1082763702392 4
1 1082763702393 1
1 1082763702396 4
1 1082763702397 1
1 1082763702413 1
1 1082763702414 4
1 1082763702415 1
1 1082763702417 1
1 1082763702418 4
1 1082763702419 1
1 1082763702421 1
1 1082763702422 4
1 1082763702423 1
1 1082763702425 1
1 1082763702426 4
1 1082763702427 1
1 1082763702429 1
1 1082763702430 4
1 1082763702431 1
1 1082763702433 1
1 1082763702434 4
1 1082763702435 1
1 1082763702476 1
1 1082763702477 4
1 1082763702478 1
1 1082763702480 1
1 1082763702481 4
1 1082763702482 1
1 1082763702484 1
1 1082763702485 4
1 1082763702486 1
1 1082763702488 1
1 1082763702489 4
1 1082763702490 1
1 1082763702492 1
1 1082763702493 4
1 1082763702494 1
1 1082763702496 1
1 1082763702497 4
1 1082763702498 1
1 1082763702540 4
1 1082763702541 1
1 1082763702544 4
1 1082763702545 1
1 1082763702548 4
1 1082763702549 1
1 1082763702552 4
1 1082763702553 1
1 1082763702556 4
1 1082763702557 1
1 1082763702560 4
1 1082763702561 1
1 1082763702590 1
1 1082763702591 1
1 1082763702594 1
1 1082763702595 1
1 1082763702598 1
1 1082763702599 1
1 1082763702602 1
1 1082763702603 1
1 1082763702606 1
1 1082763702607 1
1 1082763702610 1
1 1082763702611 1
1 1082763702653 1
1 1082763702654 4
1 1082763702655 1
1 1082763702657 1
1 1082763702658 4
1 1082763702659 1
1 1082763702661 1
1 1082763702662 4
1 1082763702663 1
1 1082763702665 1
1 1082763702666 4
1 1082763702667 1
1 1082763702669 1
1 1082763702670 4
1 1082763702671 1
1 1082763702673 1
1 1082763702674 4
1 1082763702675 1
1 1082763702716 1
1 1082763702717 4
1 1082763702718 1
1 1082763702720 1
1 1082763702721 4
1 1082763702722 1
1 1082763702724 1
1 1082763702725 4
1 1082763702726 1
1 1082763702728 1
1 1082763702729 4
1 1082763702730 1
1 1082763702732 1
1 1082763702733 4
1 1082763702734 1
1 1082763702736 1
1 1082763702737 4
1 1082763702738 1
1 1082763702780 4
1 1082763702781 1
1 1082763702784 4
1 1082763702785 1
1 1082763702788 4
1 1082763702789 1
1 1082763702792 4
1 1082763702793 1
1 1082763702796 4
1 1082763702797 1
1 1082763702813 1
1 1082763702814 4
1 1082763702815 1
1 1082763702817 1
1 1082763702818 4
1 1082763702819 1
1 1082763702821 1
1 1082763702822 4
1 1082763702823 1
1 1082763702825 1
1 1082763702826 4
1 1082763702827 1
1 1082763702829 1
1 1082763702830 4
1 1082763702831 1
1 1082763702833 1
1 1082763702834 4
1 1082763702835 1
1 1082763702876 1
1 1082763702877 4
1 1082763702878 1
1 1082763702880 1
1 1082763702881 4
1 1082763702882 1
1 1082763702884 1
1 1082763702885 4
1 1082763702886 1
1 1082763702888 1
1 1082763702889 4
1 1082763702890 1
1 1082763702892 1
1 1082763702893 4
1 1082763702894 1
1 1082763702896 1
1 1082763702897 4
1 1082763702898 1
1 1082763702940 4
1 1082763702941 1
1 1082763702944 4
1 1082763702945 1
1 1082763702948 4
1 1082763702949 1
1 1082763702952 4
1 1082763702953 1
1 1082763702956 4
1 1082763702957 1
1 1082763702960 4
1 1082763702961 1
1 1082763702990 1
1 1082763702991 1
1 1082763702994 1
1 1082763702995 1
1 1082763702998 1
1 1082763702999 1
1 1082763703002 1
1 1082763703003 1
1 1082763703006 1
1 1082763703007 1
1 1082763703010 1
1 1082763703011 1
1 1082763703053 1
1 1082763703054 4
1 1082763703055 1
1 1082763703057 1
1 1082763703058 4
1 1082763703059 1
1 1082763703061 1
1 1082763703062 4
1 1082763703063 1
1 1082763703065 1
1 1082763703066 4
1 1082763703067 1
1 1082763703069 1
1 1082763703070 4
1 1082763703071 1
1 1082763703073 1
1 1082763703074 4
1 1082763703075 1
1 1082763703116 1
1 1082763703117 4
1 1082763703118 1
1 1082763703120 1
1 1082763703121 4
1 1082763703122 1
1 1082763703124 1
1 1082763703125 4
1 1082763703126 1
1 1082763703128 1
1 1082763703129 4
1 1082763703130 1
1 1082763703132 1
1 1082763703133 4
1 1082763703134 1
1 1082763703136 1
1 1082763703137 4
1 1082763703138 1
1 1082763703180 4
1 1082763703181 1
1 1082763703184 4
1 1082763703185 1
1 1082763703188 4
1 1082763703189 1
1 1082763703192 4
1 1082763703193 1
1 1082763703196 4
1 1082763703197 1
1 1082763703213 1
1 1082763703214 4
1 1082763703215 1
1 1082763703217 1
1 1082763703218 4
1 1082763703219 1
1 1082763703221 1
1 1082763703222 4
1 1082763703223 1
1 1082763703225 1
1 1082763703226 4
1 1082763703227 1
1 1082763703229 1
1 1082763703230 4
1 1082763703231 1
1 1082763703233 1
1 1082763703234 4
1 1082763703235 1
1 1082763703276 1
1 1082763703277 4
1 1082763703278 1
1 1082763703280 1
1 1082763703281 4
1 1082763703282 1
1 1082763703284 1
1 1082763703285 4
1 1082763703286 1
1 1082763703288 1
1 1082763703289 4
1 1082763703290 1
1 1082763703292 1
1 1082763703293 4
1 1082763703294 1
1 1082763703296 1
1 1082763703297 4
1 1082763703298 1
1 1082763703340 4
1 1082763703341 1
1 1082763703344 4
1 1082763703345 1
1 1082763703348 4
1 1082763703349 1
1 1082763703352 4
1 1082763703353 1
1 1082763703356 4
1 1082763703357 1
1 1082763703360 4
1 1082763703361 1
1 1082763703390 1
1 1082763703391 1
1 1082763703394 1
1 1082763703395 1
1 1082763703398 1
1 1082763703399 1
1 1082763703402 1
1 1082763703403 1
1 1082763703406 1
1 1082763703407 1
1 1082763703410 1
1 1082763703411 1
1 1082763703453 1
1 1082763703454 4
1 1082763703455 1
1 1082763703457 1
1 1082763703458 4
1 1082763703459 1
1 1082763703461 1
1 1082763703462 4
1 1082763703463 1
1 1082763703465 1
1 1082763703466 4
1 1082763703467 1
1 1082763703469 1
1 1082763703470 4
1 1082763703471 1
1 1082763703473 1
1 1082763703474 4
1 1082763703475 1
1 1082763703516 1
1 1082763703517 4
1 1082763703518 1
1 1082763703520 1
1 1082763703521 4
1 1082763703522 1
1 1082763703524 1
1 1082763703525 4
1 1082763703526 1
1 1082763703528 1
1 1082763703529 4
1 1082763703530 1
1 1082763703532 1
1 1082763703533 4
1 1082763703534 1
1 1082763703536 1
1 1082763703537 4
1 1082763703538 1
1 1082763703580 4
1 1082763703581 1
1 1082763703584 4
1 1082763703585 1
1 1082763703588 4
1 1082763703589 1
1 1082763703592 4
1 1082763703593 1
1 1082763703596 4
1 1082763703597 1
1 1082763703613 1
1 1082763703614 4
1 1082763703615 1
1 1082763703617 1
1 1082763703618 4
1 1082763703619 1
1 1082763703621 1
1 1082763703622 4
1 1082763703623 1
1 1082763703625 1
1 1082763703626 4
1 1082763703627 1
1 1082763703629 1
1 1082763703630 4
1 1082763703631 1
1 1082763703633 1
1 1082763703634 4
1 1082763703635 1
1 1082763703676 1
1 1082763703677 4
1 1082763703678 1
1 1082763703680 1
1 1082763703681 4
1 1082763703682 1
1 1082763703684 1
1 1082763703685 4
1 1082763703686 1
1 1082763703688 1
1 1082763703689 4
1 1082763703690 1
1 1082763703692 1
1 1082763703693 4
1 1082763703694 1
1 1082763703696 1
1 1082763703697 4
1 1082763703698 1
1 1082763703740 4
1 1082763703741 1
1 1082763703744 4
1 1082763703745 1
1 1082763703748 4
1 1082763703749 1
1 1082763703752 4
1 1082763703753 1
1 1082763703756 4
1 1082763703757 1
1 1082763703760 4
1 1082763703761 1
1 1082763703790 1
1 1082763703791 1
1 1082763703794 1
1 1082763703795 1
1 1082763703798 1
1 1082763703799 1
1 1082763703802 1
1 1082763703803 1
1 1082763703806 1
1 1082763703807 1
1 1082763703810 1
1 1082763703811 1
1 1082763703853 1
1 1082763703854 4
1 1082763703855 1
1 1082763703857 1
1 1082763703858 4
1 1082763703859 1
1 1082763703861 1
1 1082763703862 4
1 1082763703863 1
1 1082763703865 1
1 1082763703866 4
1 1082763703867 1
1 1082763703869 1
1 1082763703870 4
1 1082763703871 1
1 1082763703873 1
1 1082763703874 4
1 1082763703875 1
1 1082763703916 1
1 1082763703917 4
1 1082763703918 1
1 1082763703920 1
1 1082763703921 4
1 1082763703922 1
1 1082763703924 1
1 1082763703925 4
1 1082763703926 1
1 1082763703928 1
1 1082763703929 4
1 1082763703930 1
1 1082763703932 1
1 1082763703933 4
1 1082763703934 1
1 1082763703936 1
1 1082763703937 4
1 1082763703938 1
1 1082763703980 4
1 1082763703981 1
1 1082763703984 4
1 1082763703985 1
1 1082763703988 4
1 1082763703989 1
1 1082763703992 4
1 1082763703993 1
1 1082763703996 4
1 1082763703997 1
1 1082763704013 1
1 1082763704014 4
1 1082763704015 1
1 1082763704017 1
1 1082763704018 4
1 1082763704019 1
1 1082763704021 1
1 1082763704022 4
1 1082763704023 1
1 1082763704025 1
1 1082763704026 4
1 1082763704027 1
1 1082763704029 1
1 1082763704030 4
1 1082763704031 1
1 1082763704033 1
1 1082763704034 4
1 1082763704035 1
1 1082763704076 1
1 1082763704077 4
1 1082763704078 1
1 1082763704080 1
1 1082763704081 4
1 1082763704082 1
1 1082763704084 1
1 1082763704085 4
1 1082763704086 1
1 1082763704088 1
1 1082763704089 4
1 1082763704090 1
1 1082763704092 1
1 1082763704093 4
1 1082763704094 1
1 1082763704096 1
1 1082763704097 4
1 1082763704098 1
1 1082763704140 4
1 1082763704141 1
1 1082763704144 4
1 1082763704145 1
1 1082763704148 4
1 1082763704149 1
1 1082763704152 4
1 1082763704153 1
1 1082763704156 4
1 1082763704157 1
1 1082763704160 4
1 1082763704161 1
1 1082763704190 1
1 1082763704191 1
1 1082763704194 1
1 1082763704195 1
1 1082763704198 1
1 1082763704199 1
1 1082763704202 1
1 1082763704203 1
1 1082763704206 1
1 1082763704207 1
1 1082763704210 1
1 1082763704211 1
1 1082763704253 1
1 1082763704254 4
1 1082763704255 1
1 1082763704257 1
1 1082763704258 4
1 1082763704259 1
1 1082763704261 1
1 1082763704262 4
1 1082763704263 1
1 1082763704265 1
1 1082763704266 4
1 1082763704267 1
1 1082763704269 1
1 1082763704270 4
1 1082763704271 1
1 1082763704273 1
1 1082763704274 4
1 1082763704275 1
1 1082763704316 1
1 1082763704317 4
1 1082763704318 1
1 1082763704320 1
1 1082763704321 4
1 1082763704322 1
1 1082763704324 1
1 1082763704325 4
1 1082763704326 1
1 1082763704328 1
1 1082763704329 4
1 1082763704330 1
1 1082763704332 1
1 1082763704333 4
1 1082763704334 1
1 1082763704336 1
1 1082763704337 4
1 1082763704338 1
1 1082763704380 4
1 1082763704381 1
1 1082763704384 4
1 1082763704385 1
1 1082763704388 4
1 1082763704389 1
1 1082763704392 4
1 1082763704393 1
1 1082763704396 4
1 1082763704397 1
1 1082763704413 1
1 1082763704414 4
1 1082763704415 1
1 1082763704417 1
1 1082763704418 4
1 1082763704419 1
1 1082763704421 1
1 1082763704422 4
1 1082763704423 1
1 1082763704425 1
1 1082763704426 4
1 1082763704427 1
1 1082763704429 1
1 1082763704430 4
1 1082763704431 1
1 1082763704433 1
1 1082763704434 4
1 1082763704435 1
1 1082763704476 1
1 1082763704477 4
1 1082763704478 1
1 1082763704480 1
1 1082763704481 4
1 1082763704482 1
1 1082763704484 1
1 1082763704485 4
1 1082763704486 1
1 1082763704488 1
1 1082763704489 4
1 1082763704490 1
1 1082763704492 1
1 1082763704493 4
1 1082763704494 1
1 1082763704496 1
1 1082763704497 4
1 1082763704498 1
1 1082763704540 4
1 1082763704541 1
1 1082763704544 4
1 1082763704545 1
1 1082763704548 4
1 1082763704549 1
1 1082763704552 4
1 1082763704553 1
1 1082763704556 4
1 1082763704557 1
1 1082763704560 4
1 1082763704561 1
1 1082763704590 1
1 1082763704591 1
1 1082763704594 1
1 1082763704595 1
1 1082763704598 1
1 1082763704599 1
1 1082763704602 1
1 1082763704603 1
1 1082763704606 1
1 1082763704607 1
1 1082763704610 1
1 1082763704611 1
1 1082763704653 1
1 1082763704654 4
1 1082763704655 1
1 1082763704657 1
1 1082763704658 4
1 1082763704659 1
1 1082763704661 1
1 1082763704662 4
1 1082763704663 1
1 1082763704665 1
1 1082763704666 4
1 1082763704667 1
1 1082763704669 1
1 1082763704670 4
1 1082763704671 1
1 1082763704673 1
1 1082763704674 4
1 1082763704675 1
1 1082763704716 1
1 1082763704717 4
1 1082763704718 1
1 1082763704720 1
1 1082763704721 4
1 1082763704722 1
1 1082763704724 1
1 1082763704725 4
1 1082763704726 1
1 1082763704728 1
1 1082763704729 4
1 1082763704730 1
1 1082763704732 1
1 1082763704733 4
1 1082763704734 1
1 1082763704736 1
1 1082763704737 4
1 1082763704738 1
1 1082763704780 4
1 1082763704781 1
1 1082763704784 4
1 1082763704785 1
1 1082763704788 4
1 1082763704789 1
1 1082763704792 4
1 1082763704793 1
1 1082763704796 4
1 1082763704797 1
1 1082763704813 1
1 1082763704814 4
1 1082763704815 1
1 1082763704817 1
1 1082763704818 4
1 1082763704819 1
1 1082763704821 1
1 1082763704822 4
1 1082763704823 1
1 1082763704825 1
1 1082763704826 4
1 1082763704827 1
1 1082763704829 1
1 1082763704830 4
1 1082763704831 1
1 1082763704833 1
1 1082763704834 4
1 1082763704835 1
1 1082763704876 1
1 1082763704877 4
1 1082763704878 1
1 1082763704880 1
1 1082763704881 4
1 1082763704882 1
1 1082763704884 1
1 1082763704885 4
1 1082763704886 1
1 1082763704888 1
1 1082763704889 4
1 1082763704890 1
1 1082763704892 1
1 1082763704893 4
1 1082763704894 1
1 1082763704896 1
1 1082763704897 4
1 1082763704898 1
1 1082763704940 4
1 1082763704941 1
1 1082763704944 4
1 1082763704945 1
1 1082763704948 4
1 1082763704949 1
1 1082763704952 4
1 1082763704953 1
1 1082763704956 4
1 1082763704957 1
1 1082763704960 4
1 1082763704961 1
1 1082763704990 1
1 1082763704991 1
1 1082763704994 1
1 1082763704995 1
1 1082763704998 1
1 1082763704999 1
1 1082763705002 1
1 1082763705003 1
1 1082763705006 1
1 1082763705007 1
1 1082763705010 1
1 1082763705011 1
1 1082763705053 1
1 1082763705054 4
1 1082763705055 1
1 1082763705057 1
1 1082763705058 4
1 1082763705059 1
1 1082763705061 1
1 1082763705062 4
1 1082763705063 1
1 1082763705065 1
1 1082763705066 4
1 1082763705067 1
1 1082763705069 1
1 1082763705070 4
1 1082763705071 1
1 1082763705073 1
1 1082763705074 4
1 1082763705075 1
1 1082763705116 1
1 1082763705117 4
1 1082763705118 1
1 1082763705120 1
1 1082763705121 4
1 1082763705122 1
1 1082763705124 1
1 1082763705125 4
1 1082763705126 1
1 1082763705128 1
1 1082763705129 4
1 1082763705130 1
1 1082763705132 1
1 1082763705133 4
1 1082763705134 1
1 1082763705136 1
1 1082763705137 4
1 1082763705138 1
1 1082763705180 4
1 1082763705181 1
1 1082763705184 4
1 1082763705185 1
1 1082763705188 4
1 1082763705189 1
1 1082763705192 4
1 1082763705193 1
1 1082763705196 4
1 1082763705197 1
1 1082763705213 1
1 1082763705214 4
1 1082763705215 1
1 1082763705217 1
1 1082763705218 4
1 1082763705219 1
1 1082763705221 1
1 1082763705222 4
1 1082763705223 1
1 1082763705225 1
1 1082763705226 4
1 1082763705227 1
1 1082763705229 1
1 1082763705230 4
1 1082763705231 1
1 1082763705233 1
1 1082763705234 4
1 1082763705235 1
1 1082763705276 1
1 1082763705277 4
1 1082763705278 1
1 1082763705280 1
1 1082763705281 4
1 1082763705282 1
1 1082763705284 1
1 1082763705285 4
1 1082763705286 1
1 1082763705288 1
1 1082763705289 4
1 1082763705290 1
1 1082763705292 1
1 1082763705293 4
1 1082763705294 1
1 1082763705296 1
1 1082763705297 4
1 1082763705298 1
1 1082763705340 4
1 1082763705341 1
1 1082763705344 4
1 1082763705345 1
1 1082763705348 4
1 1082763705349 1
1 1082763705352 4
1 1082763705353 1
1 1082763705356 4
1 1082763705357 1
1 1082763705360 4
1 1082763705361 1
1 1082763705390 1
1 1082763705391 1
1 1082763705394 1
1 1082763705395 1
1 1082763705398 1
1 1082763705399 1
1 1082763705402 1
1 1082763705403 1
1 1082763705406 1
1 1082763705407 1
1 1082763705410 1
1 1082763705411 1
1 1082763705453 1
1 1082763705454 4
1 1082763705455 1
1 1082763705457 1
1 1082763705458 4
1 1082763705459 1
1 1082763705461 1
1 1082763705462 4
1 1082763705463 1
1 1082763705465 1
1 1082763705466 4
1 1082763705467 1
1 1082763705469 1
1 1082763705470 4
1 1082763705471 1
1 1082763705473 1
1 1082763705474 4
1 1082763705475 1
1 1082763705516 1
1 1082763705517 4
1 1082763705518 1
1 1082763705520 1
1 1082763705521 4
1 1082763705522 1
1 1082763705524 1
1 1082763705525 4
1 1082763705526 1
1 1082763705528 1
1 1082763705529 4
1 1082763705530 1
1 1082763705532 1
1 1082763705533 4
1 1082763705534 1
1 1082763705536 1
1 1082763705537 4
1 1082763705538 1
1 1082763705580 4
1 1082763705581 1
1 1082763705584 4
1 1082763705585 1
1 1082763705588 4
1 1082763705589 1
1 1082763705592 4
1 1082763705593 1
1 1082763705596 4
1 1082763705597 1
1 1082763705613 1
1 1082763705614 4
1 1082763705615 1
1 1082763705617 1
1 1082763705618 4
1 1082763705619 1
1 1082763705621 1
1 1082763705622 4
1 1082763705623 1
1 1082763705625 1
1 1082763705626 4
1 1082763705627 1
1 1082763705629 1
1 1082763705630 4
1 1082763705631 1
1 1082763705633 1
1 1082763705634 4
1 1082763705635 1
1 1082763705676 1
1 1082763705677 4
1 1082763705678 1
1 1082763705680 1
1 1082763705681 4
1 1082763705682 1
1 1082763705684 1
1 1082763705685 4
1 1082763705686 1
1 1082763705688 1
1 1082763705689 4
1 1082763705690 1
1 1082763705692 1
1 1082763705693 4
1 1082763705694 1
1 1082763705696 1
1 1082763705697 4
1 1082763705698 1
1 1082763705740 4
1 1082763705741 1
1 1082763705744 4
1 1082763705745 1
1 1082763705748 4
1 1082763705749 1
1 1082763705752 4
1 1082763705753 1
1 1082763705756 4
1 1082763705757 1
1 1082763705760 4
1 1082763705761 1
1 1082763705790 1
1 1082763705791 1
1 1082763705794 1
1 1082763705795 1
1 1082763705798 1
1 1082763705799 1
1 1082763705802 1
1 1082763705803 1
1 1082763705806 1
1 1082763705807 1
1 1082763705810 1
1 1082763705811 1
1 1082763705853 1
1 1082763705854 4
1 1082763705855 1
1 1082763705857 1
1 1082763705858 4
1 1082763705859 1
1 1082763705861 1
1 1082763705862 4
1 1082763705863 1
1 1082763705865 1
1 1082763705866 4
1 1082763705867 1
1 1082763705869 1
1 1082763705870 4
1 1082763705871 1
1 1082763705873 1
1 1082763705874 4
1 1082763705875 1
1 1082763705916 1
1 1082763705917 4
1 1082763705918 1
1 1082763705920 1
1 1082763705921 4
1 1082763705922 1
1 1082763705924 1
1 1082763705925 4
1 1082763705926 1
1 1082763705928 1
1 1082763705929 4
1 1082763705930 1
1 1082763705932 1
1 1082763705933 4
1 1082763705934 1
1 1082763705936 1
1 1082763705937 4
1 1082763705938 1
1 1082763705980 4
1 1082763705981 1
1 1082763705984 4
1 1082763705985 1
1 1082763705988 4
1 1082763705989 1
1 1082763705992 4
1 1082763705993 1
1 1082763705996 4
1 1082763705997 1
1 1082763706013 1
1 1082763706014 4
1 1082763706015 1
1 1082763706017 1
1 1082763706018 4
1 1082763706019 1
1 1082763706021 1
1 1082763706022 4
1 1082763706023 1
1 1082763706025 1
1 1082763706026 4
1 1082763706027 1
1 1082763706029 1
1 1082763706030 4
1 1082763706031 1
1 1082763706033 1
1 1082763706034 4
1 1082763706035 1
1 1082763706076 1
1 1082763706077 4
1 1082763706078 1
1 1082763706080 1
1 1082763706081 4
1 1082763706082 1
1 1082763706084 1
1 1082763706085 4
1 1082763706086 1
1 1082763706088 1
1 1082763706089 4
1 1082763706090 1
1 1082763706092 1
1 1082763706093 4
1 1082763706094 1
1 1082763706096 1
1 1082763706097 4
1 1082763706098 1
1 1082763706140 4
1 1082763706141 1
1 1082763706144 4
1 1082763706145 1
1 1082763706148 4
1 1082763706149 1
1 1082763706152 4
1 1082763706153 1
1 1082763706156 4
1 1082763706157 1
1 1082763706160 4
1 1082763706161 1
1 1082763706190 1
1 1082763706191 1
1 1082763706194 1
1 1082763706195 1
1 1082763706198 1
1 1082763706199 1
1 1082763706202 1
1 1082763706203 1
1 1082763706206 1
1 1082763706207 1
1 1082763706210 1
1 1082763706211 1
1 1082763706253 1
1 1082763706254 4
1 1082763706255 1
1 1082763706257 1
1 1082763706258 4
1 1082763706259 1
1 1082763706261 1
1 1082763706262 4
1 1082763706263 1
1 1082763706265 1
1 1082763706266 4
1 1082763706267 1
1 1082763706269 1
1 1082763706270 4
1 1082763706271 1
1 1082763706273 1
1 1082763706274 4
1 1082763706275 1
1 1082763706316 1
1 1082763706317 4
1 1082763706318 1
1 1082763706320 1
1 1082763706321 4
1 1082763706322 1
1 1082763706324 1
1 1082763706325 4
1 1082763706326 1
1 1082763706328 1
1 1082763706329 4
1 1082763706330 1
1 1082763706332 1
1 1082763706333 4
1 1082763706334 1
1 1082763706336 1
1 1082763706337 4
1 1082763706338 1
1 1082763706380 4
1 1082763706381 1
1 1082763706384 4
1 1082763706385 1
1 1082763706388 4
1 1082763706389 1
1 1082763706392 4
1 1082763706393 1
1 1082763706396 4
1 1082763706397 1
1 1082763706413 1
1 1082763706414 4
1 1082763706415 1
1 1082763706417 1
1 1082763706418 4
1 1082763706419 1
1 1082763706421 1
1 1082763706422 4
1 1082763706423 1
1 1082763706425 1
1 1082763706426 4
1 1082763706427 1
1 1082763706429 1
1 1082763706430 4
1 1082763706431 1
1 1082763706433 1
1 1082763706434 4
1 1082763706435 1
1 1082763706476 1
1 1082763706477 4
1 1082763706478 1
1 1082763706480 1
1 1082763706481 4
1 1082763706482 1
1 1082763706484 1
1 1082763706485 4
1 1082763706486 1
1 1082763706488 1
1 1082763706489 4
1 1082763706490 1
1 1082763706492 1
1 1082763706493 4
1 1082763706494 1
1 1082763706496 1
1 1082763706497 4
1 1082763706498 1
1 1082763706540 4
1 1082763706541 1
1 1082763706544 4
1 1082763706545 1
1 1082763706548 4
1 1082763706549 1
1 1082763706552 4
1 1082763706553 1
1 1082763706556 4
1 1082763706557 1
1 1082763706560 4
1 1082763706561 1
1 1082763706590 1
1 1082763706591 1
1 1082763706594 1
1 1082763706595 1
1 1082763706598 1
1 1082763706599 1
1 1082763706602 1
1 1082763706603 1
1 1082763706606 1
1 1082763706607 1
1 1082763706610 1
1 1082763706611 1
1 1082763706653 1
1 1082763706654 4
1 1082763706655 1
1 1082763706657 1
1 1082763706658 4
1 1082763706659 1
1 1082763706661 1
1 1082763706662 4
1 1082763706663 1
1 1082763706665 1
1 1082763706666 4
1 1082763706667 1
1 1082763706669 1
1 1082763706670 4
1 1082763706671 1
1 1082763706673 1
1 1082763706674 4
1 1082763706675 1
1 1082763706716 1
1 1082763706717 4
1 1082763706718 1
1 1082763706720 1
1 1082763706721 4
1 1082763706722 1
1 1082763706724 1
1 1082763706725 4
1 1082763706726 1
1 1082763706728 1
1 1082763706729 4
1 1082763706730 1
1 1082763706732 1
1 1082763706733 4
1 1082763706734 1
1 1082763706736 1
1 1082763706737 4
1 1082763706738 1
1 1082763706780 4
1 1082763706781 1
1 1082763706784 4
1 1082763706785 1
1 1082763706788 4
1 1082763706789 1
1 1082763706792 4
1 1082763706793 1
1 1082763706796 4
1 1082763706797 1
1 1082763706813 1
1 1082763706814 4
1 1082763706815 1
1 1082763706817 1
1 1082763706818 4
1 1082763706819 1
1 1082763706821 1
1 1082763706822 4
1 1082763706823 1
1 1082763706825 1
1 1082763706826 4
1 1082763706827 1
1 1082763706829 1
1 1082763706830 4
1 1082763706831 1
1 1082763706833 1
1 1082763706834 4
1 1082763706835 1
1 1082763706876 1
1 1082763706877 4
1 1082763706878 1
1 1082763706880 1
1 1082763706881 4
1 1082763706882 1
1 1082763706884 1
1 1082763706885 4
1 1082763706886 1
1 1082763706888 1
1 1082763706889 4
1 1082763706890 1
1 1082763706892 1
1 1082763706893 4
1 1082763706894 1
1 1082763706896 1
1 1082763706897 4
1 1082763706898 1
1 1082763706940 4
1 1082763706941 1
1 1082763706944 4
1 1082763706945 1
1 1082763706948 4
1 1082763706949 1
1 1082763706952 4
1 1082763706953 1
1 1082763706956 4
1 1082763706957 1
1 1082763706960 4
1 1082763706961 1
1 1082763706990 1
1 1082763706991 1
1 1082763706994 1
1 1082763706995 1
1 1082763706998 1
1 1082763706999 1
1 1082763707002 1
1 1082763707003 1
1 1082763707006 1
1 1082763707007 1
1 1082763707010 1
1 1082763707011 1
1 1082763707053 1
1 1082763707054 4
1 1082763707055 1
1 1082763707057 1
1 1082763707058 4
1 1082763707059 1
1 1082763707061 1
1 1082763707062 4
1 1082763707063 1
1 1082763707065 1
1 1082763707066 4
1 1082763707067 1
1 1082763707069 1
1 1082763707070 4
1 1082763707071 1
1 1082763707073 1
1 1082763707074 4
1 1082763707075 1
1 1082763707116 1
1 1082763707117 4
1 1082763707118 1
1 1082763707120 1
1 1082763707121 4
1 1082763707122 1
1 1082763707124 1
1 1082763707125 4
1 1082763707126 1
1 1082763707128 1
1 1082763707129 4
1 1082763707130 1
1 1082763707132 1
1 1082763707133 4
1 1082763707134 1
1 1082763707136 1
1 1082763707137 4
1 1082763707138 1
1 1082763707180 4
1 1082763707181 1
1 1082763707184 4
1 1082763707185 1
1 1082763707188 4
1 1082763707189 1
1 1082763707192 4
1 1082763707193 1
1 1082763707196 4
1 1082763707197 1
1 1082763707213 1
1 1082763707214 4
1 1082763707215 1
1 1082763707217 1
1 1082763707218 4
1 1082763707219 1
1 1082763707221 1
1 1082763707222 4
1 1082763707223 1
1 1082763707225 1
1 1082763707226 4
1 1082763707227 1
1 1082763707229 1
1 1082763707230 4
1 1082763707231 1
1 1082763707233 1
1 1082763707234 4
1 1082763707235 1
1 1082763707276 1
1 1082763707277 4
1 1082763707278 1
1 1082763707280 1
1 1082763707281 4
1 1082763707282 1
1 1082763707284 1
1 1082763707285 4
1 1082763707286 1
1 1082763707288 1
1 1082763707289 4
1 1082763707290 1
1 1082763707292 1
1 1082763707293 4
1 1082763707294 1
1 1082763707296 1
1 1082763707297 4
1 1082763707298 1
1 1082763707340 4
1 1082763707341 1
1 1082763707344 4
1 1082763707345 1
1 1082763707348 4
1 1082763707349 1
1 1082763707352 4
1 1082763707353 1
1 1082763707356 4
1 1082763707357 1
1 1082763707360 4
1 1082763707361 1
1 1082763707390 1
1 1082763707391 1
1 1082763707394 1
1 1082763707395 1
1 1082763707398 1
1 1082763707399 1
1 1082763707402 1
1 1082763707403 1
1 1082763707406 1
1 1082763707407 1
1 1082763707410 1
1 1082763707411 1
1 1082763707453 1
1 1082763707454 4
1 1082763707455 1
1 1082763707457 1
1 1082763707458 4
1 1082763707459 1
1 1082763707461 1
1 1082763707462 4
1 1082763707463 1
1 1082763707465 1
1 1082763707466 4
1 1082763707467 1
1 1082763707469 1
1 1082763707470 4
1 1082763707471 1
1 1082763707473 1
1 1082763707474 4
1 1082763707475 1
1 1082763707516 1
1 1082763707517 4
1 1082763707518 1
1 1082763707520 1
1 1082763707521 4
1 1082763707522 1
1 1082763707524 1
1 1082763707525 4
1 1082763707526 1
1 1082763707528 1
1 1082763707529 4
1 1082763707530 1
1 1082763707532 1
1 1082763707533 4
1 1082763707534 1
1 1082763707536 1
1 1082763707537 4
1 1082763707538 1
1 1082763707580 4
1 1082763707581 1
1 1082763707584 4
1 1082763707585 1
1 1082763707588 4
1 1082763707589 1
1 1082763707592 4
1 1082763707593 1
1 1082763707596 4
1 1082763707597 1
1 1082763707613 1
1 1082763707614 4
1 1082763707615 1
1 1082763707617 1
1 1082763707618 4
1 1082763707619 1
1 1082763707621 1
1 1082763707622 4
1 1082763707623 1
1 1082763707625 1
1 1082763707626 4
1 1082763707627 1
1 1082763707629 1
1 1082763707630 4
1 1082763707631 1
1 1082763707633 1
1 1082763707634 4
1 1082763707635 1
1 1082763707676 1
1 1082763707677 4
1 1082763707678 1
1 1082763707680 1
1 1082763707681 4
1 1082763707682 1
1 1082763707684 1
1 1082763707685 4
1 1082763707686 1
1 1082763707688 1
1 1082763707689 4
1 1082763707690 1
1 1082763707692 1
1 1082763707693 4
1 1082763707694 1
1 1082763707696 1
1 1082763707697 4
1 1082763707698 1
1 1082763707740 4
1 1082763707741 1
1 1082763707744 4
1 1082763707745 1
1 1082763707748 4
1 1082763707749 1
1 1082763707752 4
1 1082763707753 1
1 1082763707756 4
1 1082763707757 1
1 1082763707760 4
1 1082763707761 1
1 1082763707790 1
1 1082763707791 1
1 1082763707794 1
1 1082763707795 1
1 1082763707798 1
1 1082763707799 1
1 1082763707802 1
1 1082763707803 1
1 1082763707806 1
1 1082763707807 1
1 1082763707810 1
1 1082763707811 1
1 1082763707853 1
1 1082763707854 4
1 1082763707855 1
1 1082763707857 1
1 1082763707858 4
1 1082763707859 1
1 1082763707861 1
1 1082763707862 4
1 1082763707863 1
1 1082763707865 1
1 1082763707866 4
1 1082763707867 1
1 1082763707869 1
1 1082763707870 4
1 1082763707871 1
1 1082763707873 1
1 1082763707874 4
1 1082763707875 1
1 1082763707916 1
1 1082763707917 4
1 1082763707918 1
1 1082763707920 1
1 1082763707921 4
1 1082763707922 1
1 1082763707924 1
1 1082763707925 4
1 1082763707926 1
1 1082763707928 1
1 1082763707929 4
1 1082763707930 1
1 1082763707932 1
1 1082763707933 4
1 1082763707934 1
1 1082763707936 1
1 1082763707937 4
1 1082763707938 1
1 1082763707980 4
1 1082763707981 1
1 1082763707984 4
1 1082763707985 1
1 1082763707988 4
1 1082763707989 1
1 1082763707992 4
1 1082763707993 1
1 1082763707996 4
1 1082763707997 1
1 1082763708013 1
1 1082763708014 4
1 1082763708015 1
1 1082763708017 1
1 1082763708018 4
1 1082763708019 1
1 1082763708021 1
1 1082763708022 4
1 1082763708023 1
1 1082763708025 1
1 1082763708026 4
1 1082763708027 1
1 1082763708029 1
1 1082763708030 4
1 1082763708031 1
1 1082763708033 1
1 1082763708034 4
1 1082763708035 1
1 1082763708076 1
1 1082763708077 4
1 1082763708078 1
1 1082763708080 1
1 1082763708081 4
1 1082763708082 1
1 1082763708084 1
1 1082763708085 4
1 1082763708086 1
1 1082763708088 1
1 1082763708089 4
1 1082763708090 1
1 1082763708092 1
1 1082763708093 4
1 1082763708094 1
1 1082763708096 1
1 1082763708097 4
1 1082763708098 1
1 1082763708140 4
1 1082763708141 1
1 1082763708144 4
1 1082763708145 1
1 1082763708148 4
1 1082763708149 1
1 1082763708152 4
1 1082763708153 1
1 1082763708156 4
1 1082763708157 1
1 1082763708160 4
1 1082763708161 1
1 1082763708190 1
1 1082763708191 1
1 1082763708194 1
1 1082763708195 1
1 1082763708198 1
1 1082763708199 1
1 1082763708202 1
1 1082763708203 1
1 1082763708206 1
1 1082763708207 1
1 1082763708210 1
1 1082763708211 1
1 1082763708253 1
1 1082763708254 4
1 1082763708255 1
1 1082763708257 1
1 1082763708258 4
1 1082763708259 1
1 1082763708261 1
1 1082763708262 4
1 1082763708263 1
1 1082763708265 1
1 1082763708266 4
1 1082763708267 1
1 1082763708269 1
1 1082763708270 4
1 1082763708271 1
1 1082763708273 1
1 1082763708274 4
1 1082763708275 1
1 1082763708316 1
1 1082763708317 4
1 1082763708318 1
1 1082763708320 1
1 1082763708321 4
1 1082763708322 1
1 1082763708324 1
1 1082763708325 4
1 1082763708326 1
1 1082763708328 1
1 1082763708329 4
1 1082763708330 1
1 1082763708332 1
1 1082763708333 4
1 1082763708334 1
1 1082763708336 1
1 1082763708337 4
1 1082763708338 1
1 1082763708380 4
1 1082763708381 1
1 1082763708384 4
1 1082763708385 1
1 1082763708388 4
1 1082763708389 1
1 1082763708392 4
1 1082763708393 1
1 1082763708396 4
1 1082763708397 1
1 1082763708413 1
1 1082763708414 4
1 1082763708415 1
1 1082763708417 1
1 1082763708418 4
1 1082763708419 1
1 1082763708421 1
1 1082763708422 4
1 1082763708423 1
1 1082763708425 1
1 1082763708426 4
1 1082763708427 1
1 1082763708429 1
1 1082763708430 4
1 1082763708431 1
1 1082763708433 1
1 1082763708434 4
1 1082763708435 1
1 1082763708476 1
1 1082763708477 4
1 1082763708478 1
1 1082763708480 1
1 1082763708481 4
1 1082763708482 1
1 1082763708484 1
1 1082763708485 4
1 1082763708486 1
1 1082763708488 1
1 1082763708489 4
1 1082763708490 1
1 1082763708492 1
1 1082763708493 4
1 1082763708494 1
1 1082763708496 1
1 1082763708497 4
1 1082763708498 1
1 1082763708540 4
1 1082763708541 1
1 1082763708544 4
1 1082763708545 1
1 1082763708548 4
1 1082763708549 1
1 1082763708552 4
1 1082763708553 1
1 1082763708556 4
1 1082763708557 1
1 1082763708560 4
1 1082763708561 1
1 1082763708590 1
1 1082763708591 1
1 1082763708594 1
1 1082763708595 1
1 1082763708598 1
1 1082763708599 1
1 1082763708602 1
1 1082763708603 1
1 1082763708606 1
1 1082763708607 1
1 1082763708610 1
1 1082763708611 1
1 1082763708653 1
1 1082763708654 4
1 1082763708655 1
1 1082763708657 1
1 1082763708658 4
1 1082763708659 1
1 1082763708661 1
1 1082763708662 4
1 1082763708663 1
1 1082763708665 1
1 1082763708666 4
1 1082763708667 1
1 1082763708669 1
1 1082763708670 4
1 1082763708671 1
1 1082763708673 1
1 1082763708674 4
1 1082763708675 1
1 1082763708716 1
1 1082763708717 4
1 1082763708718 1
1 1082763708720 1
1 1082763708721 4
1 1082763708722 1
1 1082763708724 1
1 1082763708725 4
1 1082763708726 1
1 1082763708728 1
1 1082763708729 4
1 1082763708730 1
1 1082763708732 1
1 1082763708733 4
1 1082763708734 1
1 1082763708736 1
1 1082763708737 4
1 1082763708738 1
1 1082763708780 4
1 1082763708781 1
1 1082763708784 4
1 1082763708785 1
1 1082763708788 4
1 1082763708789 1
1 1082763708792 4
1 1082763708793 1
1 1082763708796 4
1 1082763708797 1
1 1082763708813 1
1 1082763708814 4
1 1082763708815 1
1 1082763708817 1
1 1082763708818 4
1 1082763708819 1
1 1082763708821 1
1 1082763708822 4
1 1082763708823 1
1 1082763708825 1
1 1082763708826 4
1 1082763708827 1
1 1082763708829 1
1 1082763708830 4
1 1082763708831 1
1 1082763708833 1
1 1082763708834 4
1 1082763708835 1
1 1082763708876 1
1 1082763708877 4
1 1082763708878 1
1 1082763708880 1
1 1082763708881 4
1 1082763708882 1
1 1082763708884 1
1 1082763708885 4
1 1082763708886 1
1 1082763708888 1
1 1082763708889 4
1 1082763708890 1
1 1082763708892 1
1 1082763708893 4
1 1082763708894 1
1 1082763708896 1
1 1082763708897 4
1 1082763708898 1
1 1082763708940 4
1 1082763708941 1
1 1082763708944 4
1 1082763708945 1
1 1082763708948 4
1 1082763708949 1
1 1082763708952 4
1 1082763708953 1
1 1082763708956 4
1 1082763708957 1
1 1082763708960 4
1 1082763708961 1
1 1082763708990 1
1 1082763708991 1
1 1082763708994 1
1 1082763708995 1
1 1082763708998 1
1 1082763708999 1
1 1082763709002 1
1 1082763709003 1
1 1082763709006 1
1 1082763709007 1
1 1082763709010 1
1 1082763709011 1
1 1082763709053 1
1 1082763709054 4
1 1082763709055 1
1 1082763709057 1
1 1082763709058 4
1 1082763709059 1
1 1082763709061 1
1 1082763709062 4
1 1082763709063 1
1 1082763709065 1
1 1082763709066 4
1 1082763709067 1
1 1082763709069 1
1 1082763709070 4
1 1082763709071 1
1 1082763709073 1
1 1082763709074 4
1 1082763709075 1
1 1082763709116 1
1 1082763709117 4
1 1082763709118 1
1 1082763709120 1
1 1082763709121 4
1 1082763709122 1
1 1082763709124 1
1 1082763709125 4
1 1082763709126 1
1 1082763709128 1
1 1082763709129 4
1 1082763709130 1
1 1082763709132 1
1 1082763709133 4
1 1082763709134 1
1 1082763709136 1
1 1082763709137 4
1 1082763709138 1
1 1082763709180 4
1 1082763709181 1
1 1082763709184 4
1 1082763709185 1
1 1082763709188 4
1 1082763709189 1
1 1082763709192 4
1 1082763709193 1
1 1082763709196 4
1 1082763709197 1
1 1082763709213 1
1 1082763709214 4
1 1082763709215 1
1 1082763709217 1
1 1082763709218 4
1 1082763709219 1
1 1082763709221 1
1 1082763709222 4
1 1082763709223 1
1 1082763709225 1
1 1082763709226 4
1 1082763709227 1
1 1082763709229 1
1 1082763709230 4
1 1082763709231 1
1 1082763709233 1
1 1082763709234 4
1 1082763709235 1
1 1082763709276 1
1 1082763709277 4
1 1082763709278 1
1 1082763709280 1
1 1082763709281 4
1 1082763709282 1
1 1082763709284 1
1 1082763709285 4
1 1082763709286 1
1 1082763709288 1
1 1082763709289 4
1 1082763709290 1
1 1082763709292 1
1 1082763709293 4
1 1082763709294 1
1 1082763709296 1
1 1082763709297 4
1 1082763709298 1
1 1082763709340 4
1 1082763709341 1
1 1082763709344 4
1 1082763709345 1
1 1082763709348 4
1 1082763709349 1
1 1082763709352 4
1 1082763709353 1
1 1082763709356 4
1 1082763709357 1
1 1082763709360 4
1 1082763709361 1
1 1082763709390 1
1 1082763709391 1
1 1082763709394 1
1 1082763709395 1
1 1082763709398 1
1 1082763709399 1
1 1082763709402 1
1 1082763709403 1
1 1082763709406 1
1 1082763709407 1
1 1082763709410 1
1 1082763709411 1
1 1082763709453 1
1 1082763709454 4
1 1082763709455 1
1 1082763709457 1
1 1082763709458 4
1 1082763709459 1
1 1082763709461 1
1 1082763709462 4
1 1082763709463 1
1 1082763709465 1
1 1082763709466 4
1 1082763709467 1
1 1082763709469 1
1 1082763709470 4
1 1082763709471 1
1 1082763709473 1
1 1082763709474 4
1 1082763709475 1
1 1082763709516 1
1 1082763709517 4
1 1082763709518 1
1 1082763709520 1
1 1082763709521 4
1 1082763709522 1
1 1082763709524 1
1 1082763709525 4
1 1082763709526 1
1 1082763709528 1
1 1082763709529 4
1 1082763709530 1
1 1082763709532 1
1 1082763709533 4
1 1082763709534 1
1 1082763709536 1
1 1082763709537 4
1 1082763709538 1
1 1082763709580 4
1 1082763709581 1
1 1082763709584 4
1 1082763709585 1
1 1082763709588 4
1 1082763709589 1
1 1082763709592 4
1 1082763709593 1
1 1082763709596 4
1 1082763709597 1
1 1082763709613 1
1 1082763709614 4
1 1082763709615 1
1 1082763709617 1
1 1082763709618 4
1 1082763709619 1
1 1082763709621 1
1 1082763709622 4
1 1082763709623 1
1 1082763709625 1
1 1082763709626 4
1 1082763709627 1
1 1082763709629 1
1 1082763709630 4
1 1082763709631 1
1 1082763709633 1
1 1082763709634 4
1 1082763709635 1
1 1082763709676 1
1 1082763709677 4
1 1082763709678 1
1 1082763709680 1
1 1082763709681 4
1 1082763709682 1
1 1082763709684 1
1 1082763709685 4
1 1082763709686 1
1 1082763709688 1
1 1082763709689 4
1 1082763709690 1
1 1082763709692 1
1 1082763709693 4
1 1082763709694 1
1 1082763709696 1
1 1082763709697 4
1 1082763709698 1
1 1082763709740 4
1 1082763709741 1
1 1082763709744 4
1 1082763709745 1
1 1082763709748 4
1 1082763709749 1
1 1082763709752 4
1 1082763709753 1
1 1082763709756 4
1 1082763709757 1
1 1082763709760 4
1 1082763709761 1
1 1082763709790 1
1 1082763709791 1
1 1082763709794 1
1 1082763709795 1
1 1082763709798 1
1 1082763709799 1
1 1082763709802 1
1 1082763709803 1
1 1082763709806 1
1 1082763709807 1
1 1082763709810 1
1 1082763709811 1
1 1082763709853 1
1 1082763709854 4
1 1082763709855 1
1 1082763709857 1
1 1082763709858 4
1 1082763709859 1
1 1082763709861 1
1 1082763709862 4
1 1082763709863 1
1 1082763709865 1
1 1082763709866 4
1 1082763709867 1
1 1082763709869 1
1 1082763709870 4
1 1082763709871 1
1 1082763709873 1
1 1082763709874 4
1 1082763709875 1
1 1082763709916 1
1 1082763709917 4
1 1082763709918 1
1 1082763709920 1
1 1082763709921 4
1 1082763709922 1
1 1082763709924 1
1 1082763709925 4
1 1082763709926 1
1 1082763709928 1
1 1082763709929 4
1 1082763709930 1
1 1082763709932 1
1 1082763709933 4
1 1082763709934 1
1 1082763709936 1
1 1082763709937 4
1 1082763709938 1
1 1082763709980 4
1 1082763709981 1
1 1082763709984 4
1 1082763709985 1
1 1082763709988 4
1 1082763709989 1
1 1082763709992 4
1 1082763709993 1
1 1082763709996 4
1 1082763709997 1
1 1082763710013 1
1 1082763710014 4
1 1082763710015 1
1 1082763710017 1
1 1082763710018 4
1 1082763710019 1
1 1082763710021 1
1 1082763710022 4
1 1082763710023 1
1 1082763710025 1
1 1082763710026 4
1 1082763710027 1
1 1082763710029 1
1 1082763710030 4
1 1082763710031 1
1 1082763710033 1
1 1082763710034 4
1 1082763710035 1
1 1082763710076 1
1 1082763710077 4
1 1082763710078 1
1 1082763710080 1
1 1082763710081 4
1 1082763710082 1
1 1082763710084 1
1 1082763710085 4
1 1082763710086 1
1 1082763710088 1
1 1082763710089 4
1 1082763710090 1
1 1082763710092 1
1 1082763710093 4
1 1082763710094 1
1 1082763710096 1
1 1082763710097 4
1 1082763710098 1
1 1082763710140 4
1 1082763710141 1
1 1082763710144 4
1 1082763710145 1
1 1082763710148 4
1 1082763710149 1
1 1082763710152 4
1 1082763710153 1
1 1082763710156 4
1 1082763710157 1
1 1082763710160 4
1 1082763710161 1
1 1082763710190 1
1 1082763710191 1
1 1082763710194 1
1 1082763710195 1
1 1082763710198 1
1 1082763710199 1
1 1082763710202 1
1 1082763710203 1
1 1082763710206 1
1 1082763710207 1
1 1082763710210 1
1 1082763710211 1
1 1082763710253 1
1 1082763710254 4
1 1082763710255 1
1 1082763710257 1
1 1082763710258 4
1 1082763710259 1
1 1082763710261 1
1 1082763710262 4
1 1082763710263 1
1 1082763710265 1
1 1082763710266 4
1 1082763710267 1
1 1082763710269 1
1 1082763710270 4
1 1082763710271 1
1 1082763710273 1
1 1082763710274 4
1 1082763710275 1
1 1082763710316 1
1 1082763710317 4
1 1082763710318 1
1 1082763710320 1
1 1082763710321 4
1 1082763710322 1
1 1082763710324 1
1 1082763710325 4
1 1082763710326 1
1 1082763710328 1
1 1082763710329 4
1 1082763710330 1
1 1082763710332 1
1 1082763710333 4
1 1082763710334 1
1 1082763710336 1
1 1082763710337 4
1 1082763710338 1
1 1082763710380 4
1 1082763710381 1
1 1082763710384 4
1 1082763710385 1
1 1082763710388 4
1 1082763710389 1
1 1082763710392 4
1 1082763710393 1
1 1082763710396 4
1 1082763710397 1
1 1082763710413 1
1 1082763710414 4
1 1082763710415 1
1 1082763710417 1
1 1082763710418 4
1 1082763710419 1
1 1082763710421 1
1 1082763710422 4
1 1082763710423 1
1 1082763710425 1
1 1082763710426 4
1 1082763710427 1
1 1082763710429 1
1 1082763710430 4
1 1082763710431 1
1 1082763710433 1
1 1082763710434 4
1 1082763710435 1
1 1082763710476 1
1 1082763710477 4
1 1082763710478 1
1 1082763710480 1
1 1082763710481 4
1 1082763710482 1
1 1082763710484 1
1 1082763710485 4
1 1082763710486 1
1 1082763710488 1
1 1082763710489 4
1 1082763710490 1
1 1082763710492 1
1 1082763710493 4
1 1082763710494 1
1 1082763710496 1
1 1082763710497 4
1 1082763710498 1
1 1082763710540 4
1 1082763710541 1
1 1082763710544 4
1 1082763710545 1
1 1082763710548 4
1 1082763710549 1
1 1082763710552 4
1 1082763710553 1
1 1082763710556 4
1 1082763710557 1
1 1082763710560 4
1 1082763710561 1
1 1082763710590 1
1 1082763710591 1
1 1082763710594 1
1 1082763710595 1
1 1082763710598 1
1 1082763710599 1
1 1082763710602 1
1 1082763710603 1
1 1082763710606 1
1 1082763710607 1
1 1082763710610 1
1 1082763710611 1
1 1082763710653 1
1 1082763710654 4
1 1082763710655 1
1 1082763710657 1
1 1082763710658 4
1 1082763710659 1
1 1082763710661 1
1 1082763710662 4
1 1082763710663 1
1 1082763710665 1
1 1082763710666 4
1 1082763710667 1
1 1082763710669 1
1 1082763710670 4
1 1082763710671 1
1 1082763710673 1
1 1082763710674 4
1 1082763710675 1
1 1082763710716 1
1 1082763710717 4
1 1082763710718 1
1 1082763710720 1
1 1082763710721 4
1 1082763710722 1
1 1082763710724 1
1 1082763710725 4
1 1082763710726 1
1 1082763710728 1
1 1082763710729 4
1 1082763710730 1
1 1082763710732 1
1 1082763710733 4
1 1082763710734 1
1 1082763710736 1
1 1082763710737 4
1 1082763710738 1
1 1082763710780 4
1 1082763710781 1
1 1082763710784 4
1 1082763710785 1
1 1082763710788 4
1 1082763710789 1
1 1082763710792 4
1 1082763710793 1
1 1082763710796 4
1 1082763710797 1
1 1082763710813 1
1 1082763710814 4
1 1082763710815 1
1 1082763710817 1
1 1082763710818 4
1 1082763710819 1
1 1082763710821 1
1 1082763710822 4
1 1082763710823 1
1 1082763710825 1
1 1082763710826 4
1 1082763710827 1
1 1082763710829 1
1 1082763710830 4
1 1082763710831 1
1 1082763710833 1
1 1082763710834 4
1 1082763710835 1
1 1082763710876 1
1 1082763710877 4
1 1082763710878 1
1 1082763710880 1
1 1082763710881 4
1 1082763710882 1
1 1082763710884 1
1 1082763710885 4
1 1082763710886 1
1 1082763710888 1
1 1082763710889 4
1 1082763710890 1
1 1082763710892 1
1 1082763710893 4
1 1082763710894 1
1 1082763710896 1
1 1082763710897 4
1 1082763710898 1
1 1082763710940 4
1 1082763710941 1
1 1082763710944 4
1 1082763710945 1
1 1082763710948 4
1 1082763710949 1
1 1082763710952 4
1 1082763710953 1
1 1082763710956 4
1 1082763710957 1
1 1082763710960 4
1 1082763710961 1
1 1082763710990 1
1 1082763710991 1
1 1082763710994 1
1 1082763710995 1
1 1082763710998 1
1 1082763710999 1
1 1082763711002 1
1 1082763711003 1
1 1082763711006 1
1 1082763711007 1
1 1082763711010 1
1 1082763711011 1
1 1082763711053 1
1 1082763711054 4
1 1082763711055 1
1 1082763711057 1
1 1082763711058 4
1 1082763711059 1
1 1082763711061 1
1 1082763711062 4
1 1082763711063 1
1 1082763711065 1
1 1082763711066 4
1 1082763711067 1
1 1082763711069 1
1 1082763711070 4
1 1082763711071 1
1 1082763711073 1
1 1082763711074 4
1 1082763711075 1
1 1082763711116 1
1 1082763711117 4
1 1082763711118 1
1 1082763711120 1
1 1082763711121 4
1 1082763711122 1
1 1082763711124 1
1 1082763711125 4
1 1082763711126 1
1 1082763711128 1
1 1082763711129 4
1 1082763711130 1
1 1082763711132 1
1 1082763711133 4
1 1082763711134 1
1 1082763711136 1
1 1082763711137 4
1 1082763711138 1
1 1082763711180 4
1 1082763711181 1
1 1082763711184 4
1 1082763711185 1
1 1082763711188 4
1 1082763711189 1
1 1082763711192 4
1 1082763711193 1
1 1082763711196 4
1 1082763711197 1
1 1082763711213 1
1 1082763711214 4
1 1082763711215 1
1 1082763711217 1
1 1082763711218 4
1 1082763711219 1
1 1082763711221 1
1 1082763711222 4
1 1082763711223 1
1 1082763711225 1
1 1082763711226 4
1 1082763711227 1
1 1082763711229 1
1 1082763711230 4
1 1082763711231 1
1 1082763711233 1
1 1082763711234 4
1 1082763711235 1
1 1082763711276 1
1 1082763711277 4
1 1082763711278 1
1 1082763711280 1
1 1082763711281 4
1 1082763711282 1
1 1082763711284 1
1 1082763711285 4
1 1082763711286 1
1 1082763711288 1
1 1082763711289 4
1 1082763711290 1
1 1082763711292 1
1 1082763711293 4
1 1082763711294 1
1 1082763711296 1
1 1082763711297 4
1 1082763711298 1
1 1082763711340 4
1 1082763711341 1
1 1082763711344 4
1 1082763711345 1
1 1082763711348 4
1 1082763711349 1
1 1082763711352 4
1 1082763711353 1
1 1082763711356 4
1 1082763711357 1
1 1082763711360 4
1 1082763711361 1
1 1082763711390 1
1 1082763711391 1
1 1082763711394 1
1 1082763711395 1
1 1082763711398 1
1 1082763711399 1
1 1082763711402 1
1 1082763711403 1
1 1082763711406 1
1 1082763711407 1
1 1082763711410 1
1 1082763711411 1
1 1082763711453 1
1 1082763711454 4
1 1082763711455 1
1 1082763711457 1
1 1082763711458 4
1 1082763711459 1
1 1082763711461 1
1 1082763711462 4
1 1082763711463 1
1 1082763711465 1
1 1082763711466 4
1 1082763711467 1
1 1082763711469 1
1 1082763711470 4
1 1082763711471 1
1 1082763711473 1
1 1082763711474 4
1 1082763711475 1
1 1082763711516 1
1 1082763711517 4
1 1082763711518 1
1 1082763711520 1
1 1082763711521 4
1 1082763711522 1
1 1082763711524 1
1 1082763711525 4
1 1082763711526 1
1 1082763711528 1
1 1082763711529 4
1 1082763711530 1
1 1082763711532 1
1 1082763711533 4
1 1082763711534 1
1 1082763711536 1
1 1082763711537 4
1 1082763711538 1
1 1082763711580 4
1 1082763711581 1
1 1082763711584 4
1 1082763711585 1
1 1082763711588 4
1 1082763711589 1
1 1082763711592 4
1 1082763711593 1
1 1082763711596 4
1 1082763711597 1
1 1082763711613 1
1 1082763711614 4
1 1082763711615 1
1 1082763711617 1
1 1082763711618 4
1 1082763711619 1
1 1082763711621 1
1 1082763711622 4
1 1082763711623 1
1 1082763711625 1
1 1082763711626 4
1 1082763711627 1
1 1082763711629 1
1 1082763711630 4
1 1082763711631 1
1 1082763711633 1
1 1082763711634 4
1 1082763711635 1
1 1082763711676 1
1 1082763711677 4
1 1082763711678 1
1 1082763711680 1
1 1082763711681 4
1 1082763711682 1
1 1082763711684 1
1 1082763711685 4
1 1082763711686 1
1 1082763711688 1
1 1082763711689 4
1 1082763711690 1
1 1082763711692 1
1 1082763711693 4
1 1082763711694 1
1 1082763711696 1
1 1082763711697 4
1 1082763711698 1
1 1082763711740 4
1 1082763711741 1
1 1082763711744 4
1 1082763711745 1
1 1082763711748 4
1 1082763711749 1
1 1082763711752 4
1 1082763711753 1
1 1082763711756 4
1 1082763711757 1
1 1082763711760 4
1 1082763711761 1
1 1082763711790 1
1 1082763711791 1
1 1082763711794 1
1 1082763711795 1
1 1082763711798 1
1 1082763711799 1
1 1082763711802 1
1 1082763711803 1
1 1082763711806 1
1 1082763711807 1
1 1082763711810 1
1 1082763711811 1
1 1082763711853 1
1 1082763711854 4
1 1082763711855 1
1 1082763711857 1
1 1082763711858 4
1 1082763711859 1
1 1082763711861 1
1 1082763711862 4
1 1082763711863 1
1 1082763711865 1
1 1082763711866 4
1 1082763711867 1
1 1082763711869 1
1 1082763711870 4
1 1082763711871 1
1 1082763711873 1
1 1082763711874 4
1 1082763711875 1
1 1082763711916 1
1 1082763711917 4
1 1082763711918 1
1 1082763711920 1
1 1082763711921 4
1 1082763711922 1
1 1082763711924 1
1 1082763711925 4
1 1082763711926 1
1 1082763711928 1
1 1082763711929 4
1 1082763711930 1
1 1082763711932 1
1 1082763711933 4
1 1082763711934 1
1 1082763711936 1
1 1082763711937 4
1 1082763711938 1
1 1082763711980 4
1 1082763711981 1
1 1082763711984 4
1 1082763711985 1
1 1082763711988 4
1 1082763711989 1
1 1082763711992 4
1 1082763711993 1
1 1082763711996 4
1 1082763711997 1
1 1082763712013 1
1 1082763712014 4
1 1082763712015 1
1 1082763712017 1
1 1082763712018 4
1 1082763712019 1
1 1082763712021 1
1 1082763712022 4
1 1082763712023 1
1 1082763712025 1
1 1082763712026 4
1 1082763712027 1
1 1082763712029 1
1 1082763712030 4
1 1082763712031 1
1 1082763712033 1
1 1082763712034 4
1 1082763712035 1
1 1082763712076 1
1 1082763712077 4
1 1082763712078 1
1 1082763712080 1
1 1082763712081 4
1 1082763712082 1
1 1082763712084 1
1 1082763712085 4
1 1082763712086 1
1 1082763712088 1
1 1082763712089 4
1 1082763712090 1
1 1082763712092 1
1 1082763712093 4
1 1082763712094 1
1 1082763712096 1
1 1082763712097 4
1 1082763712098 1
1 1082763712140 4
1 1082763712141 1
1 1082763712144 4
1 1082763712145 1
1 1082763712148 4
1 1082763712149 1
1 1082763712152 4
1 1082763712153 1
1 1082763712156 4
1 1082763712157 1
1 1082763712160 4
1 1082763712161 1
1 1082763712190 1
1 1082763712191 1
1 1082763712194 1
1 1082763712195 1
1 1082763712198 1
1 1082763712199 1
1 1082763712202 1
1 1082763712203 1
1 1082763712206 1
1 1082763712207 1
1 1082763712210 1
1 1082763712211 1
1 1082763712253 1
1 1082763712254 4
1 1082763712255 1
1 1082763712257 1
1 1082763712258 4
1 1082763712259 1
1 1082763712261 1
1 1082763712262 4
1 1082763712263 1
1 1082763712265 1
1 1082763712266 4
1 1082763712267 1
1 1082763712269 1
1 1082763712270 4
1 1082763712271 1
1 1082763712273 1
1 1082763712274 4
1 1082763712275 1
1 1082763712316 1
1 1082763712317 4
1 1082763712318 1
1 1082763712320 1
1 1082763712321 4
1 1082763712322 1
1 1082763712324 1
1 1082763712325 4
1 1082763712326 1
1 1082763712328 1
1 1082763712329 4
1 1082763712330 1
1 1082763712332 1
1 1082763712333 4
1 1082763712334 1
1 1082763712336 1
1 1082763712337 4
1 1082763712338 1
1 1082763712380 4
1 1082763712381 1
1 1082763712384 4
1 1082763712385 1
1 1082763712388 4
1 1082763712389 1
1 1082763712392 4
1 1082763712393 1
1 1082763712396 4
1 1082763712397 1
1 1082763712413 1
1 1082763712414 4
1 1082763712415 1
1 1082763712417 1
1 1082763712418 4
1 1082763712419 1
1 1082763712421 1
1 1082763712422 4
1 1082763712423 1
1 1082763712425 1
1 1082763712426 4
1 1082763712427 1
1 1082763712429 1
1 1082763712430 4
1 1082763712431 1
1 1082763712433 1
1 1082763712434 4
1 1082763712435 1
1 1082763712476 1
1 1082763712477 4
1 1082763712478 1
1 1082763712480 1
1 1082763712481 4
1 1082763712482 1
1 1082763712484 1
1 1082763712485 4
1 1082763712486 1
1 1082763712488 1
1 1082763712489 4
1 1082763712490 1
1 1082763712492 1
1 1082763712493 4
1 1082763712494 1
1 1082763712496 1
1 1082763712497 4
1 1082763712498 1
1 1082763712540 4
1 1082763712541 1
1 1082763712544 4
1 1082763712545 1
1 1082763712548 4
1 1082763712549 1
1 1082763712552 4
1 1082763712553 1
1 1082763712556 4
1 1082763712557 1
1 1082763712560 4
1 1082763712561 1
1 1082763712590 1
1 1082763712591 1
1 1082763712594 1
1 1082763712595 1
1 1082763712598 1
1 1082763712599 1
1 1082763712602 1
1 1082763712603 1
1 1082763712606 1
1 1082763712607 1
1 1082763712610 1
1 1082763712611 1
1 1082763712653 1
1 1082763712654 4
1 1082763712655 1
1 1082763712657 1
1 1082763712658 4
1 1082763712659 1
1 1082763712661 1
1 1082763712662 4
1 1082763712663 1
1 1082763712665 1
1 1082763712666 4
1 1082763712667 1
1 1082763712669 1
1 1082763712670 4
1 1082763712671 1
1 1082763712673 1
1 1082763712674 4
1 1082763712675 1
1 1082763712716 1
1 1082763712717 4
1 1082763712718 1
1 1082763712720 1
1 1082763712721 4
1 1082763712722 1
1 1082763712724 1
1 1082763712725 4
1 1082763712726 1
1 1082763712728 1
1 1082763712729 4
1 1082763712730 1
1 1082763712732 1
1 1082763712733 4
1 1082763712734 1
1 1082763712736 1
1 1082763712737 4
1 1082763712738 1
1 1082763712780 4
1 1082763712781 1
1 1082763712784 4
1 1082763712785 1
1 1082763712788 4
1 1082763712789 1
1 1082763712792 4
1 1082763712793 1
1 1082763712796 4
1 1082763712797 1
1 1082763712813 1
1 1082763712814 4
1 1082763712815 1
1 1082763712817 1
1 1082763712818 4
1 1082763712819 1
1 1082763712821 1
1 1082763712822 4
1 1082763712823 1
1 1082763712825 1
1 1082763712826 4
1 1082763712827 1
1 1082763712829 1
1 1082763712830 4
1 1082763712831 1
1 1082763712833 1
1 1082763712834 4
1 1082763712835 1
1 1082763712876 1
1 1082763712877 4
1 1082763712878 1
1 1082763712880 1
1 1082763712881 4
1 1082763712882 1
1 1082763712884 1
1 1082763712885 4
1 1082763712886 1
1 1082763712888 1
1 1082763712889 4
1 1082763712890 1
1 1082763712892 1
1 1082763712893 4
1 1082763712894 1
1 1082763712896 1
1 1082763712897 4
1 1082763712898 1
1 1082763712940 4
1 1082763712941 1
1 1082763712944 4
1 1082763712945 1
1 1082763712948 4
1 1082763712949 1
1 1082763712952 4
1 1082763712953 1
1 1082763712956 4
1 1082763712957 1
1 1082763712960 4
1 1082763712961 1
1 1082763712990 1
1 1082763712991 1
1 1082763712994 1
1 1082763712995 1
1 1082763712998 1
1 1082763712999 1
1 1082763713002 1
1 1082763713003 1
1 1082763713006 1
1 1082763713007 1
1 1082763713010 1
1 1082763713011 1
1 1082763713053 1
1 1082763713054 4
1 1082763713055 1
1 1082763713057 1
1 1082763713058 4
1 1082763713059 1
1 1082763713061 1
1 1082763713062 4
1 1082763713063 1
1 1082763713065 1
1 1082763713066 4
1 1082763713067 1
1 1082763713069 1
1 1082763713070 4
1 1082763713071 1
1 1082763713073 1
1 1082763713074 4
1 1082763713075 1
1 1082763713116 1
1 1082763713117 4
1 1082763713118 1
1 1082763713120 1
1 1082763713121 4
1 1082763713122 1
1 1082763713124 1
1 1082763713125 4
1 1082763713126 1
1 1082763713128 1
1 1082763713129 4
1 1082763713130 1
1 1082763713132 1
1 1082763713133 4
1 1082763713134 1
1 1082763713136 1
1 1082763713137 4
1 1082763713138 1
1 1082763713180 4
1 1082763713181 1
1 1082763713184 4
1 1082763713185 1
1 1082763713188 4
1 1082763713189 1
1 1082763713192 4
1 1082763713193 1
1 1082763713196 4
1 1082763713197 1
1 1082763713213 1
1 1082763713214 4
1 1082763713215 1
1 1082763713217 1
1 1082763713218 4
1 1082763713219 1
1 1082763713221 1
1 1082763713222 4
1 1082763713223 1
1 1082763713225 1
1 1082763713226 4
1 1082763713227 1
1 1082763713229 1
1 1082763713230 4
1 1082763713231 1
1 1082763713233 1
1 1082763713234 4
1 1082763713235 1
1 1082763713276 1
1 1082763713277 4
1 1082763713278 1
1 1082763713280 1
1 1082763713281 4
1 1082763713282 1
1 1082763713284 1
1 1082763713285 4
1 1082763713286 1
1 1082763713288 1
1 1082763713289 4
1 1082763713290 1
1 1082763713292 1
1 1082763713293 4
1 1082763713294 1
1 1082763713296 1
1 1082763713297 4
1 1082763713298 1
1 1082763713340 4
1 1082763713341 1
1 1082763713344 4
1 1082763713345 1
1 1082763713348 4
1 1082763713349 1
1 1082763713352 4
1 1082763713353 1
1 1082763713356 4
1 1082763713357 1
1 1082763713360 4
1 1082763713361 1
1 1082763713390 1
1 1082763713391 1
1 1082763713394 1
1 1082763713395 1
1 1082763713398 1
1 1082763713399 1
1 1082763713402 1
1 1082763713403 1
1 1082763713406 1
1 1082763713407 1
1 1082763713410 1
1 1082763713411 1
1 1082763713453 1
1 1082763713454 4
1 1082763713455 1
1 1082763713457 1
1 1082763713458 4
1 1082763713459 1
1 1082763713461 1
1 1082763713462 4
1 1082763713463 1
1 1082763713465 1
1 1082763713466 4
1 1082763713467 1
1 1082763713469 1
1 1082763713470 4
1 1082763713471 1
1 1082763713473 1
1 1082763713474 4
1 1082763713475 1
1 1082763713516 1
1 1082763713517 4
1 1082763713518 1
1 1082763713520 1
1 1082763713521 4
1 1082763713522 1
1 1082763713524 1
1 1082763713525 4
1 1082763713526 1
1 1082763713528 1
1 1082763713529 4
1 1082763713530 1
1 1082763713532 1
1 1082763713533 4
1 1082763713534 1
1 1082763713536 1
1 1082763713537 4
1 1082763713538 1
1 1082763713580 4
1 1082763713581 1
1 1082763713584 4
1 1082763713585 1
1 1082763713588 4
1 1082763713589 1
1 1082763713592 4
1 1082763713593 1
1 1082763713596 4
1 1082763713597 1
