1 1082763673614 1
1 1082763673615 1
1 1082763673618 1
1 1082763673619 1
1 1082763673622 1
1 1082763673623 1
1 1082763673626 1
1 1082763673627 1
1 1082763673630 1
1 1082763673631 1
1 1082763673634 1
1 1082763673635 1
1 1082763673677 1
1 1082763673678 4
1 1082763673679 1
1 1082763673681 1
1 1082763673682 4
1 1082763673683 1
1 1082763673685 1
1 1082763673686 4
1 1082763673687 1
1 1082763673689 1
1 1082763673690 4
1 1082763673691 1
1 1082763673693 1
1 1082763673694 4
1 1082763673695 1
1 1082763673697 1
1 1082763673698 4
1 1082763673699 1
1 1082763673740 1
1 1082763673741 179
1 1082763673742 1
1 1082763673744 1
1 1082763673745 4
1 1082763673746 1
1 1082763673748 1
1 1082763673749 4
1 1082763673750 1
1 1082763673752 1
1 1082763673753 4
1 1082763673754 1
1 1082763673756 1
1 1082763673757 4
1 1082763673758 1
1 1082763673760 1
1 1082763673761 4
1 1082763673762 1
1 1082763673804 4
1 1082763673805 1
1 1082763673808 4
1 1082763673809 1
1 1082763673812 4
1 1082763673813 1
1 1082763673816 4
1 1082763673817 1
1 1082763673820 4
1 1082763673821 1
1 1082763673824 4
1 1082763673825 1
1 1082763673854 1
1 1082763673855 1
1 1082763673858 1
1 1082763673859 1
1 1082763673862 1
1 1082763673863 1
1 1082763673866 1
1 1082763673867 1
1 1082763673870 1
1 1082763673871 1
1 1082763673874 1
1 1082763673875 1
1 1082763673917 1
1 1082763673918 4
1 1082763673919 1
1 1082763673921 1
1 1082763673922 4
1 1082763673923 1
1 1082763673925 1
1 1082763673926 4
1 1082763673927 1
1 1082763673929 1
1 1082763673930 4
1 1082763673931 1
1 1082763673933 1
1 1082763673934 4
1 1082763673935 1
1 1082763673937 110
1 1082763673938 4
1 1082763673939 1
1 1082763673980 1
1 1082763673981 4
1 1082763673982 1
1 1082763673984 1
1 1082763673985 4
1 1082763673986 1
1 1082763673988 1
1 1082763673989 4
1 1082763673990 1
1 1082763673992 1
1 1082763673993 4
1 1082763673994 1
1 1082763673996 1
1 1082763673997 4
1 1082763673998 1
1 1082763674014 1
1 1082763674015 1
1 1082763674018 1
1 1082763674019 1
1 1082763674022 1
1 1082763674023 1
1 1082763674026 1
1 1082763674027 1
1 1082763674030 1
1 1082763674031 1
1 1082763674034 1
1 1082763674035 1
1 1082763674077 1
1 1082763674078 4
1 1082763674079 1
1 1082763674081 1
1 1082763674082 4
1 1082763674083 1
1 1082763674085 1
1 1082763674086 4
1 1082763674087 1
1 1082763674089 1
1 1082763674090 4
1 1082763674091 1
1 1082763674093 1
1 1082763674094 4
1 1082763674095 1
1 1082763674097 1
1 1082763674098 4
1 1082763674099 1
1 1082763674140 1
1 1082763674141 4
1 1082763674142 1
1 1082763674144 1
1 1082763674145 4
1 1082763674146 1
1 1082763674148 1
1 1082763674149 4
1 1082763674150 1
1 1082763674152 1
1 1082763674153 4
1 1082763674154 1
1 1082763674156 1
1 1082763674157 4
1 1082763674158 1
1 1082763674160 1
1 1082763674161 4
1 1082763674162 1
1 1082763674204 4
1 1082763674205 1
1 1082763674208 4
1 1082763674209 1
1 1082763674212 4
1 1082763674213 1
1 1082763674216 4
1 1082763674217 1
1 1082763674220 4
1 1082763674221 1
1 1082763674224 4
1 1082763674225 1
1 1082763674254 1
1 1082763674255 1
1 1082763674258 1
1 1082763674259 1
1 1082763674262 1
1 1082763674263 1
1 1082763674266 1
1 1082763674267 1
1 1082763674270 1
1 1082763674271 1
1 1082763674274 1
1 1082763674275 1
1 1082763674317 1
1 1082763674318 4
1 1082763674319 1
1 1082763674321 1
1 1082763674322 4
1 1082763674323 1
1 1082763674325 1
1 1082763674326 4
1 1082763674327 1
1 1082763674329 1
1 1082763674330 4
1 1082763674331 1
1 1082763674333 1
1 1082763674334 4
1 1082763674335 1
1 1082763674337 1
1 1082763674338 4
1 1082763674339 1
1 1082763674380 1
1 1082763674381 4
1 1082763674382 1
1 1082763674384 1
1 1082763674385 4
1 1082763674386 1
1 1082763674388 1
1 1082763674389 4
1 1082763674390 1
1 1082763674392 1
1 1082763674393 4
1 1082763674394 1
1 1082763674396 1
1 1082763674397 4
1 1082763674398 1
1 1082763674414 1
1 1082763674415 1
1 1082763674418 1
1 1082763674419 1
1 1082763674422 1
1 1082763674423 1
1 1082763674426 1
1 1082763674427 1
1 1082763674430 1
1 1082763674431 1
1 1082763674434 1
1 1082763674435 1
1 1082763674477 1
1 1082763674478 4
1 1082763674479 1
1 1082763674481 1
1 1082763674482 4
1 1082763674483 1
1 1082763674485 1
1 1082763674486 4
1 1082763674487 1
1 1082763674489 1
1 1082763674490 4
1 1082763674491 1
1 1082763674493 1
1 1082763674494 4
1 1082763674495 1
1 1082763674497 1
1 1082763674498 4
1 1082763674499 1
1 1082763674540 1
1 1082763674541 4
1 1082763674542 1
1 1082763674544 1
1 1082763674545 4
1 1082763674546 1
1 1082763674548 1
1 1082763674549 4
1 1082763674550 1
1 1082763674552 1
1 1082763674553 4
1 1082763674554 1
1 1082763674556 1
1 1082763674557 4
1 1082763674558 1
1 1082763674560 1
1 1082763674561 4
1 1082763674562 1
1 1082763674604 4
1 1082763674605 1
1 1082763674608 4
1 1082763674609 1
1 1082763674612 4
1 1082763674613 1
1 1082763674616 4
1 1082763674617 1
1 1082763674620 4
1 1082763674621 1
1 1082763674624 4
1 1082763674625 1
1 1082763674654 1
1 1082763674655 1
1 1082763674658 1
1 1082763674659 1
1 1082763674662 1
1 1082763674663 1
1 1082763674666 1
1 1082763674667 1
1 1082763674670 1
1 1082763674671 1
1 1082763674674 1
1 1082763674675 1
1 1082763674717 1
1 1082763674718 4
1 1082763674719 1
1 1082763674721 1
1 1082763674722 4
1 1082763674723 1
1 1082763674725 1
1 1082763674726 4
1 1082763674727 1
1 1082763674729 1
1 1082763674730 4
1 1082763674731 1
1 1082763674733 1
1 1082763674734 4
1 1082763674735 1
1 1082763674737 1
1 1082763674738 4
1 1082763674739 1
1 1082763674780 1
1 1082763674781 4
1 1082763674782 1
1 1082763674784 1
1 1082763674785 4
1 1082763674786 1
1 1082763674788 1
1 1082763674789 4
1 1082763674790 1
1 1082763674792 1
1 1082763674793 4
1 1082763674794 1
1 1082763674796 1
1 1082763674797 4
1 1082763674798 1
1 1082763674814 1
1 1082763674815 1
1 1082763674818 1
1 1082763674819 1
1 1082763674822 1
1 1082763674823 1
1 1082763674826 1
1 1082763674827 1
1 1082763674830 1
1 1082763674831 1
1 1082763674834 1
1 1082763674835 1
1 1082763674877 1
1 1082763674878 4
1 1082763674879 1
1 1082763674881 1
1 1082763674882 4
1 1082763674883 1
1 1082763674885 1
1 1082763674886 4
1 1082763674887 1
1 1082763674889 1
1 1082763674890 4
1 1082763674891 1
1 1082763674893 1
1 1082763674894 4
1 1082763674895 1
1 1082763674897 1
1 1082763674898 4
1 1082763674899 1
1 1082763674940 1
1 1082763674941 4
1 1082763674942 1
1 1082763674944 1
1 1082763674945 4
1 1082763674946 1
1 1082763674948 1
1 1082763674949 4
1 1082763674950 1
1 1082763674952 1
1 1082763674953 4
1 1082763674954 1
1 1082763674956 1
1 1082763674957 4
1 1082763674958 1
1 1082763674960 1
1 1082763674961 4
1 1082763674962 1
1 1082763675004 4
1 1082763675005 1
1 1082763675008 4
1 1082763675009 1
1 1082763675012 4
1 1082763675013 1
1 1082763675016 4
1 1082763675017 1
1 1082763675020 4
1 1082763675021 1
1 1082763675024 4
1 1082763675025 1
1 1082763675054 1
1 1082763675055 1
1 1082763675058 1
1 1082763675059 1
1 1082763675062 1
1 1082763675063 1
1 1082763675066 1
1 1082763675067 1
1 1082763675070 1
1 1082763675071 1
1 1082763675074 1
1 1082763675075 1
1 1082763675117 1
1 1082763675118 4
1 1082763675119 1
1 1082763675121 1
1 1082763675122 4
1 1082763675123 1
1 1082763675125 1
1 1082763675126 4
1 1082763675127 1
1 1082763675129 1
1 1082763675130 4
1 1082763675131 1
1 1082763675133 1
1 1082763675134 4
1 1082763675135 1
1 1082763675137 1
1 1082763675138 4
1 1082763675139 1
1 1082763675180 1
1 1082763675181 4
1 1082763675182 1
1 1082763675184 1
1 1082763675185 4
1 1082763675186 1
1 1082763675188 1
1 1082763675189 4
1 1082763675190 1
1 1082763675192 1
1 1082763675193 4
1 1082763675194 1
1 1082763675196 1
1 1082763675197 4
1 1082763675198 1
1 1082763675214 1
1 1082763675215 1
1 1082763675218 1
1 1082763675219 1
1 1082763675222 1
1 1082763675223 1
1 1082763675226 1
1 1082763675227 1
1 1082763675230 1
1 1082763675231 1
1 1082763675234 1
1 1082763675235 1
1 1082763675277 1
1 1082763675278 4
1 1082763675279 1
1 1082763675281 1
1 1082763675282 4
1 1082763675283 1
1 1082763675285 1
1 1082763675286 4
1 1082763675287 1
1 1082763675289 1
1 1082763675290 4
1 1082763675291 1
1 1082763675293 1
1 1082763675294 4
1 1082763675295 1
1 1082763675297 1
1 1082763675298 4
1 1082763675299 1
1 1082763675340 1
1 1082763675341 4
1 1082763675342 1
1 1082763675344 1
1 1082763675345 4
1 1082763675346 1
1 1082763675348 1
1 1082763675349 4
1 1082763675350 1
1 1082763675352 1
1 1082763675353 4
1 1082763675354 1
1 1082763675356 1
1 1082763675357 4
1 1082763675358 1
1 1082763675360 1
1 1082763675361 4
1 1082763675362 1
1 1082763675404 4
1 1082763675405 1
1 1082763675408 4
1 1082763675409 1
1 1082763675412 4
1 1082763675413 1
1 1082763675416 4
1 1082763675417 1
1 1082763675420 4
1 1082763675421 1
1 1082763675424 4
1 1082763675425 1
1 1082763675454 1
1 1082763675455 1
1 1082763675458 1
1 1082763675459 1
1 1082763675462 1
1 1082763675463 1
1 1082763675466 1
1 1082763675467 1
1 1082763675470 1
1 1082763675471 1
1 1082763675474 1
1 1082763675475 1
1 1082763675517 1
1 1082763675518 4
1 1082763675519 1
1 1082763675521 1
1 1082763675522 4
1 1082763675523 1
1 1082763675525 1
1 1082763675526 4
1 1082763675527 1
1 1082763675529 1
1 1082763675530 4
1 1082763675531 1
1 1082763675533 1
1 1082763675534 4
1 1082763675535 1
1 1082763675537 1
1 1082763675538 4
1 1082763675539 1
1 1082763675580 1
1 1082763675581 4
1 1082763675582 1
1 1082763675584 1
1 1082763675585 4
1 1082763675586 1
1 1082763675588 1
1 1082763675589 4
1 1082763675590 1
1 1082763675592 1
1 1082763675593 4
1 1082763675594 1
1 1082763675596 1
1 1082763675597 4
1 1082763675598 1
1 1082763675614 1
1 1082763675615 1
1 1082763675618 1
1 1082763675619 1
1 1082763675622 1
1 1082763675623 1
1 1082763675626 1
1 1082763675627 1
1 1082763675630 1
1 1082763675631 1
1 1082763675634 1
1 1082763675635 1
1 1082763675677 1
1 1082763675678 4
1 1082763675679 1
1 1082763675681 1
1 1082763675682 4
1 1082763675683 1
1 1082763675685 1
1 1082763675686 4
1 1082763675687 1
1 1082763675689 1
1 1082763675690 4
1 1082763675691 1
1 1082763675693 1
1 1082763675694 4
1 1082763675695 1
1 1082763675697 1
1 1082763675698 4
1 1082763675699 1
1 1082763675740 1
1 1082763675741 4
1 1082763675742 1
1 1082763675744 1
1 1082763675745 4
1 1082763675746 1
1 1082763675748 1
1 1082763675749 4
1 1082763675750 1
1 1082763675752 1
1 1082763675753 4
1 1082763675754 1
1 1082763675756 1
1 1082763675757 4
1 1082763675758 1
1 1082763675760 1
1 1082763675761 4
1 1082763675762 1
1 1082763675804 4
1 1082763675805 1
1 1082763675808 4
1 1082763675809 1
1 1082763675812 4
1 1082763675813 1
1 1082763675816 4
1 1082763675817 1
1 1082763675820 4
1 1082763675821 1
1 1082763675824 4
1 1082763675825 1
1 1082763675854 1
1 1082763675855 1
1 1082763675858 1
1 1082763675859 1
1 1082763675862 1
1 1082763675863 1
1 1082763675866 1
1 1082763675867 1
1 1082763675870 1
1 1082763675871 1
1 1082763675874 1
1 1082763675875 1
1 1082763675917 1
1 1082763675918 4
1 1082763675919 1
1 1082763675921 1
1 1082763675922 4
1 1082763675923 1
1 1082763675925 1
1 1082763675926 4
1 1082763675927 1
1 1082763675929 1
1 1082763675930 4
1 1082763675931 1
1 1082763675933 1
1 1082763675934 4
1 1082763675935 1
1 1082763675937 1
1 1082763675938 4
1 1082763675939 1
1 1082763675980 1
1 1082763675981 4
1 1082763675982 1
1 1082763675984 1
1 1082763675985 4
1 1082763675986 1
1 1082763675988 1
1 1082763675989 4
1 1082763675990 1
1 1082763675992 1
1 1082763675993 4
1 1082763675994 1
1 1082763675996 1
1 1082763675997 4
1 1082763675998 1
1 1082763676014 1
1 1082763676015 1
1 1082763676018 1
1 1082763676019 1
1 1082763676022 1
1 1082763676023 1
1 1082763676026 1
1 1082763676027 1
1 1082763676030 1
1 1082763676031 1
1 1082763676034 1
1 1082763676035 1
1 1082763676077 1
1 1082763676078 4
1 1082763676079 1
1 1082763676081 1
1 1082763676082 4
1 1082763676083 1
1 1082763676085 1
1 1082763676086 4
1 1082763676087 1
1 1082763676089 1
1 1082763676090 4
1 1082763676091 1
1 1082763676093 1
1 1082763676094 4
1 1082763676095 1
1 1082763676097 1
1 1082763676098 4
1 1082763676099 1
1 1082763676140 1
1 1082763676141 4
1 1082763676142 1
1 1082763676144 1
1 1082763676145 4
1 1082763676146 1
1 1082763676148 1
1 1082763676149 4
1 1082763676150 1
1 1082763676152 1
1 1082763676153 4
1 1082763676154 1
1 1082763676156 1
1 1082763676157 4
1 1082763676158 1
1 1082763676160 1
1 1082763676161 4
1 1082763676162 1
1 1082763676204 4
1 1082763676205 1
1 1082763676208 4
1 1082763676209 1
1 1082763676212 4
1 1082763676213 1
1 1082763676216 4
1 1082763676217 1
1 1082763676220 4
1 1082763676221 1
1 1082763676224 4
1 1082763676225 1
1 1082763676254 1
1 1082763676255 1
1 1082763676258 1
1 1082763676259 1
1 1082763676262 1
1 1082763676263 1
1 1082763676266 1
1 1082763676267 1
1 1082763676270 1
1 1082763676271 1
1 1082763676274 1
1 1082763676275 1
1 1082763676317 1
1 1082763676318 4
1 1082763676319 1
1 1082763676321 1
1 1082763676322 4
1 1082763676323 1
1 1082763676325 1
1 1082763676326 4
1 1082763676327 1
1 1082763676329 1
1 1082763676330 4
1 1082763676331 1
1 1082763676333 1
1 1082763676334 4
1 1082763676335 1
1 1082763676337 1
1 1082763676338 4
1 1082763676339 1
1 1082763676380 1
1 1082763676381 4
1 1082763676382 1
1 1082763676384 1
1 1082763676385 4
1 1082763676386 1
1 1082763676388 1
1 1082763676389 4
1 1082763676390 1
1 1082763676392 1
1 1082763676393 4
1 1082763676394 1
1 1082763676396 1
1 1082763676397 4
1 1082763676398 1
1 1082763676414 1
1 1082763676415 1
1 1082763676418 1
1 1082763676419 1
1 1082763676422 1
1 1082763676423 1
1 1082763676426 1
1 1082763676427 1
1 1082763676430 1
1 1082763676431 1
1 1082763676434 1
1 1082763676435 1
1 1082763676477 1
1 1082763676478 4
1 1082763676479 1
1 1082763676481 1
1 1082763676482 4
1 1082763676483 1
1 1082763676485 1
1 1082763676486 4
1 1082763676487 1
1 1082763676489 1
1 1082763676490 4
1 1082763676491 1
1 1082763676493 1
1 1082763676494 4
1 1082763676495 1
1 1082763676497 1
1 1082763676498 4
1 1082763676499 1
1 1082763676540 1
1 1082763676541 4
1 1082763676542 1
1 1082763676544 1
1 1082763676545 4
1 1082763676546 1
1 1082763676548 1
1 1082763676549 4
1 1082763676550 1
1 1082763676552 1
1 1082763676553 4
1 1082763676554 1
1 1082763676556 1
1 1082763676557 4
1 1082763676558 1
1 1082763676560 1
1 1082763676561 4
1 1082763676562 1
1 1082763676604 4
1 1082763676605 1
1 1082763676608 4
1 1082763676609 1
1 1082763676612 4
1 1082763676613 1
1 1082763676616 4
1 1082763676617 1
1 1082763676620 4
1 1082763676621 1
1 1082763676624 4
1 1082763676625 1
1 1082763676654 1
1 1082763676655 1
1 1082763676658 1
1 1082763676659 1
1 1082763676662 1
1 1082763676663 1
1 1082763676666 1
1 1082763676667 1
1 1082763676670 1
1 1082763676671 1
1 1082763676674 1
1 1082763676675 1
1 1082763676717 1
1 1082763676718 4
1 1082763676719 1
1 1082763676721 1
1 1082763676722 4
1 1082763676723 1
1 1082763676725 1
1 1082763676726 4
1 1082763676727 1
1 1082763676729 1
1 1082763676730 4
1 1082763676731 1
1 1082763676733 1
1 1082763676734 4
1 1082763676735 1
1 1082763676737 1
1 1082763676738 4
1 1082763676739 1
1 1082763676780 1
1 1082763676781 4
1 1082763676782 1
1 1082763676784 1
1 1082763676785 4
1 1082763676786 1
1 1082763676788 1
1 1082763676789 4
1 1082763676790 1
1 1082763676792 1
1 1082763676793 4
1 1082763676794 1
1 1082763676796 1
1 1082763676797 4
1 1082763676798 1
1 1082763676814 1
1 1082763676815 1
1 1082763676818 1
1 1082763676819 1
1 1082763676822 1
1 1082763676823 1
1 1082763676826 1
1 1082763676827 1
1 1082763676830 1
1 1082763676831 1
1 1082763676834 1
1 1082763676835 1
1 1082763676877 1
1 1082763676878 4
1 1082763676879 1
1 1082763676881 1
1 1082763676882 4
1 1082763676883 1
1 1082763676885 1
1 1082763676886 4
1 1082763676887 1
1 1082763676889 1
1 1082763676890 4
1 1082763676891 1
1 1082763676893 1
1 1082763676894 4
1 1082763676895 1
1 1082763676897 1
1 1082763676898 4
1 1082763676899 1
1 1082763676940 1
1 1082763676941 4
1 1082763676942 1
1 1082763676944 1
1 1082763676945 4
1 1082763676946 1
1 1082763676948 1
1 1082763676949 4
1 1082763676950 1
1 1082763676952 1
1 1082763676953 4
1 1082763676954 1
1 1082763676956 1
1 1082763676957 4
1 1082763676958 1
1 1082763676960 1
1 1082763676961 4
1 1082763676962 1
1 1082763677004 4
1 1082763677005 1
1 1082763677008 4
1 1082763677009 1
1 1082763677012 4
1 1082763677013 1
1 1082763677016 4
1 1082763677017 1
1 1082763677020 4
1 1082763677021 1
1 1082763677024 4
1 1082763677025 1
1 1082763677054 1
1 1082763677055 1
1 1082763677058 1
1 1082763677059 1
1 1082763677062 1
1 1082763677063 1
1 1082763677066 1
1 1082763677067 1
1 1082763677070 1
1 1082763677071 1
1 1082763677074 1
1 1082763677075 1
1 1082763677117 1
1 1082763677118 4
1 1082763677119 1
1 1082763677121 1
1 1082763677122 4
1 1082763677123 1
1 1082763677125 1
1 1082763677126 4
1 1082763677127 1
1 1082763677129 1
1 1082763677130 4
1 1082763677131 1
1 1082763677133 1
1 1082763677134 4
1 1082763677135 1
1 1082763677137 1
1 1082763677138 4
1 1082763677139 1
1 1082763677180 1
1 1082763677181 4
1 1082763677182 1
1 1082763677184 1
1 1082763677185 4
1 1082763677186 1
1 1082763677188 1
1 1082763677189 4
1 1082763677190 1
1 1082763677192 1
1 1082763677193 4
1 1082763677194 1
1 1082763677196 1
1 1082763677197 4
1 1082763677198 1
1 1082763677214 1
1 1082763677215 1
1 1082763677218 1
1 1082763677219 1
1 1082763677222 1
1 1082763677223 1
1 1082763677226 1
1 1082763677227 1
1 1082763677230 1
1 1082763677231 1
1 1082763677234 1
1 1082763677235 1
1 1082763677277 1
1 1082763677278 4
1 1082763677279 1
1 1082763677281 1
1 1082763677282 4
1 1082763677283 1
1 1082763677285 1
1 1082763677286 4
1 1082763677287 1
1 1082763677289 1
1 1082763677290 4
1 1082763677291 1
1 1082763677293 1
1 1082763677294 4
1 1082763677295 1
1 1082763677297 1
1 1082763677298 4
1 1082763677299 1
1 1082763677340 1
1 1082763677341 4
1 1082763677342 1
1 1082763677344 1
1 1082763677345 4
1 1082763677346 1
1 1082763677348 1
1 1082763677349 4
1 1082763677350 1
1 1082763677352 1
1 1082763677353 4
1 1082763677354 1
1 1082763677356 1
1 1082763677357 4
1 1082763677358 1
1 1082763677360 1
1 1082763677361 4
1 1082763677362 1
1 1082763677404 4
1 1082763677405 1
1 1082763677408 4
1 1082763677409 1
1 1082763677412 4
1 1082763677413 1
1 1082763677416 4
1 1082763677417 1
1 1082763677420 4
1 1082763677421 1
1 1082763677424 4
1 1082763677425 1
1 1082763677454 1
1 1082763677455 1
1 1082763677458 1
1 1082763677459 1
1 1082763677462 1
1 1082763677463 1
1 1082763677466 1
1 1082763677467 1
1 1082763677470 1
1 1082763677471 1
1 1082763677474 1
1 1082763677475 1
1 1082763677517 1
1 1082763677518 4
1 1082763677519 1
1 1082763677521 1
1 1082763677522 4
1 1082763677523 1
1 1082763677525 1
1 1082763677526 4
1 1082763677527 1
1 1082763677529 1
1 1082763677530 4
1 1082763677531 1
1 1082763677533 1
1 1082763677534 4
1 1082763677535 1
1 1082763677537 1
1 1082763677538 4
1 1082763677539 1
1 1082763677580 1
1 1082763677581 4
1 1082763677582 1
1 1082763677584 1
1 1082763677585 4
1 1082763677586 1
1 1082763677588 1
1 1082763677589 4
1 1082763677590 1
1 1082763677592 1
1 1082763677593 4
1 1082763677594 1
1 1082763677596 1
1 1082763677597 4
1 1082763677598 1
1 1082763677614 1
1 1082763677615 1
1 1082763677618 1
1 1082763677619 1
1 1082763677622 1
1 1082763677623 1
1 1082763677626 1
1 1082763677627 1
1 1082763677630 1
1 1082763677631 1
1 1082763677634 1
1 1082763677635 1
1 1082763677677 1
1 1082763677678 4
1 1082763677679 1
1 1082763677681 1
1 1082763677682 4
1 1082763677683 1
1 1082763677685 1
1 1082763677686 4
1 1082763677687 1
1 1082763677689 1
1 1082763677690 4
1 1082763677691 1
1 1082763677693 1
1 1082763677694 4
1 1082763677695 1
1 1082763677697 1
1 1082763677698 4
1 1082763677699 1
1 1082763677740 1
1 1082763677741 4
1 1082763677742 1
1 1082763677744 1
1 1082763677745 4
1 1082763677746 1
1 1082763677748 1
1 1082763677749 4
1 1082763677750 1
1 1082763677752 1
1 1082763677753 4
1 1082763677754 1
1 1082763677756 1
1 1082763677757 4
1 1082763677758 1
1 1082763677760 1
1 1082763677761 4
1 1082763677762 1
1 1082763677804 4
1 1082763677805 1
1 1082763677808 4
1 1082763677809 1
1 1082763677812 4
1 1082763677813 1
1 1082763677816 4
1 1082763677817 1
1 1082763677820 4
1 1082763677821 1
1 1082763677824 4
1 1082763677825 1
1 1082763677854 1
1 1082763677855 1
1 1082763677858 1
1 1082763677859 1
1 1082763677862 1
1 1082763677863 1
1 1082763677866 1
1 1082763677867 1
1 1082763677870 1
1 1082763677871 1
1 1082763677874 1
1 1082763677875 1
1 1082763677917 1
1 1082763677918 4
1 1082763677919 1
1 1082763677921 1
1 1082763677922 4
1 1082763677923 1
1 1082763677925 1
1 1082763677926 4
1 1082763677927 1
1 1082763677929 1
1 1082763677930 4
1 1082763677931 1
1 1082763677933 1
1 1082763677934 4
1 1082763677935 1
1 1082763677937 1
1 1082763677938 4
1 1082763677939 1
1 1082763677980 1
1 1082763677981 4
1 1082763677982 1
1 1082763677984 1
1 1082763677985 4
1 1082763677986 1
1 1082763677988 1
1 1082763677989 4
1 1082763677990 1
1 1082763677992 1
1 1082763677993 4
1 1082763677994 1
1 1082763677996 1
1 1082763677997 4
1 1082763677998 1
1 1082763678014 1
1 1082763678015 1
1 1082763678018 1
1 1082763678019 1
1 1082763678022 1
1 1082763678023 1
1 1082763678026 1
1 1082763678027 1
1 1082763678030 1
1 1082763678031 1
1 1082763678034 1
1 1082763678035 1
1 1082763678077 1
1 1082763678078 4
1 1082763678079 1
1 1082763678081 1
1 1082763678082 4
1 1082763678083 1
1 1082763678085 1
1 1082763678086 4
1 1082763678087 1
1 1082763678089 1
1 1082763678090 4
1 1082763678091 1
1 1082763678093 1
1 1082763678094 4
1 1082763678095 1
1 1082763678097 1
1 1082763678098 4
1 1082763678099 1
1 1082763678140 1
1 1082763678141 4
1 1082763678142 1
1 1082763678144 1
1 1082763678145 4
1 1082763678146 1
1 1082763678148 1
1 1082763678149 4
1 1082763678150 1
1 1082763678152 1
1 1082763678153 4
1 1082763678154 1
1 1082763678156 1
1 1082763678157 4
1 1082763678158 1
1 1082763678160 1
1 1082763678161 4
1 1082763678162 1
1 1082763678204 4
1 1082763678205 1
1 1082763678208 4
1 1082763678209 1
1 1082763678212 4
1 1082763678213 1
1 1082763678216 4
1 1082763678217 1
1 1082763678220 4
1 1082763678221 1
1 1082763678224 4
1 1082763678225 1
1 1082763678254 1
1 1082763678255 1
1 1082763678258 1
1 1082763678259 1
1 1082763678262 1
1 1082763678263 1
1 1082763678266 1
1 1082763678267 1
1 1082763678270 1
1 1082763678271 1
1 1082763678274 1
1 1082763678275 1
1 1082763678317 1
1 1082763678318 4
1 1082763678319 1
1 1082763678321 1
1 1082763678322 4
1 1082763678323 1
1 1082763678325 1
1 1082763678326 4
1 1082763678327 1
1 1082763678329 1
1 1082763678330 4
1 1082763678331 1
1 1082763678333 1
1 1082763678334 4
1 1082763678335 1
1 1082763678337 1
1 1082763678338 4
1 1082763678339 1
1 1082763678380 1
1 1082763678381 4
1 1082763678382 1
1 1082763678384 1
1 1082763678385 4
1 1082763678386 1
1 1082763678388 1
1 1082763678389 4
1 1082763678390 1
1 1082763678392 1
1 1082763678393 4
1 1082763678394 1
1 1082763678396 1
1 1082763678397 4
1 1082763678398 1
1 1082763678414 1
1 1082763678415 1
1 1082763678418 1
1 1082763678419 1
1 1082763678422 1
1 1082763678423 1
1 1082763678426 1
1 1082763678427 1
1 1082763678430 1
1 1082763678431 1
1 1082763678434 1
1 1082763678435 1
1 1082763678477 1
1 1082763678478 4
1 1082763678479 1
1 1082763678481 1
1 1082763678482 4
1 1082763678483 1
1 1082763678485 1
1 1082763678486 4
1 1082763678487 1
1 1082763678489 1
1 1082763678490 4
1 1082763678491 1
1 1082763678493 1
1 1082763678494 4
1 1082763678495 1
1 1082763678497 1
1 1082763678498 4
1 1082763678499 1
1 1082763678540 1
1 1082763678541 4
1 1082763678542 1
1 1082763678544 1
1 1082763678545 4
1 1082763678546 1
1 1082763678548 1
1 1082763678549 4
1 1082763678550 1
1 1082763678552 1
1 1082763678553 4
1 1082763678554 1
1 1082763678556 1
1 1082763678557 4
1 1082763678558 1
1 1082763678560 1
1 1082763678561 4
1 1082763678562 1
1 1082763678604 4
1 1082763678605 1
1 1082763678608 4
1 1082763678609 1
1 1082763678612 4
1 1082763678613 1
1 1082763678616 4
1 1082763678617 1
1 1082763678620 4
1 1082763678621 1
1 1082763678624 4
1 1082763678625 1
1 1082763678654 1
1 1082763678655 1
1 1082763678658 1
1 1082763678659 1
1 1082763678662 1
1 1082763678663 1
1 1082763678666 1
1 1082763678667 1
1 1082763678670 1
1 1082763678671 1
1 1082763678674 1
1 1082763678675 1
1 1082763678717 1
1 1082763678718 4
1 1082763678719 1
1 1082763678721 1
1 1082763678722 4
1 1082763678723 1
1 1082763678725 1
1 1082763678726 4
1 1082763678727 1
1 1082763678729 1
1 1082763678730 4
1 1082763678731 1
1 1082763678733 1
1 1082763678734 4
1 1082763678735 1
1 1082763678737 1
1 1082763678738 4
1 1082763678739 1
1 1082763678780 1
1 1082763678781 4
1 1082763678782 1
1 1082763678784 1
1 1082763678785 4
1 1082763678786 1
1 1082763678788 1
1 1082763678789 4
1 1082763678790 1
1 1082763678792 1
1 1082763678793 4
1 1082763678794 1
1 1082763678796 1
1 1082763678797 4
1 1082763678798 1
1 1082763678814 1
1 1082763678815 1
1 1082763678818 1
1 1082763678819 1
1 1082763678822 1
1 1082763678823 1
1 1082763678826 1
1 1082763678827 1
1 1082763678830 1
1 1082763678831 1
1 1082763678834 1
1 1082763678835 1
1 1082763678877 1
1 1082763678878 4
1 1082763678879 1
1 1082763678881 1
1 1082763678882 4
1 1082763678883 1
1 1082763678885 1
1 1082763678886 4
1 1082763678887 1
1 1082763678889 1
1 1082763678890 4
1 1082763678891 1
1 1082763678893 1
1 1082763678894 4
1 1082763678895 1
1 1082763678897 1
1 1082763678898 4
1 1082763678899 1
1 1082763678940 1
1 1082763678941 4
1 1082763678942 1
1 1082763678944 1
1 1082763678945 4
1 1082763678946 1
1 1082763678948 1
1 1082763678949 4
1 1082763678950 1
1 1082763678952 1
1 1082763678953 4
1 1082763678954 1
1 1082763678956 1
1 1082763678957 4
1 1082763678958 1
1 1082763678960 1
1 1082763678961 4
1 1082763678962 1
1 1082763679004 4
1 1082763679005 1
1 1082763679008 4
1 1082763679009 1
1 1082763679012 4
1 1082763679013 1
1 1082763679016 4
1 1082763679017 1
1 1082763679020 4
1 1082763679021 1
1 1082763679024 4
1 1082763679025 1
1 1082763679054 1
1 1082763679055 1
1 1082763679058 1
1 1082763679059 1
1 1082763679062 1
1 1082763679063 1
1 1082763679066 1
1 1082763679067 1
1 1082763679070 1
1 1082763679071 1
1 1082763679074 1
1 1082763679075 1
1 1082763679117 1
1 1082763679118 4
1 1082763679119 1
1 1082763679121 1
1 1082763679122 4
1 1082763679123 1
1 1082763679125 1
1 1082763679126 4
1 1082763679127 1
1 1082763679129 1
1 1082763679130 4
1 1082763679131 1
1 1082763679133 1
1 1082763679134 4
1 1082763679135 1
1 1082763679137 1
1 1082763679138 4
1 1082763679139 1
1 1082763679180 1
1 1082763679181 4
1 1082763679182 1
1 1082763679184 1
1 1082763679185 4
1 1082763679186 1
1 1082763679188 1
1 1082763679189 4
1 1082763679190 1
1 1082763679192 1
1 1082763679193 4
1 1082763679194 1
1 1082763679196 1
1 1082763679197 4
1 1082763679198 1
1 1082763679214 1
1 1082763679215 1
1 1082763679218 1
1 1082763679219 1
1 1082763679222 1
1 1082763679223 1
1 1082763679226 1
1 1082763679227 1
1 1082763679230 1
1 1082763679231 1
1 1082763679234 1
1 1082763679235 1
1 1082763679277 1
1 1082763679278 4
1 1082763679279 1
1 1082763679281 1
1 1082763679282 4
1 1082763679283 1
1 1082763679285 1
1 1082763679286 4
1 1082763679287 1
1 1082763679289 1
1 1082763679290 4
1 1082763679291 1
1 1082763679293 1
1 1082763679294 4
1 1082763679295 1
1 1082763679297 1
1 1082763679298 4
1 1082763679299 1
1 1082763679340 1
1 1082763679341 4
1 1082763679342 1
1 1082763679344 1
1 1082763679345 4
1 1082763679346 1
1 1082763679348 1
1 1082763679349 4
1 1082763679350 1
1 1082763679352 1
1 1082763679353 4
1 1082763679354 1
1 1082763679356 1
1 1082763679357 4
1 1082763679358 1
1 1082763679360 1
1 1082763679361 4
1 1082763679362 1
1 1082763679404 4
1 1082763679405 1
1 1082763679408 4
1 1082763679409 1
1 1082763679412 4
1 1082763679413 1
1 1082763679416 4
1 1082763679417 1
1 1082763679420 4
1 1082763679421 1
1 1082763679424 4
1 1082763679425 1
1 1082763679454 1
1 1082763679455 1
1 1082763679458 1
1 1082763679459 1
1 1082763679462 1
1 1082763679463 1
1 1082763679466 1
1 1082763679467 1
1 1082763679470 1
1 1082763679471 1
1 1082763679474 1
1 1082763679475 1
1 1082763679517 1
1 1082763679518 4
1 1082763679519 1
1 1082763679521 1
1 1082763679522 4
1 1082763679523 1
1 1082763679525 1
1 1082763679526 4
1 1082763679527 1
1 1082763679529 1
1 1082763679530 4
1 1082763679531 1
1 1082763679533 1
1 1082763679534 4
1 1082763679535 1
1 1082763679537 1
1 1082763679538 4
1 1082763679539 1
1 1082763679580 1
1 1082763679581 4
1 1082763679582 1
1 1082763679584 1
1 1082763679585 4
1 1082763679586 1
1 1082763679588 1
1 1082763679589 4
1 1082763679590 1
1 1082763679592 1
1 1082763679593 4
1 1082763679594 1
1 1082763679596 1
1 1082763679597 4
1 1082763679598 1
1 1082763679614 1
1 1082763679615 1
1 1082763679618 1
1 1082763679619 1
1 1082763679622 1
1 1082763679623 1
1 1082763679626 1
1 1082763679627 1
1 1082763679630 1
1 1082763679631 1
1 1082763679634 1
1 1082763679635 1
1 1082763679677 1
1 1082763679678 4
1 1082763679679 1
1 1082763679681 1
1 1082763679682 4
1 1082763679683 1
1 1082763679685 1
1 1082763679686 4
1 1082763679687 1
1 1082763679689 1
1 1082763679690 4
1 1082763679691 1
1 1082763679693 1
1 1082763679694 4
1 1082763679695 1
1 1082763679697 1
1 1082763679698 4
1 1082763679699 1
1 1082763679740 1
1 1082763679741 4
1 1082763679742 1
1 1082763679744 1
1 1082763679745 4
1 1082763679746 1
1 1082763679748 1
1 1082763679749 4
1 1082763679750 1
1 1082763679752 1
1 1082763679753 4
1 1082763679754 1
1 1082763679756 1
1 1082763679757 4
1 1082763679758 1
1 1082763679760 1
1 1082763679761 4
1 1082763679762 1
1 1082763679804 4
1 1082763679805 1
1 1082763679808 4
1 1082763679809 1
1 1082763679812 4
1 1082763679813 1
1 1082763679816 4
1 1082763679817 1
1 1082763679820 4
1 1082763679821 1
1 1082763679824 4
1 1082763679825 1
1 1082763679854 1
1 1082763679855 1
1 1082763679858 1
1 1082763679859 1
1 1082763679862 1
1 1082763679863 1
1 1082763679866 1
1 1082763679867 1
1 1082763679870 1
1 1082763679871 1
1 1082763679874 1
1 1082763679875 1
1 1082763679917 1
1 1082763679918 4
1 1082763679919 1
1 1082763679921 1
1 1082763679922 4
1 1082763679923 1
1 1082763679925 1
1 1082763679926 4
1 1082763679927 1
1 1082763679929 1
1 1082763679930 4
1 1082763679931 1
1 1082763679933 1
1 1082763679934 4
1 1082763679935 1
1 1082763679937 1
1 1082763679938 4
1 1082763679939 1
1 1082763679980 1
1 1082763679981 4
1 1082763679982 1
1 1082763679984 1
1 1082763679985 4
1 1082763679986 1
1 1082763679988 1
1 1082763679989 4
1 1082763679990 1
1 1082763679992 1
1 1082763679993 4
1 1082763679994 1
1 1082763679996 1
1 1082763679997 4
1 1082763679998 1
1 1082763680014 1
1 1082763680015 1
1 1082763680018 1
1 1082763680019 1
1 1082763680022 1
1 1082763680023 1
1 1082763680026 1
1 1082763680027 1
1 1082763680030 1
1 1082763680031 1
1 1082763680034 1
1 1082763680035 1
1 1082763680077 1
1 1082763680078 4
1 1082763680079 1
1 1082763680081 1
1 1082763680082 4
1 1082763680083 1
1 1082763680085 1
1 1082763680086 4
1 1082763680087 1
1 1082763680089 1
1 1082763680090 4
1 1082763680091 1
1 1082763680093 1
1 1082763680094 4
1 1082763680095 1
1 1082763680097 1
1 1082763680098 4
1 1082763680099 1
1 1082763680140 1
1 1082763680141 4
1 1082763680142 1
1 1082763680144 1
1 1082763680145 4
1 1082763680146 1
1 1082763680148 1
1 1082763680149 4
1 1082763680150 1
1 1082763680152 1
1 1082763680153 4
1 1082763680154 1
1 1082763680156 1
1 1082763680157 4
1 1082763680158 1
1 1082763680160 1
1 1082763680161 4
1 1082763680162 1
1 1082763680204 4
1 1082763680205 1
1 1082763680208 4
1 1082763680209 1
1 1082763680212 4
1 1082763680213 1
1 1082763680216 4
1 1082763680217 1
1 1082763680220 4
1 1082763680221 1
1 1082763680224 4
1 1082763680225 1
1 1082763680254 1
1 1082763680255 1
1 1082763680258 1
1 1082763680259 1
1 1082763680262 1
1 1082763680263 1
1 1082763680266 1
1 1082763680267 1
1 1082763680270 1
1 1082763680271 1
1 1082763680274 1
1 1082763680275 1
1 1082763680317 1
1 1082763680318 4
1 1082763680319 1
1 1082763680321 1
1 1082763680322 4
1 1082763680323 1
1 1082763680325 1
1 1082763680326 4
1 1082763680327 1
1 1082763680329 1
1 1082763680330 4
1 1082763680331 1
1 1082763680333 1
1 1082763680334 4
1 1082763680335 1
1 1082763680337 1
1 1082763680338 4
1 1082763680339 1
1 1082763680380 1
1 1082763680381 4
1 1082763680382 1
1 1082763680384 1
1 1082763680385 4
1 1082763680386 1
1 1082763680388 1
1 1082763680389 4
1 1082763680390 1
1 1082763680392 1
1 1082763680393 4
1 1082763680394 1
1 1082763680396 1
1 1082763680397 4
1 1082763680398 1
1 1082763680414 1
1 1082763680415 1
1 1082763680418 1
1 1082763680419 1
1 1082763680422 1
1 1082763680423 1
1 1082763680426 1
1 1082763680427 1
1 1082763680430 1
1 1082763680431 1
1 1082763680434 1
1 1082763680435 1
1 1082763680477 1
1 1082763680478 4
1 1082763680479 1
1 1082763680481 1
1 1082763680482 4
1 1082763680483 1
1 1082763680485 1
1 1082763680486 4
1 1082763680487 1
1 1082763680489 1
1 1082763680490 4
1 1082763680491 1
1 1082763680493 1
1 1082763680494 4
1 1082763680495 1
1 1082763680497 1
1 1082763680498 4
1 1082763680499 1
1 1082763680540 1
1 1082763680541 4
1 1082763680542 1
1 1082763680544 1
1 1082763680545 4
1 1082763680546 1
1 1082763680548 1
1 1082763680549 4
1 1082763680550 1
1 1082763680552 1
1 1082763680553 4
1 1082763680554 1
1 1082763680556 1
1 1082763680557 4
1 1082763680558 1
1 1082763680560 1
1 1082763680561 4
1 1082763680562 1
1 1082763680604 4
1 1082763680605 1
1 1082763680608 4
1 1082763680609 1
1 1082763680612 4
1 1082763680613 1
1 1082763680616 4
1 1082763680617 1
1 1082763680620 4
1 1082763680621 1
1 1082763680624 4
1 1082763680625 1
1 1082763680654 1
1 1082763680655 1
1 1082763680658 1
1 1082763680659 1
1 1082763680662 1
1 1082763680663 1
1 1082763680666 1
1 1082763680667 1
1 1082763680670 1
1 1082763680671 1
1 1082763680674 1
1 1082763680675 1
1 1082763680717 1
1 1082763680718 4
1 1082763680719 1
1 1082763680721 1
1 1082763680722 4
1 1082763680723 1
1 1082763680725 1
1 1082763680726 4
1 1082763680727 1
1 1082763680729 1
1 1082763680730 4
1 1082763680731 1
1 1082763680733 1
1 1082763680734 4
1 1082763680735 1
1 1082763680737 1
1 1082763680738 4
1 1082763680739 1
1 1082763680780 1
1 1082763680781 4
1 1082763680782 1
1 1082763680784 1
1 1082763680785 4
1 1082763680786 1
1 1082763680788 1
1 1082763680789 4
1 1082763680790 1
1 1082763680792 1
1 1082763680793 4
1 1082763680794 1
1 1082763680796 1
1 1082763680797 4
1 1082763680798 1
1 1082763680814 1
1 1082763680815 1
1 1082763680818 1
1 1082763680819 1
1 1082763680822 1
1 1082763680823 1
1 1082763680826 1
1 1082763680827 1
1 1082763680830 1
1 1082763680831 1
1 1082763680834 1
1 1082763680835 1
1 1082763680877 1
1 1082763680878 4
1 1082763680879 1
1 1082763680881 1
1 1082763680882 4
1 1082763680883 1
1 1082763680885 1
1 1082763680886 4
1 1082763680887 1
1 1082763680889 1
1 1082763680890 4
1 1082763680891 1
1 1082763680893 1
1 1082763680894 4
1 1082763680895 1
1 1082763680897 1
1 1082763680898 4
1 1082763680899 1
1 1082763680940 1
1 1082763680941 4
1 1082763680942 1
1 1082763680944 1
1 1082763680945 4
1 1082763680946 1
1 1082763680948 1
1 1082763680949 4
1 1082763680950 1
1 1082763680952 1
1 1082763680953 4
1 1082763680954 1
1 1082763680956 1
1 1082763680957 4
1 1082763680958 1
1 1082763680960 1
1 1082763680961 4
1 1082763680962 1
1 1082763681004 4
1 1082763681005 1
1 1082763681008 4
1 1082763681009 1
1 1082763681012 4
1 1082763681013 1
1 1082763681016 4
1 1082763681017 1
1 1082763681020 4
1 1082763681021 1
1 1082763681024 4
1 1082763681025 1
1 1082763681054 1
1 1082763681055 1
1 1082763681058 1
1 1082763681059 1
1 1082763681062 1
1 1082763681063 1
1 1082763681066 1
1 1082763681067 1
1 1082763681070 1
1 1082763681071 1
1 1082763681074 1
1 1082763681075 1
1 1082763681117 1
1 1082763681118 4
1 1082763681119 1
1 1082763681121 1
1 1082763681122 4
1 1082763681123 1
1 1082763681125 1
1 1082763681126 4
1 1082763681127 1
1 1082763681129 1
1 1082763681130 4
1 1082763681131 1
1 1082763681133 1
1 1082763681134 4
1 1082763681135 1
1 1082763681137 1
1 1082763681138 4
1 1082763681139 1
1 1082763681180 1
1 1082763681181 4
1 1082763681182 1
1 1082763681184 1
1 1082763681185 4
1 1082763681186 1
1 1082763681188 1
1 1082763681189 4
1 1082763681190 1
1 1082763681192 1
1 1082763681193 4
1 1082763681194 1
1 1082763681196 1
1 1082763681197 4
1 1082763681198 1
1 1082763681214 1
1 1082763681215 1
1 1082763681218 1
1 1082763681219 1
1 1082763681222 1
1 1082763681223 1
1 1082763681226 1
1 1082763681227 1
1 1082763681230 1
1 1082763681231 1
1 1082763681234 1
1 1082763681235 1
1 1082763681277 1
1 1082763681278 4
1 1082763681279 1
1 1082763681281 1
1 1082763681282 4
1 1082763681283 1
1 1082763681285 1
1 1082763681286 4
1 1082763681287 1
1 1082763681289 1
1 1082763681290 4
1 1082763681291 1
1 1082763681293 1
1 1082763681294 4
1 1082763681295 1
1 1082763681297 1
1 1082763681298 4
1 1082763681299 1
1 1082763681340 1
1 1082763681341 4
1 1082763681342 1
1 1082763681344 1
1 1082763681345 4
1 1082763681346 1
1 1082763681348 1
1 1082763681349 4
1 1082763681350 1
1 1082763681352 1
1 1082763681353 4
1 1082763681354 1
1 1082763681356 1
1 1082763681357 4
1 1082763681358 1
1 1082763681360 1
1 1082763681361 4
1 1082763681362 1
1 1082763681404 4
1 1082763681405 1
1 1082763681408 4
1 1082763681409 1
1 1082763681412 4
1 1082763681413 1
1 1082763681416 4
1 1082763681417 1
1 1082763681420 4
1 1082763681421 1
1 1082763681424 4
1 1082763681425 1
1 1082763681454 1
1 1082763681455 1
1 1082763681458 1
1 1082763681459 1
1 1082763681462 1
1 1082763681463 1
1 1082763681466 1
1 1082763681467 1
1 1082763681470 1
1 1082763681471 1
1 1082763681474 1
1 1082763681475 1
1 1082763681517 1
1 1082763681518 4
1 1082763681519 1
1 1082763681521 1
1 1082763681522 4
1 1082763681523 1
1 1082763681525 1
1 1082763681526 4
1 1082763681527 1
1 1082763681529 1
1 1082763681530 4
1 1082763681531 1
1 1082763681533 1
1 1082763681534 4
1 1082763681535 1
1 1082763681537 1
1 1082763681538 4
1 1082763681539 1
1 1082763681580 1
1 1082763681581 4
1 1082763681582 1
1 1082763681584 1
1 1082763681585 4
1 1082763681586 1
1 1082763681588 1
1 1082763681589 4
1 1082763681590 1
1 1082763681592 1
1 1082763681593 4
1 1082763681594 1
1 1082763681596 1
1 1082763681597 4
1 1082763681598 1
1 1082763681614 1
1 1082763681615 1
1 1082763681618 1
1 1082763681619 1
1 1082763681622 1
1 1082763681623 1
1 1082763681626 1
1 1082763681627 1
1 1082763681630 1
1 1082763681631 1
1 1082763681634 1
1 1082763681635 1
1 1082763681677 1
1 1082763681678 4
1 1082763681679 1
1 1082763681681 1
1 1082763681682 4
1 1082763681683 1
1 1082763681685 1
1 1082763681686 4
1 1082763681687 1
1 1082763681689 1
1 1082763681690 4
1 1082763681691 1
1 1082763681693 1
1 1082763681694 4
1 1082763681695 1
1 1082763681697 1
1 1082763681698 4
1 1082763681699 1
1 1082763681740 1
1 1082763681741 4
1 1082763681742 1
1 1082763681744 1
1 1082763681745 4
1 1082763681746 1
1 1082763681748 1
1 1082763681749 4
1 1082763681750 1
1 1082763681752 1
1 1082763681753 4
1 1082763681754 1
1 1082763681756 1
1 1082763681757 4
1 1082763681758 1
1 1082763681760 1
1 1082763681761 4
1 1082763681762 1
1 1082763681804 4
1 1082763681805 1
1 1082763681808 4
1 1082763681809 1
1 1082763681812 4
1 1082763681813 1
1 1082763681816 4
1 1082763681817 1
1 1082763681820 4
1 1082763681821 1
1 1082763681824 4
1 1082763681825 1
1 1082763681854 1
1 1082763681855 1
1 1082763681858 1
1 1082763681859 1
1 1082763681862 1
1 1082763681863 1
1 1082763681866 1
1 1082763681867 1
1 1082763681870 1
1 1082763681871 1
1 1082763681874 1
1 1082763681875 1
1 1082763681917 1
1 1082763681918 4
1 1082763681919 1
1 1082763681921 1
1 1082763681922 4
1 1082763681923 1
1 1082763681925 1
1 1082763681926 4
1 1082763681927 1
1 1082763681929 1
1 1082763681930 4
1 1082763681931 1
1 1082763681933 1
1 1082763681934 4
1 1082763681935 1
1 1082763681937 1
1 1082763681938 4
1 1082763681939 1
1 1082763681980 1
1 1082763681981 4
1 1082763681982 1
1 1082763681984 1
1 1082763681985 4
1 1082763681986 1
1 1082763681988 1
1 1082763681989 4
1 1082763681990 1
1 1082763681992 1
1 1082763681993 4
1 1082763681994 1
1 1082763681996 1
1 1082763681997 4
1 1082763681998 1
1 1082763682014 1
1 1082763682015 1
1 1082763682018 1
1 1082763682019 1
1 1082763682022 1
1 1082763682023 1
1 1082763682026 1
1 1082763682027 1
1 1082763682030 1
1 1082763682031 1
1 1082763682034 1
1 1082763682035 1
1 1082763682077 1
1 1082763682078 4
1 1082763682079 1
1 1082763682081 1
1 1082763682082 4
1 1082763682083 1
1 1082763682085 1
1 1082763682086 4
1 1082763682087 1
1 1082763682089 1
1 1082763682090 4
1 1082763682091 1
1 1082763682093 1
1 1082763682094 4
1 1082763682095 1
1 1082763682097 1
1 1082763682098 4
1 1082763682099 1
1 1082763682140 1
1 1082763682141 4
1 1082763682142 1
1 1082763682144 1
1 1082763682145 4
1 1082763682146 1
1 1082763682148 1
1 1082763682149 4
1 1082763682150 1
1 1082763682152 1
1 1082763682153 4
1 1082763682154 1
1 1082763682156 1
1 1082763682157 4
1 1082763682158 1
1 1082763682160 1
1 1082763682161 4
1 1082763682162 1
1 1082763682204 4
1 1082763682205 1
1 1082763682208 4
1 1082763682209 1
1 1082763682212 4
1 1082763682213 1
1 1082763682216 4
1 1082763682217 1
1 1082763682220 4
1 1082763682221 1
1 1082763682224 4
1 1082763682225 1
1 1082763682254 1
1 1082763682255 1
1 1082763682258 1
1 1082763682259 1
1 1082763682262 1
1 1082763682263 1
1 1082763682266 1
1 1082763682267 1
1 1082763682270 1
1 1082763682271 1
1 1082763682274 1
1 1082763682275 1
1 1082763682317 1
1 1082763682318 4
1 1082763682319 1
1 1082763682321 1
1 1082763682322 4
1 1082763682323 1
1 1082763682325 1
1 1082763682326 4
1 1082763682327 1
1 1082763682329 1
1 1082763682330 4
1 1082763682331 1
1 1082763682333 1
1 1082763682334 4
1 1082763682335 1
1 1082763682337 1
1 1082763682338 4
1 1082763682339 1
1 1082763682380 1
1 1082763682381 4
1 1082763682382 1
1 1082763682384 1
1 1082763682385 4
1 1082763682386 1
1 1082763682388 1
1 1082763682389 4
1 1082763682390 1
1 1082763682392 1
1 1082763682393 4
1 1082763682394 1
1 1082763682396 1
1 1082763682397 4
1 1082763682398 1
1 1082763682414 1
1 1082763682415 1
1 1082763682418 1
1 1082763682419 1
1 1082763682422 1
1 1082763682423 1
1 1082763682426 1
1 1082763682427 1
1 1082763682430 1
1 1082763682431 1
1 1082763682434 1
1 1082763682435 1
1 1082763682477 1
1 1082763682478 4
1 1082763682479 1
1 1082763682481 1
1 1082763682482 4
1 1082763682483 1
1 1082763682485 1
1 1082763682486 4
1 1082763682487 1
1 1082763682489 1
1 1082763682490 4
1 1082763682491 1
1 1082763682493 1
1 1082763682494 4
1 1082763682495 1
1 1082763682497 1
1 1082763682498 4
1 1082763682499 1
1 1082763682540 1
1 1082763682541 4
1 1082763682542 1
1 1082763682544 1
1 1082763682545 4
1 1082763682546 1
1 1082763682548 1
1 1082763682549 4
1 1082763682550 1
1 1082763682552 1
1 1082763682553 4
1 1082763682554 1
1 1082763682556 1
1 1082763682557 4
1 1082763682558 1
1 1082763682560 1
1 1082763682561 4
1 1082763682562 1
1 1082763682604 4
1 1082763682605 1
1 1082763682608 4
1 1082763682609 1
1 1082763682612 4
1 1082763682613 1
1 1082763682616 4
1 1082763682617 1
1 1082763682620 4
1 1082763682621 1
1 1082763682624 4
1 1082763682625 1
1 1082763682654 1
1 1082763682655 1
1 1082763682658 1
1 1082763682659 1
1 1082763682662 1
1 1082763682663 1
1 1082763682666 1
1 1082763682667 1
1 1082763682670 1
1 1082763682671 1
1 1082763682674 1
1 1082763682675 1
1 1082763682717 1
1 1082763682718 4
1 1082763682719 1
1 1082763682721 1
1 1082763682722 4
1 1082763682723 1
1 1082763682725 1
1 1082763682726 4
1 1082763682727 1
1 1082763682729 1
1 1082763682730 4
1 1082763682731 1
1 1082763682733 1
1 1082763682734 4
1 1082763682735 1
1 1082763682737 1
1 1082763682738 4
1 1082763682739 1
1 1082763682780 1
1 1082763682781 4
1 1082763682782 1
1 1082763682784 1
1 1082763682785 4
1 1082763682786 1
1 1082763682788 1
1 1082763682789 4
1 1082763682790 1
1 1082763682792 1
1 1082763682793 4
1 1082763682794 1
1 1082763682796 1
1 1082763682797 4
1 1082763682798 1
1 1082763682814 1
1 1082763682815 1
1 1082763682818 1
1 1082763682819 1
1 1082763682822 1
1 1082763682823 1
1 1082763682826 1
1 1082763682827 1
1 1082763682830 1
1 1082763682831 1
1 1082763682834 1
1 1082763682835 1
1 1082763682877 1
1 1082763682878 4
1 1082763682879 1
1 1082763682881 1
1 1082763682882 4
1 1082763682883 1
1 1082763682885 1
1 1082763682886 4
1 1082763682887 1
1 1082763682889 1
1 1082763682890 4
1 1082763682891 1
1 1082763682893 1
1 1082763682894 4
1 1082763682895 1
1 1082763682897 1
1 1082763682898 4
1 1082763682899 1
1 1082763682940 1
1 1082763682941 4
1 1082763682942 1
1 1082763682944 1
1 1082763682945 4
1 1082763682946 1
1 1082763682948 1
1 1082763682949 4
1 1082763682950 1
1 1082763682952 1
1 1082763682953 4
1 1082763682954 1
1 1082763682956 1
1 1082763682957 4
1 1082763682958 1
1 1082763682960 1
1 1082763682961 4
1 1082763682962 1
1 1082763683004 4
1 1082763683005 1
1 1082763683008 4
1 1082763683009 1
1 1082763683012 4
1 1082763683013 1
1 1082763683016 4
1 1082763683017 1
1 1082763683020 4
1 1082763683021 1
1 1082763683024 4
1 1082763683025 1
1 1082763683054 1
1 1082763683055 1
1 1082763683058 1
1 1082763683059 1
1 1082763683062 1
1 1082763683063 1
1 1082763683066 1
1 1082763683067 1
1 1082763683070 1
1 1082763683071 1
1 1082763683074 1
1 1082763683075 1
1 1082763683117 1
1 1082763683118 4
1 1082763683119 1
1 1082763683121 1
1 1082763683122 4
1 1082763683123 1
1 1082763683125 1
1 1082763683126 4
1 1082763683127 1
1 1082763683129 1
1 1082763683130 4
1 1082763683131 1
1 1082763683133 1
1 1082763683134 4
1 1082763683135 1
1 1082763683137 1
1 1082763683138 4
1 1082763683139 1
1 1082763683180 1
1 1082763683181 4
1 1082763683182 1
1 1082763683184 1
1 1082763683185 4
1 1082763683186 1
1 1082763683188 1
1 1082763683189 4
1 1082763683190 1
1 1082763683192 1
1 1082763683193 4
1 1082763683194 1
1 1082763683196 1
1 1082763683197 4
1 1082763683198 1
1 1082763683214 1
1 1082763683215 1
1 1082763683218 1
1 1082763683219 1
1 1082763683222 1
1 1082763683223 1
1 1082763683226 1
1 1082763683227 1
1 1082763683230 1
1 1082763683231 1
1 1082763683234 1
1 1082763683235 1
1 1082763683277 1
1 1082763683278 4
1 1082763683279 1
1 1082763683281 1
1 1082763683282 4
1 1082763683283 1
1 1082763683285 1
1 1082763683286 4
1 1082763683287 1
1 1082763683289 1
1 1082763683290 4
1 1082763683291 1
1 1082763683293 1
1 1082763683294 4
1 1082763683295 1
1 1082763683297 1
1 1082763683298 4
1 1082763683299 1
1 1082763683340 1
1 1082763683341 4
1 1082763683342 1
1 1082763683344 1
1 1082763683345 4
1 1082763683346 1
1 1082763683348 1
1 1082763683349 4
1 1082763683350 1
1 1082763683352 1
1 1082763683353 4
1 1082763683354 1
1 1082763683356 1
1 1082763683357 4
1 1082763683358 1
1 1082763683360 1
1 1082763683361 4
1 1082763683362 1
1 1082763683404 4
1 1082763683405 1
1 1082763683408 4
1 1082763683409 1
1 1082763683412 4
1 1082763683413 1
1 1082763683416 4
1 1082763683417 1
1 1082763683420 4
1 1082763683421 1
1 1082763683424 4
1 1082763683425 1
1 1082763683454 1
1 1082763683455 1
1 1082763683458 1
1 1082763683459 1
1 1082763683462 1
1 1082763683463 1
1 1082763683466 1
1 1082763683467 1
1 1082763683470 1
1 1082763683471 1
1 1082763683474 1
1 1082763683475 1
1 1082763683517 1
1 1082763683518 4
1 1082763683519 1
1 1082763683521 1
1 1082763683522 4
1 1082763683523 1
1 1082763683525 1
1 1082763683526 4
1 1082763683527 1
1 1082763683529 1
1 1082763683530 4
1 1082763683531 1
1 1082763683533 1
1 1082763683534 4
1 1082763683535 1
1 1082763683537 1
1 1082763683538 4
1 1082763683539 1
1 1082763683580 1
1 1082763683581 4
1 1082763683582 1
1 1082763683584 1
1 1082763683585 4
1 1082763683586 1
1 1082763683588 1
1 1082763683589 4
1 1082763683590 1
1 1082763683592 1
1 1082763683593 4
1 1082763683594 1
1 1082763683596 1
1 1082763683597 4
1 1082763683598 1
1 1082763683614 1
1 1082763683615 1
1 1082763683618 1
1 1082763683619 1
1 1082763683622 1
1 1082763683623 1
1 1082763683626 1
1 1082763683627 1
1 1082763683630 1
1 1082763683631 1
1 1082763683634 1
1 1082763683635 1
1 1082763683677 1
1 1082763683678 4
1 1082763683679 1
1 1082763683681 1
1 1082763683682 4
1 1082763683683 1
1 1082763683685 1
1 1082763683686 4
1 1082763683687 1
1 1082763683689 1
1 1082763683690 4
1 1082763683691 1
1 1082763683693 1
1 1082763683694 4
1 1082763683695 1
1 1082763683697 1
1 1082763683698 4
1 1082763683699 1
1 1082763683740 1
1 1082763683741 4
1 1082763683742 1
1 1082763683744 1
1 1082763683745 4
1 1082763683746 1
1 1082763683748 1
1 1082763683749 4
1 1082763683750 1
1 1082763683752 1
1 1082763683753 4
1 1082763683754 1
1 1082763683756 1
1 1082763683757 4
1 1082763683758 1
1 1082763683760 1
1 1082763683761 4
1 1082763683762 1
1 1082763683804 4
1 1082763683805 1
1 1082763683808 4
1 1082763683809 1
1 1082763683812 4
1 1082763683813 1
1 1082763683816 4
1 1082763683817 1
1 1082763683820 4
1 1082763683821 1
1 1082763683824 4
1 1082763683825 1
1 1082763683854 1
1 1082763683855 1
1 1082763683858 1
1 1082763683859 1
1 1082763683862 1
1 1082763683863 1
1 1082763683866 1
1 1082763683867 1
1 1082763683870 1
1 1082763683871 1
1 1082763683874 1
1 1082763683875 1
1 1082763683917 1
1 1082763683918 4
1 1082763683919 1
1 1082763683921 1
1 1082763683922 4
1 1082763683923 1
1 1082763683925 1
1 1082763683926 4
1 1082763683927 1
1 1082763683929 1
1 1082763683930 4
1 1082763683931 1
1 1082763683933 1
1 1082763683934 4
1 1082763683935 1
1 1082763683937 1
1 1082763683938 4
1 1082763683939 1
1 1082763683980 1
1 1082763683981 4
1 1082763683982 1
1 1082763683984 1
1 1082763683985 4
1 1082763683986 1
1 1082763683988 1
1 1082763683989 4
1 1082763683990 1
1 1082763683992 1
1 1082763683993 4
1 1082763683994 1
1 1082763683996 1
1 1082763683997 4
1 1082763683998 1
1 1082763684014 1
1 1082763684015 1
1 1082763684018 1
1 1082763684019 1
1 1082763684022 1
1 1082763684023 1
1 1082763684026 1
1 1082763684027 1
1 1082763684030 1
1 1082763684031 1
1 1082763684034 1
1 1082763684035 1
1 1082763684077 1
1 1082763684078 4
1 1082763684079 1
1 1082763684081 1
1 1082763684082 4
1 1082763684083 1
1 1082763684085 1
1 1082763684086 4
1 1082763684087 1
1 1082763684089 1
1 1082763684090 4
1 1082763684091 1
1 1082763684093 1
1 1082763684094 4
1 1082763684095 1
1 1082763684097 1
1 1082763684098 4
1 1082763684099 1
1 1082763684140 1
1 1082763684141 4
1 1082763684142 1
1 1082763684144 1
1 1082763684145 4
1 1082763684146 1
1 1082763684148 1
1 1082763684149 4
1 1082763684150 1
1 1082763684152 1
1 1082763684153 4
1 1082763684154 1
1 1082763684156 1
1 1082763684157 4
1 1082763684158 1
1 1082763684160 1
1 1082763684161 4
1 1082763684162 1
1 1082763684204 4
1 1082763684205 1
1 1082763684208 4
1 1082763684209 1
1 1082763684212 4
1 1082763684213 1
1 1082763684216 4
1 1082763684217 1
1 1082763684220 4
1 1082763684221 1
1 1082763684224 4
1 1082763684225 1
1 1082763684254 1
1 1082763684255 1
1 1082763684258 1
1 1082763684259 1
1 1082763684262 1
1 1082763684263 1
1 1082763684266 1
1 1082763684267 1
1 1082763684270 1
1 1082763684271 1
1 1082763684274 1
1 1082763684275 1
1 1082763684317 1
1 1082763684318 4
1 1082763684319 1
1 1082763684321 1
1 1082763684322 4
1 1082763684323 1
1 1082763684325 1
1 1082763684326 4
1 1082763684327 1
1 1082763684329 1
1 1082763684330 4
1 1082763684331 1
1 1082763684333 1
1 1082763684334 4
1 1082763684335 1
1 1082763684337 1
1 1082763684338 4
1 1082763684339 1
1 1082763684380 1
1 1082763684381 4
1 1082763684382 1
1 1082763684384 1
1 1082763684385 4
1 1082763684386 1
1 1082763684388 1
1 1082763684389 4
1 1082763684390 1
1 1082763684392 1
1 1082763684393 4
1 1082763684394 1
1 1082763684396 1
1 1082763684397 4
1 1082763684398 1
1 1082763684414 1
1 1082763684415 1
1 1082763684418 1
1 1082763684419 1
1 1082763684422 1
1 1082763684423 1
1 1082763684426 1
1 1082763684427 1
1 1082763684430 1
1 1082763684431 1
1 1082763684434 1
1 1082763684435 1
1 1082763684477 1
1 1082763684478 4
1 1082763684479 1
1 1082763684481 1
1 1082763684482 4
1 1082763684483 1
1 1082763684485 1
1 1082763684486 4
1 1082763684487 1
1 1082763684489 1
1 1082763684490 4
1 1082763684491 1
1 1082763684493 1
1 1082763684494 4
1 1082763684495 1
1 1082763684497 1
1 1082763684498 4
1 1082763684499 1
1 1082763684540 1
1 1082763684541 4
1 1082763684542 1
1 1082763684544 1
1 1082763684545 4
1 1082763684546 1
1 1082763684548 1
1 1082763684549 4
1 1082763684550 1
1 1082763684552 1
1 1082763684553 4
1 1082763684554 1
1 1082763684556 1
1 1082763684557 4
1 1082763684558 1
1 1082763684560 1
1 1082763684561 4
1 1082763684562 1
1 1082763684604 4
1 1082763684605 1
1 1082763684608 4
1 1082763684609 1
1 1082763684612 4
1 1082763684613 1
1 1082763684616 4
1 1082763684617 1
1 1082763684620 4
1 1082763684621 1
1 1082763684624 4
1 1082763684625 1
1 1082763684654 1
1 1082763684655 1
1 1082763684658 1
1 1082763684659 1
1 1082763684662 1
1 1082763684663 1
1 1082763684666 1
1 1082763684667 1
1 1082763684670 1
1 1082763684671 1
1 1082763684674 1
1 1082763684675 1
1 1082763684717 1
1 1082763684718 4
1 1082763684719 1
1 1082763684721 1
1 1082763684722 4
1 1082763684723 1
1 1082763684725 1
1 1082763684726 4
1 1082763684727 1
1 1082763684729 1
1 1082763684730 4
1 1082763684731 1
1 1082763684733 1
1 1082763684734 4
1 1082763684735 1
1 1082763684737 1
1 1082763684738 4
1 1082763684739 1
1 1082763684780 1
1 1082763684781 4
1 1082763684782 1
1 1082763684784 1
1 1082763684785 4
1 1082763684786 1
1 1082763684788 1
1 1082763684789 4
1 1082763684790 1
1 1082763684792 1
1 1082763684793 4
1 1082763684794 1
1 1082763684796 1
1 1082763684797 4
1 1082763684798 1
1 1082763684814 1
1 1082763684815 1
1 1082763684818 1
1 1082763684819 1
1 1082763684822 1
1 1082763684823 1
1 1082763684826 1
1 1082763684827 1
1 1082763684830 1
1 1082763684831 1
1 1082763684834 1
1 1082763684835 1
1 1082763684877 1
1 1082763684878 4
1 1082763684879 1
1 1082763684881 1
1 1082763684882 4
1 1082763684883 1
1 1082763684885 1
1 1082763684886 4
1 1082763684887 1
1 1082763684889 1
1 1082763684890 4
1 1082763684891 1
1 1082763684893 1
1 1082763684894 4
1 1082763684895 1
1 1082763684897 1
1 1082763684898 4
1 1082763684899 1
1 1082763684940 1
1 1082763684941 4
1 1082763684942 1
1 1082763684944 1
1 1082763684945 4
1 1082763684946 1
1 1082763684948 1
1 1082763684949 4
1 1082763684950 1
1 1082763684952 1
1 1082763684953 4
1 1082763684954 1
1 1082763684956 1
1 1082763684957 4
1 1082763684958 1
1 1082763684960 1
1 1082763684961 4
1 1082763684962 1
1 1082763685004 4
1 1082763685005 1
1 1082763685008 4
1 1082763685009 1
1 1082763685012 4
1 1082763685013 1
1 1082763685016 4
1 1082763685017 1
1 1082763685020 4
1 1082763685021 1
1 1082763685024 4
1 1082763685025 1
1 1082763685054 1
1 1082763685055 1
1 1082763685058 1
1 1082763685059 1
1 1082763685062 1
1 1082763685063 1
1 1082763685066 1
1 1082763685067 1
1 1082763685070 1
1 1082763685071 1
1 1082763685074 1
1 1082763685075 1
1 1082763685117 1
1 1082763685118 4
1 1082763685119 1
1 1082763685121 1
1 1082763685122 4
1 1082763685123 1
1 1082763685125 1
1 1082763685126 4
1 1082763685127 1
1 1082763685129 1
1 1082763685130 4
1 1082763685131 1
1 1082763685133 1
1 1082763685134 4
1 1082763685135 1
1 1082763685137 1
1 1082763685138 4
1 1082763685139 1
1 1082763685180 1
1 1082763685181 4
1 1082763685182 1
1 1082763685184 1
1 1082763685185 4
1 1082763685186 1
1 1082763685188 1
1 1082763685189 4
1 1082763685190 1
1 1082763685192 1
1 1082763685193 4
1 1082763685194 1
1 1082763685196 1
1 1082763685197 4
1 1082763685198 1
1 1082763685214 1
1 1082763685215 1
1 1082763685218 1
1 1082763685219 1
1 1082763685222 1
1 1082763685223 1
1 1082763685226 1
1 1082763685227 1
1 1082763685230 1
1 1082763685231 1
1 1082763685234 1
1 1082763685235 1
1 1082763685277 1
1 1082763685278 4
1 1082763685279 1
1 1082763685281 1
1 1082763685282 4
1 1082763685283 1
1 1082763685285 1
1 1082763685286 4
1 1082763685287 1
1 1082763685289 1
1 1082763685290 4
1 1082763685291 1
1 1082763685293 1
1 1082763685294 4
1 1082763685295 1
1 1082763685297 1
1 1082763685298 4
1 1082763685299 1
1 1082763685340 1
1 1082763685341 4
1 1082763685342 1
1 1082763685344 1
1 1082763685345 4
1 1082763685346 1
1 1082763685348 1
1 1082763685349 4
1 1082763685350 1
1 1082763685352 1
1 1082763685353 4
1 1082763685354 1
1 1082763685356 1
1 1082763685357 4
1 1082763685358 1
1 1082763685360 1
1 1082763685361 4
1 1082763685362 1
1 1082763685404 4
1 1082763685405 1
1 1082763685408 4
1 1082763685409 1
1 1082763685412 4
1 1082763685413 1
1 1082763685416 4
1 1082763685417 1
1 1082763685420 4
1 1082763685421 1
1 1082763685424 4
1 1082763685425 1
1 1082763685454 1
1 1082763685455 1
1 1082763685458 1
1 1082763685459 1
1 1082763685462 1
1 1082763685463 1
1 1082763685466 1
1 1082763685467 1
1 1082763685470 1
1 1082763685471 1
1 1082763685474 1
1 1082763685475 1
1 1082763685517 1
1 1082763685518 4
1 1082763685519 1
1 1082763685521 1
1 1082763685522 4
1 1082763685523 1
1 1082763685525 1
1 1082763685526 4
1 1082763685527 1
1 1082763685529 1
1 1082763685530 4
1 1082763685531 1
1 1082763685533 1
1 1082763685534 4
1 1082763685535 1
1 1082763685537 1
1 1082763685538 4
1 1082763685539 1
1 1082763685580 1
1 1082763685581 4
1 1082763685582 1
1 1082763685584 1
1 1082763685585 4
1 1082763685586 1
1 1082763685588 1
1 1082763685589 4
1 1082763685590 1
1 1082763685592 1
1 1082763685593 4
1 1082763685594 1
1 1082763685596 1
1 1082763685597 4
1 1082763685598 1
1 1082763685614 1
1 1082763685615 1
1 1082763685618 1
1 1082763685619 1
1 1082763685622 1
1 1082763685623 1
1 1082763685626 1
1 1082763685627 1
1 1082763685630 1
1 1082763685631 1
1 1082763685634 1
1 1082763685635 1
1 1082763685677 1
1 1082763685678 4
1 1082763685679 1
1 1082763685681 1
1 1082763685682 4
1 1082763685683 1
1 1082763685685 1
1 1082763685686 4
1 1082763685687 1
1 1082763685689 1
1 1082763685690 4
1 1082763685691 1
1 1082763685693 1
1 1082763685694 4
1 1082763685695 1
1 1082763685697 1
1 1082763685698 4
1 1082763685699 1
1 1082763685740 1
1 1082763685741 4
1 1082763685742 1
1 1082763685744 1
1 1082763685745 4
1 1082763685746 1
1 1082763685748 1
1 1082763685749 4
1 1082763685750 1
1 1082763685752 1
1 1082763685753 4
1 1082763685754 1
1 1082763685756 1
1 1082763685757 4
1 1082763685758 1
1 1082763685760 1
1 1082763685761 4
1 1082763685762 1
1 1082763685804 4
1 1082763685805 1
1 1082763685808 4
1 1082763685809 1
1 1082763685812 4
1 1082763685813 1
1 1082763685816 4
1 1082763685817 1
1 1082763685820 4
1 1082763685821 1
1 1082763685824 4
1 1082763685825 1
1 1082763685854 1
1 1082763685855 1
1 1082763685858 1
1 1082763685859 1
1 1082763685862 1
1 1082763685863 1
1 1082763685866 1
1 1082763685867 1
1 1082763685870 1
1 1082763685871 1
1 1082763685874 1
1 1082763685875 1
1 1082763685917 1
1 1082763685918 4
1 1082763685919 1
1 1082763685921 1
1 1082763685922 4
1 1082763685923 1
1 1082763685925 1
1 1082763685926 4
1 1082763685927 1
1 1082763685929 1
1 1082763685930 4
1 1082763685931 1
1 1082763685933 1
1 1082763685934 4
1 1082763685935 1
1 1082763685937 1
1 1082763685938 4
1 1082763685939 1
1 1082763685980 1
1 1082763685981 4
1 1082763685982 1
1 1082763685984 1
1 1082763685985 4
1 1082763685986 1
1 1082763685988 1
1 1082763685989 4
1 1082763685990 1
1 1082763685992 1
1 1082763685993 4
1 1082763685994 1
1 1082763685996 1
1 1082763685997 4
1 1082763685998 1
1 1082763686014 1
1 1082763686015 1
1 1082763686018 1
1 1082763686019 1
1 1082763686022 1
1 1082763686023 1
1 1082763686026 1
1 1082763686027 1
1 1082763686030 1
1 1082763686031 1
1 1082763686034 1
1 1082763686035 1
1 1082763686077 1
1 1082763686078 4
1 1082763686079 1
1 1082763686081 1
1 1082763686082 4
1 1082763686083 1
1 1082763686085 1
1 1082763686086 4
1 1082763686087 1
1 1082763686089 1
1 1082763686090 4
1 1082763686091 1
1 1082763686093 1
1 1082763686094 4
1 1082763686095 1
1 1082763686097 1
1 1082763686098 4
1 1082763686099 1
1 1082763686140 1
1 1082763686141 4
1 1082763686142 1
1 1082763686144 1
1 1082763686145 4
1 1082763686146 1
1 1082763686148 1
1 1082763686149 4
1 1082763686150 1
1 1082763686152 1
1 1082763686153 4
1 1082763686154 1
1 1082763686156 1
1 1082763686157 4
1 1082763686158 1
1 1082763686160 1
1 1082763686161 4
1 1082763686162 1
1 1082763686204 4
1 1082763686205 1
1 1082763686208 4
1 1082763686209 1
1 1082763686212 4
1 1082763686213 1
1 1082763686216 4
1 1082763686217 1
1 1082763686220 4
1 1082763686221 1
1 1082763686224 4
1 1082763686225 1
1 1082763686254 1
1 1082763686255 1
1 1082763686258 1
1 1082763686259 1
1 1082763686262 1
1 1082763686263 1
1 1082763686266 1
1 1082763686267 1
1 1082763686270 1
1 1082763686271 1
1 1082763686274 1
1 1082763686275 1
1 1082763686317 1
1 1082763686318 4
1 1082763686319 1
1 1082763686321 1
1 1082763686322 4
1 1082763686323 1
1 1082763686325 1
1 1082763686326 4
1 1082763686327 1
1 1082763686329 1
1 1082763686330 4
1 1082763686331 1
1 1082763686333 1
1 1082763686334 4
1 1082763686335 1
1 1082763686337 1
1 1082763686338 4
1 1082763686339 1
1 1082763686380 1
1 1082763686381 4
1 1082763686382 1
1 1082763686384 1
1 1082763686385 4
1 1082763686386 1
1 1082763686388 1
1 1082763686389 4
1 1082763686390 1
1 1082763686392 1
1 1082763686393 4
1 1082763686394 1
1 1082763686396 1
1 1082763686397 4
1 1082763686398 1
1 1082763686414 1
1 1082763686415 1
1 1082763686418 1
1 1082763686419 1
1 1082763686422 1
1 1082763686423 1
1 1082763686426 1
1 1082763686427 1
1 1082763686430 1
1 1082763686431 1
1 1082763686434 1
1 1082763686435 1
1 1082763686477 1
1 1082763686478 4
1 1082763686479 1
1 1082763686481 1
1 1082763686482 4
1 1082763686483 1
1 1082763686485 1
1 1082763686486 4
1 1082763686487 1
1 1082763686489 1
1 1082763686490 4
1 1082763686491 1
1 1082763686493 1
1 1082763686494 4
1 1082763686495 1
1 1082763686497 1
1 1082763686498 4
1 1082763686499 1
1 1082763686540 1
1 1082763686541 4
1 1082763686542 1
1 1082763686544 1
1 1082763686545 4
1 1082763686546 1
1 1082763686548 1
1 1082763686549 4
1 1082763686550 1
1 1082763686552 1
1 1082763686553 4
1 1082763686554 1
1 1082763686556 1
1 1082763686557 4
1 1082763686558 1
1 1082763686560 1
1 1082763686561 4
1 1082763686562 1
1 1082763686604 4
1 1082763686605 1
1 1082763686608 4
1 1082763686609 1
1 1082763686612 4
1 1082763686613 1
1 1082763686616 4
1 1082763686617 1
1 1082763686620 4
1 1082763686621 1
1 1082763686624 4
1 1082763686625 1
1 1082763686654 1
1 1082763686655 1
1 1082763686658 1
1 1082763686659 1
1 1082763686662 1
1 1082763686663 1
1 1082763686666 1
1 1082763686667 1
1 1082763686670 1
1 1082763686671 1
1 1082763686674 1
1 1082763686675 1
1 1082763686717 1
1 1082763686718 4
1 1082763686719 1
1 1082763686721 1
1 1082763686722 4
1 1082763686723 1
1 1082763686725 1
1 1082763686726 4
1 1082763686727 1
1 1082763686729 1
1 1082763686730 4
1 1082763686731 1
1 1082763686733 1
1 1082763686734 4
1 1082763686735 1
1 1082763686737 1
1 1082763686738 4
1 1082763686739 1
1 1082763686780 1
1 1082763686781 4
1 1082763686782 1
1 1082763686784 1
1 1082763686785 4
1 1082763686786 1
1 1082763686788 1
1 1082763686789 4
1 1082763686790 1
1 1082763686792 1
1 1082763686793 4
1 1082763686794 1
1 1082763686796 1
1 1082763686797 4
1 1082763686798 1
1 1082763686814 1
1 1082763686815 1
1 1082763686818 1
1 1082763686819 1
1 1082763686822 1
1 1082763686823 1
1 1082763686826 1
1 1082763686827 1
1 1082763686830 1
1 1082763686831 1
1 1082763686834 1
1 1082763686835 1
1 1082763686877 1
1 1082763686878 4
1 1082763686879 1
1 1082763686881 1
1 1082763686882 4
1 1082763686883 1
1 1082763686885 1
1 1082763686886 4
1 1082763686887 1
1 1082763686889 1
1 1082763686890 4
1 1082763686891 1
1 1082763686893 1
1 1082763686894 4
1 1082763686895 1
1 1082763686897 1
1 1082763686898 4
1 1082763686899 1
1 1082763686940 1
1 1082763686941 4
1 1082763686942 1
1 1082763686944 1
1 1082763686945 4
1 1082763686946 1
1 1082763686948 1
1 1082763686949 4
1 1082763686950 1
1 1082763686952 1
1 1082763686953 4
1 1082763686954 1
1 1082763686956 1
1 1082763686957 4
1 1082763686958 1
1 1082763686960 1
1 1082763686961 4
1 1082763686962 1
1 1082763687004 4
1 1082763687005 1
1 1082763687008 4
1 1082763687009 1
1 1082763687012 4
1 1082763687013 1
1 1082763687016 4
1 1082763687017 1
1 1082763687020 4
1 1082763687021 1
1 1082763687024 4
1 1082763687025 1
1 1082763687054 1
1 1082763687055 1
1 1082763687058 1
1 1082763687059 1
1 1082763687062 1
1 1082763687063 1
1 1082763687066 1
1 1082763687067 1
1 1082763687070 1
1 1082763687071 1
1 1082763687074 1
1 1082763687075 1
1 1082763687117 1
1 1082763687118 4
1 1082763687119 1
1 1082763687121 1
1 1082763687122 4
1 1082763687123 1
1 1082763687125 1
1 1082763687126 4
1 1082763687127 1
1 1082763687129 1
1 1082763687130 4
1 1082763687131 1
1 1082763687133 1
1 1082763687134 4
1 1082763687135 1
1 1082763687137 1
1 1082763687138 4
1 1082763687139 1
1 1082763687180 1
1 1082763687181 4
1 1082763687182 1
1 1082763687184 1
1 1082763687185 4
1 1082763687186 1
1 1082763687188 1
1 1082763687189 4
1 1082763687190 1
1 1082763687192 1
1 1082763687193 4
1 1082763687194 1
1 1082763687196 1
1 1082763687197 4
1 1082763687198 1
1 1082763687214 1
1 1082763687215 1
1 1082763687218 1
1 1082763687219 1
1 1082763687222 1
1 1082763687223 1
1 1082763687226 1
1 1082763687227 1
1 1082763687230 1
1 1082763687231 1
1 1082763687234 1
1 1082763687235 1
1 1082763687277 1
1 1082763687278 4
1 1082763687279 1
1 1082763687281 1
1 1082763687282 4
1 1082763687283 1
1 1082763687285 1
1 1082763687286 4
1 1082763687287 1
1 1082763687289 1
1 1082763687290 4
1 1082763687291 1
1 1082763687293 1
1 1082763687294 4
1 1082763687295 1
1 1082763687297 1
1 1082763687298 4
1 1082763687299 1
1 1082763687340 1
1 1082763687341 4
1 1082763687342 1
1 1082763687344 1
1 1082763687345 4
1 1082763687346 1
1 1082763687348 1
1 1082763687349 4
1 1082763687350 1
1 1082763687352 1
1 1082763687353 4
1 1082763687354 1
1 1082763687356 1
1 1082763687357 4
1 1082763687358 1
1 1082763687360 1
1 1082763687361 4
1 1082763687362 1
1 1082763687404 4
1 1082763687405 1
1 1082763687408 4
1 1082763687409 1
1 1082763687412 4
1 1082763687413 1
1 1082763687416 4
1 1082763687417 1
1 1082763687420 4
1 1082763687421 1
1 1082763687424 4
1 1082763687425 1
1 1082763687454 1
1 1082763687455 1
1 1082763687458 1
1 1082763687459 1
1 1082763687462 1
1 1082763687463 1
1 1082763687466 1
1 1082763687467 1
1 1082763687470 1
1 1082763687471 1
1 1082763687474 1
1 1082763687475 1
1 1082763687517 1
1 1082763687518 4
1 1082763687519 1
1 1082763687521 1
1 1082763687522 4
1 1082763687523 1
1 1082763687525 1
1 1082763687526 4
1 1082763687527 1
1 1082763687529 1
1 1082763687530 4
1 1082763687531 1
1 1082763687533 1
1 1082763687534 4
1 1082763687535 1
1 1082763687537 1
1 1082763687538 4
1 1082763687539 1
1 1082763687580 1
1 1082763687581 4
1 1082763687582 1
1 1082763687584 1
1 1082763687585 4
1 1082763687586 1
1 1082763687588 1
1 1082763687589 4
1 1082763687590 1
1 1082763687592 1
1 1082763687593 4
1 1082763687594 1
1 1082763687596 1
1 1082763687597 4
1 1082763687598 1
1 1082763687614 1
1 1082763687615 1
1 1082763687618 1
1 1082763687619 1
1 1082763687622 1
1 1082763687623 1
1 1082763687626 1
1 1082763687627 1
1 1082763687630 1
1 1082763687631 1
1 1082763687634 1
1 1082763687635 1
1 1082763687677 1
1 1082763687678 4
1 1082763687679 1
1 1082763687681 1
1 1082763687682 4
1 1082763687683 1
1 1082763687685 1
1 1082763687686 4
1 1082763687687 1
1 1082763687689 1
1 1082763687690 4
1 1082763687691 1
1 1082763687693 1
1 1082763687694 4
1 1082763687695 1
1 1082763687697 1
1 1082763687698 4
1 1082763687699 1
1 1082763687740 1
1 1082763687741 4
1 1082763687742 1
1 1082763687744 1
1 1082763687745 4
1 1082763687746 1
1 1082763687748 1
1 1082763687749 4
1 1082763687750 1
1 1082763687752 1
1 1082763687753 4
1 1082763687754 1
1 1082763687756 1
1 1082763687757 4
1 1082763687758 1
1 1082763687760 1
1 1082763687761 4
1 1082763687762 1
1 1082763687804 4
1 1082763687805 1
1 1082763687808 4
1 1082763687809 1
1 1082763687812 4
1 1082763687813 1
1 1082763687816 4
1 1082763687817 1
1 1082763687820 4
1 1082763687821 1
1 1082763687824 4
1 1082763687825 1
1 1082763687854 1
1 1082763687855 1
1 1082763687858 1
1 1082763687859 1
1 1082763687862 1
1 1082763687863 1
1 1082763687866 1
1 1082763687867 1
1 1082763687870 1
1 1082763687871 1
1 1082763687874 1
1 1082763687875 1
1 1082763687917 1
1 1082763687918 4
1 1082763687919 1
1 1082763687921 1
1 1082763687922 4
1 1082763687923 1
1 1082763687925 1
1 1082763687926 4
1 1082763687927 1
1 1082763687929 1
1 1082763687930 4
1 1082763687931 1
1 1082763687933 1
1 1082763687934 4
1 1082763687935 1
1 1082763687937 1
1 1082763687938 4
1 1082763687939 1
1 1082763687980 1
1 1082763687981 4
1 1082763687982 1
1 1082763687984 1
1 1082763687985 4
1 1082763687986 1
1 1082763687988 1
1 1082763687989 4
1 1082763687990 1
1 1082763687992 1
1 1082763687993 4
1 1082763687994 1
1 1082763687996 1
1 1082763687997 4
1 1082763687998 1
1 1082763688014 1
1 1082763688015 1
1 1082763688018 1
1 1082763688019 1
1 1082763688022 1
1 1082763688023 1
1 1082763688026 1
1 1082763688027 1
1 1082763688030 1
1 1082763688031 1
1 1082763688034 1
1 1082763688035 1
1 1082763688077 1
1 1082763688078 4
1 1082763688079 1
1 1082763688081 1
1 1082763688082 4
1 1082763688083 1
1 1082763688085 1
1 1082763688086 4
1 1082763688087 1
1 1082763688089 1
1 1082763688090 4
1 1082763688091 1
1 1082763688093 1
1 1082763688094 4
1 1082763688095 1
1 1082763688097 1
1 1082763688098 4
1 1082763688099 1
1 1082763688140 1
1 1082763688141 4
1 1082763688142 1
1 1082763688144 1
1 1082763688145 4
1 1082763688146 1
1 1082763688148 1
1 1082763688149 4
1 1082763688150 1
1 1082763688152 1
1 1082763688153 4
1 1082763688154 1
1 1082763688156 1
1 1082763688157 4
1 1082763688158 1
1 1082763688160 1
1 1082763688161 4
1 1082763688162 1
1 1082763688204 4
1 1082763688205 1
1 1082763688208 4
1 1082763688209 1
1 1082763688212 4
1 1082763688213 1
1 1082763688216 4
1 1082763688217 1
1 1082763688220 4
1 1082763688221 1
1 1082763688224 4
1 1082763688225 1
1 1082763688254 1
1 1082763688255 1
1 1082763688258 1
1 1082763688259 1
1 1082763688262 1
1 1082763688263 1
1 1082763688266 1
1 1082763688267 1
1 1082763688270 1
1 1082763688271 1
1 1082763688274 1
1 1082763688275 1
1 1082763688317 1
1 1082763688318 4
1 1082763688319 1
1 1082763688321 1
1 1082763688322 4
1 1082763688323 1
1 1082763688325 1
1 1082763688326 4
1 1082763688327 1
1 1082763688329 1
1 1082763688330 4
1 1082763688331 1
1 1082763688333 1
1 1082763688334 4
1 1082763688335 1
1 1082763688337 1
1 1082763688338 4
1 1082763688339 1
1 1082763688380 1
1 1082763688381 4
1 1082763688382 1
1 1082763688384 1
1 1082763688385 4
1 1082763688386 1
1 1082763688388 1
1 1082763688389 4
1 1082763688390 1
1 1082763688392 1
1 1082763688393 4
1 1082763688394 1
1 1082763688396 1
1 1082763688397 4
1 1082763688398 1
1 1082763688414 1
1 1082763688415 1
1 1082763688418 1
1 1082763688419 1
1 1082763688422 1
1 1082763688423 1
1 1082763688426 1
1 1082763688427 1
1 1082763688430 1
1 1082763688431 1
1 1082763688434 1
1 1082763688435 1
1 1082763688477 1
1 1082763688478 4
1 1082763688479 1
1 1082763688481 1
1 1082763688482 4
1 1082763688483 1
1 1082763688485 1
1 1082763688486 4
1 1082763688487 1
1 1082763688489 1
1 1082763688490 4
1 1082763688491 1
1 1082763688493 1
1 1082763688494 4
1 1082763688495 1
1 1082763688497 1
1 1082763688498 4
1 1082763688499 1
1 1082763688540 1
1 1082763688541 4
1 1082763688542 1
1 1082763688544 1
1 1082763688545 4
1 1082763688546 1
1 1082763688548 1
1 1082763688549 4
1 1082763688550 1
1 1082763688552 1
1 1082763688553 4
1 1082763688554 1
1 1082763688556 1
1 1082763688557 4
1 1082763688558 1
1 1082763688560 1
1 1082763688561 4
1 1082763688562 1
1 1082763688604 4
1 1082763688605 1
1 1082763688608 4
1 1082763688609 1
1 1082763688612 4
1 1082763688613 1
1 1082763688616 4
1 1082763688617 1
1 1082763688620 4
1 1082763688621 1
1 1082763688624 4
1 1082763688625 1
1 1082763688654 1
1 1082763688655 1
1 1082763688658 1
1 1082763688659 1
1 1082763688662 1
1 1082763688663 1
1 1082763688666 1
1 1082763688667 1
1 1082763688670 1
1 1082763688671 1
1 1082763688674 1
1 1082763688675 1
1 1082763688717 1
1 1082763688718 4
1 1082763688719 1
1 1082763688721 1
1 1082763688722 4
1 1082763688723 1
1 1082763688725 1
1 1082763688726 4
1 1082763688727 1
1 1082763688729 1
1 1082763688730 4
1 1082763688731 1
1 1082763688733 1
1 1082763688734 4
1 1082763688735 1
1 1082763688737 1
1 1082763688738 4
1 1082763688739 1
1 1082763688780 1
1 1082763688781 4
1 1082763688782 1
1 1082763688784 1
1 1082763688785 4
1 1082763688786 1
1 1082763688788 1
1 1082763688789 4
1 1082763688790 1
1 1082763688792 1
1 1082763688793 4
1 1082763688794 1
1 1082763688796 1
1 1082763688797 4
1 1082763688798 1
1 1082763688814 1
1 1082763688815 1
1 1082763688818 1
1 1082763688819 1
1 1082763688822 1
1 1082763688823 1
1 1082763688826 1
1 1082763688827 1
1 1082763688830 1
1 1082763688831 1
1 1082763688834 1
1 1082763688835 1
1 1082763688877 1
1 1082763688878 4
1 1082763688879 1
1 1082763688881 1
1 1082763688882 4
1 1082763688883 1
1 1082763688885 1
1 1082763688886 4
1 1082763688887 1
1 1082763688889 1
1 1082763688890 4
1 1082763688891 1
1 1082763688893 1
1 1082763688894 4
1 1082763688895 1
1 1082763688897 1
1 1082763688898 4
1 1082763688899 1
1 1082763688940 1
1 1082763688941 4
1 1082763688942 1
1 1082763688944 1
1 1082763688945 4
1 1082763688946 1
1 1082763688948 1
1 1082763688949 4
1 1082763688950 1
1 1082763688952 1
1 1082763688953 4
1 1082763688954 1
1 1082763688956 1
1 1082763688957 4
1 1082763688958 1
1 1082763688960 1
1 1082763688961 4
1 1082763688962 1
1 1082763689004 4
1 1082763689005 1
1 1082763689008 4
1 1082763689009 1
1 1082763689012 4
1 1082763689013 1
1 1082763689016 4
1 1082763689017 1
1 1082763689020 4
1 1082763689021 1
1 1082763689024 4
1 1082763689025 1
1 1082763689054 1
1 1082763689055 1
1 1082763689058 1
1 1082763689059 1
1 1082763689062 1
1 1082763689063 1
1 1082763689066 1
1 1082763689067 1
1 1082763689070 1
1 1082763689071 1
1 1082763689074 1
1 1082763689075 1
1 1082763689117 1
1 1082763689118 4
1 1082763689119 1
1 1082763689121 1
1 1082763689122 4
1 1082763689123 1
1 1082763689125 1
1 1082763689126 4
1 1082763689127 1
1 1082763689129 1
1 1082763689130 4
1 1082763689131 1
1 1082763689133 1
1 1082763689134 4
1 1082763689135 1
1 1082763689137 1
1 1082763689138 4
1 1082763689139 1
1 1082763689180 1
1 1082763689181 4
1 1082763689182 1
1 1082763689184 1
1 1082763689185 4
1 1082763689186 1
1 1082763689188 1
1 1082763689189 4
1 1082763689190 1
1 1082763689192 1
1 1082763689193 4
1 1082763689194 1
1 1082763689196 1
1 1082763689197 4
1 1082763689198 1
1 1082763689214 1
1 1082763689215 1
1 1082763689218 1
1 1082763689219 1
1 1082763689222 1
1 1082763689223 1
1 1082763689226 1
1 1082763689227 1
1 1082763689230 1
1 1082763689231 1
1 1082763689234 1
1 1082763689235 1
1 1082763689277 1
1 1082763689278 4
1 1082763689279 1
1 1082763689281 1
1 1082763689282 4
1 1082763689283 1
1 1082763689285 1
1 1082763689286 4
1 1082763689287 1
1 1082763689289 1
1 1082763689290 4
1 1082763689291 1
1 1082763689293 1
1 1082763689294 4
1 1082763689295 1
1 1082763689297 1
1 1082763689298 4
1 1082763689299 1
1 1082763689340 1
1 1082763689341 4
1 1082763689342 1
1 1082763689344 1
1 1082763689345 4
1 1082763689346 1
1 1082763689348 1
1 1082763689349 4
1 1082763689350 1
1 1082763689352 1
1 1082763689353 4
1 1082763689354 1
1 1082763689356 1
1 1082763689357 4
1 1082763689358 1
1 1082763689360 1
1 1082763689361 4
1 1082763689362 1
1 1082763689404 4
1 1082763689405 1
1 1082763689408 4
1 1082763689409 1
1 1082763689412 4
1 1082763689413 1
1 1082763689416 4
1 1082763689417 1
1 1082763689420 4
1 1082763689421 1
1 1082763689424 4
1 1082763689425 1
1 1082763689454 1
1 1082763689455 1
1 1082763689458 1
1 1082763689459 1
1 1082763689462 1
1 1082763689463 1
1 1082763689466 1
1 1082763689467 1
1 1082763689470 1
1 1082763689471 1
1 1082763689474 1
1 1082763689475 1
1 1082763689517 1
1 1082763689518 4
1 1082763689519 1
1 1082763689521 1
1 1082763689522 4
1 1082763689523 1
1 1082763689525 1
1 1082763689526 4
1 1082763689527 1
1 1082763689529 1
1 1082763689530 4
1 1082763689531 1
1 1082763689533 1
1 1082763689534 4
1 1082763689535 1
1 1082763689537 1
1 1082763689538 4
1 1082763689539 1
1 1082763689580 1
1 1082763689581 4
1 1082763689582 1
1 1082763689584 1
1 1082763689585 4
1 1082763689586 1
1 1082763689588 1
1 1082763689589 4
1 1082763689590 1
1 1082763689592 1
1 1082763689593 4
1 1082763689594 1
1 1082763689596 1
1 1082763689597 4
1 1082763689598 1
1 1082763689614 1
1 1082763689615 1
1 1082763689618 1
1 1082763689619 1
1 1082763689622 1
1 1082763689623 1
1 1082763689626 1
1 1082763689627 1
1 1082763689630 1
1 1082763689631 1
1 1082763689634 1
1 1082763689635 1
1 1082763689677 1
1 1082763689678 4
1 1082763689679 1
1 1082763689681 1
1 1082763689682 4
1 1082763689683 1
1 1082763689685 1
1 1082763689686 4
1 1082763689687 1
1 1082763689689 1
1 1082763689690 4
1 1082763689691 1
1 1082763689693 1
1 1082763689694 4
1 1082763689695 1
1 1082763689697 1
1 1082763689698 4
1 1082763689699 1
1 1082763689740 1
1 1082763689741 4
1 1082763689742 1
1 1082763689744 1
1 1082763689745 4
1 1082763689746 1
1 1082763689748 1
1 1082763689749 4
1 1082763689750 1
1 1082763689752 1
1 1082763689753 4
1 1082763689754 1
1 1082763689756 1
1 1082763689757 4
1 1082763689758 1
1 1082763689760 1
1 1082763689761 4
1 1082763689762 1
1 1082763689804 4
1 1082763689805 1
1 1082763689808 4
1 1082763689809 1
1 1082763689812 4
1 1082763689813 1
1 1082763689816 4
1 1082763689817 1
1 1082763689820 4
1 1082763689821 1
1 1082763689824 4
1 1082763689825 1
1 1082763689854 1
1 1082763689855 1
1 1082763689858 1
1 1082763689859 1
1 1082763689862 1
1 1082763689863 1
1 1082763689866 1
1 1082763689867 1
1 1082763689870 1
1 1082763689871 1
1 1082763689874 1
1 1082763689875 1
1 1082763689917 1
1 1082763689918 4
1 1082763689919 1
1 1082763689921 1
1 1082763689922 4
1 1082763689923 1
1 1082763689925 1
1 1082763689926 4
1 1082763689927 1
1 1082763689929 1
1 1082763689930 4
1 1082763689931 1
1 1082763689933 1
1 1082763689934 4
1 1082763689935 1
1 1082763689937 1
1 1082763689938 4
1 1082763689939 1
1 1082763689980 1
1 1082763689981 4
1 1082763689982 1
1 1082763689984 1
1 1082763689985 4
1 1082763689986 1
1 1082763689988 1
1 1082763689989 4
1 1082763689990 1
1 1082763689992 1
1 1082763689993 4
1 1082763689994 1
1 1082763689996 1
1 1082763689997 4
1 1082763689998 1
1 1082763690014 1
1 1082763690015 1
1 1082763690018 1
1 1082763690019 1
1 1082763690022 1
1 1082763690023 1
1 1082763690026 1
1 1082763690027 1
1 1082763690030 1
1 1082763690031 1
1 1082763690034 1
1 1082763690035 1
1 1082763690077 1
1 1082763690078 4
1 1082763690079 1
1 1082763690081 1
1 1082763690082 4
1 1082763690083 1
1 1082763690085 1
1 1082763690086 4
1 1082763690087 1
1 1082763690089 1
1 1082763690090 4
1 1082763690091 1
1 1082763690093 1
1 1082763690094 4
1 1082763690095 1
1 1082763690097 1
1 1082763690098 4
1 1082763690099 1
1 1082763690140 1
1 1082763690141 4
1 1082763690142 1
1 1082763690144 1
1 1082763690145 4
1 1082763690146 1
1 1082763690148 1
1 1082763690149 4
1 1082763690150 1
1 1082763690152 1
1 1082763690153 4
1 1082763690154 1
1 1082763690156 1
1 1082763690157 4
1 1082763690158 1
1 1082763690160 1
1 1082763690161 4
1 1082763690162 1
1 1082763690204 4
1 1082763690205 1
1 1082763690208 4
1 1082763690209 1
1 1082763690212 4
1 1082763690213 1
1 1082763690216 4
1 1082763690217 1
1 1082763690220 4
1 1082763690221 1
1 1082763690224 4
1 1082763690225 1
1 1082763690254 1
1 1082763690255 1
1 1082763690258 1
1 1082763690259 1
1 1082763690262 1
1 1082763690263 1
1 1082763690266 1
1 1082763690267 1
1 1082763690270 1
1 1082763690271 1
1 1082763690274 1
1 1082763690275 1
1 1082763690317 1
1 1082763690318 4
1 1082763690319 1
1 1082763690321 1
1 1082763690322 4
1 1082763690323 1
1 1082763690325 1
1 1082763690326 4
1 1082763690327 1
1 1082763690329 1
1 1082763690330 4
1 1082763690331 1
1 1082763690333 1
1 1082763690334 4
1 1082763690335 1
1 1082763690337 1
1 1082763690338 4
1 1082763690339 1
1 1082763690380 1
1 1082763690381 4
1 1082763690382 1
1 1082763690384 1
1 1082763690385 4
1 1082763690386 1
1 1082763690388 1
1 1082763690389 4
1 1082763690390 1
1 1082763690392 1
1 1082763690393 4
1 1082763690394 1
1 1082763690396 1
1 1082763690397 4
1 1082763690398 1
1 1082763690414 1
1 1082763690415 1
1 1082763690418 1
1 1082763690419 1
1 1082763690422 1
1 1082763690423 1
1 1082763690426 1
1 1082763690427 1
1 1082763690430 1
1 1082763690431 1
1 1082763690434 1
1 1082763690435 1
1 1082763690477 1
1 1082763690478 4
1 1082763690479 1
1 1082763690481 1
1 1082763690482 4
1 1082763690483 1
1 1082763690485 1
1 1082763690486 4
1 1082763690487 1
1 1082763690489 1
1 1082763690490 4
1 1082763690491 1
1 1082763690493 1
1 1082763690494 4
1 1082763690495 1
1 1082763690497 1
1 1082763690498 4
1 1082763690499 1
1 1082763690540 1
1 1082763690541 4
1 1082763690542 1
1 1082763690544 1
1 1082763690545 4
1 1082763690546 1
1 1082763690548 1
1 1082763690549 4
1 1082763690550 1
1 1082763690552 1
1 1082763690553 4
1 1082763690554 1
1 1082763690556 1
1 1082763690557 4
1 1082763690558 1
1 1082763690560 1
1 1082763690561 4
1 1082763690562 1
1 1082763690604 4
1 1082763690605 1
1 1082763690608 4
1 1082763690609 1
1 1082763690612 4
1 1082763690613 1
1 1082763690616 4
1 1082763690617 1
1 1082763690620 4
1 1082763690621 1
1 1082763690624 4
1 1082763690625 1
1 1082763690654 1
1 1082763690655 1
1 1082763690658 1
1 1082763690659 1
1 1082763690662 1
1 1082763690663 1
1 1082763690666 1
1 1082763690667 1
1 1082763690670 1
1 1082763690671 1
1 1082763690674 1
1 1082763690675 1
1 1082763690717 1
1 1082763690718 4
1 1082763690719 1
1 1082763690721 1
1 1082763690722 4
1 1082763690723 1
1 1082763690725 1
1 1082763690726 4
1 1082763690727 1
1 1082763690729 1
1 1082763690730 4
1 1082763690731 1
1 1082763690733 1
1 1082763690734 4
1 1082763690735 1
1 1082763690737 1
1 1082763690738 4
1 1082763690739 1
1 1082763690780 1
1 1082763690781 4
1 1082763690782 1
1 1082763690784 1
1 1082763690785 4
1 1082763690786 1
1 1082763690788 1
1 1082763690789 4
1 1082763690790 1
1 1082763690792 1
1 1082763690793 4
1 1082763690794 1
1 1082763690796 1
1 1082763690797 4
1 1082763690798 1
1 1082763690814 1
1 1082763690815 1
1 1082763690818 1
1 1082763690819 1
1 1082763690822 1
1 1082763690823 1
1 1082763690826 1
1 1082763690827 1
1 1082763690830 1
1 1082763690831 1
1 1082763690834 1
1 1082763690835 1
1 1082763690877 1
1 1082763690878 4
1 1082763690879 1
1 1082763690881 1
1 1082763690882 4
1 1082763690883 1
1 1082763690885 1
1 1082763690886 4
1 1082763690887 1
1 1082763690889 1
1 1082763690890 4
1 1082763690891 1
1 1082763690893 1
1 1082763690894 4
1 1082763690895 1
1 1082763690897 1
1 1082763690898 4
1 1082763690899 1
1 1082763690940 1
1 1082763690941 4
1 1082763690942 1
1 1082763690944 1
1 1082763690945 4
1 1082763690946 1
1 1082763690948 1
1 1082763690949 4
1 1082763690950 1
1 1082763690952 1
1 1082763690953 4
1 1082763690954 1
1 1082763690956 1
1 1082763690957 4
1 1082763690958 1
1 1082763690960 1
1 1082763690961 4
1 1082763690962 1
1 1082763691004 4
1 1082763691005 1
1 1082763691008 4
1 1082763691009 1
1 1082763691012 4
1 1082763691013 1
1 1082763691016 4
1 1082763691017 1
1 1082763691020 4
1 1082763691021 1
1 1082763691024 4
1 1082763691025 1
1 1082763691054 1
1 1082763691055 1
1 1082763691058 1
1 1082763691059 1
1 1082763691062 1
1 1082763691063 1
1 1082763691066 1
1 1082763691067 1
1 1082763691070 1
1 1082763691071 1
1 1082763691074 1
1 1082763691075 1
1 1082763691117 1
1 1082763691118 4
1 1082763691119 1
1 1082763691121 1
1 1082763691122 4
1 1082763691123 1
1 1082763691125 1
1 1082763691126 4
1 1082763691127 1
1 1082763691129 1
1 1082763691130 4
1 1082763691131 1
1 1082763691133 1
1 1082763691134 4
1 1082763691135 1
1 1082763691137 1
1 1082763691138 4
1 1082763691139 1
1 1082763691180 1
1 1082763691181 4
1 1082763691182 1
1 1082763691184 1
1 1082763691185 4
1 1082763691186 1
1 1082763691188 1
1 1082763691189 4
1 1082763691190 1
1 1082763691192 1
1 1082763691193 4
1 1082763691194 1
1 1082763691196 1
1 1082763691197 4
1 1082763691198 1
1 1082763691214 1
1 1082763691215 1
1 1082763691218 1
1 1082763691219 1
1 1082763691222 1
1 1082763691223 1
1 1082763691226 1
1 1082763691227 1
1 1082763691230 1
1 1082763691231 1
1 1082763691234 1
1 1082763691235 1
1 1082763691277 1
1 1082763691278 4
1 1082763691279 1
1 1082763691281 1
1 1082763691282 4
1 1082763691283 1
1 1082763691285 1
1 1082763691286 4
1 1082763691287 1
1 1082763691289 1
1 1082763691290 4
1 1082763691291 1
1 1082763691293 1
1 1082763691294 4
1 1082763691295 1
1 1082763691297 1
1 1082763691298 4
1 1082763691299 1
1 1082763691340 1
1 1082763691341 4
1 1082763691342 1
1 1082763691344 1
1 1082763691345 4
1 1082763691346 1
1 1082763691348 1
1 1082763691349 4
1 1082763691350 1
1 1082763691352 1
1 1082763691353 4
1 1082763691354 1
1 1082763691356 1
1 1082763691357 4
1 1082763691358 1
1 1082763691360 1
1 1082763691361 4
1 1082763691362 1
1 1082763691404 4
1 1082763691405 1
1 1082763691408 4
1 1082763691409 1
1 1082763691412 4
1 1082763691413 1
1 1082763691416 4
1 1082763691417 1
1 1082763691420 4
1 1082763691421 1
1 1082763691424 4
1 1082763691425 1
1 1082763691454 1
1 1082763691455 1
1 1082763691458 1
1 1082763691459 1
1 1082763691462 1
1 1082763691463 1
1 1082763691466 1
1 1082763691467 1
1 1082763691470 1
1 1082763691471 1
1 1082763691474 1
1 1082763691475 1
1 1082763691517 1
1 1082763691518 4
1 1082763691519 1
1 1082763691521 1
1 1082763691522 4
1 1082763691523 1
1 1082763691525 1
1 1082763691526 4
1 1082763691527 1
1 1082763691529 1
1 1082763691530 4
1 1082763691531 1
1 1082763691533 1
1 1082763691534 4
1 1082763691535 1
1 1082763691537 1
1 1082763691538 4
1 1082763691539 1
1 1082763691580 1
1 1082763691581 4
1 1082763691582 1
1 1082763691584 1
1 1082763691585 4
1 1082763691586 1
1 1082763691588 1
1 1082763691589 4
1 1082763691590 1
1 1082763691592 1
1 1082763691593 4
1 1082763691594 1
1 1082763691596 1
1 1082763691597 4
1 1082763691598 1
1 1082763691614 1
1 1082763691615 1
1 1082763691618 1
1 1082763691619 1
1 1082763691622 1
1 1082763691623 1
1 1082763691626 1
1 1082763691627 1
1 1082763691630 1
1 1082763691631 1
1 1082763691634 1
1 1082763691635 1
1 1082763691677 1
1 1082763691678 4
1 1082763691679 1
1 1082763691681 1
1 1082763691682 4
1 1082763691683 1
1 1082763691685 1
1 1082763691686 4
1 1082763691687 1
1 1082763691689 1
1 1082763691690 4
1 1082763691691 1
1 1082763691693 1
1 1082763691694 4
1 1082763691695 1
1 1082763691697 1
1 1082763691698 4
1 1082763691699 1
1 1082763691740 1
1 1082763691741 4
1 1082763691742 1
1 1082763691744 1
1 1082763691745 4
1 1082763691746 1
1 1082763691748 1
1 1082763691749 4
1 1082763691750 1
1 1082763691752 1
1 1082763691753 4
1 1082763691754 1
1 1082763691756 1
1 1082763691757 4
1 1082763691758 1
1 1082763691760 1
1 1082763691761 4
1 1082763691762 1
1 1082763691804 4
1 1082763691805 1
1 1082763691808 4
1 1082763691809 1
1 1082763691812 4
1 1082763691813 1
1 1082763691816 4
1 1082763691817 1
1 1082763691820 4
1 1082763691821 1
1 1082763691824 4
1 1082763691825 1
1 1082763691854 1
1 1082763691855 1
1 1082763691858 1
1 1082763691859 1
1 1082763691862 1
1 1082763691863 1
1 1082763691866 1
1 1082763691867 1
1 1082763691870 1
1 1082763691871 1
1 1082763691874 1
1 1082763691875 1
1 1082763691917 1
1 1082763691918 4
1 1082763691919 1
1 1082763691921 1
1 1082763691922 4
1 1082763691923 1
1 1082763691925 1
1 1082763691926 4
1 1082763691927 1
1 1082763691929 1
1 1082763691930 4
1 1082763691931 1
1 1082763691933 1
1 1082763691934 4
1 1082763691935 1
1 1082763691937 1
1 1082763691938 4
1 1082763691939 1
1 1082763691980 1
1 1082763691981 4
1 1082763691982 1
1 1082763691984 1
1 1082763691985 4
1 1082763691986 1
1 1082763691988 1
1 1082763691989 4
1 1082763691990 1
1 1082763691992 1
1 1082763691993 4
1 1082763691994 1
1 1082763691996 1
1 1082763691997 4
1 1082763691998 1
1 1082763692014 1
1 1082763692015 1
1 1082763692018 1
1 1082763692019 1
1 1082763692022 1
1 1082763692023 1
1 1082763692026 1
1 1082763692027 1
1 1082763692030 1
1 1082763692031 1
1 1082763692034 1
1 1082763692035 1
1 1082763692077 1
1 1082763692078 4
1 1082763692079 1
1 1082763692081 1
1 1082763692082 4
1 1082763692083 1
1 1082763692085 1
1 1082763692086 4
1 1082763692087 1
1 1082763692089 1
1 1082763692090 4
1 1082763692091 1
1 1082763692093 1
1 1082763692094 4
1 1082763692095 1
1 1082763692097 1
1 1082763692098 4
1 1082763692099 1
1 1082763692140 1
1 1082763692141 4
1 1082763692142 1
1 1082763692144 1
1 1082763692145 4
1 1082763692146 1
1 1082763692148 1
1 1082763692149 4
1 1082763692150 1
1 1082763692152 1
1 1082763692153 4
1 1082763692154 1
1 1082763692156 1
1 1082763692157 4
1 1082763692158 1
1 1082763692160 1
1 1082763692161 4
1 1082763692162 1
1 1082763692204 4
1 1082763692205 1
1 1082763692208 4
1 1082763692209 1
1 1082763692212 4
1 1082763692213 1
1 1082763692216 4
1 1082763692217 1
1 1082763692220 4
1 1082763692221 1
1 1082763692224 4
1 1082763692225 1
1 1082763692254 1
1 1082763692255 1
1 1082763692258 1
1 1082763692259 1
1 1082763692262 1
1 1082763692263 1
1 1082763692266 1
1 1082763692267 1
1 1082763692270 1
1 1082763692271 1
1 1082763692274 1
1 1082763692275 1
1 1082763692317 1
1 1082763692318 4
1 1082763692319 1
1 1082763692321 1
1 1082763692322 4
1 1082763692323 1
1 1082763692325 1
1 1082763692326 4
1 1082763692327 1
1 1082763692329 1
1 1082763692330 4
1 1082763692331 1
1 1082763692333 1
1 1082763692334 4
1 1082763692335 1
1 1082763692337 1
1 1082763692338 4
1 1082763692339 1
1 1082763692380 1
1 1082763692381 4
1 1082763692382 1
1 1082763692384 1
1 1082763692385 4
1 1082763692386 1
1 1082763692388 1
1 1082763692389 4
1 1082763692390 1
1 1082763692392 1
1 1082763692393 4
1 1082763692394 1
1 1082763692396 1
1 1082763692397 4
1 1082763692398 1
1 1082763692414 1
1 1082763692415 1
1 1082763692418 1
1 1082763692419 1
1 1082763692422 1
1 1082763692423 1
1 1082763692426 1
1 1082763692427 1
1 1082763692430 1
1 1082763692431 1
1 1082763692434 1
1 1082763692435 1
1 1082763692477 1
1 1082763692478 4
1 1082763692479 1
1 1082763692481 1
1 1082763692482 4
1 1082763692483 1
1 1082763692485 1
1 1082763692486 4
1 1082763692487 1
1 1082763692489 1
1 1082763692490 4
1 1082763692491 1
1 1082763692493 1
1 1082763692494 4
1 1082763692495 1
1 1082763692497 1
1 1082763692498 4
1 1082763692499 1
1 1082763692540 1
1 1082763692541 4
1 1082763692542 1
1 1082763692544 1
1 1082763692545 4
1 1082763692546 1
1 1082763692548 1
1 1082763692549 4
1 1082763692550 1
1 1082763692552 1
1 1082763692553 4
1 1082763692554 1
1 1082763692556 1
1 1082763692557 4
1 1082763692558 1
1 1082763692560 1
1 1082763692561 4
1 1082763692562 1
1 1082763692604 4
1 1082763692605 1
1 1082763692608 4
1 1082763692609 1
1 1082763692612 4
1 1082763692613 1
1 1082763692616 4
1 1082763692617 1
1 1082763692620 4
1 1082763692621 1
1 1082763692624 4
1 1082763692625 1
1 1082763692654 1
1 1082763692655 1
1 1082763692658 1
1 1082763692659 1
1 1082763692662 1
1 1082763692663 1
1 1082763692666 1
1 1082763692667 1
1 1082763692670 1
1 1082763692671 1
1 1082763692674 1
1 1082763692675 1
1 1082763692717 1
1 1082763692718 4
1 1082763692719 1
1 1082763692721 1
1 1082763692722 4
1 1082763692723 1
1 1082763692725 1
1 1082763692726 4
1 1082763692727 1
1 1082763692729 1
1 1082763692730 4
1 1082763692731 1
1 1082763692733 1
1 1082763692734 4
1 1082763692735 1
1 1082763692737 1
1 1082763692738 4
1 1082763692739 1
1 1082763692780 1
1 1082763692781 4
1 1082763692782 1
1 1082763692784 1
1 1082763692785 4
1 1082763692786 1
1 1082763692788 1
1 1082763692789 4
1 1082763692790 1
1 1082763692792 1
1 1082763692793 4
1 1082763692794 1
1 1082763692796 1
1 1082763692797 4
1 1082763692798 1
1 1082763692814 1
1 1082763692815 1
1 1082763692818 1
1 1082763692819 1
1 1082763692822 1
1 1082763692823 1
1 1082763692826 1
1 1082763692827 1
1 1082763692830 1
1 1082763692831 1
1 1082763692834 1
1 1082763692835 1
1 1082763692877 1
1 1082763692878 4
1 1082763692879 1
1 1082763692881 1
1 1082763692882 4
1 1082763692883 1
1 1082763692885 1
1 1082763692886 4
1 1082763692887 1
1 1082763692889 1
1 1082763692890 4
1 1082763692891 1
1 1082763692893 1
1 1082763692894 4
1 1082763692895 1
1 1082763692897 1
1 1082763692898 4
1 1082763692899 1
1 1082763692940 1
1 1082763692941 4
1 1082763692942 1
1 1082763692944 1
1 1082763692945 4
1 1082763692946 1
1 1082763692948 1
1 1082763692949 4
1 1082763692950 1
1 1082763692952 1
1 1082763692953 4
1 1082763692954 1
1 1082763692956 1
1 1082763692957 4
1 1082763692958 1
1 1082763692960 1
1 1082763692961 4
1 1082763692962 1
1 1082763693004 4
1 1082763693005 1
1 1082763693008 4
1 1082763693009 1
1 1082763693012 4
1 1082763693013 1
1 1082763693016 4
1 1082763693017 1
1 1082763693020 4
1 1082763693021 1
1 1082763693024 4
1 1082763693025 1
1 1082763693054 1
1 1082763693055 1
1 1082763693058 1
1 1082763693059 1
1 1082763693062 1
1 1082763693063 1
1 1082763693066 1
1 1082763693067 1
1 1082763693070 1
1 1082763693071 1
1 1082763693074 1
1 1082763693075 1
1 1082763693117 1
1 1082763693118 4
1 1082763693119 1
1 1082763693121 1
1 1082763693122 4
1 1082763693123 1
1 1082763693125 1
1 1082763693126 4
1 1082763693127 1
1 1082763693129 1
1 1082763693130 4
1 1082763693131 1
1 1082763693133 1
1 1082763693134 4
1 1082763693135 1
1 1082763693137 1
1 1082763693138 4
1 1082763693139 1
1 1082763693180 1
1 1082763693181 4
1 1082763693182 1
1 1082763693184 1
1 1082763693185 4
1 1082763693186 1
1 1082763693188 1
1 1082763693189 4
1 1082763693190 1
1 1082763693192 1
1 1082763693193 4
1 1082763693194 1
1 1082763693196 1
1 1082763693197 4
1 1082763693198 1
1 1082763693214 1
1 1082763693215 1
1 1082763693218 1
1 1082763693219 1
1 1082763693222 1
1 1082763693223 1
1 1082763693226 1
1 1082763693227 1
1 1082763693230 1
1 1082763693231 1
1 1082763693234 1
1 1082763693235 1
1 1082763693277 1
1 1082763693278 4
1 1082763693279 1
1 1082763693281 1
1 1082763693282 4
1 1082763693283 1
1 1082763693285 1
1 1082763693286 4
1 1082763693287 1
1 1082763693289 1
1 1082763693290 4
1 1082763693291 1
1 1082763693293 1
1 1082763693294 4
1 1082763693295 1
1 1082763693297 1
1 1082763693298 4
1 1082763693299 1
1 1082763693340 1
1 1082763693341 4
1 1082763693342 1
1 1082763693344 1
1 1082763693345 4
1 1082763693346 1
1 1082763693348 1
1 1082763693349 4
1 1082763693350 1
1 1082763693352 1
1 1082763693353 4
1 1082763693354 1
1 1082763693356 1
1 1082763693357 4
1 1082763693358 1
1 1082763693360 1
1 1082763693361 4
1 1082763693362 1
1 1082763693404 4
1 1082763693405 1
1 1082763693408 4
1 1082763693409 1
1 1082763693412 4
1 1082763693413 1
1 1082763693416 4
1 1082763693417 1
1 1082763693420 4
1 1082763693421 1
1 1082763693424 4
1 1082763693425 1
1 1082763693454 1
1 1082763693455 1
1 1082763693458 1
1 1082763693459 1
1 1082763693462 1
1 1082763693463 1
1 1082763693466 1
1 1082763693467 1
1 1082763693470 1
1 1082763693471 1
1 1082763693474 1
1 1082763693475 1
1 1082763693517 1
1 1082763693518 4
1 1082763693519 1
1 1082763693521 1
1 1082763693522 4
1 1082763693523 1
1 1082763693525 1
1 1082763693526 4
1 1082763693527 1
1 1082763693529 1
1 1082763693530 4
1 1082763693531 1
1 1082763693533 1
1 1082763693534 4
1 1082763693535 1
1 1082763693537 1
1 1082763693538 4
1 1082763693539 1
1 1082763693580 1
1 1082763693581 4
1 1082763693582 1
1 1082763693584 1
1 1082763693585 4
1 1082763693586 1
1 1082763693588 1
1 1082763693589 4
1 1082763693590 1
1 1082763693592 1
1 1082763693593 4
1 1082763693594 1
1 1082763693596 1
1 1082763693597 4
1 1082763693598 1
1 1082763693614 1
1 1082763693615 1
1 1082763693618 1
1 1082763693619 1
1 1082763693622 1
1 1082763693623 1
1 1082763693626 1
1 1082763693627 1
1 1082763693630 1
1 1082763693631 1
1 1082763693634 1
1 1082763693635 1
1 1082763693677 1
1 1082763693678 4
1 1082763693679 1
1 1082763693681 1
1 1082763693682 4
1 1082763693683 1
1 1082763693685 1
1 1082763693686 4
1 1082763693687 1
1 1082763693689 1
1 1082763693690 4
1 1082763693691 1
1 1082763693693 1
1 1082763693694 4
1 1082763693695 1
1 1082763693697 1
1 1082763693698 4
1 1082763693699 1
1 1082763693740 1
1 1082763693741 4
1 1082763693742 1
1 1082763693744 1
1 1082763693745 4
1 1082763693746 1
1 1082763693748 1
1 1082763693749 4
1 1082763693750 1
1 1082763693752 1
1 1082763693753 4
1 1082763693754 1
1 1082763693756 1
1 1082763693757 4
1 1082763693758 1
1 1082763693760 1
1 1082763693761 4
1 1082763693762 1
1 1082763693804 4
1 1082763693805 1
1 1082763693808 4
1 1082763693809 1
1 1082763693812 4
1 1082763693813 1
1 1082763693816 4
1 1082763693817 1
1 1082763693820 4
1 1082763693821 1
1 1082763693824 4
1 1082763693825 1
1 1082763693854 1
1 1082763693855 1
1 1082763693858 1
1 1082763693859 1
1 1082763693862 1
1 1082763693863 1
1 1082763693866 1
1 1082763693867 1
1 1082763693870 1
1 1082763693871 1
1 1082763693874 1
1 1082763693875 1
1 1082763693917 1
1 1082763693918 4
1 1082763693919 1
1 1082763693921 1
1 1082763693922 4
1 1082763693923 1
1 1082763693925 1
1 1082763693926 4
1 1082763693927 1
1 1082763693929 1
1 1082763693930 4
1 1082763693931 1
1 1082763693933 1
1 1082763693934 4
1 1082763693935 1
1 1082763693937 1
1 1082763693938 4
1 1082763693939 1
1 1082763693980 1
1 1082763693981 4
1 1082763693982 1
1 1082763693984 1
1 1082763693985 4
1 1082763693986 1
1 1082763693988 1
1 1082763693989 4
1 1082763693990 1
1 1082763693992 1
1 1082763693993 4
1 1082763693994 1
1 1082763693996 1
1 1082763693997 4
1 1082763693998 1
1 1082763694014 1
1 1082763694015 1
1 1082763694018 1
1 1082763694019 1
1 1082763694022 1
1 1082763694023 1
1 1082763694026 1
1 1082763694027 1
1 1082763694030 1
1 1082763694031 1
1 1082763694034 1
1 1082763694035 1
1 1082763694077 1
1 1082763694078 4
1 1082763694079 1
1 1082763694081 1
1 1082763694082 4
1 1082763694083 1
1 1082763694085 1
1 1082763694086 4
1 1082763694087 1
1 1082763694089 1
1 1082763694090 4
1 1082763694091 1
1 1082763694093 1
1 1082763694094 4
1 1082763694095 1
1 1082763694097 1
1 1082763694098 4
1 1082763694099 1
1 1082763694140 1
1 1082763694141 4
1 1082763694142 1
1 1082763694144 1
1 1082763694145 4
1 1082763694146 1
1 1082763694148 1
1 1082763694149 4
1 1082763694150 1
1 1082763694152 1
1 1082763694153 4
1 1082763694154 1
1 1082763694156 1
1 1082763694157 4
1 1082763694158 1
1 1082763694160 1
1 1082763694161 4
1 1082763694162 1
1 1082763694204 4
1 1082763694205 1
1 1082763694208 4
1 1082763694209 1
1 1082763694212 4
1 1082763694213 1
1 1082763694216 4
1 1082763694217 1
1 1082763694220 4
1 1082763694221 1
1 1082763694224 4
1 1082763694225 1
1 1082763694254 1
1 1082763694255 1
1 1082763694258 1
1 1082763694259 1
1 1082763694262 1
1 1082763694263 1
1 1082763694266 1
1 1082763694267 1
1 1082763694270 1
1 1082763694271 1
1 1082763694274 1
1 1082763694275 1
1 1082763694317 1
1 1082763694318 4
1 1082763694319 1
1 1082763694321 1
1 1082763694322 4
1 1082763694323 1
1 1082763694325 1
1 1082763694326 4
1 1082763694327 1
1 1082763694329 1
1 1082763694330 4
1 1082763694331 1
1 1082763694333 1
1 1082763694334 4
1 1082763694335 1
1 1082763694337 1
1 1082763694338 4
1 1082763694339 1
1 1082763694380 1
1 1082763694381 4
1 1082763694382 1
1 1082763694384 1
1 1082763694385 4
1 1082763694386 1
1 1082763694388 1
1 1082763694389 4
1 1082763694390 1
1 1082763694392 1
1 1082763694393 4
1 1082763694394 1
1 1082763694396 1
1 1082763694397 4
1 1082763694398 1
1 1082763694414 1
1 1082763694415 1
1 1082763694418 1
1 1082763694419 1
1 1082763694422 1
1 1082763694423 1
1 1082763694426 1
1 1082763694427 1
1 1082763694430 1
1 1082763694431 1
1 1082763694434 1
1 1082763694435 1
1 1082763694477 1
1 1082763694478 4
1 1082763694479 1
1 1082763694481 1
1 1082763694482 4
1 1082763694483 1
1 1082763694485 1
1 1082763694486 4
1 1082763694487 1
1 1082763694489 1
1 1082763694490 4
1 1082763694491 1
1 1082763694493 1
1 1082763694494 4
1 1082763694495 1
1 1082763694497 1
1 1082763694498 4
1 1082763694499 1
1 1082763694540 1
1 1082763694541 4
1 1082763694542 1
1 1082763694544 1
1 1082763694545 4
1 1082763694546 1
1 1082763694548 1
1 1082763694549 4
1 1082763694550 1
1 1082763694552 1
1 1082763694553 4
1 1082763694554 1
1 1082763694556 1
1 1082763694557 4
1 1082763694558 1
1 1082763694560 1
1 1082763694561 4
1 1082763694562 1
1 1082763694604 4
1 1082763694605 1
1 1082763694608 4
1 1082763694609 1
1 1082763694612 4
1 1082763694613 1
1 1082763694616 4
1 1082763694617 1
1 1082763694620 4
1 1082763694621 1
1 1082763694624 4
1 1082763694625 1
1 1082763694654 1
1 1082763694655 1
1 1082763694658 1
1 1082763694659 1
1 1082763694662 1
1 1082763694663 1
1 1082763694666 1
1 1082763694667 1
1 1082763694670 1
1 1082763694671 1
1 1082763694674 1
1 1082763694675 1
1 1082763694717 1
1 1082763694718 4
1 1082763694719 1
1 1082763694721 1
1 1082763694722 4
1 1082763694723 1
1 1082763694725 1
1 1082763694726 4
1 1082763694727 1
1 1082763694729 1
1 1082763694730 4
1 1082763694731 1
1 1082763694733 1
1 1082763694734 4
1 1082763694735 1
1 1082763694737 1
1 1082763694738 4
1 1082763694739 1
1 1082763694780 1
1 1082763694781 4
1 1082763694782 1
1 1082763694784 1
1 1082763694785 4
1 1082763694786 1
1 1082763694788 1
1 1082763694789 4
1 1082763694790 1
1 1082763694792 1
1 1082763694793 4
1 1082763694794 1
1 1082763694796 1
1 1082763694797 4
1 1082763694798 1
1 1082763694814 1
1 1082763694815 1
1 1082763694818 1
1 1082763694819 1
1 1082763694822 1
1 1082763694823 1
1 1082763694826 1
1 1082763694827 1
1 1082763694830 1
1 1082763694831 1
1 1082763694834 1
1 1082763694835 1
1 1082763694877 1
1 1082763694878 4
1 1082763694879 1
1 1082763694881 1
1 1082763694882 4
1 1082763694883 1
1 1082763694885 1
1 1082763694886 4
1 1082763694887 1
1 1082763694889 1
1 1082763694890 4
1 1082763694891 1
1 1082763694893 1
1 1082763694894 4
1 1082763694895 1
1 1082763694897 1
1 1082763694898 4
1 1082763694899 1
1 1082763694940 1
1 1082763694941 4
1 1082763694942 1
1 1082763694944 1
1 1082763694945 4
1 1082763694946 1
1 1082763694948 1
1 1082763694949 4
1 1082763694950 1
1 1082763694952 1
1 1082763694953 4
1 1082763694954 1
1 1082763694956 1
1 1082763694957 4
1 1082763694958 1
1 1082763694960 1
1 1082763694961 4
1 1082763694962 1
1 1082763695004 4
1 1082763695005 1
1 1082763695008 4
1 1082763695009 1
1 1082763695012 4
1 1082763695013 1
1 1082763695016 4
1 1082763695017 1
1 1082763695020 4
1 1082763695021 1
1 1082763695024 4
1 1082763695025 1
1 1082763695054 1
1 1082763695055 1
1 1082763695058 1
1 1082763695059 1
1 1082763695062 1
1 1082763695063 1
1 1082763695066 1
1 1082763695067 1
1 1082763695070 1
1 1082763695071 1
1 1082763695074 1
1 1082763695075 1
1 1082763695117 1
1 1082763695118 4
1 1082763695119 1
1 1082763695121 1
1 1082763695122 4
1 1082763695123 1
1 1082763695125 1
1 1082763695126 4
1 1082763695127 1
1 1082763695129 1
1 1082763695130 4
1 1082763695131 1
1 1082763695133 1
1 1082763695134 4
1 1082763695135 1
1 1082763695137 1
1 1082763695138 4
1 1082763695139 1
1 1082763695180 1
1 1082763695181 4
1 1082763695182 1
1 1082763695184 1
1 1082763695185 4
1 1082763695186 1
1 1082763695188 1
1 1082763695189 4
1 1082763695190 1
1 1082763695192 1
1 1082763695193 4
1 1082763695194 1
1 1082763695196 1
1 1082763695197 4
1 1082763695198 1
1 1082763695214 1
1 1082763695215 1
1 1082763695218 1
1 1082763695219 1
1 1082763695222 1
1 1082763695223 1
1 1082763695226 1
1 1082763695227 1
1 1082763695230 1
1 1082763695231 1
1 1082763695234 1
1 1082763695235 1
1 1082763695277 1
1 1082763695278 4
1 1082763695279 1
1 1082763695281 1
1 1082763695282 4
1 1082763695283 1
1 1082763695285 1
1 1082763695286 4
1 1082763695287 1
1 1082763695289 1
1 1082763695290 4
1 1082763695291 1
1 1082763695293 1
1 1082763695294 4
1 1082763695295 1
1 1082763695297 1
1 1082763695298 4
1 1082763695299 1
1 1082763695340 1
1 1082763695341 4
1 1082763695342 1
1 1082763695344 1
1 1082763695345 4
1 1082763695346 1
1 1082763695348 1
1 1082763695349 4
1 1082763695350 1
1 1082763695352 1
1 1082763695353 4
1 1082763695354 1
1 1082763695356 1
1 1082763695357 4
1 1082763695358 1
1 1082763695360 1
1 1082763695361 4
1 1082763695362 1
1 1082763695404 4
1 1082763695405 1
1 1082763695408 4
1 1082763695409 1
1 1082763695412 4
1 1082763695413 1
1 1082763695416 4
1 1082763695417 1
1 1082763695420 4
1 1082763695421 1
1 1082763695424 4
1 1082763695425 1
1 1082763695454 1
1 1082763695455 1
1 1082763695458 1
1 1082763695459 1
1 1082763695462 1
1 1082763695463 1
1 1082763695466 1
1 1082763695467 1
1 1082763695470 1
1 1082763695471 1
1 1082763695474 1
1 1082763695475 1
1 1082763695517 1
1 1082763695518 4
1 1082763695519 1
1 1082763695521 1
1 1082763695522 4
1 1082763695523 1
1 1082763695525 1
1 1082763695526 4
1 1082763695527 1
1 1082763695529 1
1 1082763695530 4
1 1082763695531 1
1 1082763695533 1
1 1082763695534 4
1 1082763695535 1
1 1082763695537 1
1 1082763695538 4
1 1082763695539 1
1 1082763695580 1
1 1082763695581 4
1 1082763695582 1
1 1082763695584 1
1 1082763695585 4
1 1082763695586 1
1 1082763695588 1
1 1082763695589 4
1 1082763695590 1
1 1082763695592 1
1 1082763695593 4
1 1082763695594 1
1 1082763695596 1
1 1082763695597 4
1 1082763695598 1
1 1082763695614 1
1 1082763695615 1
1 1082763695618 1
1 1082763695619 1
1 1082763695622 1
1 1082763695623 1
1 1082763695626 1
1 1082763695627 1
1 1082763695630 1
1 1082763695631 1
1 1082763695634 1
1 1082763695635 1
1 1082763695677 1
1 1082763695678 4
1 1082763695679 1
1 1082763695681 1
1 1082763695682 4
1 1082763695683 1
1 1082763695685 1
1 1082763695686 4
1 1082763695687 1
1 1082763695689 1
1 1082763695690 4
1 1082763695691 1
1 1082763695693 1
1 1082763695694 4
1 1082763695695 1
1 1082763695697 1
1 1082763695698 4
1 1082763695699 1
1 1082763695740 1
1 1082763695741 4
1 1082763695742 1
1 1082763695744 1
1 1082763695745 4
1 1082763695746 1
1 1082763695748 1
1 1082763695749 4
1 1082763695750 1
1 1082763695752 1
1 1082763695753 4
1 1082763695754 1
1 1082763695756 1
1 1082763695757 4
1 1082763695758 1
1 1082763695760 1
1 1082763695761 4
1 1082763695762 1
1 1082763695804 4
1 1082763695805 1
1 1082763695808 4
1 1082763695809 1
1 1082763695812 4
1 1082763695813 1
1 1082763695816 4
1 1082763695817 1
1 1082763695820 4
1 1082763695821 1
1 1082763695824 4
1 1082763695825 1
1 1082763695854 1
1 1082763695855 1
1 1082763695858 1
1 1082763695859 1
1 1082763695862 1
1 1082763695863 1
1 1082763695866 1
1 1082763695867 1
1 1082763695870 1
1 1082763695871 1
1 1082763695874 1
1 1082763695875 1
1 1082763695917 1
1 1082763695918 4
1 1082763695919 1
1 1082763695921 1
1 1082763695922 4
1 1082763695923 1
1 1082763695925 1
1 1082763695926 4
1 1082763695927 1
1 1082763695929 1
1 1082763695930 4
1 1082763695931 1
1 1082763695933 1
1 1082763695934 4
1 1082763695935 1
1 1082763695937 1
1 1082763695938 4
1 1082763695939 1
1 1082763695980 1
1 1082763695981 4
1 1082763695982 1
1 1082763695984 1
1 1082763695985 4
1 1082763695986 1
1 1082763695988 1
1 1082763695989 4
1 1082763695990 1
1 1082763695992 1
1 1082763695993 4
1 1082763695994 1
1 1082763695996 1
1 1082763695997 4
1 1082763695998 1
1 1082763696014 1
1 1082763696015 1
1 1082763696018 1
1 1082763696019 1
1 1082763696022 1
1 1082763696023 1
1 1082763696026 1
1 1082763696027 1
1 1082763696030 1
1 1082763696031 1
1 1082763696034 1
1 1082763696035 1
1 1082763696077 1
1 1082763696078 4
1 1082763696079 1
1 1082763696081 1
1 1082763696082 4
1 1082763696083 1
1 1082763696085 1
1 1082763696086 4
1 1082763696087 1
1 1082763696089 1
1 1082763696090 4
1 1082763696091 1
1 1082763696093 1
1 1082763696094 4
1 1082763696095 1
1 1082763696097 1
1 1082763696098 4
1 1082763696099 1
1 1082763696140 1
1 1082763696141 4
1 1082763696142 1
1 1082763696144 1
1 1082763696145 4
1 1082763696146 1
1 1082763696148 1
1 1082763696149 4
1 1082763696150 1
1 1082763696152 1
1 1082763696153 4
1 1082763696154 1
1 1082763696156 1
1 1082763696157 4
1 1082763696158 1
1 1082763696160 1
1 1082763696161 4
1 1082763696162 1
1 1082763696204 4
1 1082763696205 1
1 1082763696208 4
1 1082763696209 1
1 1082763696212 4
1 1082763696213 1
1 1082763696216 4
1 1082763696217 1
1 1082763696220 4
1 1082763696221 1
1 1082763696224 4
1 1082763696225 1
1 1082763696254 1
1 1082763696255 1
1 1082763696258 1
1 1082763696259 1
1 1082763696262 1
1 1082763696263 1
1 1082763696266 1
1 1082763696267 1
1 1082763696270 1
1 1082763696271 1
1 1082763696274 1
1 1082763696275 1
1 1082763696317 1
1 1082763696318 4
1 1082763696319 1
1 1082763696321 1
1 1082763696322 4
1 1082763696323 1
1 1082763696325 1
1 1082763696326 4
1 1082763696327 1
1 1082763696329 1
1 1082763696330 4
1 1082763696331 1
1 1082763696333 1
1 1082763696334 4
1 1082763696335 1
1 1082763696337 1
1 1082763696338 4
1 1082763696339 1
1 1082763696380 1
1 1082763696381 4
1 1082763696382 1
1 1082763696384 1
1 1082763696385 4
1 1082763696386 1
1 1082763696388 1
1 1082763696389 4
1 1082763696390 1
1 1082763696392 1
1 1082763696393 4
1 1082763696394 1
1 1082763696396 1
1 1082763696397 4
1 1082763696398 1
1 1082763696414 1
1 1082763696415 1
1 1082763696418 1
1 1082763696419 1
1 1082763696422 1
1 1082763696423 1
1 1082763696426 1
1 1082763696427 1
1 1082763696430 1
1 1082763696431 1
1 1082763696434 1
1 1082763696435 1
1 1082763696477 1
1 1082763696478 4
1 1082763696479 1
1 1082763696481 1
1 1082763696482 4
1 1082763696483 1
1 1082763696485 1
1 1082763696486 4
1 1082763696487 1
1 1082763696489 1
1 1082763696490 4
1 1082763696491 1
1 1082763696493 1
1 1082763696494 4
1 1082763696495 1
1 1082763696497 1
1 1082763696498 4
1 1082763696499 1
1 1082763696540 1
1 1082763696541 4
1 1082763696542 1
1 1082763696544 1
1 1082763696545 4
1 1082763696546 1
1 1082763696548 1
1 1082763696549 4
1 1082763696550 1
1 1082763696552 1
1 1082763696553 4
1 1082763696554 1
1 1082763696556 1
1 1082763696557 4
1 1082763696558 1
1 1082763696560 1
1 1082763696561 4
1 1082763696562 1
1 1082763696604 4
1 1082763696605 1
1 1082763696608 4
1 1082763696609 1
1 1082763696612 4
1 1082763696613 1
1 1082763696616 4
1 1082763696617 1
1 1082763696620 4
1 1082763696621 1
1 1082763696624 4
1 1082763696625 1
1 1082763696654 1
1 1082763696655 1
1 1082763696658 1
1 1082763696659 1
1 1082763696662 1
1 1082763696663 1
1 1082763696666 1
1 1082763696667 1
1 1082763696670 1
1 1082763696671 1
1 1082763696674 1
1 1082763696675 1
1 1082763696717 1
1 1082763696718 4
1 1082763696719 1
1 1082763696721 1
1 1082763696722 4
1 1082763696723 1
1 1082763696725 1
1 1082763696726 4
1 1082763696727 1
1 1082763696729 1
1 1082763696730 4
1 1082763696731 1
1 1082763696733 1
1 1082763696734 4
1 1082763696735 1
1 1082763696737 1
1 1082763696738 4
1 1082763696739 1
1 1082763696780 1
1 1082763696781 4
1 1082763696782 1
1 1082763696784 1
1 1082763696785 4
1 1082763696786 1
1 1082763696788 1
1 1082763696789 4
1 1082763696790 1
1 1082763696792 1
1 1082763696793 4
1 1082763696794 1
1 1082763696796 1
1 1082763696797 4
1 1082763696798 1
1 1082763696814 1
1 1082763696815 1
1 1082763696818 1
1 1082763696819 1
1 1082763696822 1
1 1082763696823 1
1 1082763696826 1
1 1082763696827 1
1 1082763696830 1
1 1082763696831 1
1 1082763696834 1
1 1082763696835 1
1 1082763696877 1
1 1082763696878 4
1 1082763696879 1
1 1082763696881 1
1 1082763696882 4
1 1082763696883 1
1 1082763696885 1
1 1082763696886 4
1 1082763696887 1
1 1082763696889 1
1 1082763696890 4
1 1082763696891 1
1 1082763696893 1
1 1082763696894 4
1 1082763696895 1
1 1082763696897 1
1 1082763696898 4
1 1082763696899 1
1 1082763696940 1
1 1082763696941 4
1 1082763696942 1
1 1082763696944 1
1 1082763696945 4
1 1082763696946 1
1 1082763696948 1
1 1082763696949 4
1 1082763696950 1
1 1082763696952 1
1 1082763696953 4
1 1082763696954 1
1 1082763696956 1
1 1082763696957 4
1 1082763696958 1
1 1082763696960 1
1 1082763696961 4
1 1082763696962 1
1 1082763697004 4
1 1082763697005 1
1 1082763697008 4
1 1082763697009 1
1 1082763697012 4
1 1082763697013 1
1 1082763697016 4
1 1082763697017 1
1 1082763697020 4
1 1082763697021 1
1 1082763697024 4
1 1082763697025 1
1 1082763697054 1
1 1082763697055 1
1 1082763697058 1
1 1082763697059 1
1 1082763697062 1
1 1082763697063 1
1 1082763697066 1
1 1082763697067 1
1 1082763697070 1
1 1082763697071 1
1 1082763697074 1
1 1082763697075 1
1 1082763697117 1
1 1082763697118 4
1 1082763697119 1
1 1082763697121 1
1 1082763697122 4
1 1082763697123 1
1 1082763697125 1
1 1082763697126 4
1 1082763697127 1
1 1082763697129 1
1 1082763697130 4
1 1082763697131 1
1 1082763697133 1
1 1082763697134 4
1 1082763697135 1
1 1082763697137 1
1 1082763697138 4
1 1082763697139 1
1 1082763697180 1
1 1082763697181 4
1 1082763697182 1
1 1082763697184 1
1 1082763697185 4
1 1082763697186 1
1 1082763697188 1
1 1082763697189 4
1 1082763697190 1
1 1082763697192 1
1 1082763697193 4
1 1082763697194 1
1 1082763697196 1
1 1082763697197 4
1 1082763697198 1
1 1082763697214 1
1 1082763697215 1
1 1082763697218 1
1 1082763697219 1
1 1082763697222 1
1 1082763697223 1
1 1082763697226 1
1 1082763697227 1
1 1082763697230 1
1 1082763697231 1
1 1082763697234 1
1 1082763697235 1
1 1082763697277 1
1 1082763697278 4
1 1082763697279 1
1 1082763697281 1
1 1082763697282 4
1 1082763697283 1
1 1082763697285 1
1 1082763697286 4
1 1082763697287 1
1 1082763697289 1
1 1082763697290 4
1 1082763697291 1
1 1082763697293 1
1 1082763697294 4
1 1082763697295 1
1 1082763697297 1
1 1082763697298 4
1 1082763697299 1
1 1082763697340 1
1 1082763697341 4
1 1082763697342 1
1 1082763697344 1
1 1082763697345 4
1 1082763697346 1
1 1082763697348 1
1 1082763697349 4
1 1082763697350 1
1 1082763697352 1
1 1082763697353 4
1 1082763697354 1
1 1082763697356 1
1 1082763697357 4
1 1082763697358 1
1 1082763697360 1
1 1082763697361 4
1 1082763697362 1
1 1082763697404 4
1 1082763697405 1
1 1082763697408 4
1 1082763697409 1
1 1082763697412 4
1 1082763697413 1
1 1082763697416 4
1 1082763697417 1
1 1082763697420 4
1 1082763697421 1
1 1082763697424 4
1 1082763697425 1
1 1082763697454 1
1 1082763697455 1
1 1082763697458 1
1 1082763697459 1
1 1082763697462 1
1 1082763697463 1
1 1082763697466 1
1 1082763697467 1
1 1082763697470 1
1 1082763697471 1
1 1082763697474 1
1 1082763697475 1
1 1082763697517 1
1 1082763697518 4
1 1082763697519 1
1 1082763697521 1
1 1082763697522 4
1 1082763697523 1
1 1082763697525 1
1 1082763697526 4
1 1082763697527 1
1 1082763697529 1
1 1082763697530 4
1 1082763697531 1
1 1082763697533 1
1 1082763697534 4
1 1082763697535 1
1 1082763697537 1
1 1082763697538 4
1 1082763697539 1
1 1082763697580 1
1 1082763697581 4
1 1082763697582 1
1 1082763697584 1
1 1082763697585 4
1 1082763697586 1
1 1082763697588 1
1 1082763697589 4
1 1082763697590 1
1 1082763697592 1
1 1082763697593 4
1 1082763697594 1
1 1082763697596 1
1 1082763697597 4
1 1082763697598 1
1 1082763697614 1
1 1082763697615 1
1 1082763697618 1
1 1082763697619 1
1 1082763697622 1
1 1082763697623 1
1 1082763697626 1
1 1082763697627 1
1 1082763697630 1
1 1082763697631 1
1 1082763697634 1
1 1082763697635 1
1 1082763697677 1
1 1082763697678 4
1 1082763697679 1
1 1082763697681 1
1 1082763697682 4
1 1082763697683 1
1 1082763697685 1
1 1082763697686 4
1 1082763697687 1
1 1082763697689 1
1 1082763697690 4
1 1082763697691 1
1 1082763697693 1
1 1082763697694 4
1 1082763697695 1
1 1082763697697 1
1 1082763697698 4
1 1082763697699 1
1 1082763697740 1
1 1082763697741 4
1 1082763697742 1
1 1082763697744 1
1 1082763697745 4
1 1082763697746 1
1 1082763697748 1
1 1082763697749 4
1 1082763697750 1
1 1082763697752 1
1 1082763697753 4
1 1082763697754 1
1 1082763697756 1
1 1082763697757 4
1 1082763697758 1
1 1082763697760 1
1 1082763697761 4
1 1082763697762 1
1 1082763697804 4
1 1082763697805 1
1 1082763697808 4
1 1082763697809 1
1 1082763697812 4
1 1082763697813 1
1 1082763697816 4
1 1082763697817 1
1 1082763697820 4
1 1082763697821 1
1 1082763697824 4
1 1082763697825 1
1 1082763697854 1
1 1082763697855 1
1 1082763697858 1
1 1082763697859 1
1 1082763697862 1
1 1082763697863 1
1 1082763697866 1
1 1082763697867 1
1 1082763697870 1
1 1082763697871 1
1 1082763697874 1
1 1082763697875 1
1 1082763697917 1
1 1082763697918 4
1 1082763697919 1
1 1082763697921 1
1 1082763697922 4
1 1082763697923 1
1 1082763697925 1
1 1082763697926 4
1 1082763697927 1
1 1082763697929 1
1 1082763697930 4
1 1082763697931 1
1 1082763697933 1
1 1082763697934 4
1 1082763697935 1
1 1082763697937 1
1 1082763697938 4
1 1082763697939 1
1 1082763697980 1
1 1082763697981 4
1 1082763697982 1
1 1082763697984 1
1 1082763697985 4
1 1082763697986 1
1 1082763697988 1
1 1082763697989 4
1 1082763697990 1
1 1082763697992 1
1 1082763697993 4
1 1082763697994 1
1 1082763697996 1
1 1082763697997 4
1 1082763697998 1
1 1082763698014 1
1 1082763698015 1
1 1082763698018 1
1 1082763698019 1
1 1082763698022 1
1 1082763698023 1
1 1082763698026 1
1 1082763698027 1
1 1082763698030 1
1 1082763698031 1
1 1082763698034 1
1 1082763698035 1
1 1082763698077 1
1 1082763698078 4
1 1082763698079 1
1 1082763698081 1
1 1082763698082 4
1 1082763698083 1
1 1082763698085 1
1 1082763698086 4
1 1082763698087 1
1 1082763698089 1
1 1082763698090 4
1 1082763698091 1
1 1082763698093 1
1 1082763698094 4
1 1082763698095 1
1 1082763698097 1
1 1082763698098 4
1 1082763698099 1
1 1082763698140 1
1 1082763698141 4
1 1082763698142 1
1 1082763698144 1
1 1082763698145 4
1 1082763698146 1
1 1082763698148 1
1 1082763698149 4
1 1082763698150 1
1 1082763698152 1
1 1082763698153 4
1 1082763698154 1
1 1082763698156 1
1 1082763698157 4
1 1082763698158 1
1 1082763698160 1
1 1082763698161 4
1 1082763698162 1
1 1082763698204 4
1 1082763698205 1
1 1082763698208 4
1 1082763698209 1
1 1082763698212 4
1 1082763698213 1
1 1082763698216 4
1 1082763698217 1
1 1082763698220 4
1 1082763698221 1
1 1082763698224 4
1 1082763698225 1
1 1082763698254 1
1 1082763698255 1
1 1082763698258 1
1 1082763698259 1
1 1082763698262 1
1 1082763698263 1
1 1082763698266 1
1 1082763698267 1
1 1082763698270 1
1 1082763698271 1
1 1082763698274 1
1 1082763698275 1
1 1082763698317 1
1 1082763698318 4
1 1082763698319 1
1 1082763698321 1
1 1082763698322 4
1 1082763698323 1
1 1082763698325 1
1 1082763698326 4
1 1082763698327 1
1 1082763698329 1
1 1082763698330 4
1 1082763698331 1
1 1082763698333 1
1 1082763698334 4
1 1082763698335 1
1 1082763698337 1
1 1082763698338 4
1 1082763698339 1
1 1082763698380 1
1 1082763698381 4
1 1082763698382 1
1 1082763698384 1
1 1082763698385 4
1 1082763698386 1
1 1082763698388 1
1 1082763698389 4
1 1082763698390 1
1 1082763698392 1
1 1082763698393 4
1 1082763698394 1
1 1082763698396 1
1 1082763698397 4
1 1082763698398 1
1 1082763698414 1
1 1082763698415 1
1 1082763698418 1
1 1082763698419 1
1 1082763698422 1
1 1082763698423 1
1 1082763698426 1
1 1082763698427 1
1 1082763698430 1
1 1082763698431 1
1 1082763698434 1
1 1082763698435 1
1 1082763698477 1
1 1082763698478 4
1 1082763698479 1
1 1082763698481 1
1 1082763698482 4
1 1082763698483 1
1 1082763698485 1
1 1082763698486 4
1 1082763698487 1
1 1082763698489 1
1 1082763698490 4
1 1082763698491 1
1 1082763698493 1
1 1082763698494 4
1 1082763698495 1
1 1082763698497 1
1 1082763698498 4
1 1082763698499 1
1 1082763698540 1
1 1082763698541 4
1 1082763698542 1
1 1082763698544 1
1 1082763698545 4
1 1082763698546 1
1 1082763698548 1
1 1082763698549 4
1 1082763698550 1
1 1082763698552 1
1 1082763698553 4
1 1082763698554 1
1 1082763698556 1
1 1082763698557 4
1 1082763698558 1
1 1082763698560 1
1 1082763698561 4
1 1082763698562 1
1 1082763698604 4
1 1082763698605 1
1 1082763698608 4
1 1082763698609 1
1 1082763698612 4
1 1082763698613 1
1 1082763698616 4
1 1082763698617 1
1 1082763698620 4
1 1082763698621 1
1 1082763698624 4
1 1082763698625 1
1 1082763698654 1
1 1082763698655 1
1 1082763698658 1
1 1082763698659 1
1 1082763698662 1
1 1082763698663 1
1 1082763698666 1
1 1082763698667 1
1 1082763698670 1
1 1082763698671 1
1 1082763698674 1
1 1082763698675 1
1 1082763698717 1
1 1082763698718 4
1 1082763698719 1
1 1082763698721 1
1 1082763698722 4
1 1082763698723 1
1 1082763698725 1
1 1082763698726 4
1 1082763698727 1
1 1082763698729 1
1 1082763698730 4
1 1082763698731 1
1 1082763698733 1
1 1082763698734 4
1 1082763698735 1
1 1082763698737 1
1 1082763698738 4
1 1082763698739 1
1 1082763698780 1
1 1082763698781 4
1 1082763698782 1
1 1082763698784 1
1 1082763698785 4
1 1082763698786 1
1 1082763698788 1
1 1082763698789 4
1 1082763698790 1
1 1082763698792 1
1 1082763698793 4
1 1082763698794 1
1 1082763698796 1
1 1082763698797 4
1 1082763698798 1
1 1082763698814 1
1 1082763698815 1
1 1082763698818 1
1 1082763698819 1
1 1082763698822 1
1 1082763698823 1
1 1082763698826 1
1 1082763698827 1
1 1082763698830 1
1 1082763698831 1
1 1082763698834 1
1 1082763698835 1
1 1082763698877 1
1 1082763698878 4
1 1082763698879 1
1 1082763698881 1
1 1082763698882 4
1 1082763698883 1
1 1082763698885 1
1 1082763698886 4
1 1082763698887 1
1 1082763698889 1
1 1082763698890 4
1 1082763698891 1
1 1082763698893 1
1 1082763698894 4
1 1082763698895 1
1 1082763698897 1
1 1082763698898 4
1 1082763698899 1
1 1082763698940 1
1 1082763698941 4
1 1082763698942 1
1 1082763698944 1
1 1082763698945 4
1 1082763698946 1
1 1082763698948 1
1 1082763698949 4
1 1082763698950 1
1 1082763698952 1
1 1082763698953 4
1 1082763698954 1
1 1082763698956 1
1 1082763698957 4
1 1082763698958 1
1 1082763698960 1
1 1082763698961 4
1 1082763698962 1
1 1082763699004 4
1 1082763699005 1
1 1082763699008 4
1 1082763699009 1
1 1082763699012 4
1 1082763699013 1
1 1082763699016 4
1 1082763699017 1
1 1082763699020 4
1 1082763699021 1
1 1082763699024 4
1 1082763699025 1
1 1082763699054 1
1 1082763699055 1
1 1082763699058 1
1 1082763699059 1
1 1082763699062 1
1 1082763699063 1
1 1082763699066 1
1 1082763699067 1
1 1082763699070 1
1 1082763699071 1
1 1082763699074 1
1 1082763699075 1
1 1082763699117 1
1 1082763699118 4
1 1082763699119 1
1 1082763699121 1
1 1082763699122 4
1 1082763699123 1
1 1082763699125 1
1 1082763699126 4
1 1082763699127 1
1 1082763699129 1
1 1082763699130 4
1 1082763699131 1
1 1082763699133 1
1 1082763699134 4
1 1082763699135 1
1 1082763699137 1
1 1082763699138 4
1 1082763699139 1
1 1082763699180 1
1 1082763699181 4
1 1082763699182 1
1 1082763699184 1
1 1082763699185 4
1 1082763699186 1
1 1082763699188 1
1 1082763699189 4
1 1082763699190 1
1 1082763699192 1
1 1082763699193 4
1 1082763699194 1
1 1082763699196 1
1 1082763699197 4
1 1082763699198 1
1 1082763699214 1
1 1082763699215 1
1 1082763699218 1
1 1082763699219 1
1 1082763699222 1
1 1082763699223 1
1 1082763699226 1
1 1082763699227 1
1 1082763699230 1
1 1082763699231 1
1 1082763699234 1
1 1082763699235 1
1 1082763699277 1
1 1082763699278 4
1 1082763699279 1
1 1082763699281 1
1 1082763699282 4
1 1082763699283 1
1 1082763699285 1
1 1082763699286 4
1 1082763699287 1
1 1082763699289 1
1 1082763699290 4
1 1082763699291 1
1 1082763699293 1
1 1082763699294 4
1 1082763699295 1
1 1082763699297 1
1 1082763699298 4
1 1082763699299 1
1 1082763699340 1
1 1082763699341 4
1 1082763699342 1
1 1082763699344 1
1 1082763699345 4
1 1082763699346 1
1 1082763699348 1
1 1082763699349 4
1 1082763699350 1
1 1082763699352 1
1 1082763699353 4
1 1082763699354 1
1 1082763699356 1
1 1082763699357 4
1 1082763699358 1
1 1082763699360 1
1 1082763699361 4
1 1082763699362 1
1 1082763699404 4
1 1082763699405 1
1 1082763699408 4
1 1082763699409 1
1 1082763699412 4
1 1082763699413 1
1 1082763699416 4
1 1082763699417 1
1 1082763699420 4
1 1082763699421 1
1 1082763699424 4
1 1082763699425 1
1 1082763699454 1
1 1082763699455 1
1 1082763699458 1
1 1082763699459 1
1 1082763699462 1
1 1082763699463 1
1 1082763699466 1
1 1082763699467 1
1 1082763699470 1
1 1082763699471 1
1 1082763699474 1
1 1082763699475 1
1 1082763699517 1
1 1082763699518 4
1 1082763699519 1
1 1082763699521 1
1 1082763699522 4
1 1082763699523 1
1 1082763699525 1
1 1082763699526 4
1 1082763699527 1
1 1082763699529 1
1 1082763699530 4
1 1082763699531 1
1 1082763699533 1
1 1082763699534 4
1 1082763699535 1
1 1082763699537 1
1 1082763699538 4
1 1082763699539 1
1 1082763699580 1
1 1082763699581 4
1 1082763699582 1
1 1082763699584 1
1 1082763699585 4
1 1082763699586 1
1 1082763699588 1
1 1082763699589 4
1 1082763699590 1
1 1082763699592 1
1 1082763699593 4
1 1082763699594 1
1 1082763699596 1
1 1082763699597 4
1 1082763699598 1
1 1082763699614 1
1 1082763699615 1
1 1082763699618 1
1 1082763699619 1
1 1082763699622 1
1 1082763699623 1
1 1082763699626 1
1 1082763699627 1
1 1082763699630 1
1 1082763699631 1
1 1082763699634 1
1 1082763699635 1
1 1082763699677 1
1 1082763699678 4
1 1082763699679 1
1 1082763699681 1
1 1082763699682 4
1 1082763699683 1
1 1082763699685 1
1 1082763699686 4
1 1082763699687 1
1 1082763699689 1
1 1082763699690 4
1 1082763699691 1
1 1082763699693 1
1 1082763699694 4
1 1082763699695 1
1 1082763699697 1
1 1082763699698 4
1 1082763699699 1
1 1082763699740 1
1 1082763699741 4
1 1082763699742 1
1 1082763699744 1
1 1082763699745 4
1 1082763699746 1
1 1082763699748 1
1 1082763699749 4
1 1082763699750 1
1 1082763699752 1
1 1082763699753 4
1 1082763699754 1
1 1082763699756 1
1 1082763699757 4
1 1082763699758 1
1 1082763699760 1
1 1082763699761 4
1 1082763699762 1
1 1082763699804 4
1 1082763699805 1
1 1082763699808 4
1 1082763699809 1
1 1082763699812 4
1 1082763699813 1
1 1082763699816 4
1 1082763699817 1
1 1082763699820 4
1 1082763699821 1
1 1082763699824 4
1 1082763699825 1
1 1082763699854 1
1 1082763699855 1
1 1082763699858 1
1 1082763699859 1
1 1082763699862 1
1 1082763699863 1
1 1082763699866 1
1 1082763699867 1
1 1082763699870 1
1 1082763699871 1
1 1082763699874 1
1 1082763699875 1
1 1082763699917 1
1 1082763699918 4
1 1082763699919 1
1 1082763699921 1
1 1082763699922 4
1 1082763699923 1
1 1082763699925 1
1 1082763699926 4
1 1082763699927 1
1 1082763699929 1
1 1082763699930 4
1 1082763699931 1
1 1082763699933 1
1 1082763699934 4
1 1082763699935 1
1 1082763699937 1
1 1082763699938 4
1 1082763699939 1
1 1082763699980 1
1 1082763699981 4
1 1082763699982 1
1 1082763699984 1
1 1082763699985 4
1 1082763699986 1
1 1082763699988 1
1 1082763699989 4
1 1082763699990 1
1 1082763699992 1
1 1082763699993 4
1 1082763699994 1
1 1082763699996 1
1 1082763699997 4
1 1082763699998 1
1 1082763700014 1
1 1082763700015 1
1 1082763700018 1
1 1082763700019 1
1 1082763700022 1
1 1082763700023 1
1 1082763700026 1
1 1082763700027 1
1 1082763700030 1
1 1082763700031 1
1 1082763700034 1
1 1082763700035 1
1 1082763700077 1
1 1082763700078 4
1 1082763700079 1
1 1082763700081 1
1 1082763700082 4
1 1082763700083 1
1 1082763700085 1
1 1082763700086 4
1 1082763700087 1
1 1082763700089 1
1 1082763700090 4
1 1082763700091 1
1 1082763700093 1
1 1082763700094 4
1 1082763700095 1
1 1082763700097 1
1 1082763700098 4
1 1082763700099 1
1 1082763700140 1
1 1082763700141 4
1 1082763700142 1
1 1082763700144 1
1 1082763700145 4
1 1082763700146 1
1 1082763700148 1
1 1082763700149 4
1 1082763700150 1
1 1082763700152 1
1 1082763700153 4
1 1082763700154 1
1 1082763700156 1
1 1082763700157 4
1 1082763700158 1
1 1082763700160 1
1 1082763700161 4
1 1082763700162 1
1 1082763700204 4
1 1082763700205 1
1 1082763700208 4
1 1082763700209 1
1 1082763700212 4
1 1082763700213 1
1 1082763700216 4
1 1082763700217 1
1 1082763700220 4
1 1082763700221 1
1 1082763700224 4
1 1082763700225 1
1 1082763700254 1
1 1082763700255 1
1 1082763700258 1
1 1082763700259 1
1 1082763700262 1
1 1082763700263 1
1 1082763700266 1
1 1082763700267 1
1 1082763700270 1
1 1082763700271 1
1 1082763700274 1
1 1082763700275 1
1 1082763700317 1
1 1082763700318 4
1 1082763700319 1
1 1082763700321 1
1 1082763700322 4
1 1082763700323 1
1 1082763700325 1
1 1082763700326 4
1 1082763700327 1
1 1082763700329 1
1 1082763700330 4
1 1082763700331 1
1 1082763700333 1
1 1082763700334 4
1 1082763700335 1
1 1082763700337 1
1 1082763700338 4
1 1082763700339 1
1 1082763700380 1
1 1082763700381 4
1 1082763700382 1
1 1082763700384 1
1 1082763700385 4
1 1082763700386 1
1 1082763700388 1
1 1082763700389 4
1 1082763700390 1
1 1082763700392 1
1 1082763700393 4
1 1082763700394 1
1 1082763700396 1
1 1082763700397 4
1 1082763700398 1
1 1082763700414 1
1 1082763700415 1
1 1082763700418 1
1 1082763700419 1
1 1082763700422 1
1 1082763700423 1
1 1082763700426 1
1 1082763700427 1
1 1082763700430 1
1 1082763700431 1
1 1082763700434 1
1 1082763700435 1
1 1082763700477 1
1 1082763700478 4
1 1082763700479 1
1 1082763700481 1
1 1082763700482 4
1 1082763700483 1
1 1082763700485 1
1 1082763700486 4
1 1082763700487 1
1 1082763700489 1
1 1082763700490 4
1 1082763700491 1
1 1082763700493 1
1 1082763700494 4
1 1082763700495 1
1 1082763700497 1
1 1082763700498 4
1 1082763700499 1
1 1082763700540 1
1 1082763700541 4
1 1082763700542 1
1 1082763700544 1
1 1082763700545 4
1 1082763700546 1
1 1082763700548 1
1 1082763700549 4
1 1082763700550 1
1 1082763700552 1
1 1082763700553 4
1 1082763700554 1
1 1082763700556 1
1 1082763700557 4
1 1082763700558 1
1 1082763700560 1
1 1082763700561 4
1 1082763700562 1
1 1082763700604 4
1 1082763700605 1
1 1082763700608 4
1 1082763700609 1
1 1082763700612 4
1 1082763700613 1
1 1082763700616 4
1 1082763700617 1
1 1082763700620 4
1 1082763700621 1
1 1082763700624 4
1 1082763700625 1
1 1082763700654 1
1 1082763700655 1
1 1082763700658 1
1 1082763700659 1
1 1082763700662 1
1 1082763700663 1
1 1082763700666 1
1 1082763700667 1
1 1082763700670 1
1 1082763700671 1
1 1082763700674 1
1 1082763700675 1
1 1082763700717 1
1 1082763700718 4
1 1082763700719 1
1 1082763700721 1
1 1082763700722 4
1 1082763700723 1
1 1082763700725 1
1 1082763700726 4
1 1082763700727 1
1 1082763700729 1
1 1082763700730 4
1 1082763700731 1
1 1082763700733 1
1 1082763700734 4
1 1082763700735 1
1 1082763700737 1
1 1082763700738 4
1 1082763700739 1
1 1082763700780 1
1 1082763700781 4
1 1082763700782 1
1 1082763700784 1
1 1082763700785 4
1 1082763700786 1
1 1082763700788 1
1 1082763700789 4
1 1082763700790 1
1 1082763700792 1
1 1082763700793 4
1 1082763700794 1
1 1082763700796 1
1 1082763700797 4
1 1082763700798 1
1 1082763700814 1
1 1082763700815 1
1 1082763700818 1
1 1082763700819 1
1 1082763700822 1
1 1082763700823 1
1 1082763700826 1
1 1082763700827 1
1 1082763700830 1
1 1082763700831 1
1 1082763700834 1
1 1082763700835 1
1 1082763700877 1
1 1082763700878 4
1 1082763700879 1
1 1082763700881 1
1 1082763700882 4
1 1082763700883 1
1 1082763700885 1
1 1082763700886 4
1 1082763700887 1
1 1082763700889 1
1 1082763700890 4
1 1082763700891 1
1 1082763700893 1
1 1082763700894 4
1 1082763700895 1
1 1082763700897 1
1 1082763700898 4
1 1082763700899 1
1 1082763700940 1
1 1082763700941 4
1 1082763700942 1
1 1082763700944 1
1 1082763700945 4
1 1082763700946 1
1 1082763700948 1
1 1082763700949 4
1 1082763700950 1
1 1082763700952 1
1 1082763700953 4
1 1082763700954 1
1 1082763700956 1
1 1082763700957 4
1 1082763700958 1
1 1082763700960 1
1 1082763700961 4
1 1082763700962 1
1 1082763701004 4
1 1082763701005 1
1 1082763701008 4
1 1082763701009 1
1 1082763701012 4
1 1082763701013 1
1 1082763701016 4
1 1082763701017 1
1 1082763701020 4
1 1082763701021 1
1 1082763701024 4
1 1082763701025 1
1 1082763701054 1
1 1082763701055 1
1 1082763701058 1
1 1082763701059 1
1 1082763701062 1
1 1082763701063 1
1 1082763701066 1
1 1082763701067 1
1 1082763701070 1
1 1082763701071 1
1 1082763701074 1
1 1082763701075 1
1 1082763701117 1
1 1082763701118 4
1 1082763701119 1
1 1082763701121 1
1 1082763701122 4
1 1082763701123 1
1 1082763701125 1
1 1082763701126 4
1 1082763701127 1
1 1082763701129 1
1 1082763701130 4
1 1082763701131 1
1 1082763701133 1
1 1082763701134 4
1 1082763701135 1
1 1082763701137 1
1 1082763701138 4
1 1082763701139 1
1 1082763701180 1
1 1082763701181 4
1 1082763701182 1
1 1082763701184 1
1 1082763701185 4
1 1082763701186 1
1 1082763701188 1
1 1082763701189 4
1 1082763701190 1
1 1082763701192 1
1 1082763701193 4
1 1082763701194 1
1 1082763701196 1
1 1082763701197 4
1 1082763701198 1
1 1082763701214 1
1 1082763701215 1
1 1082763701218 1
1 1082763701219 1
1 1082763701222 1
1 1082763701223 1
1 1082763701226 1
1 1082763701227 1
1 1082763701230 1
1 1082763701231 1
1 1082763701234 1
1 1082763701235 1
1 1082763701277 1
1 1082763701278 4
1 1082763701279 1
1 1082763701281 1
1 1082763701282 4
1 1082763701283 1
1 1082763701285 1
1 1082763701286 4
1 1082763701287 1
1 1082763701289 1
1 1082763701290 4
1 1082763701291 1
1 1082763701293 1
1 1082763701294 4
1 1082763701295 1
1 1082763701297 1
1 1082763701298 4
1 1082763701299 1
1 1082763701340 1
1 1082763701341 4
1 1082763701342 1
1 1082763701344 1
1 1082763701345 4
1 1082763701346 1
1 1082763701348 1
1 1082763701349 4
1 1082763701350 1
1 1082763701352 1
1 1082763701353 4
1 1082763701354 1
1 1082763701356 1
1 1082763701357 4
1 1082763701358 1
1 1082763701360 1
1 1082763701361 4
1 1082763701362 1
1 1082763701404 4
1 1082763701405 1
1 1082763701408 4
1 1082763701409 1
1 1082763701412 4
1 1082763701413 1
1 1082763701416 4
1 1082763701417 1
1 1082763701420 4
1 1082763701421 1
1 1082763701424 4
1 1082763701425 1
1 1082763701454 1
1 1082763701455 1
1 1082763701458 1
1 1082763701459 1
1 1082763701462 1
1 1082763701463 1
1 1082763701466 1
1 1082763701467 1
1 1082763701470 1
1 1082763701471 1
1 1082763701474 1
1 1082763701475 1
1 1082763701517 1
1 1082763701518 4
1 1082763701519 1
1 1082763701521 1
1 1082763701522 4
1 1082763701523 1
1 1082763701525 1
1 1082763701526 4
1 1082763701527 1
1 1082763701529 1
1 1082763701530 4
1 1082763701531 1
1 1082763701533 1
1 1082763701534 4
1 1082763701535 1
1 1082763701537 1
1 1082763701538 4
1 1082763701539 1
1 1082763701580 1
1 1082763701581 4
1 1082763701582 1
1 1082763701584 1
1 1082763701585 4
1 1082763701586 1
1 1082763701588 1
1 1082763701589 4
1 1082763701590 1
1 1082763701592 1
1 1082763701593 4
1 1082763701594 1
1 1082763701596 1
1 1082763701597 4
1 1082763701598 1
1 1082763701614 1
1 1082763701615 1
1 1082763701618 1
1 1082763701619 1
1 1082763701622 1
1 1082763701623 1
1 1082763701626 1
1 1082763701627 1
1 1082763701630 1
1 1082763701631 1
1 1082763701634 1
1 1082763701635 1
1 1082763701677 1
1 1082763701678 4
1 1082763701679 1
1 1082763701681 1
1 1082763701682 4
1 1082763701683 1
1 1082763701685 1
1 1082763701686 4
1 1082763701687 1
1 1082763701689 1
1 1082763701690 4
1 1082763701691 1
1 1082763701693 1
1 1082763701694 4
1 1082763701695 1
1 1082763701697 1
1 1082763701698 4
1 1082763701699 1
1 1082763701740 1
1 1082763701741 4
1 1082763701742 1
1 1082763701744 1
1 1082763701745 4
1 1082763701746 1
1 1082763701748 1
1 1082763701749 4
1 1082763701750 1
1 1082763701752 1
1 1082763701753 4
1 1082763701754 1
1 1082763701756 1
1 1082763701757 4
1 1082763701758 1
1 1082763701760 1
1 1082763701761 4
1 1082763701762 1
1 1082763701804 4
1 1082763701805 1
1 1082763701808 4
1 1082763701809 1
1 1082763701812 4
1 1082763701813 1
1 1082763701816 4
1 1082763701817 1
1 1082763701820 4
1 1082763701821 1
1 1082763701824 4
1 1082763701825 1
1 1082763701854 1
1 1082763701855 1
1 1082763701858 1
1 1082763701859 1
1 1082763701862 1
1 1082763701863 1
1 1082763701866 1
1 1082763701867 1
1 1082763701870 1
1 1082763701871 1
1 1082763701874 1
1 1082763701875 1
1 1082763701917 1
1 1082763701918 4
1 1082763701919 1
1 1082763701921 1
1 1082763701922 4
1 1082763701923 1
1 1082763701925 1
1 1082763701926 4
1 1082763701927 1
1 1082763701929 1
1 1082763701930 4
1 1082763701931 1
1 1082763701933 1
1 1082763701934 4
1 1082763701935 1
1 1082763701937 1
1 1082763701938 4
1 1082763701939 1
1 1082763701980 1
1 1082763701981 4
1 1082763701982 1
1 1082763701984 1
1 1082763701985 4
1 1082763701986 1
1 1082763701988 1
1 1082763701989 4
1 1082763701990 1
1 1082763701992 1
1 1082763701993 4
1 1082763701994 1
1 1082763701996 1
1 1082763701997 4
1 1082763701998 1
1 1082763702014 1
1 1082763702015 1
1 1082763702018 1
1 1082763702019 1
1 1082763702022 1
1 1082763702023 1
1 1082763702026 1
1 1082763702027 1
1 1082763702030 1
1 1082763702031 1
1 1082763702034 1
1 1082763702035 1
1 1082763702077 1
1 1082763702078 4
1 1082763702079 1
1 1082763702081 1
1 1082763702082 4
1 1082763702083 1
1 1082763702085 1
1 1082763702086 4
1 1082763702087 1
1 1082763702089 1
1 1082763702090 4
1 1082763702091 1
1 1082763702093 1
1 1082763702094 4
1 1082763702095 1
1 1082763702097 1
1 1082763702098 4
1 1082763702099 1
1 1082763702140 1
1 1082763702141 4
1 1082763702142 1
1 1082763702144 1
1 1082763702145 4
1 1082763702146 1
1 1082763702148 1
1 1082763702149 4
1 1082763702150 1
1 1082763702152 1
1 1082763702153 4
1 1082763702154 1
1 1082763702156 1
1 1082763702157 4
1 1082763702158 1
1 1082763702160 1
1 1082763702161 4
1 1082763702162 1
1 1082763702204 4
1 1082763702205 1
1 1082763702208 4
1 1082763702209 1
1 1082763702212 4
1 1082763702213 1
1 1082763702216 4
1 1082763702217 1
1 1082763702220 4
1 1082763702221 1
1 1082763702224 4
1 1082763702225 1
1 1082763702254 1
1 1082763702255 1
1 1082763702258 1
1 1082763702259 1
1 1082763702262 1
1 1082763702263 1
1 1082763702266 1
1 1082763702267 1
1 1082763702270 1
1 1082763702271 1
1 1082763702274 1
1 1082763702275 1
1 1082763702317 1
1 1082763702318 4
1 1082763702319 1
1 1082763702321 1
1 1082763702322 4
1 1082763702323 1
1 1082763702325 1
1 1082763702326 4
1 1082763702327 1
1 1082763702329 1
1 1082763702330 4
1 1082763702331 1
1 1082763702333 1
1 1082763702334 4
1 1082763702335 1
1 1082763702337 1
1 1082763702338 4
1 1082763702339 1
1 1082763702380 1
1 1082763702381 4
1 1082763702382 1
1 1082763702384 1
1 1082763702385 4
1 1082763702386 1
1 1082763702388 1
1 1082763702389 4
1 1082763702390 1
1 1082763702392 1
1 1082763702393 4
1 1082763702394 1
1 1082763702396 1
1 1082763702397 4
1 1082763702398 1
1 1082763702414 1
1 1082763702415 1
1 1082763702418 1
1 1082763702419 1
1 1082763702422 1
1 1082763702423 1
1 1082763702426 1
1 1082763702427 1
1 1082763702430 1
1 1082763702431 1
1 1082763702434 1
1 1082763702435 1
1 1082763702477 1
1 1082763702478 4
1 1082763702479 1
1 1082763702481 1
1 1082763702482 4
1 1082763702483 1
1 1082763702485 1
1 1082763702486 4
1 1082763702487 1
1 1082763702489 1
1 1082763702490 4
1 1082763702491 1
1 1082763702493 1
1 1082763702494 4
1 1082763702495 1
1 1082763702497 1
1 1082763702498 4
1 1082763702499 1
1 1082763702540 1
1 1082763702541 4
1 1082763702542 1
1 1082763702544 1
1 1082763702545 4
1 1082763702546 1
1 1082763702548 1
1 1082763702549 4
1 1082763702550 1
1 1082763702552 1
1 1082763702553 4
1 1082763702554 1
1 1082763702556 1
1 1082763702557 4
1 1082763702558 1
1 1082763702560 1
1 1082763702561 4
1 1082763702562 1
1 1082763702604 4
1 1082763702605 1
1 1082763702608 4
1 1082763702609 1
1 1082763702612 4
1 1082763702613 1
1 1082763702616 4
1 1082763702617 1
1 1082763702620 4
1 1082763702621 1
1 1082763702624 4
1 1082763702625 1
1 1082763702654 1
1 1082763702655 1
1 1082763702658 1
1 1082763702659 1
1 1082763702662 1
1 1082763702663 1
1 1082763702666 1
1 1082763702667 1
1 1082763702670 1
1 1082763702671 1
1 1082763702674 1
1 1082763702675 1
1 1082763702717 1
1 1082763702718 4
1 1082763702719 1
1 1082763702721 1
1 1082763702722 4
1 1082763702723 1
1 1082763702725 1
1 1082763702726 4
1 1082763702727 1
1 1082763702729 1
1 1082763702730 4
1 1082763702731 1
1 1082763702733 1
1 1082763702734 4
1 1082763702735 1
1 1082763702737 1
1 1082763702738 4
1 1082763702739 1
1 1082763702780 1
1 1082763702781 4
1 1082763702782 1
1 1082763702784 1
1 1082763702785 4
1 1082763702786 1
1 1082763702788 1
1 1082763702789 4
1 1082763702790 1
1 1082763702792 1
1 1082763702793 4
1 1082763702794 1
1 1082763702796 1
1 1082763702797 4
1 1082763702798 1
1 1082763702814 1
1 1082763702815 1
1 1082763702818 1
1 1082763702819 1
1 1082763702822 1
1 1082763702823 1
1 1082763702826 1
1 1082763702827 1
1 1082763702830 1
1 1082763702831 1
1 1082763702834 1
1 1082763702835 1
1 1082763702877 1
1 1082763702878 4
1 1082763702879 1
1 1082763702881 1
1 1082763702882 4
1 1082763702883 1
1 1082763702885 1
1 1082763702886 4
1 1082763702887 1
1 1082763702889 1
1 1082763702890 4
1 1082763702891 1
1 1082763702893 1
1 1082763702894 4
1 1082763702895 1
1 1082763702897 1
1 1082763702898 4
1 1082763702899 1
1 1082763702940 1
1 1082763702941 4
1 1082763702942 1
1 1082763702944 1
1 1082763702945 4
1 1082763702946 1
1 1082763702948 1
1 1082763702949 4
1 1082763702950 1
1 1082763702952 1
1 1082763702953 4
1 1082763702954 1
1 1082763702956 1
1 1082763702957 4
1 1082763702958 1
1 1082763702960 1
1 1082763702961 4
1 1082763702962 1
1 1082763703004 4
1 1082763703005 1
1 1082763703008 4
1 1082763703009 1
1 1082763703012 4
1 1082763703013 1
1 1082763703016 4
1 1082763703017 1
1 1082763703020 4
1 1082763703021 1
1 1082763703024 4
1 1082763703025 1
1 1082763703054 1
1 1082763703055 1
1 1082763703058 1
1 1082763703059 1
1 1082763703062 1
1 1082763703063 1
1 1082763703066 1
1 1082763703067 1
1 1082763703070 1
1 1082763703071 1
1 1082763703074 1
1 1082763703075 1
1 1082763703117 1
1 1082763703118 4
1 1082763703119 1
1 1082763703121 1
1 1082763703122 4
1 1082763703123 1
1 1082763703125 1
1 1082763703126 4
1 1082763703127 1
1 1082763703129 1
1 1082763703130 4
1 1082763703131 1
1 1082763703133 1
1 1082763703134 4
1 1082763703135 1
1 1082763703137 1
1 1082763703138 4
1 1082763703139 1
1 1082763703180 1
1 1082763703181 4
1 1082763703182 1
1 1082763703184 1
1 1082763703185 4
1 1082763703186 1
1 1082763703188 1
1 1082763703189 4
1 1082763703190 1
1 1082763703192 1
1 1082763703193 4
1 1082763703194 1
1 1082763703196 1
1 1082763703197 4
1 1082763703198 1
1 1082763703214 1
1 1082763703215 1
1 1082763703218 1
1 1082763703219 1
1 1082763703222 1
1 1082763703223 1
1 1082763703226 1
1 1082763703227 1
1 1082763703230 1
1 1082763703231 1
1 1082763703234 1
1 1082763703235 1
1 1082763703277 1
1 1082763703278 4
1 1082763703279 1
1 1082763703281 1
1 1082763703282 4
1 1082763703283 1
1 1082763703285 1
1 1082763703286 4
1 1082763703287 1
1 1082763703289 1
1 1082763703290 4
1 1082763703291 1
1 1082763703293 1
1 1082763703294 4
1 1082763703295 1
1 1082763703297 1
1 1082763703298 4
1 1082763703299 1
1 1082763703340 1
1 1082763703341 4
1 1082763703342 1
1 1082763703344 1
1 1082763703345 4
1 1082763703346 1
1 1082763703348 1
1 1082763703349 4
1 1082763703350 1
1 1082763703352 1
1 1082763703353 4
1 1082763703354 1
1 1082763703356 1
1 1082763703357 4
1 1082763703358 1
1 1082763703360 1
1 1082763703361 4
1 1082763703362 1
1 1082763703404 4
1 1082763703405 1
1 1082763703408 4
1 1082763703409 1
1 1082763703412 4
1 1082763703413 1
1 1082763703416 4
1 1082763703417 1
1 1082763703420 4
1 1082763703421 1
1 1082763703424 4
1 1082763703425 1
1 1082763703454 1
1 1082763703455 1
1 1082763703458 1
1 1082763703459 1
1 1082763703462 1
1 1082763703463 1
1 1082763703466 1
1 1082763703467 1
1 1082763703470 1
1 1082763703471 1
1 1082763703474 1
1 1082763703475 1
1 1082763703517 1
1 1082763703518 4
1 1082763703519 1
1 1082763703521 1
1 1082763703522 4
1 1082763703523 1
1 1082763703525 1
1 1082763703526 4
1 1082763703527 1
1 1082763703529 1
1 1082763703530 4
1 1082763703531 1
1 1082763703533 1
1 1082763703534 4
1 1082763703535 1
1 1082763703537 1
1 1082763703538 4
1 1082763703539 1
1 1082763703580 1
1 1082763703581 4
1 1082763703582 1
1 1082763703584 1
1 1082763703585 4
1 1082763703586 1
1 1082763703588 1
1 1082763703589 4
1 1082763703590 1
1 1082763703592 1
1 1082763703593 4
1 1082763703594 1
1 1082763703596 1
1 1082763703597 4
1 1082763703598 1
1 1082763703614 1
1 1082763703615 1
1 1082763703618 1
1 1082763703619 1
1 1082763703622 1
1 1082763703623 1
1 1082763703626 1
1 1082763703627 1
1 1082763703630 1
1 1082763703631 1
1 1082763703634 1
1 1082763703635 1
1 1082763703677 1
1 1082763703678 4
1 1082763703679 1
1 1082763703681 1
1 1082763703682 4
1 1082763703683 1
1 1082763703685 1
1 1082763703686 4
1 1082763703687 1
1 1082763703689 1
1 1082763703690 4
1 1082763703691 1
1 1082763703693 1
1 1082763703694 4
1 1082763703695 1
1 1082763703697 1
1 1082763703698 4
1 1082763703699 1
1 1082763703740 1
1 1082763703741 4
1 1082763703742 1
1 1082763703744 1
1 1082763703745 4
1 1082763703746 1
1 1082763703748 1
1 1082763703749 4
1 1082763703750 1
1 1082763703752 1
1 1082763703753 4
1 1082763703754 1
1 1082763703756 1
1 1082763703757 4
1 1082763703758 1
1 1082763703760 1
1 1082763703761 4
1 1082763703762 1
1 1082763703804 4
1 1082763703805 1
1 1082763703808 4
1 1082763703809 1
1 1082763703812 4
1 1082763703813 1
1 1082763703816 4
1 1082763703817 1
1 1082763703820 4
1 1082763703821 1
1 1082763703824 4
1 1082763703825 1
1 1082763703854 1
1 1082763703855 1
1 1082763703858 1
1 1082763703859 1
1 1082763703862 1
1 1082763703863 1
1 1082763703866 1
1 1082763703867 1
1 1082763703870 1
1 1082763703871 1
1 1082763703874 1
1 1082763703875 1
1 1082763703917 1
1 1082763703918 4
1 1082763703919 1
1 1082763703921 1
1 1082763703922 4
1 1082763703923 1
1 1082763703925 1
1 1082763703926 4
1 1082763703927 1
1 1082763703929 1
1 1082763703930 4
1 1082763703931 1
1 1082763703933 1
1 1082763703934 4
1 1082763703935 1
1 1082763703937 1
1 1082763703938 4
1 1082763703939 1
1 1082763703980 1
1 1082763703981 4
1 1082763703982 1
1 1082763703984 1
1 1082763703985 4
1 1082763703986 1
1 1082763703988 1
1 1082763703989 4
1 1082763703990 1
1 1082763703992 1
1 1082763703993 4
1 1082763703994 1
1 1082763703996 1
1 1082763703997 4
1 1082763703998 1
1 1082763704014 1
1 1082763704015 1
1 1082763704018 1
1 1082763704019 1
1 1082763704022 1
1 1082763704023 1
1 1082763704026 1
1 1082763704027 1
1 1082763704030 1
1 1082763704031 1
1 1082763704034 1
1 1082763704035 1
1 1082763704077 1
1 1082763704078 4
1 1082763704079 1
1 1082763704081 1
1 1082763704082 4
1 1082763704083 1
1 1082763704085 1
1 1082763704086 4
1 1082763704087 1
1 1082763704089 1
1 1082763704090 4
1 1082763704091 1
1 1082763704093 1
1 1082763704094 4
1 1082763704095 1
1 1082763704097 1
1 1082763704098 4
1 1082763704099 1
1 1082763704140 1
1 1082763704141 4
1 1082763704142 1
1 1082763704144 1
1 1082763704145 4
1 1082763704146 1
1 1082763704148 1
1 1082763704149 4
1 1082763704150 1
1 1082763704152 1
1 1082763704153 4
1 1082763704154 1
1 1082763704156 1
1 1082763704157 4
1 1082763704158 1
1 1082763704160 1
1 1082763704161 4
1 1082763704162 1
1 1082763704204 4
1 1082763704205 1
1 1082763704208 4
1 1082763704209 1
1 1082763704212 4
1 1082763704213 1
1 1082763704216 4
1 1082763704217 1
1 1082763704220 4
1 1082763704221 1
1 1082763704224 4
1 1082763704225 1
1 1082763704254 1
1 1082763704255 1
1 1082763704258 1
1 1082763704259 1
1 1082763704262 1
1 1082763704263 1
1 1082763704266 1
1 1082763704267 1
1 1082763704270 1
1 1082763704271 1
1 1082763704274 1
1 1082763704275 1
1 1082763704317 1
1 1082763704318 4
1 1082763704319 1
1 1082763704321 1
1 1082763704322 4
1 1082763704323 1
1 1082763704325 1
1 1082763704326 4
1 1082763704327 1
1 1082763704329 1
1 1082763704330 4
1 1082763704331 1
1 1082763704333 1
1 1082763704334 4
1 1082763704335 1
1 1082763704337 1
1 1082763704338 4
1 1082763704339 1
1 1082763704380 1
1 1082763704381 4
1 1082763704382 1
1 1082763704384 1
1 1082763704385 4
1 1082763704386 1
1 1082763704388 1
1 1082763704389 4
1 1082763704390 1
1 1082763704392 1
1 1082763704393 4
1 1082763704394 1
1 1082763704396 1
1 1082763704397 4
1 1082763704398 1
1 1082763704414 1
1 1082763704415 1
1 1082763704418 1
1 1082763704419 1
1 1082763704422 1
1 1082763704423 1
1 1082763704426 1
1 1082763704427 1
1 1082763704430 1
1 1082763704431 1
1 1082763704434 1
1 1082763704435 1
1 1082763704477 1
1 1082763704478 4
1 1082763704479 1
1 1082763704481 1
1 1082763704482 4
1 1082763704483 1
1 1082763704485 1
1 1082763704486 4
1 1082763704487 1
1 1082763704489 1
1 1082763704490 4
1 1082763704491 1
1 1082763704493 1
1 1082763704494 4
1 1082763704495 1
1 1082763704497 1
1 1082763704498 4
1 1082763704499 1
1 1082763704540 1
1 1082763704541 4
1 1082763704542 1
1 1082763704544 1
1 1082763704545 4
1 1082763704546 1
1 1082763704548 1
1 1082763704549 4
1 1082763704550 1
1 1082763704552 1
1 1082763704553 4
1 1082763704554 1
1 1082763704556 1
1 1082763704557 4
1 1082763704558 1
1 1082763704560 1
1 1082763704561 4
1 1082763704562 1
1 1082763704604 4
1 1082763704605 1
1 1082763704608 4
1 1082763704609 1
1 1082763704612 4
1 1082763704613 1
1 1082763704616 4
1 1082763704617 1
1 1082763704620 4
1 1082763704621 1
1 1082763704624 4
1 1082763704625 1
1 1082763704654 1
1 1082763704655 1
1 1082763704658 1
1 1082763704659 1
1 1082763704662 1
1 1082763704663 1
1 1082763704666 1
1 1082763704667 1
1 1082763704670 1
1 1082763704671 1
1 1082763704674 1
1 1082763704675 1
1 1082763704717 1
1 1082763704718 4
1 1082763704719 1
1 1082763704721 1
1 1082763704722 4
1 1082763704723 1
1 1082763704725 1
1 1082763704726 4
1 1082763704727 1
1 1082763704729 1
1 1082763704730 4
1 1082763704731 1
1 1082763704733 1
1 1082763704734 4
1 1082763704735 1
1 1082763704737 1
1 1082763704738 4
1 1082763704739 1
1 1082763704780 1
1 1082763704781 4
1 1082763704782 1
1 1082763704784 1
1 1082763704785 4
1 1082763704786 1
1 1082763704788 1
1 1082763704789 4
1 1082763704790 1
1 1082763704792 1
1 1082763704793 4
1 1082763704794 1
1 1082763704796 1
1 1082763704797 4
1 1082763704798 1
1 1082763704814 1
1 1082763704815 1
1 1082763704818 1
1 1082763704819 1
1 1082763704822 1
1 1082763704823 1
1 1082763704826 1
1 1082763704827 1
1 1082763704830 1
1 1082763704831 1
1 1082763704834 1
1 1082763704835 1
1 1082763704877 1
1 1082763704878 4
1 1082763704879 1
1 1082763704881 1
1 1082763704882 4
1 1082763704883 1
1 1082763704885 1
1 1082763704886 4
1 1082763704887 1
1 1082763704889 1
1 1082763704890 4
1 1082763704891 1
1 1082763704893 1
1 1082763704894 4
1 1082763704895 1
1 1082763704897 1
1 1082763704898 4
1 1082763704899 1
1 1082763704940 1
1 1082763704941 4
1 1082763704942 1
1 1082763704944 1
1 1082763704945 4
1 1082763704946 1
1 1082763704948 1
1 1082763704949 4
1 1082763704950 1
1 1082763704952 1
1 1082763704953 4
1 1082763704954 1
1 1082763704956 1
1 1082763704957 4
1 1082763704958 1
1 1082763704960 1
1 1082763704961 4
1 1082763704962 1
1 1082763705004 4
1 1082763705005 1
1 1082763705008 4
1 1082763705009 1
1 1082763705012 4
1 1082763705013 1
1 1082763705016 4
1 1082763705017 1
1 1082763705020 4
1 1082763705021 1
1 1082763705024 4
1 1082763705025 1
1 1082763705054 1
1 1082763705055 1
1 1082763705058 1
1 1082763705059 1
1 1082763705062 1
1 1082763705063 1
1 1082763705066 1
1 1082763705067 1
1 1082763705070 1
1 1082763705071 1
1 1082763705074 1
1 1082763705075 1
1 1082763705117 1
1 1082763705118 4
1 1082763705119 1
1 1082763705121 1
1 1082763705122 4
1 1082763705123 1
1 1082763705125 1
1 1082763705126 4
1 1082763705127 1
1 1082763705129 1
1 1082763705130 4
1 1082763705131 1
1 1082763705133 1
1 1082763705134 4
1 1082763705135 1
1 1082763705137 1
1 1082763705138 4
1 1082763705139 1
1 1082763705180 1
1 1082763705181 4
1 1082763705182 1
1 1082763705184 1
1 1082763705185 4
1 1082763705186 1
1 1082763705188 1
1 1082763705189 4
1 1082763705190 1
1 1082763705192 1
1 1082763705193 4
1 1082763705194 1
1 1082763705196 1
1 1082763705197 4
1 1082763705198 1
1 1082763705214 1
1 1082763705215 1
1 1082763705218 1
1 1082763705219 1
1 1082763705222 1
1 1082763705223 1
1 1082763705226 1
1 1082763705227 1
1 1082763705230 1
1 1082763705231 1
1 1082763705234 1
1 1082763705235 1
1 1082763705277 1
1 1082763705278 4
1 1082763705279 1
1 1082763705281 1
1 1082763705282 4
1 1082763705283 1
1 1082763705285 1
1 1082763705286 4
1 1082763705287 1
1 1082763705289 1
1 1082763705290 4
1 1082763705291 1
1 1082763705293 1
1 1082763705294 4
1 1082763705295 1
1 1082763705297 1
1 1082763705298 4
1 1082763705299 1
1 1082763705340 1
1 1082763705341 4
1 1082763705342 1
1 1082763705344 1
1 1082763705345 4
1 1082763705346 1
1 1082763705348 1
1 1082763705349 4
1 1082763705350 1
1 1082763705352 1
1 1082763705353 4
1 1082763705354 1
1 1082763705356 1
1 1082763705357 4
1 1082763705358 1
1 1082763705360 1
1 1082763705361 4
1 1082763705362 1
1 1082763705404 4
1 1082763705405 1
1 1082763705408 4
1 1082763705409 1
1 1082763705412 4
1 1082763705413 1
1 1082763705416 4
1 1082763705417 1
1 1082763705420 4
1 1082763705421 1
1 1082763705424 4
1 1082763705425 1
1 1082763705454 1
1 1082763705455 1
1 1082763705458 1
1 1082763705459 1
1 1082763705462 1
1 1082763705463 1
1 1082763705466 1
1 1082763705467 1
1 1082763705470 1
1 1082763705471 1
1 1082763705474 1
1 1082763705475 1
1 1082763705517 1
1 1082763705518 4
1 1082763705519 1
1 1082763705521 1
1 1082763705522 4
1 1082763705523 1
1 1082763705525 1
1 1082763705526 4
1 1082763705527 1
1 1082763705529 1
1 1082763705530 4
1 1082763705531 1
1 1082763705533 1
1 1082763705534 4
1 1082763705535 1
1 1082763705537 1
1 1082763705538 4
1 1082763705539 1
1 1082763705580 1
1 1082763705581 4
1 1082763705582 1
1 1082763705584 1
1 1082763705585 4
1 1082763705586 1
1 1082763705588 1
1 1082763705589 4
1 1082763705590 1
1 1082763705592 1
1 1082763705593 4
1 1082763705594 1
1 1082763705596 1
1 1082763705597 4
1 1082763705598 1
1 1082763705614 1
1 1082763705615 1
1 1082763705618 1
1 1082763705619 1
1 1082763705622 1
1 1082763705623 1
1 1082763705626 1
1 1082763705627 1
1 1082763705630 1
1 1082763705631 1
1 1082763705634 1
1 1082763705635 1
1 1082763705677 1
1 1082763705678 4
1 1082763705679 1
1 1082763705681 1
1 1082763705682 4
1 1082763705683 1
1 1082763705685 1
1 1082763705686 4
1 1082763705687 1
1 1082763705689 1
1 1082763705690 4
1 1082763705691 1
1 1082763705693 1
1 1082763705694 4
1 1082763705695 1
1 1082763705697 1
1 1082763705698 4
1 1082763705699 1
1 1082763705740 1
1 1082763705741 4
1 1082763705742 1
1 1082763705744 1
1 1082763705745 4
1 1082763705746 1
1 1082763705748 1
1 1082763705749 4
1 1082763705750 1
1 1082763705752 1
1 1082763705753 4
1 1082763705754 1
1 1082763705756 1
1 1082763705757 4
1 1082763705758 1
1 1082763705760 1
1 1082763705761 4
1 1082763705762 1
1 1082763705804 4
1 1082763705805 1
1 1082763705808 4
1 1082763705809 1
1 1082763705812 4
1 1082763705813 1
1 1082763705816 4
1 1082763705817 1
1 1082763705820 4
1 1082763705821 1
1 1082763705824 4
1 1082763705825 1
1 1082763705854 1
1 1082763705855 1
1 1082763705858 1
1 1082763705859 1
1 1082763705862 1
1 1082763705863 1
1 1082763705866 1
1 1082763705867 1
1 1082763705870 1
1 1082763705871 1
1 1082763705874 1
1 1082763705875 1
1 1082763705917 1
1 1082763705918 4
1 1082763705919 1
1 1082763705921 1
1 1082763705922 4
1 1082763705923 1
1 1082763705925 1
1 1082763705926 4
1 1082763705927 1
1 1082763705929 1
1 1082763705930 4
1 1082763705931 1
1 1082763705933 1
1 1082763705934 4
1 1082763705935 1
1 1082763705937 1
1 1082763705938 4
1 1082763705939 1
1 1082763705980 1
1 1082763705981 4
1 1082763705982 1
1 1082763705984 1
1 1082763705985 4
1 1082763705986 1
1 1082763705988 1
1 1082763705989 4
1 1082763705990 1
1 1082763705992 1
1 1082763705993 4
1 1082763705994 1
1 1082763705996 1
1 1082763705997 4
1 1082763705998 1
1 1082763706014 1
1 1082763706015 1
1 1082763706018 1
1 1082763706019 1
1 1082763706022 1
1 1082763706023 1
1 1082763706026 1
1 1082763706027 1
1 1082763706030 1
1 1082763706031 1
1 1082763706034 1
1 1082763706035 1
1 1082763706077 1
1 1082763706078 4
1 1082763706079 1
1 1082763706081 1
1 1082763706082 4
1 1082763706083 1
1 1082763706085 1
1 1082763706086 4
1 1082763706087 1
1 1082763706089 1
1 1082763706090 4
1 1082763706091 1
1 1082763706093 1
1 1082763706094 4
1 1082763706095 1
1 1082763706097 1
1 1082763706098 4
1 1082763706099 1
1 1082763706140 1
1 1082763706141 4
1 1082763706142 1
1 1082763706144 1
1 1082763706145 4
1 1082763706146 1
1 1082763706148 1
1 1082763706149 4
1 1082763706150 1
1 1082763706152 1
1 1082763706153 4
1 1082763706154 1
1 1082763706156 1
1 1082763706157 4
1 1082763706158 1
1 1082763706160 1
1 1082763706161 4
1 1082763706162 1
1 1082763706204 4
1 1082763706205 1
1 1082763706208 4
1 1082763706209 1
1 1082763706212 4
1 1082763706213 1
1 1082763706216 4
1 1082763706217 1
1 1082763706220 4
1 1082763706221 1
1 1082763706224 4
1 1082763706225 1
1 1082763706254 1
1 1082763706255 1
1 1082763706258 1
1 1082763706259 1
1 1082763706262 1
1 1082763706263 1
1 1082763706266 1
1 1082763706267 1
1 1082763706270 1
1 1082763706271 1
1 1082763706274 1
1 1082763706275 1
1 1082763706317 1
1 1082763706318 4
1 1082763706319 1
1 1082763706321 1
1 1082763706322 4
1 1082763706323 1
1 1082763706325 1
1 1082763706326 4
1 1082763706327 1
1 1082763706329 1
1 1082763706330 4
1 1082763706331 1
1 1082763706333 1
1 1082763706334 4
1 1082763706335 1
1 1082763706337 1
1 1082763706338 4
1 1082763706339 1
1 1082763706380 1
1 1082763706381 4
1 1082763706382 1
1 1082763706384 1
1 1082763706385 4
1 1082763706386 1
1 1082763706388 1
1 1082763706389 4
1 1082763706390 1
1 1082763706392 1
1 1082763706393 4
1 1082763706394 1
1 1082763706396 1
1 1082763706397 4
1 1082763706398 1
1 1082763706414 1
1 1082763706415 1
1 1082763706418 1
1 1082763706419 1
1 1082763706422 1
1 1082763706423 1
1 1082763706426 1
1 1082763706427 1
1 1082763706430 1
1 1082763706431 1
1 1082763706434 1
1 1082763706435 1
1 1082763706477 1
1 1082763706478 4
1 1082763706479 1
1 1082763706481 1
1 1082763706482 4
1 1082763706483 1
1 1082763706485 1
1 1082763706486 4
1 1082763706487 1
1 1082763706489 1
1 1082763706490 4
1 1082763706491 1
1 1082763706493 1
1 1082763706494 4
1 1082763706495 1
1 1082763706497 1
1 1082763706498 4
1 1082763706499 1
1 1082763706540 1
1 1082763706541 4
1 1082763706542 1
1 1082763706544 1
1 1082763706545 4
1 1082763706546 1
1 1082763706548 1
1 1082763706549 4
1 1082763706550 1
1 1082763706552 1
1 1082763706553 4
1 1082763706554 1
1 1082763706556 1
1 1082763706557 4
1 1082763706558 1
1 1082763706560 1
1 1082763706561 4
1 1082763706562 1
1 1082763706604 4
1 1082763706605 1
1 1082763706608 4
1 1082763706609 1
1 1082763706612 4
1 1082763706613 1
1 1082763706616 4
1 1082763706617 1
1 1082763706620 4
1 1082763706621 1
1 1082763706624 4
1 1082763706625 1
1 1082763706654 1
1 1082763706655 1
1 1082763706658 1
1 1082763706659 1
1 1082763706662 1
1 1082763706663 1
1 1082763706666 1
1 1082763706667 1
1 1082763706670 1
1 1082763706671 1
1 1082763706674 1
1 1082763706675 1
1 1082763706717 1
1 1082763706718 4
1 1082763706719 1
1 1082763706721 1
1 1082763706722 4
1 1082763706723 1
1 1082763706725 1
1 1082763706726 4
1 1082763706727 1
1 1082763706729 1
1 1082763706730 4
1 1082763706731 1
1 1082763706733 1
1 1082763706734 4
1 1082763706735 1
1 1082763706737 1
1 1082763706738 4
1 1082763706739 1
1 1082763706780 1
1 1082763706781 4
1 1082763706782 1
1 1082763706784 1
1 1082763706785 4
1 1082763706786 1
1 1082763706788 1
1 1082763706789 4
1 1082763706790 1
1 1082763706792 1
1 1082763706793 4
1 1082763706794 1
1 1082763706796 1
1 1082763706797 4
1 1082763706798 1
1 1082763706814 1
1 1082763706815 1
1 1082763706818 1
1 1082763706819 1
1 1082763706822 1
1 1082763706823 1
1 1082763706826 1
1 1082763706827 1
1 1082763706830 1
1 1082763706831 1
1 1082763706834 1
1 1082763706835 1
1 1082763706877 1
1 1082763706878 4
1 1082763706879 1
1 1082763706881 1
1 1082763706882 4
1 1082763706883 1
1 1082763706885 1
1 1082763706886 4
1 1082763706887 1
1 1082763706889 1
1 1082763706890 4
1 1082763706891 1
1 1082763706893 1
1 1082763706894 4
1 1082763706895 1
1 1082763706897 1
1 1082763706898 4
1 1082763706899 1
1 1082763706940 1
1 1082763706941 4
1 1082763706942 1
1 1082763706944 1
1 1082763706945 4
1 1082763706946 1
1 1082763706948 1
1 1082763706949 4
1 1082763706950 1
1 1082763706952 1
1 1082763706953 4
1 1082763706954 1
1 1082763706956 1
1 1082763706957 4
1 1082763706958 1
1 1082763706960 1
1 1082763706961 4
1 1082763706962 1
1 1082763707004 4
1 1082763707005 1
1 1082763707008 4
1 1082763707009 1
1 1082763707012 4
1 1082763707013 1
1 1082763707016 4
1 1082763707017 1
1 1082763707020 4
1 1082763707021 1
1 1082763707024 4
1 1082763707025 1
1 1082763707054 1
1 1082763707055 1
1 1082763707058 1
1 1082763707059 1
1 1082763707062 1
1 1082763707063 1
1 1082763707066 1
1 1082763707067 1
1 1082763707070 1
1 1082763707071 1
1 1082763707074 1
1 1082763707075 1
1 1082763707117 1
1 1082763707118 4
1 1082763707119 1
1 1082763707121 1
1 1082763707122 4
1 1082763707123 1
1 1082763707125 1
1 1082763707126 4
1 1082763707127 1
1 1082763707129 1
1 1082763707130 4
1 1082763707131 1
1 1082763707133 1
1 1082763707134 4
1 1082763707135 1
1 1082763707137 1
1 1082763707138 4
1 1082763707139 1
1 1082763707180 1
1 1082763707181 4
1 1082763707182 1
1 1082763707184 1
1 1082763707185 4
1 1082763707186 1
1 1082763707188 1
1 1082763707189 4
1 1082763707190 1
1 1082763707192 1
1 1082763707193 4
1 1082763707194 1
1 1082763707196 1
1 1082763707197 4
1 1082763707198 1
1 1082763707214 1
1 1082763707215 1
1 1082763707218 1
1 1082763707219 1
1 1082763707222 1
1 1082763707223 1
1 1082763707226 1
1 1082763707227 1
1 1082763707230 1
1 1082763707231 1
1 1082763707234 1
1 1082763707235 1
1 1082763707277 1
1 1082763707278 4
1 1082763707279 1
1 1082763707281 1
1 1082763707282 4
1 1082763707283 1
1 1082763707285 1
1 1082763707286 4
1 1082763707287 1
1 1082763707289 1
1 1082763707290 4
1 1082763707291 1
1 1082763707293 1
1 1082763707294 4
1 1082763707295 1
1 1082763707297 1
1 1082763707298 4
1 1082763707299 1
1 1082763707340 1
1 1082763707341 4
1 1082763707342 1
1 1082763707344 1
1 1082763707345 4
1 1082763707346 1
1 1082763707348 1
1 1082763707349 4
1 1082763707350 1
1 1082763707352 1
1 1082763707353 4
1 1082763707354 1
1 1082763707356 1
1 1082763707357 4
1 1082763707358 1
1 1082763707360 1
1 1082763707361 4
1 1082763707362 1
1 1082763707404 4
1 1082763707405 1
1 1082763707408 4
1 1082763707409 1
1 1082763707412 4
1 1082763707413 1
1 1082763707416 4
1 1082763707417 1
1 1082763707420 4
1 1082763707421 1
1 1082763707424 4
1 1082763707425 1
1 1082763707454 1
1 1082763707455 1
1 1082763707458 1
1 1082763707459 1
1 1082763707462 1
1 1082763707463 1
1 1082763707466 1
1 1082763707467 1
1 1082763707470 1
1 1082763707471 1
1 1082763707474 1
1 1082763707475 1
1 1082763707517 1
1 1082763707518 4
1 1082763707519 1
1 1082763707521 1
1 1082763707522 4
1 1082763707523 1
1 1082763707525 1
1 1082763707526 4
1 1082763707527 1
1 1082763707529 1
1 1082763707530 4
1 1082763707531 1
1 1082763707533 1
1 1082763707534 4
1 1082763707535 1
1 1082763707537 1
1 1082763707538 4
1 1082763707539 1
1 1082763707580 1
1 1082763707581 4
1 1082763707582 1
1 1082763707584 1
1 1082763707585 4
1 1082763707586 1
1 1082763707588 1
1 1082763707589 4
1 1082763707590 1
1 1082763707592 1
1 1082763707593 4
1 1082763707594 1
1 1082763707596 1
1 1082763707597 4
1 1082763707598 1
1 1082763707614 1
1 1082763707615 1
1 1082763707618 1
1 1082763707619 1
1 1082763707622 1
1 1082763707623 1
1 1082763707626 1
1 1082763707627 1
1 1082763707630 1
1 1082763707631 1
1 1082763707634 1
1 1082763707635 1
1 1082763707677 1
1 1082763707678 4
1 1082763707679 1
1 1082763707681 1
1 1082763707682 4
1 1082763707683 1
1 1082763707685 1
1 1082763707686 4
1 1082763707687 1
1 1082763707689 1
1 1082763707690 4
1 1082763707691 1
1 1082763707693 1
1 1082763707694 4
1 1082763707695 1
1 1082763707697 1
1 1082763707698 4
1 1082763707699 1
1 1082763707740 1
1 1082763707741 4
1 1082763707742 1
1 1082763707744 1
1 1082763707745 4
1 1082763707746 1
1 1082763707748 1
1 1082763707749 4
1 1082763707750 1
1 1082763707752 1
1 1082763707753 4
1 1082763707754 1
1 1082763707756 1
1 1082763707757 4
1 1082763707758 1
1 1082763707760 1
1 1082763707761 4
1 1082763707762 1
1 1082763707804 4
1 1082763707805 1
1 1082763707808 4
1 1082763707809 1
1 1082763707812 4
1 1082763707813 1
1 1082763707816 4
1 1082763707817 1
1 1082763707820 4
1 1082763707821 1
1 1082763707824 4
1 1082763707825 1
1 1082763707854 1
1 1082763707855 1
1 1082763707858 1
1 1082763707859 1
1 1082763707862 1
1 1082763707863 1
1 1082763707866 1
1 1082763707867 1
1 1082763707870 1
1 1082763707871 1
1 1082763707874 1
1 1082763707875 1
1 1082763707917 1
1 1082763707918 4
1 1082763707919 1
1 1082763707921 1
1 1082763707922 4
1 1082763707923 1
1 1082763707925 1
1 1082763707926 4
1 1082763707927 1
1 1082763707929 1
1 1082763707930 4
1 1082763707931 1
1 1082763707933 1
1 1082763707934 4
1 1082763707935 1
1 1082763707937 1
1 1082763707938 4
1 1082763707939 1
1 1082763707980 1
1 1082763707981 4
1 1082763707982 1
1 1082763707984 1
1 1082763707985 4
1 1082763707986 1
1 1082763707988 1
1 1082763707989 4
1 1082763707990 1
1 1082763707992 1
1 1082763707993 4
1 1082763707994 1
1 1082763707996 1
1 1082763707997 4
1 1082763707998 1
1 1082763708014 1
1 1082763708015 1
1 1082763708018 1
1 1082763708019 1
1 1082763708022 1
1 1082763708023 1
1 1082763708026 1
1 1082763708027 1
1 1082763708030 1
1 1082763708031 1
1 1082763708034 1
1 1082763708035 1
1 1082763708077 1
1 1082763708078 4
1 1082763708079 1
1 1082763708081 1
1 1082763708082 4
1 1082763708083 1
1 1082763708085 1
1 1082763708086 4
1 1082763708087 1
1 1082763708089 1
1 1082763708090 4
1 1082763708091 1
1 1082763708093 1
1 1082763708094 4
1 1082763708095 1
1 1082763708097 1
1 1082763708098 4
1 1082763708099 1
1 1082763708140 1
1 1082763708141 4
1 1082763708142 1
1 1082763708144 1
1 1082763708145 4
1 1082763708146 1
1 1082763708148 1
1 1082763708149 4
1 1082763708150 1
1 1082763708152 1
1 1082763708153 4
1 1082763708154 1
1 1082763708156 1
1 1082763708157 4
1 1082763708158 1
1 1082763708160 1
1 1082763708161 4
1 1082763708162 1
1 1082763708204 4
1 1082763708205 1
1 1082763708208 4
1 1082763708209 1
1 1082763708212 4
1 1082763708213 1
1 1082763708216 4
1 1082763708217 1
1 1082763708220 4
1 1082763708221 1
1 1082763708224 4
1 1082763708225 1
1 1082763708254 1
1 1082763708255 1
1 1082763708258 1
1 1082763708259 1
1 1082763708262 1
1 1082763708263 1
1 1082763708266 1
1 1082763708267 1
1 1082763708270 1
1 1082763708271 1
1 1082763708274 1
1 1082763708275 1
1 1082763708317 1
1 1082763708318 4
1 1082763708319 1
1 1082763708321 1
1 1082763708322 4
1 1082763708323 1
1 1082763708325 1
1 1082763708326 4
1 1082763708327 1
1 1082763708329 1
1 1082763708330 4
1 1082763708331 1
1 1082763708333 1
1 1082763708334 4
1 1082763708335 1
1 1082763708337 1
1 1082763708338 4
1 1082763708339 1
1 1082763708380 1
1 1082763708381 4
1 1082763708382 1
1 1082763708384 1
1 1082763708385 4
1 1082763708386 1
1 1082763708388 1
1 1082763708389 4
1 1082763708390 1
1 1082763708392 1
1 1082763708393 4
1 1082763708394 1
1 1082763708396 1
1 1082763708397 4
1 1082763708398 1
1 1082763708414 1
1 1082763708415 1
1 1082763708418 1
1 1082763708419 1
1 1082763708422 1
1 1082763708423 1
1 1082763708426 1
1 1082763708427 1
1 1082763708430 1
1 1082763708431 1
1 1082763708434 1
1 1082763708435 1
1 1082763708477 1
1 1082763708478 4
1 1082763708479 1
1 1082763708481 1
1 1082763708482 4
1 1082763708483 1
1 1082763708485 1
1 1082763708486 4
1 1082763708487 1
1 1082763708489 1
1 1082763708490 4
1 1082763708491 1
1 1082763708493 1
1 1082763708494 4
1 1082763708495 1
1 1082763708497 1
1 1082763708498 4
1 1082763708499 1
1 1082763708540 1
1 1082763708541 4
1 1082763708542 1
1 1082763708544 1
1 1082763708545 4
1 1082763708546 1
1 1082763708548 1
1 1082763708549 4
1 1082763708550 1
1 1082763708552 1
1 1082763708553 4
1 1082763708554 1
1 1082763708556 1
1 1082763708557 4
1 1082763708558 1
1 1082763708560 1
1 1082763708561 4
1 1082763708562 1
1 1082763708604 4
1 1082763708605 1
1 1082763708608 4
1 1082763708609 1
1 1082763708612 4
1 1082763708613 1
1 1082763708616 4
1 1082763708617 1
1 1082763708620 4
1 1082763708621 1
1 1082763708624 4
1 1082763708625 1
1 1082763708654 1
1 1082763708655 1
1 1082763708658 1
1 1082763708659 1
1 1082763708662 1
1 1082763708663 1
1 1082763708666 1
1 1082763708667 1
1 1082763708670 1
1 1082763708671 1
1 1082763708674 1
1 1082763708675 1
1 1082763708717 1
1 1082763708718 4
1 1082763708719 1
1 1082763708721 1
1 1082763708722 4
1 1082763708723 1
1 1082763708725 1
1 1082763708726 4
1 1082763708727 1
1 1082763708729 1
1 1082763708730 4
1 1082763708731 1
1 1082763708733 1
1 1082763708734 4
1 1082763708735 1
1 1082763708737 1
1 1082763708738 4
1 1082763708739 1
1 1082763708780 1
1 1082763708781 4
1 1082763708782 1
1 1082763708784 1
1 1082763708785 4
1 1082763708786 1
1 1082763708788 1
1 1082763708789 4
1 1082763708790 1
1 1082763708792 1
1 1082763708793 4
1 1082763708794 1
1 1082763708796 1
1 1082763708797 4
1 1082763708798 1
1 1082763708814 1
1 1082763708815 1
1 1082763708818 1
1 1082763708819 1
1 1082763708822 1
1 1082763708823 1
1 1082763708826 1
1 1082763708827 1
1 1082763708830 1
1 1082763708831 1
1 1082763708834 1
1 1082763708835 1
1 1082763708877 1
1 1082763708878 4
1 1082763708879 1
1 1082763708881 1
1 1082763708882 4
1 1082763708883 1
1 1082763708885 1
1 1082763708886 4
1 1082763708887 1
1 1082763708889 1
1 1082763708890 4
1 1082763708891 1
1 1082763708893 1
1 1082763708894 4
1 1082763708895 1
1 1082763708897 1
1 1082763708898 4
1 1082763708899 1
1 1082763708940 1
1 1082763708941 4
1 1082763708942 1
1 1082763708944 1
1 1082763708945 4
1 1082763708946 1
1 1082763708948 1
1 1082763708949 4
1 1082763708950 1
1 1082763708952 1
1 1082763708953 4
1 1082763708954 1
1 1082763708956 1
1 1082763708957 4
1 1082763708958 1
1 1082763708960 1
1 1082763708961 4
1 1082763708962 1
1 1082763709004 4
1 1082763709005 1
1 1082763709008 4
1 1082763709009 1
1 1082763709012 4
1 1082763709013 1
1 1082763709016 4
1 1082763709017 1
1 1082763709020 4
1 1082763709021 1
1 1082763709024 4
1 1082763709025 1
1 1082763709054 1
1 1082763709055 1
1 1082763709058 1
1 1082763709059 1
1 1082763709062 1
1 1082763709063 1
1 1082763709066 1
1 1082763709067 1
1 1082763709070 1
1 1082763709071 1
1 1082763709074 1
1 1082763709075 1
1 1082763709117 1
1 1082763709118 4
1 1082763709119 1
1 1082763709121 1
1 1082763709122 4
1 1082763709123 1
1 1082763709125 1
1 1082763709126 4
1 1082763709127 1
1 1082763709129 1
1 1082763709130 4
1 1082763709131 1
1 1082763709133 1
1 1082763709134 4
1 1082763709135 1
1 1082763709137 1
1 1082763709138 4
1 1082763709139 1
1 1082763709180 1
1 1082763709181 4
1 1082763709182 1
1 1082763709184 1
1 1082763709185 4
1 1082763709186 1
1 1082763709188 1
1 1082763709189 4
1 1082763709190 1
1 1082763709192 1
1 1082763709193 4
1 1082763709194 1
1 1082763709196 1
1 1082763709197 4
1 1082763709198 1
1 1082763709214 1
1 1082763709215 1
1 1082763709218 1
1 1082763709219 1
1 1082763709222 1
1 1082763709223 1
1 1082763709226 1
1 1082763709227 1
1 1082763709230 1
1 1082763709231 1
1 1082763709234 1
1 1082763709235 1
1 1082763709277 1
1 1082763709278 4
1 1082763709279 1
1 1082763709281 1
1 1082763709282 4
1 1082763709283 1
1 1082763709285 1
1 1082763709286 4
1 1082763709287 1
1 1082763709289 1
1 1082763709290 4
1 1082763709291 1
1 1082763709293 1
1 1082763709294 4
1 1082763709295 1
1 1082763709297 1
1 1082763709298 4
1 1082763709299 1
1 1082763709340 1
1 1082763709341 4
1 1082763709342 1
1 1082763709344 1
1 1082763709345 4
1 1082763709346 1
1 1082763709348 1
1 1082763709349 4
1 1082763709350 1
1 1082763709352 1
1 1082763709353 4
1 1082763709354 1
1 1082763709356 1
1 1082763709357 4
1 1082763709358 1
1 1082763709360 1
1 1082763709361 4
1 1082763709362 1
1 1082763709404 4
1 1082763709405 1
1 1082763709408 4
1 1082763709409 1
1 1082763709412 4
1 1082763709413 1
1 1082763709416 4
1 1082763709417 1
1 1082763709420 4
1 1082763709421 1
1 1082763709424 4
1 1082763709425 1
1 1082763709454 1
1 1082763709455 1
1 1082763709458 1
1 1082763709459 1
1 1082763709462 1
1 1082763709463 1
1 1082763709466 1
1 1082763709467 1
1 1082763709470 1
1 1082763709471 1
1 1082763709474 1
1 1082763709475 1
1 1082763709517 1
1 1082763709518 4
1 1082763709519 1
1 1082763709521 1
1 1082763709522 4
1 1082763709523 1
1 1082763709525 1
1 1082763709526 4
1 1082763709527 1
1 1082763709529 1
1 1082763709530 4
1 1082763709531 1
1 1082763709533 1
1 1082763709534 4
1 1082763709535 1
1 1082763709537 1
1 1082763709538 4
1 1082763709539 1
1 1082763709580 1
1 1082763709581 4
1 1082763709582 1
1 1082763709584 1
1 1082763709585 4
1 1082763709586 1
1 1082763709588 1
1 1082763709589 4
1 1082763709590 1
1 1082763709592 1
1 1082763709593 4
1 1082763709594 1
1 1082763709596 1
1 1082763709597 4
1 1082763709598 1
1 1082763709614 1
1 1082763709615 1
1 1082763709618 1
1 1082763709619 1
1 1082763709622 1
1 1082763709623 1
1 1082763709626 1
1 1082763709627 1
1 1082763709630 1
1 1082763709631 1
1 1082763709634 1
1 1082763709635 1
1 1082763709677 1
1 1082763709678 4
1 1082763709679 1
1 1082763709681 1
1 1082763709682 4
1 1082763709683 1
1 1082763709685 1
1 1082763709686 4
1 1082763709687 1
1 1082763709689 1
1 1082763709690 4
1 1082763709691 1
1 1082763709693 1
1 1082763709694 4
1 1082763709695 1
1 1082763709697 1
1 1082763709698 4
1 1082763709699 1
1 1082763709740 1
1 1082763709741 4
1 1082763709742 1
1 1082763709744 1
1 1082763709745 4
1 1082763709746 1
1 1082763709748 1
1 1082763709749 4
1 1082763709750 1
1 1082763709752 1
1 1082763709753 4
1 1082763709754 1
1 1082763709756 1
1 1082763709757 4
1 1082763709758 1
1 1082763709760 1
1 1082763709761 4
1 1082763709762 1
1 1082763709804 4
1 1082763709805 1
1 1082763709808 4
1 1082763709809 1
1 1082763709812 4
1 1082763709813 1
1 1082763709816 4
1 1082763709817 1
1 1082763709820 4
1 1082763709821 1
1 1082763709824 4
1 1082763709825 1
1 1082763709854 1
1 1082763709855 1
1 1082763709858 1
1 1082763709859 1
1 1082763709862 1
1 1082763709863 1
1 1082763709866 1
1 1082763709867 1
1 1082763709870 1
1 1082763709871 1
1 1082763709874 1
1 1082763709875 1
1 1082763709917 1
1 1082763709918 4
1 1082763709919 1
1 1082763709921 1
1 1082763709922 4
1 1082763709923 1
1 1082763709925 1
1 1082763709926 4
1 1082763709927 1
1 1082763709929 1
1 1082763709930 4
1 1082763709931 1
1 1082763709933 1
1 1082763709934 4
1 1082763709935 1
1 1082763709937 1
1 1082763709938 4
1 1082763709939 1
1 1082763709980 1
1 1082763709981 4
1 1082763709982 1
1 1082763709984 1
1 1082763709985 4
1 1082763709986 1
1 1082763709988 1
1 1082763709989 4
1 1082763709990 1
1 1082763709992 1
1 1082763709993 4
1 1082763709994 1
1 1082763709996 1
1 1082763709997 4
1 1082763709998 1
1 1082763710014 1
1 1082763710015 1
1 1082763710018 1
1 1082763710019 1
1 1082763710022 1
1 1082763710023 1
1 1082763710026 1
1 1082763710027 1
1 1082763710030 1
1 1082763710031 1
1 1082763710034 1
1 1082763710035 1
1 1082763710077 1
1 1082763710078 4
1 1082763710079 1
1 1082763710081 1
1 1082763710082 4
1 1082763710083 1
1 1082763710085 1
1 1082763710086 4
1 1082763710087 1
1 1082763710089 1
1 1082763710090 4
1 1082763710091 1
1 1082763710093 1
1 1082763710094 4
1 1082763710095 1
1 1082763710097 1
1 1082763710098 4
1 1082763710099 1
1 1082763710140 1
1 1082763710141 4
1 1082763710142 1
1 1082763710144 1
1 1082763710145 4
1 1082763710146 1
1 1082763710148 1
1 1082763710149 4
1 1082763710150 1
1 1082763710152 1
1 1082763710153 4
1 1082763710154 1
1 1082763710156 1
1 1082763710157 4
1 1082763710158 1
1 1082763710160 1
1 1082763710161 4
1 1082763710162 1
1 1082763710204 4
1 1082763710205 1
1 1082763710208 4
1 1082763710209 1
1 1082763710212 4
1 1082763710213 1
1 1082763710216 4
1 1082763710217 1
1 1082763710220 4
1 1082763710221 1
1 1082763710224 4
1 1082763710225 1
1 1082763710254 1
1 1082763710255 1
1 1082763710258 1
1 1082763710259 1
1 1082763710262 1
1 1082763710263 1
1 1082763710266 1
1 1082763710267 1
1 1082763710270 1
1 1082763710271 1
1 1082763710274 1
1 1082763710275 1
1 1082763710317 1
1 1082763710318 4
1 1082763710319 1
1 1082763710321 1
1 1082763710322 4
1 1082763710323 1
1 1082763710325 1
1 1082763710326 4
1 1082763710327 1
1 1082763710329 1
1 1082763710330 4
1 1082763710331 1
1 1082763710333 1
1 1082763710334 4
1 1082763710335 1
1 1082763710337 1
1 1082763710338 4
1 1082763710339 1
1 1082763710380 1
1 1082763710381 4
1 1082763710382 1
1 1082763710384 1
1 1082763710385 4
1 1082763710386 1
1 1082763710388 1
1 1082763710389 4
1 1082763710390 1
1 1082763710392 1
1 1082763710393 4
1 1082763710394 1
1 1082763710396 1
1 1082763710397 4
1 1082763710398 1
1 1082763710414 1
1 1082763710415 1
1 1082763710418 1
1 1082763710419 1
1 1082763710422 1
1 1082763710423 1
1 1082763710426 1
1 1082763710427 1
1 1082763710430 1
1 1082763710431 1
1 1082763710434 1
1 1082763710435 1
1 1082763710477 1
1 1082763710478 4
1 1082763710479 1
1 1082763710481 1
1 1082763710482 4
1 1082763710483 1
1 1082763710485 1
1 1082763710486 4
1 1082763710487 1
1 1082763710489 1
1 1082763710490 4
1 1082763710491 1
1 1082763710493 1
1 1082763710494 4
1 1082763710495 1
1 1082763710497 1
1 1082763710498 4
1 1082763710499 1
1 1082763710540 1
1 1082763710541 4
1 1082763710542 1
1 1082763710544 1
1 1082763710545 4
1 1082763710546 1
1 1082763710548 1
1 1082763710549 4
1 1082763710550 1
1 1082763710552 1
1 1082763710553 4
1 1082763710554 1
1 1082763710556 1
1 1082763710557 4
1 1082763710558 1
1 1082763710560 1
1 1082763710561 4
1 1082763710562 1
1 1082763710604 4
1 1082763710605 1
1 1082763710608 4
1 1082763710609 1
1 1082763710612 4
1 1082763710613 1
1 1082763710616 4
1 1082763710617 1
1 1082763710620 4
1 1082763710621 1
1 1082763710624 4
1 1082763710625 1
1 1082763710654 1
1 1082763710655 1
1 1082763710658 1
1 1082763710659 1
1 1082763710662 1
1 1082763710663 1
1 1082763710666 1
1 1082763710667 1
1 1082763710670 1
1 1082763710671 1
1 1082763710674 1
1 1082763710675 1
1 1082763710717 1
1 1082763710718 4
1 1082763710719 1
1 1082763710721 1
1 1082763710722 4
1 1082763710723 1
1 1082763710725 1
1 1082763710726 4
1 1082763710727 1
1 1082763710729 1
1 1082763710730 4
1 1082763710731 1
1 1082763710733 1
1 1082763710734 4
1 1082763710735 1
1 1082763710737 1
1 1082763710738 4
1 1082763710739 1
1 1082763710780 1
1 1082763710781 4
1 1082763710782 1
1 1082763710784 1
1 1082763710785 4
1 1082763710786 1
1 1082763710788 1
1 1082763710789 4
1 1082763710790 1
1 1082763710792 1
1 1082763710793 4
1 1082763710794 1
1 1082763710796 1
1 1082763710797 4
1 1082763710798 1
1 1082763710814 1
1 1082763710815 1
1 1082763710818 1
1 1082763710819 1
1 1082763710822 1
1 1082763710823 1
1 1082763710826 1
1 1082763710827 1
1 1082763710830 1
1 1082763710831 1
1 1082763710834 1
1 1082763710835 1
1 1082763710877 1
1 1082763710878 4
1 1082763710879 1
1 1082763710881 1
1 1082763710882 4
1 1082763710883 1
1 1082763710885 1
1 1082763710886 4
1 1082763710887 1
1 1082763710889 1
1 1082763710890 4
1 1082763710891 1
1 1082763710893 1
1 1082763710894 4
1 1082763710895 1
1 1082763710897 1
1 1082763710898 4
1 1082763710899 1
1 1082763710940 1
1 1082763710941 4
1 1082763710942 1
1 1082763710944 1
1 1082763710945 4
1 1082763710946 1
1 1082763710948 1
1 1082763710949 4
1 1082763710950 1
1 1082763710952 1
1 1082763710953 4
1 1082763710954 1
1 1082763710956 1
1 1082763710957 4
1 1082763710958 1
1 1082763710960 1
1 1082763710961 4
1 1082763710962 1
1 1082763711004 4
1 1082763711005 1
1 1082763711008 4
1 1082763711009 1
1 1082763711012 4
1 1082763711013 1
1 1082763711016 4
1 1082763711017 1
1 1082763711020 4
1 1082763711021 1
1 1082763711024 4
1 1082763711025 1
1 1082763711054 1
1 1082763711055 1
1 1082763711058 1
1 1082763711059 1
1 1082763711062 1
1 1082763711063 1
1 1082763711066 1
1 1082763711067 1
1 1082763711070 1
1 1082763711071 1
1 1082763711074 1
1 1082763711075 1
1 1082763711117 1
1 1082763711118 4
1 1082763711119 1
1 1082763711121 1
1 1082763711122 4
1 1082763711123 1
1 1082763711125 1
1 1082763711126 4
1 1082763711127 1
1 1082763711129 1
1 1082763711130 4
1 1082763711131 1
1 1082763711133 1
1 1082763711134 4
1 1082763711135 1
1 1082763711137 1
1 1082763711138 4
1 1082763711139 1
1 1082763711180 1
1 1082763711181 4
1 1082763711182 1
1 1082763711184 1
1 1082763711185 4
1 1082763711186 1
1 1082763711188 1
1 1082763711189 4
1 1082763711190 1
1 1082763711192 1
1 1082763711193 4
1 1082763711194 1
1 1082763711196 1
1 1082763711197 4
1 1082763711198 1
1 1082763711214 1
1 1082763711215 1
1 1082763711218 1
1 1082763711219 1
1 1082763711222 1
1 1082763711223 1
1 1082763711226 1
1 1082763711227 1
1 1082763711230 1
1 1082763711231 1
1 1082763711234 1
1 1082763711235 1
1 1082763711277 1
1 1082763711278 4
1 1082763711279 1
1 1082763711281 1
1 1082763711282 4
1 1082763711283 1
1 1082763711285 1
1 1082763711286 4
1 1082763711287 1
1 1082763711289 1
1 1082763711290 4
1 1082763711291 1
1 1082763711293 1
1 1082763711294 4
1 1082763711295 1
1 1082763711297 1
1 1082763711298 4
1 1082763711299 1
1 1082763711340 1
1 1082763711341 4
1 1082763711342 1
1 1082763711344 1
1 1082763711345 4
1 1082763711346 1
1 1082763711348 1
1 1082763711349 4
1 1082763711350 1
1 1082763711352 1
1 1082763711353 4
1 1082763711354 1
1 1082763711356 1
1 1082763711357 4
1 1082763711358 1
1 1082763711360 1
1 1082763711361 4
1 1082763711362 1
1 1082763711404 4
1 1082763711405 1
1 1082763711408 4
1 1082763711409 1
1 1082763711412 4
1 1082763711413 1
1 1082763711416 4
1 1082763711417 1
1 1082763711420 4
1 1082763711421 1
1 1082763711424 4
1 1082763711425 1
1 1082763711454 1
1 1082763711455 1
1 1082763711458 1
1 1082763711459 1
1 1082763711462 1
1 1082763711463 1
1 1082763711466 1
1 1082763711467 1
1 1082763711470 1
1 1082763711471 1
1 1082763711474 1
1 1082763711475 1
1 1082763711517 1
1 1082763711518 4
1 1082763711519 1
1 1082763711521 1
1 1082763711522 4
1 1082763711523 1
1 1082763711525 1
1 1082763711526 4
1 1082763711527 1
1 1082763711529 1
1 1082763711530 4
1 1082763711531 1
1 1082763711533 1
1 1082763711534 4
1 1082763711535 1
1 1082763711537 1
1 1082763711538 4
1 1082763711539 1
1 1082763711580 1
1 1082763711581 4
1 1082763711582 1
1 1082763711584 1
1 1082763711585 4
1 1082763711586 1
1 1082763711588 1
1 1082763711589 4
1 1082763711590 1
1 1082763711592 1
1 1082763711593 4
1 1082763711594 1
1 1082763711596 1
1 1082763711597 4
1 1082763711598 1
1 1082763711614 1
1 1082763711615 1
1 1082763711618 1
1 1082763711619 1
1 1082763711622 1
1 1082763711623 1
1 1082763711626 1
1 1082763711627 1
1 1082763711630 1
1 1082763711631 1
1 1082763711634 1
1 1082763711635 1
1 1082763711677 1
1 1082763711678 4
1 1082763711679 1
1 1082763711681 1
1 1082763711682 4
1 1082763711683 1
1 1082763711685 1
1 1082763711686 4
1 1082763711687 1
1 1082763711689 1
1 1082763711690 4
1 1082763711691 1
1 1082763711693 1
1 1082763711694 4
1 1082763711695 1
1 1082763711697 1
1 1082763711698 4
1 1082763711699 1
1 1082763711740 1
1 1082763711741 4
1 1082763711742 1
1 1082763711744 1
1 1082763711745 4
1 1082763711746 1
1 1082763711748 1
1 1082763711749 4
1 1082763711750 1
1 1082763711752 1
1 1082763711753 4
1 1082763711754 1
1 1082763711756 1
1 1082763711757 4
1 1082763711758 1
1 1082763711760 1
1 1082763711761 4
1 1082763711762 1
1 1082763711804 4
1 1082763711805 1
1 1082763711808 4
1 1082763711809 1
1 1082763711812 4
1 1082763711813 1
1 1082763711816 4
1 1082763711817 1
1 1082763711820 4
1 1082763711821 1
1 1082763711824 4
1 1082763711825 1
1 1082763711854 1
1 1082763711855 1
1 1082763711858 1
1 1082763711859 1
1 1082763711862 1
1 1082763711863 1
1 1082763711866 1
1 1082763711867 1
1 1082763711870 1
1 1082763711871 1
1 1082763711874 1
1 1082763711875 1
1 1082763711917 1
1 1082763711918 4
1 1082763711919 1
1 1082763711921 1
1 1082763711922 4
1 1082763711923 1
1 1082763711925 1
1 1082763711926 4
1 1082763711927 1
1 1082763711929 1
1 1082763711930 4
1 1082763711931 1
1 1082763711933 1
1 1082763711934 4
1 1082763711935 1
1 1082763711937 1
1 1082763711938 4
1 1082763711939 1
1 1082763711980 1
1 1082763711981 4
1 1082763711982 1
1 1082763711984 1
1 1082763711985 4
1 1082763711986 1
1 1082763711988 1
1 1082763711989 4
1 1082763711990 1
1 1082763711992 1
1 1082763711993 4
1 1082763711994 1
1 1082763711996 1
1 1082763711997 4
1 1082763711998 1
1 1082763712014 1
1 1082763712015 1
1 1082763712018 1
1 1082763712019 1
1 1082763712022 1
1 1082763712023 1
1 1082763712026 1
1 1082763712027 1
1 1082763712030 1
1 1082763712031 1
1 1082763712034 1
1 1082763712035 1
1 1082763712077 1
1 1082763712078 4
1 1082763712079 1
1 1082763712081 1
1 1082763712082 4
1 1082763712083 1
1 1082763712085 1
1 1082763712086 4
1 1082763712087 1
1 1082763712089 1
1 1082763712090 4
1 1082763712091 1
1 1082763712093 1
1 1082763712094 4
1 1082763712095 1
1 1082763712097 1
1 1082763712098 4
1 1082763712099 1
1 1082763712140 1
1 1082763712141 4
1 1082763712142 1
1 1082763712144 1
1 1082763712145 4
1 1082763712146 1
1 1082763712148 1
1 1082763712149 4
1 1082763712150 1
1 1082763712152 1
1 1082763712153 4
1 1082763712154 1
1 1082763712156 1
1 1082763712157 4
1 1082763712158 1
1 1082763712160 1
1 1082763712161 4
1 1082763712162 1
1 1082763712204 4
1 1082763712205 1
1 1082763712208 4
1 1082763712209 1
1 1082763712212 4
1 1082763712213 1
1 1082763712216 4
1 1082763712217 1
1 1082763712220 4
1 1082763712221 1
1 1082763712224 4
1 1082763712225 1
1 1082763712254 1
1 1082763712255 1
1 1082763712258 1
1 1082763712259 1
1 1082763712262 1
1 1082763712263 1
1 1082763712266 1
1 1082763712267 1
1 1082763712270 1
1 1082763712271 1
1 1082763712274 1
1 1082763712275 1
1 1082763712317 1
1 1082763712318 4
1 1082763712319 1
1 1082763712321 1
1 1082763712322 4
1 1082763712323 1
1 1082763712325 1
1 1082763712326 4
1 1082763712327 1
1 1082763712329 1
1 1082763712330 4
1 1082763712331 1
1 1082763712333 1
1 1082763712334 4
1 1082763712335 1
1 1082763712337 1
1 1082763712338 4
1 1082763712339 1
1 1082763712380 1
1 1082763712381 4
1 1082763712382 1
1 1082763712384 1
1 1082763712385 4
1 1082763712386 1
1 1082763712388 1
1 1082763712389 4
1 1082763712390 1
1 1082763712392 1
1 1082763712393 4
1 1082763712394 1
1 1082763712396 1
1 1082763712397 4
1 1082763712398 1
1 1082763712414 1
1 1082763712415 1
1 1082763712418 1
1 1082763712419 1
1 1082763712422 1
1 1082763712423 1
1 1082763712426 1
1 1082763712427 1
1 1082763712430 1
1 1082763712431 1
1 1082763712434 1
1 1082763712435 1
1 1082763712477 1
1 1082763712478 4
1 1082763712479 1
1 1082763712481 1
1 1082763712482 4
1 1082763712483 1
1 1082763712485 1
1 1082763712486 4
1 1082763712487 1
1 1082763712489 1
1 1082763712490 4
1 1082763712491 1
1 1082763712493 1
1 1082763712494 4
1 1082763712495 1
1 1082763712497 1
1 1082763712498 4
1 1082763712499 1
1 1082763712540 1
1 1082763712541 4
1 1082763712542 1
1 1082763712544 1
1 1082763712545 4
1 1082763712546 1
1 1082763712548 1
1 1082763712549 4
1 1082763712550 1
1 1082763712552 1
1 1082763712553 4
1 1082763712554 1
1 1082763712556 1
1 1082763712557 4
1 1082763712558 1
1 1082763712560 1
1 1082763712561 4
1 1082763712562 1
1 1082763712604 4
1 1082763712605 1
1 1082763712608 4
1 1082763712609 1
1 1082763712612 4
1 1082763712613 1
1 1082763712616 4
1 1082763712617 1
1 1082763712620 4
1 1082763712621 1
1 1082763712624 4
1 1082763712625 1
1 1082763712654 1
1 1082763712655 1
1 1082763712658 1
1 1082763712659 1
1 1082763712662 1
1 1082763712663 1
1 1082763712666 1
1 1082763712667 1
1 1082763712670 1
1 1082763712671 1
1 1082763712674 1
1 1082763712675 1
1 1082763712717 1
1 1082763712718 4
1 1082763712719 1
1 1082763712721 1
1 1082763712722 4
1 1082763712723 1
1 1082763712725 1
1 1082763712726 4
1 1082763712727 1
1 1082763712729 1
1 1082763712730 4
1 1082763712731 1
1 1082763712733 1
1 1082763712734 4
1 1082763712735 1
1 1082763712737 1
1 1082763712738 4
1 1082763712739 1
1 1082763712780 1
1 1082763712781 4
1 1082763712782 1
1 1082763712784 1
1 1082763712785 4
1 1082763712786 1
1 1082763712788 1
1 1082763712789 4
1 1082763712790 1
1 1082763712792 1
1 1082763712793 4
1 1082763712794 1
1 1082763712796 1
1 1082763712797 4
1 1082763712798 1
1 1082763712814 1
1 1082763712815 1
1 1082763712818 1
1 1082763712819 1
1 1082763712822 1
1 1082763712823 1
1 1082763712826 1
1 1082763712827 1
1 1082763712830 1
1 1082763712831 1
1 1082763712834 1
1 1082763712835 1
1 1082763712877 1
1 1082763712878 4
1 1082763712879 1
1 1082763712881 1
1 1082763712882 4
1 1082763712883 1
1 1082763712885 1
1 1082763712886 4
1 1082763712887 1
1 1082763712889 1
1 1082763712890 4
1 1082763712891 1
1 1082763712893 1
1 1082763712894 4
1 1082763712895 1
1 1082763712897 1
1 1082763712898 4
1 1082763712899 1
1 1082763712940 1
1 1082763712941 4
1 1082763712942 1
1 1082763712944 1
1 1082763712945 4
1 1082763712946 1
1 1082763712948 1
1 1082763712949 4
1 1082763712950 1
1 1082763712952 1
1 1082763712953 4
1 1082763712954 1
1 1082763712956 1
1 1082763712957 4
1 1082763712958 1
1 1082763712960 1
1 1082763712961 4
1 1082763712962 1
1 1082763713004 4
1 1082763713005 1
1 1082763713008 4
1 1082763713009 1
1 1082763713012 4
1 1082763713013 1
1 1082763713016 4
1 1082763713017 1
1 1082763713020 4
1 1082763713021 1
1 1082763713024 4
1 1082763713025 1
1 1082763713054 1
1 1082763713055 1
1 1082763713058 1
1 1082763713059 1
1 1082763713062 1
1 1082763713063 1
1 1082763713066 1
1 1082763713067 1
1 1082763713070 1
1 1082763713071 1
1 1082763713074 1
1 1082763713075 1
1 1082763713117 1
1 1082763713118 4
1 1082763713119 1
1 1082763713121 1
1 1082763713122 4
1 1082763713123 1
1 1082763713125 1
1 1082763713126 4
1 1082763713127 1
1 1082763713129 1
1 1082763713130 4
1 1082763713131 1
1 1082763713133 1
1 1082763713134 4
1 1082763713135 1
1 1082763713137 1
1 1082763713138 4
1 1082763713139 1
1 1082763713180 1
1 1082763713181 4
1 1082763713182 1
1 1082763713184 1
1 1082763713185 4
1 1082763713186 1
1 1082763713188 1
1 1082763713189 4
1 1082763713190 1
1 1082763713192 1
1 1082763713193 4
1 1082763713194 1
1 1082763713196 1
1 1082763713197 4
1 1082763713198 1
1 1082763713214 1
1 1082763713215 1
1 1082763713218 1
1 1082763713219 1
1 1082763713222 1
1 1082763713223 1
1 1082763713226 1
1 1082763713227 1
1 1082763713230 1
1 1082763713231 1
1 1082763713234 1
1 1082763713235 1
1 1082763713277 1
1 1082763713278 4
1 1082763713279 1
1 1082763713281 1
1 1082763713282 4
1 1082763713283 1
1 1082763713285 1
1 1082763713286 4
1 1082763713287 1
1 1082763713289 1
1 1082763713290 4
1 1082763713291 1
1 1082763713293 1
1 1082763713294 4
1 1082763713295 1
1 1082763713297 1
1 1082763713298 4
1 1082763713299 1
1 1082763713340 1
1 1082763713341 4
1 1082763713342 1
1 1082763713344 1
1 1082763713345 4
1 1082763713346 1
1 1082763713348 1
1 1082763713349 4
1 1082763713350 1
1 1082763713352 1
1 1082763713353 4
1 1082763713354 1
1 1082763713356 1
1 1082763713357 4
1 1082763713358 1
1 1082763713360 1
1 1082763713361 4
1 1082763713362 1
1 1082763713404 4
1 1082763713405 1
1 1082763713408 4
1 1082763713409 1
1 1082763713412 4
1 1082763713413 1
1 1082763713416 4
1 1082763713417 1
1 1082763713420 4
1 1082763713421 1
1 1082763713424 4
1 1082763713425 1
1 1082763713454 1
1 1082763713455 1
1 1082763713458 1
1 1082763713459 1
1 1082763713462 1
1 1082763713463 1
1 1082763713466 1
1 1082763713467 1
1 1082763713470 1
1 1082763713471 1
1 1082763713474 1
1 1082763713475 1
1 1082763713517 1
1 1082763713518 4
1 1082763713519 1
1 1082763713521 1
1 1082763713522 4
1 1082763713523 1
1 1082763713525 1
1 1082763713526 4
1 1082763713527 1
1 1082763713529 1
1 1082763713530 4
1 1082763713531 1
1 1082763713533 1
1 1082763713534 4
1 1082763713535 1
1 1082763713537 1
1 1082763713538 4
1 1082763713539 1
1 1082763713580 1
1 1082763713581 4
1 1082763713582 1
1 1082763713584 1
1 1082763713585 4
1 1082763713586 1
1 1082763713588 1
1 1082763713589 4
1 1082763713590 1
1 1082763713592 1
1 1082763713593 4
1 1082763713594 1
1 1082763713596 1
1 1082763713597 4
1 1082763713598 1
