1 1082763673644 1
1 1082763673645 4
1 1082763673646 1
1 1082763673648 1
1 1082763673649 4
1 1082763673650 1
1 1082763673652 1
1 1082763673653 4
1 1082763673654 1
1 1082763673656 1
1 1082763673657 4
1 1082763673658 1
1 1082763673660 1
1 1082763673661 4
1 1082763673662 1
1 1082763673664 1
1 1082763673665 4
1 1082763673666 1
1 1082763673708 4
1 1082763673709 1
1 1082763673712 4
1 1082763673713 1
1 1082763673716 4
1 1082763673717 1
1 1082763673720 4
1 1082763673721 1
1 1082763673724 4
1 1082763673725 1
1 1082763673728 4
1 1082763673729 1
1 1082763673758 1
1 1082763673759 1
1 1082763673762 1
1 1082763673763 1
1 1082763673766 1
1 1082763673767 1
1 1082763673770 1
1 1082763673771 1
1 1082763673774 1
1 1082763673775 1
1 1082763673778 1
1 1082763673779 1
1 1082763673821 1
1 1082763673822 4
1 1082763673823 1
1 1082763673825 1
1 1082763673826 4
1 1082763673827 1
1 1082763673829 1
1 1082763673830 4
1 1082763673831 1
1 1082763673833 1
1 1082763673834 4
1 1082763673835 1
1 1082763673837 1
1 1082763673838 4
1 1082763673839 1
1 1082763673841 1
1 1082763673842 4
1 1082763673843 1
1 1082763673884 1
1 1082763673885 4
1 1082763673886 1
1 1082763673888 1
1 1082763673889 4
1 1082763673890 1
1 1082763673892 1
1 1082763673893 4
1 1082763673894 1
1 1082763673896 1
1 1082763673897 4
1 1082763673898 1
1 1082763673900 1
1 1082763673901 4
1 1082763673902 1
1 1082763673904 1
1 1082763673905 4
1 1082763673906 1
1 1082763673948 4
1 1082763673949 1
1 1082763673952 4
1 1082763673953 1
1 1082763673956 5
1 1082763673957 1
1 1082763673960 13
1 1082763673961 1
1 1082763673964 4
1 1082763673965 1
1 1082763673968 27
1 1082763673969 1
1 1082763674044 1
1 1082763674045 4
1 1082763674046 1
1 1082763674048 1
1 1082763674049 4
1 1082763674050 1
1 1082763674052 1
1 1082763674053 4
1 1082763674054 1
1 1082763674056 1
1 1082763674057 4
1 1082763674058 1
1 1082763674060 1
1 1082763674061 4
1 1082763674062 1
1 1082763674064 1
1 1082763674065 4
1 1082763674066 1
1 1082763674108 4
1 1082763674109 1
1 1082763674112 4
1 1082763674113 1
1 1082763674116 4
1 1082763674117 1
1 1082763674120 4
1 1082763674121 1
1 1082763674124 40
1 1082763674125 1
1 1082763674128 4
1 1082763674129 1
1 1082763674158 1
1 1082763674159 1
1 1082763674162 1
1 1082763674163 1
1 1082763674166 1
1 1082763674167 1
1 1082763674170 1
1 1082763674171 1
1 1082763674174 1
1 1082763674175 1
1 1082763674178 1
1 1082763674179 1
1 1082763674221 1
1 1082763674222 4
1 1082763674223 1
1 1082763674225 1
1 1082763674226 4
1 1082763674227 1
1 1082763674229 1
1 1082763674230 4
1 1082763674231 1
1 1082763674233 1
1 1082763674234 4
1 1082763674235 1
1 1082763674237 1
1 1082763674238 4
1 1082763674239 1
1 1082763674241 1
1 1082763674242 4
1 1082763674243 1
1 1082763674284 1
1 1082763674285 4
1 1082763674286 1
1 1082763674288 1
1 1082763674289 4
1 1082763674290 1
1 1082763674292 1
1 1082763674293 4
1 1082763674294 1
1 1082763674296 1
1 1082763674297 4
1 1082763674298 1
1 1082763674300 1
1 1082763674301 4
1 1082763674302 1
1 1082763674304 1
1 1082763674305 4
1 1082763674306 1
1 1082763674348 4
1 1082763674349 1
1 1082763674352 4
1 1082763674353 1
1 1082763674356 4
1 1082763674357 1
1 1082763674360 4
1 1082763674361 1
1 1082763674364 4
1 1082763674365 1
1 1082763674368 4
1 1082763674369 1
1 1082763674444 1
1 1082763674445 4
1 1082763674446 1
1 1082763674448 1
1 1082763674449 4
1 1082763674450 1
1 1082763674452 1
1 1082763674453 4
1 1082763674454 1
1 1082763674456 1
1 1082763674457 4
1 1082763674458 1
1 1082763674460 1
1 1082763674461 4
1 1082763674462 1
1 1082763674464 1
1 1082763674465 4
1 1082763674466 1
1 1082763674508 4
1 1082763674509 1
1 1082763674512 4
1 1082763674513 1
1 1082763674516 4
1 1082763674517 1
1 1082763674520 4
1 1082763674521 1
1 1082763674524 4
1 1082763674525 1
1 1082763674528 4
1 1082763674529 1
1 1082763674558 1
1 1082763674559 1
1 1082763674562 1
1 1082763674563 1
1 1082763674566 1
1 1082763674567 1
1 1082763674570 1
1 1082763674571 1
1 1082763674574 1
1 1082763674575 1
1 1082763674578 1
1 1082763674579 1
1 1082763674621 1
1 1082763674622 4
1 1082763674623 1
1 1082763674625 1
1 1082763674626 4
1 1082763674627 1
1 1082763674629 1
1 1082763674630 4
1 1082763674631 1
1 1082763674633 1
1 1082763674634 4
1 1082763674635 1
1 1082763674637 1
1 1082763674638 4
1 1082763674639 1
1 1082763674641 1
1 1082763674642 4
1 1082763674643 1
1 1082763674684 1
1 1082763674685 4
1 1082763674686 1
1 1082763674688 1
1 1082763674689 4
1 1082763674690 1
1 1082763674692 1
1 1082763674693 4
1 1082763674694 1
1 1082763674696 1
1 1082763674697 4
1 1082763674698 1
1 1082763674700 1
1 1082763674701 4
1 1082763674702 1
1 1082763674704 1
1 1082763674705 4
1 1082763674706 1
1 1082763674748 4
1 1082763674749 1
1 1082763674752 4
1 1082763674753 1
1 1082763674756 4
1 1082763674757 1
1 1082763674760 4
1 1082763674761 1
1 1082763674764 4
1 1082763674765 1
1 1082763674768 4
1 1082763674769 1
1 1082763674844 1
1 1082763674845 4
1 1082763674846 1
1 1082763674848 1
1 1082763674849 4
1 1082763674850 1
1 1082763674852 1
1 1082763674853 4
1 1082763674854 1
1 1082763674856 1
1 1082763674857 4
1 1082763674858 1
1 1082763674860 1
1 1082763674861 4
1 1082763674862 1
1 1082763674864 1
1 1082763674865 4
1 1082763674866 1
1 1082763674908 4
1 1082763674909 1
1 1082763674912 4
1 1082763674913 1
1 1082763674916 4
1 1082763674917 1
1 1082763674920 4
1 1082763674921 1
1 1082763674924 4
1 1082763674925 1
1 1082763674928 4
1 1082763674929 1
1 1082763674958 1
1 1082763674959 1
1 1082763674962 1
1 1082763674963 1
1 1082763674966 1
1 1082763674967 1
1 1082763674970 1
1 1082763674971 1
1 1082763674974 1
1 1082763674975 1
1 1082763674978 1
1 1082763674979 1
1 1082763675021 1
1 1082763675022 4
1 1082763675023 1
1 1082763675025 1
1 1082763675026 4
1 1082763675027 1
1 1082763675029 1
1 1082763675030 4
1 1082763675031 1
1 1082763675033 1
1 1082763675034 4
1 1082763675035 1
1 1082763675037 1
1 1082763675038 4
1 1082763675039 1
1 1082763675041 1
1 1082763675042 4
1 1082763675043 1
1 1082763675084 1
1 1082763675085 4
1 1082763675086 1
1 1082763675088 1
1 1082763675089 4
1 1082763675090 1
1 1082763675092 1
1 1082763675093 4
1 1082763675094 1
1 1082763675096 1
1 1082763675097 4
1 1082763675098 1
1 1082763675100 1
1 1082763675101 4
1 1082763675102 1
1 1082763675104 1
1 1082763675105 4
1 1082763675106 1
1 1082763675148 4
1 1082763675149 1
1 1082763675152 4
1 1082763675153 1
1 1082763675156 4
1 1082763675157 1
1 1082763675160 4
1 1082763675161 1
1 1082763675164 4
1 1082763675165 1
1 1082763675168 4
1 1082763675169 1
1 1082763675244 1
1 1082763675245 4
1 1082763675246 1
1 1082763675248 1
1 1082763675249 4
1 1082763675250 1
1 1082763675252 1
1 1082763675253 4
1 1082763675254 1
1 1082763675256 1
1 1082763675257 4
1 1082763675258 1
1 1082763675260 1
1 1082763675261 4
1 1082763675262 1
1 1082763675264 1
1 1082763675265 4
1 1082763675266 1
1 1082763675308 4
1 1082763675309 1
1 1082763675312 4
1 1082763675313 1
1 1082763675316 4
1 1082763675317 1
1 1082763675320 4
1 1082763675321 1
1 1082763675324 4
1 1082763675325 1
1 1082763675328 4
1 1082763675329 1
1 1082763675358 1
1 1082763675359 1
1 1082763675362 1
1 1082763675363 1
1 1082763675366 1
1 1082763675367 1
1 1082763675370 1
1 1082763675371 1
1 1082763675374 1
1 1082763675375 1
1 1082763675378 1
1 1082763675379 1
1 1082763675421 1
1 1082763675422 4
1 1082763675423 1
1 1082763675425 1
1 1082763675426 4
1 1082763675427 1
1 1082763675429 1
1 1082763675430 4
1 1082763675431 1
1 1082763675433 1
1 1082763675434 4
1 1082763675435 1
1 1082763675437 1
1 1082763675438 4
1 1082763675439 1
1 1082763675441 1
1 1082763675442 4
1 1082763675443 1
1 1082763675484 1
1 1082763675485 4
1 1082763675486 1
1 1082763675488 1
1 1082763675489 4
1 1082763675490 1
1 1082763675492 1
1 1082763675493 4
1 1082763675494 1
1 1082763675496 1
1 1082763675497 4
1 1082763675498 1
1 1082763675500 1
1 1082763675501 4
1 1082763675502 1
1 1082763675504 1
1 1082763675505 4
1 1082763675506 1
1 1082763675548 4
1 1082763675549 1
1 1082763675552 4
1 1082763675553 1
1 1082763675556 4
1 1082763675557 1
1 1082763675560 4
1 1082763675561 1
1 1082763675564 4
1 1082763675565 1
1 1082763675568 4
1 1082763675569 1
1 1082763675644 1
1 1082763675645 4
1 1082763675646 1
1 1082763675648 1
1 1082763675649 4
1 1082763675650 1
1 1082763675652 1
1 1082763675653 4
1 1082763675654 1
1 1082763675656 1
1 1082763675657 4
1 1082763675658 1
1 1082763675660 1
1 1082763675661 4
1 1082763675662 1
1 1082763675664 1
1 1082763675665 4
1 1082763675666 1
1 1082763675708 4
1 1082763675709 1
1 1082763675712 4
1 1082763675713 1
1 1082763675716 4
1 1082763675717 1
1 1082763675720 4
1 1082763675721 1
1 1082763675724 4
1 1082763675725 1
1 1082763675728 4
1 1082763675729 1
1 1082763675758 1
1 1082763675759 1
1 1082763675762 1
1 1082763675763 1
1 1082763675766 1
1 1082763675767 1
1 1082763675770 1
1 1082763675771 1
1 1082763675774 1
1 1082763675775 1
1 1082763675778 1
1 1082763675779 1
1 1082763675821 1
1 1082763675822 4
1 1082763675823 1
1 1082763675825 1
1 1082763675826 4
1 1082763675827 1
1 1082763675829 1
1 1082763675830 4
1 1082763675831 1
1 1082763675833 1
1 1082763675834 4
1 1082763675835 1
1 1082763675837 1
1 1082763675838 4
1 1082763675839 1
1 1082763675841 1
1 1082763675842 4
1 1082763675843 1
1 1082763675884 1
1 1082763675885 4
1 1082763675886 1
1 1082763675888 1
1 1082763675889 4
1 1082763675890 1
1 1082763675892 1
1 1082763675893 4
1 1082763675894 1
1 1082763675896 1
1 1082763675897 4
1 1082763675898 1
1 1082763675900 1
1 1082763675901 4
1 1082763675902 1
1 1082763675904 1
1 1082763675905 4
1 1082763675906 1
1 1082763675948 4
1 1082763675949 1
1 1082763675952 4
1 1082763675953 1
1 1082763675956 4
1 1082763675957 1
1 1082763675960 4
1 1082763675961 1
1 1082763675964 4
1 1082763675965 1
1 1082763675968 4
1 1082763675969 1
1 1082763676044 1
1 1082763676045 4
1 1082763676046 1
1 1082763676048 1
1 1082763676049 4
1 1082763676050 1
1 1082763676052 1
1 1082763676053 4
1 1082763676054 1
1 1082763676056 1
1 1082763676057 4
1 1082763676058 1
1 1082763676060 1
1 1082763676061 4
1 1082763676062 1
1 1082763676064 1
1 1082763676065 4
1 1082763676066 1
1 1082763676108 4
1 1082763676109 1
1 1082763676112 4
1 1082763676113 1
1 1082763676116 4
1 1082763676117 1
1 1082763676120 4
1 1082763676121 1
1 1082763676124 4
1 1082763676125 1
1 1082763676128 4
1 1082763676129 1
1 1082763676158 1
1 1082763676159 1
1 1082763676162 1
1 1082763676163 1
1 1082763676166 1
1 1082763676167 1
1 1082763676170 1
1 1082763676171 1
1 1082763676174 1
1 1082763676175 1
1 1082763676178 1
1 1082763676179 1
1 1082763676221 1
1 1082763676222 4
1 1082763676223 1
1 1082763676225 1
1 1082763676226 4
1 1082763676227 1
1 1082763676229 1
1 1082763676230 4
1 1082763676231 1
1 1082763676233 1
1 1082763676234 4
1 1082763676235 1
1 1082763676237 1
1 1082763676238 4
1 1082763676239 1
1 1082763676241 1
1 1082763676242 4
1 1082763676243 1
1 1082763676284 1
1 1082763676285 4
1 1082763676286 1
1 1082763676288 1
1 1082763676289 4
1 1082763676290 1
1 1082763676292 1
1 1082763676293 4
1 1082763676294 1
1 1082763676296 1
1 1082763676297 4
1 1082763676298 1
1 1082763676300 1
1 1082763676301 4
1 1082763676302 1
1 1082763676304 1
1 1082763676305 4
1 1082763676306 1
1 1082763676348 4
1 1082763676349 1
1 1082763676352 4
1 1082763676353 1
1 1082763676356 4
1 1082763676357 1
1 1082763676360 4
1 1082763676361 1
1 1082763676364 4
1 1082763676365 1
1 1082763676368 4
1 1082763676369 1
1 1082763676444 1
1 1082763676445 4
1 1082763676446 1
1 1082763676448 1
1 1082763676449 4
1 1082763676450 1
1 1082763676452 1
1 1082763676453 4
1 1082763676454 1
1 1082763676456 1
1 1082763676457 4
1 1082763676458 1
1 1082763676460 1
1 1082763676461 4
1 1082763676462 1
1 1082763676464 1
1 1082763676465 4
1 1082763676466 1
1 1082763676508 4
1 1082763676509 1
1 1082763676512 4
1 1082763676513 1
1 1082763676516 4
1 1082763676517 1
1 1082763676520 4
1 1082763676521 1
1 1082763676524 4
1 1082763676525 1
1 1082763676528 4
1 1082763676529 1
1 1082763676558 1
1 1082763676559 1
1 1082763676562 1
1 1082763676563 1
1 1082763676566 1
1 1082763676567 1
1 1082763676570 1
1 1082763676571 1
1 1082763676574 1
1 1082763676575 1
1 1082763676578 1
1 1082763676579 1
1 1082763676621 1
1 1082763676622 4
1 1082763676623 1
1 1082763676625 1
1 1082763676626 4
1 1082763676627 1
1 1082763676629 1
1 1082763676630 4
1 1082763676631 1
1 1082763676633 1
1 1082763676634 4
1 1082763676635 1
1 1082763676637 1
1 1082763676638 4
1 1082763676639 1
1 1082763676641 1
1 1082763676642 4
1 1082763676643 1
1 1082763676684 1
1 1082763676685 4
1 1082763676686 1
1 1082763676688 1
1 1082763676689 4
1 1082763676690 1
1 1082763676692 1
1 1082763676693 4
1 1082763676694 1
1 1082763676696 1
1 1082763676697 4
1 1082763676698 1
1 1082763676700 1
1 1082763676701 4
1 1082763676702 1
1 1082763676704 1
1 1082763676705 4
1 1082763676706 1
1 1082763676748 4
1 1082763676749 1
1 1082763676752 4
1 1082763676753 1
1 1082763676756 4
1 1082763676757 1
1 1082763676760 4
1 1082763676761 1
1 1082763676764 4
1 1082763676765 1
1 1082763676768 4
1 1082763676769 1
1 1082763676844 1
1 1082763676845 4
1 1082763676846 1
1 1082763676848 1
1 1082763676849 4
1 1082763676850 1
1 1082763676852 1
1 1082763676853 4
1 1082763676854 1
1 1082763676856 1
1 1082763676857 4
1 1082763676858 1
1 1082763676860 1
1 1082763676861 4
1 1082763676862 1
1 1082763676864 1
1 1082763676865 4
1 1082763676866 1
1 1082763676908 4
1 1082763676909 1
1 1082763676912 4
1 1082763676913 1
1 1082763676916 4
1 1082763676917 1
1 1082763676920 4
1 1082763676921 1
1 1082763676924 4
1 1082763676925 1
1 1082763676928 4
1 1082763676929 1
1 1082763676958 1
1 1082763676959 1
1 1082763676962 1
1 1082763676963 1
1 1082763676966 1
1 1082763676967 1
1 1082763676970 1
1 1082763676971 1
1 1082763676974 1
1 1082763676975 1
1 1082763676978 1
1 1082763676979 1
1 1082763677021 1
1 1082763677022 4
1 1082763677023 1
1 1082763677025 1
1 1082763677026 4
1 1082763677027 1
1 1082763677029 1
1 1082763677030 4
1 1082763677031 1
1 1082763677033 1
1 1082763677034 4
1 1082763677035 1
1 1082763677037 1
1 1082763677038 4
1 1082763677039 1
1 1082763677041 1
1 1082763677042 4
1 1082763677043 1
1 1082763677084 1
1 1082763677085 4
1 1082763677086 1
1 1082763677088 1
1 1082763677089 4
1 1082763677090 1
1 1082763677092 1
1 1082763677093 4
1 1082763677094 1
1 1082763677096 1
1 1082763677097 4
1 1082763677098 1
1 1082763677100 1
1 1082763677101 4
1 1082763677102 1
1 1082763677104 1
1 1082763677105 4
1 1082763677106 1
1 1082763677148 4
1 1082763677149 1
1 1082763677152 4
1 1082763677153 1
1 1082763677156 4
1 1082763677157 1
1 1082763677160 4
1 1082763677161 1
1 1082763677164 4
1 1082763677165 1
1 1082763677168 4
1 1082763677169 1
1 1082763677244 1
1 1082763677245 4
1 1082763677246 1
1 1082763677248 1
1 1082763677249 4
1 1082763677250 1
1 1082763677252 1
1 1082763677253 4
1 1082763677254 1
1 1082763677256 1
1 1082763677257 4
1 1082763677258 1
1 1082763677260 1
1 1082763677261 4
1 1082763677262 1
1 1082763677264 1
1 1082763677265 4
1 1082763677266 1
1 1082763677308 4
1 1082763677309 1
1 1082763677312 4
1 1082763677313 1
1 1082763677316 4
1 1082763677317 1
1 1082763677320 4
1 1082763677321 1
1 1082763677324 4
1 1082763677325 1
1 1082763677328 4
1 1082763677329 1
1 1082763677358 1
1 1082763677359 1
1 1082763677362 1
1 1082763677363 1
1 1082763677366 1
1 1082763677367 1
1 1082763677370 1
1 1082763677371 1
1 1082763677374 1
1 1082763677375 1
1 1082763677378 1
1 1082763677379 1
1 1082763677421 1
1 1082763677422 4
1 1082763677423 1
1 1082763677425 1
1 1082763677426 4
1 1082763677427 1
1 1082763677429 1
1 1082763677430 4
1 1082763677431 1
1 1082763677433 1
1 1082763677434 4
1 1082763677435 1
1 1082763677437 1
1 1082763677438 4
1 1082763677439 1
1 1082763677441 1
1 1082763677442 4
1 1082763677443 1
1 1082763677484 1
1 1082763677485 4
1 1082763677486 1
1 1082763677488 1
1 1082763677489 4
1 1082763677490 1
1 1082763677492 1
1 1082763677493 4
1 1082763677494 1
1 1082763677496 1
1 1082763677497 4
1 1082763677498 1
1 1082763677500 1
1 1082763677501 4
1 1082763677502 1
1 1082763677504 1
1 1082763677505 4
1 1082763677506 1
1 1082763677548 4
1 1082763677549 1
1 1082763677552 4
1 1082763677553 1
1 1082763677556 4
1 1082763677557 1
1 1082763677560 4
1 1082763677561 1
1 1082763677564 4
1 1082763677565 1
1 1082763677568 4
1 1082763677569 1
1 1082763677644 1
1 1082763677645 4
1 1082763677646 1
1 1082763677648 1
1 1082763677649 4
1 1082763677650 1
1 1082763677652 1
1 1082763677653 4
1 1082763677654 1
1 1082763677656 1
1 1082763677657 4
1 1082763677658 1
1 1082763677660 1
1 1082763677661 4
1 1082763677662 1
1 1082763677664 1
1 1082763677665 4
1 1082763677666 1
1 1082763677708 4
1 1082763677709 1
1 1082763677712 4
1 1082763677713 1
1 1082763677716 4
1 1082763677717 1
1 1082763677720 4
1 1082763677721 1
1 1082763677724 4
1 1082763677725 1
1 1082763677728 4
1 1082763677729 1
1 1082763677758 1
1 1082763677759 1
1 1082763677762 1
1 1082763677763 1
1 1082763677766 1
1 1082763677767 1
1 1082763677770 1
1 1082763677771 1
1 1082763677774 1
1 1082763677775 1
1 1082763677778 1
1 1082763677779 1
1 1082763677821 1
1 1082763677822 4
1 1082763677823 1
1 1082763677825 1
1 1082763677826 4
1 1082763677827 1
1 1082763677829 1
1 1082763677830 4
1 1082763677831 1
1 1082763677833 1
1 1082763677834 4
1 1082763677835 1
1 1082763677837 1
1 1082763677838 4
1 1082763677839 1
1 1082763677841 1
1 1082763677842 4
1 1082763677843 1
1 1082763677884 1
1 1082763677885 4
1 1082763677886 1
1 1082763677888 1
1 1082763677889 4
1 1082763677890 1
1 1082763677892 1
1 1082763677893 4
1 1082763677894 1
1 1082763677896 1
1 1082763677897 4
1 1082763677898 1
1 1082763677900 1
1 1082763677901 4
1 1082763677902 1
1 1082763677904 1
1 1082763677905 4
1 1082763677906 1
1 1082763677948 4
1 1082763677949 1
1 1082763677952 4
1 1082763677953 1
1 1082763677956 4
1 1082763677957 1
1 1082763677960 4
1 1082763677961 1
1 1082763677964 4
1 1082763677965 1
1 1082763677968 4
1 1082763677969 1
1 1082763678044 1
1 1082763678045 4
1 1082763678046 1
1 1082763678048 1
1 1082763678049 4
1 1082763678050 1
1 1082763678052 1
1 1082763678053 4
1 1082763678054 1
1 1082763678056 1
1 1082763678057 4
1 1082763678058 1
1 1082763678060 1
1 1082763678061 4
1 1082763678062 1
1 1082763678064 1
1 1082763678065 4
1 1082763678066 1
1 1082763678108 4
1 1082763678109 1
1 1082763678112 4
1 1082763678113 1
1 1082763678116 4
1 1082763678117 1
1 1082763678120 4
1 1082763678121 1
1 1082763678124 4
1 1082763678125 1
1 1082763678128 4
1 1082763678129 1
1 1082763678158 1
1 1082763678159 1
1 1082763678162 1
1 1082763678163 1
1 1082763678166 1
1 1082763678167 1
1 1082763678170 1
1 1082763678171 1
1 1082763678174 1
1 1082763678175 1
1 1082763678178 1
1 1082763678179 1
1 1082763678221 1
1 1082763678222 4
1 1082763678223 1
1 1082763678225 1
1 1082763678226 4
1 1082763678227 1
1 1082763678229 1
1 1082763678230 4
1 1082763678231 1
1 1082763678233 1
1 1082763678234 4
1 1082763678235 1
1 1082763678237 1
1 1082763678238 4
1 1082763678239 1
1 1082763678241 1
1 1082763678242 4
1 1082763678243 1
1 1082763678284 1
1 1082763678285 4
1 1082763678286 1
1 1082763678288 1
1 1082763678289 4
1 1082763678290 1
1 1082763678292 1
1 1082763678293 4
1 1082763678294 1
1 1082763678296 1
1 1082763678297 4
1 1082763678298 1
1 1082763678300 1
1 1082763678301 4
1 1082763678302 1
1 1082763678304 1
1 1082763678305 4
1 1082763678306 1
1 1082763678348 4
1 1082763678349 1
1 1082763678352 4
1 1082763678353 1
1 1082763678356 4
1 1082763678357 1
1 1082763678360 4
1 1082763678361 1
1 1082763678364 4
1 1082763678365 1
1 1082763678368 4
1 1082763678369 1
1 1082763678444 1
1 1082763678445 4
1 1082763678446 1
1 1082763678448 1
1 1082763678449 4
1 1082763678450 1
1 1082763678452 1
1 1082763678453 4
1 1082763678454 1
1 1082763678456 1
1 1082763678457 4
1 1082763678458 1
1 1082763678460 1
1 1082763678461 4
1 1082763678462 1
1 1082763678464 1
1 1082763678465 4
1 1082763678466 1
1 1082763678508 4
1 1082763678509 1
1 1082763678512 4
1 1082763678513 1
1 1082763678516 4
1 1082763678517 1
1 1082763678520 4
1 1082763678521 1
1 1082763678524 4
1 1082763678525 1
1 1082763678528 4
1 1082763678529 1
1 1082763678558 1
1 1082763678559 1
1 1082763678562 1
1 1082763678563 1
1 1082763678566 1
1 1082763678567 1
1 1082763678570 1
1 1082763678571 1
1 1082763678574 1
1 1082763678575 1
1 1082763678578 1
1 1082763678579 1
1 1082763678621 1
1 1082763678622 4
1 1082763678623 1
1 1082763678625 1
1 1082763678626 4
1 1082763678627 1
1 1082763678629 1
1 1082763678630 4
1 1082763678631 1
1 1082763678633 1
1 1082763678634 4
1 1082763678635 1
1 1082763678637 1
1 1082763678638 4
1 1082763678639 1
1 1082763678641 1
1 1082763678642 4
1 1082763678643 1
1 1082763678684 1
1 1082763678685 4
1 1082763678686 1
1 1082763678688 1
1 1082763678689 4
1 1082763678690 1
1 1082763678692 1
1 1082763678693 4
1 1082763678694 1
1 1082763678696 1
1 1082763678697 4
1 1082763678698 1
1 1082763678700 1
1 1082763678701 4
1 1082763678702 1
1 1082763678704 1
1 1082763678705 4
1 1082763678706 1
1 1082763678748 4
1 1082763678749 1
1 1082763678752 4
1 1082763678753 1
1 1082763678756 4
1 1082763678757 1
1 1082763678760 4
1 1082763678761 1
1 1082763678764 4
1 1082763678765 1
1 1082763678768 4
1 1082763678769 1
1 1082763678844 1
1 1082763678845 4
1 1082763678846 1
1 1082763678848 1
1 1082763678849 4
1 1082763678850 1
1 1082763678852 1
1 1082763678853 4
1 1082763678854 1
1 1082763678856 1
1 1082763678857 4
1 1082763678858 1
1 1082763678860 1
1 1082763678861 4
1 1082763678862 1
1 1082763678864 1
1 1082763678865 4
1 1082763678866 1
1 1082763678908 4
1 1082763678909 1
1 1082763678912 4
1 1082763678913 1
1 1082763678916 4
1 1082763678917 1
1 1082763678920 4
1 1082763678921 1
1 1082763678924 4
1 1082763678925 1
1 1082763678928 4
1 1082763678929 1
1 1082763678958 1
1 1082763678959 1
1 1082763678962 1
1 1082763678963 1
1 1082763678966 1
1 1082763678967 1
1 1082763678970 1
1 1082763678971 1
1 1082763678974 1
1 1082763678975 1
1 1082763678978 1
1 1082763678979 1
1 1082763679021 1
1 1082763679022 4
1 1082763679023 1
1 1082763679025 1
1 1082763679026 4
1 1082763679027 1
1 1082763679029 1
1 1082763679030 4
1 1082763679031 1
1 1082763679033 1
1 1082763679034 4
1 1082763679035 1
1 1082763679037 1
1 1082763679038 4
1 1082763679039 1
1 1082763679041 1
1 1082763679042 4
1 1082763679043 1
1 1082763679084 1
1 1082763679085 4
1 1082763679086 1
1 1082763679088 1
1 1082763679089 4
1 1082763679090 1
1 1082763679092 1
1 1082763679093 4
1 1082763679094 1
1 1082763679096 1
1 1082763679097 4
1 1082763679098 1
1 1082763679100 1
1 1082763679101 4
1 1082763679102 1
1 1082763679104 1
1 1082763679105 4
1 1082763679106 1
1 1082763679148 4
1 1082763679149 1
1 1082763679152 4
1 1082763679153 1
1 1082763679156 4
1 1082763679157 1
1 1082763679160 4
1 1082763679161 1
1 1082763679164 4
1 1082763679165 1
1 1082763679168 4
1 1082763679169 1
1 1082763679244 1
1 1082763679245 4
1 1082763679246 1
1 1082763679248 1
1 1082763679249 4
1 1082763679250 1
1 1082763679252 1
1 1082763679253 4
1 1082763679254 1
1 1082763679256 1
1 1082763679257 4
1 1082763679258 1
1 1082763679260 1
1 1082763679261 4
1 1082763679262 1
1 1082763679264 1
1 1082763679265 4
1 1082763679266 1
1 1082763679308 4
1 1082763679309 1
1 1082763679312 4
1 1082763679313 1
1 1082763679316 4
1 1082763679317 1
1 1082763679320 4
1 1082763679321 1
1 1082763679324 4
1 1082763679325 1
1 1082763679328 4
1 1082763679329 1
1 1082763679358 1
1 1082763679359 1
1 1082763679362 1
1 1082763679363 1
1 1082763679366 1
1 1082763679367 1
1 1082763679370 1
1 1082763679371 1
1 1082763679374 1
1 1082763679375 1
1 1082763679378 1
1 1082763679379 1
1 1082763679421 1
1 1082763679422 4
1 1082763679423 1
1 1082763679425 1
1 1082763679426 4
1 1082763679427 1
1 1082763679429 1
1 1082763679430 4
1 1082763679431 1
1 1082763679433 1
1 1082763679434 4
1 1082763679435 1
1 1082763679437 1
1 1082763679438 4
1 1082763679439 1
1 1082763679441 1
1 1082763679442 4
1 1082763679443 1
1 1082763679484 1
1 1082763679485 4
1 1082763679486 1
1 1082763679488 1
1 1082763679489 4
1 1082763679490 1
1 1082763679492 1
1 1082763679493 4
1 1082763679494 1
1 1082763679496 1
1 1082763679497 4
1 1082763679498 1
1 1082763679500 1
1 1082763679501 4
1 1082763679502 1
1 1082763679504 1
1 1082763679505 4
1 1082763679506 1
1 1082763679548 4
1 1082763679549 1
1 1082763679552 4
1 1082763679553 1
1 1082763679556 4
1 1082763679557 1
1 1082763679560 4
1 1082763679561 1
1 1082763679564 4
1 1082763679565 1
1 1082763679568 4
1 1082763679569 1
1 1082763679644 1
1 1082763679645 4
1 1082763679646 1
1 1082763679648 1
1 1082763679649 4
1 1082763679650 1
1 1082763679652 1
1 1082763679653 4
1 1082763679654 1
1 1082763679656 1
1 1082763679657 4
1 1082763679658 1
1 1082763679660 1
1 1082763679661 4
1 1082763679662 1
1 1082763679664 1
1 1082763679665 4
1 1082763679666 1
1 1082763679708 4
1 1082763679709 1
1 1082763679712 4
1 1082763679713 1
1 1082763679716 4
1 1082763679717 1
1 1082763679720 4
1 1082763679721 1
1 1082763679724 4
1 1082763679725 1
1 1082763679728 4
1 1082763679729 1
1 1082763679758 1
1 1082763679759 1
1 1082763679762 1
1 1082763679763 1
1 1082763679766 1
1 1082763679767 1
1 1082763679770 1
1 1082763679771 1
1 1082763679774 1
1 1082763679775 1
1 1082763679778 1
1 1082763679779 1
1 1082763679821 1
1 1082763679822 4
1 1082763679823 1
1 1082763679825 1
1 1082763679826 4
1 1082763679827 1
1 1082763679829 1
1 1082763679830 4
1 1082763679831 1
1 1082763679833 1
1 1082763679834 4
1 1082763679835 1
1 1082763679837 1
1 1082763679838 4
1 1082763679839 1
1 1082763679841 1
1 1082763679842 4
1 1082763679843 1
1 1082763679884 1
1 1082763679885 4
1 1082763679886 1
1 1082763679888 1
1 1082763679889 4
1 1082763679890 1
1 1082763679892 1
1 1082763679893 4
1 1082763679894 1
1 1082763679896 1
1 1082763679897 4
1 1082763679898 1
1 1082763679900 1
1 1082763679901 4
1 1082763679902 1
1 1082763679904 1
1 1082763679905 4
1 1082763679906 1
1 1082763679948 4
1 1082763679949 1
1 1082763679952 4
1 1082763679953 1
1 1082763679956 4
1 1082763679957 1
1 1082763679960 4
1 1082763679961 1
1 1082763679964 4
1 1082763679965 1
1 1082763679968 4
1 1082763679969 1
1 1082763680044 1
1 1082763680045 4
1 1082763680046 1
1 1082763680048 1
1 1082763680049 4
1 1082763680050 1
1 1082763680052 1
1 1082763680053 4
1 1082763680054 1
1 1082763680056 1
1 1082763680057 4
1 1082763680058 1
1 1082763680060 1
1 1082763680061 4
1 1082763680062 1
1 1082763680064 1
1 1082763680065 4
1 1082763680066 1
1 1082763680108 4
1 1082763680109 1
1 1082763680112 4
1 1082763680113 1
1 1082763680116 4
1 1082763680117 1
1 1082763680120 4
1 1082763680121 1
1 1082763680124 4
1 1082763680125 1
1 1082763680128 4
1 1082763680129 1
1 1082763680158 1
1 1082763680159 1
1 1082763680162 1
1 1082763680163 1
1 1082763680166 1
1 1082763680167 1
1 1082763680170 1
1 1082763680171 1
1 1082763680174 1
1 1082763680175 1
1 1082763680178 1
1 1082763680179 1
1 1082763680221 1
1 1082763680222 4
1 1082763680223 1
1 1082763680225 1
1 1082763680226 4
1 1082763680227 1
1 1082763680229 1
1 1082763680230 4
1 1082763680231 1
1 1082763680233 1
1 1082763680234 4
1 1082763680235 1
1 1082763680237 1
1 1082763680238 4
1 1082763680239 1
1 1082763680241 1
1 1082763680242 4
1 1082763680243 1
1 1082763680284 1
1 1082763680285 4
1 1082763680286 1
1 1082763680288 1
1 1082763680289 4
1 1082763680290 1
1 1082763680292 1
1 1082763680293 4
1 1082763680294 1
1 1082763680296 1
1 1082763680297 4
1 1082763680298 1
1 1082763680300 1
1 1082763680301 4
1 1082763680302 1
1 1082763680304 1
1 1082763680305 4
1 1082763680306 1
1 1082763680348 4
1 1082763680349 1
1 1082763680352 4
1 1082763680353 1
1 1082763680356 4
1 1082763680357 1
1 1082763680360 4
1 1082763680361 1
1 1082763680364 4
1 1082763680365 1
1 1082763680368 4
1 1082763680369 1
1 1082763680444 1
1 1082763680445 4
1 1082763680446 1
1 1082763680448 1
1 1082763680449 4
1 1082763680450 1
1 1082763680452 1
1 1082763680453 4
1 1082763680454 1
1 1082763680456 1
1 1082763680457 4
1 1082763680458 1
1 1082763680460 1
1 1082763680461 4
1 1082763680462 1
1 1082763680464 1
1 1082763680465 4
1 1082763680466 1
1 1082763680508 4
1 1082763680509 1
1 1082763680512 4
1 1082763680513 1
1 1082763680516 4
1 1082763680517 1
1 1082763680520 4
1 1082763680521 1
1 1082763680524 4
1 1082763680525 1
1 1082763680528 4
1 1082763680529 1
1 1082763680558 1
1 1082763680559 1
1 1082763680562 1
1 1082763680563 1
1 1082763680566 1
1 1082763680567 1
1 1082763680570 1
1 1082763680571 1
1 1082763680574 1
1 1082763680575 1
1 1082763680578 1
1 1082763680579 1
1 1082763680621 1
1 1082763680622 4
1 1082763680623 1
1 1082763680625 1
1 1082763680626 4
1 1082763680627 1
1 1082763680629 1
1 1082763680630 4
1 1082763680631 1
1 1082763680633 1
1 1082763680634 4
1 1082763680635 1
1 1082763680637 1
1 1082763680638 4
1 1082763680639 1
1 1082763680641 1
1 1082763680642 4
1 1082763680643 1
1 1082763680684 1
1 1082763680685 4
1 1082763680686 1
1 1082763680688 1
1 1082763680689 4
1 1082763680690 1
1 1082763680692 1
1 1082763680693 4
1 1082763680694 1
1 1082763680696 1
1 1082763680697 4
1 1082763680698 1
1 1082763680700 1
1 1082763680701 4
1 1082763680702 1
1 1082763680704 1
1 1082763680705 4
1 1082763680706 1
1 1082763680748 4
1 1082763680749 1
1 1082763680752 4
1 1082763680753 1
1 1082763680756 4
1 1082763680757 1
1 1082763680760 4
1 1082763680761 1
1 1082763680764 4
1 1082763680765 1
1 1082763680768 4
1 1082763680769 1
1 1082763680844 1
1 1082763680845 4
1 1082763680846 1
1 1082763680848 1
1 1082763680849 4
1 1082763680850 1
1 1082763680852 1
1 1082763680853 4
1 1082763680854 1
1 1082763680856 1
1 1082763680857 4
1 1082763680858 1
1 1082763680860 1
1 1082763680861 4
1 1082763680862 1
1 1082763680864 1
1 1082763680865 4
1 1082763680866 1
1 1082763680908 4
1 1082763680909 1
1 1082763680912 4
1 1082763680913 1
1 1082763680916 4
1 1082763680917 1
1 1082763680920 4
1 1082763680921 1
1 1082763680924 4
1 1082763680925 1
1 1082763680928 4
1 1082763680929 1
1 1082763680958 1
1 1082763680959 1
1 1082763680962 1
1 1082763680963 1
1 1082763680966 1
1 1082763680967 1
1 1082763680970 1
1 1082763680971 1
1 1082763680974 1
1 1082763680975 1
1 1082763680978 1
1 1082763680979 1
1 1082763681021 1
1 1082763681022 4
1 1082763681023 1
1 1082763681025 1
1 1082763681026 4
1 1082763681027 1
1 1082763681029 1
1 1082763681030 4
1 1082763681031 1
1 1082763681033 1
1 1082763681034 4
1 1082763681035 1
1 1082763681037 1
1 1082763681038 4
1 1082763681039 1
1 1082763681041 1
1 1082763681042 4
1 1082763681043 1
1 1082763681084 1
1 1082763681085 4
1 1082763681086 1
1 1082763681088 1
1 1082763681089 4
1 1082763681090 1
1 1082763681092 1
1 1082763681093 4
1 1082763681094 1
1 1082763681096 1
1 1082763681097 4
1 1082763681098 1
1 1082763681100 1
1 1082763681101 4
1 1082763681102 1
1 1082763681104 1
1 1082763681105 4
1 1082763681106 1
1 1082763681148 4
1 1082763681149 1
1 1082763681152 4
1 1082763681153 1
1 1082763681156 4
1 1082763681157 1
1 1082763681160 4
1 1082763681161 1
1 1082763681164 4
1 1082763681165 1
1 1082763681168 4
1 1082763681169 1
1 1082763681244 1
1 1082763681245 4
1 1082763681246 1
1 1082763681248 1
1 1082763681249 4
1 1082763681250 1
1 1082763681252 1
1 1082763681253 4
1 1082763681254 1
1 1082763681256 1
1 1082763681257 4
1 1082763681258 1
1 1082763681260 1
1 1082763681261 4
1 1082763681262 1
1 1082763681264 1
1 1082763681265 4
1 1082763681266 1
1 1082763681308 4
1 1082763681309 1
1 1082763681312 4
1 1082763681313 1
1 1082763681316 4
1 1082763681317 1
1 1082763681320 4
1 1082763681321 1
1 1082763681324 4
1 1082763681325 1
1 1082763681328 4
1 1082763681329 1
1 1082763681358 1
1 1082763681359 1
1 1082763681362 1
1 1082763681363 1
1 1082763681366 1
1 1082763681367 1
1 1082763681370 1
1 1082763681371 1
1 1082763681374 1
1 1082763681375 1
1 1082763681378 1
1 1082763681379 1
1 1082763681421 1
1 1082763681422 4
1 1082763681423 1
1 1082763681425 1
1 1082763681426 4
1 1082763681427 1
1 1082763681429 1
1 1082763681430 4
1 1082763681431 1
1 1082763681433 1
1 1082763681434 4
1 1082763681435 1
1 1082763681437 1
1 1082763681438 4
1 1082763681439 1
1 1082763681441 1
1 1082763681442 4
1 1082763681443 1
1 1082763681484 1
1 1082763681485 4
1 1082763681486 1
1 1082763681488 1
1 1082763681489 4
1 1082763681490 1
1 1082763681492 1
1 1082763681493 4
1 1082763681494 1
1 1082763681496 1
1 1082763681497 4
1 1082763681498 1
1 1082763681500 1
1 1082763681501 4
1 1082763681502 1
1 1082763681504 1
1 1082763681505 4
1 1082763681506 1
1 1082763681548 4
1 1082763681549 1
1 1082763681552 4
1 1082763681553 1
1 1082763681556 4
1 1082763681557 1
1 1082763681560 4
1 1082763681561 1
1 1082763681564 4
1 1082763681565 1
1 1082763681568 4
1 1082763681569 1
1 1082763681644 1
1 1082763681645 4
1 1082763681646 1
1 1082763681648 1
1 1082763681649 4
1 1082763681650 1
1 1082763681652 1
1 1082763681653 4
1 1082763681654 1
1 1082763681656 1
1 1082763681657 4
1 1082763681658 1
1 1082763681660 1
1 1082763681661 4
1 1082763681662 1
1 1082763681664 1
1 1082763681665 4
1 1082763681666 1
1 1082763681708 4
1 1082763681709 1
1 1082763681712 4
1 1082763681713 1
1 1082763681716 4
1 1082763681717 1
1 1082763681720 4
1 1082763681721 1
1 1082763681724 4
1 1082763681725 1
1 1082763681728 4
1 1082763681729 1
1 1082763681758 1
1 1082763681759 1
1 1082763681762 1
1 1082763681763 1
1 1082763681766 1
1 1082763681767 1
1 1082763681770 1
1 1082763681771 1
1 1082763681774 1
1 1082763681775 1
1 1082763681778 1
1 1082763681779 1
1 1082763681821 1
1 1082763681822 4
1 1082763681823 1
1 1082763681825 1
1 1082763681826 4
1 1082763681827 1
1 1082763681829 1
1 1082763681830 4
1 1082763681831 1
1 1082763681833 1
1 1082763681834 4
1 1082763681835 1
1 1082763681837 1
1 1082763681838 4
1 1082763681839 1
1 1082763681841 1
1 1082763681842 4
1 1082763681843 1
1 1082763681884 1
1 1082763681885 4
1 1082763681886 1
1 1082763681888 1
1 1082763681889 4
1 1082763681890 1
1 1082763681892 1
1 1082763681893 4
1 1082763681894 1
1 1082763681896 1
1 1082763681897 4
1 1082763681898 1
1 1082763681900 1
1 1082763681901 4
1 1082763681902 1
1 1082763681904 1
1 1082763681905 4
1 1082763681906 1
1 1082763681948 4
1 1082763681949 1
1 1082763681952 4
1 1082763681953 1
1 1082763681956 4
1 1082763681957 1
1 1082763681960 4
1 1082763681961 1
1 1082763681964 4
1 1082763681965 1
1 1082763681968 4
1 1082763681969 1
1 1082763682044 1
1 1082763682045 4
1 1082763682046 1
1 1082763682048 1
1 1082763682049 4
1 1082763682050 1
1 1082763682052 1
1 1082763682053 4
1 1082763682054 1
1 1082763682056 1
1 1082763682057 4
1 1082763682058 1
1 1082763682060 1
1 1082763682061 4
1 1082763682062 1
1 1082763682064 1
1 1082763682065 4
1 1082763682066 1
1 1082763682108 4
1 1082763682109 1
1 1082763682112 4
1 1082763682113 1
1 1082763682116 4
1 1082763682117 1
1 1082763682120 4
1 1082763682121 1
1 1082763682124 4
1 1082763682125 1
1 1082763682128 4
1 1082763682129 1
1 1082763682158 1
1 1082763682159 1
1 1082763682162 1
1 1082763682163 1
1 1082763682166 1
1 1082763682167 1
1 1082763682170 1
1 1082763682171 1
1 1082763682174 1
1 1082763682175 1
1 1082763682178 1
1 1082763682179 1
1 1082763682221 1
1 1082763682222 4
1 1082763682223 1
1 1082763682225 1
1 1082763682226 4
1 1082763682227 1
1 1082763682229 1
1 1082763682230 4
1 1082763682231 1
1 1082763682233 1
1 1082763682234 4
1 1082763682235 1
1 1082763682237 1
1 1082763682238 4
1 1082763682239 1
1 1082763682241 1
1 1082763682242 4
1 1082763682243 1
1 1082763682284 1
1 1082763682285 4
1 1082763682286 1
1 1082763682288 1
1 1082763682289 4
1 1082763682290 1
1 1082763682292 1
1 1082763682293 4
1 1082763682294 1
1 1082763682296 1
1 1082763682297 4
1 1082763682298 1
1 1082763682300 1
1 1082763682301 4
1 1082763682302 1
1 1082763682304 1
1 1082763682305 4
1 1082763682306 1
1 1082763682348 4
1 1082763682349 1
1 1082763682352 4
1 1082763682353 1
1 1082763682356 4
1 1082763682357 1
1 1082763682360 4
1 1082763682361 1
1 1082763682364 4
1 1082763682365 1
1 1082763682368 4
1 1082763682369 1
1 1082763682444 1
1 1082763682445 4
1 1082763682446 1
1 1082763682448 1
1 1082763682449 4
1 1082763682450 1
1 1082763682452 1
1 1082763682453 4
1 1082763682454 1
1 1082763682456 1
1 1082763682457 4
1 1082763682458 1
1 1082763682460 1
1 1082763682461 4
1 1082763682462 1
1 1082763682464 1
1 1082763682465 4
1 1082763682466 1
1 1082763682508 4
1 1082763682509 1
1 1082763682512 4
1 1082763682513 1
1 1082763682516 4
1 1082763682517 1
1 1082763682520 4
1 1082763682521 1
1 1082763682524 4
1 1082763682525 1
1 1082763682528 4
1 1082763682529 1
1 1082763682558 1
1 1082763682559 1
1 1082763682562 1
1 1082763682563 1
1 1082763682566 1
1 1082763682567 1
1 1082763682570 1
1 1082763682571 1
1 1082763682574 1
1 1082763682575 1
1 1082763682578 1
1 1082763682579 1
1 1082763682621 1
1 1082763682622 4
1 1082763682623 1
1 1082763682625 1
1 1082763682626 4
1 1082763682627 1
1 1082763682629 1
1 1082763682630 4
1 1082763682631 1
1 1082763682633 1
1 1082763682634 4
1 1082763682635 1
1 1082763682637 1
1 1082763682638 4
1 1082763682639 1
1 1082763682641 1
1 1082763682642 4
1 1082763682643 1
1 1082763682684 1
1 1082763682685 4
1 1082763682686 1
1 1082763682688 1
1 1082763682689 4
1 1082763682690 1
1 1082763682692 1
1 1082763682693 4
1 1082763682694 1
1 1082763682696 1
1 1082763682697 4
1 1082763682698 1
1 1082763682700 1
1 1082763682701 4
1 1082763682702 1
1 1082763682704 1
1 1082763682705 4
1 1082763682706 1
1 1082763682748 4
1 1082763682749 1
1 1082763682752 4
1 1082763682753 1
1 1082763682756 4
1 1082763682757 1
1 1082763682760 4
1 1082763682761 1
1 1082763682764 4
1 1082763682765 1
1 1082763682768 4
1 1082763682769 1
1 1082763682844 1
1 1082763682845 4
1 1082763682846 1
1 1082763682848 1
1 1082763682849 4
1 1082763682850 1
1 1082763682852 1
1 1082763682853 4
1 1082763682854 1
1 1082763682856 1
1 1082763682857 4
1 1082763682858 1
1 1082763682860 1
1 1082763682861 4
1 1082763682862 1
1 1082763682864 1
1 1082763682865 4
1 1082763682866 1
1 1082763682908 4
1 1082763682909 1
1 1082763682912 4
1 1082763682913 1
1 1082763682916 4
1 1082763682917 1
1 1082763682920 4
1 1082763682921 1
1 1082763682924 4
1 1082763682925 1
1 1082763682928 4
1 1082763682929 1
1 1082763682958 1
1 1082763682959 1
1 1082763682962 1
1 1082763682963 1
1 1082763682966 1
1 1082763682967 1
1 1082763682970 1
1 1082763682971 1
1 1082763682974 1
1 1082763682975 1
1 1082763682978 1
1 1082763682979 1
1 1082763683021 1
1 1082763683022 4
1 1082763683023 1
1 1082763683025 1
1 1082763683026 4
1 1082763683027 1
1 1082763683029 1
1 1082763683030 4
1 1082763683031 1
1 1082763683033 1
1 1082763683034 4
1 1082763683035 1
1 1082763683037 1
1 1082763683038 4
1 1082763683039 1
1 1082763683041 1
1 1082763683042 4
1 1082763683043 1
1 1082763683084 1
1 1082763683085 4
1 1082763683086 1
1 1082763683088 1
1 1082763683089 4
1 1082763683090 1
1 1082763683092 1
1 1082763683093 4
1 1082763683094 1
1 1082763683096 1
1 1082763683097 4
1 1082763683098 1
1 1082763683100 1
1 1082763683101 4
1 1082763683102 1
1 1082763683104 1
1 1082763683105 4
1 1082763683106 1
1 1082763683148 4
1 1082763683149 1
1 1082763683152 4
1 1082763683153 1
1 1082763683156 4
1 1082763683157 1
1 1082763683160 4
1 1082763683161 1
1 1082763683164 4
1 1082763683165 1
1 1082763683168 4
1 1082763683169 1
1 1082763683244 1
1 1082763683245 4
1 1082763683246 1
1 1082763683248 1
1 1082763683249 4
1 1082763683250 1
1 1082763683252 1
1 1082763683253 4
1 1082763683254 1
1 1082763683256 1
1 1082763683257 4
1 1082763683258 1
1 1082763683260 1
1 1082763683261 4
1 1082763683262 1
1 1082763683264 1
1 1082763683265 4
1 1082763683266 1
1 1082763683308 4
1 1082763683309 1
1 1082763683312 4
1 1082763683313 1
1 1082763683316 4
1 1082763683317 1
1 1082763683320 4
1 1082763683321 1
1 1082763683324 4
1 1082763683325 1
1 1082763683328 4
1 1082763683329 1
1 1082763683358 1
1 1082763683359 1
1 1082763683362 1
1 1082763683363 1
1 1082763683366 1
1 1082763683367 1
1 1082763683370 1
1 1082763683371 1
1 1082763683374 1
1 1082763683375 1
1 1082763683378 1
1 1082763683379 1
1 1082763683421 1
1 1082763683422 4
1 1082763683423 1
1 1082763683425 1
1 1082763683426 4
1 1082763683427 1
1 1082763683429 1
1 1082763683430 4
1 1082763683431 1
1 1082763683433 1
1 1082763683434 4
1 1082763683435 1
1 1082763683437 1
1 1082763683438 4
1 1082763683439 1
1 1082763683441 1
1 1082763683442 4
1 1082763683443 1
1 1082763683484 1
1 1082763683485 4
1 1082763683486 1
1 1082763683488 1
1 1082763683489 4
1 1082763683490 1
1 1082763683492 1
1 1082763683493 4
1 1082763683494 1
1 1082763683496 1
1 1082763683497 4
1 1082763683498 1
1 1082763683500 1
1 1082763683501 4
1 1082763683502 1
1 1082763683504 1
1 1082763683505 4
1 1082763683506 1
1 1082763683548 4
1 1082763683549 1
1 1082763683552 4
1 1082763683553 1
1 1082763683556 4
1 1082763683557 1
1 1082763683560 4
1 1082763683561 1
1 1082763683564 4
1 1082763683565 1
1 1082763683568 4
1 1082763683569 1
1 1082763683644 1
1 1082763683645 4
1 1082763683646 1
1 1082763683648 1
1 1082763683649 4
1 1082763683650 1
1 1082763683652 1
1 1082763683653 4
1 1082763683654 1
1 1082763683656 1
1 1082763683657 4
1 1082763683658 1
1 1082763683660 1
1 1082763683661 4
1 1082763683662 1
1 1082763683664 1
1 1082763683665 4
1 1082763683666 1
1 1082763683708 4
1 1082763683709 1
1 1082763683712 4
1 1082763683713 1
1 1082763683716 4
1 1082763683717 1
1 1082763683720 4
1 1082763683721 1
1 1082763683724 4
1 1082763683725 1
1 1082763683728 4
1 1082763683729 1
1 1082763683758 1
1 1082763683759 1
1 1082763683762 1
1 1082763683763 1
1 1082763683766 1
1 1082763683767 1
1 1082763683770 1
1 1082763683771 1
1 1082763683774 1
1 1082763683775 1
1 1082763683778 1
1 1082763683779 1
1 1082763683821 1
1 1082763683822 4
1 1082763683823 1
1 1082763683825 1
1 1082763683826 4
1 1082763683827 1
1 1082763683829 1
1 1082763683830 4
1 1082763683831 1
1 1082763683833 1
1 1082763683834 4
1 1082763683835 1
1 1082763683837 1
1 1082763683838 4
1 1082763683839 1
1 1082763683841 1
1 1082763683842 4
1 1082763683843 1
1 1082763683884 1
1 1082763683885 4
1 1082763683886 1
1 1082763683888 1
1 1082763683889 4
1 1082763683890 1
1 1082763683892 1
1 1082763683893 4
1 1082763683894 1
1 1082763683896 1
1 1082763683897 4
1 1082763683898 1
1 1082763683900 1
1 1082763683901 4
1 1082763683902 1
1 1082763683904 1
1 1082763683905 4
1 1082763683906 1
1 1082763683948 4
1 1082763683949 1
1 1082763683952 4
1 1082763683953 1
1 1082763683956 4
1 1082763683957 1
1 1082763683960 4
1 1082763683961 1
1 1082763683964 4
1 1082763683965 1
1 1082763683968 4
1 1082763683969 1
1 1082763684044 1
1 1082763684045 4
1 1082763684046 1
1 1082763684048 1
1 1082763684049 4
1 1082763684050 1
1 1082763684052 1
1 1082763684053 4
1 1082763684054 1
1 1082763684056 1
1 1082763684057 4
1 1082763684058 1
1 1082763684060 1
1 1082763684061 4
1 1082763684062 1
1 1082763684064 1
1 1082763684065 4
1 1082763684066 1
1 1082763684108 4
1 1082763684109 1
1 1082763684112 4
1 1082763684113 1
1 1082763684116 4
1 1082763684117 1
1 1082763684120 4
1 1082763684121 1
1 1082763684124 4
1 1082763684125 1
1 1082763684128 4
1 1082763684129 1
1 1082763684158 1
1 1082763684159 1
1 1082763684162 1
1 1082763684163 1
1 1082763684166 1
1 1082763684167 1
1 1082763684170 1
1 1082763684171 1
1 1082763684174 1
1 1082763684175 1
1 1082763684178 1
1 1082763684179 1
1 1082763684221 1
1 1082763684222 4
1 1082763684223 1
1 1082763684225 1
1 1082763684226 4
1 1082763684227 1
1 1082763684229 1
1 1082763684230 4
1 1082763684231 1
1 1082763684233 1
1 1082763684234 4
1 1082763684235 1
1 1082763684237 1
1 1082763684238 4
1 1082763684239 1
1 1082763684241 1
1 1082763684242 4
1 1082763684243 1
1 1082763684284 1
1 1082763684285 4
1 1082763684286 1
1 1082763684288 1
1 1082763684289 4
1 1082763684290 1
1 1082763684292 1
1 1082763684293 4
1 1082763684294 1
1 1082763684296 1
1 1082763684297 4
1 1082763684298 1
1 1082763684300 1
1 1082763684301 4
1 1082763684302 1
1 1082763684304 1
1 1082763684305 4
1 1082763684306 1
1 1082763684348 4
1 1082763684349 1
1 1082763684352 4
1 1082763684353 1
1 1082763684356 4
1 1082763684357 1
1 1082763684360 4
1 1082763684361 1
1 1082763684364 4
1 1082763684365 1
1 1082763684368 4
1 1082763684369 1
1 1082763684444 1
1 1082763684445 4
1 1082763684446 1
1 1082763684448 1
1 1082763684449 4
1 1082763684450 1
1 1082763684452 1
1 1082763684453 4
1 1082763684454 1
1 1082763684456 1
1 1082763684457 4
1 1082763684458 1
1 1082763684460 1
1 1082763684461 4
1 1082763684462 1
1 1082763684464 1
1 1082763684465 4
1 1082763684466 1
1 1082763684508 4
1 1082763684509 1
1 1082763684512 4
1 1082763684513 1
1 1082763684516 4
1 1082763684517 1
1 1082763684520 4
1 1082763684521 1
1 1082763684524 4
1 1082763684525 1
1 1082763684528 4
1 1082763684529 1
1 1082763684558 1
1 1082763684559 1
1 1082763684562 1
1 1082763684563 1
1 1082763684566 1
1 1082763684567 1
1 1082763684570 1
1 1082763684571 1
1 1082763684574 1
1 1082763684575 1
1 1082763684578 1
1 1082763684579 1
1 1082763684621 1
1 1082763684622 4
1 1082763684623 1
1 1082763684625 1
1 1082763684626 4
1 1082763684627 1
1 1082763684629 1
1 1082763684630 4
1 1082763684631 1
1 1082763684633 1
1 1082763684634 4
1 1082763684635 1
1 1082763684637 1
1 1082763684638 4
1 1082763684639 1
1 1082763684641 1
1 1082763684642 4
1 1082763684643 1
1 1082763684684 1
1 1082763684685 4
1 1082763684686 1
1 1082763684688 1
1 1082763684689 4
1 1082763684690 1
1 1082763684692 1
1 1082763684693 4
1 1082763684694 1
1 1082763684696 1
1 1082763684697 4
1 1082763684698 1
1 1082763684700 1
1 1082763684701 4
1 1082763684702 1
1 1082763684704 1
1 1082763684705 4
1 1082763684706 1
1 1082763684748 4
1 1082763684749 1
1 1082763684752 4
1 1082763684753 1
1 1082763684756 4
1 1082763684757 1
1 1082763684760 4
1 1082763684761 1
1 1082763684764 4
1 1082763684765 1
1 1082763684768 4
1 1082763684769 1
1 1082763684844 1
1 1082763684845 4
1 1082763684846 1
1 1082763684848 1
1 1082763684849 4
1 1082763684850 1
1 1082763684852 1
1 1082763684853 4
1 1082763684854 1
1 1082763684856 1
1 1082763684857 4
1 1082763684858 1
1 1082763684860 1
1 1082763684861 4
1 1082763684862 1
1 1082763684864 1
1 1082763684865 4
1 1082763684866 1
1 1082763684908 4
1 1082763684909 1
1 1082763684912 4
1 1082763684913 1
1 1082763684916 4
1 1082763684917 1
1 1082763684920 4
1 1082763684921 1
1 1082763684924 4
1 1082763684925 1
1 1082763684928 4
1 1082763684929 1
1 1082763684958 1
1 1082763684959 1
1 1082763684962 1
1 1082763684963 1
1 1082763684966 1
1 1082763684967 1
1 1082763684970 1
1 1082763684971 1
1 1082763684974 1
1 1082763684975 1
1 1082763684978 1
1 1082763684979 1
1 1082763685021 1
1 1082763685022 4
1 1082763685023 1
1 1082763685025 1
1 1082763685026 4
1 1082763685027 1
1 1082763685029 1
1 1082763685030 4
1 1082763685031 1
1 1082763685033 1
1 1082763685034 4
1 1082763685035 1
1 1082763685037 1
1 1082763685038 4
1 1082763685039 1
1 1082763685041 1
1 1082763685042 4
1 1082763685043 1
1 1082763685084 1
1 1082763685085 4
1 1082763685086 1
1 1082763685088 1
1 1082763685089 4
1 1082763685090 1
1 1082763685092 1
1 1082763685093 4
1 1082763685094 1
1 1082763685096 1
1 1082763685097 4
1 1082763685098 1
1 1082763685100 1
1 1082763685101 4
1 1082763685102 1
1 1082763685104 1
1 1082763685105 4
1 1082763685106 1
1 1082763685148 4
1 1082763685149 1
1 1082763685152 4
1 1082763685153 1
1 1082763685156 4
1 1082763685157 1
1 1082763685160 4
1 1082763685161 1
1 1082763685164 4
1 1082763685165 1
1 1082763685168 4
1 1082763685169 1
1 1082763685244 1
1 1082763685245 4
1 1082763685246 1
1 1082763685248 1
1 1082763685249 4
1 1082763685250 1
1 1082763685252 1
1 1082763685253 4
1 1082763685254 1
1 1082763685256 1
1 1082763685257 4
1 1082763685258 1
1 1082763685260 1
1 1082763685261 4
1 1082763685262 1
1 1082763685264 1
1 1082763685265 4
1 1082763685266 1
1 1082763685308 4
1 1082763685309 1
1 1082763685312 4
1 1082763685313 1
1 1082763685316 4
1 1082763685317 1
1 1082763685320 4
1 1082763685321 1
1 1082763685324 4
1 1082763685325 1
1 1082763685328 4
1 1082763685329 1
1 1082763685358 1
1 1082763685359 1
1 1082763685362 1
1 1082763685363 1
1 1082763685366 1
1 1082763685367 1
1 1082763685370 1
1 1082763685371 1
1 1082763685374 1
1 1082763685375 1
1 1082763685378 1
1 1082763685379 1
1 1082763685421 1
1 1082763685422 4
1 1082763685423 1
1 1082763685425 1
1 1082763685426 4
1 1082763685427 1
1 1082763685429 1
1 1082763685430 4
1 1082763685431 1
1 1082763685433 1
1 1082763685434 4
1 1082763685435 1
1 1082763685437 1
1 1082763685438 4
1 1082763685439 1
1 1082763685441 1
1 1082763685442 4
1 1082763685443 1
1 1082763685484 1
1 1082763685485 4
1 1082763685486 1
1 1082763685488 1
1 1082763685489 4
1 1082763685490 1
1 1082763685492 1
1 1082763685493 4
1 1082763685494 1
1 1082763685496 1
1 1082763685497 4
1 1082763685498 1
1 1082763685500 1
1 1082763685501 4
1 1082763685502 1
1 1082763685504 1
1 1082763685505 4
1 1082763685506 1
1 1082763685548 4
1 1082763685549 1
1 1082763685552 4
1 1082763685553 1
1 1082763685556 4
1 1082763685557 1
1 1082763685560 4
1 1082763685561 1
1 1082763685564 4
1 1082763685565 1
1 1082763685568 4
1 1082763685569 1
1 1082763685644 1
1 1082763685645 4
1 1082763685646 1
1 1082763685648 1
1 1082763685649 4
1 1082763685650 1
1 1082763685652 1
1 1082763685653 4
1 1082763685654 1
1 1082763685656 1
1 1082763685657 4
1 1082763685658 1
1 1082763685660 1
1 1082763685661 4
1 1082763685662 1
1 1082763685664 1
1 1082763685665 4
1 1082763685666 1
1 1082763685708 4
1 1082763685709 1
1 1082763685712 4
1 1082763685713 1
1 1082763685716 4
1 1082763685717 1
1 1082763685720 4
1 1082763685721 1
1 1082763685724 4
1 1082763685725 1
1 1082763685728 4
1 1082763685729 1
1 1082763685758 1
1 1082763685759 1
1 1082763685762 1
1 1082763685763 1
1 1082763685766 1
1 1082763685767 1
1 1082763685770 1
1 1082763685771 1
1 1082763685774 1
1 1082763685775 1
1 1082763685778 1
1 1082763685779 1
1 1082763685821 1
1 1082763685822 4
1 1082763685823 1
1 1082763685825 1
1 1082763685826 4
1 1082763685827 1
1 1082763685829 1
1 1082763685830 4
1 1082763685831 1
1 1082763685833 1
1 1082763685834 4
1 1082763685835 1
1 1082763685837 1
1 1082763685838 4
1 1082763685839 1
1 1082763685841 1
1 1082763685842 4
1 1082763685843 1
1 1082763685884 1
1 1082763685885 4
1 1082763685886 1
1 1082763685888 1
1 1082763685889 4
1 1082763685890 1
1 1082763685892 1
1 1082763685893 4
1 1082763685894 1
1 1082763685896 1
1 1082763685897 4
1 1082763685898 1
1 1082763685900 1
1 1082763685901 4
1 1082763685902 1
1 1082763685904 1
1 1082763685905 4
1 1082763685906 1
1 1082763685948 4
1 1082763685949 1
1 1082763685952 4
1 1082763685953 1
1 1082763685956 4
1 1082763685957 1
1 1082763685960 4
1 1082763685961 1
1 1082763685964 4
1 1082763685965 1
1 1082763685968 4
1 1082763685969 1
1 1082763686044 1
1 1082763686045 4
1 1082763686046 1
1 1082763686048 1
1 1082763686049 4
1 1082763686050 1
1 1082763686052 1
1 1082763686053 4
1 1082763686054 1
1 1082763686056 1
1 1082763686057 4
1 1082763686058 1
1 1082763686060 1
1 1082763686061 4
1 1082763686062 1
1 1082763686064 1
1 1082763686065 4
1 1082763686066 1
1 1082763686108 4
1 1082763686109 1
1 1082763686112 4
1 1082763686113 1
1 1082763686116 4
1 1082763686117 1
1 1082763686120 4
1 1082763686121 1
1 1082763686124 4
1 1082763686125 1
1 1082763686128 4
1 1082763686129 1
1 1082763686158 1
1 1082763686159 1
1 1082763686162 1
1 1082763686163 1
1 1082763686166 1
1 1082763686167 1
1 1082763686170 1
1 1082763686171 1
1 1082763686174 1
1 1082763686175 1
1 1082763686178 1
1 1082763686179 1
1 1082763686221 1
1 1082763686222 4
1 1082763686223 1
1 1082763686225 1
1 1082763686226 4
1 1082763686227 1
1 1082763686229 1
1 1082763686230 4
1 1082763686231 1
1 1082763686233 1
1 1082763686234 4
1 1082763686235 1
1 1082763686237 1
1 1082763686238 4
1 1082763686239 1
1 1082763686241 1
1 1082763686242 4
1 1082763686243 1
1 1082763686284 1
1 1082763686285 4
1 1082763686286 1
1 1082763686288 1
1 1082763686289 4
1 1082763686290 1
1 1082763686292 1
1 1082763686293 4
1 1082763686294 1
1 1082763686296 1
1 1082763686297 4
1 1082763686298 1
1 1082763686300 1
1 1082763686301 4
1 1082763686302 1
1 1082763686304 1
1 1082763686305 4
1 1082763686306 1
1 1082763686348 4
1 1082763686349 1
1 1082763686352 4
1 1082763686353 1
1 1082763686356 4
1 1082763686357 1
1 1082763686360 4
1 1082763686361 1
1 1082763686364 4
1 1082763686365 1
1 1082763686368 4
1 1082763686369 1
1 1082763686444 1
1 1082763686445 4
1 1082763686446 1
1 1082763686448 1
1 1082763686449 4
1 1082763686450 1
1 1082763686452 1
1 1082763686453 4
1 1082763686454 1
1 1082763686456 1
1 1082763686457 4
1 1082763686458 1
1 1082763686460 1
1 1082763686461 4
1 1082763686462 1
1 1082763686464 1
1 1082763686465 4
1 1082763686466 1
1 1082763686508 4
1 1082763686509 1
1 1082763686512 4
1 1082763686513 1
1 1082763686516 4
1 1082763686517 1
1 1082763686520 4
1 1082763686521 1
1 1082763686524 4
1 1082763686525 1
1 1082763686528 4
1 1082763686529 1
1 1082763686558 1
1 1082763686559 1
1 1082763686562 1
1 1082763686563 1
1 1082763686566 1
1 1082763686567 1
1 1082763686570 1
1 1082763686571 1
1 1082763686574 1
1 1082763686575 1
1 1082763686578 1
1 1082763686579 1
1 1082763686621 1
1 1082763686622 4
1 1082763686623 1
1 1082763686625 1
1 1082763686626 4
1 1082763686627 1
1 1082763686629 1
1 1082763686630 4
1 1082763686631 1
1 1082763686633 1
1 1082763686634 4
1 1082763686635 1
1 1082763686637 1
1 1082763686638 4
1 1082763686639 1
1 1082763686641 1
1 1082763686642 4
1 1082763686643 1
1 1082763686684 1
1 1082763686685 4
1 1082763686686 1
1 1082763686688 1
1 1082763686689 4
1 1082763686690 1
1 1082763686692 1
1 1082763686693 4
1 1082763686694 1
1 1082763686696 1
1 1082763686697 4
1 1082763686698 1
1 1082763686700 1
1 1082763686701 4
1 1082763686702 1
1 1082763686704 1
1 1082763686705 4
1 1082763686706 1
1 1082763686748 4
1 1082763686749 1
1 1082763686752 4
1 1082763686753 1
1 1082763686756 4
1 1082763686757 1
1 1082763686760 4
1 1082763686761 1
1 1082763686764 4
1 1082763686765 1
1 1082763686768 4
1 1082763686769 1
1 1082763686844 1
1 1082763686845 4
1 1082763686846 1
1 1082763686848 1
1 1082763686849 4
1 1082763686850 1
1 1082763686852 1
1 1082763686853 4
1 1082763686854 1
1 1082763686856 1
1 1082763686857 4
1 1082763686858 1
1 1082763686860 1
1 1082763686861 4
1 1082763686862 1
1 1082763686864 1
1 1082763686865 4
1 1082763686866 1
1 1082763686908 4
1 1082763686909 1
1 1082763686912 4
1 1082763686913 1
1 1082763686916 4
1 1082763686917 1
1 1082763686920 4
1 1082763686921 1
1 1082763686924 4
1 1082763686925 1
1 1082763686928 4
1 1082763686929 1
1 1082763686958 1
1 1082763686959 1
1 1082763686962 1
1 1082763686963 1
1 1082763686966 1
1 1082763686967 1
1 1082763686970 1
1 1082763686971 1
1 1082763686974 1
1 1082763686975 1
1 1082763686978 1
1 1082763686979 1
1 1082763687021 1
1 1082763687022 4
1 1082763687023 1
1 1082763687025 1
1 1082763687026 4
1 1082763687027 1
1 1082763687029 1
1 1082763687030 4
1 1082763687031 1
1 1082763687033 1
1 1082763687034 4
1 1082763687035 1
1 1082763687037 1
1 1082763687038 4
1 1082763687039 1
1 1082763687041 1
1 1082763687042 4
1 1082763687043 1
1 1082763687084 1
1 1082763687085 4
1 1082763687086 1
1 1082763687088 1
1 1082763687089 4
1 1082763687090 1
1 1082763687092 1
1 1082763687093 4
1 1082763687094 1
1 1082763687096 1
1 1082763687097 4
1 1082763687098 1
1 1082763687100 1
1 1082763687101 4
1 1082763687102 1
1 1082763687104 1
1 1082763687105 4
1 1082763687106 1
1 1082763687148 4
1 1082763687149 1
1 1082763687152 4
1 1082763687153 1
1 1082763687156 4
1 1082763687157 1
1 1082763687160 4
1 1082763687161 1
1 1082763687164 4
1 1082763687165 1
1 1082763687168 4
1 1082763687169 1
1 1082763687244 1
1 1082763687245 4
1 1082763687246 1
1 1082763687248 1
1 1082763687249 4
1 1082763687250 1
1 1082763687252 1
1 1082763687253 4
1 1082763687254 1
1 1082763687256 1
1 1082763687257 4
1 1082763687258 1
1 1082763687260 1
1 1082763687261 4
1 1082763687262 1
1 1082763687264 1
1 1082763687265 4
1 1082763687266 1
1 1082763687308 4
1 1082763687309 1
1 1082763687312 4
1 1082763687313 1
1 1082763687316 4
1 1082763687317 1
1 1082763687320 4
1 1082763687321 1
1 1082763687324 4
1 1082763687325 1
1 1082763687328 4
1 1082763687329 1
1 1082763687358 1
1 1082763687359 1
1 1082763687362 1
1 1082763687363 1
1 1082763687366 1
1 1082763687367 1
1 1082763687370 1
1 1082763687371 1
1 1082763687374 1
1 1082763687375 1
1 1082763687378 1
1 1082763687379 1
1 1082763687421 1
1 1082763687422 4
1 1082763687423 1
1 1082763687425 1
1 1082763687426 4
1 1082763687427 1
1 1082763687429 1
1 1082763687430 4
1 1082763687431 1
1 1082763687433 1
1 1082763687434 4
1 1082763687435 1
1 1082763687437 1
1 1082763687438 4
1 1082763687439 1
1 1082763687441 1
1 1082763687442 4
1 1082763687443 1
1 1082763687484 1
1 1082763687485 4
1 1082763687486 1
1 1082763687488 1
1 1082763687489 4
1 1082763687490 1
1 1082763687492 1
1 1082763687493 4
1 1082763687494 1
1 1082763687496 1
1 1082763687497 4
1 1082763687498 1
1 1082763687500 1
1 1082763687501 4
1 1082763687502 1
1 1082763687504 1
1 1082763687505 4
1 1082763687506 1
1 1082763687548 4
1 1082763687549 1
1 1082763687552 4
1 1082763687553 1
1 1082763687556 4
1 1082763687557 1
1 1082763687560 4
1 1082763687561 1
1 1082763687564 4
1 1082763687565 1
1 1082763687568 4
1 1082763687569 1
1 1082763687644 1
1 1082763687645 4
1 1082763687646 1
1 1082763687648 1
1 1082763687649 4
1 1082763687650 1
1 1082763687652 1
1 1082763687653 4
1 1082763687654 1
1 1082763687656 1
1 1082763687657 4
1 1082763687658 1
1 1082763687660 1
1 1082763687661 4
1 1082763687662 1
1 1082763687664 1
1 1082763687665 4
1 1082763687666 1
1 1082763687708 4
1 1082763687709 1
1 1082763687712 4
1 1082763687713 1
1 1082763687716 4
1 1082763687717 1
1 1082763687720 4
1 1082763687721 1
1 1082763687724 4
1 1082763687725 1
1 1082763687728 4
1 1082763687729 1
1 1082763687758 1
1 1082763687759 1
1 1082763687762 1
1 1082763687763 1
1 1082763687766 1
1 1082763687767 1
1 1082763687770 1
1 1082763687771 1
1 1082763687774 1
1 1082763687775 1
1 1082763687778 1
1 1082763687779 1
1 1082763687821 1
1 1082763687822 4
1 1082763687823 1
1 1082763687825 1
1 1082763687826 4
1 1082763687827 1
1 1082763687829 1
1 1082763687830 4
1 1082763687831 1
1 1082763687833 1
1 1082763687834 4
1 1082763687835 1
1 1082763687837 1
1 1082763687838 4
1 1082763687839 1
1 1082763687841 1
1 1082763687842 4
1 1082763687843 1
1 1082763687884 1
1 1082763687885 4
1 1082763687886 1
1 1082763687888 1
1 1082763687889 4
1 1082763687890 1
1 1082763687892 1
1 1082763687893 4
1 1082763687894 1
1 1082763687896 1
1 1082763687897 4
1 1082763687898 1
1 1082763687900 1
1 1082763687901 4
1 1082763687902 1
1 1082763687904 1
1 1082763687905 4
1 1082763687906 1
1 1082763687948 4
1 1082763687949 1
1 1082763687952 4
1 1082763687953 1
1 1082763687956 4
1 1082763687957 1
1 1082763687960 4
1 1082763687961 1
1 1082763687964 4
1 1082763687965 1
1 1082763687968 4
1 1082763687969 1
1 1082763688044 1
1 1082763688045 4
1 1082763688046 1
1 1082763688048 1
1 1082763688049 4
1 1082763688050 1
1 1082763688052 1
1 1082763688053 4
1 1082763688054 1
1 1082763688056 1
1 1082763688057 4
1 1082763688058 1
1 1082763688060 1
1 1082763688061 4
1 1082763688062 1
1 1082763688064 1
1 1082763688065 4
1 1082763688066 1
1 1082763688108 4
1 1082763688109 1
1 1082763688112 4
1 1082763688113 1
1 1082763688116 4
1 1082763688117 1
1 1082763688120 4
1 1082763688121 1
1 1082763688124 4
1 1082763688125 1
1 1082763688128 4
1 1082763688129 1
1 1082763688158 1
1 1082763688159 1
1 1082763688162 1
1 1082763688163 1
1 1082763688166 1
1 1082763688167 1
1 1082763688170 1
1 1082763688171 1
1 1082763688174 1
1 1082763688175 1
1 1082763688178 1
1 1082763688179 1
1 1082763688221 1
1 1082763688222 4
1 1082763688223 1
1 1082763688225 1
1 1082763688226 4
1 1082763688227 1
1 1082763688229 1
1 1082763688230 4
1 1082763688231 1
1 1082763688233 1
1 1082763688234 4
1 1082763688235 1
1 1082763688237 1
1 1082763688238 4
1 1082763688239 1
1 1082763688241 1
1 1082763688242 4
1 1082763688243 1
1 1082763688284 1
1 1082763688285 4
1 1082763688286 1
1 1082763688288 1
1 1082763688289 4
1 1082763688290 1
1 1082763688292 1
1 1082763688293 4
1 1082763688294 1
1 1082763688296 1
1 1082763688297 4
1 1082763688298 1
1 1082763688300 1
1 1082763688301 4
1 1082763688302 1
1 1082763688304 1
1 1082763688305 4
1 1082763688306 1
1 1082763688348 4
1 1082763688349 1
1 1082763688352 4
1 1082763688353 1
1 1082763688356 4
1 1082763688357 1
1 1082763688360 4
1 1082763688361 1
1 1082763688364 4
1 1082763688365 1
1 1082763688368 4
1 1082763688369 1
1 1082763688444 1
1 1082763688445 4
1 1082763688446 1
1 1082763688448 1
1 1082763688449 4
1 1082763688450 1
1 1082763688452 1
1 1082763688453 4
1 1082763688454 1
1 1082763688456 1
1 1082763688457 4
1 1082763688458 1
1 1082763688460 1
1 1082763688461 4
1 1082763688462 1
1 1082763688464 1
1 1082763688465 4
1 1082763688466 1
1 1082763688508 4
1 1082763688509 1
1 1082763688512 4
1 1082763688513 1
1 1082763688516 4
1 1082763688517 1
1 1082763688520 4
1 1082763688521 1
1 1082763688524 4
1 1082763688525 1
1 1082763688528 4
1 1082763688529 1
1 1082763688558 1
1 1082763688559 1
1 1082763688562 1
1 1082763688563 1
1 1082763688566 1
1 1082763688567 1
1 1082763688570 1
1 1082763688571 1
1 1082763688574 1
1 1082763688575 1
1 1082763688578 1
1 1082763688579 1
1 1082763688621 1
1 1082763688622 4
1 1082763688623 1
1 1082763688625 1
1 1082763688626 4
1 1082763688627 1
1 1082763688629 1
1 1082763688630 4
1 1082763688631 1
1 1082763688633 1
1 1082763688634 4
1 1082763688635 1
1 1082763688637 1
1 1082763688638 4
1 1082763688639 1
1 1082763688641 1
1 1082763688642 4
1 1082763688643 1
1 1082763688684 1
1 1082763688685 4
1 1082763688686 1
1 1082763688688 1
1 1082763688689 4
1 1082763688690 1
1 1082763688692 1
1 1082763688693 4
1 1082763688694 1
1 1082763688696 1
1 1082763688697 4
1 1082763688698 1
1 1082763688700 1
1 1082763688701 4
1 1082763688702 1
1 1082763688704 1
1 1082763688705 4
1 1082763688706 1
1 1082763688748 4
1 1082763688749 1
1 1082763688752 4
1 1082763688753 1
1 1082763688756 4
1 1082763688757 1
1 1082763688760 4
1 1082763688761 1
1 1082763688764 4
1 1082763688765 1
1 1082763688768 4
1 1082763688769 1
1 1082763688844 1
1 1082763688845 4
1 1082763688846 1
1 1082763688848 1
1 1082763688849 4
1 1082763688850 1
1 1082763688852 1
1 1082763688853 4
1 1082763688854 1
1 1082763688856 1
1 1082763688857 4
1 1082763688858 1
1 1082763688860 1
1 1082763688861 4
1 1082763688862 1
1 1082763688864 1
1 1082763688865 4
1 1082763688866 1
1 1082763688908 4
1 1082763688909 1
1 1082763688912 4
1 1082763688913 1
1 1082763688916 4
1 1082763688917 1
1 1082763688920 4
1 1082763688921 1
1 1082763688924 4
1 1082763688925 1
1 1082763688928 4
1 1082763688929 1
1 1082763688958 1
1 1082763688959 1
1 1082763688962 1
1 1082763688963 1
1 1082763688966 1
1 1082763688967 1
1 1082763688970 1
1 1082763688971 1
1 1082763688974 1
1 1082763688975 1
1 1082763688978 1
1 1082763688979 1
1 1082763689021 1
1 1082763689022 4
1 1082763689023 1
1 1082763689025 1
1 1082763689026 4
1 1082763689027 1
1 1082763689029 1
1 1082763689030 4
1 1082763689031 1
1 1082763689033 1
1 1082763689034 4
1 1082763689035 1
1 1082763689037 1
1 1082763689038 4
1 1082763689039 1
1 1082763689041 1
1 1082763689042 4
1 1082763689043 1
1 1082763689084 1
1 1082763689085 4
1 1082763689086 1
1 1082763689088 1
1 1082763689089 4
1 1082763689090 1
1 1082763689092 1
1 1082763689093 4
1 1082763689094 1
1 1082763689096 1
1 1082763689097 4
1 1082763689098 1
1 1082763689100 1
1 1082763689101 4
1 1082763689102 1
1 1082763689104 1
1 1082763689105 4
1 1082763689106 1
1 1082763689148 4
1 1082763689149 1
1 1082763689152 4
1 1082763689153 1
1 1082763689156 4
1 1082763689157 1
1 1082763689160 4
1 1082763689161 1
1 1082763689164 4
1 1082763689165 1
1 1082763689168 4
1 1082763689169 1
1 1082763689244 1
1 1082763689245 4
1 1082763689246 1
1 1082763689248 1
1 1082763689249 4
1 1082763689250 1
1 1082763689252 1
1 1082763689253 4
1 1082763689254 1
1 1082763689256 1
1 1082763689257 4
1 1082763689258 1
1 1082763689260 1
1 1082763689261 4
1 1082763689262 1
1 1082763689264 1
1 1082763689265 4
1 1082763689266 1
1 1082763689308 4
1 1082763689309 1
1 1082763689312 4
1 1082763689313 1
1 1082763689316 4
1 1082763689317 1
1 1082763689320 4
1 1082763689321 1
1 1082763689324 4
1 1082763689325 1
1 1082763689328 4
1 1082763689329 1
1 1082763689358 1
1 1082763689359 1
1 1082763689362 1
1 1082763689363 1
1 1082763689366 1
1 1082763689367 1
1 1082763689370 1
1 1082763689371 1
1 1082763689374 1
1 1082763689375 1
1 1082763689378 1
1 1082763689379 1
1 1082763689421 1
1 1082763689422 4
1 1082763689423 1
1 1082763689425 1
1 1082763689426 4
1 1082763689427 1
1 1082763689429 1
1 1082763689430 4
1 1082763689431 1
1 1082763689433 1
1 1082763689434 4
1 1082763689435 1
1 1082763689437 1
1 1082763689438 4
1 1082763689439 1
1 1082763689441 1
1 1082763689442 4
1 1082763689443 1
1 1082763689484 1
1 1082763689485 4
1 1082763689486 1
1 1082763689488 1
1 1082763689489 4
1 1082763689490 1
1 1082763689492 1
1 1082763689493 4
1 1082763689494 1
1 1082763689496 1
1 1082763689497 4
1 1082763689498 1
1 1082763689500 1
1 1082763689501 4
1 1082763689502 1
1 1082763689504 1
1 1082763689505 4
1 1082763689506 1
1 1082763689548 4
1 1082763689549 1
1 1082763689552 4
1 1082763689553 1
1 1082763689556 4
1 1082763689557 1
1 1082763689560 4
1 1082763689561 1
1 1082763689564 4
1 1082763689565 1
1 1082763689568 4
1 1082763689569 1
1 1082763689644 1
1 1082763689645 4
1 1082763689646 1
1 1082763689648 1
1 1082763689649 4
1 1082763689650 1
1 1082763689652 1
1 1082763689653 4
1 1082763689654 1
1 1082763689656 1
1 1082763689657 4
1 1082763689658 1
1 1082763689660 1
1 1082763689661 4
1 1082763689662 1
1 1082763689664 1
1 1082763689665 4
1 1082763689666 1
1 1082763689708 4
1 1082763689709 1
1 1082763689712 4
1 1082763689713 1
1 1082763689716 4
1 1082763689717 1
1 1082763689720 4
1 1082763689721 1
1 1082763689724 4
1 1082763689725 1
1 1082763689728 4
1 1082763689729 1
1 1082763689758 1
1 1082763689759 1
1 1082763689762 1
1 1082763689763 1
1 1082763689766 1
1 1082763689767 1
1 1082763689770 1
1 1082763689771 1
1 1082763689774 1
1 1082763689775 1
1 1082763689778 1
1 1082763689779 1
1 1082763689821 1
1 1082763689822 4
1 1082763689823 1
1 1082763689825 1
1 1082763689826 4
1 1082763689827 1
1 1082763689829 1
1 1082763689830 4
1 1082763689831 1
1 1082763689833 1
1 1082763689834 4
1 1082763689835 1
1 1082763689837 1
1 1082763689838 4
1 1082763689839 1
1 1082763689841 1
1 1082763689842 4
1 1082763689843 1
1 1082763689884 1
1 1082763689885 4
1 1082763689886 1
1 1082763689888 1
1 1082763689889 4
1 1082763689890 1
1 1082763689892 1
1 1082763689893 4
1 1082763689894 1
1 1082763689896 1
1 1082763689897 4
1 1082763689898 1
1 1082763689900 1
1 1082763689901 4
1 1082763689902 1
1 1082763689904 1
1 1082763689905 4
1 1082763689906 1
1 1082763689948 4
1 1082763689949 1
1 1082763689952 4
1 1082763689953 1
1 1082763689956 4
1 1082763689957 1
1 1082763689960 4
1 1082763689961 1
1 1082763689964 4
1 1082763689965 1
1 1082763689968 4
1 1082763689969 1
1 1082763690044 1
1 1082763690045 4
1 1082763690046 1
1 1082763690048 1
1 1082763690049 4
1 1082763690050 1
1 1082763690052 1
1 1082763690053 4
1 1082763690054 1
1 1082763690056 1
1 1082763690057 4
1 1082763690058 1
1 1082763690060 1
1 1082763690061 4
1 1082763690062 1
1 1082763690064 1
1 1082763690065 4
1 1082763690066 1
1 1082763690108 4
1 1082763690109 1
1 1082763690112 4
1 1082763690113 1
1 1082763690116 4
1 1082763690117 1
1 1082763690120 4
1 1082763690121 1
1 1082763690124 4
1 1082763690125 1
1 1082763690128 4
1 1082763690129 1
1 1082763690158 1
1 1082763690159 1
1 1082763690162 1
1 1082763690163 1
1 1082763690166 1
1 1082763690167 1
1 1082763690170 1
1 1082763690171 1
1 1082763690174 1
1 1082763690175 1
1 1082763690178 1
1 1082763690179 1
1 1082763690221 1
1 1082763690222 4
1 1082763690223 1
1 1082763690225 1
1 1082763690226 4
1 1082763690227 1
1 1082763690229 1
1 1082763690230 4
1 1082763690231 1
1 1082763690233 1
1 1082763690234 4
1 1082763690235 1
1 1082763690237 1
1 1082763690238 4
1 1082763690239 1
1 1082763690241 1
1 1082763690242 4
1 1082763690243 1
1 1082763690284 1
1 1082763690285 4
1 1082763690286 1
1 1082763690288 1
1 1082763690289 4
1 1082763690290 1
1 1082763690292 1
1 1082763690293 4
1 1082763690294 1
1 1082763690296 1
1 1082763690297 4
1 1082763690298 1
1 1082763690300 1
1 1082763690301 4
1 1082763690302 1
1 1082763690304 1
1 1082763690305 4
1 1082763690306 1
1 1082763690348 4
1 1082763690349 1
1 1082763690352 4
1 1082763690353 1
1 1082763690356 4
1 1082763690357 1
1 1082763690360 4
1 1082763690361 1
1 1082763690364 4
1 1082763690365 1
1 1082763690368 4
1 1082763690369 1
1 1082763690444 1
1 1082763690445 4
1 1082763690446 1
1 1082763690448 1
1 1082763690449 4
1 1082763690450 1
1 1082763690452 1
1 1082763690453 4
1 1082763690454 1
1 1082763690456 1
1 1082763690457 4
1 1082763690458 1
1 1082763690460 1
1 1082763690461 4
1 1082763690462 1
1 1082763690464 1
1 1082763690465 4
1 1082763690466 1
1 1082763690508 4
1 1082763690509 1
1 1082763690512 4
1 1082763690513 1
1 1082763690516 4
1 1082763690517 1
1 1082763690520 4
1 1082763690521 1
1 1082763690524 4
1 1082763690525 1
1 1082763690528 4
1 1082763690529 1
1 1082763690558 1
1 1082763690559 1
1 1082763690562 1
1 1082763690563 1
1 1082763690566 1
1 1082763690567 1
1 1082763690570 1
1 1082763690571 1
1 1082763690574 1
1 1082763690575 1
1 1082763690578 1
1 1082763690579 1
1 1082763690621 1
1 1082763690622 4
1 1082763690623 1
1 1082763690625 1
1 1082763690626 4
1 1082763690627 1
1 1082763690629 1
1 1082763690630 4
1 1082763690631 1
1 1082763690633 1
1 1082763690634 4
1 1082763690635 1
1 1082763690637 1
1 1082763690638 4
1 1082763690639 1
1 1082763690641 1
1 1082763690642 4
1 1082763690643 1
1 1082763690684 1
1 1082763690685 4
1 1082763690686 1
1 1082763690688 1
1 1082763690689 4
1 1082763690690 1
1 1082763690692 1
1 1082763690693 4
1 1082763690694 1
1 1082763690696 1
1 1082763690697 4
1 1082763690698 1
1 1082763690700 1
1 1082763690701 4
1 1082763690702 1
1 1082763690704 1
1 1082763690705 4
1 1082763690706 1
1 1082763690748 4
1 1082763690749 1
1 1082763690752 4
1 1082763690753 1
1 1082763690756 4
1 1082763690757 1
1 1082763690760 4
1 1082763690761 1
1 1082763690764 4
1 1082763690765 1
1 1082763690768 4
1 1082763690769 1
1 1082763690844 1
1 1082763690845 4
1 1082763690846 1
1 1082763690848 1
1 1082763690849 4
1 1082763690850 1
1 1082763690852 1
1 1082763690853 4
1 1082763690854 1
1 1082763690856 1
1 1082763690857 4
1 1082763690858 1
1 1082763690860 1
1 1082763690861 4
1 1082763690862 1
1 1082763690864 1
1 1082763690865 4
1 1082763690866 1
1 1082763690908 4
1 1082763690909 1
1 1082763690912 4
1 1082763690913 1
1 1082763690916 4
1 1082763690917 1
1 1082763690920 4
1 1082763690921 1
1 1082763690924 4
1 1082763690925 1
1 1082763690928 4
1 1082763690929 1
1 1082763690958 1
1 1082763690959 1
1 1082763690962 1
1 1082763690963 1
1 1082763690966 1
1 1082763690967 1
1 1082763690970 1
1 1082763690971 1
1 1082763690974 1
1 1082763690975 1
1 1082763690978 1
1 1082763690979 1
1 1082763691021 1
1 1082763691022 4
1 1082763691023 1
1 1082763691025 1
1 1082763691026 4
1 1082763691027 1
1 1082763691029 1
1 1082763691030 4
1 1082763691031 1
1 1082763691033 1
1 1082763691034 4
1 1082763691035 1
1 1082763691037 1
1 1082763691038 4
1 1082763691039 1
1 1082763691041 1
1 1082763691042 4
1 1082763691043 1
1 1082763691084 1
1 1082763691085 4
1 1082763691086 1
1 1082763691088 1
1 1082763691089 4
1 1082763691090 1
1 1082763691092 1
1 1082763691093 4
1 1082763691094 1
1 1082763691096 1
1 1082763691097 4
1 1082763691098 1
1 1082763691100 1
1 1082763691101 4
1 1082763691102 1
1 1082763691104 1
1 1082763691105 4
1 1082763691106 1
1 1082763691148 4
1 1082763691149 1
1 1082763691152 4
1 1082763691153 1
1 1082763691156 4
1 1082763691157 1
1 1082763691160 4
1 1082763691161 1
1 1082763691164 4
1 1082763691165 1
1 1082763691168 4
1 1082763691169 1
1 1082763691244 1
1 1082763691245 4
1 1082763691246 1
1 1082763691248 1
1 1082763691249 4
1 1082763691250 1
1 1082763691252 1
1 1082763691253 4
1 1082763691254 1
1 1082763691256 1
1 1082763691257 4
1 1082763691258 1
1 1082763691260 1
1 1082763691261 4
1 1082763691262 1
1 1082763691264 1
1 1082763691265 4
1 1082763691266 1
1 1082763691308 4
1 1082763691309 1
1 1082763691312 4
1 1082763691313 1
1 1082763691316 4
1 1082763691317 1
1 1082763691320 4
1 1082763691321 1
1 1082763691324 4
1 1082763691325 1
1 1082763691328 4
1 1082763691329 1
1 1082763691358 1
1 1082763691359 1
1 1082763691362 1
1 1082763691363 1
1 1082763691366 1
1 1082763691367 1
1 1082763691370 1
1 1082763691371 1
1 1082763691374 1
1 1082763691375 1
1 1082763691378 1
1 1082763691379 1
1 1082763691421 1
1 1082763691422 4
1 1082763691423 1
1 1082763691425 1
1 1082763691426 4
1 1082763691427 1
1 1082763691429 1
1 1082763691430 4
1 1082763691431 1
1 1082763691433 1
1 1082763691434 4
1 1082763691435 1
1 1082763691437 1
1 1082763691438 4
1 1082763691439 1
1 1082763691441 1
1 1082763691442 4
1 1082763691443 1
1 1082763691484 1
1 1082763691485 4
1 1082763691486 1
1 1082763691488 1
1 1082763691489 4
1 1082763691490 1
1 1082763691492 1
1 1082763691493 4
1 1082763691494 1
1 1082763691496 1
1 1082763691497 4
1 1082763691498 1
1 1082763691500 1
1 1082763691501 4
1 1082763691502 1
1 1082763691504 1
1 1082763691505 4
1 1082763691506 1
1 1082763691548 4
1 1082763691549 1
1 1082763691552 4
1 1082763691553 1
1 1082763691556 4
1 1082763691557 1
1 1082763691560 4
1 1082763691561 1
1 1082763691564 4
1 1082763691565 1
1 1082763691568 4
1 1082763691569 1
1 1082763691644 1
1 1082763691645 4
1 1082763691646 1
1 1082763691648 1
1 1082763691649 4
1 1082763691650 1
1 1082763691652 1
1 1082763691653 4
1 1082763691654 1
1 1082763691656 1
1 1082763691657 4
1 1082763691658 1
1 1082763691660 1
1 1082763691661 4
1 1082763691662 1
1 1082763691664 1
1 1082763691665 4
1 1082763691666 1
1 1082763691708 4
1 1082763691709 1
1 1082763691712 4
1 1082763691713 1
1 1082763691716 4
1 1082763691717 1
1 1082763691720 4
1 1082763691721 1
1 1082763691724 4
1 1082763691725 1
1 1082763691728 4
1 1082763691729 1
1 1082763691758 1
1 1082763691759 1
1 1082763691762 1
1 1082763691763 1
1 1082763691766 1
1 1082763691767 1
1 1082763691770 1
1 1082763691771 1
1 1082763691774 1
1 1082763691775 1
1 1082763691778 1
1 1082763691779 1
1 1082763691821 1
1 1082763691822 4
1 1082763691823 1
1 1082763691825 1
1 1082763691826 4
1 1082763691827 1
1 1082763691829 1
1 1082763691830 4
1 1082763691831 1
1 1082763691833 1
1 1082763691834 4
1 1082763691835 1
1 1082763691837 1
1 1082763691838 4
1 1082763691839 1
1 1082763691841 1
1 1082763691842 4
1 1082763691843 1
1 1082763691884 1
1 1082763691885 4
1 1082763691886 1
1 1082763691888 1
1 1082763691889 4
1 1082763691890 1
1 1082763691892 1
1 1082763691893 4
1 1082763691894 1
1 1082763691896 1
1 1082763691897 4
1 1082763691898 1
1 1082763691900 1
1 1082763691901 4
1 1082763691902 1
1 1082763691904 1
1 1082763691905 4
1 1082763691906 1
1 1082763691948 4
1 1082763691949 1
1 1082763691952 4
1 1082763691953 1
1 1082763691956 4
1 1082763691957 1
1 1082763691960 4
1 1082763691961 1
1 1082763691964 4
1 1082763691965 1
1 1082763691968 4
1 1082763691969 1
1 1082763692044 1
1 1082763692045 4
1 1082763692046 1
1 1082763692048 1
1 1082763692049 4
1 1082763692050 1
1 1082763692052 1
1 1082763692053 4
1 1082763692054 1
1 1082763692056 1
1 1082763692057 4
1 1082763692058 1
1 1082763692060 1
1 1082763692061 4
1 1082763692062 1
1 1082763692064 1
1 1082763692065 4
1 1082763692066 1
1 1082763692108 4
1 1082763692109 1
1 1082763692112 4
1 1082763692113 1
1 1082763692116 4
1 1082763692117 1
1 1082763692120 4
1 1082763692121 1
1 1082763692124 4
1 1082763692125 1
1 1082763692128 4
1 1082763692129 1
1 1082763692158 1
1 1082763692159 1
1 1082763692162 1
1 1082763692163 1
1 1082763692166 1
1 1082763692167 1
1 1082763692170 1
1 1082763692171 1
1 1082763692174 1
1 1082763692175 1
1 1082763692178 1
1 1082763692179 1
1 1082763692221 1
1 1082763692222 4
1 1082763692223 1
1 1082763692225 1
1 1082763692226 4
1 1082763692227 1
1 1082763692229 1
1 1082763692230 4
1 1082763692231 1
1 1082763692233 1
1 1082763692234 4
1 1082763692235 1
1 1082763692237 1
1 1082763692238 4
1 1082763692239 1
1 1082763692241 1
1 1082763692242 4
1 1082763692243 1
1 1082763692284 1
1 1082763692285 4
1 1082763692286 1
1 1082763692288 1
1 1082763692289 4
1 1082763692290 1
1 1082763692292 1
1 1082763692293 4
1 1082763692294 1
1 1082763692296 1
1 1082763692297 4
1 1082763692298 1
1 1082763692300 1
1 1082763692301 4
1 1082763692302 1
1 1082763692304 1
1 1082763692305 4
1 1082763692306 1
1 1082763692348 4
1 1082763692349 1
1 1082763692352 4
1 1082763692353 1
1 1082763692356 4
1 1082763692357 1
1 1082763692360 4
1 1082763692361 1
1 1082763692364 4
1 1082763692365 1
1 1082763692368 4
1 1082763692369 1
1 1082763692444 1
1 1082763692445 4
1 1082763692446 1
1 1082763692448 1
1 1082763692449 4
1 1082763692450 1
1 1082763692452 1
1 1082763692453 4
1 1082763692454 1
1 1082763692456 1
1 1082763692457 4
1 1082763692458 1
1 1082763692460 1
1 1082763692461 4
1 1082763692462 1
1 1082763692464 1
1 1082763692465 4
1 1082763692466 1
1 1082763692508 4
1 1082763692509 1
1 1082763692512 4
1 1082763692513 1
1 1082763692516 4
1 1082763692517 1
1 1082763692520 4
1 1082763692521 1
1 1082763692524 4
1 1082763692525 1
1 1082763692528 4
1 1082763692529 1
1 1082763692558 1
1 1082763692559 1
1 1082763692562 1
1 1082763692563 1
1 1082763692566 1
1 1082763692567 1
1 1082763692570 1
1 1082763692571 1
1 1082763692574 1
1 1082763692575 1
1 1082763692578 1
1 1082763692579 1
1 1082763692621 1
1 1082763692622 4
1 1082763692623 1
1 1082763692625 1
1 1082763692626 4
1 1082763692627 1
1 1082763692629 1
1 1082763692630 4
1 1082763692631 1
1 1082763692633 1
1 1082763692634 4
1 1082763692635 1
1 1082763692637 1
1 1082763692638 4
1 1082763692639 1
1 1082763692641 1
1 1082763692642 4
1 1082763692643 1
1 1082763692684 1
1 1082763692685 4
1 1082763692686 1
1 1082763692688 1
1 1082763692689 4
1 1082763692690 1
1 1082763692692 1
1 1082763692693 4
1 1082763692694 1
1 1082763692696 1
1 1082763692697 4
1 1082763692698 1
1 1082763692700 1
1 1082763692701 4
1 1082763692702 1
1 1082763692704 1
1 1082763692705 4
1 1082763692706 1
1 1082763692748 4
1 1082763692749 1
1 1082763692752 4
1 1082763692753 1
1 1082763692756 4
1 1082763692757 1
1 1082763692760 4
1 1082763692761 1
1 1082763692764 4
1 1082763692765 1
1 1082763692768 4
1 1082763692769 1
1 1082763692844 1
1 1082763692845 4
1 1082763692846 1
1 1082763692848 1
1 1082763692849 4
1 1082763692850 1
1 1082763692852 1
1 1082763692853 4
1 1082763692854 1
1 1082763692856 1
1 1082763692857 4
1 1082763692858 1
1 1082763692860 1
1 1082763692861 4
1 1082763692862 1
1 1082763692864 1
1 1082763692865 4
1 1082763692866 1
1 1082763692908 4
1 1082763692909 1
1 1082763692912 4
1 1082763692913 1
1 1082763692916 4
1 1082763692917 1
1 1082763692920 4
1 1082763692921 1
1 1082763692924 4
1 1082763692925 1
1 1082763692928 4
1 1082763692929 1
1 1082763692958 1
1 1082763692959 1
1 1082763692962 1
1 1082763692963 1
1 1082763692966 1
1 1082763692967 1
1 1082763692970 1
1 1082763692971 1
1 1082763692974 1
1 1082763692975 1
1 1082763692978 1
1 1082763692979 1
1 1082763693021 1
1 1082763693022 4
1 1082763693023 1
1 1082763693025 1
1 1082763693026 4
1 1082763693027 1
1 1082763693029 1
1 1082763693030 4
1 1082763693031 1
1 1082763693033 1
1 1082763693034 4
1 1082763693035 1
1 1082763693037 1
1 1082763693038 4
1 1082763693039 1
1 1082763693041 1
1 1082763693042 4
1 1082763693043 1
1 1082763693084 1
1 1082763693085 4
1 1082763693086 1
1 1082763693088 1
1 1082763693089 4
1 1082763693090 1
1 1082763693092 1
1 1082763693093 4
1 1082763693094 1
1 1082763693096 1
1 1082763693097 4
1 1082763693098 1
1 1082763693100 1
1 1082763693101 4
1 1082763693102 1
1 1082763693104 1
1 1082763693105 4
1 1082763693106 1
1 1082763693148 4
1 1082763693149 1
1 1082763693152 4
1 1082763693153 1
1 1082763693156 4
1 1082763693157 1
1 1082763693160 4
1 1082763693161 1
1 1082763693164 4
1 1082763693165 1
1 1082763693168 4
1 1082763693169 1
1 1082763693244 1
1 1082763693245 4
1 1082763693246 1
1 1082763693248 1
1 1082763693249 4
1 1082763693250 1
1 1082763693252 1
1 1082763693253 4
1 1082763693254 1
1 1082763693256 1
1 1082763693257 4
1 1082763693258 1
1 1082763693260 1
1 1082763693261 4
1 1082763693262 1
1 1082763693264 1
1 1082763693265 4
1 1082763693266 1
1 1082763693308 4
1 1082763693309 1
1 1082763693312 4
1 1082763693313 1
1 1082763693316 4
1 1082763693317 1
1 1082763693320 4
1 1082763693321 1
1 1082763693324 4
1 1082763693325 1
1 1082763693328 4
1 1082763693329 1
1 1082763693358 1
1 1082763693359 1
1 1082763693362 1
1 1082763693363 1
1 1082763693366 1
1 1082763693367 1
1 1082763693370 1
1 1082763693371 1
1 1082763693374 1
1 1082763693375 1
1 1082763693378 1
1 1082763693379 1
1 1082763693421 1
1 1082763693422 4
1 1082763693423 1
1 1082763693425 1
1 1082763693426 4
1 1082763693427 1
1 1082763693429 1
1 1082763693430 4
1 1082763693431 1
1 1082763693433 1
1 1082763693434 4
1 1082763693435 1
1 1082763693437 1
1 1082763693438 4
1 1082763693439 1
1 1082763693441 1
1 1082763693442 4
1 1082763693443 1
1 1082763693484 1
1 1082763693485 4
1 1082763693486 1
1 1082763693488 1
1 1082763693489 4
1 1082763693490 1
1 1082763693492 1
1 1082763693493 4
1 1082763693494 1
1 1082763693496 1
1 1082763693497 4
1 1082763693498 1
1 1082763693500 1
1 1082763693501 4
1 1082763693502 1
1 1082763693504 1
1 1082763693505 4
1 1082763693506 1
1 1082763693548 4
1 1082763693549 1
1 1082763693552 4
1 1082763693553 1
1 1082763693556 4
1 1082763693557 1
1 1082763693560 4
1 1082763693561 1
1 1082763693564 4
1 1082763693565 1
1 1082763693568 4
1 1082763693569 1
1 1082763693644 1
1 1082763693645 4
1 1082763693646 1
1 1082763693648 1
1 1082763693649 4
1 1082763693650 1
1 1082763693652 1
1 1082763693653 4
1 1082763693654 1
1 1082763693656 1
1 1082763693657 4
1 1082763693658 1
1 1082763693660 1
1 1082763693661 4
1 1082763693662 1
1 1082763693664 1
1 1082763693665 4
1 1082763693666 1
1 1082763693708 4
1 1082763693709 1
1 1082763693712 4
1 1082763693713 1
1 1082763693716 4
1 1082763693717 1
1 1082763693720 4
1 1082763693721 1
1 1082763693724 4
1 1082763693725 1
1 1082763693728 4
1 1082763693729 1
1 1082763693758 1
1 1082763693759 1
1 1082763693762 1
1 1082763693763 1
1 1082763693766 1
1 1082763693767 1
1 1082763693770 1
1 1082763693771 1
1 1082763693774 1
1 1082763693775 1
1 1082763693778 1
1 1082763693779 1
1 1082763693821 1
1 1082763693822 4
1 1082763693823 1
1 1082763693825 1
1 1082763693826 4
1 1082763693827 1
1 1082763693829 1
1 1082763693830 4
1 1082763693831 1
1 1082763693833 1
1 1082763693834 4
1 1082763693835 1
1 1082763693837 1
1 1082763693838 4
1 1082763693839 1
1 1082763693841 1
1 1082763693842 4
1 1082763693843 1
1 1082763693884 1
1 1082763693885 4
1 1082763693886 1
1 1082763693888 1
1 1082763693889 4
1 1082763693890 1
1 1082763693892 1
1 1082763693893 4
1 1082763693894 1
1 1082763693896 1
1 1082763693897 4
1 1082763693898 1
1 1082763693900 1
1 1082763693901 4
1 1082763693902 1
1 1082763693904 1
1 1082763693905 4
1 1082763693906 1
1 1082763693948 4
1 1082763693949 1
1 1082763693952 4
1 1082763693953 1
1 1082763693956 4
1 1082763693957 1
1 1082763693960 4
1 1082763693961 1
1 1082763693964 4
1 1082763693965 1
1 1082763693968 4
1 1082763693969 1
1 1082763694044 1
1 1082763694045 4
1 1082763694046 1
1 1082763694048 1
1 1082763694049 4
1 1082763694050 1
1 1082763694052 1
1 1082763694053 4
1 1082763694054 1
1 1082763694056 1
1 1082763694057 4
1 1082763694058 1
1 1082763694060 1
1 1082763694061 4
1 1082763694062 1
1 1082763694064 1
1 1082763694065 4
1 1082763694066 1
1 1082763694108 4
1 1082763694109 1
1 1082763694112 4
1 1082763694113 1
1 1082763694116 4
1 1082763694117 1
1 1082763694120 4
1 1082763694121 1
1 1082763694124 4
1 1082763694125 1
1 1082763694128 4
1 1082763694129 1
1 1082763694158 1
1 1082763694159 1
1 1082763694162 1
1 1082763694163 1
1 1082763694166 1
1 1082763694167 1
1 1082763694170 1
1 1082763694171 1
1 1082763694174 1
1 1082763694175 1
1 1082763694178 1
1 1082763694179 1
1 1082763694221 1
1 1082763694222 4
1 1082763694223 1
1 1082763694225 1
1 1082763694226 4
1 1082763694227 1
1 1082763694229 1
1 1082763694230 4
1 1082763694231 1
1 1082763694233 1
1 1082763694234 4
1 1082763694235 1
1 1082763694237 1
1 1082763694238 4
1 1082763694239 1
1 1082763694241 1
1 1082763694242 4
1 1082763694243 1
1 1082763694284 1
1 1082763694285 4
1 1082763694286 1
1 1082763694288 1
1 1082763694289 4
1 1082763694290 1
1 1082763694292 1
1 1082763694293 4
1 1082763694294 1
1 1082763694296 1
1 1082763694297 4
1 1082763694298 1
1 1082763694300 1
1 1082763694301 4
1 1082763694302 1
1 1082763694304 1
1 1082763694305 4
1 1082763694306 1
1 1082763694348 4
1 1082763694349 1
1 1082763694352 4
1 1082763694353 1
1 1082763694356 4
1 1082763694357 1
1 1082763694360 4
1 1082763694361 1
1 1082763694364 4
1 1082763694365 1
1 1082763694368 4
1 1082763694369 1
1 1082763694444 1
1 1082763694445 4
1 1082763694446 1
1 1082763694448 1
1 1082763694449 4
1 1082763694450 1
1 1082763694452 1
1 1082763694453 4
1 1082763694454 1
1 1082763694456 1
1 1082763694457 4
1 1082763694458 1
1 1082763694460 1
1 1082763694461 4
1 1082763694462 1
1 1082763694464 1
1 1082763694465 4
1 1082763694466 1
1 1082763694508 4
1 1082763694509 1
1 1082763694512 4
1 1082763694513 1
1 1082763694516 4
1 1082763694517 1
1 1082763694520 4
1 1082763694521 1
1 1082763694524 4
1 1082763694525 1
1 1082763694528 4
1 1082763694529 1
1 1082763694558 1
1 1082763694559 1
1 1082763694562 1
1 1082763694563 1
1 1082763694566 1
1 1082763694567 1
1 1082763694570 1
1 1082763694571 1
1 1082763694574 1
1 1082763694575 1
1 1082763694578 1
1 1082763694579 1
1 1082763694621 1
1 1082763694622 4
1 1082763694623 1
1 1082763694625 1
1 1082763694626 4
1 1082763694627 1
1 1082763694629 1
1 1082763694630 4
1 1082763694631 1
1 1082763694633 1
1 1082763694634 4
1 1082763694635 1
1 1082763694637 1
1 1082763694638 4
1 1082763694639 1
1 1082763694641 1
1 1082763694642 4
1 1082763694643 1
1 1082763694684 1
1 1082763694685 4
1 1082763694686 1
1 1082763694688 1
1 1082763694689 4
1 1082763694690 1
1 1082763694692 1
1 1082763694693 4
1 1082763694694 1
1 1082763694696 1
1 1082763694697 4
1 1082763694698 1
1 1082763694700 1
1 1082763694701 4
1 1082763694702 1
1 1082763694704 1
1 1082763694705 4
1 1082763694706 1
1 1082763694748 4
1 1082763694749 1
1 1082763694752 4
1 1082763694753 1
1 1082763694756 4
1 1082763694757 1
1 1082763694760 4
1 1082763694761 1
1 1082763694764 4
1 1082763694765 1
1 1082763694768 4
1 1082763694769 1
1 1082763694844 1
1 1082763694845 4
1 1082763694846 1
1 1082763694848 1
1 1082763694849 4
1 1082763694850 1
1 1082763694852 1
1 1082763694853 4
1 1082763694854 1
1 1082763694856 1
1 1082763694857 4
1 1082763694858 1
1 1082763694860 1
1 1082763694861 4
1 1082763694862 1
1 1082763694864 1
1 1082763694865 4
1 1082763694866 1
1 1082763694908 4
1 1082763694909 1
1 1082763694912 4
1 1082763694913 1
1 1082763694916 4
1 1082763694917 1
1 1082763694920 4
1 1082763694921 1
1 1082763694924 4
1 1082763694925 1
1 1082763694928 4
1 1082763694929 1
1 1082763694958 1
1 1082763694959 1
1 1082763694962 1
1 1082763694963 1
1 1082763694966 1
1 1082763694967 1
1 1082763694970 1
1 1082763694971 1
1 1082763694974 1
1 1082763694975 1
1 1082763694978 1
1 1082763694979 1
1 1082763695021 1
1 1082763695022 4
1 1082763695023 1
1 1082763695025 1
1 1082763695026 4
1 1082763695027 1
1 1082763695029 1
1 1082763695030 4
1 1082763695031 1
1 1082763695033 1
1 1082763695034 4
1 1082763695035 1
1 1082763695037 1
1 1082763695038 4
1 1082763695039 1
1 1082763695041 1
1 1082763695042 4
1 1082763695043 1
1 1082763695084 1
1 1082763695085 4
1 1082763695086 1
1 1082763695088 1
1 1082763695089 4
1 1082763695090 1
1 1082763695092 1
1 1082763695093 4
1 1082763695094 1
1 1082763695096 1
1 1082763695097 4
1 1082763695098 1
1 1082763695100 1
1 1082763695101 4
1 1082763695102 1
1 1082763695104 1
1 1082763695105 4
1 1082763695106 1
1 1082763695148 4
1 1082763695149 1
1 1082763695152 4
1 1082763695153 1
1 1082763695156 4
1 1082763695157 1
1 1082763695160 4
1 1082763695161 1
1 1082763695164 4
1 1082763695165 1
1 1082763695168 4
1 1082763695169 1
1 1082763695244 1
1 1082763695245 4
1 1082763695246 1
1 1082763695248 1
1 1082763695249 4
1 1082763695250 1
1 1082763695252 1
1 1082763695253 4
1 1082763695254 1
1 1082763695256 1
1 1082763695257 4
1 1082763695258 1
1 1082763695260 1
1 1082763695261 4
1 1082763695262 1
1 1082763695264 1
1 1082763695265 4
1 1082763695266 1
1 1082763695308 4
1 1082763695309 1
1 1082763695312 4
1 1082763695313 1
1 1082763695316 4
1 1082763695317 1
1 1082763695320 4
1 1082763695321 1
1 1082763695324 4
1 1082763695325 1
1 1082763695328 4
1 1082763695329 1
1 1082763695358 1
1 1082763695359 1
1 1082763695362 1
1 1082763695363 1
1 1082763695366 1
1 1082763695367 1
1 1082763695370 1
1 1082763695371 1
1 1082763695374 1
1 1082763695375 1
1 1082763695378 1
1 1082763695379 1
1 1082763695421 1
1 1082763695422 4
1 1082763695423 1
1 1082763695425 1
1 1082763695426 4
1 1082763695427 1
1 1082763695429 1
1 1082763695430 4
1 1082763695431 1
1 1082763695433 1
1 1082763695434 4
1 1082763695435 1
1 1082763695437 1
1 1082763695438 4
1 1082763695439 1
1 1082763695441 1
1 1082763695442 4
1 1082763695443 1
1 1082763695484 1
1 1082763695485 4
1 1082763695486 1
1 1082763695488 1
1 1082763695489 4
1 1082763695490 1
1 1082763695492 1
1 1082763695493 4
1 1082763695494 1
1 1082763695496 1
1 1082763695497 4
1 1082763695498 1
1 1082763695500 1
1 1082763695501 4
1 1082763695502 1
1 1082763695504 1
1 1082763695505 4
1 1082763695506 1
1 1082763695548 4
1 1082763695549 1
1 1082763695552 4
1 1082763695553 1
1 1082763695556 4
1 1082763695557 1
1 1082763695560 4
1 1082763695561 1
1 1082763695564 4
1 1082763695565 1
1 1082763695568 4
1 1082763695569 1
1 1082763695644 1
1 1082763695645 4
1 1082763695646 1
1 1082763695648 1
1 1082763695649 4
1 1082763695650 1
1 1082763695652 1
1 1082763695653 4
1 1082763695654 1
1 1082763695656 1
1 1082763695657 4
1 1082763695658 1
1 1082763695660 1
1 1082763695661 4
1 1082763695662 1
1 1082763695664 1
1 1082763695665 4
1 1082763695666 1
1 1082763695708 4
1 1082763695709 1
1 1082763695712 4
1 1082763695713 1
1 1082763695716 4
1 1082763695717 1
1 1082763695720 4
1 1082763695721 1
1 1082763695724 4
1 1082763695725 1
1 1082763695728 4
1 1082763695729 1
1 1082763695758 1
1 1082763695759 1
1 1082763695762 1
1 1082763695763 1
1 1082763695766 1
1 1082763695767 1
1 1082763695770 1
1 1082763695771 1
1 1082763695774 1
1 1082763695775 1
1 1082763695778 1
1 1082763695779 1
1 1082763695821 1
1 1082763695822 4
1 1082763695823 1
1 1082763695825 1
1 1082763695826 4
1 1082763695827 1
1 1082763695829 1
1 1082763695830 4
1 1082763695831 1
1 1082763695833 1
1 1082763695834 4
1 1082763695835 1
1 1082763695837 1
1 1082763695838 4
1 1082763695839 1
1 1082763695841 1
1 1082763695842 4
1 1082763695843 1
1 1082763695884 1
1 1082763695885 4
1 1082763695886 1
1 1082763695888 1
1 1082763695889 4
1 1082763695890 1
1 1082763695892 1
1 1082763695893 4
1 1082763695894 1
1 1082763695896 1
1 1082763695897 4
1 1082763695898 1
1 1082763695900 1
1 1082763695901 4
1 1082763695902 1
1 1082763695904 1
1 1082763695905 4
1 1082763695906 1
1 1082763695948 4
1 1082763695949 1
1 1082763695952 4
1 1082763695953 1
1 1082763695956 4
1 1082763695957 1
1 1082763695960 4
1 1082763695961 1
1 1082763695964 4
1 1082763695965 1
1 1082763695968 4
1 1082763695969 1
1 1082763696044 1
1 1082763696045 4
1 1082763696046 1
1 1082763696048 1
1 1082763696049 4
1 1082763696050 1
1 1082763696052 1
1 1082763696053 4
1 1082763696054 1
1 1082763696056 1
1 1082763696057 4
1 1082763696058 1
1 1082763696060 1
1 1082763696061 4
1 1082763696062 1
1 1082763696064 1
1 1082763696065 4
1 1082763696066 1
1 1082763696108 4
1 1082763696109 1
1 1082763696112 4
1 1082763696113 1
1 1082763696116 4
1 1082763696117 1
1 1082763696120 4
1 1082763696121 1
1 1082763696124 4
1 1082763696125 1
1 1082763696128 4
1 1082763696129 1
1 1082763696158 1
1 1082763696159 1
1 1082763696162 1
1 1082763696163 1
1 1082763696166 1
1 1082763696167 1
1 1082763696170 1
1 1082763696171 1
1 1082763696174 1
1 1082763696175 1
1 1082763696178 1
1 1082763696179 1
1 1082763696221 1
1 1082763696222 4
1 1082763696223 1
1 1082763696225 1
1 1082763696226 4
1 1082763696227 1
1 1082763696229 1
1 1082763696230 4
1 1082763696231 1
1 1082763696233 1
1 1082763696234 4
1 1082763696235 1
1 1082763696237 1
1 1082763696238 4
1 1082763696239 1
1 1082763696241 1
1 1082763696242 4
1 1082763696243 1
1 1082763696284 1
1 1082763696285 4
1 1082763696286 1
1 1082763696288 1
1 1082763696289 4
1 1082763696290 1
1 1082763696292 1
1 1082763696293 4
1 1082763696294 1
1 1082763696296 1
1 1082763696297 4
1 1082763696298 1
1 1082763696300 1
1 1082763696301 4
1 1082763696302 1
1 1082763696304 1
1 1082763696305 4
1 1082763696306 1
1 1082763696348 4
1 1082763696349 1
1 1082763696352 4
1 1082763696353 1
1 1082763696356 4
1 1082763696357 1
1 1082763696360 4
1 1082763696361 1
1 1082763696364 4
1 1082763696365 1
1 1082763696368 4
1 1082763696369 1
1 1082763696444 1
1 1082763696445 4
1 1082763696446 1
1 1082763696448 1
1 1082763696449 4
1 1082763696450 1
1 1082763696452 1
1 1082763696453 4
1 1082763696454 1
1 1082763696456 1
1 1082763696457 4
1 1082763696458 1
1 1082763696460 1
1 1082763696461 4
1 1082763696462 1
1 1082763696464 1
1 1082763696465 4
1 1082763696466 1
1 1082763696508 4
1 1082763696509 1
1 1082763696512 4
1 1082763696513 1
1 1082763696516 4
1 1082763696517 1
1 1082763696520 4
1 1082763696521 1
1 1082763696524 4
1 1082763696525 1
1 1082763696528 4
1 1082763696529 1
1 1082763696558 1
1 1082763696559 1
1 1082763696562 1
1 1082763696563 1
1 1082763696566 1
1 1082763696567 1
1 1082763696570 1
1 1082763696571 1
1 1082763696574 1
1 1082763696575 1
1 1082763696578 1
1 1082763696579 1
1 1082763696621 1
1 1082763696622 4
1 1082763696623 1
1 1082763696625 1
1 1082763696626 4
1 1082763696627 1
1 1082763696629 1
1 1082763696630 4
1 1082763696631 1
1 1082763696633 1
1 1082763696634 4
1 1082763696635 1
1 1082763696637 1
1 1082763696638 4
1 1082763696639 1
1 1082763696641 1
1 1082763696642 4
1 1082763696643 1
1 1082763696684 1
1 1082763696685 4
1 1082763696686 1
1 1082763696688 1
1 1082763696689 4
1 1082763696690 1
1 1082763696692 1
1 1082763696693 4
1 1082763696694 1
1 1082763696696 1
1 1082763696697 4
1 1082763696698 1
1 1082763696700 1
1 1082763696701 4
1 1082763696702 1
1 1082763696704 1
1 1082763696705 4
1 1082763696706 1
1 1082763696748 4
1 1082763696749 1
1 1082763696752 4
1 1082763696753 1
1 1082763696756 4
1 1082763696757 1
1 1082763696760 4
1 1082763696761 1
1 1082763696764 4
1 1082763696765 1
1 1082763696768 4
1 1082763696769 1
1 1082763696844 1
1 1082763696845 4
1 1082763696846 1
1 1082763696848 1
1 1082763696849 4
1 1082763696850 1
1 1082763696852 1
1 1082763696853 4
1 1082763696854 1
1 1082763696856 1
1 1082763696857 4
1 1082763696858 1
1 1082763696860 1
1 1082763696861 4
1 1082763696862 1
1 1082763696864 1
1 1082763696865 4
1 1082763696866 1
1 1082763696908 4
1 1082763696909 1
1 1082763696912 4
1 1082763696913 1
1 1082763696916 4
1 1082763696917 1
1 1082763696920 4
1 1082763696921 1
1 1082763696924 4
1 1082763696925 1
1 1082763696928 4
1 1082763696929 1
1 1082763696958 1
1 1082763696959 1
1 1082763696962 1
1 1082763696963 1
1 1082763696966 1
1 1082763696967 1
1 1082763696970 1
1 1082763696971 1
1 1082763696974 1
1 1082763696975 1
1 1082763696978 1
1 1082763696979 1
1 1082763697021 1
1 1082763697022 4
1 1082763697023 1
1 1082763697025 1
1 1082763697026 4
1 1082763697027 1
1 1082763697029 1
1 1082763697030 4
1 1082763697031 1
1 1082763697033 1
1 1082763697034 4
1 1082763697035 1
1 1082763697037 1
1 1082763697038 4
1 1082763697039 1
1 1082763697041 1
1 1082763697042 4
1 1082763697043 1
1 1082763697084 1
1 1082763697085 4
1 1082763697086 1
1 1082763697088 1
1 1082763697089 4
1 1082763697090 1
1 1082763697092 1
1 1082763697093 4
1 1082763697094 1
1 1082763697096 1
1 1082763697097 4
1 1082763697098 1
1 1082763697100 1
1 1082763697101 4
1 1082763697102 1
1 1082763697104 1
1 1082763697105 4
1 1082763697106 1
1 1082763697148 4
1 1082763697149 1
1 1082763697152 4
1 1082763697153 1
1 1082763697156 4
1 1082763697157 1
1 1082763697160 4
1 1082763697161 1
1 1082763697164 4
1 1082763697165 1
1 1082763697168 4
1 1082763697169 1
1 1082763697244 1
1 1082763697245 4
1 1082763697246 1
1 1082763697248 1
1 1082763697249 4
1 1082763697250 1
1 1082763697252 1
1 1082763697253 4
1 1082763697254 1
1 1082763697256 1
1 1082763697257 4
1 1082763697258 1
1 1082763697260 1
1 1082763697261 4
1 1082763697262 1
1 1082763697264 1
1 1082763697265 4
1 1082763697266 1
1 1082763697308 4
1 1082763697309 1
1 1082763697312 4
1 1082763697313 1
1 1082763697316 4
1 1082763697317 1
1 1082763697320 4
1 1082763697321 1
1 1082763697324 4
1 1082763697325 1
1 1082763697328 4
1 1082763697329 1
1 1082763697358 1
1 1082763697359 1
1 1082763697362 1
1 1082763697363 1
1 1082763697366 1
1 1082763697367 1
1 1082763697370 1
1 1082763697371 1
1 1082763697374 1
1 1082763697375 1
1 1082763697378 1
1 1082763697379 1
1 1082763697421 1
1 1082763697422 4
1 1082763697423 1
1 1082763697425 1
1 1082763697426 4
1 1082763697427 1
1 1082763697429 1
1 1082763697430 4
1 1082763697431 1
1 1082763697433 1
1 1082763697434 4
1 1082763697435 1
1 1082763697437 1
1 1082763697438 4
1 1082763697439 1
1 1082763697441 1
1 1082763697442 4
1 1082763697443 1
1 1082763697484 1
1 1082763697485 4
1 1082763697486 1
1 1082763697488 1
1 1082763697489 4
1 1082763697490 1
1 1082763697492 1
1 1082763697493 4
1 1082763697494 1
1 1082763697496 1
1 1082763697497 4
1 1082763697498 1
1 1082763697500 1
1 1082763697501 4
1 1082763697502 1
1 1082763697504 1
1 1082763697505 4
1 1082763697506 1
1 1082763697548 4
1 1082763697549 1
1 1082763697552 4
1 1082763697553 1
1 1082763697556 4
1 1082763697557 1
1 1082763697560 4
1 1082763697561 1
1 1082763697564 4
1 1082763697565 1
1 1082763697568 4
1 1082763697569 1
1 1082763697644 1
1 1082763697645 4
1 1082763697646 1
1 1082763697648 1
1 1082763697649 4
1 1082763697650 1
1 1082763697652 1
1 1082763697653 4
1 1082763697654 1
1 1082763697656 1
1 1082763697657 4
1 1082763697658 1
1 1082763697660 1
1 1082763697661 4
1 1082763697662 1
1 1082763697664 1
1 1082763697665 4
1 1082763697666 1
1 1082763697708 4
1 1082763697709 1
1 1082763697712 4
1 1082763697713 1
1 1082763697716 4
1 1082763697717 1
1 1082763697720 4
1 1082763697721 1
1 1082763697724 4
1 1082763697725 1
1 1082763697728 4
1 1082763697729 1
1 1082763697758 1
1 1082763697759 1
1 1082763697762 1
1 1082763697763 1
1 1082763697766 1
1 1082763697767 1
1 1082763697770 1
1 1082763697771 1
1 1082763697774 1
1 1082763697775 1
1 1082763697778 1
1 1082763697779 1
1 1082763697821 1
1 1082763697822 4
1 1082763697823 1
1 1082763697825 1
1 1082763697826 4
1 1082763697827 1
1 1082763697829 1
1 1082763697830 4
1 1082763697831 1
1 1082763697833 1
1 1082763697834 4
1 1082763697835 1
1 1082763697837 1
1 1082763697838 4
1 1082763697839 1
1 1082763697841 1
1 1082763697842 4
1 1082763697843 1
1 1082763697884 1
1 1082763697885 4
1 1082763697886 1
1 1082763697888 1
1 1082763697889 4
1 1082763697890 1
1 1082763697892 1
1 1082763697893 4
1 1082763697894 1
1 1082763697896 1
1 1082763697897 4
1 1082763697898 1
1 1082763697900 1
1 1082763697901 4
1 1082763697902 1
1 1082763697904 1
1 1082763697905 4
1 1082763697906 1
1 1082763697948 4
1 1082763697949 1
1 1082763697952 4
1 1082763697953 1
1 1082763697956 4
1 1082763697957 1
1 1082763697960 4
1 1082763697961 1
1 1082763697964 4
1 1082763697965 1
1 1082763697968 4
1 1082763697969 1
1 1082763698044 1
1 1082763698045 4
1 1082763698046 1
1 1082763698048 1
1 1082763698049 4
1 1082763698050 1
1 1082763698052 1
1 1082763698053 4
1 1082763698054 1
1 1082763698056 1
1 1082763698057 4
1 1082763698058 1
1 1082763698060 1
1 1082763698061 4
1 1082763698062 1
1 1082763698064 1
1 1082763698065 4
1 1082763698066 1
1 1082763698108 4
1 1082763698109 1
1 1082763698112 4
1 1082763698113 1
1 1082763698116 4
1 1082763698117 1
1 1082763698120 4
1 1082763698121 1
1 1082763698124 4
1 1082763698125 1
1 1082763698128 4
1 1082763698129 1
1 1082763698158 1
1 1082763698159 1
1 1082763698162 1
1 1082763698163 1
1 1082763698166 1
1 1082763698167 1
1 1082763698170 1
1 1082763698171 1
1 1082763698174 1
1 1082763698175 1
1 1082763698178 1
1 1082763698179 1
1 1082763698221 1
1 1082763698222 4
1 1082763698223 1
1 1082763698225 1
1 1082763698226 4
1 1082763698227 1
1 1082763698229 1
1 1082763698230 4
1 1082763698231 1
1 1082763698233 1
1 1082763698234 4
1 1082763698235 1
1 1082763698237 1
1 1082763698238 4
1 1082763698239 1
1 1082763698241 1
1 1082763698242 4
1 1082763698243 1
1 1082763698284 1
1 1082763698285 4
1 1082763698286 1
1 1082763698288 1
1 1082763698289 4
1 1082763698290 1
1 1082763698292 1
1 1082763698293 4
1 1082763698294 1
1 1082763698296 1
1 1082763698297 4
1 1082763698298 1
1 1082763698300 1
1 1082763698301 4
1 1082763698302 1
1 1082763698304 1
1 1082763698305 4
1 1082763698306 1
1 1082763698348 4
1 1082763698349 1
1 1082763698352 4
1 1082763698353 1
1 1082763698356 4
1 1082763698357 1
1 1082763698360 4
1 1082763698361 1
1 1082763698364 4
1 1082763698365 1
1 1082763698368 4
1 1082763698369 1
1 1082763698444 1
1 1082763698445 4
1 1082763698446 1
1 1082763698448 1
1 1082763698449 4
1 1082763698450 1
1 1082763698452 1
1 1082763698453 4
1 1082763698454 1
1 1082763698456 1
1 1082763698457 4
1 1082763698458 1
1 1082763698460 1
1 1082763698461 4
1 1082763698462 1
1 1082763698464 1
1 1082763698465 4
1 1082763698466 1
1 1082763698508 4
1 1082763698509 1
1 1082763698512 4
1 1082763698513 1
1 1082763698516 4
1 1082763698517 1
1 1082763698520 4
1 1082763698521 1
1 1082763698524 4
1 1082763698525 1
1 1082763698528 4
1 1082763698529 1
1 1082763698558 1
1 1082763698559 1
1 1082763698562 1
1 1082763698563 1
1 1082763698566 1
1 1082763698567 1
1 1082763698570 1
1 1082763698571 1
1 1082763698574 1
1 1082763698575 1
1 1082763698578 1
1 1082763698579 1
1 1082763698621 1
1 1082763698622 4
1 1082763698623 1
1 1082763698625 1
1 1082763698626 4
1 1082763698627 1
1 1082763698629 1
1 1082763698630 4
1 1082763698631 1
1 1082763698633 1
1 1082763698634 4
1 1082763698635 1
1 1082763698637 1
1 1082763698638 4
1 1082763698639 1
1 1082763698641 1
1 1082763698642 4
1 1082763698643 1
1 1082763698684 1
1 1082763698685 4
1 1082763698686 1
1 1082763698688 1
1 1082763698689 4
1 1082763698690 1
1 1082763698692 1
1 1082763698693 4
1 1082763698694 1
1 1082763698696 1
1 1082763698697 4
1 1082763698698 1
1 1082763698700 1
1 1082763698701 4
1 1082763698702 1
1 1082763698704 1
1 1082763698705 4
1 1082763698706 1
1 1082763698748 4
1 1082763698749 1
1 1082763698752 4
1 1082763698753 1
1 1082763698756 4
1 1082763698757 1
1 1082763698760 4
1 1082763698761 1
1 1082763698764 4
1 1082763698765 1
1 1082763698768 4
1 1082763698769 1
1 1082763698844 1
1 1082763698845 4
1 1082763698846 1
1 1082763698848 1
1 1082763698849 4
1 1082763698850 1
1 1082763698852 1
1 1082763698853 4
1 1082763698854 1
1 1082763698856 1
1 1082763698857 4
1 1082763698858 1
1 1082763698860 1
1 1082763698861 4
1 1082763698862 1
1 1082763698864 1
1 1082763698865 4
1 1082763698866 1
1 1082763698908 4
1 1082763698909 1
1 1082763698912 4
1 1082763698913 1
1 1082763698916 4
1 1082763698917 1
1 1082763698920 4
1 1082763698921 1
1 1082763698924 4
1 1082763698925 1
1 1082763698928 4
1 1082763698929 1
1 1082763698958 1
1 1082763698959 1
1 1082763698962 1
1 1082763698963 1
1 1082763698966 1
1 1082763698967 1
1 1082763698970 1
1 1082763698971 1
1 1082763698974 1
1 1082763698975 1
1 1082763698978 1
1 1082763698979 1
1 1082763699021 1
1 1082763699022 4
1 1082763699023 1
1 1082763699025 1
1 1082763699026 4
1 1082763699027 1
1 1082763699029 1
1 1082763699030 4
1 1082763699031 1
1 1082763699033 1
1 1082763699034 4
1 1082763699035 1
1 1082763699037 1
1 1082763699038 4
1 1082763699039 1
1 1082763699041 1
1 1082763699042 4
1 1082763699043 1
1 1082763699084 1
1 1082763699085 4
1 1082763699086 1
1 1082763699088 1
1 1082763699089 4
1 1082763699090 1
1 1082763699092 1
1 1082763699093 4
1 1082763699094 1
1 1082763699096 1
1 1082763699097 4
1 1082763699098 1
1 1082763699100 1
1 1082763699101 4
1 1082763699102 1
1 1082763699104 1
1 1082763699105 4
1 1082763699106 1
1 1082763699148 4
1 1082763699149 1
1 1082763699152 4
1 1082763699153 1
1 1082763699156 4
1 1082763699157 1
1 1082763699160 4
1 1082763699161 1
1 1082763699164 4
1 1082763699165 1
1 1082763699168 4
1 1082763699169 1
1 1082763699244 1
1 1082763699245 4
1 1082763699246 1
1 1082763699248 1
1 1082763699249 4
1 1082763699250 1
1 1082763699252 1
1 1082763699253 4
1 1082763699254 1
1 1082763699256 1
1 1082763699257 4
1 1082763699258 1
1 1082763699260 1
1 1082763699261 4
1 1082763699262 1
1 1082763699264 1
1 1082763699265 4
1 1082763699266 1
1 1082763699308 4
1 1082763699309 1
1 1082763699312 4
1 1082763699313 1
1 1082763699316 4
1 1082763699317 1
1 1082763699320 4
1 1082763699321 1
1 1082763699324 4
1 1082763699325 1
1 1082763699328 4
1 1082763699329 1
1 1082763699358 1
1 1082763699359 1
1 1082763699362 1
1 1082763699363 1
1 1082763699366 1
1 1082763699367 1
1 1082763699370 1
1 1082763699371 1
1 1082763699374 1
1 1082763699375 1
1 1082763699378 1
1 1082763699379 1
1 1082763699421 1
1 1082763699422 4
1 1082763699423 1
1 1082763699425 1
1 1082763699426 4
1 1082763699427 1
1 1082763699429 1
1 1082763699430 4
1 1082763699431 1
1 1082763699433 1
1 1082763699434 4
1 1082763699435 1
1 1082763699437 1
1 1082763699438 4
1 1082763699439 1
1 1082763699441 1
1 1082763699442 4
1 1082763699443 1
1 1082763699484 1
1 1082763699485 4
1 1082763699486 1
1 1082763699488 1
1 1082763699489 4
1 1082763699490 1
1 1082763699492 1
1 1082763699493 4
1 1082763699494 1
1 1082763699496 1
1 1082763699497 4
1 1082763699498 1
1 1082763699500 1
1 1082763699501 4
1 1082763699502 1
1 1082763699504 1
1 1082763699505 4
1 1082763699506 1
1 1082763699548 4
1 1082763699549 1
1 1082763699552 4
1 1082763699553 1
1 1082763699556 4
1 1082763699557 1
1 1082763699560 4
1 1082763699561 1
1 1082763699564 4
1 1082763699565 1
1 1082763699568 4
1 1082763699569 1
1 1082763699644 1
1 1082763699645 4
1 1082763699646 1
1 1082763699648 1
1 1082763699649 4
1 1082763699650 1
1 1082763699652 1
1 1082763699653 4
1 1082763699654 1
1 1082763699656 1
1 1082763699657 4
1 1082763699658 1
1 1082763699660 1
1 1082763699661 4
1 1082763699662 1
1 1082763699664 1
1 1082763699665 4
1 1082763699666 1
1 1082763699708 4
1 1082763699709 1
1 1082763699712 4
1 1082763699713 1
1 1082763699716 4
1 1082763699717 1
1 1082763699720 4
1 1082763699721 1
1 1082763699724 4
1 1082763699725 1
1 1082763699728 4
1 1082763699729 1
1 1082763699758 1
1 1082763699759 1
1 1082763699762 1
1 1082763699763 1
1 1082763699766 1
1 1082763699767 1
1 1082763699770 1
1 1082763699771 1
1 1082763699774 1
1 1082763699775 1
1 1082763699778 1
1 1082763699779 1
1 1082763699821 1
1 1082763699822 4
1 1082763699823 1
1 1082763699825 1
1 1082763699826 4
1 1082763699827 1
1 1082763699829 1
1 1082763699830 4
1 1082763699831 1
1 1082763699833 1
1 1082763699834 4
1 1082763699835 1
1 1082763699837 1
1 1082763699838 4
1 1082763699839 1
1 1082763699841 1
1 1082763699842 4
1 1082763699843 1
1 1082763699884 1
1 1082763699885 4
1 1082763699886 1
1 1082763699888 1
1 1082763699889 4
1 1082763699890 1
1 1082763699892 1
1 1082763699893 4
1 1082763699894 1
1 1082763699896 1
1 1082763699897 4
1 1082763699898 1
1 1082763699900 1
1 1082763699901 4
1 1082763699902 1
1 1082763699904 1
1 1082763699905 4
1 1082763699906 1
1 1082763699948 4
1 1082763699949 1
1 1082763699952 4
1 1082763699953 1
1 1082763699956 4
1 1082763699957 1
1 1082763699960 4
1 1082763699961 1
1 1082763699964 4
1 1082763699965 1
1 1082763699968 4
1 1082763699969 1
1 1082763700044 1
1 1082763700045 4
1 1082763700046 1
1 1082763700048 1
1 1082763700049 4
1 1082763700050 1
1 1082763700052 1
1 1082763700053 4
1 1082763700054 1
1 1082763700056 1
1 1082763700057 4
1 1082763700058 1
1 1082763700060 1
1 1082763700061 4
1 1082763700062 1
1 1082763700064 1
1 1082763700065 4
1 1082763700066 1
1 1082763700108 4
1 1082763700109 1
1 1082763700112 4
1 1082763700113 1
1 1082763700116 4
1 1082763700117 1
1 1082763700120 4
1 1082763700121 1
1 1082763700124 4
1 1082763700125 1
1 1082763700128 4
1 1082763700129 1
1 1082763700158 1
1 1082763700159 1
1 1082763700162 1
1 1082763700163 1
1 1082763700166 1
1 1082763700167 1
1 1082763700170 1
1 1082763700171 1
1 1082763700174 1
1 1082763700175 1
1 1082763700178 1
1 1082763700179 1
1 1082763700221 1
1 1082763700222 4
1 1082763700223 1
1 1082763700225 1
1 1082763700226 4
1 1082763700227 1
1 1082763700229 1
1 1082763700230 4
1 1082763700231 1
1 1082763700233 1
1 1082763700234 4
1 1082763700235 1
1 1082763700237 1
1 1082763700238 4
1 1082763700239 1
1 1082763700241 1
1 1082763700242 4
1 1082763700243 1
1 1082763700284 1
1 1082763700285 4
1 1082763700286 1
1 1082763700288 1
1 1082763700289 4
1 1082763700290 1
1 1082763700292 1
1 1082763700293 4
1 1082763700294 1
1 1082763700296 1
1 1082763700297 4
1 1082763700298 1
1 1082763700300 1
1 1082763700301 4
1 1082763700302 1
1 1082763700304 1
1 1082763700305 4
1 1082763700306 1
1 1082763700348 4
1 1082763700349 1
1 1082763700352 4
1 1082763700353 1
1 1082763700356 4
1 1082763700357 1
1 1082763700360 4
1 1082763700361 1
1 1082763700364 4
1 1082763700365 1
1 1082763700368 4
1 1082763700369 1
1 1082763700444 1
1 1082763700445 4
1 1082763700446 1
1 1082763700448 1
1 1082763700449 4
1 1082763700450 1
1 1082763700452 1
1 1082763700453 4
1 1082763700454 1
1 1082763700456 1
1 1082763700457 4
1 1082763700458 1
1 1082763700460 1
1 1082763700461 4
1 1082763700462 1
1 1082763700464 1
1 1082763700465 4
1 1082763700466 1
1 1082763700508 4
1 1082763700509 1
1 1082763700512 4
1 1082763700513 1
1 1082763700516 4
1 1082763700517 1
1 1082763700520 4
1 1082763700521 1
1 1082763700524 4
1 1082763700525 1
1 1082763700528 4
1 1082763700529 1
1 1082763700558 1
1 1082763700559 1
1 1082763700562 1
1 1082763700563 1
1 1082763700566 1
1 1082763700567 1
1 1082763700570 1
1 1082763700571 1
1 1082763700574 1
1 1082763700575 1
1 1082763700578 1
1 1082763700579 1
1 1082763700621 1
1 1082763700622 4
1 1082763700623 1
1 1082763700625 1
1 1082763700626 4
1 1082763700627 1
1 1082763700629 1
1 1082763700630 4
1 1082763700631 1
1 1082763700633 1
1 1082763700634 4
1 1082763700635 1
1 1082763700637 1
1 1082763700638 4
1 1082763700639 1
1 1082763700641 1
1 1082763700642 4
1 1082763700643 1
1 1082763700684 1
1 1082763700685 4
1 1082763700686 1
1 1082763700688 1
1 1082763700689 4
1 1082763700690 1
1 1082763700692 1
1 1082763700693 4
1 1082763700694 1
1 1082763700696 1
1 1082763700697 4
1 1082763700698 1
1 1082763700700 1
1 1082763700701 4
1 1082763700702 1
1 1082763700704 1
1 1082763700705 4
1 1082763700706 1
1 1082763700748 4
1 1082763700749 1
1 1082763700752 4
1 1082763700753 1
1 1082763700756 4
1 1082763700757 1
1 1082763700760 4
1 1082763700761 1
1 1082763700764 4
1 1082763700765 1
1 1082763700768 4
1 1082763700769 1
1 1082763700844 1
1 1082763700845 4
1 1082763700846 1
1 1082763700848 1
1 1082763700849 4
1 1082763700850 1
1 1082763700852 1
1 1082763700853 4
1 1082763700854 1
1 1082763700856 1
1 1082763700857 4
1 1082763700858 1
1 1082763700860 1
1 1082763700861 4
1 1082763700862 1
1 1082763700864 1
1 1082763700865 4
1 1082763700866 1
1 1082763700908 4
1 1082763700909 1
1 1082763700912 4
1 1082763700913 1
1 1082763700916 4
1 1082763700917 1
1 1082763700920 4
1 1082763700921 1
1 1082763700924 4
1 1082763700925 1
1 1082763700928 4
1 1082763700929 1
1 1082763700958 1
1 1082763700959 1
1 1082763700962 1
1 1082763700963 1
1 1082763700966 1
1 1082763700967 1
1 1082763700970 1
1 1082763700971 1
1 1082763700974 1
1 1082763700975 1
1 1082763700978 1
1 1082763700979 1
1 1082763701021 1
1 1082763701022 4
1 1082763701023 1
1 1082763701025 1
1 1082763701026 4
1 1082763701027 1
1 1082763701029 1
1 1082763701030 4
1 1082763701031 1
1 1082763701033 1
1 1082763701034 4
1 1082763701035 1
1 1082763701037 1
1 1082763701038 4
1 1082763701039 1
1 1082763701041 1
1 1082763701042 4
1 1082763701043 1
1 1082763701084 1
1 1082763701085 4
1 1082763701086 1
1 1082763701088 1
1 1082763701089 4
1 1082763701090 1
1 1082763701092 1
1 1082763701093 4
1 1082763701094 1
1 1082763701096 1
1 1082763701097 4
1 1082763701098 1
1 1082763701100 1
1 1082763701101 4
1 1082763701102 1
1 1082763701104 1
1 1082763701105 4
1 1082763701106 1
1 1082763701148 4
1 1082763701149 1
1 1082763701152 4
1 1082763701153 1
1 1082763701156 4
1 1082763701157 1
1 1082763701160 4
1 1082763701161 1
1 1082763701164 4
1 1082763701165 1
1 1082763701168 4
1 1082763701169 1
1 1082763701244 1
1 1082763701245 4
1 1082763701246 1
1 1082763701248 1
1 1082763701249 4
1 1082763701250 1
1 1082763701252 1
1 1082763701253 4
1 1082763701254 1
1 1082763701256 1
1 1082763701257 4
1 1082763701258 1
1 1082763701260 1
1 1082763701261 4
1 1082763701262 1
1 1082763701264 1
1 1082763701265 4
1 1082763701266 1
1 1082763701308 4
1 1082763701309 1
1 1082763701312 4
1 1082763701313 1
1 1082763701316 4
1 1082763701317 1
1 1082763701320 4
1 1082763701321 1
1 1082763701324 4
1 1082763701325 1
1 1082763701328 4
1 1082763701329 1
1 1082763701358 1
1 1082763701359 1
1 1082763701362 1
1 1082763701363 1
1 1082763701366 1
1 1082763701367 1
1 1082763701370 1
1 1082763701371 1
1 1082763701374 1
1 1082763701375 1
1 1082763701378 1
1 1082763701379 1
1 1082763701421 1
1 1082763701422 4
1 1082763701423 1
1 1082763701425 1
1 1082763701426 4
1 1082763701427 1
1 1082763701429 1
1 1082763701430 4
1 1082763701431 1
1 1082763701433 1
1 1082763701434 4
1 1082763701435 1
1 1082763701437 1
1 1082763701438 4
1 1082763701439 1
1 1082763701441 1
1 1082763701442 4
1 1082763701443 1
1 1082763701484 1
1 1082763701485 4
1 1082763701486 1
1 1082763701488 1
1 1082763701489 4
1 1082763701490 1
1 1082763701492 1
1 1082763701493 4
1 1082763701494 1
1 1082763701496 1
1 1082763701497 4
1 1082763701498 1
1 1082763701500 1
1 1082763701501 4
1 1082763701502 1
1 1082763701504 1
1 1082763701505 4
1 1082763701506 1
1 1082763701548 4
1 1082763701549 1
1 1082763701552 4
1 1082763701553 1
1 1082763701556 4
1 1082763701557 1
1 1082763701560 4
1 1082763701561 1
1 1082763701564 4
1 1082763701565 1
1 1082763701568 4
1 1082763701569 1
1 1082763701644 1
1 1082763701645 4
1 1082763701646 1
1 1082763701648 1
1 1082763701649 4
1 1082763701650 1
1 1082763701652 1
1 1082763701653 4
1 1082763701654 1
1 1082763701656 1
1 1082763701657 4
1 1082763701658 1
1 1082763701660 1
1 1082763701661 4
1 1082763701662 1
1 1082763701664 1
1 1082763701665 4
1 1082763701666 1
1 1082763701708 4
1 1082763701709 1
1 1082763701712 4
1 1082763701713 1
1 1082763701716 4
1 1082763701717 1
1 1082763701720 4
1 1082763701721 1
1 1082763701724 4
1 1082763701725 1
1 1082763701728 4
1 1082763701729 1
1 1082763701758 1
1 1082763701759 1
1 1082763701762 1
1 1082763701763 1
1 1082763701766 1
1 1082763701767 1
1 1082763701770 1
1 1082763701771 1
1 1082763701774 1
1 1082763701775 1
1 1082763701778 1
1 1082763701779 1
1 1082763701821 1
1 1082763701822 4
1 1082763701823 1
1 1082763701825 1
1 1082763701826 4
1 1082763701827 1
1 1082763701829 1
1 1082763701830 4
1 1082763701831 1
1 1082763701833 1
1 1082763701834 4
1 1082763701835 1
1 1082763701837 1
1 1082763701838 4
1 1082763701839 1
1 1082763701841 1
1 1082763701842 4
1 1082763701843 1
1 1082763701884 1
1 1082763701885 4
1 1082763701886 1
1 1082763701888 1
1 1082763701889 4
1 1082763701890 1
1 1082763701892 1
1 1082763701893 4
1 1082763701894 1
1 1082763701896 1
1 1082763701897 4
1 1082763701898 1
1 1082763701900 1
1 1082763701901 4
1 1082763701902 1
1 1082763701904 1
1 1082763701905 4
1 1082763701906 1
1 1082763701948 4
1 1082763701949 1
1 1082763701952 4
1 1082763701953 1
1 1082763701956 4
1 1082763701957 1
1 1082763701960 4
1 1082763701961 1
1 1082763701964 4
1 1082763701965 1
1 1082763701968 4
1 1082763701969 1
1 1082763702044 1
1 1082763702045 4
1 1082763702046 1
1 1082763702048 1
1 1082763702049 4
1 1082763702050 1
1 1082763702052 1
1 1082763702053 4
1 1082763702054 1
1 1082763702056 1
1 1082763702057 4
1 1082763702058 1
1 1082763702060 1
1 1082763702061 4
1 1082763702062 1
1 1082763702064 1
1 1082763702065 4
1 1082763702066 1
1 1082763702108 4
1 1082763702109 1
1 1082763702112 4
1 1082763702113 1
1 1082763702116 4
1 1082763702117 1
1 1082763702120 4
1 1082763702121 1
1 1082763702124 4
1 1082763702125 1
1 1082763702128 4
1 1082763702129 1
1 1082763702158 1
1 1082763702159 1
1 1082763702162 1
1 1082763702163 1
1 1082763702166 1
1 1082763702167 1
1 1082763702170 1
1 1082763702171 1
1 1082763702174 1
1 1082763702175 1
1 1082763702178 1
1 1082763702179 1
1 1082763702221 1
1 1082763702222 4
1 1082763702223 1
1 1082763702225 1
1 1082763702226 4
1 1082763702227 1
1 1082763702229 1
1 1082763702230 4
1 1082763702231 1
1 1082763702233 1
1 1082763702234 4
1 1082763702235 1
1 1082763702237 1
1 1082763702238 4
1 1082763702239 1
1 1082763702241 1
1 1082763702242 4
1 1082763702243 1
1 1082763702284 1
1 1082763702285 4
1 1082763702286 1
1 1082763702288 1
1 1082763702289 4
1 1082763702290 1
1 1082763702292 1
1 1082763702293 4
1 1082763702294 1
1 1082763702296 1
1 1082763702297 4
1 1082763702298 1
1 1082763702300 1
1 1082763702301 4
1 1082763702302 1
1 1082763702304 1
1 1082763702305 4
1 1082763702306 1
1 1082763702348 4
1 1082763702349 1
1 1082763702352 4
1 1082763702353 1
1 1082763702356 4
1 1082763702357 1
1 1082763702360 4
1 1082763702361 1
1 1082763702364 4
1 1082763702365 1
1 1082763702368 4
1 1082763702369 1
1 1082763702444 1
1 1082763702445 4
1 1082763702446 1
1 1082763702448 1
1 1082763702449 4
1 1082763702450 1
1 1082763702452 1
1 1082763702453 4
1 1082763702454 1
1 1082763702456 1
1 1082763702457 4
1 1082763702458 1
1 1082763702460 1
1 1082763702461 4
1 1082763702462 1
1 1082763702464 1
1 1082763702465 4
1 1082763702466 1
1 1082763702508 4
1 1082763702509 1
1 1082763702512 4
1 1082763702513 1
1 1082763702516 4
1 1082763702517 1
1 1082763702520 4
1 1082763702521 1
1 1082763702524 4
1 1082763702525 1
1 1082763702528 4
1 1082763702529 1
1 1082763702558 1
1 1082763702559 1
1 1082763702562 1
1 1082763702563 1
1 1082763702566 1
1 1082763702567 1
1 1082763702570 1
1 1082763702571 1
1 1082763702574 1
1 1082763702575 1
1 1082763702578 1
1 1082763702579 1
1 1082763702621 1
1 1082763702622 4
1 1082763702623 1
1 1082763702625 1
1 1082763702626 4
1 1082763702627 1
1 1082763702629 1
1 1082763702630 4
1 1082763702631 1
1 1082763702633 1
1 1082763702634 4
1 1082763702635 1
1 1082763702637 1
1 1082763702638 4
1 1082763702639 1
1 1082763702641 1
1 1082763702642 4
1 1082763702643 1
1 1082763702684 1
1 1082763702685 4
1 1082763702686 1
1 1082763702688 1
1 1082763702689 4
1 1082763702690 1
1 1082763702692 1
1 1082763702693 4
1 1082763702694 1
1 1082763702696 1
1 1082763702697 4
1 1082763702698 1
1 1082763702700 1
1 1082763702701 4
1 1082763702702 1
1 1082763702704 1
1 1082763702705 4
1 1082763702706 1
1 1082763702748 4
1 1082763702749 1
1 1082763702752 4
1 1082763702753 1
1 1082763702756 4
1 1082763702757 1
1 1082763702760 4
1 1082763702761 1
1 1082763702764 4
1 1082763702765 1
1 1082763702768 4
1 1082763702769 1
1 1082763702844 1
1 1082763702845 4
1 1082763702846 1
1 1082763702848 1
1 1082763702849 4
1 1082763702850 1
1 1082763702852 1
1 1082763702853 4
1 1082763702854 1
1 1082763702856 1
1 1082763702857 4
1 1082763702858 1
1 1082763702860 1
1 1082763702861 4
1 1082763702862 1
1 1082763702864 1
1 1082763702865 4
1 1082763702866 1
1 1082763702908 4
1 1082763702909 1
1 1082763702912 4
1 1082763702913 1
1 1082763702916 4
1 1082763702917 1
1 1082763702920 4
1 1082763702921 1
1 1082763702924 4
1 1082763702925 1
1 1082763702928 4
1 1082763702929 1
1 1082763702958 1
1 1082763702959 1
1 1082763702962 1
1 1082763702963 1
1 1082763702966 1
1 1082763702967 1
1 1082763702970 1
1 1082763702971 1
1 1082763702974 1
1 1082763702975 1
1 1082763702978 1
1 1082763702979 1
1 1082763703021 1
1 1082763703022 4
1 1082763703023 1
1 1082763703025 1
1 1082763703026 4
1 1082763703027 1
1 1082763703029 1
1 1082763703030 4
1 1082763703031 1
1 1082763703033 1
1 1082763703034 4
1 1082763703035 1
1 1082763703037 1
1 1082763703038 4
1 1082763703039 1
1 1082763703041 1
1 1082763703042 4
1 1082763703043 1
1 1082763703084 1
1 1082763703085 4
1 1082763703086 1
1 1082763703088 1
1 1082763703089 4
1 1082763703090 1
1 1082763703092 1
1 1082763703093 4
1 1082763703094 1
1 1082763703096 1
1 1082763703097 4
1 1082763703098 1
1 1082763703100 1
1 1082763703101 4
1 1082763703102 1
1 1082763703104 1
1 1082763703105 4
1 1082763703106 1
1 1082763703148 4
1 1082763703149 1
1 1082763703152 4
1 1082763703153 1
1 1082763703156 4
1 1082763703157 1
1 1082763703160 4
1 1082763703161 1
1 1082763703164 4
1 1082763703165 1
1 1082763703168 4
1 1082763703169 1
1 1082763703244 1
1 1082763703245 4
1 1082763703246 1
1 1082763703248 1
1 1082763703249 4
1 1082763703250 1
1 1082763703252 1
1 1082763703253 4
1 1082763703254 1
1 1082763703256 1
1 1082763703257 4
1 1082763703258 1
1 1082763703260 1
1 1082763703261 4
1 1082763703262 1
1 1082763703264 1
1 1082763703265 4
1 1082763703266 1
1 1082763703308 4
1 1082763703309 1
1 1082763703312 4
1 1082763703313 1
1 1082763703316 4
1 1082763703317 1
1 1082763703320 4
1 1082763703321 1
1 1082763703324 4
1 1082763703325 1
1 1082763703328 4
1 1082763703329 1
1 1082763703358 1
1 1082763703359 1
1 1082763703362 1
1 1082763703363 1
1 1082763703366 1
1 1082763703367 1
1 1082763703370 1
1 1082763703371 1
1 1082763703374 1
1 1082763703375 1
1 1082763703378 1
1 1082763703379 1
1 1082763703421 1
1 1082763703422 4
1 1082763703423 1
1 1082763703425 1
1 1082763703426 4
1 1082763703427 1
1 1082763703429 1
1 1082763703430 4
1 1082763703431 1
1 1082763703433 1
1 1082763703434 4
1 1082763703435 1
1 1082763703437 1
1 1082763703438 4
1 1082763703439 1
1 1082763703441 1
1 1082763703442 4
1 1082763703443 1
1 1082763703484 1
1 1082763703485 4
1 1082763703486 1
1 1082763703488 1
1 1082763703489 4
1 1082763703490 1
1 1082763703492 1
1 1082763703493 4
1 1082763703494 1
1 1082763703496 1
1 1082763703497 4
1 1082763703498 1
1 1082763703500 1
1 1082763703501 4
1 1082763703502 1
1 1082763703504 1
1 1082763703505 4
1 1082763703506 1
1 1082763703548 4
1 1082763703549 1
1 1082763703552 4
1 1082763703553 1
1 1082763703556 4
1 1082763703557 1
1 1082763703560 4
1 1082763703561 1
1 1082763703564 4
1 1082763703565 1
1 1082763703568 4
1 1082763703569 1
1 1082763703644 1
1 1082763703645 4
1 1082763703646 1
1 1082763703648 1
1 1082763703649 4
1 1082763703650 1
1 1082763703652 1
1 1082763703653 4
1 1082763703654 1
1 1082763703656 1
1 1082763703657 4
1 1082763703658 1
1 1082763703660 1
1 1082763703661 4
1 1082763703662 1
1 1082763703664 1
1 1082763703665 4
1 1082763703666 1
1 1082763703708 4
1 1082763703709 1
1 1082763703712 4
1 1082763703713 1
1 1082763703716 4
1 1082763703717 1
1 1082763703720 4
1 1082763703721 1
1 1082763703724 4
1 1082763703725 1
1 1082763703728 4
1 1082763703729 1
1 1082763703758 1
1 1082763703759 1
1 1082763703762 1
1 1082763703763 1
1 1082763703766 1
1 1082763703767 1
1 1082763703770 1
1 1082763703771 1
1 1082763703774 1
1 1082763703775 1
1 1082763703778 1
1 1082763703779 1
1 1082763703821 1
1 1082763703822 4
1 1082763703823 1
1 1082763703825 1
1 1082763703826 4
1 1082763703827 1
1 1082763703829 1
1 1082763703830 4
1 1082763703831 1
1 1082763703833 1
1 1082763703834 4
1 1082763703835 1
1 1082763703837 1
1 1082763703838 4
1 1082763703839 1
1 1082763703841 1
1 1082763703842 4
1 1082763703843 1
1 1082763703884 1
1 1082763703885 4
1 1082763703886 1
1 1082763703888 1
1 1082763703889 4
1 1082763703890 1
1 1082763703892 1
1 1082763703893 4
1 1082763703894 1
1 1082763703896 1
1 1082763703897 4
1 1082763703898 1
1 1082763703900 1
1 1082763703901 4
1 1082763703902 1
1 1082763703904 1
1 1082763703905 4
1 1082763703906 1
1 1082763703948 4
1 1082763703949 1
1 1082763703952 4
1 1082763703953 1
1 1082763703956 4
1 1082763703957 1
1 1082763703960 4
1 1082763703961 1
1 1082763703964 4
1 1082763703965 1
1 1082763703968 4
1 1082763703969 1
1 1082763704044 1
1 1082763704045 4
1 1082763704046 1
1 1082763704048 1
1 1082763704049 4
1 1082763704050 1
1 1082763704052 1
1 1082763704053 4
1 1082763704054 1
1 1082763704056 1
1 1082763704057 4
1 1082763704058 1
1 1082763704060 1
1 1082763704061 4
1 1082763704062 1
1 1082763704064 1
1 1082763704065 4
1 1082763704066 1
1 1082763704108 4
1 1082763704109 1
1 1082763704112 4
1 1082763704113 1
1 1082763704116 4
1 1082763704117 1
1 1082763704120 4
1 1082763704121 1
1 1082763704124 4
1 1082763704125 1
1 1082763704128 4
1 1082763704129 1
1 1082763704158 1
1 1082763704159 1
1 1082763704162 1
1 1082763704163 1
1 1082763704166 1
1 1082763704167 1
1 1082763704170 1
1 1082763704171 1
1 1082763704174 1
1 1082763704175 1
1 1082763704178 1
1 1082763704179 1
1 1082763704221 1
1 1082763704222 4
1 1082763704223 1
1 1082763704225 1
1 1082763704226 4
1 1082763704227 1
1 1082763704229 1
1 1082763704230 4
1 1082763704231 1
1 1082763704233 1
1 1082763704234 4
1 1082763704235 1
1 1082763704237 1
1 1082763704238 4
1 1082763704239 1
1 1082763704241 1
1 1082763704242 4
1 1082763704243 1
1 1082763704284 1
1 1082763704285 4
1 1082763704286 1
1 1082763704288 1
1 1082763704289 4
1 1082763704290 1
1 1082763704292 1
1 1082763704293 4
1 1082763704294 1
1 1082763704296 1
1 1082763704297 4
1 1082763704298 1
1 1082763704300 1
1 1082763704301 4
1 1082763704302 1
1 1082763704304 1
1 1082763704305 4
1 1082763704306 1
1 1082763704348 4
1 1082763704349 1
1 1082763704352 4
1 1082763704353 1
1 1082763704356 4
1 1082763704357 1
1 1082763704360 4
1 1082763704361 1
1 1082763704364 4
1 1082763704365 1
1 1082763704368 4
1 1082763704369 1
1 1082763704444 1
1 1082763704445 4
1 1082763704446 1
1 1082763704448 1
1 1082763704449 4
1 1082763704450 1
1 1082763704452 1
1 1082763704453 4
1 1082763704454 1
1 1082763704456 1
1 1082763704457 4
1 1082763704458 1
1 1082763704460 1
1 1082763704461 4
1 1082763704462 1
1 1082763704464 1
1 1082763704465 4
1 1082763704466 1
1 1082763704508 4
1 1082763704509 1
1 1082763704512 4
1 1082763704513 1
1 1082763704516 4
1 1082763704517 1
1 1082763704520 4
1 1082763704521 1
1 1082763704524 4
1 1082763704525 1
1 1082763704528 4
1 1082763704529 1
1 1082763704558 1
1 1082763704559 1
1 1082763704562 1
1 1082763704563 1
1 1082763704566 1
1 1082763704567 1
1 1082763704570 1
1 1082763704571 1
1 1082763704574 1
1 1082763704575 1
1 1082763704578 1
1 1082763704579 1
1 1082763704621 1
1 1082763704622 4
1 1082763704623 1
1 1082763704625 1
1 1082763704626 4
1 1082763704627 1
1 1082763704629 1
1 1082763704630 4
1 1082763704631 1
1 1082763704633 1
1 1082763704634 4
1 1082763704635 1
1 1082763704637 1
1 1082763704638 4
1 1082763704639 1
1 1082763704641 1
1 1082763704642 4
1 1082763704643 1
1 1082763704684 1
1 1082763704685 4
1 1082763704686 1
1 1082763704688 1
1 1082763704689 4
1 1082763704690 1
1 1082763704692 1
1 1082763704693 4
1 1082763704694 1
1 1082763704696 1
1 1082763704697 4
1 1082763704698 1
1 1082763704700 1
1 1082763704701 4
1 1082763704702 1
1 1082763704704 1
1 1082763704705 4
1 1082763704706 1
1 1082763704748 4
1 1082763704749 1
1 1082763704752 4
1 1082763704753 1
1 1082763704756 4
1 1082763704757 1
1 1082763704760 4
1 1082763704761 1
1 1082763704764 4
1 1082763704765 1
1 1082763704768 4
1 1082763704769 1
1 1082763704844 1
1 1082763704845 4
1 1082763704846 1
1 1082763704848 1
1 1082763704849 4
1 1082763704850 1
1 1082763704852 1
1 1082763704853 4
1 1082763704854 1
1 1082763704856 1
1 1082763704857 4
1 1082763704858 1
1 1082763704860 1
1 1082763704861 4
1 1082763704862 1
1 1082763704864 1
1 1082763704865 4
1 1082763704866 1
1 1082763704908 4
1 1082763704909 1
1 1082763704912 4
1 1082763704913 1
1 1082763704916 4
1 1082763704917 1
1 1082763704920 4
1 1082763704921 1
1 1082763704924 4
1 1082763704925 1
1 1082763704928 4
1 1082763704929 1
1 1082763704958 1
1 1082763704959 1
1 1082763704962 1
1 1082763704963 1
1 1082763704966 1
1 1082763704967 1
1 1082763704970 1
1 1082763704971 1
1 1082763704974 1
1 1082763704975 1
1 1082763704978 1
1 1082763704979 1
1 1082763705021 1
1 1082763705022 4
1 1082763705023 1
1 1082763705025 1
1 1082763705026 4
1 1082763705027 1
1 1082763705029 1
1 1082763705030 4
1 1082763705031 1
1 1082763705033 1
1 1082763705034 4
1 1082763705035 1
1 1082763705037 1
1 1082763705038 4
1 1082763705039 1
1 1082763705041 1
1 1082763705042 4
1 1082763705043 1
1 1082763705084 1
1 1082763705085 4
1 1082763705086 1
1 1082763705088 1
1 1082763705089 4
1 1082763705090 1
1 1082763705092 1
1 1082763705093 4
1 1082763705094 1
1 1082763705096 1
1 1082763705097 4
1 1082763705098 1
1 1082763705100 1
1 1082763705101 4
1 1082763705102 1
1 1082763705104 1
1 1082763705105 4
1 1082763705106 1
1 1082763705148 4
1 1082763705149 1
1 1082763705152 4
1 1082763705153 1
1 1082763705156 4
1 1082763705157 1
1 1082763705160 4
1 1082763705161 1
1 1082763705164 4
1 1082763705165 1
1 1082763705168 4
1 1082763705169 1
1 1082763705244 1
1 1082763705245 4
1 1082763705246 1
1 1082763705248 1
1 1082763705249 4
1 1082763705250 1
1 1082763705252 1
1 1082763705253 4
1 1082763705254 1
1 1082763705256 1
1 1082763705257 4
1 1082763705258 1
1 1082763705260 1
1 1082763705261 4
1 1082763705262 1
1 1082763705264 1
1 1082763705265 4
1 1082763705266 1
1 1082763705308 4
1 1082763705309 1
1 1082763705312 4
1 1082763705313 1
1 1082763705316 4
1 1082763705317 1
1 1082763705320 4
1 1082763705321 1
1 1082763705324 4
1 1082763705325 1
1 1082763705328 4
1 1082763705329 1
1 1082763705358 1
1 1082763705359 1
1 1082763705362 1
1 1082763705363 1
1 1082763705366 1
1 1082763705367 1
1 1082763705370 1
1 1082763705371 1
1 1082763705374 1
1 1082763705375 1
1 1082763705378 1
1 1082763705379 1
1 1082763705421 1
1 1082763705422 4
1 1082763705423 1
1 1082763705425 1
1 1082763705426 4
1 1082763705427 1
1 1082763705429 1
1 1082763705430 4
1 1082763705431 1
1 1082763705433 1
1 1082763705434 4
1 1082763705435 1
1 1082763705437 1
1 1082763705438 4
1 1082763705439 1
1 1082763705441 1
1 1082763705442 4
1 1082763705443 1
1 1082763705484 1
1 1082763705485 4
1 1082763705486 1
1 1082763705488 1
1 1082763705489 4
1 1082763705490 1
1 1082763705492 1
1 1082763705493 4
1 1082763705494 1
1 1082763705496 1
1 1082763705497 4
1 1082763705498 1
1 1082763705500 1
1 1082763705501 4
1 1082763705502 1
1 1082763705504 1
1 1082763705505 4
1 1082763705506 1
1 1082763705548 4
1 1082763705549 1
1 1082763705552 4
1 1082763705553 1
1 1082763705556 4
1 1082763705557 1
1 1082763705560 4
1 1082763705561 1
1 1082763705564 4
1 1082763705565 1
1 1082763705568 4
1 1082763705569 1
1 1082763705644 1
1 1082763705645 4
1 1082763705646 1
1 1082763705648 1
1 1082763705649 4
1 1082763705650 1
1 1082763705652 1
1 1082763705653 4
1 1082763705654 1
1 1082763705656 1
1 1082763705657 4
1 1082763705658 1
1 1082763705660 1
1 1082763705661 4
1 1082763705662 1
1 1082763705664 1
1 1082763705665 4
1 1082763705666 1
1 1082763705708 4
1 1082763705709 1
1 1082763705712 4
1 1082763705713 1
1 1082763705716 4
1 1082763705717 1
1 1082763705720 4
1 1082763705721 1
1 1082763705724 4
1 1082763705725 1
1 1082763705728 4
1 1082763705729 1
1 1082763705758 1
1 1082763705759 1
1 1082763705762 1
1 1082763705763 1
1 1082763705766 1
1 1082763705767 1
1 1082763705770 1
1 1082763705771 1
1 1082763705774 1
1 1082763705775 1
1 1082763705778 1
1 1082763705779 1
1 1082763705821 1
1 1082763705822 4
1 1082763705823 1
1 1082763705825 1
1 1082763705826 4
1 1082763705827 1
1 1082763705829 1
1 1082763705830 4
1 1082763705831 1
1 1082763705833 1
1 1082763705834 4
1 1082763705835 1
1 1082763705837 1
1 1082763705838 4
1 1082763705839 1
1 1082763705841 1
1 1082763705842 4
1 1082763705843 1
1 1082763705884 1
1 1082763705885 4
1 1082763705886 1
1 1082763705888 1
1 1082763705889 4
1 1082763705890 1
1 1082763705892 1
1 1082763705893 4
1 1082763705894 1
1 1082763705896 1
1 1082763705897 4
1 1082763705898 1
1 1082763705900 1
1 1082763705901 4
1 1082763705902 1
1 1082763705904 1
1 1082763705905 4
1 1082763705906 1
1 1082763705948 4
1 1082763705949 1
1 1082763705952 4
1 1082763705953 1
1 1082763705956 4
1 1082763705957 1
1 1082763705960 4
1 1082763705961 1
1 1082763705964 4
1 1082763705965 1
1 1082763705968 4
1 1082763705969 1
1 1082763706044 1
1 1082763706045 4
1 1082763706046 1
1 1082763706048 1
1 1082763706049 4
1 1082763706050 1
1 1082763706052 1
1 1082763706053 4
1 1082763706054 1
1 1082763706056 1
1 1082763706057 4
1 1082763706058 1
1 1082763706060 1
1 1082763706061 4
1 1082763706062 1
1 1082763706064 1
1 1082763706065 4
1 1082763706066 1
1 1082763706108 4
1 1082763706109 1
1 1082763706112 4
1 1082763706113 1
1 1082763706116 4
1 1082763706117 1
1 1082763706120 4
1 1082763706121 1
1 1082763706124 4
1 1082763706125 1
1 1082763706128 4
1 1082763706129 1
1 1082763706158 1
1 1082763706159 1
1 1082763706162 1
1 1082763706163 1
1 1082763706166 1
1 1082763706167 1
1 1082763706170 1
1 1082763706171 1
1 1082763706174 1
1 1082763706175 1
1 1082763706178 1
1 1082763706179 1
1 1082763706221 1
1 1082763706222 4
1 1082763706223 1
1 1082763706225 1
1 1082763706226 4
1 1082763706227 1
1 1082763706229 1
1 1082763706230 4
1 1082763706231 1
1 1082763706233 1
1 1082763706234 4
1 1082763706235 1
1 1082763706237 1
1 1082763706238 4
1 1082763706239 1
1 1082763706241 1
1 1082763706242 4
1 1082763706243 1
1 1082763706284 1
1 1082763706285 4
1 1082763706286 1
1 1082763706288 1
1 1082763706289 4
1 1082763706290 1
1 1082763706292 1
1 1082763706293 4
1 1082763706294 1
1 1082763706296 1
1 1082763706297 4
1 1082763706298 1
1 1082763706300 1
1 1082763706301 4
1 1082763706302 1
1 1082763706304 1
1 1082763706305 4
1 1082763706306 1
1 1082763706348 4
1 1082763706349 1
1 1082763706352 4
1 1082763706353 1
1 1082763706356 4
1 1082763706357 1
1 1082763706360 4
1 1082763706361 1
1 1082763706364 4
1 1082763706365 1
1 1082763706368 4
1 1082763706369 1
1 1082763706444 1
1 1082763706445 4
1 1082763706446 1
1 1082763706448 1
1 1082763706449 4
1 1082763706450 1
1 1082763706452 1
1 1082763706453 4
1 1082763706454 1
1 1082763706456 1
1 1082763706457 4
1 1082763706458 1
1 1082763706460 1
1 1082763706461 4
1 1082763706462 1
1 1082763706464 1
1 1082763706465 4
1 1082763706466 1
1 1082763706508 4
1 1082763706509 1
1 1082763706512 4
1 1082763706513 1
1 1082763706516 4
1 1082763706517 1
1 1082763706520 4
1 1082763706521 1
1 1082763706524 4
1 1082763706525 1
1 1082763706528 4
1 1082763706529 1
1 1082763706558 1
1 1082763706559 1
1 1082763706562 1
1 1082763706563 1
1 1082763706566 1
1 1082763706567 1
1 1082763706570 1
1 1082763706571 1
1 1082763706574 1
1 1082763706575 1
1 1082763706578 1
1 1082763706579 1
1 1082763706621 1
1 1082763706622 4
1 1082763706623 1
1 1082763706625 1
1 1082763706626 4
1 1082763706627 1
1 1082763706629 1
1 1082763706630 4
1 1082763706631 1
1 1082763706633 1
1 1082763706634 4
1 1082763706635 1
1 1082763706637 1
1 1082763706638 4
1 1082763706639 1
1 1082763706641 1
1 1082763706642 4
1 1082763706643 1
1 1082763706684 1
1 1082763706685 4
1 1082763706686 1
1 1082763706688 1
1 1082763706689 4
1 1082763706690 1
1 1082763706692 1
1 1082763706693 4
1 1082763706694 1
1 1082763706696 1
1 1082763706697 4
1 1082763706698 1
1 1082763706700 1
1 1082763706701 4
1 1082763706702 1
1 1082763706704 1
1 1082763706705 4
1 1082763706706 1
1 1082763706748 4
1 1082763706749 1
1 1082763706752 4
1 1082763706753 1
1 1082763706756 4
1 1082763706757 1
1 1082763706760 4
1 1082763706761 1
1 1082763706764 4
1 1082763706765 1
1 1082763706768 4
1 1082763706769 1
1 1082763706844 1
1 1082763706845 4
1 1082763706846 1
1 1082763706848 1
1 1082763706849 4
1 1082763706850 1
1 1082763706852 1
1 1082763706853 4
1 1082763706854 1
1 1082763706856 1
1 1082763706857 4
1 1082763706858 1
1 1082763706860 1
1 1082763706861 4
1 1082763706862 1
1 1082763706864 1
1 1082763706865 4
1 1082763706866 1
1 1082763706908 4
1 1082763706909 1
1 1082763706912 4
1 1082763706913 1
1 1082763706916 4
1 1082763706917 1
1 1082763706920 4
1 1082763706921 1
1 1082763706924 4
1 1082763706925 1
1 1082763706928 4
1 1082763706929 1
1 1082763706958 1
1 1082763706959 1
1 1082763706962 1
1 1082763706963 1
1 1082763706966 1
1 1082763706967 1
1 1082763706970 1
1 1082763706971 1
1 1082763706974 1
1 1082763706975 1
1 1082763706978 1
1 1082763706979 1
1 1082763707021 1
1 1082763707022 4
1 1082763707023 1
1 1082763707025 1
1 1082763707026 4
1 1082763707027 1
1 1082763707029 1
1 1082763707030 4
1 1082763707031 1
1 1082763707033 1
1 1082763707034 4
1 1082763707035 1
1 1082763707037 1
1 1082763707038 4
1 1082763707039 1
1 1082763707041 1
1 1082763707042 4
1 1082763707043 1
1 1082763707084 1
1 1082763707085 4
1 1082763707086 1
1 1082763707088 1
1 1082763707089 4
1 1082763707090 1
1 1082763707092 1
1 1082763707093 4
1 1082763707094 1
1 1082763707096 1
1 1082763707097 4
1 1082763707098 1
1 1082763707100 1
1 1082763707101 4
1 1082763707102 1
1 1082763707104 1
1 1082763707105 4
1 1082763707106 1
1 1082763707148 4
1 1082763707149 1
1 1082763707152 4
1 1082763707153 1
1 1082763707156 4
1 1082763707157 1
1 1082763707160 4
1 1082763707161 1
1 1082763707164 4
1 1082763707165 1
1 1082763707168 4
1 1082763707169 1
1 1082763707244 1
1 1082763707245 4
1 1082763707246 1
1 1082763707248 1
1 1082763707249 4
1 1082763707250 1
1 1082763707252 1
1 1082763707253 4
1 1082763707254 1
1 1082763707256 1
1 1082763707257 4
1 1082763707258 1
1 1082763707260 1
1 1082763707261 4
1 1082763707262 1
1 1082763707264 1
1 1082763707265 4
1 1082763707266 1
1 1082763707308 4
1 1082763707309 1
1 1082763707312 4
1 1082763707313 1
1 1082763707316 4
1 1082763707317 1
1 1082763707320 4
1 1082763707321 1
1 1082763707324 4
1 1082763707325 1
1 1082763707328 4
1 1082763707329 1
1 1082763707358 1
1 1082763707359 1
1 1082763707362 1
1 1082763707363 1
1 1082763707366 1
1 1082763707367 1
1 1082763707370 1
1 1082763707371 1
1 1082763707374 1
1 1082763707375 1
1 1082763707378 1
1 1082763707379 1
1 1082763707421 1
1 1082763707422 4
1 1082763707423 1
1 1082763707425 1
1 1082763707426 4
1 1082763707427 1
1 1082763707429 1
1 1082763707430 4
1 1082763707431 1
1 1082763707433 1
1 1082763707434 4
1 1082763707435 1
1 1082763707437 1
1 1082763707438 4
1 1082763707439 1
1 1082763707441 1
1 1082763707442 4
1 1082763707443 1
1 1082763707484 1
1 1082763707485 4
1 1082763707486 1
1 1082763707488 1
1 1082763707489 4
1 1082763707490 1
1 1082763707492 1
1 1082763707493 4
1 1082763707494 1
1 1082763707496 1
1 1082763707497 4
1 1082763707498 1
1 1082763707500 1
1 1082763707501 4
1 1082763707502 1
1 1082763707504 1
1 1082763707505 4
1 1082763707506 1
1 1082763707548 4
1 1082763707549 1
1 1082763707552 4
1 1082763707553 1
1 1082763707556 4
1 1082763707557 1
1 1082763707560 4
1 1082763707561 1
1 1082763707564 4
1 1082763707565 1
1 1082763707568 4
1 1082763707569 1
1 1082763707644 1
1 1082763707645 4
1 1082763707646 1
1 1082763707648 1
1 1082763707649 4
1 1082763707650 1
1 1082763707652 1
1 1082763707653 4
1 1082763707654 1
1 1082763707656 1
1 1082763707657 4
1 1082763707658 1
1 1082763707660 1
1 1082763707661 4
1 1082763707662 1
1 1082763707664 1
1 1082763707665 4
1 1082763707666 1
1 1082763707708 4
1 1082763707709 1
1 1082763707712 4
1 1082763707713 1
1 1082763707716 4
1 1082763707717 1
1 1082763707720 4
1 1082763707721 1
1 1082763707724 4
1 1082763707725 1
1 1082763707728 4
1 1082763707729 1
1 1082763707758 1
1 1082763707759 1
1 1082763707762 1
1 1082763707763 1
1 1082763707766 1
1 1082763707767 1
1 1082763707770 1
1 1082763707771 1
1 1082763707774 1
1 1082763707775 1
1 1082763707778 1
1 1082763707779 1
1 1082763707821 1
1 1082763707822 4
1 1082763707823 1
1 1082763707825 1
1 1082763707826 4
1 1082763707827 1
1 1082763707829 1
1 1082763707830 4
1 1082763707831 1
1 1082763707833 1
1 1082763707834 4
1 1082763707835 1
1 1082763707837 1
1 1082763707838 4
1 1082763707839 1
1 1082763707841 1
1 1082763707842 4
1 1082763707843 1
1 1082763707884 1
1 1082763707885 4
1 1082763707886 1
1 1082763707888 1
1 1082763707889 4
1 1082763707890 1
1 1082763707892 1
1 1082763707893 4
1 1082763707894 1
1 1082763707896 1
1 1082763707897 4
1 1082763707898 1
1 1082763707900 1
1 1082763707901 4
1 1082763707902 1
1 1082763707904 1
1 1082763707905 4
1 1082763707906 1
1 1082763707948 4
1 1082763707949 1
1 1082763707952 4
1 1082763707953 1
1 1082763707956 4
1 1082763707957 1
1 1082763707960 4
1 1082763707961 1
1 1082763707964 4
1 1082763707965 1
1 1082763707968 4
1 1082763707969 1
1 1082763708044 1
1 1082763708045 4
1 1082763708046 1
1 1082763708048 1
1 1082763708049 4
1 1082763708050 1
1 1082763708052 1
1 1082763708053 4
1 1082763708054 1
1 1082763708056 1
1 1082763708057 4
1 1082763708058 1
1 1082763708060 1
1 1082763708061 4
1 1082763708062 1
1 1082763708064 1
1 1082763708065 4
1 1082763708066 1
1 1082763708108 4
1 1082763708109 1
1 1082763708112 4
1 1082763708113 1
1 1082763708116 4
1 1082763708117 1
1 1082763708120 4
1 1082763708121 1
1 1082763708124 4
1 1082763708125 1
1 1082763708128 4
1 1082763708129 1
1 1082763708158 1
1 1082763708159 1
1 1082763708162 1
1 1082763708163 1
1 1082763708166 1
1 1082763708167 1
1 1082763708170 1
1 1082763708171 1
1 1082763708174 1
1 1082763708175 1
1 1082763708178 1
1 1082763708179 1
1 1082763708221 1
1 1082763708222 4
1 1082763708223 1
1 1082763708225 1
1 1082763708226 4
1 1082763708227 1
1 1082763708229 1
1 1082763708230 4
1 1082763708231 1
1 1082763708233 1
1 1082763708234 4
1 1082763708235 1
1 1082763708237 1
1 1082763708238 4
1 1082763708239 1
1 1082763708241 1
1 1082763708242 4
1 1082763708243 1
1 1082763708284 1
1 1082763708285 4
1 1082763708286 1
1 1082763708288 1
1 1082763708289 4
1 1082763708290 1
1 1082763708292 1
1 1082763708293 4
1 1082763708294 1
1 1082763708296 1
1 1082763708297 4
1 1082763708298 1
1 1082763708300 1
1 1082763708301 4
1 1082763708302 1
1 1082763708304 1
1 1082763708305 4
1 1082763708306 1
1 1082763708348 4
1 1082763708349 1
1 1082763708352 4
1 1082763708353 1
1 1082763708356 4
1 1082763708357 1
1 1082763708360 4
1 1082763708361 1
1 1082763708364 4
1 1082763708365 1
1 1082763708368 4
1 1082763708369 1
1 1082763708444 1
1 1082763708445 4
1 1082763708446 1
1 1082763708448 1
1 1082763708449 4
1 1082763708450 1
1 1082763708452 1
1 1082763708453 4
1 1082763708454 1
1 1082763708456 1
1 1082763708457 4
1 1082763708458 1
1 1082763708460 1
1 1082763708461 4
1 1082763708462 1
1 1082763708464 1
1 1082763708465 4
1 1082763708466 1
1 1082763708508 4
1 1082763708509 1
1 1082763708512 4
1 1082763708513 1
1 1082763708516 4
1 1082763708517 1
1 1082763708520 4
1 1082763708521 1
1 1082763708524 4
1 1082763708525 1
1 1082763708528 4
1 1082763708529 1
1 1082763708558 1
1 1082763708559 1
1 1082763708562 1
1 1082763708563 1
1 1082763708566 1
1 1082763708567 1
1 1082763708570 1
1 1082763708571 1
1 1082763708574 1
1 1082763708575 1
1 1082763708578 1
1 1082763708579 1
1 1082763708621 1
1 1082763708622 4
1 1082763708623 1
1 1082763708625 1
1 1082763708626 4
1 1082763708627 1
1 1082763708629 1
1 1082763708630 4
1 1082763708631 1
1 1082763708633 1
1 1082763708634 4
1 1082763708635 1
1 1082763708637 1
1 1082763708638 4
1 1082763708639 1
1 1082763708641 1
1 1082763708642 4
1 1082763708643 1
1 1082763708684 1
1 1082763708685 4
1 1082763708686 1
1 1082763708688 1
1 1082763708689 4
1 1082763708690 1
1 1082763708692 1
1 1082763708693 4
1 1082763708694 1
1 1082763708696 1
1 1082763708697 4
1 1082763708698 1
1 1082763708700 1
1 1082763708701 4
1 1082763708702 1
1 1082763708704 1
1 1082763708705 4
1 1082763708706 1
1 1082763708748 4
1 1082763708749 1
1 1082763708752 4
1 1082763708753 1
1 1082763708756 4
1 1082763708757 1
1 1082763708760 4
1 1082763708761 1
1 1082763708764 4
1 1082763708765 1
1 1082763708768 4
1 1082763708769 1
1 1082763708844 1
1 1082763708845 4
1 1082763708846 1
1 1082763708848 1
1 1082763708849 4
1 1082763708850 1
1 1082763708852 1
1 1082763708853 4
1 1082763708854 1
1 1082763708856 1
1 1082763708857 4
1 1082763708858 1
1 1082763708860 1
1 1082763708861 4
1 1082763708862 1
1 1082763708864 1
1 1082763708865 4
1 1082763708866 1
1 1082763708908 4
1 1082763708909 1
1 1082763708912 4
1 1082763708913 1
1 1082763708916 4
1 1082763708917 1
1 1082763708920 4
1 1082763708921 1
1 1082763708924 4
1 1082763708925 1
1 1082763708928 4
1 1082763708929 1
1 1082763708958 1
1 1082763708959 1
1 1082763708962 1
1 1082763708963 1
1 1082763708966 1
1 1082763708967 1
1 1082763708970 1
1 1082763708971 1
1 1082763708974 1
1 1082763708975 1
1 1082763708978 1
1 1082763708979 1
1 1082763709021 1
1 1082763709022 4
1 1082763709023 1
1 1082763709025 1
1 1082763709026 4
1 1082763709027 1
1 1082763709029 1
1 1082763709030 4
1 1082763709031 1
1 1082763709033 1
1 1082763709034 4
1 1082763709035 1
1 1082763709037 1
1 1082763709038 4
1 1082763709039 1
1 1082763709041 1
1 1082763709042 4
1 1082763709043 1
1 1082763709084 1
1 1082763709085 4
1 1082763709086 1
1 1082763709088 1
1 1082763709089 4
1 1082763709090 1
1 1082763709092 1
1 1082763709093 4
1 1082763709094 1
1 1082763709096 1
1 1082763709097 4
1 1082763709098 1
1 1082763709100 1
1 1082763709101 4
1 1082763709102 1
1 1082763709104 1
1 1082763709105 4
1 1082763709106 1
1 1082763709148 4
1 1082763709149 1
1 1082763709152 4
1 1082763709153 1
1 1082763709156 4
1 1082763709157 1
1 1082763709160 4
1 1082763709161 1
1 1082763709164 4
1 1082763709165 1
1 1082763709168 4
1 1082763709169 1
1 1082763709244 1
1 1082763709245 4
1 1082763709246 1
1 1082763709248 1
1 1082763709249 4
1 1082763709250 1
1 1082763709252 1
1 1082763709253 4
1 1082763709254 1
1 1082763709256 1
1 1082763709257 4
1 1082763709258 1
1 1082763709260 1
1 1082763709261 4
1 1082763709262 1
1 1082763709264 1
1 1082763709265 4
1 1082763709266 1
1 1082763709308 4
1 1082763709309 1
1 1082763709312 4
1 1082763709313 1
1 1082763709316 4
1 1082763709317 1
1 1082763709320 4
1 1082763709321 1
1 1082763709324 4
1 1082763709325 1
1 1082763709328 4
1 1082763709329 1
1 1082763709358 1
1 1082763709359 1
1 1082763709362 1
1 1082763709363 1
1 1082763709366 1
1 1082763709367 1
1 1082763709370 1
1 1082763709371 1
1 1082763709374 1
1 1082763709375 1
1 1082763709378 1
1 1082763709379 1
1 1082763709421 1
1 1082763709422 4
1 1082763709423 1
1 1082763709425 1
1 1082763709426 4
1 1082763709427 1
1 1082763709429 1
1 1082763709430 4
1 1082763709431 1
1 1082763709433 1
1 1082763709434 4
1 1082763709435 1
1 1082763709437 1
1 1082763709438 4
1 1082763709439 1
1 1082763709441 1
1 1082763709442 4
1 1082763709443 1
1 1082763709484 1
1 1082763709485 4
1 1082763709486 1
1 1082763709488 1
1 1082763709489 4
1 1082763709490 1
1 1082763709492 1
1 1082763709493 4
1 1082763709494 1
1 1082763709496 1
1 1082763709497 4
1 1082763709498 1
1 1082763709500 1
1 1082763709501 4
1 1082763709502 1
1 1082763709504 1
1 1082763709505 4
1 1082763709506 1
1 1082763709548 4
1 1082763709549 1
1 1082763709552 4
1 1082763709553 1
1 1082763709556 4
1 1082763709557 1
1 1082763709560 4
1 1082763709561 1
1 1082763709564 4
1 1082763709565 1
1 1082763709568 4
1 1082763709569 1
1 1082763709644 1
1 1082763709645 4
1 1082763709646 1
1 1082763709648 1
1 1082763709649 4
1 1082763709650 1
1 1082763709652 1
1 1082763709653 4
1 1082763709654 1
1 1082763709656 1
1 1082763709657 4
1 1082763709658 1
1 1082763709660 1
1 1082763709661 4
1 1082763709662 1
1 1082763709664 1
1 1082763709665 4
1 1082763709666 1
1 1082763709708 4
1 1082763709709 1
1 1082763709712 4
1 1082763709713 1
1 1082763709716 4
1 1082763709717 1
1 1082763709720 4
1 1082763709721 1
1 1082763709724 4
1 1082763709725 1
1 1082763709728 4
1 1082763709729 1
1 1082763709758 1
1 1082763709759 1
1 1082763709762 1
1 1082763709763 1
1 1082763709766 1
1 1082763709767 1
1 1082763709770 1
1 1082763709771 1
1 1082763709774 1
1 1082763709775 1
1 1082763709778 1
1 1082763709779 1
1 1082763709821 1
1 1082763709822 4
1 1082763709823 1
1 1082763709825 1
1 1082763709826 4
1 1082763709827 1
1 1082763709829 1
1 1082763709830 4
1 1082763709831 1
1 1082763709833 1
1 1082763709834 4
1 1082763709835 1
1 1082763709837 1
1 1082763709838 4
1 1082763709839 1
1 1082763709841 1
1 1082763709842 4
1 1082763709843 1
1 1082763709884 1
1 1082763709885 4
1 1082763709886 1
1 1082763709888 1
1 1082763709889 4
1 1082763709890 1
1 1082763709892 1
1 1082763709893 4
1 1082763709894 1
1 1082763709896 1
1 1082763709897 4
1 1082763709898 1
1 1082763709900 1
1 1082763709901 4
1 1082763709902 1
1 1082763709904 1
1 1082763709905 4
1 1082763709906 1
1 1082763709948 4
1 1082763709949 1
1 1082763709952 4
1 1082763709953 1
1 1082763709956 4
1 1082763709957 1
1 1082763709960 4
1 1082763709961 1
1 1082763709964 4
1 1082763709965 1
1 1082763709968 4
1 1082763709969 1
1 1082763710044 1
1 1082763710045 4
1 1082763710046 1
1 1082763710048 1
1 1082763710049 4
1 1082763710050 1
1 1082763710052 1
1 1082763710053 4
1 1082763710054 1
1 1082763710056 1
1 1082763710057 4
1 1082763710058 1
1 1082763710060 1
1 1082763710061 4
1 1082763710062 1
1 1082763710064 1
1 1082763710065 4
1 1082763710066 1
1 1082763710108 4
1 1082763710109 1
1 1082763710112 4
1 1082763710113 1
1 1082763710116 4
1 1082763710117 1
1 1082763710120 4
1 1082763710121 1
1 1082763710124 4
1 1082763710125 1
1 1082763710128 4
1 1082763710129 1
1 1082763710158 1
1 1082763710159 1
1 1082763710162 1
1 1082763710163 1
1 1082763710166 1
1 1082763710167 1
1 1082763710170 1
1 1082763710171 1
1 1082763710174 1
1 1082763710175 1
1 1082763710178 1
1 1082763710179 1
1 1082763710221 1
1 1082763710222 4
1 1082763710223 1
1 1082763710225 1
1 1082763710226 4
1 1082763710227 1
1 1082763710229 1
1 1082763710230 4
1 1082763710231 1
1 1082763710233 1
1 1082763710234 4
1 1082763710235 1
1 1082763710237 1
1 1082763710238 4
1 1082763710239 1
1 1082763710241 1
1 1082763710242 4
1 1082763710243 1
1 1082763710284 1
1 1082763710285 4
1 1082763710286 1
1 1082763710288 1
1 1082763710289 4
1 1082763710290 1
1 1082763710292 1
1 1082763710293 4
1 1082763710294 1
1 1082763710296 1
1 1082763710297 4
1 1082763710298 1
1 1082763710300 1
1 1082763710301 4
1 1082763710302 1
1 1082763710304 1
1 1082763710305 4
1 1082763710306 1
1 1082763710348 4
1 1082763710349 1
1 1082763710352 4
1 1082763710353 1
1 1082763710356 4
1 1082763710357 1
1 1082763710360 4
1 1082763710361 1
1 1082763710364 4
1 1082763710365 1
1 1082763710368 4
1 1082763710369 1
1 1082763710444 1
1 1082763710445 4
1 1082763710446 1
1 1082763710448 1
1 1082763710449 4
1 1082763710450 1
1 1082763710452 1
1 1082763710453 4
1 1082763710454 1
1 1082763710456 1
1 1082763710457 4
1 1082763710458 1
1 1082763710460 1
1 1082763710461 4
1 1082763710462 1
1 1082763710464 1
1 1082763710465 4
1 1082763710466 1
1 1082763710508 4
1 1082763710509 1
1 1082763710512 4
1 1082763710513 1
1 1082763710516 4
1 1082763710517 1
1 1082763710520 4
1 1082763710521 1
1 1082763710524 4
1 1082763710525 1
1 1082763710528 4
1 1082763710529 1
1 1082763710558 1
1 1082763710559 1
1 1082763710562 1
1 1082763710563 1
1 1082763710566 1
1 1082763710567 1
1 1082763710570 1
1 1082763710571 1
1 1082763710574 1
1 1082763710575 1
1 1082763710578 1
1 1082763710579 1
1 1082763710621 1
1 1082763710622 4
1 1082763710623 1
1 1082763710625 1
1 1082763710626 4
1 1082763710627 1
1 1082763710629 1
1 1082763710630 4
1 1082763710631 1
1 1082763710633 1
1 1082763710634 4
1 1082763710635 1
1 1082763710637 1
1 1082763710638 4
1 1082763710639 1
1 1082763710641 1
1 1082763710642 4
1 1082763710643 1
1 1082763710684 1
1 1082763710685 4
1 1082763710686 1
1 1082763710688 1
1 1082763710689 4
1 1082763710690 1
1 1082763710692 1
1 1082763710693 4
1 1082763710694 1
1 1082763710696 1
1 1082763710697 4
1 1082763710698 1
1 1082763710700 1
1 1082763710701 4
1 1082763710702 1
1 1082763710704 1
1 1082763710705 4
1 1082763710706 1
1 1082763710748 4
1 1082763710749 1
1 1082763710752 4
1 1082763710753 1
1 1082763710756 4
1 1082763710757 1
1 1082763710760 4
1 1082763710761 1
1 1082763710764 4
1 1082763710765 1
1 1082763710768 4
1 1082763710769 1
1 1082763710844 1
1 1082763710845 4
1 1082763710846 1
1 1082763710848 1
1 1082763710849 4
1 1082763710850 1
1 1082763710852 1
1 1082763710853 4
1 1082763710854 1
1 1082763710856 1
1 1082763710857 4
1 1082763710858 1
1 1082763710860 1
1 1082763710861 4
1 1082763710862 1
1 1082763710864 1
1 1082763710865 4
1 1082763710866 1
1 1082763710908 4
1 1082763710909 1
1 1082763710912 4
1 1082763710913 1
1 1082763710916 4
1 1082763710917 1
1 1082763710920 4
1 1082763710921 1
1 1082763710924 4
1 1082763710925 1
1 1082763710928 4
1 1082763710929 1
1 1082763710958 1
1 1082763710959 1
1 1082763710962 1
1 1082763710963 1
1 1082763710966 1
1 1082763710967 1
1 1082763710970 1
1 1082763710971 1
1 1082763710974 1
1 1082763710975 1
1 1082763710978 1
1 1082763710979 1
1 1082763711021 1
1 1082763711022 4
1 1082763711023 1
1 1082763711025 1
1 1082763711026 4
1 1082763711027 1
1 1082763711029 1
1 1082763711030 4
1 1082763711031 1
1 1082763711033 1
1 1082763711034 4
1 1082763711035 1
1 1082763711037 1
1 1082763711038 4
1 1082763711039 1
1 1082763711041 1
1 1082763711042 4
1 1082763711043 1
1 1082763711084 1
1 1082763711085 4
1 1082763711086 1
1 1082763711088 1
1 1082763711089 4
1 1082763711090 1
1 1082763711092 1
1 1082763711093 4
1 1082763711094 1
1 1082763711096 1
1 1082763711097 4
1 1082763711098 1
1 1082763711100 1
1 1082763711101 4
1 1082763711102 1
1 1082763711104 1
1 1082763711105 4
1 1082763711106 1
1 1082763711148 4
1 1082763711149 1
1 1082763711152 4
1 1082763711153 1
1 1082763711156 4
1 1082763711157 1
1 1082763711160 4
1 1082763711161 1
1 1082763711164 4
1 1082763711165 1
1 1082763711168 4
1 1082763711169 1
1 1082763711244 1
1 1082763711245 4
1 1082763711246 1
1 1082763711248 1
1 1082763711249 4
1 1082763711250 1
1 1082763711252 1
1 1082763711253 4
1 1082763711254 1
1 1082763711256 1
1 1082763711257 4
1 1082763711258 1
1 1082763711260 1
1 1082763711261 4
1 1082763711262 1
1 1082763711264 1
1 1082763711265 4
1 1082763711266 1
1 1082763711308 4
1 1082763711309 1
1 1082763711312 4
1 1082763711313 1
1 1082763711316 4
1 1082763711317 1
1 1082763711320 4
1 1082763711321 1
1 1082763711324 4
1 1082763711325 1
1 1082763711328 4
1 1082763711329 1
1 1082763711358 1
1 1082763711359 1
1 1082763711362 1
1 1082763711363 1
1 1082763711366 1
1 1082763711367 1
1 1082763711370 1
1 1082763711371 1
1 1082763711374 1
1 1082763711375 1
1 1082763711378 1
1 1082763711379 1
1 1082763711421 1
1 1082763711422 4
1 1082763711423 1
1 1082763711425 1
1 1082763711426 4
1 1082763711427 1
1 1082763711429 1
1 1082763711430 4
1 1082763711431 1
1 1082763711433 1
1 1082763711434 4
1 1082763711435 1
1 1082763711437 1
1 1082763711438 4
1 1082763711439 1
1 1082763711441 1
1 1082763711442 4
1 1082763711443 1
1 1082763711484 1
1 1082763711485 4
1 1082763711486 1
1 1082763711488 1
1 1082763711489 4
1 1082763711490 1
1 1082763711492 1
1 1082763711493 4
1 1082763711494 1
1 1082763711496 1
1 1082763711497 4
1 1082763711498 1
1 1082763711500 1
1 1082763711501 4
1 1082763711502 1
1 1082763711504 1
1 1082763711505 4
1 1082763711506 1
1 1082763711548 4
1 1082763711549 1
1 1082763711552 4
1 1082763711553 1
1 1082763711556 4
1 1082763711557 1
1 1082763711560 4
1 1082763711561 1
1 1082763711564 4
1 1082763711565 1
1 1082763711568 4
1 1082763711569 1
1 1082763711644 1
1 1082763711645 4
1 1082763711646 1
1 1082763711648 1
1 1082763711649 4
1 1082763711650 1
1 1082763711652 1
1 1082763711653 4
1 1082763711654 1
1 1082763711656 1
1 1082763711657 4
1 1082763711658 1
1 1082763711660 1
1 1082763711661 4
1 1082763711662 1
1 1082763711664 1
1 1082763711665 4
1 1082763711666 1
1 1082763711708 4
1 1082763711709 1
1 1082763711712 4
1 1082763711713 1
1 1082763711716 4
1 1082763711717 1
1 1082763711720 4
1 1082763711721 1
1 1082763711724 4
1 1082763711725 1
1 1082763711728 4
1 1082763711729 1
1 1082763711758 1
1 1082763711759 1
1 1082763711762 1
1 1082763711763 1
1 1082763711766 1
1 1082763711767 1
1 1082763711770 1
1 1082763711771 1
1 1082763711774 1
1 1082763711775 1
1 1082763711778 1
1 1082763711779 1
1 1082763711821 1
1 1082763711822 4
1 1082763711823 1
1 1082763711825 1
1 1082763711826 4
1 1082763711827 1
1 1082763711829 1
1 1082763711830 4
1 1082763711831 1
1 1082763711833 1
1 1082763711834 4
1 1082763711835 1
1 1082763711837 1
1 1082763711838 4
1 1082763711839 1
1 1082763711841 1
1 1082763711842 4
1 1082763711843 1
1 1082763711884 1
1 1082763711885 4
1 1082763711886 1
1 1082763711888 1
1 1082763711889 4
1 1082763711890 1
1 1082763711892 1
1 1082763711893 4
1 1082763711894 1
1 1082763711896 1
1 1082763711897 4
1 1082763711898 1
1 1082763711900 1
1 1082763711901 4
1 1082763711902 1
1 1082763711904 1
1 1082763711905 4
1 1082763711906 1
1 1082763711948 4
1 1082763711949 1
1 1082763711952 4
1 1082763711953 1
1 1082763711956 4
1 1082763711957 1
1 1082763711960 4
1 1082763711961 1
1 1082763711964 4
1 1082763711965 1
1 1082763711968 4
1 1082763711969 1
1 1082763712044 1
1 1082763712045 4
1 1082763712046 1
1 1082763712048 1
1 1082763712049 4
1 1082763712050 1
1 1082763712052 1
1 1082763712053 4
1 1082763712054 1
1 1082763712056 1
1 1082763712057 4
1 1082763712058 1
1 1082763712060 1
1 1082763712061 4
1 1082763712062 1
1 1082763712064 1
1 1082763712065 4
1 1082763712066 1
1 1082763712108 4
1 1082763712109 1
1 1082763712112 4
1 1082763712113 1
1 1082763712116 4
1 1082763712117 1
1 1082763712120 4
1 1082763712121 1
1 1082763712124 4
1 1082763712125 1
1 1082763712128 4
1 1082763712129 1
1 1082763712158 1
1 1082763712159 1
1 1082763712162 1
1 1082763712163 1
1 1082763712166 1
1 1082763712167 1
1 1082763712170 1
1 1082763712171 1
1 1082763712174 1
1 1082763712175 1
1 1082763712178 1
1 1082763712179 1
1 1082763712221 1
1 1082763712222 4
1 1082763712223 1
1 1082763712225 1
1 1082763712226 4
1 1082763712227 1
1 1082763712229 1
1 1082763712230 4
1 1082763712231 1
1 1082763712233 1
1 1082763712234 4
1 1082763712235 1
1 1082763712237 1
1 1082763712238 4
1 1082763712239 1
1 1082763712241 1
1 1082763712242 4
1 1082763712243 1
1 1082763712284 1
1 1082763712285 4
1 1082763712286 1
1 1082763712288 1
1 1082763712289 4
1 1082763712290 1
1 1082763712292 1
1 1082763712293 4
1 1082763712294 1
1 1082763712296 1
1 1082763712297 4
1 1082763712298 1
1 1082763712300 1
1 1082763712301 4
1 1082763712302 1
1 1082763712304 1
1 1082763712305 4
1 1082763712306 1
1 1082763712348 4
1 1082763712349 1
1 1082763712352 4
1 1082763712353 1
1 1082763712356 4
1 1082763712357 1
1 1082763712360 4
1 1082763712361 1
1 1082763712364 4
1 1082763712365 1
1 1082763712368 4
1 1082763712369 1
1 1082763712444 1
1 1082763712445 4
1 1082763712446 1
1 1082763712448 1
1 1082763712449 4
1 1082763712450 1
1 1082763712452 1
1 1082763712453 4
1 1082763712454 1
1 1082763712456 1
1 1082763712457 4
1 1082763712458 1
1 1082763712460 1
1 1082763712461 4
1 1082763712462 1
1 1082763712464 1
1 1082763712465 4
1 1082763712466 1
1 1082763712508 4
1 1082763712509 1
1 1082763712512 4
1 1082763712513 1
1 1082763712516 4
1 1082763712517 1
1 1082763712520 4
1 1082763712521 1
1 1082763712524 4
1 1082763712525 1
1 1082763712528 4
1 1082763712529 1
1 1082763712558 1
1 1082763712559 1
1 1082763712562 1
1 1082763712563 1
1 1082763712566 1
1 1082763712567 1
1 1082763712570 1
1 1082763712571 1
1 1082763712574 1
1 1082763712575 1
1 1082763712578 1
1 1082763712579 1
1 1082763712621 1
1 1082763712622 4
1 1082763712623 1
1 1082763712625 1
1 1082763712626 4
1 1082763712627 1
1 1082763712629 1
1 1082763712630 4
1 1082763712631 1
1 1082763712633 1
1 1082763712634 4
1 1082763712635 1
1 1082763712637 1
1 1082763712638 4
1 1082763712639 1
1 1082763712641 1
1 1082763712642 4
1 1082763712643 1
1 1082763712684 1
1 1082763712685 4
1 1082763712686 1
1 1082763712688 1
1 1082763712689 4
1 1082763712690 1
1 1082763712692 1
1 1082763712693 4
1 1082763712694 1
1 1082763712696 1
1 1082763712697 4
1 1082763712698 1
1 1082763712700 1
1 1082763712701 4
1 1082763712702 1
1 1082763712704 1
1 1082763712705 4
1 1082763712706 1
1 1082763712748 4
1 1082763712749 1
1 1082763712752 4
1 1082763712753 1
1 1082763712756 4
1 1082763712757 1
1 1082763712760 4
1 1082763712761 1
1 1082763712764 4
1 1082763712765 1
1 1082763712768 4
1 1082763712769 1
1 1082763712844 1
1 1082763712845 4
1 1082763712846 1
1 1082763712848 1
1 1082763712849 4
1 1082763712850 1
1 1082763712852 1
1 1082763712853 4
1 1082763712854 1
1 1082763712856 1
1 1082763712857 4
1 1082763712858 1
1 1082763712860 1
1 1082763712861 4
1 1082763712862 1
1 1082763712864 1
1 1082763712865 4
1 1082763712866 1
1 1082763712908 4
1 1082763712909 1
1 1082763712912 4
1 1082763712913 1
1 1082763712916 4
1 1082763712917 1
1 1082763712920 4
1 1082763712921 1
1 1082763712924 4
1 1082763712925 1
1 1082763712928 4
1 1082763712929 1
1 1082763712958 1
1 1082763712959 1
1 1082763712962 1
1 1082763712963 1
1 1082763712966 1
1 1082763712967 1
1 1082763712970 1
1 1082763712971 1
1 1082763712974 1
1 1082763712975 1
1 1082763712978 1
1 1082763712979 1
1 1082763713021 1
1 1082763713022 4
1 1082763713023 1
1 1082763713025 1
1 1082763713026 4
1 1082763713027 1
1 1082763713029 1
1 1082763713030 4
1 1082763713031 1
1 1082763713033 1
1 1082763713034 4
1 1082763713035 1
1 1082763713037 1
1 1082763713038 4
1 1082763713039 1
1 1082763713041 1
1 1082763713042 4
1 1082763713043 1
1 1082763713084 1
1 1082763713085 4
1 1082763713086 1
1 1082763713088 1
1 1082763713089 4
1 1082763713090 1
1 1082763713092 1
1 1082763713093 4
1 1082763713094 1
1 1082763713096 1
1 1082763713097 4
1 1082763713098 1
1 1082763713100 1
1 1082763713101 4
1 1082763713102 1
1 1082763713104 1
1 1082763713105 4
1 1082763713106 1
1 1082763713148 4
1 1082763713149 1
1 1082763713152 4
1 1082763713153 1
1 1082763713156 4
1 1082763713157 1
1 1082763713160 4
1 1082763713161 1
1 1082763713164 4
1 1082763713165 1
1 1082763713168 4
1 1082763713169 1
1 1082763713244 1
1 1082763713245 4
1 1082763713246 1
1 1082763713248 1
1 1082763713249 4
1 1082763713250 1
1 1082763713252 1
1 1082763713253 4
1 1082763713254 1
1 1082763713256 1
1 1082763713257 4
1 1082763713258 1
1 1082763713260 1
1 1082763713261 4
1 1082763713262 1
1 1082763713264 1
1 1082763713265 4
1 1082763713266 1
1 1082763713308 4
1 1082763713309 1
1 1082763713312 4
1 1082763713313 1
1 1082763713316 4
1 1082763713317 1
1 1082763713320 4
1 1082763713321 1
1 1082763713324 4
1 1082763713325 1
1 1082763713328 4
1 1082763713329 1
1 1082763713358 1
1 1082763713359 1
1 1082763713362 1
1 1082763713363 1
1 1082763713366 1
1 1082763713367 1
1 1082763713370 1
1 1082763713371 1
1 1082763713374 1
1 1082763713375 1
1 1082763713378 1
1 1082763713379 1
1 1082763713421 1
1 1082763713422 4
1 1082763713423 1
1 1082763713425 1
1 1082763713426 4
1 1082763713427 1
1 1082763713429 1
1 1082763713430 4
1 1082763713431 1
1 1082763713433 1
1 1082763713434 4
1 1082763713435 1
1 1082763713437 1
1 1082763713438 4
1 1082763713439 1
1 1082763713441 1
1 1082763713442 4
1 1082763713443 1
1 1082763713484 1
1 1082763713485 4
1 1082763713486 1
1 1082763713488 1
1 1082763713489 4
1 1082763713490 1
1 1082763713492 1
1 1082763713493 4
1 1082763713494 1
1 1082763713496 1
1 1082763713497 4
1 1082763713498 1
1 1082763713500 1
1 1082763713501 4
1 1082763713502 1
1 1082763713504 1
1 1082763713505 4
1 1082763713506 1
1 1082763713548 4
1 1082763713549 1
1 1082763713552 4
1 1082763713553 1
1 1082763713556 4
1 1082763713557 1
1 1082763713560 4
1 1082763713561 1
1 1082763713564 4
1 1082763713565 1
1 1082763713568 4
1 1082763713569 1
