1 1082763673629 1
1 1082763673630 4
1 1082763673631 1
1 1082763673633 1
1 1082763673634 4
1 1082763673635 1
1 1082763673637 1
1 1082763673638 4
1 1082763673639 1
1 1082763673641 1
1 1082763673642 4
1 1082763673643 1
1 1082763673645 1
1 1082763673646 4
1 1082763673647 1
1 1082763673649 1
1 1082763673650 4
1 1082763673651 1
1 1082763673692 1
1 1082763673693 4
1 1082763673694 1
1 1082763673696 1
1 1082763673697 4
1 1082763673698 1
1 1082763673700 1
1 1082763673701 4
1 1082763673702 1
1 1082763673704 1
1 1082763673705 4
1 1082763673706 1
1 1082763673708 1
1 1082763673709 4
1 1082763673710 1
1 1082763673712 1
1 1082763673713 4
1 1082763673714 1
1 1082763673756 4
1 1082763673757 1
1 1082763673760 4
1 1082763673761 1
1 1082763673764 4
1 1082763673765 1
1 1082763673768 4
1 1082763673769 1
1 1082763673772 4
1 1082763673773 1
1 1082763673776 4
1 1082763673777 1
1 1082763673806 1
1 1082763673807 1
1 1082763673810 1
1 1082763673811 1
1 1082763673814 1
1 1082763673815 1
1 1082763673818 1
1 1082763673819 1
1 1082763673822 1
1 1082763673823 1
1 1082763673826 1
1 1082763673827 1
1 1082763673869 1
1 1082763673870 4
1 1082763673871 1
1 1082763673873 1
1 1082763673874 38
1 1082763673875 1
1 1082763673877 1
1 1082763673878 4
1 1082763673879 1
1 1082763673881 1
1 1082763673882 4
1 1082763673883 1
1 1082763673885 1
1 1082763673886 4
1 1082763673887 1
1 1082763673889 1
1 1082763673890 4
1 1082763673891 1
1 1082763673932 1
1 1082763673933 4
1 1082763673934 1
1 1082763673936 1
1 1082763673937 21
1 1082763673938 1
1 1082763673940 1
1 1082763673941 54
1 1082763673942 1
1 1082763673944 1
1 1082763673945 4
1 1082763673946 1
1 1082763673948 1
1 1082763673949 4
1 1082763673950 1
1 1082763673952 1
1 1082763673953 14
1 1082763673954 1
1 1082763674029 1
1 1082763674030 4
1 1082763674031 1
1 1082763674033 1
1 1082763674034 4
1 1082763674035 1
1 1082763674037 1
1 1082763674038 4
1 1082763674039 1
1 1082763674041 1
1 1082763674042 4
1 1082763674043 1
1 1082763674045 1
1 1082763674046 4
1 1082763674047 1
1 1082763674049 1
1 1082763674050 4
1 1082763674051 1
1 1082763674092 1
1 1082763674093 4
1 1082763674094 1
1 1082763674096 1
1 1082763674097 4
1 1082763674098 1
1 1082763674100 1
1 1082763674101 4
1 1082763674102 1
1 1082763674104 1
1 1082763674105 4
1 1082763674106 1
1 1082763674108 1
1 1082763674109 4
1 1082763674110 1
1 1082763674112 1
1 1082763674113 4
1 1082763674114 1
1 1082763674156 4
1 1082763674157 1
1 1082763674160 4
1 1082763674161 1
1 1082763674164 4
1 1082763674165 1
1 1082763674168 4
1 1082763674169 1
1 1082763674172 4
1 1082763674173 1
1 1082763674176 4
1 1082763674177 1
1 1082763674206 1
1 1082763674207 1
1 1082763674210 1
1 1082763674211 1
1 1082763674214 1
1 1082763674215 1
1 1082763674218 1
1 1082763674219 1
1 1082763674222 1
1 1082763674223 1
1 1082763674226 1
1 1082763674227 1
1 1082763674269 1
1 1082763674270 4
1 1082763674271 1
1 1082763674273 1
1 1082763674274 4
1 1082763674275 1
1 1082763674277 1
1 1082763674278 4
1 1082763674279 1
1 1082763674281 1
1 1082763674282 4
1 1082763674283 1
1 1082763674285 1
1 1082763674286 4
1 1082763674287 1
1 1082763674289 1
1 1082763674290 4
1 1082763674291 1
1 1082763674332 1
1 1082763674333 4
1 1082763674334 1
1 1082763674336 1
1 1082763674337 4
1 1082763674338 1
1 1082763674340 1
1 1082763674341 4
1 1082763674342 1
1 1082763674344 1
1 1082763674345 4
1 1082763674346 1
1 1082763674348 1
1 1082763674349 4
1 1082763674350 1
1 1082763674352 1
1 1082763674353 4
1 1082763674354 1
1 1082763674429 1
1 1082763674430 4
1 1082763674431 1
1 1082763674433 1
1 1082763674434 4
1 1082763674435 1
1 1082763674437 1
1 1082763674438 4
1 1082763674439 1
1 1082763674441 1
1 1082763674442 4
1 1082763674443 1
1 1082763674445 1
1 1082763674446 4
1 1082763674447 1
1 1082763674449 1
1 1082763674450 4
1 1082763674451 1
1 1082763674492 1
1 1082763674493 4
1 1082763674494 1
1 1082763674496 1
1 1082763674497 4
1 1082763674498 1
1 1082763674500 1
1 1082763674501 4
1 1082763674502 1
1 1082763674504 1
1 1082763674505 4
1 1082763674506 1
1 1082763674508 1
1 1082763674509 4
1 1082763674510 1
1 1082763674512 1
1 1082763674513 4
1 1082763674514 1
1 1082763674556 4
1 1082763674557 1
1 1082763674560 4
1 1082763674561 1
1 1082763674564 4
1 1082763674565 1
1 1082763674568 4
1 1082763674569 1
1 1082763674572 4
1 1082763674573 1
1 1082763674576 4
1 1082763674577 1
1 1082763674606 1
1 1082763674607 1
1 1082763674610 1
1 1082763674611 1
1 1082763674614 1
1 1082763674615 1
1 1082763674618 1
1 1082763674619 1
1 1082763674622 1
1 1082763674623 1
1 1082763674626 1
1 1082763674627 1
1 1082763674669 1
1 1082763674670 4
1 1082763674671 1
1 1082763674673 1
1 1082763674674 4
1 1082763674675 1
1 1082763674677 1
1 1082763674678 4
1 1082763674679 1
1 1082763674681 1
1 1082763674682 4
1 1082763674683 1
1 1082763674685 1
1 1082763674686 4
1 1082763674687 1
1 1082763674689 1
1 1082763674690 4
1 1082763674691 1
1 1082763674732 1
1 1082763674733 4
1 1082763674734 1
1 1082763674736 1
1 1082763674737 4
1 1082763674738 1
1 1082763674740 1
1 1082763674741 4
1 1082763674742 1
1 1082763674744 1
1 1082763674745 4
1 1082763674746 1
1 1082763674748 1
1 1082763674749 4
1 1082763674750 1
1 1082763674752 1
1 1082763674753 4
1 1082763674754 1
1 1082763674829 1
1 1082763674830 4
1 1082763674831 1
1 1082763674833 1
1 1082763674834 4
1 1082763674835 1
1 1082763674837 1
1 1082763674838 4
1 1082763674839 1
1 1082763674841 1
1 1082763674842 4
1 1082763674843 1
1 1082763674845 1
1 1082763674846 4
1 1082763674847 1
1 1082763674849 1
1 1082763674850 4
1 1082763674851 1
1 1082763674892 1
1 1082763674893 4
1 1082763674894 1
1 1082763674896 1
1 1082763674897 4
1 1082763674898 1
1 1082763674900 1
1 1082763674901 4
1 1082763674902 1
1 1082763674904 1
1 1082763674905 4
1 1082763674906 1
1 1082763674908 1
1 1082763674909 4
1 1082763674910 1
1 1082763674912 1
1 1082763674913 4
1 1082763674914 1
1 1082763674956 4
1 1082763674957 1
1 1082763674960 4
1 1082763674961 1
1 1082763674964 4
1 1082763674965 1
1 1082763674968 4
1 1082763674969 1
1 1082763674972 4
1 1082763674973 1
1 1082763674976 4
1 1082763674977 1
1 1082763675006 1
1 1082763675007 1
1 1082763675010 1
1 1082763675011 1
1 1082763675014 1
1 1082763675015 1
1 1082763675018 1
1 1082763675019 1
1 1082763675022 1
1 1082763675023 1
1 1082763675026 1
1 1082763675027 1
1 1082763675069 1
1 1082763675070 4
1 1082763675071 1
1 1082763675073 1
1 1082763675074 4
1 1082763675075 1
1 1082763675077 1
1 1082763675078 4
1 1082763675079 1
1 1082763675081 1
1 1082763675082 4
1 1082763675083 1
1 1082763675085 1
1 1082763675086 4
1 1082763675087 1
1 1082763675089 1
1 1082763675090 4
1 1082763675091 1
1 1082763675132 1
1 1082763675133 4
1 1082763675134 1
1 1082763675136 1
1 1082763675137 4
1 1082763675138 1
1 1082763675140 1
1 1082763675141 4
1 1082763675142 1
1 1082763675144 1
1 1082763675145 4
1 1082763675146 1
1 1082763675148 1
1 1082763675149 4
1 1082763675150 1
1 1082763675152 1
1 1082763675153 4
1 1082763675154 1
1 1082763675229 1
1 1082763675230 4
1 1082763675231 1
1 1082763675233 1
1 1082763675234 4
1 1082763675235 1
1 1082763675237 1
1 1082763675238 4
1 1082763675239 1
1 1082763675241 1
1 1082763675242 4
1 1082763675243 1
1 1082763675245 1
1 1082763675246 4
1 1082763675247 1
1 1082763675249 1
1 1082763675250 4
1 1082763675251 1
1 1082763675292 1
1 1082763675293 4
1 1082763675294 1
1 1082763675296 1
1 1082763675297 4
1 1082763675298 1
1 1082763675300 1
1 1082763675301 4
1 1082763675302 1
1 1082763675304 1
1 1082763675305 4
1 1082763675306 1
1 1082763675308 1
1 1082763675309 4
1 1082763675310 1
1 1082763675312 1
1 1082763675313 4
1 1082763675314 1
1 1082763675356 4
1 1082763675357 1
1 1082763675360 4
1 1082763675361 1
1 1082763675364 4
1 1082763675365 1
1 1082763675368 4
1 1082763675369 1
1 1082763675372 4
1 1082763675373 1
1 1082763675376 4
1 1082763675377 1
1 1082763675406 1
1 1082763675407 1
1 1082763675410 1
1 1082763675411 1
1 1082763675414 1
1 1082763675415 1
1 1082763675418 1
1 1082763675419 1
1 1082763675422 1
1 1082763675423 1
1 1082763675426 1
1 1082763675427 1
1 1082763675469 1
1 1082763675470 4
1 1082763675471 1
1 1082763675473 1
1 1082763675474 4
1 1082763675475 1
1 1082763675477 1
1 1082763675478 4
1 1082763675479 1
1 1082763675481 1
1 1082763675482 4
1 1082763675483 1
1 1082763675485 1
1 1082763675486 4
1 1082763675487 1
1 1082763675489 1
1 1082763675490 4
1 1082763675491 1
1 1082763675532 1
1 1082763675533 4
1 1082763675534 1
1 1082763675536 1
1 1082763675537 4
1 1082763675538 1
1 1082763675540 1
1 1082763675541 4
1 1082763675542 1
1 1082763675544 1
1 1082763675545 4
1 1082763675546 1
1 1082763675548 1
1 1082763675549 4
1 1082763675550 1
1 1082763675552 1
1 1082763675553 4
1 1082763675554 1
1 1082763675629 1
1 1082763675630 4
1 1082763675631 1
1 1082763675633 1
1 1082763675634 4
1 1082763675635 1
1 1082763675637 1
1 1082763675638 4
1 1082763675639 1
1 1082763675641 1
1 1082763675642 4
1 1082763675643 1
1 1082763675645 1
1 1082763675646 4
1 1082763675647 1
1 1082763675649 1
1 1082763675650 4
1 1082763675651 1
1 1082763675692 1
1 1082763675693 4
1 1082763675694 1
1 1082763675696 1
1 1082763675697 4
1 1082763675698 1
1 1082763675700 1
1 1082763675701 4
1 1082763675702 1
1 1082763675704 1
1 1082763675705 4
1 1082763675706 1
1 1082763675708 1
1 1082763675709 4
1 1082763675710 1
1 1082763675712 1
1 1082763675713 4
1 1082763675714 1
1 1082763675756 4
1 1082763675757 1
1 1082763675760 4
1 1082763675761 1
1 1082763675764 4
1 1082763675765 1
1 1082763675768 4
1 1082763675769 1
1 1082763675772 4
1 1082763675773 1
1 1082763675776 4
1 1082763675777 1
1 1082763675806 1
1 1082763675807 1
1 1082763675810 1
1 1082763675811 1
1 1082763675814 1
1 1082763675815 1
1 1082763675818 1
1 1082763675819 1
1 1082763675822 1
1 1082763675823 1
1 1082763675826 1
1 1082763675827 1
1 1082763675869 1
1 1082763675870 4
1 1082763675871 1
1 1082763675873 1
1 1082763675874 4
1 1082763675875 1
1 1082763675877 1
1 1082763675878 4
1 1082763675879 1
1 1082763675881 1
1 1082763675882 4
1 1082763675883 1
1 1082763675885 1
1 1082763675886 4
1 1082763675887 1
1 1082763675889 1
1 1082763675890 4
1 1082763675891 1
1 1082763675932 1
1 1082763675933 4
1 1082763675934 1
1 1082763675936 1
1 1082763675937 4
1 1082763675938 1
1 1082763675940 1
1 1082763675941 4
1 1082763675942 1
1 1082763675944 1
1 1082763675945 4
1 1082763675946 1
1 1082763675948 1
1 1082763675949 4
1 1082763675950 1
1 1082763675952 1
1 1082763675953 4
1 1082763675954 1
1 1082763676029 1
1 1082763676030 4
1 1082763676031 1
1 1082763676033 1
1 1082763676034 4
1 1082763676035 1
1 1082763676037 1
1 1082763676038 4
1 1082763676039 1
1 1082763676041 1
1 1082763676042 4
1 1082763676043 1
1 1082763676045 1
1 1082763676046 4
1 1082763676047 1
1 1082763676049 1
1 1082763676050 4
1 1082763676051 1
1 1082763676092 1
1 1082763676093 4
1 1082763676094 1
1 1082763676096 1
1 1082763676097 4
1 1082763676098 1
1 1082763676100 1
1 1082763676101 4
1 1082763676102 1
1 1082763676104 1
1 1082763676105 4
1 1082763676106 1
1 1082763676108 1
1 1082763676109 4
1 1082763676110 1
1 1082763676112 1
1 1082763676113 4
1 1082763676114 1
1 1082763676156 4
1 1082763676157 1
1 1082763676160 4
1 1082763676161 1
1 1082763676164 4
1 1082763676165 1
1 1082763676168 4
1 1082763676169 1
1 1082763676172 4
1 1082763676173 1
1 1082763676176 4
1 1082763676177 1
1 1082763676206 1
1 1082763676207 1
1 1082763676210 1
1 1082763676211 1
1 1082763676214 1
1 1082763676215 1
1 1082763676218 1
1 1082763676219 1
1 1082763676222 1
1 1082763676223 1
1 1082763676226 1
1 1082763676227 1
1 1082763676269 1
1 1082763676270 4
1 1082763676271 1
1 1082763676273 1
1 1082763676274 4
1 1082763676275 1
1 1082763676277 1
1 1082763676278 4
1 1082763676279 1
1 1082763676281 1
1 1082763676282 4
1 1082763676283 1
1 1082763676285 1
1 1082763676286 4
1 1082763676287 1
1 1082763676289 1
1 1082763676290 4
1 1082763676291 1
1 1082763676332 1
1 1082763676333 4
1 1082763676334 1
1 1082763676336 1
1 1082763676337 4
1 1082763676338 1
1 1082763676340 1
1 1082763676341 4
1 1082763676342 1
1 1082763676344 1
1 1082763676345 4
1 1082763676346 1
1 1082763676348 1
1 1082763676349 4
1 1082763676350 1
1 1082763676352 1
1 1082763676353 4
1 1082763676354 1
1 1082763676429 1
1 1082763676430 4
1 1082763676431 1
1 1082763676433 1
1 1082763676434 4
1 1082763676435 1
1 1082763676437 1
1 1082763676438 4
1 1082763676439 1
1 1082763676441 1
1 1082763676442 4
1 1082763676443 1
1 1082763676445 1
1 1082763676446 4
1 1082763676447 1
1 1082763676449 1
1 1082763676450 4
1 1082763676451 1
1 1082763676492 1
1 1082763676493 4
1 1082763676494 1
1 1082763676496 1
1 1082763676497 4
1 1082763676498 1
1 1082763676500 1
1 1082763676501 4
1 1082763676502 1
1 1082763676504 1
1 1082763676505 4
1 1082763676506 1
1 1082763676508 1
1 1082763676509 4
1 1082763676510 1
1 1082763676512 1
1 1082763676513 4
1 1082763676514 1
1 1082763676556 4
1 1082763676557 1
1 1082763676560 4
1 1082763676561 1
1 1082763676564 4
1 1082763676565 1
1 1082763676568 4
1 1082763676569 1
1 1082763676572 4
1 1082763676573 1
1 1082763676576 4
1 1082763676577 1
1 1082763676606 1
1 1082763676607 1
1 1082763676610 1
1 1082763676611 1
1 1082763676614 1
1 1082763676615 1
1 1082763676618 1
1 1082763676619 1
1 1082763676622 1
1 1082763676623 1
1 1082763676626 1
1 1082763676627 1
1 1082763676669 1
1 1082763676670 4
1 1082763676671 1
1 1082763676673 1
1 1082763676674 4
1 1082763676675 1
1 1082763676677 1
1 1082763676678 4
1 1082763676679 1
1 1082763676681 1
1 1082763676682 4
1 1082763676683 1
1 1082763676685 1
1 1082763676686 4
1 1082763676687 1
1 1082763676689 1
1 1082763676690 4
1 1082763676691 1
1 1082763676732 1
1 1082763676733 4
1 1082763676734 1
1 1082763676736 1
1 1082763676737 4
1 1082763676738 1
1 1082763676740 1
1 1082763676741 4
1 1082763676742 1
1 1082763676744 1
1 1082763676745 4
1 1082763676746 1
1 1082763676748 1
1 1082763676749 4
1 1082763676750 1
1 1082763676752 1
1 1082763676753 4
1 1082763676754 1
1 1082763676829 1
1 1082763676830 4
1 1082763676831 1
1 1082763676833 1
1 1082763676834 4
1 1082763676835 1
1 1082763676837 1
1 1082763676838 4
1 1082763676839 1
1 1082763676841 1
1 1082763676842 4
1 1082763676843 1
1 1082763676845 1
1 1082763676846 4
1 1082763676847 1
1 1082763676849 1
1 1082763676850 4
1 1082763676851 1
1 1082763676892 1
1 1082763676893 4
1 1082763676894 1
1 1082763676896 1
1 1082763676897 4
1 1082763676898 1
1 1082763676900 1
1 1082763676901 4
1 1082763676902 1
1 1082763676904 1
1 1082763676905 4
1 1082763676906 1
1 1082763676908 1
1 1082763676909 4
1 1082763676910 1
1 1082763676912 1
1 1082763676913 4
1 1082763676914 1
1 1082763676956 4
1 1082763676957 1
1 1082763676960 4
1 1082763676961 1
1 1082763676964 4
1 1082763676965 1
1 1082763676968 4
1 1082763676969 1
1 1082763676972 4
1 1082763676973 1
1 1082763676976 4
1 1082763676977 1
1 1082763677006 1
1 1082763677007 1
1 1082763677010 1
1 1082763677011 1
1 1082763677014 1
1 1082763677015 1
1 1082763677018 1
1 1082763677019 1
1 1082763677022 1
1 1082763677023 1
1 1082763677026 1
1 1082763677027 1
1 1082763677069 1
1 1082763677070 4
1 1082763677071 1
1 1082763677073 1
1 1082763677074 4
1 1082763677075 1
1 1082763677077 1
1 1082763677078 4
1 1082763677079 1
1 1082763677081 1
1 1082763677082 4
1 1082763677083 1
1 1082763677085 1
1 1082763677086 4
1 1082763677087 1
1 1082763677089 1
1 1082763677090 4
1 1082763677091 1
1 1082763677132 1
1 1082763677133 4
1 1082763677134 1
1 1082763677136 1
1 1082763677137 4
1 1082763677138 1
1 1082763677140 1
1 1082763677141 4
1 1082763677142 1
1 1082763677144 1
1 1082763677145 4
1 1082763677146 1
1 1082763677148 1
1 1082763677149 4
1 1082763677150 1
1 1082763677152 1
1 1082763677153 4
1 1082763677154 1
1 1082763677229 1
1 1082763677230 4
1 1082763677231 1
1 1082763677233 1
1 1082763677234 4
1 1082763677235 1
1 1082763677237 1
1 1082763677238 4
1 1082763677239 1
1 1082763677241 1
1 1082763677242 4
1 1082763677243 1
1 1082763677245 1
1 1082763677246 4
1 1082763677247 1
1 1082763677249 1
1 1082763677250 4
1 1082763677251 1
1 1082763677292 1
1 1082763677293 4
1 1082763677294 1
1 1082763677296 1
1 1082763677297 4
1 1082763677298 1
1 1082763677300 1
1 1082763677301 4
1 1082763677302 1
1 1082763677304 1
1 1082763677305 4
1 1082763677306 1
1 1082763677308 1
1 1082763677309 4
1 1082763677310 1
1 1082763677312 1
1 1082763677313 4
1 1082763677314 1
1 1082763677356 4
1 1082763677357 1
1 1082763677360 4
1 1082763677361 1
1 1082763677364 4
1 1082763677365 1
1 1082763677368 4
1 1082763677369 1
1 1082763677372 4
1 1082763677373 1
1 1082763677376 4
1 1082763677377 1
1 1082763677406 1
1 1082763677407 1
1 1082763677410 1
1 1082763677411 1
1 1082763677414 1
1 1082763677415 1
1 1082763677418 1
1 1082763677419 1
1 1082763677422 1
1 1082763677423 1
1 1082763677426 1
1 1082763677427 1
1 1082763677469 1
1 1082763677470 4
1 1082763677471 1
1 1082763677473 1
1 1082763677474 4
1 1082763677475 1
1 1082763677477 1
1 1082763677478 4
1 1082763677479 1
1 1082763677481 1
1 1082763677482 4
1 1082763677483 1
1 1082763677485 1
1 1082763677486 4
1 1082763677487 1
1 1082763677489 1
1 1082763677490 4
1 1082763677491 1
1 1082763677532 1
1 1082763677533 4
1 1082763677534 1
1 1082763677536 1
1 1082763677537 4
1 1082763677538 1
1 1082763677540 1
1 1082763677541 4
1 1082763677542 1
1 1082763677544 1
1 1082763677545 4
1 1082763677546 1
1 1082763677548 1
1 1082763677549 4
1 1082763677550 1
1 1082763677552 1
1 1082763677553 4
1 1082763677554 1
1 1082763677629 1
1 1082763677630 4
1 1082763677631 1
1 1082763677633 1
1 1082763677634 4
1 1082763677635 1
1 1082763677637 1
1 1082763677638 4
1 1082763677639 1
1 1082763677641 1
1 1082763677642 4
1 1082763677643 1
1 1082763677645 1
1 1082763677646 4
1 1082763677647 1
1 1082763677649 1
1 1082763677650 4
1 1082763677651 1
1 1082763677692 1
1 1082763677693 4
1 1082763677694 1
1 1082763677696 1
1 1082763677697 4
1 1082763677698 1
1 1082763677700 1
1 1082763677701 4
1 1082763677702 1
1 1082763677704 1
1 1082763677705 4
1 1082763677706 1
1 1082763677708 1
1 1082763677709 4
1 1082763677710 1
1 1082763677712 1
1 1082763677713 4
1 1082763677714 1
1 1082763677756 4
1 1082763677757 1
1 1082763677760 4
1 1082763677761 1
1 1082763677764 4
1 1082763677765 1
1 1082763677768 4
1 1082763677769 1
1 1082763677772 4
1 1082763677773 1
1 1082763677776 4
1 1082763677777 1
1 1082763677806 1
1 1082763677807 1
1 1082763677810 1
1 1082763677811 1
1 1082763677814 1
1 1082763677815 1
1 1082763677818 1
1 1082763677819 1
1 1082763677822 1
1 1082763677823 1
1 1082763677826 1
1 1082763677827 1
1 1082763677869 1
1 1082763677870 4
1 1082763677871 1
1 1082763677873 1
1 1082763677874 4
1 1082763677875 1
1 1082763677877 1
1 1082763677878 4
1 1082763677879 1
1 1082763677881 1
1 1082763677882 4
1 1082763677883 1
1 1082763677885 1
1 1082763677886 4
1 1082763677887 1
1 1082763677889 1
1 1082763677890 4
1 1082763677891 1
1 1082763677932 1
1 1082763677933 4
1 1082763677934 1
1 1082763677936 1
1 1082763677937 4
1 1082763677938 1
1 1082763677940 1
1 1082763677941 4
1 1082763677942 1
1 1082763677944 1
1 1082763677945 4
1 1082763677946 1
1 1082763677948 1
1 1082763677949 4
1 1082763677950 1
1 1082763677952 1
1 1082763677953 4
1 1082763677954 1
1 1082763678029 1
1 1082763678030 4
1 1082763678031 1
1 1082763678033 1
1 1082763678034 4
1 1082763678035 1
1 1082763678037 1
1 1082763678038 4
1 1082763678039 1
1 1082763678041 1
1 1082763678042 4
1 1082763678043 1
1 1082763678045 1
1 1082763678046 4
1 1082763678047 1
1 1082763678049 1
1 1082763678050 4
1 1082763678051 1
1 1082763678092 1
1 1082763678093 4
1 1082763678094 1
1 1082763678096 1
1 1082763678097 4
1 1082763678098 1
1 1082763678100 1
1 1082763678101 4
1 1082763678102 1
1 1082763678104 1
1 1082763678105 4
1 1082763678106 1
1 1082763678108 1
1 1082763678109 4
1 1082763678110 1
1 1082763678112 1
1 1082763678113 4
1 1082763678114 1
1 1082763678156 4
1 1082763678157 1
1 1082763678160 4
1 1082763678161 1
1 1082763678164 4
1 1082763678165 1
1 1082763678168 4
1 1082763678169 1
1 1082763678172 4
1 1082763678173 1
1 1082763678176 4
1 1082763678177 1
1 1082763678206 1
1 1082763678207 1
1 1082763678210 1
1 1082763678211 1
1 1082763678214 1
1 1082763678215 1
1 1082763678218 1
1 1082763678219 1
1 1082763678222 1
1 1082763678223 1
1 1082763678226 1
1 1082763678227 1
1 1082763678269 1
1 1082763678270 4
1 1082763678271 1
1 1082763678273 1
1 1082763678274 4
1 1082763678275 1
1 1082763678277 1
1 1082763678278 4
1 1082763678279 1
1 1082763678281 1
1 1082763678282 4
1 1082763678283 1
1 1082763678285 1
1 1082763678286 4
1 1082763678287 1
1 1082763678289 1
1 1082763678290 4
1 1082763678291 1
1 1082763678332 1
1 1082763678333 4
1 1082763678334 1
1 1082763678336 1
1 1082763678337 4
1 1082763678338 1
1 1082763678340 1
1 1082763678341 4
1 1082763678342 1
1 1082763678344 1
1 1082763678345 4
1 1082763678346 1
1 1082763678348 1
1 1082763678349 4
1 1082763678350 1
1 1082763678352 1
1 1082763678353 4
1 1082763678354 1
1 1082763678429 1
1 1082763678430 4
1 1082763678431 1
1 1082763678433 1
1 1082763678434 4
1 1082763678435 1
1 1082763678437 1
1 1082763678438 4
1 1082763678439 1
1 1082763678441 1
1 1082763678442 4
1 1082763678443 1
1 1082763678445 1
1 1082763678446 4
1 1082763678447 1
1 1082763678449 1
1 1082763678450 4
1 1082763678451 1
1 1082763678492 1
1 1082763678493 4
1 1082763678494 1
1 1082763678496 1
1 1082763678497 4
1 1082763678498 1
1 1082763678500 1
1 1082763678501 4
1 1082763678502 1
1 1082763678504 1
1 1082763678505 4
1 1082763678506 1
1 1082763678508 1
1 1082763678509 4
1 1082763678510 1
1 1082763678512 1
1 1082763678513 4
1 1082763678514 1
1 1082763678556 4
1 1082763678557 1
1 1082763678560 4
1 1082763678561 1
1 1082763678564 4
1 1082763678565 1
1 1082763678568 4
1 1082763678569 1
1 1082763678572 4
1 1082763678573 1
1 1082763678576 4
1 1082763678577 1
1 1082763678606 1
1 1082763678607 1
1 1082763678610 1
1 1082763678611 1
1 1082763678614 1
1 1082763678615 1
1 1082763678618 1
1 1082763678619 1
1 1082763678622 1
1 1082763678623 1
1 1082763678626 1
1 1082763678627 1
1 1082763678669 1
1 1082763678670 4
1 1082763678671 1
1 1082763678673 1
1 1082763678674 4
1 1082763678675 1
1 1082763678677 1
1 1082763678678 4
1 1082763678679 1
1 1082763678681 1
1 1082763678682 4
1 1082763678683 1
1 1082763678685 1
1 1082763678686 4
1 1082763678687 1
1 1082763678689 1
1 1082763678690 4
1 1082763678691 1
1 1082763678732 1
1 1082763678733 4
1 1082763678734 1
1 1082763678736 1
1 1082763678737 4
1 1082763678738 1
1 1082763678740 1
1 1082763678741 4
1 1082763678742 1
1 1082763678744 1
1 1082763678745 4
1 1082763678746 1
1 1082763678748 1
1 1082763678749 4
1 1082763678750 1
1 1082763678752 1
1 1082763678753 4
1 1082763678754 1
1 1082763678829 1
1 1082763678830 4
1 1082763678831 1
1 1082763678833 1
1 1082763678834 4
1 1082763678835 1
1 1082763678837 1
1 1082763678838 4
1 1082763678839 1
1 1082763678841 1
1 1082763678842 4
1 1082763678843 1
1 1082763678845 1
1 1082763678846 4
1 1082763678847 1
1 1082763678849 1
1 1082763678850 4
1 1082763678851 1
1 1082763678892 1
1 1082763678893 4
1 1082763678894 1
1 1082763678896 1
1 1082763678897 4
1 1082763678898 1
1 1082763678900 1
1 1082763678901 4
1 1082763678902 1
1 1082763678904 1
1 1082763678905 4
1 1082763678906 1
1 1082763678908 1
1 1082763678909 4
1 1082763678910 1
1 1082763678912 1
1 1082763678913 4
1 1082763678914 1
1 1082763678956 4
1 1082763678957 1
1 1082763678960 4
1 1082763678961 1
1 1082763678964 4
1 1082763678965 1
1 1082763678968 4
1 1082763678969 1
1 1082763678972 4
1 1082763678973 1
1 1082763678976 4
1 1082763678977 1
1 1082763679006 1
1 1082763679007 1
1 1082763679010 1
1 1082763679011 1
1 1082763679014 1
1 1082763679015 1
1 1082763679018 1
1 1082763679019 1
1 1082763679022 1
1 1082763679023 1
1 1082763679026 1
1 1082763679027 1
1 1082763679069 1
1 1082763679070 4
1 1082763679071 1
1 1082763679073 1
1 1082763679074 4
1 1082763679075 1
1 1082763679077 1
1 1082763679078 4
1 1082763679079 1
1 1082763679081 1
1 1082763679082 4
1 1082763679083 1
1 1082763679085 1
1 1082763679086 4
1 1082763679087 1
1 1082763679089 1
1 1082763679090 4
1 1082763679091 1
1 1082763679132 1
1 1082763679133 4
1 1082763679134 1
1 1082763679136 1
1 1082763679137 4
1 1082763679138 1
1 1082763679140 1
1 1082763679141 4
1 1082763679142 1
1 1082763679144 1
1 1082763679145 4
1 1082763679146 1
1 1082763679148 1
1 1082763679149 4
1 1082763679150 1
1 1082763679152 1
1 1082763679153 4
1 1082763679154 1
1 1082763679229 1
1 1082763679230 4
1 1082763679231 1
1 1082763679233 1
1 1082763679234 4
1 1082763679235 1
1 1082763679237 1
1 1082763679238 4
1 1082763679239 1
1 1082763679241 1
1 1082763679242 4
1 1082763679243 1
1 1082763679245 1
1 1082763679246 4
1 1082763679247 1
1 1082763679249 1
1 1082763679250 4
1 1082763679251 1
1 1082763679292 1
1 1082763679293 4
1 1082763679294 1
1 1082763679296 1
1 1082763679297 4
1 1082763679298 1
1 1082763679300 1
1 1082763679301 4
1 1082763679302 1
1 1082763679304 1
1 1082763679305 4
1 1082763679306 1
1 1082763679308 1
1 1082763679309 4
1 1082763679310 1
1 1082763679312 1
1 1082763679313 4
1 1082763679314 1
1 1082763679356 4
1 1082763679357 1
1 1082763679360 4
1 1082763679361 1
1 1082763679364 4
1 1082763679365 1
1 1082763679368 4
1 1082763679369 1
1 1082763679372 4
1 1082763679373 1
1 1082763679376 4
1 1082763679377 1
1 1082763679406 1
1 1082763679407 1
1 1082763679410 1
1 1082763679411 1
1 1082763679414 1
1 1082763679415 1
1 1082763679418 1
1 1082763679419 1
1 1082763679422 1
1 1082763679423 1
1 1082763679426 1
1 1082763679427 1
1 1082763679469 1
1 1082763679470 4
1 1082763679471 1
1 1082763679473 1
1 1082763679474 4
1 1082763679475 1
1 1082763679477 1
1 1082763679478 4
1 1082763679479 1
1 1082763679481 1
1 1082763679482 4
1 1082763679483 1
1 1082763679485 1
1 1082763679486 4
1 1082763679487 1
1 1082763679489 1
1 1082763679490 4
1 1082763679491 1
1 1082763679532 1
1 1082763679533 4
1 1082763679534 1
1 1082763679536 1
1 1082763679537 4
1 1082763679538 1
1 1082763679540 1
1 1082763679541 4
1 1082763679542 1
1 1082763679544 1
1 1082763679545 4
1 1082763679546 1
1 1082763679548 1
1 1082763679549 4
1 1082763679550 1
1 1082763679552 1
1 1082763679553 4
1 1082763679554 1
1 1082763679629 1
1 1082763679630 4
1 1082763679631 1
1 1082763679633 1
1 1082763679634 4
1 1082763679635 1
1 1082763679637 1
1 1082763679638 4
1 1082763679639 1
1 1082763679641 1
1 1082763679642 4
1 1082763679643 1
1 1082763679645 1
1 1082763679646 4
1 1082763679647 1
1 1082763679649 1
1 1082763679650 4
1 1082763679651 1
1 1082763679692 1
1 1082763679693 4
1 1082763679694 1
1 1082763679696 1
1 1082763679697 4
1 1082763679698 1
1 1082763679700 1
1 1082763679701 4
1 1082763679702 1
1 1082763679704 1
1 1082763679705 4
1 1082763679706 1
1 1082763679708 1
1 1082763679709 4
1 1082763679710 1
1 1082763679712 1
1 1082763679713 4
1 1082763679714 1
1 1082763679756 4
1 1082763679757 1
1 1082763679760 4
1 1082763679761 1
1 1082763679764 4
1 1082763679765 1
1 1082763679768 4
1 1082763679769 1
1 1082763679772 4
1 1082763679773 1
1 1082763679776 4
1 1082763679777 1
1 1082763679806 1
1 1082763679807 1
1 1082763679810 1
1 1082763679811 1
1 1082763679814 1
1 1082763679815 1
1 1082763679818 1
1 1082763679819 1
1 1082763679822 1
1 1082763679823 1
1 1082763679826 1
1 1082763679827 1
1 1082763679869 1
1 1082763679870 4
1 1082763679871 1
1 1082763679873 1
1 1082763679874 4
1 1082763679875 1
1 1082763679877 1
1 1082763679878 4
1 1082763679879 1
1 1082763679881 1
1 1082763679882 4
1 1082763679883 1
1 1082763679885 1
1 1082763679886 4
1 1082763679887 1
1 1082763679889 1
1 1082763679890 4
1 1082763679891 1
1 1082763679932 1
1 1082763679933 4
1 1082763679934 1
1 1082763679936 1
1 1082763679937 4
1 1082763679938 1
1 1082763679940 1
1 1082763679941 4
1 1082763679942 1
1 1082763679944 1
1 1082763679945 4
1 1082763679946 1
1 1082763679948 1
1 1082763679949 4
1 1082763679950 1
1 1082763679952 1
1 1082763679953 4
1 1082763679954 1
1 1082763680029 1
1 1082763680030 4
1 1082763680031 1
1 1082763680033 1
1 1082763680034 4
1 1082763680035 1
1 1082763680037 1
1 1082763680038 4
1 1082763680039 1
1 1082763680041 1
1 1082763680042 4
1 1082763680043 1
1 1082763680045 1
1 1082763680046 4
1 1082763680047 1
1 1082763680049 1
1 1082763680050 4
1 1082763680051 1
1 1082763680092 1
1 1082763680093 4
1 1082763680094 1
1 1082763680096 1
1 1082763680097 4
1 1082763680098 1
1 1082763680100 1
1 1082763680101 4
1 1082763680102 1
1 1082763680104 1
1 1082763680105 4
1 1082763680106 1
1 1082763680108 1
1 1082763680109 4
1 1082763680110 1
1 1082763680112 1
1 1082763680113 4
1 1082763680114 1
1 1082763680156 4
1 1082763680157 1
1 1082763680160 4
1 1082763680161 1
1 1082763680164 4
1 1082763680165 1
1 1082763680168 4
1 1082763680169 1
1 1082763680172 4
1 1082763680173 1
1 1082763680176 4
1 1082763680177 1
1 1082763680206 1
1 1082763680207 1
1 1082763680210 1
1 1082763680211 1
1 1082763680214 1
1 1082763680215 1
1 1082763680218 1
1 1082763680219 1
1 1082763680222 1
1 1082763680223 1
1 1082763680226 1
1 1082763680227 1
1 1082763680269 1
1 1082763680270 4
1 1082763680271 1
1 1082763680273 1
1 1082763680274 4
1 1082763680275 1
1 1082763680277 1
1 1082763680278 4
1 1082763680279 1
1 1082763680281 1
1 1082763680282 4
1 1082763680283 1
1 1082763680285 1
1 1082763680286 4
1 1082763680287 1
1 1082763680289 1
1 1082763680290 4
1 1082763680291 1
1 1082763680332 1
1 1082763680333 4
1 1082763680334 1
1 1082763680336 1
1 1082763680337 4
1 1082763680338 1
1 1082763680340 1
1 1082763680341 4
1 1082763680342 1
1 1082763680344 1
1 1082763680345 4
1 1082763680346 1
1 1082763680348 1
1 1082763680349 4
1 1082763680350 1
1 1082763680352 1
1 1082763680353 4
1 1082763680354 1
1 1082763680429 1
1 1082763680430 4
1 1082763680431 1
1 1082763680433 1
1 1082763680434 4
1 1082763680435 1
1 1082763680437 1
1 1082763680438 4
1 1082763680439 1
1 1082763680441 1
1 1082763680442 4
1 1082763680443 1
1 1082763680445 1
1 1082763680446 4
1 1082763680447 1
1 1082763680449 1
1 1082763680450 4
1 1082763680451 1
1 1082763680492 1
1 1082763680493 4
1 1082763680494 1
1 1082763680496 1
1 1082763680497 4
1 1082763680498 1
1 1082763680500 1
1 1082763680501 4
1 1082763680502 1
1 1082763680504 1
1 1082763680505 4
1 1082763680506 1
1 1082763680508 1
1 1082763680509 4
1 1082763680510 1
1 1082763680512 1
1 1082763680513 4
1 1082763680514 1
1 1082763680556 4
1 1082763680557 1
1 1082763680560 4
1 1082763680561 1
1 1082763680564 4
1 1082763680565 1
1 1082763680568 4
1 1082763680569 1
1 1082763680572 4
1 1082763680573 1
1 1082763680576 4
1 1082763680577 1
1 1082763680606 1
1 1082763680607 1
1 1082763680610 1
1 1082763680611 1
1 1082763680614 1
1 1082763680615 1
1 1082763680618 1
1 1082763680619 1
1 1082763680622 1
1 1082763680623 1
1 1082763680626 1
1 1082763680627 1
1 1082763680669 1
1 1082763680670 4
1 1082763680671 1
1 1082763680673 1
1 1082763680674 4
1 1082763680675 1
1 1082763680677 1
1 1082763680678 4
1 1082763680679 1
1 1082763680681 1
1 1082763680682 4
1 1082763680683 1
1 1082763680685 1
1 1082763680686 4
1 1082763680687 1
1 1082763680689 1
1 1082763680690 4
1 1082763680691 1
1 1082763680732 1
1 1082763680733 4
1 1082763680734 1
1 1082763680736 1
1 1082763680737 4
1 1082763680738 1
1 1082763680740 1
1 1082763680741 4
1 1082763680742 1
1 1082763680744 1
1 1082763680745 4
1 1082763680746 1
1 1082763680748 1
1 1082763680749 4
1 1082763680750 1
1 1082763680752 1
1 1082763680753 4
1 1082763680754 1
1 1082763680829 1
1 1082763680830 4
1 1082763680831 1
1 1082763680833 1
1 1082763680834 4
1 1082763680835 1
1 1082763680837 1
1 1082763680838 4
1 1082763680839 1
1 1082763680841 1
1 1082763680842 4
1 1082763680843 1
1 1082763680845 1
1 1082763680846 4
1 1082763680847 1
1 1082763680849 1
1 1082763680850 4
1 1082763680851 1
1 1082763680892 1
1 1082763680893 4
1 1082763680894 1
1 1082763680896 1
1 1082763680897 4
1 1082763680898 1
1 1082763680900 1
1 1082763680901 4
1 1082763680902 1
1 1082763680904 1
1 1082763680905 4
1 1082763680906 1
1 1082763680908 1
1 1082763680909 4
1 1082763680910 1
1 1082763680912 1
1 1082763680913 4
1 1082763680914 1
1 1082763680956 4
1 1082763680957 1
1 1082763680960 4
1 1082763680961 1
1 1082763680964 4
1 1082763680965 1
1 1082763680968 4
1 1082763680969 1
1 1082763680972 4
1 1082763680973 1
1 1082763680976 4
1 1082763680977 1
1 1082763681006 1
1 1082763681007 1
1 1082763681010 1
1 1082763681011 1
1 1082763681014 1
1 1082763681015 1
1 1082763681018 1
1 1082763681019 1
1 1082763681022 1
1 1082763681023 1
1 1082763681026 1
1 1082763681027 1
1 1082763681069 1
1 1082763681070 4
1 1082763681071 1
1 1082763681073 1
1 1082763681074 4
1 1082763681075 1
1 1082763681077 1
1 1082763681078 4
1 1082763681079 1
1 1082763681081 1
1 1082763681082 4
1 1082763681083 1
1 1082763681085 1
1 1082763681086 4
1 1082763681087 1
1 1082763681089 1
1 1082763681090 4
1 1082763681091 1
1 1082763681132 1
1 1082763681133 4
1 1082763681134 1
1 1082763681136 1
1 1082763681137 4
1 1082763681138 1
1 1082763681140 1
1 1082763681141 4
1 1082763681142 1
1 1082763681144 1
1 1082763681145 4
1 1082763681146 1
1 1082763681148 1
1 1082763681149 4
1 1082763681150 1
1 1082763681152 1
1 1082763681153 4
1 1082763681154 1
1 1082763681229 1
1 1082763681230 4
1 1082763681231 1
1 1082763681233 1
1 1082763681234 4
1 1082763681235 1
1 1082763681237 1
1 1082763681238 4
1 1082763681239 1
1 1082763681241 1
1 1082763681242 4
1 1082763681243 1
1 1082763681245 1
1 1082763681246 4
1 1082763681247 1
1 1082763681249 1
1 1082763681250 4
1 1082763681251 1
1 1082763681292 1
1 1082763681293 4
1 1082763681294 1
1 1082763681296 1
1 1082763681297 4
1 1082763681298 1
1 1082763681300 1
1 1082763681301 4
1 1082763681302 1
1 1082763681304 1
1 1082763681305 4
1 1082763681306 1
1 1082763681308 1
1 1082763681309 4
1 1082763681310 1
1 1082763681312 1
1 1082763681313 4
1 1082763681314 1
1 1082763681356 4
1 1082763681357 1
1 1082763681360 4
1 1082763681361 1
1 1082763681364 4
1 1082763681365 1
1 1082763681368 4
1 1082763681369 1
1 1082763681372 4
1 1082763681373 1
1 1082763681376 4
1 1082763681377 1
1 1082763681406 1
1 1082763681407 1
1 1082763681410 1
1 1082763681411 1
1 1082763681414 1
1 1082763681415 1
1 1082763681418 1
1 1082763681419 1
1 1082763681422 1
1 1082763681423 1
1 1082763681426 1
1 1082763681427 1
1 1082763681469 1
1 1082763681470 4
1 1082763681471 1
1 1082763681473 1
1 1082763681474 4
1 1082763681475 1
1 1082763681477 1
1 1082763681478 4
1 1082763681479 1
1 1082763681481 1
1 1082763681482 4
1 1082763681483 1
1 1082763681485 1
1 1082763681486 4
1 1082763681487 1
1 1082763681489 1
1 1082763681490 4
1 1082763681491 1
1 1082763681532 1
1 1082763681533 4
1 1082763681534 1
1 1082763681536 1
1 1082763681537 4
1 1082763681538 1
1 1082763681540 1
1 1082763681541 4
1 1082763681542 1
1 1082763681544 1
1 1082763681545 4
1 1082763681546 1
1 1082763681548 1
1 1082763681549 4
1 1082763681550 1
1 1082763681552 1
1 1082763681553 4
1 1082763681554 1
1 1082763681629 1
1 1082763681630 4
1 1082763681631 1
1 1082763681633 1
1 1082763681634 4
1 1082763681635 1
1 1082763681637 1
1 1082763681638 4
1 1082763681639 1
1 1082763681641 1
1 1082763681642 4
1 1082763681643 1
1 1082763681645 1
1 1082763681646 4
1 1082763681647 1
1 1082763681649 1
1 1082763681650 4
1 1082763681651 1
1 1082763681692 1
1 1082763681693 4
1 1082763681694 1
1 1082763681696 1
1 1082763681697 4
1 1082763681698 1
1 1082763681700 1
1 1082763681701 4
1 1082763681702 1
1 1082763681704 1
1 1082763681705 4
1 1082763681706 1
1 1082763681708 1
1 1082763681709 4
1 1082763681710 1
1 1082763681712 1
1 1082763681713 4
1 1082763681714 1
1 1082763681756 4
1 1082763681757 1
1 1082763681760 4
1 1082763681761 1
1 1082763681764 4
1 1082763681765 1
1 1082763681768 4
1 1082763681769 1
1 1082763681772 4
1 1082763681773 1
1 1082763681776 4
1 1082763681777 1
1 1082763681806 1
1 1082763681807 1
1 1082763681810 1
1 1082763681811 1
1 1082763681814 1
1 1082763681815 1
1 1082763681818 1
1 1082763681819 1
1 1082763681822 1
1 1082763681823 1
1 1082763681826 1
1 1082763681827 1
1 1082763681869 1
1 1082763681870 4
1 1082763681871 1
1 1082763681873 1
1 1082763681874 4
1 1082763681875 1
1 1082763681877 1
1 1082763681878 4
1 1082763681879 1
1 1082763681881 1
1 1082763681882 4
1 1082763681883 1
1 1082763681885 1
1 1082763681886 4
1 1082763681887 1
1 1082763681889 1
1 1082763681890 4
1 1082763681891 1
1 1082763681932 1
1 1082763681933 4
1 1082763681934 1
1 1082763681936 1
1 1082763681937 4
1 1082763681938 1
1 1082763681940 1
1 1082763681941 4
1 1082763681942 1
1 1082763681944 1
1 1082763681945 4
1 1082763681946 1
1 1082763681948 1
1 1082763681949 4
1 1082763681950 1
1 1082763681952 1
1 1082763681953 4
1 1082763681954 1
1 1082763682029 1
1 1082763682030 4
1 1082763682031 1
1 1082763682033 1
1 1082763682034 4
1 1082763682035 1
1 1082763682037 1
1 1082763682038 4
1 1082763682039 1
1 1082763682041 1
1 1082763682042 4
1 1082763682043 1
1 1082763682045 1
1 1082763682046 4
1 1082763682047 1
1 1082763682049 1
1 1082763682050 4
1 1082763682051 1
1 1082763682092 1
1 1082763682093 4
1 1082763682094 1
1 1082763682096 1
1 1082763682097 4
1 1082763682098 1
1 1082763682100 1
1 1082763682101 4
1 1082763682102 1
1 1082763682104 1
1 1082763682105 4
1 1082763682106 1
1 1082763682108 1
1 1082763682109 4
1 1082763682110 1
1 1082763682112 1
1 1082763682113 4
1 1082763682114 1
1 1082763682156 4
1 1082763682157 1
1 1082763682160 4
1 1082763682161 1
1 1082763682164 4
1 1082763682165 1
1 1082763682168 4
1 1082763682169 1
1 1082763682172 4
1 1082763682173 1
1 1082763682176 4
1 1082763682177 1
1 1082763682206 1
1 1082763682207 1
1 1082763682210 1
1 1082763682211 1
1 1082763682214 1
1 1082763682215 1
1 1082763682218 1
1 1082763682219 1
1 1082763682222 1
1 1082763682223 1
1 1082763682226 1
1 1082763682227 1
1 1082763682269 1
1 1082763682270 4
1 1082763682271 1
1 1082763682273 1
1 1082763682274 4
1 1082763682275 1
1 1082763682277 1
1 1082763682278 4
1 1082763682279 1
1 1082763682281 1
1 1082763682282 4
1 1082763682283 1
1 1082763682285 1
1 1082763682286 4
1 1082763682287 1
1 1082763682289 1
1 1082763682290 4
1 1082763682291 1
1 1082763682332 1
1 1082763682333 4
1 1082763682334 1
1 1082763682336 1
1 1082763682337 4
1 1082763682338 1
1 1082763682340 1
1 1082763682341 4
1 1082763682342 1
1 1082763682344 1
1 1082763682345 4
1 1082763682346 1
1 1082763682348 1
1 1082763682349 4
1 1082763682350 1
1 1082763682352 1
1 1082763682353 4
1 1082763682354 1
1 1082763682429 1
1 1082763682430 4
1 1082763682431 1
1 1082763682433 1
1 1082763682434 4
1 1082763682435 1
1 1082763682437 1
1 1082763682438 4
1 1082763682439 1
1 1082763682441 1
1 1082763682442 4
1 1082763682443 1
1 1082763682445 1
1 1082763682446 4
1 1082763682447 1
1 1082763682449 1
1 1082763682450 4
1 1082763682451 1
1 1082763682492 1
1 1082763682493 4
1 1082763682494 1
1 1082763682496 1
1 1082763682497 4
1 1082763682498 1
1 1082763682500 1
1 1082763682501 4
1 1082763682502 1
1 1082763682504 1
1 1082763682505 4
1 1082763682506 1
1 1082763682508 1
1 1082763682509 4
1 1082763682510 1
1 1082763682512 1
1 1082763682513 4
1 1082763682514 1
1 1082763682556 4
1 1082763682557 1
1 1082763682560 4
1 1082763682561 1
1 1082763682564 4
1 1082763682565 1
1 1082763682568 4
1 1082763682569 1
1 1082763682572 4
1 1082763682573 1
1 1082763682576 4
1 1082763682577 1
1 1082763682606 1
1 1082763682607 1
1 1082763682610 1
1 1082763682611 1
1 1082763682614 1
1 1082763682615 1
1 1082763682618 1
1 1082763682619 1
1 1082763682622 1
1 1082763682623 1
1 1082763682626 1
1 1082763682627 1
1 1082763682669 1
1 1082763682670 4
1 1082763682671 1
1 1082763682673 1
1 1082763682674 4
1 1082763682675 1
1 1082763682677 1
1 1082763682678 4
1 1082763682679 1
1 1082763682681 1
1 1082763682682 4
1 1082763682683 1
1 1082763682685 1
1 1082763682686 4
1 1082763682687 1
1 1082763682689 1
1 1082763682690 4
1 1082763682691 1
1 1082763682732 1
1 1082763682733 4
1 1082763682734 1
1 1082763682736 1
1 1082763682737 4
1 1082763682738 1
1 1082763682740 1
1 1082763682741 4
1 1082763682742 1
1 1082763682744 1
1 1082763682745 4
1 1082763682746 1
1 1082763682748 1
1 1082763682749 4
1 1082763682750 1
1 1082763682752 1
1 1082763682753 4
1 1082763682754 1
1 1082763682829 1
1 1082763682830 4
1 1082763682831 1
1 1082763682833 1
1 1082763682834 4
1 1082763682835 1
1 1082763682837 1
1 1082763682838 4
1 1082763682839 1
1 1082763682841 1
1 1082763682842 4
1 1082763682843 1
1 1082763682845 1
1 1082763682846 4
1 1082763682847 1
1 1082763682849 1
1 1082763682850 4
1 1082763682851 1
1 1082763682892 1
1 1082763682893 4
1 1082763682894 1
1 1082763682896 1
1 1082763682897 4
1 1082763682898 1
1 1082763682900 1
1 1082763682901 4
1 1082763682902 1
1 1082763682904 1
1 1082763682905 4
1 1082763682906 1
1 1082763682908 1
1 1082763682909 4
1 1082763682910 1
1 1082763682912 1
1 1082763682913 4
1 1082763682914 1
1 1082763682956 4
1 1082763682957 1
1 1082763682960 4
1 1082763682961 1
1 1082763682964 4
1 1082763682965 1
1 1082763682968 4
1 1082763682969 1
1 1082763682972 4
1 1082763682973 1
1 1082763682976 4
1 1082763682977 1
1 1082763683006 1
1 1082763683007 1
1 1082763683010 1
1 1082763683011 1
1 1082763683014 1
1 1082763683015 1
1 1082763683018 1
1 1082763683019 1
1 1082763683022 1
1 1082763683023 1
1 1082763683026 1
1 1082763683027 1
1 1082763683069 1
1 1082763683070 4
1 1082763683071 1
1 1082763683073 1
1 1082763683074 4
1 1082763683075 1
1 1082763683077 1
1 1082763683078 4
1 1082763683079 1
1 1082763683081 1
1 1082763683082 4
1 1082763683083 1
1 1082763683085 1
1 1082763683086 4
1 1082763683087 1
1 1082763683089 1
1 1082763683090 4
1 1082763683091 1
1 1082763683132 1
1 1082763683133 4
1 1082763683134 1
1 1082763683136 1
1 1082763683137 4
1 1082763683138 1
1 1082763683140 1
1 1082763683141 4
1 1082763683142 1
1 1082763683144 1
1 1082763683145 4
1 1082763683146 1
1 1082763683148 1
1 1082763683149 4
1 1082763683150 1
1 1082763683152 1
1 1082763683153 4
1 1082763683154 1
1 1082763683229 1
1 1082763683230 4
1 1082763683231 1
1 1082763683233 1
1 1082763683234 4
1 1082763683235 1
1 1082763683237 1
1 1082763683238 4
1 1082763683239 1
1 1082763683241 1
1 1082763683242 4
1 1082763683243 1
1 1082763683245 1
1 1082763683246 4
1 1082763683247 1
1 1082763683249 1
1 1082763683250 4
1 1082763683251 1
1 1082763683292 1
1 1082763683293 4
1 1082763683294 1
1 1082763683296 1
1 1082763683297 4
1 1082763683298 1
1 1082763683300 1
1 1082763683301 4
1 1082763683302 1
1 1082763683304 1
1 1082763683305 4
1 1082763683306 1
1 1082763683308 1
1 1082763683309 4
1 1082763683310 1
1 1082763683312 1
1 1082763683313 4
1 1082763683314 1
1 1082763683356 4
1 1082763683357 1
1 1082763683360 4
1 1082763683361 1
1 1082763683364 4
1 1082763683365 1
1 1082763683368 4
1 1082763683369 1
1 1082763683372 4
1 1082763683373 1
1 1082763683376 4
1 1082763683377 1
1 1082763683406 1
1 1082763683407 1
1 1082763683410 1
1 1082763683411 1
1 1082763683414 1
1 1082763683415 1
1 1082763683418 1
1 1082763683419 1
1 1082763683422 1
1 1082763683423 1
1 1082763683426 1
1 1082763683427 1
1 1082763683469 1
1 1082763683470 4
1 1082763683471 1
1 1082763683473 1
1 1082763683474 4
1 1082763683475 1
1 1082763683477 1
1 1082763683478 4
1 1082763683479 1
1 1082763683481 1
1 1082763683482 4
1 1082763683483 1
1 1082763683485 1
1 1082763683486 4
1 1082763683487 1
1 1082763683489 1
1 1082763683490 4
1 1082763683491 1
1 1082763683532 1
1 1082763683533 4
1 1082763683534 1
1 1082763683536 1
1 1082763683537 4
1 1082763683538 1
1 1082763683540 1
1 1082763683541 4
1 1082763683542 1
1 1082763683544 1
1 1082763683545 4
1 1082763683546 1
1 1082763683548 1
1 1082763683549 4
1 1082763683550 1
1 1082763683552 1
1 1082763683553 4
1 1082763683554 1
1 1082763683629 1
1 1082763683630 4
1 1082763683631 1
1 1082763683633 1
1 1082763683634 4
1 1082763683635 1
1 1082763683637 1
1 1082763683638 4
1 1082763683639 1
1 1082763683641 1
1 1082763683642 4
1 1082763683643 1
1 1082763683645 1
1 1082763683646 4
1 1082763683647 1
1 1082763683649 1
1 1082763683650 4
1 1082763683651 1
1 1082763683692 1
1 1082763683693 4
1 1082763683694 1
1 1082763683696 1
1 1082763683697 4
1 1082763683698 1
1 1082763683700 1
1 1082763683701 4
1 1082763683702 1
1 1082763683704 1
1 1082763683705 4
1 1082763683706 1
1 1082763683708 1
1 1082763683709 4
1 1082763683710 1
1 1082763683712 1
1 1082763683713 4
1 1082763683714 1
1 1082763683756 4
1 1082763683757 1
1 1082763683760 4
1 1082763683761 1
1 1082763683764 4
1 1082763683765 1
1 1082763683768 4
1 1082763683769 1
1 1082763683772 4
1 1082763683773 1
1 1082763683776 4
1 1082763683777 1
1 1082763683806 1
1 1082763683807 1
1 1082763683810 1
1 1082763683811 1
1 1082763683814 1
1 1082763683815 1
1 1082763683818 1
1 1082763683819 1
1 1082763683822 1
1 1082763683823 1
1 1082763683826 1
1 1082763683827 1
1 1082763683869 1
1 1082763683870 4
1 1082763683871 1
1 1082763683873 1
1 1082763683874 4
1 1082763683875 1
1 1082763683877 1
1 1082763683878 4
1 1082763683879 1
1 1082763683881 1
1 1082763683882 4
1 1082763683883 1
1 1082763683885 1
1 1082763683886 4
1 1082763683887 1
1 1082763683889 1
1 1082763683890 4
1 1082763683891 1
1 1082763683932 1
1 1082763683933 4
1 1082763683934 1
1 1082763683936 1
1 1082763683937 4
1 1082763683938 1
1 1082763683940 1
1 1082763683941 4
1 1082763683942 1
1 1082763683944 1
1 1082763683945 4
1 1082763683946 1
1 1082763683948 1
1 1082763683949 4
1 1082763683950 1
1 1082763683952 1
1 1082763683953 4
1 1082763683954 1
1 1082763684029 1
1 1082763684030 4
1 1082763684031 1
1 1082763684033 1
1 1082763684034 4
1 1082763684035 1
1 1082763684037 1
1 1082763684038 4
1 1082763684039 1
1 1082763684041 1
1 1082763684042 4
1 1082763684043 1
1 1082763684045 1
1 1082763684046 4
1 1082763684047 1
1 1082763684049 1
1 1082763684050 4
1 1082763684051 1
1 1082763684092 1
1 1082763684093 4
1 1082763684094 1
1 1082763684096 1
1 1082763684097 4
1 1082763684098 1
1 1082763684100 1
1 1082763684101 4
1 1082763684102 1
1 1082763684104 1
1 1082763684105 4
1 1082763684106 1
1 1082763684108 1
1 1082763684109 4
1 1082763684110 1
1 1082763684112 1
1 1082763684113 4
1 1082763684114 1
1 1082763684156 4
1 1082763684157 1
1 1082763684160 4
1 1082763684161 1
1 1082763684164 4
1 1082763684165 1
1 1082763684168 4
1 1082763684169 1
1 1082763684172 4
1 1082763684173 1
1 1082763684176 4
1 1082763684177 1
1 1082763684206 1
1 1082763684207 1
1 1082763684210 1
1 1082763684211 1
1 1082763684214 1
1 1082763684215 1
1 1082763684218 1
1 1082763684219 1
1 1082763684222 1
1 1082763684223 1
1 1082763684226 1
1 1082763684227 1
1 1082763684269 1
1 1082763684270 4
1 1082763684271 1
1 1082763684273 1
1 1082763684274 4
1 1082763684275 1
1 1082763684277 1
1 1082763684278 4
1 1082763684279 1
1 1082763684281 1
1 1082763684282 4
1 1082763684283 1
1 1082763684285 1
1 1082763684286 4
1 1082763684287 1
1 1082763684289 1
1 1082763684290 4
1 1082763684291 1
1 1082763684332 1
1 1082763684333 4
1 1082763684334 1
1 1082763684336 1
1 1082763684337 4
1 1082763684338 1
1 1082763684340 1
1 1082763684341 4
1 1082763684342 1
1 1082763684344 1
1 1082763684345 4
1 1082763684346 1
1 1082763684348 1
1 1082763684349 4
1 1082763684350 1
1 1082763684352 1
1 1082763684353 4
1 1082763684354 1
1 1082763684429 1
1 1082763684430 4
1 1082763684431 1
1 1082763684433 1
1 1082763684434 4
1 1082763684435 1
1 1082763684437 1
1 1082763684438 4
1 1082763684439 1
1 1082763684441 1
1 1082763684442 4
1 1082763684443 1
1 1082763684445 1
1 1082763684446 4
1 1082763684447 1
1 1082763684449 1
1 1082763684450 4
1 1082763684451 1
1 1082763684492 1
1 1082763684493 4
1 1082763684494 1
1 1082763684496 1
1 1082763684497 4
1 1082763684498 1
1 1082763684500 1
1 1082763684501 4
1 1082763684502 1
1 1082763684504 1
1 1082763684505 4
1 1082763684506 1
1 1082763684508 1
1 1082763684509 4
1 1082763684510 1
1 1082763684512 1
1 1082763684513 4
1 1082763684514 1
1 1082763684556 4
1 1082763684557 1
1 1082763684560 4
1 1082763684561 1
1 1082763684564 4
1 1082763684565 1
1 1082763684568 4
1 1082763684569 1
1 1082763684572 4
1 1082763684573 1
1 1082763684576 4
1 1082763684577 1
1 1082763684606 1
1 1082763684607 1
1 1082763684610 1
1 1082763684611 1
1 1082763684614 1
1 1082763684615 1
1 1082763684618 1
1 1082763684619 1
1 1082763684622 1
1 1082763684623 1
1 1082763684626 1
1 1082763684627 1
1 1082763684669 1
1 1082763684670 4
1 1082763684671 1
1 1082763684673 1
1 1082763684674 4
1 1082763684675 1
1 1082763684677 1
1 1082763684678 4
1 1082763684679 1
1 1082763684681 1
1 1082763684682 4
1 1082763684683 1
1 1082763684685 1
1 1082763684686 4
1 1082763684687 1
1 1082763684689 1
1 1082763684690 4
1 1082763684691 1
1 1082763684732 1
1 1082763684733 4
1 1082763684734 1
1 1082763684736 1
1 1082763684737 4
1 1082763684738 1
1 1082763684740 1
1 1082763684741 4
1 1082763684742 1
1 1082763684744 1
1 1082763684745 4
1 1082763684746 1
1 1082763684748 1
1 1082763684749 4
1 1082763684750 1
1 1082763684752 1
1 1082763684753 4
1 1082763684754 1
1 1082763684829 1
1 1082763684830 4
1 1082763684831 1
1 1082763684833 1
1 1082763684834 4
1 1082763684835 1
1 1082763684837 1
1 1082763684838 4
1 1082763684839 1
1 1082763684841 1
1 1082763684842 4
1 1082763684843 1
1 1082763684845 1
1 1082763684846 4
1 1082763684847 1
1 1082763684849 1
1 1082763684850 4
1 1082763684851 1
1 1082763684892 1
1 1082763684893 4
1 1082763684894 1
1 1082763684896 1
1 1082763684897 4
1 1082763684898 1
1 1082763684900 1
1 1082763684901 4
1 1082763684902 1
1 1082763684904 1
1 1082763684905 4
1 1082763684906 1
1 1082763684908 1
1 1082763684909 4
1 1082763684910 1
1 1082763684912 1
1 1082763684913 4
1 1082763684914 1
1 1082763684956 4
1 1082763684957 1
1 1082763684960 4
1 1082763684961 1
1 1082763684964 4
1 1082763684965 1
1 1082763684968 4
1 1082763684969 1
1 1082763684972 4
1 1082763684973 1
1 1082763684976 4
1 1082763684977 1
1 1082763685006 1
1 1082763685007 1
1 1082763685010 1
1 1082763685011 1
1 1082763685014 1
1 1082763685015 1
1 1082763685018 1
1 1082763685019 1
1 1082763685022 1
1 1082763685023 1
1 1082763685026 1
1 1082763685027 1
1 1082763685069 1
1 1082763685070 4
1 1082763685071 1
1 1082763685073 1
1 1082763685074 4
1 1082763685075 1
1 1082763685077 1
1 1082763685078 4
1 1082763685079 1
1 1082763685081 1
1 1082763685082 4
1 1082763685083 1
1 1082763685085 1
1 1082763685086 4
1 1082763685087 1
1 1082763685089 1
1 1082763685090 4
1 1082763685091 1
1 1082763685132 1
1 1082763685133 4
1 1082763685134 1
1 1082763685136 1
1 1082763685137 4
1 1082763685138 1
1 1082763685140 1
1 1082763685141 4
1 1082763685142 1
1 1082763685144 1
1 1082763685145 4
1 1082763685146 1
1 1082763685148 1
1 1082763685149 4
1 1082763685150 1
1 1082763685152 1
1 1082763685153 4
1 1082763685154 1
1 1082763685229 1
1 1082763685230 4
1 1082763685231 1
1 1082763685233 1
1 1082763685234 4
1 1082763685235 1
1 1082763685237 1
1 1082763685238 4
1 1082763685239 1
1 1082763685241 1
1 1082763685242 4
1 1082763685243 1
1 1082763685245 1
1 1082763685246 4
1 1082763685247 1
1 1082763685249 1
1 1082763685250 4
1 1082763685251 1
1 1082763685292 1
1 1082763685293 4
1 1082763685294 1
1 1082763685296 1
1 1082763685297 4
1 1082763685298 1
1 1082763685300 1
1 1082763685301 4
1 1082763685302 1
1 1082763685304 1
1 1082763685305 4
1 1082763685306 1
1 1082763685308 1
1 1082763685309 4
1 1082763685310 1
1 1082763685312 1
1 1082763685313 4
1 1082763685314 1
1 1082763685356 4
1 1082763685357 1
1 1082763685360 4
1 1082763685361 1
1 1082763685364 4
1 1082763685365 1
1 1082763685368 4
1 1082763685369 1
1 1082763685372 4
1 1082763685373 1
1 1082763685376 4
1 1082763685377 1
1 1082763685406 1
1 1082763685407 1
1 1082763685410 1
1 1082763685411 1
1 1082763685414 1
1 1082763685415 1
1 1082763685418 1
1 1082763685419 1
1 1082763685422 1
1 1082763685423 1
1 1082763685426 1
1 1082763685427 1
1 1082763685469 1
1 1082763685470 4
1 1082763685471 1
1 1082763685473 1
1 1082763685474 4
1 1082763685475 1
1 1082763685477 1
1 1082763685478 4
1 1082763685479 1
1 1082763685481 1
1 1082763685482 4
1 1082763685483 1
1 1082763685485 1
1 1082763685486 4
1 1082763685487 1
1 1082763685489 1
1 1082763685490 4
1 1082763685491 1
1 1082763685532 1
1 1082763685533 4
1 1082763685534 1
1 1082763685536 1
1 1082763685537 4
1 1082763685538 1
1 1082763685540 1
1 1082763685541 4
1 1082763685542 1
1 1082763685544 1
1 1082763685545 4
1 1082763685546 1
1 1082763685548 1
1 1082763685549 4
1 1082763685550 1
1 1082763685552 1
1 1082763685553 4
1 1082763685554 1
1 1082763685629 1
1 1082763685630 4
1 1082763685631 1
1 1082763685633 1
1 1082763685634 4
1 1082763685635 1
1 1082763685637 1
1 1082763685638 4
1 1082763685639 1
1 1082763685641 1
1 1082763685642 4
1 1082763685643 1
1 1082763685645 1
1 1082763685646 4
1 1082763685647 1
1 1082763685649 1
1 1082763685650 4
1 1082763685651 1
1 1082763685692 1
1 1082763685693 4
1 1082763685694 1
1 1082763685696 1
1 1082763685697 4
1 1082763685698 1
1 1082763685700 1
1 1082763685701 4
1 1082763685702 1
1 1082763685704 1
1 1082763685705 4
1 1082763685706 1
1 1082763685708 1
1 1082763685709 4
1 1082763685710 1
1 1082763685712 1
1 1082763685713 4
1 1082763685714 1
1 1082763685756 134
1 1082763685757 1
1 1082763685760 4
1 1082763685761 1
1 1082763685764 4
1 1082763685765 1
1 1082763685768 4
1 1082763685769 1
1 1082763685772 4
1 1082763685773 1
1 1082763685776 4
1 1082763685777 1
1 1082763685806 1
1 1082763685807 1
1 1082763685810 1
1 1082763685811 1
1 1082763685814 1
1 1082763685815 1
1 1082763685818 1
1 1082763685819 1
1 1082763685822 1
1 1082763685823 1
1 1082763685826 1
1 1082763685827 1
1 1082763685869 1
1 1082763685870 4
1 1082763685871 1
1 1082763685873 1
1 1082763685874 4
1 1082763685875 1
1 1082763685877 1
1 1082763685878 4
1 1082763685879 1
1 1082763685881 1
1 1082763685882 4
1 1082763685883 1
1 1082763685885 1
1 1082763685886 4
1 1082763685887 1
1 1082763685889 1
1 1082763685890 4
1 1082763685891 1
1 1082763685932 1
1 1082763685933 4
1 1082763685934 1
1 1082763685936 1
1 1082763685937 4
1 1082763685938 1
1 1082763685940 1
1 1082763685941 4
1 1082763685942 1
1 1082763685944 1
1 1082763685945 4
1 1082763685946 1
1 1082763685948 1
1 1082763685949 4
1 1082763685950 1
1 1082763685952 1
1 1082763685953 4
1 1082763685954 1
1 1082763686029 1
1 1082763686030 4
1 1082763686031 1
1 1082763686033 1
1 1082763686034 4
1 1082763686035 1
1 1082763686037 1
1 1082763686038 4
1 1082763686039 1
1 1082763686041 1
1 1082763686042 4
1 1082763686043 1
1 1082763686045 1
1 1082763686046 4
1 1082763686047 1
1 1082763686049 1
1 1082763686050 4
1 1082763686051 1
1 1082763686092 1
1 1082763686093 4
1 1082763686094 1
1 1082763686096 1
1 1082763686097 4
1 1082763686098 1
1 1082763686100 1
1 1082763686101 4
1 1082763686102 1
1 1082763686104 1
1 1082763686105 4
1 1082763686106 1
1 1082763686108 1
1 1082763686109 4
1 1082763686110 1
1 1082763686112 1
1 1082763686113 4
1 1082763686114 1
1 1082763686156 4
1 1082763686157 1
1 1082763686160 4
1 1082763686161 1
1 1082763686164 4
1 1082763686165 1
1 1082763686168 4
1 1082763686169 1
1 1082763686172 4
1 1082763686173 1
1 1082763686176 4
1 1082763686177 1
1 1082763686206 1
1 1082763686207 1
1 1082763686210 1
1 1082763686211 1
1 1082763686214 1
1 1082763686215 1
1 1082763686218 1
1 1082763686219 1
1 1082763686222 1
1 1082763686223 1
1 1082763686226 1
1 1082763686227 1
1 1082763686269 1
1 1082763686270 4
1 1082763686271 1
1 1082763686273 1
1 1082763686274 4
1 1082763686275 1
1 1082763686277 1
1 1082763686278 4
1 1082763686279 1
1 1082763686281 1
1 1082763686282 4
1 1082763686283 1
1 1082763686285 1
1 1082763686286 4
1 1082763686287 1
1 1082763686289 1
1 1082763686290 4
1 1082763686291 1
1 1082763686332 1
1 1082763686333 4
1 1082763686334 1
1 1082763686336 1
1 1082763686337 4
1 1082763686338 1
1 1082763686340 1
1 1082763686341 4
1 1082763686342 1
1 1082763686344 1
1 1082763686345 4
1 1082763686346 1
1 1082763686348 1
1 1082763686349 4
1 1082763686350 1
1 1082763686352 1
1 1082763686353 4
1 1082763686354 1
1 1082763686429 1
1 1082763686430 4
1 1082763686431 1
1 1082763686433 1
1 1082763686434 4
1 1082763686435 1
1 1082763686437 1
1 1082763686438 4
1 1082763686439 1
1 1082763686441 1
1 1082763686442 4
1 1082763686443 1
1 1082763686445 1
1 1082763686446 4
1 1082763686447 1
1 1082763686449 1
1 1082763686450 4
1 1082763686451 1
1 1082763686492 1
1 1082763686493 4
1 1082763686494 1
1 1082763686496 1
1 1082763686497 4
1 1082763686498 1
1 1082763686500 1
1 1082763686501 4
1 1082763686502 1
1 1082763686504 1
1 1082763686505 4
1 1082763686506 1
1 1082763686508 1
1 1082763686509 4
1 1082763686510 1
1 1082763686512 1
1 1082763686513 4
1 1082763686514 1
1 1082763686556 4
1 1082763686557 1
1 1082763686560 4
1 1082763686561 1
1 1082763686564 4
1 1082763686565 1
1 1082763686568 4
1 1082763686569 1
1 1082763686572 4
1 1082763686573 1
1 1082763686576 4
1 1082763686577 1
1 1082763686606 1
1 1082763686607 1
1 1082763686610 1
1 1082763686611 1
1 1082763686614 1
1 1082763686615 1
1 1082763686618 1
1 1082763686619 1
1 1082763686622 1
1 1082763686623 1
1 1082763686626 1
1 1082763686627 1
1 1082763686669 1
1 1082763686670 4
1 1082763686671 1
1 1082763686673 1
1 1082763686674 4
1 1082763686675 1
1 1082763686677 1
1 1082763686678 4
1 1082763686679 1
1 1082763686681 1
1 1082763686682 4
1 1082763686683 1
1 1082763686685 1
1 1082763686686 4
1 1082763686687 1
1 1082763686689 1
1 1082763686690 4
1 1082763686691 1
1 1082763686732 1
1 1082763686733 4
1 1082763686734 1
1 1082763686736 1
1 1082763686737 4
1 1082763686738 1
1 1082763686740 1
1 1082763686741 4
1 1082763686742 1
1 1082763686744 1
1 1082763686745 4
1 1082763686746 1
1 1082763686748 1
1 1082763686749 4
1 1082763686750 1
1 1082763686752 1
1 1082763686753 4
1 1082763686754 1
1 1082763686829 1
1 1082763686830 4
1 1082763686831 1
1 1082763686833 1
1 1082763686834 4
1 1082763686835 1
1 1082763686837 1
1 1082763686838 4
1 1082763686839 1
1 1082763686841 1
1 1082763686842 4
1 1082763686843 1
1 1082763686845 1
1 1082763686846 4
1 1082763686847 1
1 1082763686849 1
1 1082763686850 4
1 1082763686851 1
1 1082763686892 1
1 1082763686893 4
1 1082763686894 1
1 1082763686896 1
1 1082763686897 4
1 1082763686898 1
1 1082763686900 1
1 1082763686901 4
1 1082763686902 1
1 1082763686904 1
1 1082763686905 4
1 1082763686906 1
1 1082763686908 1
1 1082763686909 4
1 1082763686910 1
1 1082763686912 1
1 1082763686913 4
1 1082763686914 1
1 1082763686956 4
1 1082763686957 1
1 1082763686960 4
1 1082763686961 1
1 1082763686964 4
1 1082763686965 1
1 1082763686968 4
1 1082763686969 1
1 1082763686972 4
1 1082763686973 1
1 1082763686976 4
1 1082763686977 1
1 1082763687006 1
1 1082763687007 1
1 1082763687010 1
1 1082763687011 1
1 1082763687014 1
1 1082763687015 1
1 1082763687018 1
1 1082763687019 1
1 1082763687022 1
1 1082763687023 1
1 1082763687026 1
1 1082763687027 1
1 1082763687069 1
1 1082763687070 4
1 1082763687071 1
1 1082763687073 1
1 1082763687074 4
1 1082763687075 1
1 1082763687077 1
1 1082763687078 4
1 1082763687079 1
1 1082763687081 1
1 1082763687082 4
1 1082763687083 1
1 1082763687085 1
1 1082763687086 4
1 1082763687087 1
1 1082763687089 1
1 1082763687090 4
1 1082763687091 1
1 1082763687132 1
1 1082763687133 4
1 1082763687134 1
1 1082763687136 1
1 1082763687137 4
1 1082763687138 1
1 1082763687140 1
1 1082763687141 4
1 1082763687142 1
1 1082763687144 1
1 1082763687145 4
1 1082763687146 1
1 1082763687148 1
1 1082763687149 4
1 1082763687150 1
1 1082763687152 1
1 1082763687153 4
1 1082763687154 1
1 1082763687229 1
1 1082763687230 4
1 1082763687231 1
1 1082763687233 1
1 1082763687234 4
1 1082763687235 1
1 1082763687237 1
1 1082763687238 4
1 1082763687239 1
1 1082763687241 1
1 1082763687242 4
1 1082763687243 1
1 1082763687245 1
1 1082763687246 4
1 1082763687247 1
1 1082763687249 1
1 1082763687250 4
1 1082763687251 1
1 1082763687292 1
1 1082763687293 4
1 1082763687294 1
1 1082763687296 1
1 1082763687297 4
1 1082763687298 1
1 1082763687300 1
1 1082763687301 4
1 1082763687302 1
1 1082763687304 1
1 1082763687305 4
1 1082763687306 1
1 1082763687308 1
1 1082763687309 4
1 1082763687310 1
1 1082763687312 1
1 1082763687313 4
1 1082763687314 1
1 1082763687356 4
1 1082763687357 1
1 1082763687360 4
1 1082763687361 1
1 1082763687364 4
1 1082763687365 1
1 1082763687368 4
1 1082763687369 1
1 1082763687372 4
1 1082763687373 1
1 1082763687376 4
1 1082763687377 1
1 1082763687406 1
1 1082763687407 1
1 1082763687410 1
1 1082763687411 1
1 1082763687414 1
1 1082763687415 1
1 1082763687418 1
1 1082763687419 1
1 1082763687422 1
1 1082763687423 1
1 1082763687426 1
1 1082763687427 1
1 1082763687469 1
1 1082763687470 4
1 1082763687471 1
1 1082763687473 1
1 1082763687474 4
1 1082763687475 1
1 1082763687477 1
1 1082763687478 4
1 1082763687479 1
1 1082763687481 1
1 1082763687482 4
1 1082763687483 1
1 1082763687485 1
1 1082763687486 4
1 1082763687487 1
1 1082763687489 1
1 1082763687490 4
1 1082763687491 1
1 1082763687532 1
1 1082763687533 4
1 1082763687534 1
1 1082763687536 1
1 1082763687537 4
1 1082763687538 1
1 1082763687540 1
1 1082763687541 4
1 1082763687542 1
1 1082763687544 1
1 1082763687545 4
1 1082763687546 1
1 1082763687548 1
1 1082763687549 4
1 1082763687550 1
1 1082763687552 1
1 1082763687553 4
1 1082763687554 1
1 1082763687629 1
1 1082763687630 4
1 1082763687631 1
1 1082763687633 1
1 1082763687634 4
1 1082763687635 1
1 1082763687637 1
1 1082763687638 4
1 1082763687639 1
1 1082763687641 1
1 1082763687642 4
1 1082763687643 1
1 1082763687645 1
1 1082763687646 4
1 1082763687647 1
1 1082763687649 1
1 1082763687650 4
1 1082763687651 1
1 1082763687692 1
1 1082763687693 4
1 1082763687694 1
1 1082763687696 1
1 1082763687697 4
1 1082763687698 1
1 1082763687700 1
1 1082763687701 4
1 1082763687702 1
1 1082763687704 1
1 1082763687705 4
1 1082763687706 1
1 1082763687708 1
1 1082763687709 4
1 1082763687710 1
1 1082763687712 1
1 1082763687713 4
1 1082763687714 1
1 1082763687756 4
1 1082763687757 1
1 1082763687760 4
1 1082763687761 1
1 1082763687764 4
1 1082763687765 1
1 1082763687768 4
1 1082763687769 1
1 1082763687772 4
1 1082763687773 1
1 1082763687776 4
1 1082763687777 1
1 1082763687806 1
1 1082763687807 1
1 1082763687810 1
1 1082763687811 1
1 1082763687814 1
1 1082763687815 1
1 1082763687818 1
1 1082763687819 1
1 1082763687822 1
1 1082763687823 1
1 1082763687826 1
1 1082763687827 1
1 1082763687869 1
1 1082763687870 4
1 1082763687871 1
1 1082763687873 1
1 1082763687874 4
1 1082763687875 1
1 1082763687877 1
1 1082763687878 4
1 1082763687879 1
1 1082763687881 1
1 1082763687882 4
1 1082763687883 1
1 1082763687885 1
1 1082763687886 4
1 1082763687887 1
1 1082763687889 1
1 1082763687890 4
1 1082763687891 1
1 1082763687932 1
1 1082763687933 4
1 1082763687934 1
1 1082763687936 1
1 1082763687937 4
1 1082763687938 1
1 1082763687940 1
1 1082763687941 4
1 1082763687942 1
1 1082763687944 1
1 1082763687945 4
1 1082763687946 1
1 1082763687948 1
1 1082763687949 4
1 1082763687950 1
1 1082763687952 1
1 1082763687953 4
1 1082763687954 1
1 1082763688029 1
1 1082763688030 4
1 1082763688031 1
1 1082763688033 1
1 1082763688034 4
1 1082763688035 1
1 1082763688037 1
1 1082763688038 4
1 1082763688039 1
1 1082763688041 1
1 1082763688042 4
1 1082763688043 1
1 1082763688045 1
1 1082763688046 4
1 1082763688047 1
1 1082763688049 1
1 1082763688050 4
1 1082763688051 1
1 1082763688092 1
1 1082763688093 4
1 1082763688094 1
1 1082763688096 1
1 1082763688097 4
1 1082763688098 1
1 1082763688100 1
1 1082763688101 4
1 1082763688102 1
1 1082763688104 1
1 1082763688105 4
1 1082763688106 1
1 1082763688108 1
1 1082763688109 4
1 1082763688110 1
1 1082763688112 1
1 1082763688113 4
1 1082763688114 1
1 1082763688156 4
1 1082763688157 1
1 1082763688160 4
1 1082763688161 1
1 1082763688164 4
1 1082763688165 1
1 1082763688168 4
1 1082763688169 1
1 1082763688172 4
1 1082763688173 1
1 1082763688176 4
1 1082763688177 1
1 1082763688206 1
1 1082763688207 1
1 1082763688210 1
1 1082763688211 1
1 1082763688214 1
1 1082763688215 1
1 1082763688218 1
1 1082763688219 1
1 1082763688222 1
1 1082763688223 1
1 1082763688226 1
1 1082763688227 1
1 1082763688269 1
1 1082763688270 4
1 1082763688271 1
1 1082763688273 1
1 1082763688274 4
1 1082763688275 1
1 1082763688277 1
1 1082763688278 4
1 1082763688279 1
1 1082763688281 1
1 1082763688282 4
1 1082763688283 1
1 1082763688285 1
1 1082763688286 4
1 1082763688287 1
1 1082763688289 1
1 1082763688290 4
1 1082763688291 1
1 1082763688332 1
1 1082763688333 4
1 1082763688334 1
1 1082763688336 1
1 1082763688337 4
1 1082763688338 1
1 1082763688340 1
1 1082763688341 4
1 1082763688342 1
1 1082763688344 1
1 1082763688345 4
1 1082763688346 1
1 1082763688348 1
1 1082763688349 4
1 1082763688350 1
1 1082763688352 1
1 1082763688353 4
1 1082763688354 1
1 1082763688429 1
1 1082763688430 4
1 1082763688431 1
1 1082763688433 1
1 1082763688434 4
1 1082763688435 1
1 1082763688437 1
1 1082763688438 4
1 1082763688439 1
1 1082763688441 1
1 1082763688442 4
1 1082763688443 1
1 1082763688445 1
1 1082763688446 4
1 1082763688447 1
1 1082763688449 1
1 1082763688450 4
1 1082763688451 1
1 1082763688492 1
1 1082763688493 4
1 1082763688494 1
1 1082763688496 1
1 1082763688497 4
1 1082763688498 1
1 1082763688500 1
1 1082763688501 4
1 1082763688502 1
1 1082763688504 1
1 1082763688505 4
1 1082763688506 1
1 1082763688508 1
1 1082763688509 4
1 1082763688510 1
1 1082763688512 1
1 1082763688513 4
1 1082763688514 1
1 1082763688556 4
1 1082763688557 1
1 1082763688560 4
1 1082763688561 1
1 1082763688564 4
1 1082763688565 1
1 1082763688568 4
1 1082763688569 1
1 1082763688572 4
1 1082763688573 1
1 1082763688576 4
1 1082763688577 1
1 1082763688606 1
1 1082763688607 1
1 1082763688610 1
1 1082763688611 1
1 1082763688614 1
1 1082763688615 1
1 1082763688618 1
1 1082763688619 1
1 1082763688622 1
1 1082763688623 1
1 1082763688626 1
1 1082763688627 1
1 1082763688669 1
1 1082763688670 4
1 1082763688671 1
1 1082763688673 1
1 1082763688674 4
1 1082763688675 1
1 1082763688677 1
1 1082763688678 4
1 1082763688679 1
1 1082763688681 1
1 1082763688682 4
1 1082763688683 1
1 1082763688685 1
1 1082763688686 4
1 1082763688687 1
1 1082763688689 1
1 1082763688690 4
1 1082763688691 1
1 1082763688732 1
1 1082763688733 4
1 1082763688734 1
1 1082763688736 1
1 1082763688737 4
1 1082763688738 1
1 1082763688740 1
1 1082763688741 4
1 1082763688742 1
1 1082763688744 1
1 1082763688745 4
1 1082763688746 1
1 1082763688748 1
1 1082763688749 4
1 1082763688750 1
1 1082763688752 1
1 1082763688753 4
1 1082763688754 1
1 1082763688829 1
1 1082763688830 4
1 1082763688831 1
1 1082763688833 1
1 1082763688834 4
1 1082763688835 1
1 1082763688837 1
1 1082763688838 4
1 1082763688839 1
1 1082763688841 1
1 1082763688842 4
1 1082763688843 1
1 1082763688845 1
1 1082763688846 4
1 1082763688847 1
1 1082763688849 1
1 1082763688850 4
1 1082763688851 1
1 1082763688892 1
1 1082763688893 4
1 1082763688894 1
1 1082763688896 1
1 1082763688897 4
1 1082763688898 1
1 1082763688900 1
1 1082763688901 4
1 1082763688902 1
1 1082763688904 1
1 1082763688905 4
1 1082763688906 1
1 1082763688908 1
1 1082763688909 4
1 1082763688910 1
1 1082763688912 1
1 1082763688913 4
1 1082763688914 1
1 1082763688956 4
1 1082763688957 1
1 1082763688960 4
1 1082763688961 1
1 1082763688964 4
1 1082763688965 1
1 1082763688968 4
1 1082763688969 1
1 1082763688972 4
1 1082763688973 1
1 1082763688976 4
1 1082763688977 1
1 1082763689006 1
1 1082763689007 1
1 1082763689010 1
1 1082763689011 1
1 1082763689014 1
1 1082763689015 1
1 1082763689018 1
1 1082763689019 1
1 1082763689022 1
1 1082763689023 1
1 1082763689026 1
1 1082763689027 1
1 1082763689069 1
1 1082763689070 4
1 1082763689071 1
1 1082763689073 1
1 1082763689074 4
1 1082763689075 1
1 1082763689077 1
1 1082763689078 4
1 1082763689079 1
1 1082763689081 1
1 1082763689082 4
1 1082763689083 1
1 1082763689085 1
1 1082763689086 4
1 1082763689087 1
1 1082763689089 1
1 1082763689090 4
1 1082763689091 1
1 1082763689132 1
1 1082763689133 4
1 1082763689134 1
1 1082763689136 1
1 1082763689137 4
1 1082763689138 1
1 1082763689140 1
1 1082763689141 4
1 1082763689142 1
1 1082763689144 1
1 1082763689145 4
1 1082763689146 1
1 1082763689148 1
1 1082763689149 4
1 1082763689150 1
1 1082763689152 1
1 1082763689153 4
1 1082763689154 1
1 1082763689229 1
1 1082763689230 4
1 1082763689231 1
1 1082763689233 1
1 1082763689234 4
1 1082763689235 1
1 1082763689237 1
1 1082763689238 4
1 1082763689239 1
1 1082763689241 1
1 1082763689242 4
1 1082763689243 1
1 1082763689245 1
1 1082763689246 4
1 1082763689247 1
1 1082763689249 1
1 1082763689250 4
1 1082763689251 1
1 1082763689292 1
1 1082763689293 4
1 1082763689294 1
1 1082763689296 1
1 1082763689297 4
1 1082763689298 1
1 1082763689300 1
1 1082763689301 4
1 1082763689302 1
1 1082763689304 1
1 1082763689305 4
1 1082763689306 1
1 1082763689308 1
1 1082763689309 4
1 1082763689310 1
1 1082763689312 1
1 1082763689313 4
1 1082763689314 1
1 1082763689356 4
1 1082763689357 1
1 1082763689360 4
1 1082763689361 1
1 1082763689364 4
1 1082763689365 1
1 1082763689368 4
1 1082763689369 1
1 1082763689372 4
1 1082763689373 1
1 1082763689376 4
1 1082763689377 1
1 1082763689406 1
1 1082763689407 1
1 1082763689410 1
1 1082763689411 1
1 1082763689414 1
1 1082763689415 1
1 1082763689418 1
1 1082763689419 1
1 1082763689422 1
1 1082763689423 1
1 1082763689426 1
1 1082763689427 1
1 1082763689469 1
1 1082763689470 4
1 1082763689471 1
1 1082763689473 1
1 1082763689474 4
1 1082763689475 1
1 1082763689477 1
1 1082763689478 4
1 1082763689479 1
1 1082763689481 1
1 1082763689482 4
1 1082763689483 1
1 1082763689485 1
1 1082763689486 4
1 1082763689487 1
1 1082763689489 1
1 1082763689490 4
1 1082763689491 1
1 1082763689532 1
1 1082763689533 4
1 1082763689534 1
1 1082763689536 1
1 1082763689537 4
1 1082763689538 1
1 1082763689540 1
1 1082763689541 4
1 1082763689542 1
1 1082763689544 1
1 1082763689545 4
1 1082763689546 1
1 1082763689548 1
1 1082763689549 4
1 1082763689550 1
1 1082763689552 1
1 1082763689553 4
1 1082763689554 1
1 1082763689629 1
1 1082763689630 4
1 1082763689631 1
1 1082763689633 1
1 1082763689634 4
1 1082763689635 1
1 1082763689637 1
1 1082763689638 4
1 1082763689639 1
1 1082763689641 1
1 1082763689642 4
1 1082763689643 1
1 1082763689645 1
1 1082763689646 4
1 1082763689647 1
1 1082763689649 1
1 1082763689650 4
1 1082763689651 1
1 1082763689692 1
1 1082763689693 4
1 1082763689694 1
1 1082763689696 1
1 1082763689697 4
1 1082763689698 1
1 1082763689700 1
1 1082763689701 4
1 1082763689702 1
1 1082763689704 1
1 1082763689705 4
1 1082763689706 1
1 1082763689708 1
1 1082763689709 4
1 1082763689710 1
1 1082763689712 1
1 1082763689713 4
1 1082763689714 1
1 1082763689756 4
1 1082763689757 1
1 1082763689760 4
1 1082763689761 1
1 1082763689764 4
1 1082763689765 1
1 1082763689768 4
1 1082763689769 1
1 1082763689772 4
1 1082763689773 1
1 1082763689776 4
1 1082763689777 1
1 1082763689806 1
1 1082763689807 1
1 1082763689810 1
1 1082763689811 1
1 1082763689814 1
1 1082763689815 1
1 1082763689818 1
1 1082763689819 1
1 1082763689822 1
1 1082763689823 1
1 1082763689826 1
1 1082763689827 1
1 1082763689869 1
1 1082763689870 4
1 1082763689871 1
1 1082763689873 1
1 1082763689874 4
1 1082763689875 1
1 1082763689877 1
1 1082763689878 4
1 1082763689879 1
1 1082763689881 1
1 1082763689882 4
1 1082763689883 1
1 1082763689885 1
1 1082763689886 4
1 1082763689887 1
1 1082763689889 1
1 1082763689890 4
1 1082763689891 1
1 1082763689932 1
1 1082763689933 4
1 1082763689934 1
1 1082763689936 1
1 1082763689937 4
1 1082763689938 1
1 1082763689940 1
1 1082763689941 4
1 1082763689942 1
1 1082763689944 1
1 1082763689945 4
1 1082763689946 1
1 1082763689948 1
1 1082763689949 4
1 1082763689950 1
1 1082763689952 1
1 1082763689953 4
1 1082763689954 1
1 1082763690029 1
1 1082763690030 4
1 1082763690031 1
1 1082763690033 1
1 1082763690034 4
1 1082763690035 1
1 1082763690037 1
1 1082763690038 4
1 1082763690039 1
1 1082763690041 1
1 1082763690042 4
1 1082763690043 1
1 1082763690045 1
1 1082763690046 4
1 1082763690047 1
1 1082763690049 1
1 1082763690050 4
1 1082763690051 1
1 1082763690092 1
1 1082763690093 4
1 1082763690094 1
1 1082763690096 1
1 1082763690097 4
1 1082763690098 1
1 1082763690100 1
1 1082763690101 4
1 1082763690102 1
1 1082763690104 1
1 1082763690105 4
1 1082763690106 1
1 1082763690108 1
1 1082763690109 4
1 1082763690110 1
1 1082763690112 1
1 1082763690113 4
1 1082763690114 1
1 1082763690156 4
1 1082763690157 1
1 1082763690160 4
1 1082763690161 1
1 1082763690164 4
1 1082763690165 1
1 1082763690168 4
1 1082763690169 1
1 1082763690172 4
1 1082763690173 1
1 1082763690176 4
1 1082763690177 1
1 1082763690206 1
1 1082763690207 1
1 1082763690210 1
1 1082763690211 1
1 1082763690214 1
1 1082763690215 1
1 1082763690218 1
1 1082763690219 1
1 1082763690222 1
1 1082763690223 1
1 1082763690226 1
1 1082763690227 1
1 1082763690269 1
1 1082763690270 4
1 1082763690271 1
1 1082763690273 1
1 1082763690274 4
1 1082763690275 1
1 1082763690277 1
1 1082763690278 4
1 1082763690279 1
1 1082763690281 1
1 1082763690282 4
1 1082763690283 1
1 1082763690285 1
1 1082763690286 4
1 1082763690287 1
1 1082763690289 1
1 1082763690290 4
1 1082763690291 1
1 1082763690332 1
1 1082763690333 4
1 1082763690334 1
1 1082763690336 1
1 1082763690337 4
1 1082763690338 1
1 1082763690340 1
1 1082763690341 4
1 1082763690342 1
1 1082763690344 1
1 1082763690345 4
1 1082763690346 1
1 1082763690348 1
1 1082763690349 4
1 1082763690350 1
1 1082763690352 1
1 1082763690353 4
1 1082763690354 1
1 1082763690429 1
1 1082763690430 4
1 1082763690431 1
1 1082763690433 1
1 1082763690434 4
1 1082763690435 1
1 1082763690437 1
1 1082763690438 4
1 1082763690439 1
1 1082763690441 1
1 1082763690442 4
1 1082763690443 1
1 1082763690445 1
1 1082763690446 4
1 1082763690447 1
1 1082763690449 1
1 1082763690450 4
1 1082763690451 1
1 1082763690492 1
1 1082763690493 4
1 1082763690494 1
1 1082763690496 1
1 1082763690497 4
1 1082763690498 1
1 1082763690500 1
1 1082763690501 4
1 1082763690502 1
1 1082763690504 1
1 1082763690505 4
1 1082763690506 1
1 1082763690508 1
1 1082763690509 4
1 1082763690510 1
1 1082763690512 1
1 1082763690513 4
1 1082763690514 1
1 1082763690556 4
1 1082763690557 1
1 1082763690560 4
1 1082763690561 1
1 1082763690564 4
1 1082763690565 1
1 1082763690568 4
1 1082763690569 1
1 1082763690572 4
1 1082763690573 1
1 1082763690576 4
1 1082763690577 1
1 1082763690606 1
1 1082763690607 1
1 1082763690610 1
1 1082763690611 1
1 1082763690614 1
1 1082763690615 1
1 1082763690618 1
1 1082763690619 1
1 1082763690622 1
1 1082763690623 1
1 1082763690626 1
1 1082763690627 1
1 1082763690669 1
1 1082763690670 4
1 1082763690671 1
1 1082763690673 1
1 1082763690674 4
1 1082763690675 1
1 1082763690677 1
1 1082763690678 4
1 1082763690679 1
1 1082763690681 1
1 1082763690682 4
1 1082763690683 1
1 1082763690685 1
1 1082763690686 4
1 1082763690687 1
1 1082763690689 1
1 1082763690690 4
1 1082763690691 1
1 1082763690732 1
1 1082763690733 4
1 1082763690734 1
1 1082763690736 1
1 1082763690737 4
1 1082763690738 1
1 1082763690740 1
1 1082763690741 4
1 1082763690742 1
1 1082763690744 1
1 1082763690745 4
1 1082763690746 1
1 1082763690748 1
1 1082763690749 4
1 1082763690750 1
1 1082763690752 1
1 1082763690753 4
1 1082763690754 1
1 1082763690829 1
1 1082763690830 4
1 1082763690831 1
1 1082763690833 1
1 1082763690834 4
1 1082763690835 1
1 1082763690837 1
1 1082763690838 4
1 1082763690839 1
1 1082763690841 1
1 1082763690842 4
1 1082763690843 1
1 1082763690845 1
1 1082763690846 4
1 1082763690847 1
1 1082763690849 1
1 1082763690850 4
1 1082763690851 1
1 1082763690892 1
1 1082763690893 4
1 1082763690894 1
1 1082763690896 1
1 1082763690897 4
1 1082763690898 1
1 1082763690900 1
1 1082763690901 4
1 1082763690902 1
1 1082763690904 1
1 1082763690905 4
1 1082763690906 1
1 1082763690908 1
1 1082763690909 4
1 1082763690910 1
1 1082763690912 1
1 1082763690913 4
1 1082763690914 1
1 1082763690956 4
1 1082763690957 1
1 1082763690960 4
1 1082763690961 1
1 1082763690964 4
1 1082763690965 1
1 1082763690968 4
1 1082763690969 1
1 1082763690972 4
1 1082763690973 1
1 1082763690976 4
1 1082763690977 1
1 1082763691006 1
1 1082763691007 1
1 1082763691010 1
1 1082763691011 1
1 1082763691014 1
1 1082763691015 1
1 1082763691018 1
1 1082763691019 1
1 1082763691022 1
1 1082763691023 1
1 1082763691026 1
1 1082763691027 1
1 1082763691069 1
1 1082763691070 4
1 1082763691071 1
1 1082763691073 1
1 1082763691074 4
1 1082763691075 1
1 1082763691077 1
1 1082763691078 4
1 1082763691079 1
1 1082763691081 1
1 1082763691082 4
1 1082763691083 1
1 1082763691085 1
1 1082763691086 4
1 1082763691087 1
1 1082763691089 1
1 1082763691090 4
1 1082763691091 1
1 1082763691132 1
1 1082763691133 4
1 1082763691134 1
1 1082763691136 1
1 1082763691137 4
1 1082763691138 1
1 1082763691140 1
1 1082763691141 4
1 1082763691142 1
1 1082763691144 1
1 1082763691145 4
1 1082763691146 1
1 1082763691148 1
1 1082763691149 4
1 1082763691150 1
1 1082763691152 1
1 1082763691153 4
1 1082763691154 1
1 1082763691229 1
1 1082763691230 4
1 1082763691231 1
1 1082763691233 1
1 1082763691234 4
1 1082763691235 1
1 1082763691237 1
1 1082763691238 4
1 1082763691239 1
1 1082763691241 1
1 1082763691242 4
1 1082763691243 1
1 1082763691245 1
1 1082763691246 4
1 1082763691247 1
1 1082763691249 1
1 1082763691250 4
1 1082763691251 1
1 1082763691292 1
1 1082763691293 4
1 1082763691294 1
1 1082763691296 1
1 1082763691297 4
1 1082763691298 1
1 1082763691300 1
1 1082763691301 4
1 1082763691302 1
1 1082763691304 1
1 1082763691305 4
1 1082763691306 1
1 1082763691308 1
1 1082763691309 4
1 1082763691310 1
1 1082763691312 1
1 1082763691313 4
1 1082763691314 1
1 1082763691356 4
1 1082763691357 1
1 1082763691360 4
1 1082763691361 1
1 1082763691364 4
1 1082763691365 1
1 1082763691368 4
1 1082763691369 1
1 1082763691372 4
1 1082763691373 1
1 1082763691376 4
1 1082763691377 1
1 1082763691406 1
1 1082763691407 1
1 1082763691410 1
1 1082763691411 1
1 1082763691414 1
1 1082763691415 1
1 1082763691418 1
1 1082763691419 1
1 1082763691422 1
1 1082763691423 1
1 1082763691426 1
1 1082763691427 1
1 1082763691469 1
1 1082763691470 4
1 1082763691471 1
1 1082763691473 1
1 1082763691474 4
1 1082763691475 1
1 1082763691477 1
1 1082763691478 4
1 1082763691479 1
1 1082763691481 1
1 1082763691482 4
1 1082763691483 1
1 1082763691485 1
1 1082763691486 4
1 1082763691487 1
1 1082763691489 1
1 1082763691490 4
1 1082763691491 1
1 1082763691532 1
1 1082763691533 4
1 1082763691534 1
1 1082763691536 1
1 1082763691537 4
1 1082763691538 1
1 1082763691540 1
1 1082763691541 4
1 1082763691542 1
1 1082763691544 1
1 1082763691545 4
1 1082763691546 1
1 1082763691548 1
1 1082763691549 4
1 1082763691550 1
1 1082763691552 1
1 1082763691553 4
1 1082763691554 1
1 1082763691629 1
1 1082763691630 4
1 1082763691631 1
1 1082763691633 1
1 1082763691634 4
1 1082763691635 1
1 1082763691637 1
1 1082763691638 4
1 1082763691639 1
1 1082763691641 1
1 1082763691642 4
1 1082763691643 1
1 1082763691645 1
1 1082763691646 4
1 1082763691647 1
1 1082763691649 1
1 1082763691650 4
1 1082763691651 1
1 1082763691692 1
1 1082763691693 4
1 1082763691694 1
1 1082763691696 1
1 1082763691697 4
1 1082763691698 1
1 1082763691700 1
1 1082763691701 4
1 1082763691702 1
1 1082763691704 1
1 1082763691705 4
1 1082763691706 1
1 1082763691708 1
1 1082763691709 4
1 1082763691710 1
1 1082763691712 1
1 1082763691713 4
1 1082763691714 1
1 1082763691756 4
1 1082763691757 1
1 1082763691760 4
1 1082763691761 1
1 1082763691764 4
1 1082763691765 1
1 1082763691768 4
1 1082763691769 1
1 1082763691772 4
1 1082763691773 1
1 1082763691776 4
1 1082763691777 1
1 1082763691806 1
1 1082763691807 1
1 1082763691810 1
1 1082763691811 1
1 1082763691814 1
1 1082763691815 1
1 1082763691818 1
1 1082763691819 1
1 1082763691822 1
1 1082763691823 1
1 1082763691826 1
1 1082763691827 1
1 1082763691869 1
1 1082763691870 4
1 1082763691871 1
1 1082763691873 1
1 1082763691874 4
1 1082763691875 1
1 1082763691877 1
1 1082763691878 4
1 1082763691879 1
1 1082763691881 1
1 1082763691882 4
1 1082763691883 1
1 1082763691885 1
1 1082763691886 4
1 1082763691887 1
1 1082763691889 1
1 1082763691890 4
1 1082763691891 1
1 1082763691932 1
1 1082763691933 4
1 1082763691934 1
1 1082763691936 1
1 1082763691937 4
1 1082763691938 1
1 1082763691940 1
1 1082763691941 4
1 1082763691942 1
1 1082763691944 1
1 1082763691945 4
1 1082763691946 1
1 1082763691948 1
1 1082763691949 4
1 1082763691950 1
1 1082763691952 1
1 1082763691953 4
1 1082763691954 1
1 1082763692029 1
1 1082763692030 4
1 1082763692031 1
1 1082763692033 1
1 1082763692034 4
1 1082763692035 1
1 1082763692037 1
1 1082763692038 4
1 1082763692039 1
1 1082763692041 1
1 1082763692042 4
1 1082763692043 1
1 1082763692045 1
1 1082763692046 4
1 1082763692047 1
1 1082763692049 1
1 1082763692050 4
1 1082763692051 1
1 1082763692092 1
1 1082763692093 4
1 1082763692094 1
1 1082763692096 1
1 1082763692097 4
1 1082763692098 1
1 1082763692100 1
1 1082763692101 4
1 1082763692102 1
1 1082763692104 1
1 1082763692105 4
1 1082763692106 1
1 1082763692108 1
1 1082763692109 4
1 1082763692110 1
1 1082763692112 1
1 1082763692113 4
1 1082763692114 1
1 1082763692156 4
1 1082763692157 1
1 1082763692160 4
1 1082763692161 1
1 1082763692164 4
1 1082763692165 1
1 1082763692168 4
1 1082763692169 1
1 1082763692172 4
1 1082763692173 1
1 1082763692176 4
1 1082763692177 1
1 1082763692206 1
1 1082763692207 1
1 1082763692210 1
1 1082763692211 1
1 1082763692214 1
1 1082763692215 1
1 1082763692218 1
1 1082763692219 1
1 1082763692222 1
1 1082763692223 1
1 1082763692226 1
1 1082763692227 1
1 1082763692269 1
1 1082763692270 4
1 1082763692271 1
1 1082763692273 1
1 1082763692274 4
1 1082763692275 1
1 1082763692277 1
1 1082763692278 4
1 1082763692279 1
1 1082763692281 1
1 1082763692282 4
1 1082763692283 1
1 1082763692285 1
1 1082763692286 4
1 1082763692287 1
1 1082763692289 1
1 1082763692290 4
1 1082763692291 1
1 1082763692332 1
1 1082763692333 4
1 1082763692334 1
1 1082763692336 1
1 1082763692337 4
1 1082763692338 1
1 1082763692340 1
1 1082763692341 4
1 1082763692342 1
1 1082763692344 1
1 1082763692345 4
1 1082763692346 1
1 1082763692348 1
1 1082763692349 4
1 1082763692350 1
1 1082763692352 1
1 1082763692353 4
1 1082763692354 1
1 1082763692429 1
1 1082763692430 4
1 1082763692431 1
1 1082763692433 1
1 1082763692434 4
1 1082763692435 1
1 1082763692437 1
1 1082763692438 4
1 1082763692439 1
1 1082763692441 1
1 1082763692442 4
1 1082763692443 1
1 1082763692445 1
1 1082763692446 4
1 1082763692447 1
1 1082763692449 1
1 1082763692450 4
1 1082763692451 1
1 1082763692492 1
1 1082763692493 4
1 1082763692494 1
1 1082763692496 1
1 1082763692497 4
1 1082763692498 1
1 1082763692500 1
1 1082763692501 4
1 1082763692502 1
1 1082763692504 1
1 1082763692505 4
1 1082763692506 1
1 1082763692508 1
1 1082763692509 4
1 1082763692510 1
1 1082763692512 1
1 1082763692513 4
1 1082763692514 1
1 1082763692556 4
1 1082763692557 1
1 1082763692560 4
1 1082763692561 1
1 1082763692564 4
1 1082763692565 1
1 1082763692568 4
1 1082763692569 1
1 1082763692572 4
1 1082763692573 1
1 1082763692576 4
1 1082763692577 1
1 1082763692606 1
1 1082763692607 1
1 1082763692610 1
1 1082763692611 1
1 1082763692614 1
1 1082763692615 1
1 1082763692618 1
1 1082763692619 1
1 1082763692622 1
1 1082763692623 1
1 1082763692626 1
1 1082763692627 1
1 1082763692669 1
1 1082763692670 4
1 1082763692671 1
1 1082763692673 1
1 1082763692674 4
1 1082763692675 1
1 1082763692677 1
1 1082763692678 4
1 1082763692679 1
1 1082763692681 1
1 1082763692682 4
1 1082763692683 1
1 1082763692685 1
1 1082763692686 4
1 1082763692687 1
1 1082763692689 1
1 1082763692690 4
1 1082763692691 1
1 1082763692732 1
1 1082763692733 4
1 1082763692734 1
1 1082763692736 1
1 1082763692737 4
1 1082763692738 1
1 1082763692740 1
1 1082763692741 4
1 1082763692742 1
1 1082763692744 1
1 1082763692745 4
1 1082763692746 1
1 1082763692748 1
1 1082763692749 4
1 1082763692750 1
1 1082763692752 1
1 1082763692753 4
1 1082763692754 1
1 1082763692829 1
1 1082763692830 4
1 1082763692831 1
1 1082763692833 1
1 1082763692834 4
1 1082763692835 1
1 1082763692837 1
1 1082763692838 4
1 1082763692839 1
1 1082763692841 1
1 1082763692842 4
1 1082763692843 1
1 1082763692845 1
1 1082763692846 4
1 1082763692847 1
1 1082763692849 1
1 1082763692850 4
1 1082763692851 1
1 1082763692892 1
1 1082763692893 4
1 1082763692894 1
1 1082763692896 1
1 1082763692897 4
1 1082763692898 1
1 1082763692900 1
1 1082763692901 4
1 1082763692902 1
1 1082763692904 1
1 1082763692905 4
1 1082763692906 1
1 1082763692908 1
1 1082763692909 4
1 1082763692910 1
1 1082763692912 1
1 1082763692913 4
1 1082763692914 1
1 1082763692956 4
1 1082763692957 1
1 1082763692960 4
1 1082763692961 1
1 1082763692964 4
1 1082763692965 1
1 1082763692968 4
1 1082763692969 1
1 1082763692972 4
1 1082763692973 1
1 1082763692976 4
1 1082763692977 1
1 1082763693006 1
1 1082763693007 1
1 1082763693010 1
1 1082763693011 1
1 1082763693014 1
1 1082763693015 1
1 1082763693018 1
1 1082763693019 1
1 1082763693022 1
1 1082763693023 1
1 1082763693026 1
1 1082763693027 1
1 1082763693069 1
1 1082763693070 4
1 1082763693071 1
1 1082763693073 1
1 1082763693074 4
1 1082763693075 1
1 1082763693077 1
1 1082763693078 4
1 1082763693079 1
1 1082763693081 1
1 1082763693082 4
1 1082763693083 1
1 1082763693085 1
1 1082763693086 4
1 1082763693087 1
1 1082763693089 1
1 1082763693090 4
1 1082763693091 1
1 1082763693132 1
1 1082763693133 4
1 1082763693134 1
1 1082763693136 1
1 1082763693137 4
1 1082763693138 1
1 1082763693140 1
1 1082763693141 4
1 1082763693142 1
1 1082763693144 1
1 1082763693145 4
1 1082763693146 1
1 1082763693148 1
1 1082763693149 4
1 1082763693150 1
1 1082763693152 1
1 1082763693153 4
1 1082763693154 1
1 1082763693229 1
1 1082763693230 4
1 1082763693231 1
1 1082763693233 1
1 1082763693234 4
1 1082763693235 1
1 1082763693237 1
1 1082763693238 4
1 1082763693239 1
1 1082763693241 1
1 1082763693242 4
1 1082763693243 1
1 1082763693245 1
1 1082763693246 4
1 1082763693247 1
1 1082763693249 1
1 1082763693250 4
1 1082763693251 1
1 1082763693292 1
1 1082763693293 4
1 1082763693294 1
1 1082763693296 1
1 1082763693297 4
1 1082763693298 1
1 1082763693300 1
1 1082763693301 4
1 1082763693302 1
1 1082763693304 1
1 1082763693305 4
1 1082763693306 1
1 1082763693308 1
1 1082763693309 4
1 1082763693310 1
1 1082763693312 1
1 1082763693313 4
1 1082763693314 1
1 1082763693356 4
1 1082763693357 1
1 1082763693360 4
1 1082763693361 1
1 1082763693364 4
1 1082763693365 1
1 1082763693368 4
1 1082763693369 1
1 1082763693372 4
1 1082763693373 1
1 1082763693376 4
1 1082763693377 1
1 1082763693406 1
1 1082763693407 1
1 1082763693410 1
1 1082763693411 1
1 1082763693414 1
1 1082763693415 1
1 1082763693418 1
1 1082763693419 1
1 1082763693422 1
1 1082763693423 1
1 1082763693426 1
1 1082763693427 1
1 1082763693469 1
1 1082763693470 4
1 1082763693471 1
1 1082763693473 1
1 1082763693474 4
1 1082763693475 1
1 1082763693477 1
1 1082763693478 4
1 1082763693479 1
1 1082763693481 1
1 1082763693482 4
1 1082763693483 1
1 1082763693485 1
1 1082763693486 4
1 1082763693487 1
1 1082763693489 1
1 1082763693490 4
1 1082763693491 1
1 1082763693532 1
1 1082763693533 4
1 1082763693534 1
1 1082763693536 1
1 1082763693537 4
1 1082763693538 1
1 1082763693540 1
1 1082763693541 4
1 1082763693542 1
1 1082763693544 1
1 1082763693545 4
1 1082763693546 1
1 1082763693548 1
1 1082763693549 4
1 1082763693550 1
1 1082763693552 1
1 1082763693553 4
1 1082763693554 1
1 1082763693629 1
1 1082763693630 4
1 1082763693631 1
1 1082763693633 1
1 1082763693634 4
1 1082763693635 1
1 1082763693637 1
1 1082763693638 4
1 1082763693639 1
1 1082763693641 1
1 1082763693642 4
1 1082763693643 1
1 1082763693645 1
1 1082763693646 4
1 1082763693647 1
1 1082763693649 1
1 1082763693650 4
1 1082763693651 1
1 1082763693692 1
1 1082763693693 4
1 1082763693694 1
1 1082763693696 1
1 1082763693697 4
1 1082763693698 1
1 1082763693700 1
1 1082763693701 4
1 1082763693702 1
1 1082763693704 1
1 1082763693705 4
1 1082763693706 1
1 1082763693708 1
1 1082763693709 4
1 1082763693710 1
1 1082763693712 1
1 1082763693713 4
1 1082763693714 1
1 1082763693756 4
1 1082763693757 1
1 1082763693760 4
1 1082763693761 1
1 1082763693764 4
1 1082763693765 1
1 1082763693768 4
1 1082763693769 1
1 1082763693772 4
1 1082763693773 1
1 1082763693776 4
1 1082763693777 1
1 1082763693806 1
1 1082763693807 1
1 1082763693810 1
1 1082763693811 1
1 1082763693814 1
1 1082763693815 1
1 1082763693818 1
1 1082763693819 1
1 1082763693822 1
1 1082763693823 1
1 1082763693826 1
1 1082763693827 1
1 1082763693869 1
1 1082763693870 4
1 1082763693871 1
1 1082763693873 1
1 1082763693874 4
1 1082763693875 1
1 1082763693877 1
1 1082763693878 4
1 1082763693879 1
1 1082763693881 1
1 1082763693882 4
1 1082763693883 1
1 1082763693885 1
1 1082763693886 4
1 1082763693887 1
1 1082763693889 1
1 1082763693890 4
1 1082763693891 1
1 1082763693932 1
1 1082763693933 4
1 1082763693934 1
1 1082763693936 1
1 1082763693937 4
1 1082763693938 1
1 1082763693940 1
1 1082763693941 4
1 1082763693942 1
1 1082763693944 1
1 1082763693945 4
1 1082763693946 1
1 1082763693948 1
1 1082763693949 4
1 1082763693950 1
1 1082763693952 1
1 1082763693953 4
1 1082763693954 1
1 1082763694029 1
1 1082763694030 4
1 1082763694031 1
1 1082763694033 1
1 1082763694034 4
1 1082763694035 1
1 1082763694037 1
1 1082763694038 4
1 1082763694039 1
1 1082763694041 1
1 1082763694042 4
1 1082763694043 1
1 1082763694045 1
1 1082763694046 4
1 1082763694047 1
1 1082763694049 1
1 1082763694050 4
1 1082763694051 1
1 1082763694092 1
1 1082763694093 4
1 1082763694094 1
1 1082763694096 1
1 1082763694097 4
1 1082763694098 1
1 1082763694100 1
1 1082763694101 4
1 1082763694102 1
1 1082763694104 1
1 1082763694105 4
1 1082763694106 1
1 1082763694108 1
1 1082763694109 4
1 1082763694110 1
1 1082763694112 1
1 1082763694113 4
1 1082763694114 1
1 1082763694156 4
1 1082763694157 1
1 1082763694160 4
1 1082763694161 1
1 1082763694164 4
1 1082763694165 1
1 1082763694168 4
1 1082763694169 1
1 1082763694172 4
1 1082763694173 1
1 1082763694176 4
1 1082763694177 1
1 1082763694206 1
1 1082763694207 1
1 1082763694210 1
1 1082763694211 1
1 1082763694214 1
1 1082763694215 1
1 1082763694218 1
1 1082763694219 1
1 1082763694222 1
1 1082763694223 1
1 1082763694226 1
1 1082763694227 1
1 1082763694269 1
1 1082763694270 4
1 1082763694271 1
1 1082763694273 1
1 1082763694274 4
1 1082763694275 1
1 1082763694277 1
1 1082763694278 4
1 1082763694279 1
1 1082763694281 1
1 1082763694282 4
1 1082763694283 1
1 1082763694285 1
1 1082763694286 4
1 1082763694287 1
1 1082763694289 1
1 1082763694290 4
1 1082763694291 1
1 1082763694332 1
1 1082763694333 4
1 1082763694334 1
1 1082763694336 1
1 1082763694337 4
1 1082763694338 1
1 1082763694340 1
1 1082763694341 4
1 1082763694342 1
1 1082763694344 1
1 1082763694345 4
1 1082763694346 1
1 1082763694348 1
1 1082763694349 4
1 1082763694350 1
1 1082763694352 1
1 1082763694353 4
1 1082763694354 1
1 1082763694429 1
1 1082763694430 4
1 1082763694431 1
1 1082763694433 1
1 1082763694434 4
1 1082763694435 1
1 1082763694437 1
1 1082763694438 4
1 1082763694439 1
1 1082763694441 1
1 1082763694442 4
1 1082763694443 1
1 1082763694445 1
1 1082763694446 4
1 1082763694447 1
1 1082763694449 1
1 1082763694450 4
1 1082763694451 1
1 1082763694492 1
1 1082763694493 4
1 1082763694494 1
1 1082763694496 1
1 1082763694497 4
1 1082763694498 1
1 1082763694500 1
1 1082763694501 4
1 1082763694502 1
1 1082763694504 1
1 1082763694505 4
1 1082763694506 1
1 1082763694508 1
1 1082763694509 4
1 1082763694510 1
1 1082763694512 1
1 1082763694513 4
1 1082763694514 1
1 1082763694556 4
1 1082763694557 1
1 1082763694560 4
1 1082763694561 1
1 1082763694564 4
1 1082763694565 1
1 1082763694568 4
1 1082763694569 1
1 1082763694572 4
1 1082763694573 1
1 1082763694576 4
1 1082763694577 1
1 1082763694606 1
1 1082763694607 1
1 1082763694610 1
1 1082763694611 1
1 1082763694614 1
1 1082763694615 1
1 1082763694618 1
1 1082763694619 1
1 1082763694622 1
1 1082763694623 1
1 1082763694626 1
1 1082763694627 1
1 1082763694669 1
1 1082763694670 4
1 1082763694671 1
1 1082763694673 1
1 1082763694674 4
1 1082763694675 1
1 1082763694677 1
1 1082763694678 4
1 1082763694679 1
1 1082763694681 1
1 1082763694682 4
1 1082763694683 1
1 1082763694685 1
1 1082763694686 4
1 1082763694687 1
1 1082763694689 1
1 1082763694690 4
1 1082763694691 1
1 1082763694732 1
1 1082763694733 4
1 1082763694734 1
1 1082763694736 1
1 1082763694737 4
1 1082763694738 1
1 1082763694740 1
1 1082763694741 4
1 1082763694742 1
1 1082763694744 1
1 1082763694745 4
1 1082763694746 1
1 1082763694748 1
1 1082763694749 4
1 1082763694750 1
1 1082763694752 1
1 1082763694753 4
1 1082763694754 1
1 1082763694829 1
1 1082763694830 4
1 1082763694831 1
1 1082763694833 1
1 1082763694834 4
1 1082763694835 1
1 1082763694837 1
1 1082763694838 4
1 1082763694839 1
1 1082763694841 1
1 1082763694842 4
1 1082763694843 1
1 1082763694845 1
1 1082763694846 4
1 1082763694847 1
1 1082763694849 1
1 1082763694850 4
1 1082763694851 1
1 1082763694892 1
1 1082763694893 4
1 1082763694894 1
1 1082763694896 1
1 1082763694897 4
1 1082763694898 1
1 1082763694900 1
1 1082763694901 4
1 1082763694902 1
1 1082763694904 1
1 1082763694905 4
1 1082763694906 1
1 1082763694908 1
1 1082763694909 4
1 1082763694910 1
1 1082763694912 1
1 1082763694913 4
1 1082763694914 1
1 1082763694956 4
1 1082763694957 1
1 1082763694960 4
1 1082763694961 1
1 1082763694964 4
1 1082763694965 1
1 1082763694968 4
1 1082763694969 1
1 1082763694972 4
1 1082763694973 1
1 1082763694976 4
1 1082763694977 1
1 1082763695006 1
1 1082763695007 1
1 1082763695010 1
1 1082763695011 1
1 1082763695014 1
1 1082763695015 1
1 1082763695018 1
1 1082763695019 1
1 1082763695022 1
1 1082763695023 1
1 1082763695026 1
1 1082763695027 1
1 1082763695069 1
1 1082763695070 4
1 1082763695071 1
1 1082763695073 1
1 1082763695074 4
1 1082763695075 1
1 1082763695077 1
1 1082763695078 4
1 1082763695079 1
1 1082763695081 1
1 1082763695082 4
1 1082763695083 1
1 1082763695085 1
1 1082763695086 4
1 1082763695087 1
1 1082763695089 1
1 1082763695090 4
1 1082763695091 1
1 1082763695132 1
1 1082763695133 4
1 1082763695134 1
1 1082763695136 1
1 1082763695137 4
1 1082763695138 1
1 1082763695140 1
1 1082763695141 4
1 1082763695142 1
1 1082763695144 1
1 1082763695145 4
1 1082763695146 1
1 1082763695148 1
1 1082763695149 4
1 1082763695150 1
1 1082763695152 1
1 1082763695153 4
1 1082763695154 1
1 1082763695229 1
1 1082763695230 4
1 1082763695231 1
1 1082763695233 1
1 1082763695234 4
1 1082763695235 1
1 1082763695237 1
1 1082763695238 4
1 1082763695239 1
1 1082763695241 1
1 1082763695242 4
1 1082763695243 1
1 1082763695245 1
1 1082763695246 4
1 1082763695247 1
1 1082763695249 1
1 1082763695250 4
1 1082763695251 1
1 1082763695292 1
1 1082763695293 4
1 1082763695294 1
1 1082763695296 1
1 1082763695297 4
1 1082763695298 1
1 1082763695300 1
1 1082763695301 4
1 1082763695302 1
1 1082763695304 1
1 1082763695305 4
1 1082763695306 1
1 1082763695308 1
1 1082763695309 4
1 1082763695310 1
1 1082763695312 1
1 1082763695313 4
1 1082763695314 1
1 1082763695356 4
1 1082763695357 1
1 1082763695360 4
1 1082763695361 1
1 1082763695364 4
1 1082763695365 1
1 1082763695368 4
1 1082763695369 1
1 1082763695372 4
1 1082763695373 1
1 1082763695376 4
1 1082763695377 1
1 1082763695406 1
1 1082763695407 1
1 1082763695410 1
1 1082763695411 1
1 1082763695414 1
1 1082763695415 1
1 1082763695418 1
1 1082763695419 1
1 1082763695422 1
1 1082763695423 1
1 1082763695426 1
1 1082763695427 1
1 1082763695469 1
1 1082763695470 4
1 1082763695471 1
1 1082763695473 1
1 1082763695474 4
1 1082763695475 1
1 1082763695477 1
1 1082763695478 4
1 1082763695479 1
1 1082763695481 1
1 1082763695482 4
1 1082763695483 1
1 1082763695485 1
1 1082763695486 4
1 1082763695487 1
1 1082763695489 1
1 1082763695490 4
1 1082763695491 1
1 1082763695532 1
1 1082763695533 4
1 1082763695534 1
1 1082763695536 1
1 1082763695537 4
1 1082763695538 1
1 1082763695540 1
1 1082763695541 4
1 1082763695542 1
1 1082763695544 1
1 1082763695545 4
1 1082763695546 1
1 1082763695548 1
1 1082763695549 4
1 1082763695550 1
1 1082763695552 1
1 1082763695553 4
1 1082763695554 1
1 1082763695629 1
1 1082763695630 4
1 1082763695631 1
1 1082763695633 1
1 1082763695634 4
1 1082763695635 1
1 1082763695637 1
1 1082763695638 4
1 1082763695639 1
1 1082763695641 1
1 1082763695642 4
1 1082763695643 1
1 1082763695645 1
1 1082763695646 4
1 1082763695647 1
1 1082763695649 1
1 1082763695650 4
1 1082763695651 1
1 1082763695692 1
1 1082763695693 4
1 1082763695694 1
1 1082763695696 1
1 1082763695697 4
1 1082763695698 1
1 1082763695700 1
1 1082763695701 4
1 1082763695702 1
1 1082763695704 1
1 1082763695705 4
1 1082763695706 1
1 1082763695708 1
1 1082763695709 4
1 1082763695710 1
1 1082763695712 1
1 1082763695713 4
1 1082763695714 1
1 1082763695756 4
1 1082763695757 1
1 1082763695760 4
1 1082763695761 1
1 1082763695764 4
1 1082763695765 1
1 1082763695768 4
1 1082763695769 1
1 1082763695772 4
1 1082763695773 1
1 1082763695776 4
1 1082763695777 1
1 1082763695806 1
1 1082763695807 1
1 1082763695810 1
1 1082763695811 1
1 1082763695814 1
1 1082763695815 1
1 1082763695818 1
1 1082763695819 1
1 1082763695822 1
1 1082763695823 1
1 1082763695826 1
1 1082763695827 1
1 1082763695869 1
1 1082763695870 4
1 1082763695871 1
1 1082763695873 1
1 1082763695874 4
1 1082763695875 1
1 1082763695877 1
1 1082763695878 4
1 1082763695879 1
1 1082763695881 1
1 1082763695882 4
1 1082763695883 1
1 1082763695885 1
1 1082763695886 4
1 1082763695887 1
1 1082763695889 1
1 1082763695890 4
1 1082763695891 1
1 1082763695932 1
1 1082763695933 4
1 1082763695934 1
1 1082763695936 1
1 1082763695937 4
1 1082763695938 1
1 1082763695940 1
1 1082763695941 4
1 1082763695942 1
1 1082763695944 1
1 1082763695945 4
1 1082763695946 1
1 1082763695948 1
1 1082763695949 4
1 1082763695950 1
1 1082763695952 1
1 1082763695953 4
1 1082763695954 1
1 1082763696029 1
1 1082763696030 4
1 1082763696031 1
1 1082763696033 1
1 1082763696034 4
1 1082763696035 1
1 1082763696037 1
1 1082763696038 4
1 1082763696039 1
1 1082763696041 1
1 1082763696042 4
1 1082763696043 1
1 1082763696045 1
1 1082763696046 4
1 1082763696047 1
1 1082763696049 1
1 1082763696050 4
1 1082763696051 1
1 1082763696092 1
1 1082763696093 4
1 1082763696094 1
1 1082763696096 1
1 1082763696097 4
1 1082763696098 1
1 1082763696100 1
1 1082763696101 4
1 1082763696102 1
1 1082763696104 1
1 1082763696105 4
1 1082763696106 1
1 1082763696108 1
1 1082763696109 4
1 1082763696110 1
1 1082763696112 1
1 1082763696113 4
1 1082763696114 1
1 1082763696156 4
1 1082763696157 1
1 1082763696160 4
1 1082763696161 1
1 1082763696164 4
1 1082763696165 1
1 1082763696168 4
1 1082763696169 1
1 1082763696172 4
1 1082763696173 1
1 1082763696176 4
1 1082763696177 1
1 1082763696206 1
1 1082763696207 1
1 1082763696210 1
1 1082763696211 1
1 1082763696214 1
1 1082763696215 1
1 1082763696218 1
1 1082763696219 1
1 1082763696222 1
1 1082763696223 1
1 1082763696226 1
1 1082763696227 1
1 1082763696269 1
1 1082763696270 4
1 1082763696271 1
1 1082763696273 1
1 1082763696274 4
1 1082763696275 1
1 1082763696277 1
1 1082763696278 4
1 1082763696279 1
1 1082763696281 1
1 1082763696282 4
1 1082763696283 1
1 1082763696285 1
1 1082763696286 4
1 1082763696287 1
1 1082763696289 1
1 1082763696290 4
1 1082763696291 1
1 1082763696332 1
1 1082763696333 4
1 1082763696334 1
1 1082763696336 1
1 1082763696337 4
1 1082763696338 1
1 1082763696340 1
1 1082763696341 4
1 1082763696342 1
1 1082763696344 1
1 1082763696345 4
1 1082763696346 1
1 1082763696348 1
1 1082763696349 4
1 1082763696350 1
1 1082763696352 1
1 1082763696353 4
1 1082763696354 1
1 1082763696429 1
1 1082763696430 4
1 1082763696431 1
1 1082763696433 1
1 1082763696434 4
1 1082763696435 1
1 1082763696437 1
1 1082763696438 4
1 1082763696439 1
1 1082763696441 1
1 1082763696442 4
1 1082763696443 1
1 1082763696445 1
1 1082763696446 4
1 1082763696447 1
1 1082763696449 1
1 1082763696450 4
1 1082763696451 1
1 1082763696492 1
1 1082763696493 4
1 1082763696494 1
1 1082763696496 1
1 1082763696497 4
1 1082763696498 1
1 1082763696500 1
1 1082763696501 4
1 1082763696502 1
1 1082763696504 1
1 1082763696505 4
1 1082763696506 1
1 1082763696508 1
1 1082763696509 4
1 1082763696510 1
1 1082763696512 1
1 1082763696513 4
1 1082763696514 1
1 1082763696556 4
1 1082763696557 1
1 1082763696560 4
1 1082763696561 1
1 1082763696564 4
1 1082763696565 1
1 1082763696568 4
1 1082763696569 1
1 1082763696572 4
1 1082763696573 1
1 1082763696576 4
1 1082763696577 1
1 1082763696606 1
1 1082763696607 1
1 1082763696610 1
1 1082763696611 1
1 1082763696614 1
1 1082763696615 1
1 1082763696618 1
1 1082763696619 1
1 1082763696622 1
1 1082763696623 1
1 1082763696626 1
1 1082763696627 1
1 1082763696669 1
1 1082763696670 4
1 1082763696671 1
1 1082763696673 1
1 1082763696674 4
1 1082763696675 1
1 1082763696677 1
1 1082763696678 4
1 1082763696679 1
1 1082763696681 1
1 1082763696682 4
1 1082763696683 1
1 1082763696685 1
1 1082763696686 4
1 1082763696687 1
1 1082763696689 1
1 1082763696690 4
1 1082763696691 1
1 1082763696732 1
1 1082763696733 4
1 1082763696734 1
1 1082763696736 1
1 1082763696737 4
1 1082763696738 1
1 1082763696740 1
1 1082763696741 4
1 1082763696742 1
1 1082763696744 1
1 1082763696745 4
1 1082763696746 1
1 1082763696748 1
1 1082763696749 4
1 1082763696750 1
1 1082763696752 1
1 1082763696753 4
1 1082763696754 1
1 1082763696829 1
1 1082763696830 4
1 1082763696831 1
1 1082763696833 1
1 1082763696834 4
1 1082763696835 1
1 1082763696837 1
1 1082763696838 4
1 1082763696839 1
1 1082763696841 1
1 1082763696842 4
1 1082763696843 1
1 1082763696845 1
1 1082763696846 4
1 1082763696847 1
1 1082763696849 1
1 1082763696850 4
1 1082763696851 1
1 1082763696892 1
1 1082763696893 4
1 1082763696894 1
1 1082763696896 1
1 1082763696897 4
1 1082763696898 1
1 1082763696900 1
1 1082763696901 4
1 1082763696902 1
1 1082763696904 1
1 1082763696905 4
1 1082763696906 1
1 1082763696908 1
1 1082763696909 4
1 1082763696910 1
1 1082763696912 1
1 1082763696913 4
1 1082763696914 1
1 1082763696956 4
1 1082763696957 1
1 1082763696960 4
1 1082763696961 1
1 1082763696964 4
1 1082763696965 1
1 1082763696968 4
1 1082763696969 1
1 1082763696972 4
1 1082763696973 1
1 1082763696976 4
1 1082763696977 1
1 1082763697006 1
1 1082763697007 1
1 1082763697010 1
1 1082763697011 1
1 1082763697014 1
1 1082763697015 1
1 1082763697018 1
1 1082763697019 1
1 1082763697022 1
1 1082763697023 1
1 1082763697026 1
1 1082763697027 1
1 1082763697069 1
1 1082763697070 4
1 1082763697071 1
1 1082763697073 1
1 1082763697074 4
1 1082763697075 1
1 1082763697077 1
1 1082763697078 4
1 1082763697079 1
1 1082763697081 1
1 1082763697082 4
1 1082763697083 1
1 1082763697085 1
1 1082763697086 4
1 1082763697087 1
1 1082763697089 1
1 1082763697090 4
1 1082763697091 1
1 1082763697132 1
1 1082763697133 4
1 1082763697134 1
1 1082763697136 1
1 1082763697137 4
1 1082763697138 1
1 1082763697140 1
1 1082763697141 4
1 1082763697142 1
1 1082763697144 1
1 1082763697145 4
1 1082763697146 1
1 1082763697148 1
1 1082763697149 4
1 1082763697150 1
1 1082763697152 1
1 1082763697153 4
1 1082763697154 1
1 1082763697229 1
1 1082763697230 4
1 1082763697231 1
1 1082763697233 1
1 1082763697234 4
1 1082763697235 1
1 1082763697237 1
1 1082763697238 4
1 1082763697239 1
1 1082763697241 1
1 1082763697242 4
1 1082763697243 1
1 1082763697245 1
1 1082763697246 4
1 1082763697247 1
1 1082763697249 1
1 1082763697250 4
1 1082763697251 1
1 1082763697292 1
1 1082763697293 4
1 1082763697294 1
1 1082763697296 1
1 1082763697297 4
1 1082763697298 1
1 1082763697300 1
1 1082763697301 4
1 1082763697302 1
1 1082763697304 1
1 1082763697305 4
1 1082763697306 1
1 1082763697308 1
1 1082763697309 4
1 1082763697310 1
1 1082763697312 1
1 1082763697313 4
1 1082763697314 1
1 1082763697356 4
1 1082763697357 1
1 1082763697360 4
1 1082763697361 1
1 1082763697364 4
1 1082763697365 1
1 1082763697368 4
1 1082763697369 1
1 1082763697372 4
1 1082763697373 1
1 1082763697376 4
1 1082763697377 1
1 1082763697406 1
1 1082763697407 1
1 1082763697410 1
1 1082763697411 1
1 1082763697414 1
1 1082763697415 1
1 1082763697418 1
1 1082763697419 1
1 1082763697422 1
1 1082763697423 1
1 1082763697426 1
1 1082763697427 1
1 1082763697469 1
1 1082763697470 4
1 1082763697471 1
1 1082763697473 1
1 1082763697474 4
1 1082763697475 1
1 1082763697477 1
1 1082763697478 4
1 1082763697479 1
1 1082763697481 1
1 1082763697482 4
1 1082763697483 1
1 1082763697485 1
1 1082763697486 4
1 1082763697487 1
1 1082763697489 1
1 1082763697490 4
1 1082763697491 1
1 1082763697532 1
1 1082763697533 4
1 1082763697534 1
1 1082763697536 1
1 1082763697537 4
1 1082763697538 1
1 1082763697540 1
1 1082763697541 4
1 1082763697542 1
1 1082763697544 1
1 1082763697545 4
1 1082763697546 1
1 1082763697548 1
1 1082763697549 4
1 1082763697550 1
1 1082763697552 1
1 1082763697553 4
1 1082763697554 1
1 1082763697629 1
1 1082763697630 4
1 1082763697631 1
1 1082763697633 1
1 1082763697634 4
1 1082763697635 1
1 1082763697637 1
1 1082763697638 4
1 1082763697639 1
1 1082763697641 1
1 1082763697642 4
1 1082763697643 1
1 1082763697645 1
1 1082763697646 4
1 1082763697647 1
1 1082763697649 1
1 1082763697650 4
1 1082763697651 1
1 1082763697692 1
1 1082763697693 4
1 1082763697694 1
1 1082763697696 1
1 1082763697697 4
1 1082763697698 1
1 1082763697700 1
1 1082763697701 4
1 1082763697702 1
1 1082763697704 1
1 1082763697705 4
1 1082763697706 1
1 1082763697708 1
1 1082763697709 4
1 1082763697710 1
1 1082763697712 1
1 1082763697713 4
1 1082763697714 1
1 1082763697756 4
1 1082763697757 1
1 1082763697760 4
1 1082763697761 1
1 1082763697764 4
1 1082763697765 1
1 1082763697768 4
1 1082763697769 1
1 1082763697772 4
1 1082763697773 1
1 1082763697776 4
1 1082763697777 1
1 1082763697806 1
1 1082763697807 1
1 1082763697810 1
1 1082763697811 1
1 1082763697814 1
1 1082763697815 1
1 1082763697818 1
1 1082763697819 1
1 1082763697822 1
1 1082763697823 1
1 1082763697826 1
1 1082763697827 1
1 1082763697869 1
1 1082763697870 4
1 1082763697871 1
1 1082763697873 1
1 1082763697874 4
1 1082763697875 1
1 1082763697877 1
1 1082763697878 4
1 1082763697879 1
1 1082763697881 1
1 1082763697882 4
1 1082763697883 1
1 1082763697885 1
1 1082763697886 4
1 1082763697887 1
1 1082763697889 1
1 1082763697890 4
1 1082763697891 1
1 1082763697932 1
1 1082763697933 4
1 1082763697934 1
1 1082763697936 1
1 1082763697937 4
1 1082763697938 1
1 1082763697940 1
1 1082763697941 4
1 1082763697942 1
1 1082763697944 1
1 1082763697945 4
1 1082763697946 1
1 1082763697948 1
1 1082763697949 4
1 1082763697950 1
1 1082763697952 1
1 1082763697953 4
1 1082763697954 1
1 1082763698029 1
1 1082763698030 4
1 1082763698031 1
1 1082763698033 1
1 1082763698034 4
1 1082763698035 1
1 1082763698037 1
1 1082763698038 4
1 1082763698039 1
1 1082763698041 1
1 1082763698042 4
1 1082763698043 1
1 1082763698045 1
1 1082763698046 4
1 1082763698047 1
1 1082763698049 1
1 1082763698050 4
1 1082763698051 1
1 1082763698092 1
1 1082763698093 4
1 1082763698094 1
1 1082763698096 1
1 1082763698097 4
1 1082763698098 1
1 1082763698100 1
1 1082763698101 4
1 1082763698102 1
1 1082763698104 1
1 1082763698105 4
1 1082763698106 1
1 1082763698108 1
1 1082763698109 4
1 1082763698110 1
1 1082763698112 1
1 1082763698113 4
1 1082763698114 1
1 1082763698156 4
1 1082763698157 1
1 1082763698160 4
1 1082763698161 1
1 1082763698164 4
1 1082763698165 1
1 1082763698168 4
1 1082763698169 1
1 1082763698172 4
1 1082763698173 1
1 1082763698176 4
1 1082763698177 1
1 1082763698206 1
1 1082763698207 1
1 1082763698210 1
1 1082763698211 1
1 1082763698214 1
1 1082763698215 1
1 1082763698218 1
1 1082763698219 1
1 1082763698222 1
1 1082763698223 1
1 1082763698226 1
1 1082763698227 1
1 1082763698269 1
1 1082763698270 4
1 1082763698271 1
1 1082763698273 1
1 1082763698274 4
1 1082763698275 1
1 1082763698277 1
1 1082763698278 4
1 1082763698279 1
1 1082763698281 1
1 1082763698282 4
1 1082763698283 1
1 1082763698285 1
1 1082763698286 4
1 1082763698287 1
1 1082763698289 1
1 1082763698290 4
1 1082763698291 1
1 1082763698332 1
1 1082763698333 4
1 1082763698334 1
1 1082763698336 1
1 1082763698337 4
1 1082763698338 1
1 1082763698340 1
1 1082763698341 4
1 1082763698342 1
1 1082763698344 1
1 1082763698345 4
1 1082763698346 1
1 1082763698348 1
1 1082763698349 4
1 1082763698350 1
1 1082763698352 1
1 1082763698353 4
1 1082763698354 1
1 1082763698429 1
1 1082763698430 4
1 1082763698431 1
1 1082763698433 1
1 1082763698434 4
1 1082763698435 1
1 1082763698437 1
1 1082763698438 4
1 1082763698439 1
1 1082763698441 1
1 1082763698442 4
1 1082763698443 1
1 1082763698445 1
1 1082763698446 4
1 1082763698447 1
1 1082763698449 1
1 1082763698450 4
1 1082763698451 1
1 1082763698492 1
1 1082763698493 4
1 1082763698494 1
1 1082763698496 1
1 1082763698497 4
1 1082763698498 1
1 1082763698500 1
1 1082763698501 4
1 1082763698502 1
1 1082763698504 1
1 1082763698505 4
1 1082763698506 1
1 1082763698508 1
1 1082763698509 4
1 1082763698510 1
1 1082763698512 1
1 1082763698513 4
1 1082763698514 1
1 1082763698556 4
1 1082763698557 1
1 1082763698560 4
1 1082763698561 1
1 1082763698564 4
1 1082763698565 1
1 1082763698568 4
1 1082763698569 1
1 1082763698572 4
1 1082763698573 1
1 1082763698576 4
1 1082763698577 1
1 1082763698606 1
1 1082763698607 1
1 1082763698610 1
1 1082763698611 1
1 1082763698614 1
1 1082763698615 1
1 1082763698618 1
1 1082763698619 1
1 1082763698622 1
1 1082763698623 1
1 1082763698626 1
1 1082763698627 1
1 1082763698669 1
1 1082763698670 4
1 1082763698671 1
1 1082763698673 1
1 1082763698674 4
1 1082763698675 1
1 1082763698677 1
1 1082763698678 4
1 1082763698679 1
1 1082763698681 1
1 1082763698682 4
1 1082763698683 1
1 1082763698685 1
1 1082763698686 4
1 1082763698687 1
1 1082763698689 1
1 1082763698690 4
1 1082763698691 1
1 1082763698732 1
1 1082763698733 4
1 1082763698734 1
1 1082763698736 1
1 1082763698737 4
1 1082763698738 1
1 1082763698740 1
1 1082763698741 4
1 1082763698742 1
1 1082763698744 1
1 1082763698745 4
1 1082763698746 1
1 1082763698748 1
1 1082763698749 4
1 1082763698750 1
1 1082763698752 1
1 1082763698753 4
1 1082763698754 1
1 1082763698829 1
1 1082763698830 4
1 1082763698831 1
1 1082763698833 1
1 1082763698834 4
1 1082763698835 1
1 1082763698837 1
1 1082763698838 4
1 1082763698839 1
1 1082763698841 1
1 1082763698842 4
1 1082763698843 1
1 1082763698845 1
1 1082763698846 4
1 1082763698847 1
1 1082763698849 1
1 1082763698850 4
1 1082763698851 1
1 1082763698892 1
1 1082763698893 4
1 1082763698894 1
1 1082763698896 1
1 1082763698897 4
1 1082763698898 1
1 1082763698900 1
1 1082763698901 4
1 1082763698902 1
1 1082763698904 1
1 1082763698905 4
1 1082763698906 1
1 1082763698908 1
1 1082763698909 4
1 1082763698910 1
1 1082763698912 1
1 1082763698913 4
1 1082763698914 1
1 1082763698956 4
1 1082763698957 1
1 1082763698960 4
1 1082763698961 1
1 1082763698964 4
1 1082763698965 1
1 1082763698968 4
1 1082763698969 1
1 1082763698972 4
1 1082763698973 1
1 1082763698976 4
1 1082763698977 1
1 1082763699006 1
1 1082763699007 1
1 1082763699010 1
1 1082763699011 1
1 1082763699014 1
1 1082763699015 1
1 1082763699018 1
1 1082763699019 1
1 1082763699022 1
1 1082763699023 1
1 1082763699026 1
1 1082763699027 1
1 1082763699069 1
1 1082763699070 4
1 1082763699071 1
1 1082763699073 1
1 1082763699074 4
1 1082763699075 1
1 1082763699077 1
1 1082763699078 4
1 1082763699079 1
1 1082763699081 1
1 1082763699082 4
1 1082763699083 1
1 1082763699085 1
1 1082763699086 4
1 1082763699087 1
1 1082763699089 1
1 1082763699090 4
1 1082763699091 1
1 1082763699132 1
1 1082763699133 4
1 1082763699134 1
1 1082763699136 1
1 1082763699137 4
1 1082763699138 1
1 1082763699140 1
1 1082763699141 4
1 1082763699142 1
1 1082763699144 1
1 1082763699145 4
1 1082763699146 1
1 1082763699148 1
1 1082763699149 4
1 1082763699150 1
1 1082763699152 1
1 1082763699153 4
1 1082763699154 1
1 1082763699229 1
1 1082763699230 4
1 1082763699231 1
1 1082763699233 1
1 1082763699234 4
1 1082763699235 1
1 1082763699237 1
1 1082763699238 4
1 1082763699239 1
1 1082763699241 1
1 1082763699242 4
1 1082763699243 1
1 1082763699245 1
1 1082763699246 4
1 1082763699247 1
1 1082763699249 1
1 1082763699250 4
1 1082763699251 1
1 1082763699292 1
1 1082763699293 4
1 1082763699294 1
1 1082763699296 1
1 1082763699297 4
1 1082763699298 1
1 1082763699300 1
1 1082763699301 4
1 1082763699302 1
1 1082763699304 1
1 1082763699305 4
1 1082763699306 1
1 1082763699308 1
1 1082763699309 4
1 1082763699310 1
1 1082763699312 1
1 1082763699313 4
1 1082763699314 1
1 1082763699356 4
1 1082763699357 1
1 1082763699360 4
1 1082763699361 1
1 1082763699364 4
1 1082763699365 1
1 1082763699368 4
1 1082763699369 1
1 1082763699372 4
1 1082763699373 1
1 1082763699376 4
1 1082763699377 1
1 1082763699406 1
1 1082763699407 1
1 1082763699410 1
1 1082763699411 1
1 1082763699414 1
1 1082763699415 1
1 1082763699418 1
1 1082763699419 1
1 1082763699422 1
1 1082763699423 1
1 1082763699426 1
1 1082763699427 1
1 1082763699469 1
1 1082763699470 4
1 1082763699471 1
1 1082763699473 1
1 1082763699474 4
1 1082763699475 1
1 1082763699477 1
1 1082763699478 4
1 1082763699479 1
1 1082763699481 1
1 1082763699482 4
1 1082763699483 1
1 1082763699485 1
1 1082763699486 4
1 1082763699487 1
1 1082763699489 1
1 1082763699490 4
1 1082763699491 1
1 1082763699532 1
1 1082763699533 4
1 1082763699534 1
1 1082763699536 1
1 1082763699537 4
1 1082763699538 1
1 1082763699540 1
1 1082763699541 4
1 1082763699542 1
1 1082763699544 1
1 1082763699545 4
1 1082763699546 1
1 1082763699548 1
1 1082763699549 4
1 1082763699550 1
1 1082763699552 1
1 1082763699553 4
1 1082763699554 1
1 1082763699629 1
1 1082763699630 4
1 1082763699631 1
1 1082763699633 1
1 1082763699634 4
1 1082763699635 1
1 1082763699637 1
1 1082763699638 4
1 1082763699639 1
1 1082763699641 1
1 1082763699642 4
1 1082763699643 1
1 1082763699645 1
1 1082763699646 4
1 1082763699647 1
1 1082763699649 1
1 1082763699650 4
1 1082763699651 1
1 1082763699692 1
1 1082763699693 4
1 1082763699694 1
1 1082763699696 1
1 1082763699697 4
1 1082763699698 1
1 1082763699700 1
1 1082763699701 4
1 1082763699702 1
1 1082763699704 1
1 1082763699705 4
1 1082763699706 1
1 1082763699708 1
1 1082763699709 4
1 1082763699710 1
1 1082763699712 1
1 1082763699713 4
1 1082763699714 1
1 1082763699756 4
1 1082763699757 1
1 1082763699760 4
1 1082763699761 1
1 1082763699764 4
1 1082763699765 1
1 1082763699768 4
1 1082763699769 1
1 1082763699772 4
1 1082763699773 1
1 1082763699776 4
1 1082763699777 1
1 1082763699806 1
1 1082763699807 1
1 1082763699810 1
1 1082763699811 1
1 1082763699814 1
1 1082763699815 1
1 1082763699818 1
1 1082763699819 1
1 1082763699822 1
1 1082763699823 1
1 1082763699826 1
1 1082763699827 1
1 1082763699869 1
1 1082763699870 4
1 1082763699871 1
1 1082763699873 1
1 1082763699874 4
1 1082763699875 1
1 1082763699877 1
1 1082763699878 4
1 1082763699879 1
1 1082763699881 1
1 1082763699882 4
1 1082763699883 1
1 1082763699885 1
1 1082763699886 4
1 1082763699887 1
1 1082763699889 1
1 1082763699890 4
1 1082763699891 1
1 1082763699932 1
1 1082763699933 4
1 1082763699934 1
1 1082763699936 1
1 1082763699937 4
1 1082763699938 1
1 1082763699940 1
1 1082763699941 4
1 1082763699942 1
1 1082763699944 1
1 1082763699945 4
1 1082763699946 1
1 1082763699948 1
1 1082763699949 4
1 1082763699950 1
1 1082763699952 1
1 1082763699953 4
1 1082763699954 1
1 1082763700029 1
1 1082763700030 4
1 1082763700031 1
1 1082763700033 1
1 1082763700034 4
1 1082763700035 1
1 1082763700037 1
1 1082763700038 4
1 1082763700039 1
1 1082763700041 1
1 1082763700042 4
1 1082763700043 1
1 1082763700045 1
1 1082763700046 4
1 1082763700047 1
1 1082763700049 1
1 1082763700050 4
1 1082763700051 1
1 1082763700092 1
1 1082763700093 4
1 1082763700094 1
1 1082763700096 1
1 1082763700097 4
1 1082763700098 1
1 1082763700100 1
1 1082763700101 4
1 1082763700102 1
1 1082763700104 1
1 1082763700105 4
1 1082763700106 1
1 1082763700108 1
1 1082763700109 4
1 1082763700110 1
1 1082763700112 1
1 1082763700113 4
1 1082763700114 1
1 1082763700156 4
1 1082763700157 1
1 1082763700160 4
1 1082763700161 1
1 1082763700164 4
1 1082763700165 1
1 1082763700168 4
1 1082763700169 1
1 1082763700172 4
1 1082763700173 1
1 1082763700176 4
1 1082763700177 1
1 1082763700206 1
1 1082763700207 1
1 1082763700210 1
1 1082763700211 1
1 1082763700214 1
1 1082763700215 1
1 1082763700218 1
1 1082763700219 1
1 1082763700222 1
1 1082763700223 1
1 1082763700226 1
1 1082763700227 1
1 1082763700269 1
1 1082763700270 4
1 1082763700271 1
1 1082763700273 1
1 1082763700274 4
1 1082763700275 1
1 1082763700277 1
1 1082763700278 4
1 1082763700279 1
1 1082763700281 1
1 1082763700282 4
1 1082763700283 1
1 1082763700285 1
1 1082763700286 4
1 1082763700287 1
1 1082763700289 1
1 1082763700290 4
1 1082763700291 1
1 1082763700332 1
1 1082763700333 4
1 1082763700334 1
1 1082763700336 1
1 1082763700337 4
1 1082763700338 1
1 1082763700340 1
1 1082763700341 4
1 1082763700342 1
1 1082763700344 1
1 1082763700345 4
1 1082763700346 1
1 1082763700348 1
1 1082763700349 4
1 1082763700350 1
1 1082763700352 1
1 1082763700353 4
1 1082763700354 1
1 1082763700429 1
1 1082763700430 4
1 1082763700431 1
1 1082763700433 1
1 1082763700434 4
1 1082763700435 1
1 1082763700437 1
1 1082763700438 4
1 1082763700439 1
1 1082763700441 1
1 1082763700442 4
1 1082763700443 1
1 1082763700445 1
1 1082763700446 4
1 1082763700447 1
1 1082763700449 1
1 1082763700450 4
1 1082763700451 1
1 1082763700492 1
1 1082763700493 4
1 1082763700494 1
1 1082763700496 1
1 1082763700497 4
1 1082763700498 1
1 1082763700500 1
1 1082763700501 4
1 1082763700502 1
1 1082763700504 1
1 1082763700505 4
1 1082763700506 1
1 1082763700508 1
1 1082763700509 4
1 1082763700510 1
1 1082763700512 1
1 1082763700513 4
1 1082763700514 1
1 1082763700556 4
1 1082763700557 1
1 1082763700560 4
1 1082763700561 1
1 1082763700564 4
1 1082763700565 1
1 1082763700568 4
1 1082763700569 1
1 1082763700572 4
1 1082763700573 1
1 1082763700576 4
1 1082763700577 1
1 1082763700606 1
1 1082763700607 1
1 1082763700610 1
1 1082763700611 1
1 1082763700614 1
1 1082763700615 1
1 1082763700618 1
1 1082763700619 1
1 1082763700622 1
1 1082763700623 1
1 1082763700626 1
1 1082763700627 1
1 1082763700669 1
1 1082763700670 4
1 1082763700671 1
1 1082763700673 1
1 1082763700674 4
1 1082763700675 1
1 1082763700677 1
1 1082763700678 4
1 1082763700679 1
1 1082763700681 1
1 1082763700682 4
1 1082763700683 1
1 1082763700685 1
1 1082763700686 4
1 1082763700687 1
1 1082763700689 1
1 1082763700690 4
1 1082763700691 1
1 1082763700732 1
1 1082763700733 4
1 1082763700734 1
1 1082763700736 1
1 1082763700737 4
1 1082763700738 1
1 1082763700740 1
1 1082763700741 4
1 1082763700742 1
1 1082763700744 1
1 1082763700745 4
1 1082763700746 1
1 1082763700748 1
1 1082763700749 4
1 1082763700750 1
1 1082763700752 1
1 1082763700753 4
1 1082763700754 1
1 1082763700829 1
1 1082763700830 4
1 1082763700831 1
1 1082763700833 1
1 1082763700834 4
1 1082763700835 1
1 1082763700837 1
1 1082763700838 4
1 1082763700839 1
1 1082763700841 1
1 1082763700842 4
1 1082763700843 1
1 1082763700845 1
1 1082763700846 4
1 1082763700847 1
1 1082763700849 1
1 1082763700850 4
1 1082763700851 1
1 1082763700892 1
1 1082763700893 4
1 1082763700894 1
1 1082763700896 1
1 1082763700897 4
1 1082763700898 1
1 1082763700900 1
1 1082763700901 4
1 1082763700902 1
1 1082763700904 1
1 1082763700905 4
1 1082763700906 1
1 1082763700908 1
1 1082763700909 4
1 1082763700910 1
1 1082763700912 1
1 1082763700913 4
1 1082763700914 1
1 1082763700956 4
1 1082763700957 1
1 1082763700960 4
1 1082763700961 1
1 1082763700964 4
1 1082763700965 1
1 1082763700968 4
1 1082763700969 1
1 1082763700972 4
1 1082763700973 1
1 1082763700976 4
1 1082763700977 1
1 1082763701006 1
1 1082763701007 1
1 1082763701010 1
1 1082763701011 1
1 1082763701014 1
1 1082763701015 1
1 1082763701018 1
1 1082763701019 1
1 1082763701022 1
1 1082763701023 1
1 1082763701026 1
1 1082763701027 1
1 1082763701069 1
1 1082763701070 4
1 1082763701071 1
1 1082763701073 1
1 1082763701074 4
1 1082763701075 1
1 1082763701077 1
1 1082763701078 4
1 1082763701079 1
1 1082763701081 1
1 1082763701082 4
1 1082763701083 1
1 1082763701085 1
1 1082763701086 4
1 1082763701087 1
1 1082763701089 1
1 1082763701090 4
1 1082763701091 1
1 1082763701132 1
1 1082763701133 4
1 1082763701134 1
1 1082763701136 1
1 1082763701137 4
1 1082763701138 1
1 1082763701140 1
1 1082763701141 4
1 1082763701142 1
1 1082763701144 1
1 1082763701145 4
1 1082763701146 1
1 1082763701148 1
1 1082763701149 4
1 1082763701150 1
1 1082763701152 1
1 1082763701153 4
1 1082763701154 1
1 1082763701229 1
1 1082763701230 4
1 1082763701231 1
1 1082763701233 1
1 1082763701234 4
1 1082763701235 1
1 1082763701237 1
1 1082763701238 4
1 1082763701239 1
1 1082763701241 1
1 1082763701242 4
1 1082763701243 1
1 1082763701245 1
1 1082763701246 4
1 1082763701247 1
1 1082763701249 1
1 1082763701250 4
1 1082763701251 1
1 1082763701292 1
1 1082763701293 4
1 1082763701294 1
1 1082763701296 1
1 1082763701297 4
1 1082763701298 1
1 1082763701300 1
1 1082763701301 4
1 1082763701302 1
1 1082763701304 1
1 1082763701305 4
1 1082763701306 1
1 1082763701308 1
1 1082763701309 4
1 1082763701310 1
1 1082763701312 1
1 1082763701313 4
1 1082763701314 1
1 1082763701356 4
1 1082763701357 1
1 1082763701360 4
1 1082763701361 1
1 1082763701364 4
1 1082763701365 1
1 1082763701368 4
1 1082763701369 1
1 1082763701372 4
1 1082763701373 1
1 1082763701376 4
1 1082763701377 1
1 1082763701406 1
1 1082763701407 1
1 1082763701410 1
1 1082763701411 1
1 1082763701414 1
1 1082763701415 1
1 1082763701418 1
1 1082763701419 1
1 1082763701422 1
1 1082763701423 1
1 1082763701426 1
1 1082763701427 1
1 1082763701469 1
1 1082763701470 4
1 1082763701471 1
1 1082763701473 1
1 1082763701474 4
1 1082763701475 1
1 1082763701477 1
1 1082763701478 4
1 1082763701479 1
1 1082763701481 1
1 1082763701482 4
1 1082763701483 1
1 1082763701485 1
1 1082763701486 4
1 1082763701487 1
1 1082763701489 1
1 1082763701490 4
1 1082763701491 1
1 1082763701532 1
1 1082763701533 4
1 1082763701534 1
1 1082763701536 1
1 1082763701537 4
1 1082763701538 1
1 1082763701540 1
1 1082763701541 4
1 1082763701542 1
1 1082763701544 1
1 1082763701545 4
1 1082763701546 1
1 1082763701548 1
1 1082763701549 4
1 1082763701550 1
1 1082763701552 1
1 1082763701553 4
1 1082763701554 1
1 1082763701629 1
1 1082763701630 4
1 1082763701631 1
1 1082763701633 1
1 1082763701634 4
1 1082763701635 1
1 1082763701637 1
1 1082763701638 4
1 1082763701639 1
1 1082763701641 1
1 1082763701642 4
1 1082763701643 1
1 1082763701645 1
1 1082763701646 4
1 1082763701647 1
1 1082763701649 1
1 1082763701650 4
1 1082763701651 1
1 1082763701692 1
1 1082763701693 4
1 1082763701694 1
1 1082763701696 1
1 1082763701697 4
1 1082763701698 1
1 1082763701700 1
1 1082763701701 4
1 1082763701702 1
1 1082763701704 1
1 1082763701705 4
1 1082763701706 1
1 1082763701708 1
1 1082763701709 4
1 1082763701710 1
1 1082763701712 1
1 1082763701713 4
1 1082763701714 1
1 1082763701756 4
1 1082763701757 1
1 1082763701760 4
1 1082763701761 1
1 1082763701764 4
1 1082763701765 1
1 1082763701768 4
1 1082763701769 1
1 1082763701772 4
1 1082763701773 1
1 1082763701776 4
1 1082763701777 1
1 1082763701806 1
1 1082763701807 1
1 1082763701810 1
1 1082763701811 1
1 1082763701814 1
1 1082763701815 1
1 1082763701818 1
1 1082763701819 1
1 1082763701822 1
1 1082763701823 1
1 1082763701826 1
1 1082763701827 1
1 1082763701869 1
1 1082763701870 4
1 1082763701871 1
1 1082763701873 1
1 1082763701874 4
1 1082763701875 1
1 1082763701877 1
1 1082763701878 4
1 1082763701879 1
1 1082763701881 1
1 1082763701882 4
1 1082763701883 1
1 1082763701885 1
1 1082763701886 4
1 1082763701887 1
1 1082763701889 1
1 1082763701890 4
1 1082763701891 1
1 1082763701932 1
1 1082763701933 4
1 1082763701934 1
1 1082763701936 1
1 1082763701937 4
1 1082763701938 1
1 1082763701940 1
1 1082763701941 4
1 1082763701942 1
1 1082763701944 1
1 1082763701945 4
1 1082763701946 1
1 1082763701948 1
1 1082763701949 4
1 1082763701950 1
1 1082763701952 1
1 1082763701953 4
1 1082763701954 1
1 1082763702029 1
1 1082763702030 4
1 1082763702031 1
1 1082763702033 1
1 1082763702034 4
1 1082763702035 1
1 1082763702037 1
1 1082763702038 4
1 1082763702039 1
1 1082763702041 1
1 1082763702042 4
1 1082763702043 1
1 1082763702045 1
1 1082763702046 4
1 1082763702047 1
1 1082763702049 1
1 1082763702050 4
1 1082763702051 1
1 1082763702092 1
1 1082763702093 4
1 1082763702094 1
1 1082763702096 1
1 1082763702097 4
1 1082763702098 1
1 1082763702100 1
1 1082763702101 4
1 1082763702102 1
1 1082763702104 1
1 1082763702105 4
1 1082763702106 1
1 1082763702108 1
1 1082763702109 4
1 1082763702110 1
1 1082763702112 1
1 1082763702113 4
1 1082763702114 1
1 1082763702156 4
1 1082763702157 1
1 1082763702160 4
1 1082763702161 1
1 1082763702164 4
1 1082763702165 1
1 1082763702168 4
1 1082763702169 1
1 1082763702172 4
1 1082763702173 1
1 1082763702176 4
1 1082763702177 1
1 1082763702206 1
1 1082763702207 1
1 1082763702210 1
1 1082763702211 1
1 1082763702214 1
1 1082763702215 1
1 1082763702218 1
1 1082763702219 1
1 1082763702222 1
1 1082763702223 1
1 1082763702226 1
1 1082763702227 1
1 1082763702269 1
1 1082763702270 4
1 1082763702271 1
1 1082763702273 1
1 1082763702274 4
1 1082763702275 1
1 1082763702277 1
1 1082763702278 4
1 1082763702279 1
1 1082763702281 1
1 1082763702282 4
1 1082763702283 1
1 1082763702285 1
1 1082763702286 4
1 1082763702287 1
1 1082763702289 1
1 1082763702290 4
1 1082763702291 1
1 1082763702332 1
1 1082763702333 4
1 1082763702334 1
1 1082763702336 1
1 1082763702337 4
1 1082763702338 1
1 1082763702340 1
1 1082763702341 4
1 1082763702342 1
1 1082763702344 1
1 1082763702345 4
1 1082763702346 1
1 1082763702348 1
1 1082763702349 4
1 1082763702350 1
1 1082763702352 1
1 1082763702353 4
1 1082763702354 1
1 1082763702429 1
1 1082763702430 4
1 1082763702431 1
1 1082763702433 1
1 1082763702434 4
1 1082763702435 1
1 1082763702437 1
1 1082763702438 4
1 1082763702439 1
1 1082763702441 1
1 1082763702442 4
1 1082763702443 1
1 1082763702445 1
1 1082763702446 4
1 1082763702447 1
1 1082763702449 1
1 1082763702450 4
1 1082763702451 1
1 1082763702492 1
1 1082763702493 4
1 1082763702494 1
1 1082763702496 1
1 1082763702497 4
1 1082763702498 1
1 1082763702500 1
1 1082763702501 4
1 1082763702502 1
1 1082763702504 1
1 1082763702505 4
1 1082763702506 1
1 1082763702508 1
1 1082763702509 4
1 1082763702510 1
1 1082763702512 1
1 1082763702513 4
1 1082763702514 1
1 1082763702556 4
1 1082763702557 1
1 1082763702560 4
1 1082763702561 1
1 1082763702564 4
1 1082763702565 1
1 1082763702568 4
1 1082763702569 1
1 1082763702572 4
1 1082763702573 1
1 1082763702576 4
1 1082763702577 1
1 1082763702606 1
1 1082763702607 1
1 1082763702610 1
1 1082763702611 1
1 1082763702614 1
1 1082763702615 1
1 1082763702618 1
1 1082763702619 1
1 1082763702622 1
1 1082763702623 1
1 1082763702626 1
1 1082763702627 1
1 1082763702669 1
1 1082763702670 4
1 1082763702671 1
1 1082763702673 1
1 1082763702674 4
1 1082763702675 1
1 1082763702677 1
1 1082763702678 4
1 1082763702679 1
1 1082763702681 1
1 1082763702682 4
1 1082763702683 1
1 1082763702685 1
1 1082763702686 4
1 1082763702687 1
1 1082763702689 1
1 1082763702690 4
1 1082763702691 1
1 1082763702732 1
1 1082763702733 4
1 1082763702734 1
1 1082763702736 1
1 1082763702737 4
1 1082763702738 1
1 1082763702740 1
1 1082763702741 4
1 1082763702742 1
1 1082763702744 1
1 1082763702745 4
1 1082763702746 1
1 1082763702748 1
1 1082763702749 4
1 1082763702750 1
1 1082763702752 1
1 1082763702753 4
1 1082763702754 1
1 1082763702829 1
1 1082763702830 4
1 1082763702831 1
1 1082763702833 1
1 1082763702834 4
1 1082763702835 1
1 1082763702837 1
1 1082763702838 4
1 1082763702839 1
1 1082763702841 1
1 1082763702842 4
1 1082763702843 1
1 1082763702845 1
1 1082763702846 4
1 1082763702847 1
1 1082763702849 1
1 1082763702850 4
1 1082763702851 1
1 1082763702892 1
1 1082763702893 4
1 1082763702894 1
1 1082763702896 1
1 1082763702897 4
1 1082763702898 1
1 1082763702900 1
1 1082763702901 4
1 1082763702902 1
1 1082763702904 1
1 1082763702905 4
1 1082763702906 1
1 1082763702908 1
1 1082763702909 4
1 1082763702910 1
1 1082763702912 1
1 1082763702913 4
1 1082763702914 1
1 1082763702956 4
1 1082763702957 1
1 1082763702960 4
1 1082763702961 1
1 1082763702964 4
1 1082763702965 1
1 1082763702968 4
1 1082763702969 1
1 1082763702972 4
1 1082763702973 1
1 1082763702976 4
1 1082763702977 1
1 1082763703006 1
1 1082763703007 1
1 1082763703010 1
1 1082763703011 1
1 1082763703014 1
1 1082763703015 1
1 1082763703018 1
1 1082763703019 1
1 1082763703022 1
1 1082763703023 1
1 1082763703026 1
1 1082763703027 1
1 1082763703069 1
1 1082763703070 4
1 1082763703071 1
1 1082763703073 1
1 1082763703074 4
1 1082763703075 1
1 1082763703077 1
1 1082763703078 4
1 1082763703079 1
1 1082763703081 1
1 1082763703082 4
1 1082763703083 1
1 1082763703085 1
1 1082763703086 4
1 1082763703087 1
1 1082763703089 1
1 1082763703090 4
1 1082763703091 1
1 1082763703132 1
1 1082763703133 4
1 1082763703134 1
1 1082763703136 1
1 1082763703137 4
1 1082763703138 1
1 1082763703140 1
1 1082763703141 4
1 1082763703142 1
1 1082763703144 1
1 1082763703145 4
1 1082763703146 1
1 1082763703148 1
1 1082763703149 4
1 1082763703150 1
1 1082763703152 1
1 1082763703153 4
1 1082763703154 1
1 1082763703229 1
1 1082763703230 4
1 1082763703231 1
1 1082763703233 1
1 1082763703234 4
1 1082763703235 1
1 1082763703237 1
1 1082763703238 4
1 1082763703239 1
1 1082763703241 1
1 1082763703242 4
1 1082763703243 1
1 1082763703245 1
1 1082763703246 4
1 1082763703247 1
1 1082763703249 1
1 1082763703250 4
1 1082763703251 1
1 1082763703292 1
1 1082763703293 4
1 1082763703294 1
1 1082763703296 1
1 1082763703297 4
1 1082763703298 1
1 1082763703300 1
1 1082763703301 4
1 1082763703302 1
1 1082763703304 1
1 1082763703305 4
1 1082763703306 1
1 1082763703308 1
1 1082763703309 4
1 1082763703310 1
1 1082763703312 1
1 1082763703313 4
1 1082763703314 1
1 1082763703356 4
1 1082763703357 1
1 1082763703360 4
1 1082763703361 1
1 1082763703364 4
1 1082763703365 1
1 1082763703368 4
1 1082763703369 1
1 1082763703372 4
1 1082763703373 1
1 1082763703376 4
1 1082763703377 1
1 1082763703406 1
1 1082763703407 1
1 1082763703410 1
1 1082763703411 1
1 1082763703414 1
1 1082763703415 1
1 1082763703418 1
1 1082763703419 1
1 1082763703422 1
1 1082763703423 1
1 1082763703426 1
1 1082763703427 1
1 1082763703469 1
1 1082763703470 4
1 1082763703471 1
1 1082763703473 1
1 1082763703474 4
1 1082763703475 1
1 1082763703477 1
1 1082763703478 4
1 1082763703479 1
1 1082763703481 1
1 1082763703482 4
1 1082763703483 1
1 1082763703485 1
1 1082763703486 4
1 1082763703487 1
1 1082763703489 1
1 1082763703490 4
1 1082763703491 1
1 1082763703532 1
1 1082763703533 4
1 1082763703534 1
1 1082763703536 1
1 1082763703537 4
1 1082763703538 1
1 1082763703540 1
1 1082763703541 4
1 1082763703542 1
1 1082763703544 1
1 1082763703545 4
1 1082763703546 1
1 1082763703548 1
1 1082763703549 4
1 1082763703550 1
1 1082763703552 1
1 1082763703553 4
1 1082763703554 1
1 1082763703629 1
1 1082763703630 4
1 1082763703631 1
1 1082763703633 1
1 1082763703634 4
1 1082763703635 1
1 1082763703637 1
1 1082763703638 4
1 1082763703639 1
1 1082763703641 1
1 1082763703642 4
1 1082763703643 1
1 1082763703645 1
1 1082763703646 4
1 1082763703647 1
1 1082763703649 1
1 1082763703650 4
1 1082763703651 1
1 1082763703692 1
1 1082763703693 4
1 1082763703694 1
1 1082763703696 1
1 1082763703697 4
1 1082763703698 1
1 1082763703700 1
1 1082763703701 4
1 1082763703702 1
1 1082763703704 1
1 1082763703705 4
1 1082763703706 1
1 1082763703708 1
1 1082763703709 4
1 1082763703710 1
1 1082763703712 1
1 1082763703713 4
1 1082763703714 1
1 1082763703756 4
1 1082763703757 1
1 1082763703760 4
1 1082763703761 1
1 1082763703764 4
1 1082763703765 1
1 1082763703768 4
1 1082763703769 1
1 1082763703772 4
1 1082763703773 1
1 1082763703776 4
1 1082763703777 1
1 1082763703806 1
1 1082763703807 1
1 1082763703810 1
1 1082763703811 1
1 1082763703814 1
1 1082763703815 1
1 1082763703818 1
1 1082763703819 1
1 1082763703822 1
1 1082763703823 1
1 1082763703826 1
1 1082763703827 1
1 1082763703869 1
1 1082763703870 4
1 1082763703871 1
1 1082763703873 1
1 1082763703874 4
1 1082763703875 1
1 1082763703877 1
1 1082763703878 4
1 1082763703879 1
1 1082763703881 1
1 1082763703882 4
1 1082763703883 1
1 1082763703885 1
1 1082763703886 4
1 1082763703887 1
1 1082763703889 1
1 1082763703890 4
1 1082763703891 1
1 1082763703932 1
1 1082763703933 4
1 1082763703934 1
1 1082763703936 1
1 1082763703937 4
1 1082763703938 1
1 1082763703940 1
1 1082763703941 4
1 1082763703942 1
1 1082763703944 1
1 1082763703945 4
1 1082763703946 1
1 1082763703948 1
1 1082763703949 4
1 1082763703950 1
1 1082763703952 1
1 1082763703953 4
1 1082763703954 1
1 1082763704029 1
1 1082763704030 4
1 1082763704031 1
1 1082763704033 1
1 1082763704034 4
1 1082763704035 1
1 1082763704037 1
1 1082763704038 4
1 1082763704039 1
1 1082763704041 1
1 1082763704042 4
1 1082763704043 1
1 1082763704045 1
1 1082763704046 4
1 1082763704047 1
1 1082763704049 1
1 1082763704050 4
1 1082763704051 1
1 1082763704092 1
1 1082763704093 4
1 1082763704094 1
1 1082763704096 1
1 1082763704097 4
1 1082763704098 1
1 1082763704100 1
1 1082763704101 4
1 1082763704102 1
1 1082763704104 1
1 1082763704105 4
1 1082763704106 1
1 1082763704108 1
1 1082763704109 4
1 1082763704110 1
1 1082763704112 1
1 1082763704113 4
1 1082763704114 1
1 1082763704156 4
1 1082763704157 1
1 1082763704160 4
1 1082763704161 1
1 1082763704164 4
1 1082763704165 1
1 1082763704168 4
1 1082763704169 1
1 1082763704172 4
1 1082763704173 1
1 1082763704176 4
1 1082763704177 1
1 1082763704206 1
1 1082763704207 1
1 1082763704210 1
1 1082763704211 1
1 1082763704214 1
1 1082763704215 1
1 1082763704218 1
1 1082763704219 1
1 1082763704222 1
1 1082763704223 1
1 1082763704226 1
1 1082763704227 1
1 1082763704269 1
1 1082763704270 4
1 1082763704271 1
1 1082763704273 1
1 1082763704274 4
1 1082763704275 1
1 1082763704277 1
1 1082763704278 4
1 1082763704279 1
1 1082763704281 1
1 1082763704282 4
1 1082763704283 1
1 1082763704285 1
1 1082763704286 4
1 1082763704287 1
1 1082763704289 1
1 1082763704290 4
1 1082763704291 1
1 1082763704332 1
1 1082763704333 4
1 1082763704334 1
1 1082763704336 1
1 1082763704337 4
1 1082763704338 1
1 1082763704340 1
1 1082763704341 4
1 1082763704342 1
1 1082763704344 1
1 1082763704345 4
1 1082763704346 1
1 1082763704348 1
1 1082763704349 4
1 1082763704350 1
1 1082763704352 1
1 1082763704353 4
1 1082763704354 1
1 1082763704429 1
1 1082763704430 4
1 1082763704431 1
1 1082763704433 1
1 1082763704434 4
1 1082763704435 1
1 1082763704437 1
1 1082763704438 4
1 1082763704439 1
1 1082763704441 1
1 1082763704442 4
1 1082763704443 1
1 1082763704445 1
1 1082763704446 4
1 1082763704447 1
1 1082763704449 1
1 1082763704450 4
1 1082763704451 1
1 1082763704492 1
1 1082763704493 4
1 1082763704494 1
1 1082763704496 1
1 1082763704497 4
1 1082763704498 1
1 1082763704500 1
1 1082763704501 4
1 1082763704502 1
1 1082763704504 1
1 1082763704505 4
1 1082763704506 1
1 1082763704508 1
1 1082763704509 4
1 1082763704510 1
1 1082763704512 1
1 1082763704513 4
1 1082763704514 1
1 1082763704556 4
1 1082763704557 1
1 1082763704560 4
1 1082763704561 1
1 1082763704564 4
1 1082763704565 1
1 1082763704568 4
1 1082763704569 1
1 1082763704572 4
1 1082763704573 1
1 1082763704576 4
1 1082763704577 1
1 1082763704606 1
1 1082763704607 1
1 1082763704610 1
1 1082763704611 1
1 1082763704614 1
1 1082763704615 1
1 1082763704618 1
1 1082763704619 1
1 1082763704622 1
1 1082763704623 1
1 1082763704626 1
1 1082763704627 1
1 1082763704669 1
1 1082763704670 4
1 1082763704671 1
1 1082763704673 1
1 1082763704674 4
1 1082763704675 1
1 1082763704677 1
1 1082763704678 4
1 1082763704679 1
1 1082763704681 1
1 1082763704682 4
1 1082763704683 1
1 1082763704685 1
1 1082763704686 4
1 1082763704687 1
1 1082763704689 1
1 1082763704690 4
1 1082763704691 1
1 1082763704732 1
1 1082763704733 4
1 1082763704734 1
1 1082763704736 1
1 1082763704737 4
1 1082763704738 1
1 1082763704740 1
1 1082763704741 4
1 1082763704742 1
1 1082763704744 1
1 1082763704745 4
1 1082763704746 1
1 1082763704748 1
1 1082763704749 4
1 1082763704750 1
1 1082763704752 1
1 1082763704753 4
1 1082763704754 1
1 1082763704829 1
1 1082763704830 4
1 1082763704831 1
1 1082763704833 1
1 1082763704834 4
1 1082763704835 1
1 1082763704837 1
1 1082763704838 4
1 1082763704839 1
1 1082763704841 1
1 1082763704842 4
1 1082763704843 1
1 1082763704845 1
1 1082763704846 4
1 1082763704847 1
1 1082763704849 1
1 1082763704850 4
1 1082763704851 1
1 1082763704892 1
1 1082763704893 4
1 1082763704894 1
1 1082763704896 1
1 1082763704897 4
1 1082763704898 1
1 1082763704900 1
1 1082763704901 4
1 1082763704902 1
1 1082763704904 1
1 1082763704905 4
1 1082763704906 1
1 1082763704908 1
1 1082763704909 4
1 1082763704910 1
1 1082763704912 1
1 1082763704913 4
1 1082763704914 1
1 1082763704956 4
1 1082763704957 1
1 1082763704960 4
1 1082763704961 1
1 1082763704964 4
1 1082763704965 1
1 1082763704968 4
1 1082763704969 1
1 1082763704972 4
1 1082763704973 1
1 1082763704976 4
1 1082763704977 1
1 1082763705006 1
1 1082763705007 1
1 1082763705010 1
1 1082763705011 1
1 1082763705014 1
1 1082763705015 1
1 1082763705018 1
1 1082763705019 1
1 1082763705022 1
1 1082763705023 1
1 1082763705026 1
1 1082763705027 1
1 1082763705069 1
1 1082763705070 4
1 1082763705071 1
1 1082763705073 1
1 1082763705074 4
1 1082763705075 1
1 1082763705077 1
1 1082763705078 4
1 1082763705079 1
1 1082763705081 1
1 1082763705082 4
1 1082763705083 1
1 1082763705085 1
1 1082763705086 4
1 1082763705087 1
1 1082763705089 1
1 1082763705090 4
1 1082763705091 1
1 1082763705132 1
1 1082763705133 4
1 1082763705134 1
1 1082763705136 1
1 1082763705137 4
1 1082763705138 1
1 1082763705140 1
1 1082763705141 4
1 1082763705142 1
1 1082763705144 1
1 1082763705145 4
1 1082763705146 1
1 1082763705148 1
1 1082763705149 4
1 1082763705150 1
1 1082763705152 1
1 1082763705153 4
1 1082763705154 1
1 1082763705229 1
1 1082763705230 4
1 1082763705231 1
1 1082763705233 1
1 1082763705234 4
1 1082763705235 1
1 1082763705237 1
1 1082763705238 4
1 1082763705239 1
1 1082763705241 1
1 1082763705242 4
1 1082763705243 1
1 1082763705245 1
1 1082763705246 4
1 1082763705247 1
1 1082763705249 1
1 1082763705250 4
1 1082763705251 1
1 1082763705292 1
1 1082763705293 4
1 1082763705294 1
1 1082763705296 1
1 1082763705297 4
1 1082763705298 1
1 1082763705300 1
1 1082763705301 4
1 1082763705302 1
1 1082763705304 1
1 1082763705305 4
1 1082763705306 1
1 1082763705308 1
1 1082763705309 4
1 1082763705310 1
1 1082763705312 1
1 1082763705313 4
1 1082763705314 1
1 1082763705356 4
1 1082763705357 1
1 1082763705360 4
1 1082763705361 1
1 1082763705364 4
1 1082763705365 1
1 1082763705368 4
1 1082763705369 1
1 1082763705372 4
1 1082763705373 1
1 1082763705376 4
1 1082763705377 1
1 1082763705406 1
1 1082763705407 1
1 1082763705410 1
1 1082763705411 1
1 1082763705414 1
1 1082763705415 1
1 1082763705418 1
1 1082763705419 1
1 1082763705422 1
1 1082763705423 1
1 1082763705426 1
1 1082763705427 1
1 1082763705469 1
1 1082763705470 4
1 1082763705471 1
1 1082763705473 1
1 1082763705474 4
1 1082763705475 1
1 1082763705477 1
1 1082763705478 4
1 1082763705479 1
1 1082763705481 1
1 1082763705482 4
1 1082763705483 1
1 1082763705485 1
1 1082763705486 4
1 1082763705487 1
1 1082763705489 1
1 1082763705490 4
1 1082763705491 1
1 1082763705532 1
1 1082763705533 4
1 1082763705534 1
1 1082763705536 1
1 1082763705537 4
1 1082763705538 1
1 1082763705540 1
1 1082763705541 4
1 1082763705542 1
1 1082763705544 1
1 1082763705545 4
1 1082763705546 1
1 1082763705548 1
1 1082763705549 4
1 1082763705550 1
1 1082763705552 1
1 1082763705553 4
1 1082763705554 1
1 1082763705629 1
1 1082763705630 4
1 1082763705631 1
1 1082763705633 1
1 1082763705634 4
1 1082763705635 1
1 1082763705637 1
1 1082763705638 4
1 1082763705639 1
1 1082763705641 1
1 1082763705642 4
1 1082763705643 1
1 1082763705645 1
1 1082763705646 4
1 1082763705647 1
1 1082763705649 1
1 1082763705650 4
1 1082763705651 1
1 1082763705692 1
1 1082763705693 4
1 1082763705694 1
1 1082763705696 1
1 1082763705697 4
1 1082763705698 1
1 1082763705700 1
1 1082763705701 4
1 1082763705702 1
1 1082763705704 1
1 1082763705705 4
1 1082763705706 1
1 1082763705708 1
1 1082763705709 4
1 1082763705710 1
1 1082763705712 1
1 1082763705713 4
1 1082763705714 1
1 1082763705756 4
1 1082763705757 1
1 1082763705760 4
1 1082763705761 1
1 1082763705764 4
1 1082763705765 1
1 1082763705768 4
1 1082763705769 1
1 1082763705772 4
1 1082763705773 1
1 1082763705776 4
1 1082763705777 1
1 1082763705806 1
1 1082763705807 1
1 1082763705810 1
1 1082763705811 1
1 1082763705814 1
1 1082763705815 1
1 1082763705818 1
1 1082763705819 1
1 1082763705822 1
1 1082763705823 1
1 1082763705826 1
1 1082763705827 1
1 1082763705869 1
1 1082763705870 4
1 1082763705871 1
1 1082763705873 1
1 1082763705874 4
1 1082763705875 1
1 1082763705877 1
1 1082763705878 4
1 1082763705879 1
1 1082763705881 1
1 1082763705882 4
1 1082763705883 1
1 1082763705885 1
1 1082763705886 4
1 1082763705887 1
1 1082763705889 1
1 1082763705890 4
1 1082763705891 1
1 1082763705932 1
1 1082763705933 4
1 1082763705934 1
1 1082763705936 1
1 1082763705937 4
1 1082763705938 1
1 1082763705940 1
1 1082763705941 4
1 1082763705942 1
1 1082763705944 1
1 1082763705945 4
1 1082763705946 1
1 1082763705948 1
1 1082763705949 4
1 1082763705950 1
1 1082763705952 1
1 1082763705953 4
1 1082763705954 1
1 1082763706029 1
1 1082763706030 4
1 1082763706031 1
1 1082763706033 1
1 1082763706034 4
1 1082763706035 1
1 1082763706037 1
1 1082763706038 4
1 1082763706039 1
1 1082763706041 1
1 1082763706042 4
1 1082763706043 1
1 1082763706045 1
1 1082763706046 4
1 1082763706047 1
1 1082763706049 1
1 1082763706050 4
1 1082763706051 1
1 1082763706092 1
1 1082763706093 4
1 1082763706094 1
1 1082763706096 1
1 1082763706097 4
1 1082763706098 1
1 1082763706100 1
1 1082763706101 4
1 1082763706102 1
1 1082763706104 1
1 1082763706105 4
1 1082763706106 1
1 1082763706108 1
1 1082763706109 4
1 1082763706110 1
1 1082763706112 1
1 1082763706113 4
1 1082763706114 1
1 1082763706156 4
1 1082763706157 1
1 1082763706160 4
1 1082763706161 1
1 1082763706164 4
1 1082763706165 1
1 1082763706168 4
1 1082763706169 1
1 1082763706172 4
1 1082763706173 1
1 1082763706176 4
1 1082763706177 1
1 1082763706206 1
1 1082763706207 1
1 1082763706210 1
1 1082763706211 1
1 1082763706214 1
1 1082763706215 1
1 1082763706218 1
1 1082763706219 1
1 1082763706222 1
1 1082763706223 1
1 1082763706226 1
1 1082763706227 1
1 1082763706269 1
1 1082763706270 4
1 1082763706271 1
1 1082763706273 1
1 1082763706274 4
1 1082763706275 1
1 1082763706277 1
1 1082763706278 4
1 1082763706279 1
1 1082763706281 1
1 1082763706282 4
1 1082763706283 1
1 1082763706285 1
1 1082763706286 4
1 1082763706287 1
1 1082763706289 1
1 1082763706290 4
1 1082763706291 1
1 1082763706332 1
1 1082763706333 4
1 1082763706334 1
1 1082763706336 1
1 1082763706337 4
1 1082763706338 1
1 1082763706340 1
1 1082763706341 4
1 1082763706342 1
1 1082763706344 1
1 1082763706345 4
1 1082763706346 1
1 1082763706348 1
1 1082763706349 4
1 1082763706350 1
1 1082763706352 1
1 1082763706353 4
1 1082763706354 1
1 1082763706429 1
1 1082763706430 4
1 1082763706431 1
1 1082763706433 1
1 1082763706434 4
1 1082763706435 1
1 1082763706437 1
1 1082763706438 4
1 1082763706439 1
1 1082763706441 1
1 1082763706442 4
1 1082763706443 1
1 1082763706445 1
1 1082763706446 4
1 1082763706447 1
1 1082763706449 1
1 1082763706450 4
1 1082763706451 1
1 1082763706492 1
1 1082763706493 4
1 1082763706494 1
1 1082763706496 1
1 1082763706497 4
1 1082763706498 1
1 1082763706500 1
1 1082763706501 4
1 1082763706502 1
1 1082763706504 1
1 1082763706505 4
1 1082763706506 1
1 1082763706508 1
1 1082763706509 4
1 1082763706510 1
1 1082763706512 1
1 1082763706513 4
1 1082763706514 1
1 1082763706556 4
1 1082763706557 1
1 1082763706560 4
1 1082763706561 1
1 1082763706564 4
1 1082763706565 1
1 1082763706568 4
1 1082763706569 1
1 1082763706572 4
1 1082763706573 1
1 1082763706576 4
1 1082763706577 1
1 1082763706606 1
1 1082763706607 1
1 1082763706610 1
1 1082763706611 1
1 1082763706614 1
1 1082763706615 1
1 1082763706618 1
1 1082763706619 1
1 1082763706622 1
1 1082763706623 1
1 1082763706626 1
1 1082763706627 1
1 1082763706669 1
1 1082763706670 4
1 1082763706671 1
1 1082763706673 1
1 1082763706674 4
1 1082763706675 1
1 1082763706677 1
1 1082763706678 4
1 1082763706679 1
1 1082763706681 1
1 1082763706682 4
1 1082763706683 1
1 1082763706685 1
1 1082763706686 4
1 1082763706687 1
1 1082763706689 1
1 1082763706690 4
1 1082763706691 1
1 1082763706732 1
1 1082763706733 4
1 1082763706734 1
1 1082763706736 1
1 1082763706737 4
1 1082763706738 1
1 1082763706740 1
1 1082763706741 4
1 1082763706742 1
1 1082763706744 1
1 1082763706745 4
1 1082763706746 1
1 1082763706748 1
1 1082763706749 4
1 1082763706750 1
1 1082763706752 1
1 1082763706753 4
1 1082763706754 1
1 1082763706829 1
1 1082763706830 4
1 1082763706831 1
1 1082763706833 1
1 1082763706834 4
1 1082763706835 1
1 1082763706837 1
1 1082763706838 4
1 1082763706839 1
1 1082763706841 1
1 1082763706842 4
1 1082763706843 1
1 1082763706845 1
1 1082763706846 4
1 1082763706847 1
1 1082763706849 1
1 1082763706850 4
1 1082763706851 1
1 1082763706892 1
1 1082763706893 4
1 1082763706894 1
1 1082763706896 1
1 1082763706897 4
1 1082763706898 1
1 1082763706900 1
1 1082763706901 4
1 1082763706902 1
1 1082763706904 1
1 1082763706905 4
1 1082763706906 1
1 1082763706908 1
1 1082763706909 4
1 1082763706910 1
1 1082763706912 1
1 1082763706913 4
1 1082763706914 1
1 1082763706956 4
1 1082763706957 1
1 1082763706960 4
1 1082763706961 1
1 1082763706964 4
1 1082763706965 1
1 1082763706968 4
1 1082763706969 1
1 1082763706972 4
1 1082763706973 1
1 1082763706976 4
1 1082763706977 1
1 1082763707006 1
1 1082763707007 1
1 1082763707010 1
1 1082763707011 1
1 1082763707014 1
1 1082763707015 1
1 1082763707018 1
1 1082763707019 1
1 1082763707022 1
1 1082763707023 1
1 1082763707026 1
1 1082763707027 1
1 1082763707069 1
1 1082763707070 4
1 1082763707071 1
1 1082763707073 1
1 1082763707074 4
1 1082763707075 1
1 1082763707077 1
1 1082763707078 4
1 1082763707079 1
1 1082763707081 1
1 1082763707082 4
1 1082763707083 1
1 1082763707085 1
1 1082763707086 4
1 1082763707087 1
1 1082763707089 1
1 1082763707090 4
1 1082763707091 1
1 1082763707132 1
1 1082763707133 4
1 1082763707134 1
1 1082763707136 1
1 1082763707137 4
1 1082763707138 1
1 1082763707140 1
1 1082763707141 4
1 1082763707142 1
1 1082763707144 1
1 1082763707145 4
1 1082763707146 1
1 1082763707148 1
1 1082763707149 4
1 1082763707150 1
1 1082763707152 1
1 1082763707153 4
1 1082763707154 1
1 1082763707229 1
1 1082763707230 4
1 1082763707231 1
1 1082763707233 1
1 1082763707234 4
1 1082763707235 1
1 1082763707237 1
1 1082763707238 4
1 1082763707239 1
1 1082763707241 1
1 1082763707242 4
1 1082763707243 1
1 1082763707245 1
1 1082763707246 4
1 1082763707247 1
1 1082763707249 1
1 1082763707250 4
1 1082763707251 1
1 1082763707292 1
1 1082763707293 4
1 1082763707294 1
1 1082763707296 1
1 1082763707297 4
1 1082763707298 1
1 1082763707300 1
1 1082763707301 4
1 1082763707302 1
1 1082763707304 1
1 1082763707305 4
1 1082763707306 1
1 1082763707308 1
1 1082763707309 4
1 1082763707310 1
1 1082763707312 1
1 1082763707313 4
1 1082763707314 1
1 1082763707356 4
1 1082763707357 1
1 1082763707360 4
1 1082763707361 1
1 1082763707364 4
1 1082763707365 1
1 1082763707368 4
1 1082763707369 1
1 1082763707372 4
1 1082763707373 1
1 1082763707376 4
1 1082763707377 1
1 1082763707406 1
1 1082763707407 1
1 1082763707410 1
1 1082763707411 1
1 1082763707414 1
1 1082763707415 1
1 1082763707418 1
1 1082763707419 1
1 1082763707422 1
1 1082763707423 1
1 1082763707426 1
1 1082763707427 1
1 1082763707469 1
1 1082763707470 4
1 1082763707471 1
1 1082763707473 1
1 1082763707474 4
1 1082763707475 1
1 1082763707477 1
1 1082763707478 4
1 1082763707479 1
1 1082763707481 1
1 1082763707482 4
1 1082763707483 1
1 1082763707485 1
1 1082763707486 4
1 1082763707487 1
1 1082763707489 1
1 1082763707490 4
1 1082763707491 1
1 1082763707532 1
1 1082763707533 4
1 1082763707534 1
1 1082763707536 1
1 1082763707537 4
1 1082763707538 1
1 1082763707540 1
1 1082763707541 4
1 1082763707542 1
1 1082763707544 1
1 1082763707545 4
1 1082763707546 1
1 1082763707548 1
1 1082763707549 4
1 1082763707550 1
1 1082763707552 1
1 1082763707553 4
1 1082763707554 1
1 1082763707629 1
1 1082763707630 4
1 1082763707631 1
1 1082763707633 1
1 1082763707634 4
1 1082763707635 1
1 1082763707637 1
1 1082763707638 4
1 1082763707639 1
1 1082763707641 1
1 1082763707642 4
1 1082763707643 1
1 1082763707645 1
1 1082763707646 4
1 1082763707647 1
1 1082763707649 1
1 1082763707650 4
1 1082763707651 1
1 1082763707692 1
1 1082763707693 4
1 1082763707694 1
1 1082763707696 1
1 1082763707697 4
1 1082763707698 1
1 1082763707700 1
1 1082763707701 4
1 1082763707702 1
1 1082763707704 1
1 1082763707705 4
1 1082763707706 1
1 1082763707708 1
1 1082763707709 4
1 1082763707710 1
1 1082763707712 1
1 1082763707713 4
1 1082763707714 1
1 1082763707756 4
1 1082763707757 1
1 1082763707760 4
1 1082763707761 1
1 1082763707764 4
1 1082763707765 1
1 1082763707768 4
1 1082763707769 1
1 1082763707772 4
1 1082763707773 1
1 1082763707776 4
1 1082763707777 1
1 1082763707806 1
1 1082763707807 1
1 1082763707810 1
1 1082763707811 1
1 1082763707814 1
1 1082763707815 1
1 1082763707818 1
1 1082763707819 1
1 1082763707822 1
1 1082763707823 1
1 1082763707826 1
1 1082763707827 1
1 1082763707869 1
1 1082763707870 4
1 1082763707871 1
1 1082763707873 1
1 1082763707874 4
1 1082763707875 1
1 1082763707877 1
1 1082763707878 4
1 1082763707879 1
1 1082763707881 1
1 1082763707882 4
1 1082763707883 1
1 1082763707885 1
1 1082763707886 4
1 1082763707887 1
1 1082763707889 1
1 1082763707890 4
1 1082763707891 1
1 1082763707932 1
1 1082763707933 4
1 1082763707934 1
1 1082763707936 1
1 1082763707937 4
1 1082763707938 1
1 1082763707940 1
1 1082763707941 4
1 1082763707942 1
1 1082763707944 1
1 1082763707945 4
1 1082763707946 1
1 1082763707948 1
1 1082763707949 4
1 1082763707950 1
1 1082763707952 1
1 1082763707953 4
1 1082763707954 1
1 1082763708029 1
1 1082763708030 4
1 1082763708031 1
1 1082763708033 1
1 1082763708034 4
1 1082763708035 1
1 1082763708037 1
1 1082763708038 4
1 1082763708039 1
1 1082763708041 1
1 1082763708042 4
1 1082763708043 1
1 1082763708045 1
1 1082763708046 4
1 1082763708047 1
1 1082763708049 1
1 1082763708050 4
1 1082763708051 1
1 1082763708092 1
1 1082763708093 4
1 1082763708094 1
1 1082763708096 1
1 1082763708097 4
1 1082763708098 1
1 1082763708100 1
1 1082763708101 4
1 1082763708102 1
1 1082763708104 1
1 1082763708105 4
1 1082763708106 1
1 1082763708108 1
1 1082763708109 4
1 1082763708110 1
1 1082763708112 1
1 1082763708113 4
1 1082763708114 1
1 1082763708156 4
1 1082763708157 1
1 1082763708160 4
1 1082763708161 1
1 1082763708164 4
1 1082763708165 1
1 1082763708168 4
1 1082763708169 1
1 1082763708172 4
1 1082763708173 1
1 1082763708176 4
1 1082763708177 1
1 1082763708206 1
1 1082763708207 1
1 1082763708210 1
1 1082763708211 1
1 1082763708214 1
1 1082763708215 1
1 1082763708218 1
1 1082763708219 1
1 1082763708222 1
1 1082763708223 1
1 1082763708226 1
1 1082763708227 1
1 1082763708269 1
1 1082763708270 4
1 1082763708271 1
1 1082763708273 1
1 1082763708274 4
1 1082763708275 1
1 1082763708277 1
1 1082763708278 4
1 1082763708279 1
1 1082763708281 1
1 1082763708282 4
1 1082763708283 1
1 1082763708285 1
1 1082763708286 4
1 1082763708287 1
1 1082763708289 1
1 1082763708290 4
1 1082763708291 1
1 1082763708332 1
1 1082763708333 4
1 1082763708334 1
1 1082763708336 1
1 1082763708337 4
1 1082763708338 1
1 1082763708340 1
1 1082763708341 4
1 1082763708342 1
1 1082763708344 1
1 1082763708345 4
1 1082763708346 1
1 1082763708348 1
1 1082763708349 4
1 1082763708350 1
1 1082763708352 1
1 1082763708353 4
1 1082763708354 1
1 1082763708429 1
1 1082763708430 4
1 1082763708431 1
1 1082763708433 1
1 1082763708434 4
1 1082763708435 1
1 1082763708437 1
1 1082763708438 4
1 1082763708439 1
1 1082763708441 1
1 1082763708442 4
1 1082763708443 1
1 1082763708445 1
1 1082763708446 4
1 1082763708447 1
1 1082763708449 1
1 1082763708450 4
1 1082763708451 1
1 1082763708492 1
1 1082763708493 4
1 1082763708494 1
1 1082763708496 1
1 1082763708497 4
1 1082763708498 1
1 1082763708500 1
1 1082763708501 4
1 1082763708502 1
1 1082763708504 1
1 1082763708505 4
1 1082763708506 1
1 1082763708508 1
1 1082763708509 4
1 1082763708510 1
1 1082763708512 1
1 1082763708513 4
1 1082763708514 1
1 1082763708556 4
1 1082763708557 1
1 1082763708560 4
1 1082763708561 1
1 1082763708564 4
1 1082763708565 1
1 1082763708568 4
1 1082763708569 1
1 1082763708572 4
1 1082763708573 1
1 1082763708576 4
1 1082763708577 1
1 1082763708606 1
1 1082763708607 1
1 1082763708610 1
1 1082763708611 1
1 1082763708614 1
1 1082763708615 1
1 1082763708618 1
1 1082763708619 1
1 1082763708622 1
1 1082763708623 1
1 1082763708626 1
1 1082763708627 1
1 1082763708669 1
1 1082763708670 4
1 1082763708671 1
1 1082763708673 1
1 1082763708674 4
1 1082763708675 1
1 1082763708677 1
1 1082763708678 4
1 1082763708679 1
1 1082763708681 1
1 1082763708682 4
1 1082763708683 1
1 1082763708685 1
1 1082763708686 4
1 1082763708687 1
1 1082763708689 1
1 1082763708690 4
1 1082763708691 1
1 1082763708732 1
1 1082763708733 4
1 1082763708734 1
1 1082763708736 1
1 1082763708737 4
1 1082763708738 1
1 1082763708740 1
1 1082763708741 4
1 1082763708742 1
1 1082763708744 1
1 1082763708745 4
1 1082763708746 1
1 1082763708748 1
1 1082763708749 4
1 1082763708750 1
1 1082763708752 1
1 1082763708753 4
1 1082763708754 1
1 1082763708829 1
1 1082763708830 4
1 1082763708831 1
1 1082763708833 1
1 1082763708834 4
1 1082763708835 1
1 1082763708837 1
1 1082763708838 4
1 1082763708839 1
1 1082763708841 1
1 1082763708842 4
1 1082763708843 1
1 1082763708845 1
1 1082763708846 4
1 1082763708847 1
1 1082763708849 1
1 1082763708850 4
1 1082763708851 1
1 1082763708892 1
1 1082763708893 4
1 1082763708894 1
1 1082763708896 1
1 1082763708897 4
1 1082763708898 1
1 1082763708900 1
1 1082763708901 4
1 1082763708902 1
1 1082763708904 1
1 1082763708905 4
1 1082763708906 1
1 1082763708908 1
1 1082763708909 4
1 1082763708910 1
1 1082763708912 1
1 1082763708913 4
1 1082763708914 1
1 1082763708956 4
1 1082763708957 1
1 1082763708960 4
1 1082763708961 1
1 1082763708964 4
1 1082763708965 1
1 1082763708968 4
1 1082763708969 1
1 1082763708972 4
1 1082763708973 1
1 1082763708976 4
1 1082763708977 1
1 1082763709006 1
1 1082763709007 1
1 1082763709010 1
1 1082763709011 1
1 1082763709014 1
1 1082763709015 1
1 1082763709018 1
1 1082763709019 1
1 1082763709022 1
1 1082763709023 1
1 1082763709026 1
1 1082763709027 1
1 1082763709069 1
1 1082763709070 4
1 1082763709071 1
1 1082763709073 1
1 1082763709074 4
1 1082763709075 1
1 1082763709077 1
1 1082763709078 4
1 1082763709079 1
1 1082763709081 1
1 1082763709082 4
1 1082763709083 1
1 1082763709085 1
1 1082763709086 4
1 1082763709087 1
1 1082763709089 1
1 1082763709090 4
1 1082763709091 1
1 1082763709132 1
1 1082763709133 4
1 1082763709134 1
1 1082763709136 1
1 1082763709137 4
1 1082763709138 1
1 1082763709140 1
1 1082763709141 4
1 1082763709142 1
1 1082763709144 1
1 1082763709145 4
1 1082763709146 1
1 1082763709148 1
1 1082763709149 4
1 1082763709150 1
1 1082763709152 1
1 1082763709153 4
1 1082763709154 1
1 1082763709229 1
1 1082763709230 4
1 1082763709231 1
1 1082763709233 1
1 1082763709234 4
1 1082763709235 1
1 1082763709237 1
1 1082763709238 4
1 1082763709239 1
1 1082763709241 1
1 1082763709242 4
1 1082763709243 1
1 1082763709245 1
1 1082763709246 4
1 1082763709247 1
1 1082763709249 1
1 1082763709250 4
1 1082763709251 1
1 1082763709292 1
1 1082763709293 4
1 1082763709294 1
1 1082763709296 1
1 1082763709297 4
1 1082763709298 1
1 1082763709300 1
1 1082763709301 4
1 1082763709302 1
1 1082763709304 1
1 1082763709305 4
1 1082763709306 1
1 1082763709308 1
1 1082763709309 4
1 1082763709310 1
1 1082763709312 1
1 1082763709313 4
1 1082763709314 1
1 1082763709356 4
1 1082763709357 1
1 1082763709360 4
1 1082763709361 1
1 1082763709364 4
1 1082763709365 1
1 1082763709368 4
1 1082763709369 1
1 1082763709372 4
1 1082763709373 1
1 1082763709376 4
1 1082763709377 1
1 1082763709406 1
1 1082763709407 1
1 1082763709410 1
1 1082763709411 1
1 1082763709414 1
1 1082763709415 1
1 1082763709418 1
1 1082763709419 1
1 1082763709422 1
1 1082763709423 1
1 1082763709426 1
1 1082763709427 1
1 1082763709469 1
1 1082763709470 4
1 1082763709471 1
1 1082763709473 1
1 1082763709474 4
1 1082763709475 1
1 1082763709477 1
1 1082763709478 4
1 1082763709479 1
1 1082763709481 1
1 1082763709482 4
1 1082763709483 1
1 1082763709485 1
1 1082763709486 4
1 1082763709487 1
1 1082763709489 1
1 1082763709490 4
1 1082763709491 1
1 1082763709532 1
1 1082763709533 4
1 1082763709534 1
1 1082763709536 1
1 1082763709537 4
1 1082763709538 1
1 1082763709540 1
1 1082763709541 4
1 1082763709542 1
1 1082763709544 1
1 1082763709545 4
1 1082763709546 1
1 1082763709548 1
1 1082763709549 4
1 1082763709550 1
1 1082763709552 1
1 1082763709553 4
1 1082763709554 1
1 1082763709629 1
1 1082763709630 4
1 1082763709631 1
1 1082763709633 1
1 1082763709634 4
1 1082763709635 1
1 1082763709637 1
1 1082763709638 4
1 1082763709639 1
1 1082763709641 1
1 1082763709642 4
1 1082763709643 1
1 1082763709645 1
1 1082763709646 4
1 1082763709647 1
1 1082763709649 1
1 1082763709650 4
1 1082763709651 1
1 1082763709692 1
1 1082763709693 4
1 1082763709694 1
1 1082763709696 1
1 1082763709697 4
1 1082763709698 1
1 1082763709700 1
1 1082763709701 4
1 1082763709702 1
1 1082763709704 1
1 1082763709705 4
1 1082763709706 1
1 1082763709708 1
1 1082763709709 4
1 1082763709710 1
1 1082763709712 1
1 1082763709713 4
1 1082763709714 1
1 1082763709756 4
1 1082763709757 1
1 1082763709760 4
1 1082763709761 1
1 1082763709764 4
1 1082763709765 1
1 1082763709768 4
1 1082763709769 1
1 1082763709772 4
1 1082763709773 1
1 1082763709776 4
1 1082763709777 1
1 1082763709806 1
1 1082763709807 1
1 1082763709810 1
1 1082763709811 1
1 1082763709814 1
1 1082763709815 1
1 1082763709818 1
1 1082763709819 1
1 1082763709822 1
1 1082763709823 1
1 1082763709826 1
1 1082763709827 1
1 1082763709869 1
1 1082763709870 4
1 1082763709871 1
1 1082763709873 1
1 1082763709874 4
1 1082763709875 1
1 1082763709877 1
1 1082763709878 4
1 1082763709879 1
1 1082763709881 1
1 1082763709882 4
1 1082763709883 1
1 1082763709885 1
1 1082763709886 4
1 1082763709887 1
1 1082763709889 1
1 1082763709890 4
1 1082763709891 1
1 1082763709932 1
1 1082763709933 4
1 1082763709934 1
1 1082763709936 1
1 1082763709937 4
1 1082763709938 1
1 1082763709940 1
1 1082763709941 4
1 1082763709942 1
1 1082763709944 1
1 1082763709945 4
1 1082763709946 1
1 1082763709948 1
1 1082763709949 4
1 1082763709950 1
1 1082763709952 1
1 1082763709953 4
1 1082763709954 1
1 1082763710029 1
1 1082763710030 4
1 1082763710031 1
1 1082763710033 1
1 1082763710034 4
1 1082763710035 1
1 1082763710037 1
1 1082763710038 4
1 1082763710039 1
1 1082763710041 1
1 1082763710042 4
1 1082763710043 1
1 1082763710045 1
1 1082763710046 4
1 1082763710047 1
1 1082763710049 1
1 1082763710050 4
1 1082763710051 1
1 1082763710092 1
1 1082763710093 4
1 1082763710094 1
1 1082763710096 1
1 1082763710097 4
1 1082763710098 1
1 1082763710100 1
1 1082763710101 4
1 1082763710102 1
1 1082763710104 1
1 1082763710105 4
1 1082763710106 1
1 1082763710108 1
1 1082763710109 4
1 1082763710110 1
1 1082763710112 1
1 1082763710113 4
1 1082763710114 1
1 1082763710156 4
1 1082763710157 1
1 1082763710160 4
1 1082763710161 1
1 1082763710164 4
1 1082763710165 1
1 1082763710168 4
1 1082763710169 1
1 1082763710172 4
1 1082763710173 1
1 1082763710176 4
1 1082763710177 1
1 1082763710206 1
1 1082763710207 1
1 1082763710210 1
1 1082763710211 1
1 1082763710214 1
1 1082763710215 1
1 1082763710218 1
1 1082763710219 1
1 1082763710222 1
1 1082763710223 1
1 1082763710226 1
1 1082763710227 1
1 1082763710269 1
1 1082763710270 4
1 1082763710271 1
1 1082763710273 1
1 1082763710274 4
1 1082763710275 1
1 1082763710277 1
1 1082763710278 4
1 1082763710279 1
1 1082763710281 1
1 1082763710282 4
1 1082763710283 1
1 1082763710285 1
1 1082763710286 4
1 1082763710287 1
1 1082763710289 1
1 1082763710290 4
1 1082763710291 1
1 1082763710332 1
1 1082763710333 4
1 1082763710334 1
1 1082763710336 1
1 1082763710337 4
1 1082763710338 1
1 1082763710340 1
1 1082763710341 4
1 1082763710342 1
1 1082763710344 1
1 1082763710345 4
1 1082763710346 1
1 1082763710348 1
1 1082763710349 4
1 1082763710350 1
1 1082763710352 1
1 1082763710353 4
1 1082763710354 1
1 1082763710429 1
1 1082763710430 4
1 1082763710431 1
1 1082763710433 1
1 1082763710434 4
1 1082763710435 1
1 1082763710437 1
1 1082763710438 4
1 1082763710439 1
1 1082763710441 1
1 1082763710442 4
1 1082763710443 1
1 1082763710445 1
1 1082763710446 4
1 1082763710447 1
1 1082763710449 1
1 1082763710450 4
1 1082763710451 1
1 1082763710492 1
1 1082763710493 4
1 1082763710494 1
1 1082763710496 1
1 1082763710497 4
1 1082763710498 1
1 1082763710500 1
1 1082763710501 4
1 1082763710502 1
1 1082763710504 1
1 1082763710505 4
1 1082763710506 1
1 1082763710508 1
1 1082763710509 4
1 1082763710510 1
1 1082763710512 1
1 1082763710513 4
1 1082763710514 1
1 1082763710556 4
1 1082763710557 1
1 1082763710560 4
1 1082763710561 1
1 1082763710564 4
1 1082763710565 1
1 1082763710568 4
1 1082763710569 1
1 1082763710572 4
1 1082763710573 1
1 1082763710576 4
1 1082763710577 1
1 1082763710606 1
1 1082763710607 1
1 1082763710610 1
1 1082763710611 1
1 1082763710614 1
1 1082763710615 1
1 1082763710618 1
1 1082763710619 1
1 1082763710622 1
1 1082763710623 1
1 1082763710626 1
1 1082763710627 1
1 1082763710669 1
1 1082763710670 4
1 1082763710671 1
1 1082763710673 1
1 1082763710674 4
1 1082763710675 1
1 1082763710677 1
1 1082763710678 4
1 1082763710679 1
1 1082763710681 1
1 1082763710682 4
1 1082763710683 1
1 1082763710685 1
1 1082763710686 4
1 1082763710687 1
1 1082763710689 1
1 1082763710690 4
1 1082763710691 1
1 1082763710732 1
1 1082763710733 4
1 1082763710734 1
1 1082763710736 1
1 1082763710737 4
1 1082763710738 1
1 1082763710740 1
1 1082763710741 4
1 1082763710742 1
1 1082763710744 1
1 1082763710745 4
1 1082763710746 1
1 1082763710748 1
1 1082763710749 4
1 1082763710750 1
1 1082763710752 1
1 1082763710753 4
1 1082763710754 1
1 1082763710829 1
1 1082763710830 4
1 1082763710831 1
1 1082763710833 1
1 1082763710834 4
1 1082763710835 1
1 1082763710837 1
1 1082763710838 4
1 1082763710839 1
1 1082763710841 1
1 1082763710842 4
1 1082763710843 1
1 1082763710845 1
1 1082763710846 4
1 1082763710847 1
1 1082763710849 1
1 1082763710850 4
1 1082763710851 1
1 1082763710892 1
1 1082763710893 4
1 1082763710894 1
1 1082763710896 1
1 1082763710897 4
1 1082763710898 1
1 1082763710900 1
1 1082763710901 4
1 1082763710902 1
1 1082763710904 1
1 1082763710905 4
1 1082763710906 1
1 1082763710908 1
1 1082763710909 4
1 1082763710910 1
1 1082763710912 1
1 1082763710913 4
1 1082763710914 1
1 1082763710956 4
1 1082763710957 1
1 1082763710960 4
1 1082763710961 1
1 1082763710964 4
1 1082763710965 1
1 1082763710968 4
1 1082763710969 1
1 1082763710972 4
1 1082763710973 1
1 1082763710976 4
1 1082763710977 1
1 1082763711006 1
1 1082763711007 1
1 1082763711010 1
1 1082763711011 1
1 1082763711014 1
1 1082763711015 1
1 1082763711018 1
1 1082763711019 1
1 1082763711022 1
1 1082763711023 1
1 1082763711026 1
1 1082763711027 1
1 1082763711069 1
1 1082763711070 4
1 1082763711071 1
1 1082763711073 1
1 1082763711074 4
1 1082763711075 1
1 1082763711077 1
1 1082763711078 4
1 1082763711079 1
1 1082763711081 1
1 1082763711082 4
1 1082763711083 1
1 1082763711085 1
1 1082763711086 4
1 1082763711087 1
1 1082763711089 1
1 1082763711090 4
1 1082763711091 1
1 1082763711132 1
1 1082763711133 4
1 1082763711134 1
1 1082763711136 1
1 1082763711137 4
1 1082763711138 1
1 1082763711140 1
1 1082763711141 4
1 1082763711142 1
1 1082763711144 1
1 1082763711145 4
1 1082763711146 1
1 1082763711148 1
1 1082763711149 4
1 1082763711150 1
1 1082763711152 1
1 1082763711153 4
1 1082763711154 1
1 1082763711229 1
1 1082763711230 4
1 1082763711231 1
1 1082763711233 1
1 1082763711234 4
1 1082763711235 1
1 1082763711237 1
1 1082763711238 4
1 1082763711239 1
1 1082763711241 1
1 1082763711242 4
1 1082763711243 1
1 1082763711245 1
1 1082763711246 4
1 1082763711247 1
1 1082763711249 1
1 1082763711250 4
1 1082763711251 1
1 1082763711292 1
1 1082763711293 4
1 1082763711294 1
1 1082763711296 1
1 1082763711297 4
1 1082763711298 1
1 1082763711300 1
1 1082763711301 4
1 1082763711302 1
1 1082763711304 1
1 1082763711305 4
1 1082763711306 1
1 1082763711308 1
1 1082763711309 4
1 1082763711310 1
1 1082763711312 1
1 1082763711313 4
1 1082763711314 1
1 1082763711356 4
1 1082763711357 1
1 1082763711360 4
1 1082763711361 1
1 1082763711364 4
1 1082763711365 1
1 1082763711368 4
1 1082763711369 1
1 1082763711372 4
1 1082763711373 1
1 1082763711376 4
1 1082763711377 1
1 1082763711406 1
1 1082763711407 1
1 1082763711410 1
1 1082763711411 1
1 1082763711414 1
1 1082763711415 1
1 1082763711418 1
1 1082763711419 1
1 1082763711422 1
1 1082763711423 1
1 1082763711426 1
1 1082763711427 1
1 1082763711469 1
1 1082763711470 4
1 1082763711471 1
1 1082763711473 1
1 1082763711474 4
1 1082763711475 1
1 1082763711477 1
1 1082763711478 4
1 1082763711479 1
1 1082763711481 1
1 1082763711482 4
1 1082763711483 1
1 1082763711485 1
1 1082763711486 4
1 1082763711487 1
1 1082763711489 1
1 1082763711490 4
1 1082763711491 1
1 1082763711532 1
1 1082763711533 4
1 1082763711534 1
1 1082763711536 1
1 1082763711537 4
1 1082763711538 1
1 1082763711540 1
1 1082763711541 4
1 1082763711542 1
1 1082763711544 1
1 1082763711545 4
1 1082763711546 1
1 1082763711548 1
1 1082763711549 4
1 1082763711550 1
1 1082763711552 1
1 1082763711553 4
1 1082763711554 1
1 1082763711629 1
1 1082763711630 4
1 1082763711631 1
1 1082763711633 1
1 1082763711634 4
1 1082763711635 1
1 1082763711637 1
1 1082763711638 4
1 1082763711639 1
1 1082763711641 1
1 1082763711642 4
1 1082763711643 1
1 1082763711645 1
1 1082763711646 4
1 1082763711647 1
1 1082763711649 1
1 1082763711650 4
1 1082763711651 1
1 1082763711692 1
1 1082763711693 4
1 1082763711694 1
1 1082763711696 1
1 1082763711697 4
1 1082763711698 1
1 1082763711700 1
1 1082763711701 4
1 1082763711702 1
1 1082763711704 1
1 1082763711705 4
1 1082763711706 1
1 1082763711708 1
1 1082763711709 4
1 1082763711710 1
1 1082763711712 1
1 1082763711713 4
1 1082763711714 1
1 1082763711756 4
1 1082763711757 1
1 1082763711760 4
1 1082763711761 1
1 1082763711764 4
1 1082763711765 1
1 1082763711768 4
1 1082763711769 1
1 1082763711772 4
1 1082763711773 1
1 1082763711776 4
1 1082763711777 1
1 1082763711806 1
1 1082763711807 1
1 1082763711810 1
1 1082763711811 1
1 1082763711814 1
1 1082763711815 1
1 1082763711818 1
1 1082763711819 1
1 1082763711822 1
1 1082763711823 1
1 1082763711826 1
1 1082763711827 1
1 1082763711869 1
1 1082763711870 4
1 1082763711871 1
1 1082763711873 1
1 1082763711874 4
1 1082763711875 1
1 1082763711877 1
1 1082763711878 4
1 1082763711879 1
1 1082763711881 1
1 1082763711882 4
1 1082763711883 1
1 1082763711885 1
1 1082763711886 4
1 1082763711887 1
1 1082763711889 1
1 1082763711890 4
1 1082763711891 1
1 1082763711932 1
1 1082763711933 4
1 1082763711934 1
1 1082763711936 1
1 1082763711937 4
1 1082763711938 1
1 1082763711940 1
1 1082763711941 4
1 1082763711942 1
1 1082763711944 1
1 1082763711945 4
1 1082763711946 1
1 1082763711948 1
1 1082763711949 4
1 1082763711950 1
1 1082763711952 1
1 1082763711953 4
1 1082763711954 1
1 1082763712029 1
1 1082763712030 4
1 1082763712031 1
1 1082763712033 1
1 1082763712034 4
1 1082763712035 1
1 1082763712037 1
1 1082763712038 4
1 1082763712039 1
1 1082763712041 1
1 1082763712042 4
1 1082763712043 1
1 1082763712045 1
1 1082763712046 4
1 1082763712047 1
1 1082763712049 1
1 1082763712050 4
1 1082763712051 1
1 1082763712092 1
1 1082763712093 4
1 1082763712094 1
1 1082763712096 1
1 1082763712097 4
1 1082763712098 1
1 1082763712100 1
1 1082763712101 4
1 1082763712102 1
1 1082763712104 1
1 1082763712105 4
1 1082763712106 1
1 1082763712108 1
1 1082763712109 4
1 1082763712110 1
1 1082763712112 1
1 1082763712113 4
1 1082763712114 1
1 1082763712156 4
1 1082763712157 1
1 1082763712160 4
1 1082763712161 1
1 1082763712164 4
1 1082763712165 1
1 1082763712168 4
1 1082763712169 1
1 1082763712172 4
1 1082763712173 1
1 1082763712176 4
1 1082763712177 1
1 1082763712206 1
1 1082763712207 1
1 1082763712210 1
1 1082763712211 1
1 1082763712214 1
1 1082763712215 1
1 1082763712218 1
1 1082763712219 1
1 1082763712222 1
1 1082763712223 1
1 1082763712226 1
1 1082763712227 1
1 1082763712269 1
1 1082763712270 4
1 1082763712271 1
1 1082763712273 1
1 1082763712274 4
1 1082763712275 1
1 1082763712277 1
1 1082763712278 4
1 1082763712279 1
1 1082763712281 1
1 1082763712282 4
1 1082763712283 1
1 1082763712285 1
1 1082763712286 4
1 1082763712287 1
1 1082763712289 1
1 1082763712290 4
1 1082763712291 1
1 1082763712332 1
1 1082763712333 4
1 1082763712334 1
1 1082763712336 1
1 1082763712337 4
1 1082763712338 1
1 1082763712340 1
1 1082763712341 4
1 1082763712342 1
1 1082763712344 1
1 1082763712345 4
1 1082763712346 1
1 1082763712348 1
1 1082763712349 4
1 1082763712350 1
1 1082763712352 1
1 1082763712353 4
1 1082763712354 1
1 1082763712429 1
1 1082763712430 4
1 1082763712431 1
1 1082763712433 1
1 1082763712434 4
1 1082763712435 1
1 1082763712437 1
1 1082763712438 4
1 1082763712439 1
1 1082763712441 1
1 1082763712442 4
1 1082763712443 1
1 1082763712445 1
1 1082763712446 4
1 1082763712447 1
1 1082763712449 1
1 1082763712450 4
1 1082763712451 1
1 1082763712492 1
1 1082763712493 4
1 1082763712494 1
1 1082763712496 1
1 1082763712497 4
1 1082763712498 1
1 1082763712500 1
1 1082763712501 4
1 1082763712502 1
1 1082763712504 1
1 1082763712505 4
1 1082763712506 1
1 1082763712508 1
1 1082763712509 4
1 1082763712510 1
1 1082763712512 1
1 1082763712513 4
1 1082763712514 1
1 1082763712556 4
1 1082763712557 1
1 1082763712560 4
1 1082763712561 1
1 1082763712564 4
1 1082763712565 1
1 1082763712568 4
1 1082763712569 1
1 1082763712572 4
1 1082763712573 1
1 1082763712576 4
1 1082763712577 1
1 1082763712606 1
1 1082763712607 1
1 1082763712610 1
1 1082763712611 1
1 1082763712614 1
1 1082763712615 1
1 1082763712618 1
1 1082763712619 1
1 1082763712622 1
1 1082763712623 1
1 1082763712626 1
1 1082763712627 1
1 1082763712669 1
1 1082763712670 4
1 1082763712671 1
1 1082763712673 1
1 1082763712674 4
1 1082763712675 1
1 1082763712677 1
1 1082763712678 4
1 1082763712679 1
1 1082763712681 1
1 1082763712682 4
1 1082763712683 1
1 1082763712685 1
1 1082763712686 4
1 1082763712687 1
1 1082763712689 1
1 1082763712690 4
1 1082763712691 1
1 1082763712732 1
1 1082763712733 4
1 1082763712734 1
1 1082763712736 1
1 1082763712737 4
1 1082763712738 1
1 1082763712740 1
1 1082763712741 4
1 1082763712742 1
1 1082763712744 1
1 1082763712745 4
1 1082763712746 1
1 1082763712748 1
1 1082763712749 4
1 1082763712750 1
1 1082763712752 1
1 1082763712753 4
1 1082763712754 1
1 1082763712829 1
1 1082763712830 4
1 1082763712831 1
1 1082763712833 1
1 1082763712834 4
1 1082763712835 1
1 1082763712837 1
1 1082763712838 4
1 1082763712839 1
1 1082763712841 1
1 1082763712842 4
1 1082763712843 1
1 1082763712845 1
1 1082763712846 4
1 1082763712847 1
1 1082763712849 1
1 1082763712850 4
1 1082763712851 1
1 1082763712892 1
1 1082763712893 4
1 1082763712894 1
1 1082763712896 1
1 1082763712897 4
1 1082763712898 1
1 1082763712900 1
1 1082763712901 4
1 1082763712902 1
1 1082763712904 1
1 1082763712905 4
1 1082763712906 1
1 1082763712908 1
1 1082763712909 4
1 1082763712910 1
1 1082763712912 1
1 1082763712913 4
1 1082763712914 1
1 1082763712956 4
1 1082763712957 1
1 1082763712960 4
1 1082763712961 1
1 1082763712964 4
1 1082763712965 1
1 1082763712968 4
1 1082763712969 1
1 1082763712972 4
1 1082763712973 1
1 1082763712976 4
1 1082763712977 1
1 1082763713006 1
1 1082763713007 1
1 1082763713010 1
1 1082763713011 1
1 1082763713014 1
1 1082763713015 1
1 1082763713018 1
1 1082763713019 1
1 1082763713022 1
1 1082763713023 1
1 1082763713026 1
1 1082763713027 1
1 1082763713069 1
1 1082763713070 4
1 1082763713071 1
1 1082763713073 1
1 1082763713074 4
1 1082763713075 1
1 1082763713077 1
1 1082763713078 4
1 1082763713079 1
1 1082763713081 1
1 1082763713082 4
1 1082763713083 1
1 1082763713085 1
1 1082763713086 4
1 1082763713087 1
1 1082763713089 1
1 1082763713090 4
1 1082763713091 1
1 1082763713132 1
1 1082763713133 4
1 1082763713134 1
1 1082763713136 1
1 1082763713137 4
1 1082763713138 1
1 1082763713140 1
1 1082763713141 4
1 1082763713142 1
1 1082763713144 1
1 1082763713145 4
1 1082763713146 1
1 1082763713148 1
1 1082763713149 4
1 1082763713150 1
1 1082763713152 1
1 1082763713153 4
1 1082763713154 1
1 1082763713229 1
1 1082763713230 4
1 1082763713231 1
1 1082763713233 1
1 1082763713234 4
1 1082763713235 1
1 1082763713237 1
1 1082763713238 4
1 1082763713239 1
1 1082763713241 1
1 1082763713242 4
1 1082763713243 1
1 1082763713245 1
1 1082763713246 4
1 1082763713247 1
1 1082763713249 1
1 1082763713250 4
1 1082763713251 1
1 1082763713292 1
1 1082763713293 4
1 1082763713294 1
1 1082763713296 1
1 1082763713297 4
1 1082763713298 1
1 1082763713300 1
1 1082763713301 4
1 1082763713302 1
1 1082763713304 1
1 1082763713305 4
1 1082763713306 1
1 1082763713308 1
1 1082763713309 4
1 1082763713310 1
1 1082763713312 1
1 1082763713313 4
1 1082763713314 1
1 1082763713356 4
1 1082763713357 1
1 1082763713360 4
1 1082763713361 1
1 1082763713364 4
1 1082763713365 1
1 1082763713368 4
1 1082763713369 1
1 1082763713372 4
1 1082763713373 1
1 1082763713376 4
1 1082763713377 1
1 1082763713406 1
1 1082763713407 1
1 1082763713410 1
1 1082763713411 1
1 1082763713414 1
1 1082763713415 1
1 1082763713418 1
1 1082763713419 1
1 1082763713422 1
1 1082763713423 1
1 1082763713426 1
1 1082763713427 1
1 1082763713469 1
1 1082763713470 4
1 1082763713471 1
1 1082763713473 1
1 1082763713474 4
1 1082763713475 1
1 1082763713477 1
1 1082763713478 4
1 1082763713479 1
1 1082763713481 1
1 1082763713482 4
1 1082763713483 1
1 1082763713485 1
1 1082763713486 4
1 1082763713487 1
1 1082763713489 1
1 1082763713490 4
1 1082763713491 1
1 1082763713532 1
1 1082763713533 4
1 1082763713534 1
1 1082763713536 1
1 1082763713537 4
1 1082763713538 1
1 1082763713540 1
1 1082763713541 4
1 1082763713542 1
1 1082763713544 1
1 1082763713545 4
1 1082763713546 1
1 1082763713548 1
1 1082763713549 4
1 1082763713550 1
1 1082763713552 1
1 1082763713553 4
1 1082763713554 1
