1 1082763673600 1
1 1082763673601 4
1 1082763673602 1
1 1082763673604 1
1 1082763673605 4
1 1082763673606 1
1 1082763673608 1
1 1082763673609 4
1 1082763673610 1
1 1082763673612 1
1 1082763673613 4
1 1082763673614 1
1 1082763673616 1
1 1082763673617 4
1 1082763673618 1
1 1082763673660 4
1 1082763673661 1
1 1082763673664 4
1 1082763673665 1
1 1082763673668 4
1 1082763673669 1
1 1082763673672 4
1 1082763673673 1
1 1082763673676 4
1 1082763673677 1
1 1082763673680 4
1 1082763673681 1
1 1082763673710 1
1 1082763673711 1
1 1082763673714 1
1 1082763673715 1
1 1082763673718 1
1 1082763673719 1
1 1082763673722 1
1 1082763673723 1
1 1082763673726 1
1 1082763673727 1
1 1082763673730 1
1 1082763673731 1
1 1082763673773 1
1 1082763673774 4
1 1082763673775 1
1 1082763673777 1
1 1082763673778 4
1 1082763673779 1
1 1082763673781 1
1 1082763673782 4
1 1082763673783 1
1 1082763673785 1
1 1082763673786 4
1 1082763673787 1
1 1082763673789 1
1 1082763673790 4
1 1082763673791 1
1 1082763673793 1
1 1082763673794 4
1 1082763673795 1
1 1082763673836 1
1 1082763673837 4
1 1082763673838 1
1 1082763673840 1
1 1082763673841 4
1 1082763673842 1
1 1082763673844 1
1 1082763673845 4
1 1082763673846 1
1 1082763673848 1
1 1082763673849 4
1 1082763673850 1
1 1082763673852 1
1 1082763673853 4
1 1082763673854 1
1 1082763673856 1
1 1082763673857 4
1 1082763673858 1
1 1082763673900 4
1 1082763673901 1
1 1082763673904 4
1 1082763673905 1
1 1082763673908 4
1 1082763673909 1
1 1082763673912 4
1 1082763673913 1
1 1082763673916 4
1 1082763673917 1
1 1082763673920 4
1 1082763673921 1
1 1082763673950 1
1 1082763673951 1
1 1082763673954 1
1 1082763673955 1
1 1082763673958 1
1 1082763673959 1
1 1082763673962 1
1 1082763673963 1
1 1082763673966 217
1 1082763673967 1
1 1082763673970 25
1 1082763673971 1
1 1082763674000 1
1 1082763674001 4
1 1082763674002 1
1 1082763674004 1
1 1082763674005 4
1 1082763674006 1
1 1082763674008 1
1 1082763674009 4
1 1082763674010 1
1 1082763674012 1
1 1082763674013 4
1 1082763674014 1
1 1082763674016 1
1 1082763674017 4
1 1082763674018 1
1 1082763674060 4
1 1082763674061 1
1 1082763674064 4
1 1082763674065 1
1 1082763674068 4
1 1082763674069 1
1 1082763674072 4
1 1082763674073 1
1 1082763674076 4
1 1082763674077 1
1 1082763674080 4
1 1082763674081 1
1 1082763674110 1
1 1082763674111 1
1 1082763674114 1
1 1082763674115 1
1 1082763674118 1
1 1082763674119 1
1 1082763674122 1
1 1082763674123 1
1 1082763674126 1
1 1082763674127 1
1 1082763674130 1
1 1082763674131 1
1 1082763674173 1
1 1082763674174 4
1 1082763674175 1
1 1082763674177 1
1 1082763674178 4
1 1082763674179 1
1 1082763674181 1
1 1082763674182 4
1 1082763674183 1
1 1082763674185 1
1 1082763674186 4
1 1082763674187 1
1 1082763674189 1
1 1082763674190 4
1 1082763674191 1
1 1082763674193 1
1 1082763674194 4
1 1082763674195 1
1 1082763674236 1
1 1082763674237 4
1 1082763674238 1
1 1082763674240 1
1 1082763674241 4
1 1082763674242 1
1 1082763674244 1
1 1082763674245 4
1 1082763674246 1
1 1082763674248 1
1 1082763674249 4
1 1082763674250 1
1 1082763674252 1
1 1082763674253 4
1 1082763674254 1
1 1082763674256 1
1 1082763674257 4
1 1082763674258 1
1 1082763674300 4
1 1082763674301 1
1 1082763674304 4
1 1082763674305 1
1 1082763674308 4
1 1082763674309 1
1 1082763674312 4
1 1082763674313 1
1 1082763674316 4
1 1082763674317 1
1 1082763674320 4
1 1082763674321 1
1 1082763674350 1
1 1082763674351 1
1 1082763674354 1
1 1082763674355 1
1 1082763674358 1
1 1082763674359 1
1 1082763674362 1
1 1082763674363 1
1 1082763674366 1
1 1082763674367 1
1 1082763674370 1
1 1082763674371 1
1 1082763674400 1
1 1082763674401 4
1 1082763674402 1
1 1082763674404 1
1 1082763674405 4
1 1082763674406 1
1 1082763674408 1
1 1082763674409 4
1 1082763674410 1
1 1082763674412 1
1 1082763674413 4
1 1082763674414 1
1 1082763674416 1
1 1082763674417 4
1 1082763674418 1
1 1082763674460 4
1 1082763674461 1
1 1082763674464 4
1 1082763674465 1
1 1082763674468 4
1 1082763674469 1
1 1082763674472 4
1 1082763674473 1
1 1082763674476 4
1 1082763674477 1
1 1082763674480 4
1 1082763674481 1
1 1082763674510 1
1 1082763674511 1
1 1082763674514 1
1 1082763674515 1
1 1082763674518 1
1 1082763674519 1
1 1082763674522 1
1 1082763674523 1
1 1082763674526 1
1 1082763674527 1
1 1082763674530 1
1 1082763674531 1
1 1082763674573 1
1 1082763674574 4
1 1082763674575 1
1 1082763674577 1
1 1082763674578 4
1 1082763674579 1
1 1082763674581 1
1 1082763674582 4
1 1082763674583 1
1 1082763674585 1
1 1082763674586 4
1 1082763674587 1
1 1082763674589 1
1 1082763674590 4
1 1082763674591 1
1 1082763674593 1
1 1082763674594 4
1 1082763674595 1
1 1082763674636 1
1 1082763674637 4
1 1082763674638 1
1 1082763674640 1
1 1082763674641 4
1 1082763674642 1
1 1082763674644 1
1 1082763674645 4
1 1082763674646 1
1 1082763674648 1
1 1082763674649 4
1 1082763674650 1
1 1082763674652 1
1 1082763674653 4
1 1082763674654 1
1 1082763674656 1
1 1082763674657 4
1 1082763674658 1
1 1082763674700 4
1 1082763674701 1
1 1082763674704 4
1 1082763674705 1
1 1082763674708 4
1 1082763674709 1
1 1082763674712 4
1 1082763674713 1
1 1082763674716 4
1 1082763674717 1
1 1082763674720 4
1 1082763674721 1
1 1082763674750 1
1 1082763674751 1
1 1082763674754 1
1 1082763674755 1
1 1082763674758 1
1 1082763674759 1
1 1082763674762 1
1 1082763674763 1
1 1082763674766 1
1 1082763674767 1
1 1082763674770 1
1 1082763674771 1
1 1082763674800 1
1 1082763674801 4
1 1082763674802 1
1 1082763674804 1
1 1082763674805 4
1 1082763674806 1
1 1082763674808 1
1 1082763674809 4
1 1082763674810 1
1 1082763674812 1
1 1082763674813 4
1 1082763674814 1
1 1082763674816 1
1 1082763674817 4
1 1082763674818 1
1 1082763674860 4
1 1082763674861 1
1 1082763674864 4
1 1082763674865 1
1 1082763674868 4
1 1082763674869 1
1 1082763674872 4
1 1082763674873 1
1 1082763674876 4
1 1082763674877 1
1 1082763674880 4
1 1082763674881 1
1 1082763674910 1
1 1082763674911 1
1 1082763674914 1
1 1082763674915 1
1 1082763674918 1
1 1082763674919 1
1 1082763674922 1
1 1082763674923 1
1 1082763674926 1
1 1082763674927 1
1 1082763674930 1
1 1082763674931 1
1 1082763674973 1
1 1082763674974 4
1 1082763674975 1
1 1082763674977 1
1 1082763674978 4
1 1082763674979 1
1 1082763674981 1
1 1082763674982 4
1 1082763674983 1
1 1082763674985 1
1 1082763674986 4
1 1082763674987 1
1 1082763674989 1
1 1082763674990 4
1 1082763674991 1
1 1082763674993 1
1 1082763674994 4
1 1082763674995 1
1 1082763675036 1
1 1082763675037 4
1 1082763675038 1
1 1082763675040 1
1 1082763675041 4
1 1082763675042 1
1 1082763675044 1
1 1082763675045 4
1 1082763675046 1
1 1082763675048 1
1 1082763675049 4
1 1082763675050 1
1 1082763675052 1
1 1082763675053 4
1 1082763675054 1
1 1082763675056 1
1 1082763675057 4
1 1082763675058 1
1 1082763675100 4
1 1082763675101 1
1 1082763675104 4
1 1082763675105 1
1 1082763675108 4
1 1082763675109 1
1 1082763675112 4
1 1082763675113 1
1 1082763675116 4
1 1082763675117 1
1 1082763675120 4
1 1082763675121 1
1 1082763675150 1
1 1082763675151 1
1 1082763675154 1
1 1082763675155 1
1 1082763675158 1
1 1082763675159 1
1 1082763675162 1
1 1082763675163 1
1 1082763675166 1
1 1082763675167 1
1 1082763675170 1
1 1082763675171 1
1 1082763675200 1
1 1082763675201 4
1 1082763675202 1
1 1082763675204 1
1 1082763675205 4
1 1082763675206 1
1 1082763675208 1
1 1082763675209 4
1 1082763675210 1
1 1082763675212 1
1 1082763675213 4
1 1082763675214 1
1 1082763675216 1
1 1082763675217 4
1 1082763675218 1
1 1082763675260 4
1 1082763675261 1
1 1082763675264 4
1 1082763675265 1
1 1082763675268 4
1 1082763675269 1
1 1082763675272 4
1 1082763675273 1
1 1082763675276 4
1 1082763675277 1
1 1082763675280 4
1 1082763675281 1
1 1082763675310 1
1 1082763675311 1
1 1082763675314 1
1 1082763675315 1
1 1082763675318 1
1 1082763675319 1
1 1082763675322 1
1 1082763675323 1
1 1082763675326 1
1 1082763675327 1
1 1082763675330 1
1 1082763675331 1
1 1082763675373 1
1 1082763675374 4
1 1082763675375 1
1 1082763675377 1
1 1082763675378 4
1 1082763675379 1
1 1082763675381 1
1 1082763675382 4
1 1082763675383 1
1 1082763675385 1
1 1082763675386 4
1 1082763675387 1
1 1082763675389 1
1 1082763675390 4
1 1082763675391 1
1 1082763675393 1
1 1082763675394 4
1 1082763675395 1
1 1082763675436 1
1 1082763675437 4
1 1082763675438 1
1 1082763675440 1
1 1082763675441 4
1 1082763675442 1
1 1082763675444 1
1 1082763675445 4
1 1082763675446 1
1 1082763675448 1
1 1082763675449 4
1 1082763675450 1
1 1082763675452 1
1 1082763675453 4
1 1082763675454 1
1 1082763675456 1
1 1082763675457 4
1 1082763675458 1
1 1082763675500 4
1 1082763675501 1
1 1082763675504 4
1 1082763675505 1
1 1082763675508 4
1 1082763675509 1
1 1082763675512 4
1 1082763675513 1
1 1082763675516 4
1 1082763675517 1
1 1082763675520 4
1 1082763675521 1
1 1082763675550 1
1 1082763675551 1
1 1082763675554 1
1 1082763675555 1
1 1082763675558 1
1 1082763675559 1
1 1082763675562 1
1 1082763675563 1
1 1082763675566 1
1 1082763675567 1
1 1082763675570 1
1 1082763675571 1
1 1082763675600 1
1 1082763675601 4
1 1082763675602 1
1 1082763675604 1
1 1082763675605 4
1 1082763675606 1
1 1082763675608 1
1 1082763675609 4
1 1082763675610 1
1 1082763675612 1
1 1082763675613 4
1 1082763675614 1
1 1082763675616 1
1 1082763675617 4
1 1082763675618 1
1 1082763675660 4
1 1082763675661 1
1 1082763675664 4
1 1082763675665 1
1 1082763675668 4
1 1082763675669 1
1 1082763675672 4
1 1082763675673 1
1 1082763675676 4
1 1082763675677 1
1 1082763675680 4
1 1082763675681 1
1 1082763675710 1
1 1082763675711 1
1 1082763675714 1
1 1082763675715 1
1 1082763675718 1
1 1082763675719 1
1 1082763675722 1
1 1082763675723 1
1 1082763675726 1
1 1082763675727 1
1 1082763675730 1
1 1082763675731 1
1 1082763675773 1
1 1082763675774 4
1 1082763675775 1
1 1082763675777 1
1 1082763675778 4
1 1082763675779 1
1 1082763675781 1
1 1082763675782 4
1 1082763675783 1
1 1082763675785 1
1 1082763675786 4
1 1082763675787 1
1 1082763675789 1
1 1082763675790 4
1 1082763675791 1
1 1082763675793 1
1 1082763675794 4
1 1082763675795 1
1 1082763675836 1
1 1082763675837 4
1 1082763675838 1
1 1082763675840 1
1 1082763675841 4
1 1082763675842 1
1 1082763675844 1
1 1082763675845 4
1 1082763675846 1
1 1082763675848 1
1 1082763675849 4
1 1082763675850 1
1 1082763675852 1
1 1082763675853 4
1 1082763675854 1
1 1082763675856 1
1 1082763675857 4
1 1082763675858 1
1 1082763675900 4
1 1082763675901 1
1 1082763675904 4
1 1082763675905 1
1 1082763675908 4
1 1082763675909 1
1 1082763675912 4
1 1082763675913 1
1 1082763675916 4
1 1082763675917 1
1 1082763675920 4
1 1082763675921 1
1 1082763675950 1
1 1082763675951 1
1 1082763675954 1
1 1082763675955 1
1 1082763675958 1
1 1082763675959 1
1 1082763675962 1
1 1082763675963 1
1 1082763675966 1
1 1082763675967 1
1 1082763675970 1
1 1082763675971 1
1 1082763676000 1
1 1082763676001 4
1 1082763676002 1
1 1082763676004 1
1 1082763676005 4
1 1082763676006 1
1 1082763676008 1
1 1082763676009 4
1 1082763676010 1
1 1082763676012 1
1 1082763676013 4
1 1082763676014 1
1 1082763676016 1
1 1082763676017 4
1 1082763676018 1
1 1082763676060 4
1 1082763676061 1
1 1082763676064 4
1 1082763676065 1
1 1082763676068 4
1 1082763676069 1
1 1082763676072 4
1 1082763676073 1
1 1082763676076 4
1 1082763676077 1
1 1082763676080 4
1 1082763676081 1
1 1082763676110 1
1 1082763676111 1
1 1082763676114 1
1 1082763676115 1
1 1082763676118 1
1 1082763676119 1
1 1082763676122 1
1 1082763676123 1
1 1082763676126 1
1 1082763676127 1
1 1082763676130 1
1 1082763676131 1
1 1082763676173 1
1 1082763676174 4
1 1082763676175 1
1 1082763676177 1
1 1082763676178 4
1 1082763676179 1
1 1082763676181 1
1 1082763676182 4
1 1082763676183 1
1 1082763676185 1
1 1082763676186 4
1 1082763676187 1
1 1082763676189 1
1 1082763676190 4
1 1082763676191 1
1 1082763676193 1
1 1082763676194 4
1 1082763676195 1
1 1082763676236 1
1 1082763676237 4
1 1082763676238 1
1 1082763676240 1
1 1082763676241 4
1 1082763676242 1
1 1082763676244 1
1 1082763676245 4
1 1082763676246 1
1 1082763676248 1
1 1082763676249 4
1 1082763676250 1
1 1082763676252 1
1 1082763676253 4
1 1082763676254 1
1 1082763676256 1
1 1082763676257 4
1 1082763676258 1
1 1082763676300 4
1 1082763676301 1
1 1082763676304 4
1 1082763676305 1
1 1082763676308 4
1 1082763676309 1
1 1082763676312 4
1 1082763676313 1
1 1082763676316 4
1 1082763676317 1
1 1082763676320 4
1 1082763676321 1
1 1082763676350 1
1 1082763676351 1
1 1082763676354 1
1 1082763676355 1
1 1082763676358 1
1 1082763676359 1
1 1082763676362 1
1 1082763676363 1
1 1082763676366 1
1 1082763676367 1
1 1082763676370 1
1 1082763676371 1
1 1082763676400 1
1 1082763676401 4
1 1082763676402 1
1 1082763676404 1
1 1082763676405 4
1 1082763676406 1
1 1082763676408 1
1 1082763676409 4
1 1082763676410 1
1 1082763676412 1
1 1082763676413 4
1 1082763676414 1
1 1082763676416 1
1 1082763676417 4
1 1082763676418 1
1 1082763676460 4
1 1082763676461 1
1 1082763676464 4
1 1082763676465 1
1 1082763676468 4
1 1082763676469 1
1 1082763676472 4
1 1082763676473 1
1 1082763676476 4
1 1082763676477 1
1 1082763676480 4
1 1082763676481 1
1 1082763676510 1
1 1082763676511 1
1 1082763676514 1
1 1082763676515 1
1 1082763676518 1
1 1082763676519 1
1 1082763676522 1
1 1082763676523 1
1 1082763676526 1
1 1082763676527 1
1 1082763676530 1
1 1082763676531 1
1 1082763676573 1
1 1082763676574 4
1 1082763676575 1
1 1082763676577 1
1 1082763676578 4
1 1082763676579 1
1 1082763676581 1
1 1082763676582 4
1 1082763676583 1
1 1082763676585 1
1 1082763676586 4
1 1082763676587 1
1 1082763676589 1
1 1082763676590 4
1 1082763676591 1
1 1082763676593 1
1 1082763676594 4
1 1082763676595 1
1 1082763676636 1
1 1082763676637 4
1 1082763676638 1
1 1082763676640 1
1 1082763676641 4
1 1082763676642 1
1 1082763676644 1
1 1082763676645 4
1 1082763676646 1
1 1082763676648 1
1 1082763676649 4
1 1082763676650 1
1 1082763676652 1
1 1082763676653 4
1 1082763676654 1
1 1082763676656 1
1 1082763676657 4
1 1082763676658 1
1 1082763676700 4
1 1082763676701 1
1 1082763676704 4
1 1082763676705 1
1 1082763676708 4
1 1082763676709 1
1 1082763676712 4
1 1082763676713 1
1 1082763676716 4
1 1082763676717 1
1 1082763676720 4
1 1082763676721 1
1 1082763676750 1
1 1082763676751 1
1 1082763676754 1
1 1082763676755 1
1 1082763676758 1
1 1082763676759 1
1 1082763676762 1
1 1082763676763 1
1 1082763676766 1
1 1082763676767 1
1 1082763676770 1
1 1082763676771 1
1 1082763676800 1
1 1082763676801 4
1 1082763676802 1
1 1082763676804 1
1 1082763676805 4
1 1082763676806 1
1 1082763676808 1
1 1082763676809 4
1 1082763676810 1
1 1082763676812 1
1 1082763676813 4
1 1082763676814 1
1 1082763676816 1
1 1082763676817 4
1 1082763676818 1
1 1082763676860 4
1 1082763676861 1
1 1082763676864 4
1 1082763676865 1
1 1082763676868 4
1 1082763676869 1
1 1082763676872 4
1 1082763676873 1
1 1082763676876 4
1 1082763676877 1
1 1082763676880 4
1 1082763676881 1
1 1082763676910 1
1 1082763676911 1
1 1082763676914 1
1 1082763676915 1
1 1082763676918 1
1 1082763676919 1
1 1082763676922 1
1 1082763676923 1
1 1082763676926 1
1 1082763676927 1
1 1082763676930 1
1 1082763676931 1
1 1082763676973 1
1 1082763676974 4
1 1082763676975 1
1 1082763676977 1
1 1082763676978 4
1 1082763676979 1
1 1082763676981 1
1 1082763676982 4
1 1082763676983 1
1 1082763676985 1
1 1082763676986 4
1 1082763676987 1
1 1082763676989 1
1 1082763676990 4
1 1082763676991 1
1 1082763676993 1
1 1082763676994 4
1 1082763676995 1
1 1082763677036 1
1 1082763677037 4
1 1082763677038 1
1 1082763677040 1
1 1082763677041 4
1 1082763677042 1
1 1082763677044 1
1 1082763677045 4
1 1082763677046 1
1 1082763677048 1
1 1082763677049 4
1 1082763677050 1
1 1082763677052 1
1 1082763677053 4
1 1082763677054 1
1 1082763677056 1
1 1082763677057 4
1 1082763677058 1
1 1082763677100 4
1 1082763677101 1
1 1082763677104 4
1 1082763677105 1
1 1082763677108 4
1 1082763677109 1
1 1082763677112 4
1 1082763677113 1
1 1082763677116 4
1 1082763677117 1
1 1082763677120 4
1 1082763677121 1
1 1082763677150 1
1 1082763677151 1
1 1082763677154 1
1 1082763677155 1
1 1082763677158 1
1 1082763677159 1
1 1082763677162 1
1 1082763677163 1
1 1082763677166 1
1 1082763677167 1
1 1082763677170 1
1 1082763677171 1
1 1082763677200 1
1 1082763677201 4
1 1082763677202 1
1 1082763677204 1
1 1082763677205 4
1 1082763677206 1
1 1082763677208 1
1 1082763677209 4
1 1082763677210 1
1 1082763677212 1
1 1082763677213 4
1 1082763677214 1
1 1082763677216 1
1 1082763677217 4
1 1082763677218 1
1 1082763677260 4
1 1082763677261 1
1 1082763677264 4
1 1082763677265 1
1 1082763677268 4
1 1082763677269 1
1 1082763677272 4
1 1082763677273 1
1 1082763677276 4
1 1082763677277 1
1 1082763677280 4
1 1082763677281 1
1 1082763677310 1
1 1082763677311 1
1 1082763677314 1
1 1082763677315 1
1 1082763677318 1
1 1082763677319 1
1 1082763677322 1
1 1082763677323 1
1 1082763677326 1
1 1082763677327 1
1 1082763677330 1
1 1082763677331 1
1 1082763677373 1
1 1082763677374 4
1 1082763677375 1
1 1082763677377 1
1 1082763677378 4
1 1082763677379 1
1 1082763677381 1
1 1082763677382 4
1 1082763677383 1
1 1082763677385 1
1 1082763677386 4
1 1082763677387 1
1 1082763677389 1
1 1082763677390 4
1 1082763677391 1
1 1082763677393 1
1 1082763677394 4
1 1082763677395 1
1 1082763677436 1
1 1082763677437 4
1 1082763677438 1
1 1082763677440 1
1 1082763677441 4
1 1082763677442 1
1 1082763677444 1
1 1082763677445 4
1 1082763677446 1
1 1082763677448 1
1 1082763677449 4
1 1082763677450 1
1 1082763677452 1
1 1082763677453 4
1 1082763677454 1
1 1082763677456 1
1 1082763677457 4
1 1082763677458 1
1 1082763677500 4
1 1082763677501 1
1 1082763677504 4
1 1082763677505 1
1 1082763677508 4
1 1082763677509 1
1 1082763677512 4
1 1082763677513 1
1 1082763677516 4
1 1082763677517 1
1 1082763677520 4
1 1082763677521 1
1 1082763677550 1
1 1082763677551 1
1 1082763677554 1
1 1082763677555 1
1 1082763677558 1
1 1082763677559 1
1 1082763677562 1
1 1082763677563 1
1 1082763677566 1
1 1082763677567 1
1 1082763677570 1
1 1082763677571 1
1 1082763677600 1
1 1082763677601 4
1 1082763677602 1
1 1082763677604 1
1 1082763677605 4
1 1082763677606 1
1 1082763677608 1
1 1082763677609 4
1 1082763677610 1
1 1082763677612 1
1 1082763677613 4
1 1082763677614 1
1 1082763677616 1
1 1082763677617 4
1 1082763677618 1
1 1082763677660 4
1 1082763677661 1
1 1082763677664 4
1 1082763677665 1
1 1082763677668 4
1 1082763677669 1
1 1082763677672 4
1 1082763677673 1
1 1082763677676 4
1 1082763677677 1
1 1082763677680 4
1 1082763677681 1
1 1082763677710 1
1 1082763677711 1
1 1082763677714 1
1 1082763677715 1
1 1082763677718 1
1 1082763677719 1
1 1082763677722 1
1 1082763677723 1
1 1082763677726 1
1 1082763677727 1
1 1082763677730 1
1 1082763677731 1
1 1082763677773 1
1 1082763677774 4
1 1082763677775 1
1 1082763677777 1
1 1082763677778 4
1 1082763677779 1
1 1082763677781 1
1 1082763677782 4
1 1082763677783 1
1 1082763677785 1
1 1082763677786 4
1 1082763677787 1
1 1082763677789 1
1 1082763677790 4
1 1082763677791 1
1 1082763677793 1
1 1082763677794 4
1 1082763677795 1
1 1082763677836 1
1 1082763677837 4
1 1082763677838 1
1 1082763677840 1
1 1082763677841 4
1 1082763677842 1
1 1082763677844 1
1 1082763677845 4
1 1082763677846 1
1 1082763677848 1
1 1082763677849 4
1 1082763677850 1
1 1082763677852 1
1 1082763677853 4
1 1082763677854 1
1 1082763677856 1
1 1082763677857 4
1 1082763677858 1
1 1082763677900 4
1 1082763677901 1
1 1082763677904 4
1 1082763677905 1
1 1082763677908 4
1 1082763677909 1
1 1082763677912 4
1 1082763677913 1
1 1082763677916 4
1 1082763677917 1
1 1082763677920 4
1 1082763677921 1
1 1082763677950 1
1 1082763677951 1
1 1082763677954 1
1 1082763677955 1
1 1082763677958 1
1 1082763677959 1
1 1082763677962 1
1 1082763677963 1
1 1082763677966 1
1 1082763677967 1
1 1082763677970 1
1 1082763677971 1
1 1082763678000 1
1 1082763678001 4
1 1082763678002 1
1 1082763678004 1
1 1082763678005 4
1 1082763678006 1
1 1082763678008 1
1 1082763678009 4
1 1082763678010 1
1 1082763678012 1
1 1082763678013 4
1 1082763678014 1
1 1082763678016 1
1 1082763678017 4
1 1082763678018 1
1 1082763678060 4
1 1082763678061 1
1 1082763678064 4
1 1082763678065 1
1 1082763678068 4
1 1082763678069 1
1 1082763678072 4
1 1082763678073 1
1 1082763678076 4
1 1082763678077 1
1 1082763678080 4
1 1082763678081 1
1 1082763678110 1
1 1082763678111 1
1 1082763678114 1
1 1082763678115 1
1 1082763678118 1
1 1082763678119 1
1 1082763678122 1
1 1082763678123 1
1 1082763678126 1
1 1082763678127 1
1 1082763678130 1
1 1082763678131 1
1 1082763678173 1
1 1082763678174 4
1 1082763678175 1
1 1082763678177 1
1 1082763678178 4
1 1082763678179 1
1 1082763678181 1
1 1082763678182 4
1 1082763678183 1
1 1082763678185 1
1 1082763678186 4
1 1082763678187 1
1 1082763678189 1
1 1082763678190 4
1 1082763678191 1
1 1082763678193 1
1 1082763678194 4
1 1082763678195 1
1 1082763678236 1
1 1082763678237 4
1 1082763678238 1
1 1082763678240 1
1 1082763678241 4
1 1082763678242 1
1 1082763678244 1
1 1082763678245 4
1 1082763678246 1
1 1082763678248 1
1 1082763678249 4
1 1082763678250 1
1 1082763678252 1
1 1082763678253 4
1 1082763678254 1
1 1082763678256 1
1 1082763678257 4
1 1082763678258 1
1 1082763678300 4
1 1082763678301 1
1 1082763678304 4
1 1082763678305 1
1 1082763678308 4
1 1082763678309 1
1 1082763678312 4
1 1082763678313 1
1 1082763678316 4
1 1082763678317 1
1 1082763678320 4
1 1082763678321 1
1 1082763678350 1
1 1082763678351 1
1 1082763678354 1
1 1082763678355 1
1 1082763678358 1
1 1082763678359 1
1 1082763678362 1
1 1082763678363 1
1 1082763678366 1
1 1082763678367 1
1 1082763678370 1
1 1082763678371 1
1 1082763678400 1
1 1082763678401 4
1 1082763678402 1
1 1082763678404 1
1 1082763678405 4
1 1082763678406 1
1 1082763678408 1
1 1082763678409 4
1 1082763678410 1
1 1082763678412 1
1 1082763678413 4
1 1082763678414 1
1 1082763678416 1
1 1082763678417 4
1 1082763678418 1
1 1082763678460 4
1 1082763678461 1
1 1082763678464 4
1 1082763678465 1
1 1082763678468 4
1 1082763678469 1
1 1082763678472 4
1 1082763678473 1
1 1082763678476 4
1 1082763678477 1
1 1082763678480 4
1 1082763678481 1
1 1082763678510 1
1 1082763678511 1
1 1082763678514 1
1 1082763678515 1
1 1082763678518 1
1 1082763678519 1
1 1082763678522 1
1 1082763678523 1
1 1082763678526 1
1 1082763678527 1
1 1082763678530 1
1 1082763678531 1
1 1082763678573 1
1 1082763678574 4
1 1082763678575 1
1 1082763678577 1
1 1082763678578 4
1 1082763678579 1
1 1082763678581 1
1 1082763678582 4
1 1082763678583 1
1 1082763678585 1
1 1082763678586 4
1 1082763678587 1
1 1082763678589 1
1 1082763678590 4
1 1082763678591 1
1 1082763678593 1
1 1082763678594 4
1 1082763678595 1
1 1082763678636 1
1 1082763678637 4
1 1082763678638 1
1 1082763678640 1
1 1082763678641 4
1 1082763678642 1
1 1082763678644 1
1 1082763678645 4
1 1082763678646 1
1 1082763678648 1
1 1082763678649 4
1 1082763678650 1
1 1082763678652 1
1 1082763678653 4
1 1082763678654 1
1 1082763678656 1
1 1082763678657 4
1 1082763678658 1
1 1082763678700 4
1 1082763678701 1
1 1082763678704 4
1 1082763678705 1
1 1082763678708 4
1 1082763678709 1
1 1082763678712 4
1 1082763678713 1
1 1082763678716 4
1 1082763678717 1
1 1082763678720 4
1 1082763678721 1
1 1082763678750 1
1 1082763678751 1
1 1082763678754 1
1 1082763678755 1
1 1082763678758 1
1 1082763678759 1
1 1082763678762 1
1 1082763678763 1
1 1082763678766 1
1 1082763678767 1
1 1082763678770 1
1 1082763678771 1
1 1082763678800 1
1 1082763678801 4
1 1082763678802 1
1 1082763678804 1
1 1082763678805 4
1 1082763678806 1
1 1082763678808 1
1 1082763678809 4
1 1082763678810 1
1 1082763678812 1
1 1082763678813 4
1 1082763678814 1
1 1082763678816 1
1 1082763678817 4
1 1082763678818 1
1 1082763678860 4
1 1082763678861 1
1 1082763678864 4
1 1082763678865 1
1 1082763678868 4
1 1082763678869 1
1 1082763678872 4
1 1082763678873 1
1 1082763678876 4
1 1082763678877 1
1 1082763678880 4
1 1082763678881 1
1 1082763678910 1
1 1082763678911 1
1 1082763678914 1
1 1082763678915 1
1 1082763678918 1
1 1082763678919 1
1 1082763678922 1
1 1082763678923 1
1 1082763678926 1
1 1082763678927 1
1 1082763678930 1
1 1082763678931 1
1 1082763678973 1
1 1082763678974 4
1 1082763678975 1
1 1082763678977 1
1 1082763678978 4
1 1082763678979 1
1 1082763678981 1
1 1082763678982 4
1 1082763678983 1
1 1082763678985 1
1 1082763678986 4
1 1082763678987 1
1 1082763678989 1
1 1082763678990 4
1 1082763678991 1
1 1082763678993 1
1 1082763678994 4
1 1082763678995 1
1 1082763679036 1
1 1082763679037 4
1 1082763679038 1
1 1082763679040 1
1 1082763679041 4
1 1082763679042 1
1 1082763679044 1
1 1082763679045 4
1 1082763679046 1
1 1082763679048 1
1 1082763679049 4
1 1082763679050 1
1 1082763679052 1
1 1082763679053 4
1 1082763679054 1
1 1082763679056 1
1 1082763679057 4
1 1082763679058 1
1 1082763679100 4
1 1082763679101 1
1 1082763679104 4
1 1082763679105 1
1 1082763679108 4
1 1082763679109 1
1 1082763679112 4
1 1082763679113 1
1 1082763679116 4
1 1082763679117 1
1 1082763679120 4
1 1082763679121 1
1 1082763679150 1
1 1082763679151 1
1 1082763679154 1
1 1082763679155 1
1 1082763679158 1
1 1082763679159 1
1 1082763679162 1
1 1082763679163 1
1 1082763679166 1
1 1082763679167 1
1 1082763679170 1
1 1082763679171 1
1 1082763679200 1
1 1082763679201 4
1 1082763679202 1
1 1082763679204 1
1 1082763679205 4
1 1082763679206 1
1 1082763679208 1
1 1082763679209 4
1 1082763679210 1
1 1082763679212 1
1 1082763679213 4
1 1082763679214 1
1 1082763679216 1
1 1082763679217 4
1 1082763679218 1
1 1082763679260 4
1 1082763679261 1
1 1082763679264 4
1 1082763679265 1
1 1082763679268 4
1 1082763679269 1
1 1082763679272 4
1 1082763679273 1
1 1082763679276 4
1 1082763679277 1
1 1082763679280 4
1 1082763679281 1
1 1082763679310 1
1 1082763679311 1
1 1082763679314 1
1 1082763679315 1
1 1082763679318 1
1 1082763679319 1
1 1082763679322 1
1 1082763679323 1
1 1082763679326 1
1 1082763679327 1
1 1082763679330 1
1 1082763679331 1
1 1082763679373 1
1 1082763679374 4
1 1082763679375 1
1 1082763679377 1
1 1082763679378 4
1 1082763679379 1
1 1082763679381 1
1 1082763679382 4
1 1082763679383 1
1 1082763679385 1
1 1082763679386 4
1 1082763679387 1
1 1082763679389 1
1 1082763679390 4
1 1082763679391 1
1 1082763679393 1
1 1082763679394 4
1 1082763679395 1
1 1082763679436 1
1 1082763679437 4
1 1082763679438 1
1 1082763679440 1
1 1082763679441 4
1 1082763679442 1
1 1082763679444 1
1 1082763679445 4
1 1082763679446 1
1 1082763679448 1
1 1082763679449 4
1 1082763679450 1
1 1082763679452 1
1 1082763679453 4
1 1082763679454 1
1 1082763679456 1
1 1082763679457 4
1 1082763679458 1
1 1082763679500 4
1 1082763679501 1
1 1082763679504 4
1 1082763679505 1
1 1082763679508 4
1 1082763679509 1
1 1082763679512 4
1 1082763679513 1
1 1082763679516 4
1 1082763679517 1
1 1082763679520 4
1 1082763679521 1
1 1082763679550 1
1 1082763679551 1
1 1082763679554 1
1 1082763679555 1
1 1082763679558 1
1 1082763679559 1
1 1082763679562 1
1 1082763679563 1
1 1082763679566 1
1 1082763679567 1
1 1082763679570 1
1 1082763679571 1
1 1082763679600 1
1 1082763679601 4
1 1082763679602 1
1 1082763679604 1
1 1082763679605 4
1 1082763679606 1
1 1082763679608 1
1 1082763679609 4
1 1082763679610 1
1 1082763679612 1
1 1082763679613 4
1 1082763679614 1
1 1082763679616 1
1 1082763679617 4
1 1082763679618 1
1 1082763679660 4
1 1082763679661 1
1 1082763679664 4
1 1082763679665 1
1 1082763679668 4
1 1082763679669 1
1 1082763679672 4
1 1082763679673 1
1 1082763679676 4
1 1082763679677 1
1 1082763679680 4
1 1082763679681 1
1 1082763679710 1
1 1082763679711 1
1 1082763679714 1
1 1082763679715 1
1 1082763679718 1
1 1082763679719 1
1 1082763679722 1
1 1082763679723 1
1 1082763679726 1
1 1082763679727 1
1 1082763679730 1
1 1082763679731 1
1 1082763679773 1
1 1082763679774 4
1 1082763679775 1
1 1082763679777 1
1 1082763679778 4
1 1082763679779 1
1 1082763679781 1
1 1082763679782 4
1 1082763679783 1
1 1082763679785 1
1 1082763679786 4
1 1082763679787 1
1 1082763679789 1
1 1082763679790 4
1 1082763679791 1
1 1082763679793 1
1 1082763679794 4
1 1082763679795 1
1 1082763679836 1
1 1082763679837 4
1 1082763679838 1
1 1082763679840 1
1 1082763679841 4
1 1082763679842 1
1 1082763679844 1
1 1082763679845 4
1 1082763679846 1
1 1082763679848 1
1 1082763679849 4
1 1082763679850 1
1 1082763679852 1
1 1082763679853 4
1 1082763679854 1
1 1082763679856 1
1 1082763679857 4
1 1082763679858 1
1 1082763679900 4
1 1082763679901 1
1 1082763679904 4
1 1082763679905 1
1 1082763679908 4
1 1082763679909 1
1 1082763679912 4
1 1082763679913 1
1 1082763679916 4
1 1082763679917 1
1 1082763679920 4
1 1082763679921 1
1 1082763679950 1
1 1082763679951 1
1 1082763679954 1
1 1082763679955 1
1 1082763679958 1
1 1082763679959 1
1 1082763679962 1
1 1082763679963 1
1 1082763679966 1
1 1082763679967 1
1 1082763679970 1
1 1082763679971 1
1 1082763680000 1
1 1082763680001 4
1 1082763680002 1
1 1082763680004 1
1 1082763680005 4
1 1082763680006 1
1 1082763680008 1
1 1082763680009 4
1 1082763680010 1
1 1082763680012 1
1 1082763680013 4
1 1082763680014 1
1 1082763680016 1
1 1082763680017 4
1 1082763680018 1
1 1082763680060 4
1 1082763680061 1
1 1082763680064 4
1 1082763680065 1
1 1082763680068 4
1 1082763680069 1
1 1082763680072 4
1 1082763680073 1
1 1082763680076 4
1 1082763680077 1
1 1082763680080 4
1 1082763680081 1
1 1082763680110 1
1 1082763680111 1
1 1082763680114 1
1 1082763680115 1
1 1082763680118 1
1 1082763680119 1
1 1082763680122 1
1 1082763680123 1
1 1082763680126 1
1 1082763680127 1
1 1082763680130 1
1 1082763680131 1
1 1082763680173 1
1 1082763680174 4
1 1082763680175 1
1 1082763680177 1
1 1082763680178 4
1 1082763680179 1
1 1082763680181 1
1 1082763680182 4
1 1082763680183 1
1 1082763680185 1
1 1082763680186 4
1 1082763680187 1
1 1082763680189 1
1 1082763680190 4
1 1082763680191 1
1 1082763680193 1
1 1082763680194 4
1 1082763680195 1
1 1082763680236 1
1 1082763680237 4
1 1082763680238 1
1 1082763680240 1
1 1082763680241 4
1 1082763680242 1
1 1082763680244 1
1 1082763680245 4
1 1082763680246 1
1 1082763680248 1
1 1082763680249 4
1 1082763680250 1
1 1082763680252 1
1 1082763680253 4
1 1082763680254 1
1 1082763680256 1
1 1082763680257 4
1 1082763680258 1
1 1082763680300 4
1 1082763680301 1
1 1082763680304 4
1 1082763680305 1
1 1082763680308 4
1 1082763680309 1
1 1082763680312 4
1 1082763680313 1
1 1082763680316 4
1 1082763680317 1
1 1082763680320 4
1 1082763680321 1
1 1082763680350 1
1 1082763680351 1
1 1082763680354 1
1 1082763680355 1
1 1082763680358 1
1 1082763680359 1
1 1082763680362 1
1 1082763680363 1
1 1082763680366 1
1 1082763680367 1
1 1082763680370 1
1 1082763680371 1
1 1082763680400 1
1 1082763680401 4
1 1082763680402 1
1 1082763680404 1
1 1082763680405 4
1 1082763680406 1
1 1082763680408 1
1 1082763680409 4
1 1082763680410 1
1 1082763680412 1
1 1082763680413 4
1 1082763680414 1
1 1082763680416 1
1 1082763680417 4
1 1082763680418 1
1 1082763680460 4
1 1082763680461 1
1 1082763680464 4
1 1082763680465 1
1 1082763680468 4
1 1082763680469 1
1 1082763680472 4
1 1082763680473 1
1 1082763680476 4
1 1082763680477 1
1 1082763680480 4
1 1082763680481 1
1 1082763680510 1
1 1082763680511 1
1 1082763680514 1
1 1082763680515 1
1 1082763680518 1
1 1082763680519 1
1 1082763680522 1
1 1082763680523 1
1 1082763680526 1
1 1082763680527 1
1 1082763680530 1
1 1082763680531 1
1 1082763680573 1
1 1082763680574 4
1 1082763680575 1
1 1082763680577 1
1 1082763680578 4
1 1082763680579 1
1 1082763680581 1
1 1082763680582 4
1 1082763680583 1
1 1082763680585 1
1 1082763680586 4
1 1082763680587 1
1 1082763680589 1
1 1082763680590 4
1 1082763680591 1
1 1082763680593 1
1 1082763680594 4
1 1082763680595 1
1 1082763680636 1
1 1082763680637 4
1 1082763680638 1
1 1082763680640 1
1 1082763680641 4
1 1082763680642 1
1 1082763680644 1
1 1082763680645 4
1 1082763680646 1
1 1082763680648 1
1 1082763680649 4
1 1082763680650 1
1 1082763680652 1
1 1082763680653 4
1 1082763680654 1
1 1082763680656 1
1 1082763680657 4
1 1082763680658 1
1 1082763680700 4
1 1082763680701 1
1 1082763680704 4
1 1082763680705 1
1 1082763680708 4
1 1082763680709 1
1 1082763680712 4
1 1082763680713 1
1 1082763680716 4
1 1082763680717 1
1 1082763680720 4
1 1082763680721 1
1 1082763680750 1
1 1082763680751 1
1 1082763680754 1
1 1082763680755 1
1 1082763680758 1
1 1082763680759 1
1 1082763680762 1
1 1082763680763 1
1 1082763680766 1
1 1082763680767 1
1 1082763680770 1
1 1082763680771 1
1 1082763680800 1
1 1082763680801 4
1 1082763680802 1
1 1082763680804 1
1 1082763680805 4
1 1082763680806 1
1 1082763680808 1
1 1082763680809 4
1 1082763680810 1
1 1082763680812 1
1 1082763680813 4
1 1082763680814 1
1 1082763680816 1
1 1082763680817 4
1 1082763680818 1
1 1082763680860 4
1 1082763680861 1
1 1082763680864 4
1 1082763680865 1
1 1082763680868 4
1 1082763680869 1
1 1082763680872 4
1 1082763680873 1
1 1082763680876 4
1 1082763680877 1
1 1082763680880 4
1 1082763680881 1
1 1082763680910 1
1 1082763680911 1
1 1082763680914 1
1 1082763680915 1
1 1082763680918 1
1 1082763680919 1
1 1082763680922 1
1 1082763680923 1
1 1082763680926 1
1 1082763680927 1
1 1082763680930 1
1 1082763680931 1
1 1082763680973 1
1 1082763680974 4
1 1082763680975 1
1 1082763680977 1
1 1082763680978 4
1 1082763680979 1
1 1082763680981 1
1 1082763680982 4
1 1082763680983 1
1 1082763680985 1
1 1082763680986 4
1 1082763680987 1
1 1082763680989 1
1 1082763680990 4
1 1082763680991 1
1 1082763680993 1
1 1082763680994 4
1 1082763680995 1
1 1082763681036 1
1 1082763681037 4
1 1082763681038 1
1 1082763681040 1
1 1082763681041 4
1 1082763681042 1
1 1082763681044 1
1 1082763681045 4
1 1082763681046 1
1 1082763681048 1
1 1082763681049 4
1 1082763681050 1
1 1082763681052 1
1 1082763681053 4
1 1082763681054 1
1 1082763681056 1
1 1082763681057 4
1 1082763681058 1
1 1082763681100 4
1 1082763681101 1
1 1082763681104 4
1 1082763681105 1
1 1082763681108 4
1 1082763681109 1
1 1082763681112 4
1 1082763681113 1
1 1082763681116 4
1 1082763681117 1
1 1082763681120 4
1 1082763681121 1
1 1082763681150 1
1 1082763681151 1
1 1082763681154 1
1 1082763681155 1
1 1082763681158 1
1 1082763681159 1
1 1082763681162 1
1 1082763681163 1
1 1082763681166 1
1 1082763681167 1
1 1082763681170 1
1 1082763681171 1
1 1082763681200 1
1 1082763681201 4
1 1082763681202 1
1 1082763681204 1
1 1082763681205 4
1 1082763681206 1
1 1082763681208 1
1 1082763681209 4
1 1082763681210 1
1 1082763681212 1
1 1082763681213 4
1 1082763681214 1
1 1082763681216 1
1 1082763681217 4
1 1082763681218 1
1 1082763681260 4
1 1082763681261 1
1 1082763681264 4
1 1082763681265 1
1 1082763681268 4
1 1082763681269 1
1 1082763681272 4
1 1082763681273 1
1 1082763681276 4
1 1082763681277 1
1 1082763681280 4
1 1082763681281 1
1 1082763681310 1
1 1082763681311 1
1 1082763681314 1
1 1082763681315 1
1 1082763681318 1
1 1082763681319 1
1 1082763681322 1
1 1082763681323 1
1 1082763681326 1
1 1082763681327 1
1 1082763681330 1
1 1082763681331 1
1 1082763681373 1
1 1082763681374 4
1 1082763681375 1
1 1082763681377 1
1 1082763681378 4
1 1082763681379 1
1 1082763681381 1
1 1082763681382 4
1 1082763681383 1
1 1082763681385 1
1 1082763681386 4
1 1082763681387 1
1 1082763681389 1
1 1082763681390 4
1 1082763681391 1
1 1082763681393 1
1 1082763681394 4
1 1082763681395 1
1 1082763681436 1
1 1082763681437 4
1 1082763681438 1
1 1082763681440 1
1 1082763681441 4
1 1082763681442 1
1 1082763681444 1
1 1082763681445 4
1 1082763681446 1
1 1082763681448 1
1 1082763681449 4
1 1082763681450 1
1 1082763681452 1
1 1082763681453 4
1 1082763681454 1
1 1082763681456 1
1 1082763681457 4
1 1082763681458 1
1 1082763681500 4
1 1082763681501 1
1 1082763681504 4
1 1082763681505 1
1 1082763681508 4
1 1082763681509 1
1 1082763681512 4
1 1082763681513 1
1 1082763681516 4
1 1082763681517 1
1 1082763681520 4
1 1082763681521 1
1 1082763681550 1
1 1082763681551 1
1 1082763681554 1
1 1082763681555 1
1 1082763681558 1
1 1082763681559 1
1 1082763681562 1
1 1082763681563 1
1 1082763681566 1
1 1082763681567 1
1 1082763681570 1
1 1082763681571 1
1 1082763681600 1
1 1082763681601 4
1 1082763681602 1
1 1082763681604 1
1 1082763681605 4
1 1082763681606 1
1 1082763681608 1
1 1082763681609 4
1 1082763681610 1
1 1082763681612 1
1 1082763681613 4
1 1082763681614 1
1 1082763681616 1
1 1082763681617 4
1 1082763681618 1
1 1082763681660 4
1 1082763681661 1
1 1082763681664 4
1 1082763681665 1
1 1082763681668 4
1 1082763681669 1
1 1082763681672 4
1 1082763681673 1
1 1082763681676 4
1 1082763681677 1
1 1082763681680 4
1 1082763681681 1
1 1082763681710 1
1 1082763681711 1
1 1082763681714 1
1 1082763681715 1
1 1082763681718 1
1 1082763681719 1
1 1082763681722 1
1 1082763681723 1
1 1082763681726 1
1 1082763681727 1
1 1082763681730 1
1 1082763681731 1
1 1082763681773 1
1 1082763681774 4
1 1082763681775 1
1 1082763681777 1
1 1082763681778 4
1 1082763681779 1
1 1082763681781 1
1 1082763681782 4
1 1082763681783 1
1 1082763681785 1
1 1082763681786 4
1 1082763681787 1
1 1082763681789 1
1 1082763681790 4
1 1082763681791 1
1 1082763681793 1
1 1082763681794 4
1 1082763681795 1
1 1082763681836 1
1 1082763681837 4
1 1082763681838 1
1 1082763681840 1
1 1082763681841 4
1 1082763681842 1
1 1082763681844 1
1 1082763681845 4
1 1082763681846 1
1 1082763681848 1
1 1082763681849 4
1 1082763681850 1
1 1082763681852 1
1 1082763681853 4
1 1082763681854 1
1 1082763681856 1
1 1082763681857 4
1 1082763681858 1
1 1082763681900 4
1 1082763681901 1
1 1082763681904 4
1 1082763681905 1
1 1082763681908 4
1 1082763681909 1
1 1082763681912 4
1 1082763681913 1
1 1082763681916 4
1 1082763681917 1
1 1082763681920 4
1 1082763681921 1
1 1082763681950 1
1 1082763681951 1
1 1082763681954 1
1 1082763681955 1
1 1082763681958 1
1 1082763681959 1
1 1082763681962 1
1 1082763681963 1
1 1082763681966 1
1 1082763681967 1
1 1082763681970 1
1 1082763681971 1
1 1082763682000 1
1 1082763682001 4
1 1082763682002 1
1 1082763682004 1
1 1082763682005 4
1 1082763682006 1
1 1082763682008 1
1 1082763682009 4
1 1082763682010 1
1 1082763682012 1
1 1082763682013 4
1 1082763682014 1
1 1082763682016 1
1 1082763682017 4
1 1082763682018 1
1 1082763682060 4
1 1082763682061 1
1 1082763682064 4
1 1082763682065 1
1 1082763682068 4
1 1082763682069 1
1 1082763682072 4
1 1082763682073 1
1 1082763682076 4
1 1082763682077 1
1 1082763682080 4
1 1082763682081 1
1 1082763682110 1
1 1082763682111 1
1 1082763682114 1
1 1082763682115 1
1 1082763682118 1
1 1082763682119 1
1 1082763682122 1
1 1082763682123 1
1 1082763682126 1
1 1082763682127 1
1 1082763682130 1
1 1082763682131 1
1 1082763682173 1
1 1082763682174 4
1 1082763682175 1
1 1082763682177 1
1 1082763682178 4
1 1082763682179 1
1 1082763682181 1
1 1082763682182 4
1 1082763682183 1
1 1082763682185 1
1 1082763682186 4
1 1082763682187 1
1 1082763682189 1
1 1082763682190 4
1 1082763682191 1
1 1082763682193 1
1 1082763682194 4
1 1082763682195 1
1 1082763682236 1
1 1082763682237 4
1 1082763682238 1
1 1082763682240 1
1 1082763682241 4
1 1082763682242 1
1 1082763682244 1
1 1082763682245 4
1 1082763682246 1
1 1082763682248 1
1 1082763682249 4
1 1082763682250 1
1 1082763682252 1
1 1082763682253 4
1 1082763682254 1
1 1082763682256 1
1 1082763682257 4
1 1082763682258 1
1 1082763682300 4
1 1082763682301 1
1 1082763682304 4
1 1082763682305 1
1 1082763682308 4
1 1082763682309 1
1 1082763682312 4
1 1082763682313 1
1 1082763682316 4
1 1082763682317 1
1 1082763682320 4
1 1082763682321 1
1 1082763682350 1
1 1082763682351 1
1 1082763682354 1
1 1082763682355 1
1 1082763682358 1
1 1082763682359 1
1 1082763682362 1
1 1082763682363 1
1 1082763682366 1
1 1082763682367 1
1 1082763682370 1
1 1082763682371 1
1 1082763682400 1
1 1082763682401 4
1 1082763682402 1
1 1082763682404 1
1 1082763682405 4
1 1082763682406 1
1 1082763682408 1
1 1082763682409 4
1 1082763682410 1
1 1082763682412 1
1 1082763682413 4
1 1082763682414 1
1 1082763682416 1
1 1082763682417 4
1 1082763682418 1
1 1082763682460 4
1 1082763682461 1
1 1082763682464 4
1 1082763682465 1
1 1082763682468 4
1 1082763682469 1
1 1082763682472 4
1 1082763682473 1
1 1082763682476 4
1 1082763682477 1
1 1082763682480 4
1 1082763682481 1
1 1082763682510 1
1 1082763682511 1
1 1082763682514 1
1 1082763682515 1
1 1082763682518 1
1 1082763682519 1
1 1082763682522 1
1 1082763682523 1
1 1082763682526 1
1 1082763682527 1
1 1082763682530 1
1 1082763682531 1
1 1082763682573 1
1 1082763682574 4
1 1082763682575 1
1 1082763682577 1
1 1082763682578 4
1 1082763682579 1
1 1082763682581 1
1 1082763682582 4
1 1082763682583 1
1 1082763682585 1
1 1082763682586 4
1 1082763682587 1
1 1082763682589 1
1 1082763682590 4
1 1082763682591 1
1 1082763682593 1
1 1082763682594 4
1 1082763682595 1
1 1082763682636 1
1 1082763682637 4
1 1082763682638 1
1 1082763682640 1
1 1082763682641 4
1 1082763682642 1
1 1082763682644 1
1 1082763682645 4
1 1082763682646 1
1 1082763682648 1
1 1082763682649 4
1 1082763682650 1
1 1082763682652 1
1 1082763682653 4
1 1082763682654 1
1 1082763682656 1
1 1082763682657 4
1 1082763682658 1
1 1082763682700 4
1 1082763682701 1
1 1082763682704 4
1 1082763682705 1
1 1082763682708 4
1 1082763682709 1
1 1082763682712 4
1 1082763682713 1
1 1082763682716 4
1 1082763682717 1
1 1082763682720 4
1 1082763682721 1
1 1082763682750 1
1 1082763682751 1
1 1082763682754 1
1 1082763682755 1
1 1082763682758 1
1 1082763682759 1
1 1082763682762 1
1 1082763682763 1
1 1082763682766 1
1 1082763682767 1
1 1082763682770 1
1 1082763682771 1
1 1082763682800 1
1 1082763682801 4
1 1082763682802 1
1 1082763682804 1
1 1082763682805 4
1 1082763682806 1
1 1082763682808 1
1 1082763682809 4
1 1082763682810 1
1 1082763682812 1
1 1082763682813 4
1 1082763682814 1
1 1082763682816 1
1 1082763682817 4
1 1082763682818 1
1 1082763682860 4
1 1082763682861 1
1 1082763682864 4
1 1082763682865 1
1 1082763682868 4
1 1082763682869 1
1 1082763682872 4
1 1082763682873 1
1 1082763682876 4
1 1082763682877 1
1 1082763682880 4
1 1082763682881 1
1 1082763682910 1
1 1082763682911 1
1 1082763682914 1
1 1082763682915 1
1 1082763682918 1
1 1082763682919 1
1 1082763682922 1
1 1082763682923 1
1 1082763682926 1
1 1082763682927 1
1 1082763682930 1
1 1082763682931 1
1 1082763682973 1
1 1082763682974 4
1 1082763682975 1
1 1082763682977 1
1 1082763682978 4
1 1082763682979 1
1 1082763682981 1
1 1082763682982 4
1 1082763682983 1
1 1082763682985 1
1 1082763682986 4
1 1082763682987 1
1 1082763682989 1
1 1082763682990 4
1 1082763682991 1
1 1082763682993 1
1 1082763682994 4
1 1082763682995 1
1 1082763683036 1
1 1082763683037 4
1 1082763683038 1
1 1082763683040 1
1 1082763683041 4
1 1082763683042 1
1 1082763683044 1
1 1082763683045 4
1 1082763683046 1
1 1082763683048 1
1 1082763683049 4
1 1082763683050 1
1 1082763683052 1
1 1082763683053 4
1 1082763683054 1
1 1082763683056 1
1 1082763683057 4
1 1082763683058 1
1 1082763683100 4
1 1082763683101 1
1 1082763683104 4
1 1082763683105 1
1 1082763683108 4
1 1082763683109 1
1 1082763683112 4
1 1082763683113 1
1 1082763683116 4
1 1082763683117 1
1 1082763683120 4
1 1082763683121 1
1 1082763683150 1
1 1082763683151 1
1 1082763683154 1
1 1082763683155 1
1 1082763683158 1
1 1082763683159 1
1 1082763683162 1
1 1082763683163 1
1 1082763683166 1
1 1082763683167 1
1 1082763683170 1
1 1082763683171 1
1 1082763683200 1
1 1082763683201 4
1 1082763683202 1
1 1082763683204 1
1 1082763683205 4
1 1082763683206 1
1 1082763683208 1
1 1082763683209 4
1 1082763683210 1
1 1082763683212 1
1 1082763683213 4
1 1082763683214 1
1 1082763683216 1
1 1082763683217 4
1 1082763683218 1
1 1082763683260 4
1 1082763683261 1
1 1082763683264 4
1 1082763683265 1
1 1082763683268 4
1 1082763683269 1
1 1082763683272 4
1 1082763683273 1
1 1082763683276 4
1 1082763683277 1
1 1082763683280 4
1 1082763683281 1
1 1082763683310 1
1 1082763683311 1
1 1082763683314 1
1 1082763683315 1
1 1082763683318 1
1 1082763683319 1
1 1082763683322 1
1 1082763683323 1
1 1082763683326 1
1 1082763683327 1
1 1082763683330 1
1 1082763683331 1
1 1082763683373 1
1 1082763683374 4
1 1082763683375 1
1 1082763683377 1
1 1082763683378 4
1 1082763683379 1
1 1082763683381 1
1 1082763683382 4
1 1082763683383 1
1 1082763683385 1
1 1082763683386 4
1 1082763683387 1
1 1082763683389 1
1 1082763683390 4
1 1082763683391 1
1 1082763683393 1
1 1082763683394 4
1 1082763683395 1
1 1082763683436 1
1 1082763683437 4
1 1082763683438 1
1 1082763683440 1
1 1082763683441 4
1 1082763683442 1
1 1082763683444 1
1 1082763683445 4
1 1082763683446 1
1 1082763683448 1
1 1082763683449 4
1 1082763683450 1
1 1082763683452 1
1 1082763683453 4
1 1082763683454 1
1 1082763683456 1
1 1082763683457 4
1 1082763683458 1
1 1082763683500 4
1 1082763683501 1
1 1082763683504 4
1 1082763683505 1
1 1082763683508 4
1 1082763683509 1
1 1082763683512 4
1 1082763683513 1
1 1082763683516 4
1 1082763683517 1
1 1082763683520 4
1 1082763683521 1
1 1082763683550 1
1 1082763683551 1
1 1082763683554 1
1 1082763683555 1
1 1082763683558 1
1 1082763683559 1
1 1082763683562 1
1 1082763683563 1
1 1082763683566 1
1 1082763683567 1
1 1082763683570 1
1 1082763683571 1
1 1082763683600 1
1 1082763683601 4
1 1082763683602 1
1 1082763683604 1
1 1082763683605 4
1 1082763683606 1
1 1082763683608 1
1 1082763683609 4
1 1082763683610 1
1 1082763683612 1
1 1082763683613 4
1 1082763683614 1
1 1082763683616 1
1 1082763683617 4
1 1082763683618 1
1 1082763683660 4
1 1082763683661 1
1 1082763683664 4
1 1082763683665 1
1 1082763683668 4
1 1082763683669 1
1 1082763683672 4
1 1082763683673 1
1 1082763683676 4
1 1082763683677 1
1 1082763683680 4
1 1082763683681 1
1 1082763683710 1
1 1082763683711 1
1 1082763683714 1
1 1082763683715 1
1 1082763683718 1
1 1082763683719 1
1 1082763683722 1
1 1082763683723 1
1 1082763683726 1
1 1082763683727 1
1 1082763683730 1
1 1082763683731 1
1 1082763683773 1
1 1082763683774 4
1 1082763683775 1
1 1082763683777 1
1 1082763683778 4
1 1082763683779 1
1 1082763683781 1
1 1082763683782 4
1 1082763683783 1
1 1082763683785 1
1 1082763683786 4
1 1082763683787 1
1 1082763683789 1
1 1082763683790 4
1 1082763683791 1
1 1082763683793 1
1 1082763683794 4
1 1082763683795 1
1 1082763683836 1
1 1082763683837 4
1 1082763683838 1
1 1082763683840 1
1 1082763683841 4
1 1082763683842 1
1 1082763683844 1
1 1082763683845 4
1 1082763683846 1
1 1082763683848 1
1 1082763683849 4
1 1082763683850 1
1 1082763683852 1
1 1082763683853 4
1 1082763683854 1
1 1082763683856 1
1 1082763683857 4
1 1082763683858 1
1 1082763683900 4
1 1082763683901 1
1 1082763683904 4
1 1082763683905 1
1 1082763683908 4
1 1082763683909 1
1 1082763683912 4
1 1082763683913 1
1 1082763683916 4
1 1082763683917 1
1 1082763683920 4
1 1082763683921 1
1 1082763683950 1
1 1082763683951 1
1 1082763683954 1
1 1082763683955 1
1 1082763683958 1
1 1082763683959 1
1 1082763683962 1
1 1082763683963 1
1 1082763683966 1
1 1082763683967 1
1 1082763683970 1
1 1082763683971 1
1 1082763684000 1
1 1082763684001 4
1 1082763684002 1
1 1082763684004 1
1 1082763684005 4
1 1082763684006 1
1 1082763684008 1
1 1082763684009 4
1 1082763684010 1
1 1082763684012 1
1 1082763684013 4
1 1082763684014 1
1 1082763684016 1
1 1082763684017 4
1 1082763684018 1
1 1082763684060 4
1 1082763684061 1
1 1082763684064 4
1 1082763684065 1
1 1082763684068 4
1 1082763684069 1
1 1082763684072 4
1 1082763684073 1
1 1082763684076 4
1 1082763684077 1
1 1082763684080 4
1 1082763684081 1
1 1082763684110 1
1 1082763684111 1
1 1082763684114 1
1 1082763684115 1
1 1082763684118 1
1 1082763684119 1
1 1082763684122 1
1 1082763684123 1
1 1082763684126 1
1 1082763684127 1
1 1082763684130 1
1 1082763684131 1
1 1082763684173 1
1 1082763684174 4
1 1082763684175 1
1 1082763684177 1
1 1082763684178 4
1 1082763684179 1
1 1082763684181 1
1 1082763684182 4
1 1082763684183 1
1 1082763684185 1
1 1082763684186 4
1 1082763684187 1
1 1082763684189 1
1 1082763684190 4
1 1082763684191 1
1 1082763684193 1
1 1082763684194 4
1 1082763684195 1
1 1082763684236 1
1 1082763684237 4
1 1082763684238 1
1 1082763684240 1
1 1082763684241 4
1 1082763684242 1
1 1082763684244 1
1 1082763684245 4
1 1082763684246 1
1 1082763684248 1
1 1082763684249 4
1 1082763684250 1
1 1082763684252 1
1 1082763684253 4
1 1082763684254 1
1 1082763684256 1
1 1082763684257 4
1 1082763684258 1
1 1082763684300 4
1 1082763684301 1
1 1082763684304 4
1 1082763684305 1
1 1082763684308 4
1 1082763684309 1
1 1082763684312 4
1 1082763684313 1
1 1082763684316 4
1 1082763684317 1
1 1082763684320 4
1 1082763684321 1
1 1082763684350 1
1 1082763684351 1
1 1082763684354 1
1 1082763684355 1
1 1082763684358 1
1 1082763684359 1
1 1082763684362 1
1 1082763684363 1
1 1082763684366 1
1 1082763684367 1
1 1082763684370 1
1 1082763684371 1
1 1082763684400 1
1 1082763684401 4
1 1082763684402 1
1 1082763684404 1
1 1082763684405 4
1 1082763684406 1
1 1082763684408 1
1 1082763684409 4
1 1082763684410 1
1 1082763684412 1
1 1082763684413 4
1 1082763684414 1
1 1082763684416 1
1 1082763684417 4
1 1082763684418 1
1 1082763684460 4
1 1082763684461 1
1 1082763684464 4
1 1082763684465 1
1 1082763684468 4
1 1082763684469 1
1 1082763684472 4
1 1082763684473 1
1 1082763684476 4
1 1082763684477 1
1 1082763684480 4
1 1082763684481 1
1 1082763684510 1
1 1082763684511 1
1 1082763684514 1
1 1082763684515 1
1 1082763684518 1
1 1082763684519 1
1 1082763684522 1
1 1082763684523 1
1 1082763684526 1
1 1082763684527 1
1 1082763684530 1
1 1082763684531 1
1 1082763684573 1
1 1082763684574 4
1 1082763684575 1
1 1082763684577 1
1 1082763684578 4
1 1082763684579 1
1 1082763684581 1
1 1082763684582 4
1 1082763684583 1
1 1082763684585 1
1 1082763684586 4
1 1082763684587 1
1 1082763684589 1
1 1082763684590 4
1 1082763684591 1
1 1082763684593 1
1 1082763684594 4
1 1082763684595 1
1 1082763684636 1
1 1082763684637 4
1 1082763684638 1
1 1082763684640 1
1 1082763684641 4
1 1082763684642 1
1 1082763684644 1
1 1082763684645 4
1 1082763684646 1
1 1082763684648 1
1 1082763684649 4
1 1082763684650 1
1 1082763684652 1
1 1082763684653 4
1 1082763684654 1
1 1082763684656 1
1 1082763684657 4
1 1082763684658 1
1 1082763684700 4
1 1082763684701 1
1 1082763684704 4
1 1082763684705 1
1 1082763684708 4
1 1082763684709 1
1 1082763684712 4
1 1082763684713 1
1 1082763684716 4
1 1082763684717 1
1 1082763684720 4
1 1082763684721 1
1 1082763684750 1
1 1082763684751 1
1 1082763684754 1
1 1082763684755 1
1 1082763684758 1
1 1082763684759 1
1 1082763684762 1
1 1082763684763 1
1 1082763684766 1
1 1082763684767 1
1 1082763684770 1
1 1082763684771 1
1 1082763684800 1
1 1082763684801 4
1 1082763684802 1
1 1082763684804 1
1 1082763684805 4
1 1082763684806 1
1 1082763684808 1
1 1082763684809 4
1 1082763684810 1
1 1082763684812 1
1 1082763684813 4
1 1082763684814 1
1 1082763684816 1
1 1082763684817 4
1 1082763684818 1
1 1082763684860 4
1 1082763684861 1
1 1082763684864 4
1 1082763684865 1
1 1082763684868 4
1 1082763684869 1
1 1082763684872 4
1 1082763684873 1
1 1082763684876 4
1 1082763684877 1
1 1082763684880 4
1 1082763684881 1
1 1082763684910 1
1 1082763684911 1
1 1082763684914 1
1 1082763684915 1
1 1082763684918 1
1 1082763684919 1
1 1082763684922 1
1 1082763684923 1
1 1082763684926 1
1 1082763684927 1
1 1082763684930 1
1 1082763684931 1
1 1082763684973 1
1 1082763684974 4
1 1082763684975 1
1 1082763684977 1
1 1082763684978 4
1 1082763684979 1
1 1082763684981 1
1 1082763684982 4
1 1082763684983 1
1 1082763684985 1
1 1082763684986 4
1 1082763684987 1
1 1082763684989 1
1 1082763684990 4
1 1082763684991 1
1 1082763684993 1
1 1082763684994 4
1 1082763684995 1
1 1082763685036 1
1 1082763685037 4
1 1082763685038 1
1 1082763685040 1
1 1082763685041 4
1 1082763685042 1
1 1082763685044 1
1 1082763685045 4
1 1082763685046 1
1 1082763685048 1
1 1082763685049 4
1 1082763685050 1
1 1082763685052 1
1 1082763685053 4
1 1082763685054 1
1 1082763685056 1
1 1082763685057 4
1 1082763685058 1
1 1082763685100 4
1 1082763685101 1
1 1082763685104 4
1 1082763685105 1
1 1082763685108 4
1 1082763685109 1
1 1082763685112 4
1 1082763685113 1
1 1082763685116 4
1 1082763685117 1
1 1082763685120 4
1 1082763685121 1
1 1082763685150 1
1 1082763685151 1
1 1082763685154 1
1 1082763685155 1
1 1082763685158 1
1 1082763685159 1
1 1082763685162 1
1 1082763685163 1
1 1082763685166 1
1 1082763685167 1
1 1082763685170 1
1 1082763685171 1
1 1082763685200 1
1 1082763685201 4
1 1082763685202 1
1 1082763685204 1
1 1082763685205 4
1 1082763685206 1
1 1082763685208 1
1 1082763685209 4
1 1082763685210 1
1 1082763685212 1
1 1082763685213 4
1 1082763685214 1
1 1082763685216 1
1 1082763685217 4
1 1082763685218 1
1 1082763685260 4
1 1082763685261 1
1 1082763685264 4
1 1082763685265 1
1 1082763685268 4
1 1082763685269 1
1 1082763685272 4
1 1082763685273 1
1 1082763685276 4
1 1082763685277 1
1 1082763685280 4
1 1082763685281 1
1 1082763685310 1
1 1082763685311 1
1 1082763685314 1
1 1082763685315 1
1 1082763685318 1
1 1082763685319 1
1 1082763685322 1
1 1082763685323 1
1 1082763685326 1
1 1082763685327 1
1 1082763685330 1
1 1082763685331 1
1 1082763685373 1
1 1082763685374 4
1 1082763685375 1
1 1082763685377 1
1 1082763685378 4
1 1082763685379 1
1 1082763685381 1
1 1082763685382 4
1 1082763685383 1
1 1082763685385 1
1 1082763685386 4
1 1082763685387 1
1 1082763685389 1
1 1082763685390 4
1 1082763685391 1
1 1082763685393 1
1 1082763685394 4
1 1082763685395 1
1 1082763685436 1
1 1082763685437 4
1 1082763685438 1
1 1082763685440 1
1 1082763685441 4
1 1082763685442 1
1 1082763685444 1
1 1082763685445 4
1 1082763685446 1
1 1082763685448 1
1 1082763685449 4
1 1082763685450 1
1 1082763685452 1
1 1082763685453 4
1 1082763685454 1
1 1082763685456 1
1 1082763685457 4
1 1082763685458 1
1 1082763685500 4
1 1082763685501 1
1 1082763685504 4
1 1082763685505 1
1 1082763685508 4
1 1082763685509 1
1 1082763685512 4
1 1082763685513 1
1 1082763685516 4
1 1082763685517 1
1 1082763685520 4
1 1082763685521 1
1 1082763685550 1
1 1082763685551 1
1 1082763685554 1
1 1082763685555 1
1 1082763685558 1
1 1082763685559 1
1 1082763685562 1
1 1082763685563 1
1 1082763685566 1
1 1082763685567 1
1 1082763685570 1
1 1082763685571 1
1 1082763685600 1
1 1082763685601 4
1 1082763685602 1
1 1082763685604 1
1 1082763685605 4
1 1082763685606 1
1 1082763685608 1
1 1082763685609 4
1 1082763685610 1
1 1082763685612 1
1 1082763685613 4
1 1082763685614 1
1 1082763685616 1
1 1082763685617 4
1 1082763685618 1
1 1082763685660 4
1 1082763685661 1
1 1082763685664 4
1 1082763685665 1
1 1082763685668 4
1 1082763685669 1
1 1082763685672 4
1 1082763685673 1
1 1082763685676 4
1 1082763685677 1
1 1082763685680 4
1 1082763685681 1
1 1082763685710 1
1 1082763685711 1
1 1082763685714 1
1 1082763685715 1
1 1082763685718 1
1 1082763685719 1
1 1082763685722 1
1 1082763685723 1
1 1082763685726 1
1 1082763685727 1
1 1082763685730 1
1 1082763685731 1
1 1082763685773 1
1 1082763685774 4
1 1082763685775 1
1 1082763685777 1
1 1082763685778 4
1 1082763685779 1
1 1082763685781 1
1 1082763685782 4
1 1082763685783 1
1 1082763685785 1
1 1082763685786 4
1 1082763685787 1
1 1082763685789 1
1 1082763685790 4
1 1082763685791 1
1 1082763685793 1
1 1082763685794 4
1 1082763685795 1
1 1082763685836 1
1 1082763685837 4
1 1082763685838 1
1 1082763685840 1
1 1082763685841 4
1 1082763685842 1
1 1082763685844 1
1 1082763685845 4
1 1082763685846 1
1 1082763685848 1
1 1082763685849 4
1 1082763685850 1
1 1082763685852 1
1 1082763685853 4
1 1082763685854 1
1 1082763685856 1
1 1082763685857 4
1 1082763685858 1
1 1082763685900 4
1 1082763685901 1
1 1082763685904 4
1 1082763685905 1
1 1082763685908 4
1 1082763685909 1
1 1082763685912 4
1 1082763685913 1
1 1082763685916 4
1 1082763685917 1
1 1082763685920 4
1 1082763685921 1
1 1082763685950 1
1 1082763685951 1
1 1082763685954 1
1 1082763685955 1
1 1082763685958 1
1 1082763685959 1
1 1082763685962 1
1 1082763685963 1
1 1082763685966 1
1 1082763685967 1
1 1082763685970 1
1 1082763685971 1
1 1082763686000 1
1 1082763686001 4
1 1082763686002 1
1 1082763686004 1
1 1082763686005 4
1 1082763686006 1
1 1082763686008 1
1 1082763686009 4
1 1082763686010 1
1 1082763686012 1
1 1082763686013 4
1 1082763686014 1
1 1082763686016 1
1 1082763686017 4
1 1082763686018 1
1 1082763686060 4
1 1082763686061 1
1 1082763686064 4
1 1082763686065 1
1 1082763686068 4
1 1082763686069 1
1 1082763686072 4
1 1082763686073 1
1 1082763686076 4
1 1082763686077 1
1 1082763686080 4
1 1082763686081 1
1 1082763686110 1
1 1082763686111 1
1 1082763686114 1
1 1082763686115 1
1 1082763686118 1
1 1082763686119 1
1 1082763686122 1
1 1082763686123 1
1 1082763686126 1
1 1082763686127 1
1 1082763686130 1
1 1082763686131 1
1 1082763686173 1
1 1082763686174 4
1 1082763686175 1
1 1082763686177 1
1 1082763686178 4
1 1082763686179 1
1 1082763686181 1
1 1082763686182 4
1 1082763686183 1
1 1082763686185 1
1 1082763686186 4
1 1082763686187 1
1 1082763686189 1
1 1082763686190 4
1 1082763686191 1
1 1082763686193 1
1 1082763686194 4
1 1082763686195 1
1 1082763686236 1
1 1082763686237 4
1 1082763686238 1
1 1082763686240 1
1 1082763686241 4
1 1082763686242 1
1 1082763686244 1
1 1082763686245 4
1 1082763686246 1
1 1082763686248 1
1 1082763686249 4
1 1082763686250 1
1 1082763686252 1
1 1082763686253 4
1 1082763686254 1
1 1082763686256 1
1 1082763686257 4
1 1082763686258 1
1 1082763686300 4
1 1082763686301 1
1 1082763686304 4
1 1082763686305 1
1 1082763686308 4
1 1082763686309 1
1 1082763686312 4
1 1082763686313 1
1 1082763686316 4
1 1082763686317 1
1 1082763686320 4
1 1082763686321 1
1 1082763686350 1
1 1082763686351 1
1 1082763686354 1
1 1082763686355 1
1 1082763686358 1
1 1082763686359 1
1 1082763686362 1
1 1082763686363 1
1 1082763686366 1
1 1082763686367 1
1 1082763686370 1
1 1082763686371 1
1 1082763686400 1
1 1082763686401 4
1 1082763686402 1
1 1082763686404 1
1 1082763686405 4
1 1082763686406 1
1 1082763686408 1
1 1082763686409 4
1 1082763686410 1
1 1082763686412 1
1 1082763686413 4
1 1082763686414 1
1 1082763686416 1
1 1082763686417 4
1 1082763686418 1
1 1082763686460 4
1 1082763686461 1
1 1082763686464 4
1 1082763686465 1
1 1082763686468 4
1 1082763686469 1
1 1082763686472 4
1 1082763686473 1
1 1082763686476 4
1 1082763686477 1
1 1082763686480 4
1 1082763686481 1
1 1082763686510 1
1 1082763686511 1
1 1082763686514 1
1 1082763686515 1
1 1082763686518 1
1 1082763686519 1
1 1082763686522 1
1 1082763686523 1
1 1082763686526 1
1 1082763686527 1
1 1082763686530 1
1 1082763686531 1
1 1082763686573 1
1 1082763686574 4
1 1082763686575 1
1 1082763686577 1
1 1082763686578 4
1 1082763686579 1
1 1082763686581 1
1 1082763686582 4
1 1082763686583 1
1 1082763686585 1
1 1082763686586 4
1 1082763686587 1
1 1082763686589 1
1 1082763686590 4
1 1082763686591 1
1 1082763686593 1
1 1082763686594 4
1 1082763686595 1
1 1082763686636 1
1 1082763686637 4
1 1082763686638 1
1 1082763686640 1
1 1082763686641 4
1 1082763686642 1
1 1082763686644 1
1 1082763686645 4
1 1082763686646 1
1 1082763686648 1
1 1082763686649 4
1 1082763686650 1
1 1082763686652 1
1 1082763686653 4
1 1082763686654 1
1 1082763686656 1
1 1082763686657 4
1 1082763686658 1
1 1082763686700 4
1 1082763686701 1
1 1082763686704 4
1 1082763686705 1
1 1082763686708 4
1 1082763686709 1
1 1082763686712 4
1 1082763686713 1
1 1082763686716 4
1 1082763686717 1
1 1082763686720 4
1 1082763686721 1
1 1082763686750 1
1 1082763686751 1
1 1082763686754 1
1 1082763686755 1
1 1082763686758 1
1 1082763686759 1
1 1082763686762 1
1 1082763686763 1
1 1082763686766 1
1 1082763686767 1
1 1082763686770 1
1 1082763686771 1
1 1082763686800 1
1 1082763686801 4
1 1082763686802 1
1 1082763686804 1
1 1082763686805 4
1 1082763686806 1
1 1082763686808 1
1 1082763686809 4
1 1082763686810 1
1 1082763686812 1
1 1082763686813 4
1 1082763686814 1
1 1082763686816 1
1 1082763686817 4
1 1082763686818 1
1 1082763686860 4
1 1082763686861 1
1 1082763686864 4
1 1082763686865 1
1 1082763686868 4
1 1082763686869 1
1 1082763686872 4
1 1082763686873 1
1 1082763686876 4
1 1082763686877 1
1 1082763686880 4
1 1082763686881 1
1 1082763686910 1
1 1082763686911 1
1 1082763686914 1
1 1082763686915 1
1 1082763686918 1
1 1082763686919 1
1 1082763686922 1
1 1082763686923 1
1 1082763686926 1
1 1082763686927 1
1 1082763686930 1
1 1082763686931 1
1 1082763686973 1
1 1082763686974 4
1 1082763686975 1
1 1082763686977 1
1 1082763686978 4
1 1082763686979 1
1 1082763686981 1
1 1082763686982 4
1 1082763686983 1
1 1082763686985 1
1 1082763686986 4
1 1082763686987 1
1 1082763686989 1
1 1082763686990 4
1 1082763686991 1
1 1082763686993 1
1 1082763686994 4
1 1082763686995 1
1 1082763687036 1
1 1082763687037 4
1 1082763687038 1
1 1082763687040 1
1 1082763687041 4
1 1082763687042 1
1 1082763687044 1
1 1082763687045 4
1 1082763687046 1
1 1082763687048 1
1 1082763687049 4
1 1082763687050 1
1 1082763687052 1
1 1082763687053 4
1 1082763687054 1
1 1082763687056 1
1 1082763687057 4
1 1082763687058 1
1 1082763687100 4
1 1082763687101 1
1 1082763687104 4
1 1082763687105 1
1 1082763687108 4
1 1082763687109 1
1 1082763687112 4
1 1082763687113 1
1 1082763687116 4
1 1082763687117 1
1 1082763687120 4
1 1082763687121 1
1 1082763687150 1
1 1082763687151 1
1 1082763687154 1
1 1082763687155 1
1 1082763687158 1
1 1082763687159 1
1 1082763687162 1
1 1082763687163 1
1 1082763687166 1
1 1082763687167 1
1 1082763687170 1
1 1082763687171 1
1 1082763687200 1
1 1082763687201 4
1 1082763687202 1
1 1082763687204 1
1 1082763687205 4
1 1082763687206 1
1 1082763687208 1
1 1082763687209 4
1 1082763687210 1
1 1082763687212 1
1 1082763687213 4
1 1082763687214 1
1 1082763687216 1
1 1082763687217 4
1 1082763687218 1
1 1082763687260 4
1 1082763687261 1
1 1082763687264 4
1 1082763687265 1
1 1082763687268 4
1 1082763687269 1
1 1082763687272 4
1 1082763687273 1
1 1082763687276 4
1 1082763687277 1
1 1082763687280 4
1 1082763687281 1
1 1082763687310 1
1 1082763687311 1
1 1082763687314 1
1 1082763687315 1
1 1082763687318 1
1 1082763687319 1
1 1082763687322 1
1 1082763687323 1
1 1082763687326 1
1 1082763687327 1
1 1082763687330 1
1 1082763687331 1
1 1082763687373 1
1 1082763687374 4
1 1082763687375 1
1 1082763687377 1
1 1082763687378 4
1 1082763687379 1
1 1082763687381 1
1 1082763687382 4
1 1082763687383 1
1 1082763687385 1
1 1082763687386 4
1 1082763687387 1
1 1082763687389 1
1 1082763687390 4
1 1082763687391 1
1 1082763687393 1
1 1082763687394 4
1 1082763687395 1
1 1082763687436 1
1 1082763687437 4
1 1082763687438 1
1 1082763687440 1
1 1082763687441 4
1 1082763687442 1
1 1082763687444 1
1 1082763687445 4
1 1082763687446 1
1 1082763687448 1
1 1082763687449 4
1 1082763687450 1
1 1082763687452 1
1 1082763687453 4
1 1082763687454 1
1 1082763687456 1
1 1082763687457 4
1 1082763687458 1
1 1082763687500 4
1 1082763687501 1
1 1082763687504 4
1 1082763687505 1
1 1082763687508 4
1 1082763687509 1
1 1082763687512 4
1 1082763687513 1
1 1082763687516 4
1 1082763687517 1
1 1082763687520 4
1 1082763687521 1
1 1082763687550 1
1 1082763687551 1
1 1082763687554 1
1 1082763687555 1
1 1082763687558 1
1 1082763687559 1
1 1082763687562 1
1 1082763687563 1
1 1082763687566 1
1 1082763687567 1
1 1082763687570 1
1 1082763687571 1
1 1082763687600 1
1 1082763687601 4
1 1082763687602 1
1 1082763687604 1
1 1082763687605 4
1 1082763687606 1
1 1082763687608 1
1 1082763687609 4
1 1082763687610 1
1 1082763687612 1
1 1082763687613 4
1 1082763687614 1
1 1082763687616 1
1 1082763687617 4
1 1082763687618 1
1 1082763687660 4
1 1082763687661 1
1 1082763687664 4
1 1082763687665 1
1 1082763687668 4
1 1082763687669 1
1 1082763687672 4
1 1082763687673 1
1 1082763687676 4
1 1082763687677 1
1 1082763687680 4
1 1082763687681 1
1 1082763687710 1
1 1082763687711 1
1 1082763687714 1
1 1082763687715 1
1 1082763687718 1
1 1082763687719 1
1 1082763687722 1
1 1082763687723 1
1 1082763687726 1
1 1082763687727 1
1 1082763687730 1
1 1082763687731 1
1 1082763687773 1
1 1082763687774 4
1 1082763687775 1
1 1082763687777 1
1 1082763687778 4
1 1082763687779 1
1 1082763687781 1
1 1082763687782 4
1 1082763687783 1
1 1082763687785 1
1 1082763687786 4
1 1082763687787 1
1 1082763687789 1
1 1082763687790 4
1 1082763687791 1
1 1082763687793 1
1 1082763687794 4
1 1082763687795 1
1 1082763687836 1
1 1082763687837 4
1 1082763687838 1
1 1082763687840 1
1 1082763687841 4
1 1082763687842 1
1 1082763687844 1
1 1082763687845 4
1 1082763687846 1
1 1082763687848 1
1 1082763687849 4
1 1082763687850 1
1 1082763687852 1
1 1082763687853 4
1 1082763687854 1
1 1082763687856 1
1 1082763687857 4
1 1082763687858 1
1 1082763687900 4
1 1082763687901 1
1 1082763687904 4
1 1082763687905 1
1 1082763687908 4
1 1082763687909 1
1 1082763687912 4
1 1082763687913 1
1 1082763687916 4
1 1082763687917 1
1 1082763687920 4
1 1082763687921 1
1 1082763687950 1
1 1082763687951 1
1 1082763687954 1
1 1082763687955 1
1 1082763687958 1
1 1082763687959 1
1 1082763687962 1
1 1082763687963 1
1 1082763687966 1
1 1082763687967 1
1 1082763687970 1
1 1082763687971 1
1 1082763688000 1
1 1082763688001 4
1 1082763688002 1
1 1082763688004 1
1 1082763688005 4
1 1082763688006 1
1 1082763688008 1
1 1082763688009 4
1 1082763688010 1
1 1082763688012 1
1 1082763688013 4
1 1082763688014 1
1 1082763688016 1
1 1082763688017 4
1 1082763688018 1
1 1082763688060 4
1 1082763688061 1
1 1082763688064 4
1 1082763688065 1
1 1082763688068 4
1 1082763688069 1
1 1082763688072 4
1 1082763688073 1
1 1082763688076 4
1 1082763688077 1
1 1082763688080 4
1 1082763688081 1
1 1082763688110 1
1 1082763688111 1
1 1082763688114 1
1 1082763688115 1
1 1082763688118 1
1 1082763688119 1
1 1082763688122 1
1 1082763688123 1
1 1082763688126 1
1 1082763688127 1
1 1082763688130 1
1 1082763688131 1
1 1082763688173 1
1 1082763688174 4
1 1082763688175 1
1 1082763688177 1
1 1082763688178 4
1 1082763688179 1
1 1082763688181 1
1 1082763688182 4
1 1082763688183 1
1 1082763688185 1
1 1082763688186 4
1 1082763688187 1
1 1082763688189 1
1 1082763688190 4
1 1082763688191 1
1 1082763688193 1
1 1082763688194 4
1 1082763688195 1
1 1082763688236 1
1 1082763688237 4
1 1082763688238 1
1 1082763688240 1
1 1082763688241 4
1 1082763688242 1
1 1082763688244 1
1 1082763688245 4
1 1082763688246 1
1 1082763688248 1
1 1082763688249 4
1 1082763688250 1
1 1082763688252 1
1 1082763688253 4
1 1082763688254 1
1 1082763688256 1
1 1082763688257 4
1 1082763688258 1
1 1082763688300 4
1 1082763688301 1
1 1082763688304 4
1 1082763688305 1
1 1082763688308 4
1 1082763688309 1
1 1082763688312 4
1 1082763688313 1
1 1082763688316 4
1 1082763688317 1
1 1082763688320 4
1 1082763688321 1
1 1082763688350 1
1 1082763688351 1
1 1082763688354 1
1 1082763688355 1
1 1082763688358 1
1 1082763688359 1
1 1082763688362 1
1 1082763688363 1
1 1082763688366 1
1 1082763688367 1
1 1082763688370 1
1 1082763688371 1
1 1082763688400 1
1 1082763688401 4
1 1082763688402 1
1 1082763688404 1
1 1082763688405 4
1 1082763688406 1
1 1082763688408 1
1 1082763688409 4
1 1082763688410 1
1 1082763688412 1
1 1082763688413 4
1 1082763688414 1
1 1082763688416 1
1 1082763688417 4
1 1082763688418 1
1 1082763688460 4
1 1082763688461 1
1 1082763688464 4
1 1082763688465 1
1 1082763688468 4
1 1082763688469 1
1 1082763688472 4
1 1082763688473 1
1 1082763688476 4
1 1082763688477 1
1 1082763688480 4
1 1082763688481 1
1 1082763688510 1
1 1082763688511 1
1 1082763688514 1
1 1082763688515 1
1 1082763688518 1
1 1082763688519 1
1 1082763688522 1
1 1082763688523 1
1 1082763688526 1
1 1082763688527 1
1 1082763688530 1
1 1082763688531 1
1 1082763688573 1
1 1082763688574 4
1 1082763688575 1
1 1082763688577 1
1 1082763688578 4
1 1082763688579 1
1 1082763688581 1
1 1082763688582 4
1 1082763688583 1
1 1082763688585 1
1 1082763688586 4
1 1082763688587 1
1 1082763688589 1
1 1082763688590 4
1 1082763688591 1
1 1082763688593 1
1 1082763688594 4
1 1082763688595 1
1 1082763688636 1
1 1082763688637 4
1 1082763688638 1
1 1082763688640 1
1 1082763688641 4
1 1082763688642 1
1 1082763688644 1
1 1082763688645 4
1 1082763688646 1
1 1082763688648 1
1 1082763688649 4
1 1082763688650 1
1 1082763688652 1
1 1082763688653 4
1 1082763688654 1
1 1082763688656 1
1 1082763688657 4
1 1082763688658 1
1 1082763688700 4
1 1082763688701 1
1 1082763688704 4
1 1082763688705 1
1 1082763688708 4
1 1082763688709 1
1 1082763688712 4
1 1082763688713 1
1 1082763688716 4
1 1082763688717 1
1 1082763688720 4
1 1082763688721 1
1 1082763688750 1
1 1082763688751 1
1 1082763688754 1
1 1082763688755 1
1 1082763688758 1
1 1082763688759 1
1 1082763688762 1
1 1082763688763 1
1 1082763688766 1
1 1082763688767 1
1 1082763688770 1
1 1082763688771 1
1 1082763688800 1
1 1082763688801 4
1 1082763688802 1
1 1082763688804 1
1 1082763688805 4
1 1082763688806 1
1 1082763688808 1
1 1082763688809 4
1 1082763688810 1
1 1082763688812 1
1 1082763688813 4
1 1082763688814 1
1 1082763688816 1
1 1082763688817 4
1 1082763688818 1
1 1082763688860 4
1 1082763688861 1
1 1082763688864 4
1 1082763688865 1
1 1082763688868 4
1 1082763688869 1
1 1082763688872 4
1 1082763688873 1
1 1082763688876 4
1 1082763688877 1
1 1082763688880 4
1 1082763688881 1
1 1082763688910 1
1 1082763688911 1
1 1082763688914 1
1 1082763688915 1
1 1082763688918 1
1 1082763688919 1
1 1082763688922 1
1 1082763688923 1
1 1082763688926 1
1 1082763688927 1
1 1082763688930 1
1 1082763688931 1
1 1082763688973 1
1 1082763688974 4
1 1082763688975 1
1 1082763688977 1
1 1082763688978 4
1 1082763688979 1
1 1082763688981 1
1 1082763688982 4
1 1082763688983 1
1 1082763688985 1
1 1082763688986 4
1 1082763688987 1
1 1082763688989 1
1 1082763688990 4
1 1082763688991 1
1 1082763688993 1
1 1082763688994 4
1 1082763688995 1
1 1082763689036 1
1 1082763689037 4
1 1082763689038 1
1 1082763689040 1
1 1082763689041 4
1 1082763689042 1
1 1082763689044 1
1 1082763689045 4
1 1082763689046 1
1 1082763689048 1
1 1082763689049 4
1 1082763689050 1
1 1082763689052 1
1 1082763689053 4
1 1082763689054 1
1 1082763689056 1
1 1082763689057 4
1 1082763689058 1
1 1082763689100 4
1 1082763689101 1
1 1082763689104 4
1 1082763689105 1
1 1082763689108 4
1 1082763689109 1
1 1082763689112 4
1 1082763689113 1
1 1082763689116 4
1 1082763689117 1
1 1082763689120 4
1 1082763689121 1
1 1082763689150 1
1 1082763689151 1
1 1082763689154 1
1 1082763689155 1
1 1082763689158 1
1 1082763689159 1
1 1082763689162 1
1 1082763689163 1
1 1082763689166 1
1 1082763689167 1
1 1082763689170 1
1 1082763689171 1
1 1082763689200 1
1 1082763689201 4
1 1082763689202 1
1 1082763689204 1
1 1082763689205 4
1 1082763689206 1
1 1082763689208 1
1 1082763689209 4
1 1082763689210 1
1 1082763689212 1
1 1082763689213 4
1 1082763689214 1
1 1082763689216 1
1 1082763689217 4
1 1082763689218 1
1 1082763689260 4
1 1082763689261 1
1 1082763689264 4
1 1082763689265 1
1 1082763689268 4
1 1082763689269 1
1 1082763689272 4
1 1082763689273 1
1 1082763689276 4
1 1082763689277 1
1 1082763689280 4
1 1082763689281 1
1 1082763689310 1
1 1082763689311 1
1 1082763689314 1
1 1082763689315 1
1 1082763689318 1
1 1082763689319 1
1 1082763689322 1
1 1082763689323 1
1 1082763689326 1
1 1082763689327 1
1 1082763689330 1
1 1082763689331 1
1 1082763689373 1
1 1082763689374 4
1 1082763689375 1
1 1082763689377 1
1 1082763689378 4
1 1082763689379 1
1 1082763689381 1
1 1082763689382 4
1 1082763689383 1
1 1082763689385 1
1 1082763689386 4
1 1082763689387 1
1 1082763689389 1
1 1082763689390 4
1 1082763689391 1
1 1082763689393 1
1 1082763689394 4
1 1082763689395 1
1 1082763689436 1
1 1082763689437 4
1 1082763689438 1
1 1082763689440 1
1 1082763689441 4
1 1082763689442 1
1 1082763689444 1
1 1082763689445 4
1 1082763689446 1
1 1082763689448 1
1 1082763689449 4
1 1082763689450 1
1 1082763689452 1
1 1082763689453 4
1 1082763689454 1
1 1082763689456 1
1 1082763689457 4
1 1082763689458 1
1 1082763689500 4
1 1082763689501 1
1 1082763689504 4
1 1082763689505 1
1 1082763689508 4
1 1082763689509 1
1 1082763689512 4
1 1082763689513 1
1 1082763689516 4
1 1082763689517 1
1 1082763689520 4
1 1082763689521 1
1 1082763689550 1
1 1082763689551 1
1 1082763689554 1
1 1082763689555 1
1 1082763689558 1
1 1082763689559 1
1 1082763689562 1
1 1082763689563 1
1 1082763689566 1
1 1082763689567 1
1 1082763689570 1
1 1082763689571 1
1 1082763689600 1
1 1082763689601 4
1 1082763689602 1
1 1082763689604 1
1 1082763689605 4
1 1082763689606 1
1 1082763689608 1
1 1082763689609 4
1 1082763689610 1
1 1082763689612 1
1 1082763689613 4
1 1082763689614 1
1 1082763689616 1
1 1082763689617 4
1 1082763689618 1
1 1082763689660 4
1 1082763689661 1
1 1082763689664 4
1 1082763689665 1
1 1082763689668 4
1 1082763689669 1
1 1082763689672 4
1 1082763689673 1
1 1082763689676 4
1 1082763689677 1
1 1082763689680 4
1 1082763689681 1
1 1082763689710 1
1 1082763689711 1
1 1082763689714 1
1 1082763689715 1
1 1082763689718 1
1 1082763689719 1
1 1082763689722 1
1 1082763689723 1
1 1082763689726 1
1 1082763689727 1
1 1082763689730 1
1 1082763689731 1
1 1082763689773 1
1 1082763689774 4
1 1082763689775 1
1 1082763689777 1
1 1082763689778 4
1 1082763689779 1
1 1082763689781 1
1 1082763689782 4
1 1082763689783 1
1 1082763689785 1
1 1082763689786 4
1 1082763689787 1
1 1082763689789 1
1 1082763689790 4
1 1082763689791 1
1 1082763689793 1
1 1082763689794 4
1 1082763689795 1
1 1082763689836 1
1 1082763689837 4
1 1082763689838 1
1 1082763689840 1
1 1082763689841 4
1 1082763689842 1
1 1082763689844 1
1 1082763689845 4
1 1082763689846 1
1 1082763689848 1
1 1082763689849 4
1 1082763689850 1
1 1082763689852 1
1 1082763689853 4
1 1082763689854 1
1 1082763689856 1
1 1082763689857 4
1 1082763689858 1
1 1082763689900 4
1 1082763689901 1
1 1082763689904 4
1 1082763689905 1
1 1082763689908 4
1 1082763689909 1
1 1082763689912 4
1 1082763689913 1
1 1082763689916 4
1 1082763689917 1
1 1082763689920 4
1 1082763689921 1
1 1082763689950 1
1 1082763689951 1
1 1082763689954 1
1 1082763689955 1
1 1082763689958 1
1 1082763689959 1
1 1082763689962 1
1 1082763689963 1
1 1082763689966 1
1 1082763689967 1
1 1082763689970 1
1 1082763689971 1
1 1082763690000 1
1 1082763690001 4
1 1082763690002 1
1 1082763690004 1
1 1082763690005 4
1 1082763690006 1
1 1082763690008 1
1 1082763690009 4
1 1082763690010 1
1 1082763690012 1
1 1082763690013 4
1 1082763690014 1
1 1082763690016 1
1 1082763690017 4
1 1082763690018 1
1 1082763690060 4
1 1082763690061 1
1 1082763690064 4
1 1082763690065 1
1 1082763690068 4
1 1082763690069 1
1 1082763690072 4
1 1082763690073 1
1 1082763690076 4
1 1082763690077 1
1 1082763690080 4
1 1082763690081 1
1 1082763690110 1
1 1082763690111 1
1 1082763690114 1
1 1082763690115 1
1 1082763690118 1
1 1082763690119 1
1 1082763690122 1
1 1082763690123 1
1 1082763690126 1
1 1082763690127 1
1 1082763690130 1
1 1082763690131 1
1 1082763690173 1
1 1082763690174 4
1 1082763690175 1
1 1082763690177 1
1 1082763690178 4
1 1082763690179 1
1 1082763690181 1
1 1082763690182 4
1 1082763690183 1
1 1082763690185 1
1 1082763690186 4
1 1082763690187 1
1 1082763690189 1
1 1082763690190 4
1 1082763690191 1
1 1082763690193 1
1 1082763690194 4
1 1082763690195 1
1 1082763690236 1
1 1082763690237 4
1 1082763690238 1
1 1082763690240 1
1 1082763690241 4
1 1082763690242 1
1 1082763690244 1
1 1082763690245 4
1 1082763690246 1
1 1082763690248 1
1 1082763690249 4
1 1082763690250 1
1 1082763690252 1
1 1082763690253 4
1 1082763690254 1
1 1082763690256 1
1 1082763690257 4
1 1082763690258 1
1 1082763690300 4
1 1082763690301 1
1 1082763690304 4
1 1082763690305 1
1 1082763690308 4
1 1082763690309 1
1 1082763690312 4
1 1082763690313 1
1 1082763690316 4
1 1082763690317 1
1 1082763690320 4
1 1082763690321 1
1 1082763690350 1
1 1082763690351 1
1 1082763690354 1
1 1082763690355 1
1 1082763690358 1
1 1082763690359 1
1 1082763690362 1
1 1082763690363 1
1 1082763690366 1
1 1082763690367 1
1 1082763690370 1
1 1082763690371 1
1 1082763690400 1
1 1082763690401 4
1 1082763690402 1
1 1082763690404 1
1 1082763690405 4
1 1082763690406 1
1 1082763690408 1
1 1082763690409 4
1 1082763690410 1
1 1082763690412 1
1 1082763690413 4
1 1082763690414 1
1 1082763690416 1
1 1082763690417 4
1 1082763690418 1
1 1082763690460 4
1 1082763690461 1
1 1082763690464 4
1 1082763690465 1
1 1082763690468 4
1 1082763690469 1
1 1082763690472 4
1 1082763690473 1
1 1082763690476 4
1 1082763690477 1
1 1082763690480 4
1 1082763690481 1
1 1082763690510 1
1 1082763690511 1
1 1082763690514 1
1 1082763690515 1
1 1082763690518 1
1 1082763690519 1
1 1082763690522 1
1 1082763690523 1
1 1082763690526 1
1 1082763690527 1
1 1082763690530 1
1 1082763690531 1
1 1082763690573 1
1 1082763690574 4
1 1082763690575 1
1 1082763690577 1
1 1082763690578 4
1 1082763690579 1
1 1082763690581 1
1 1082763690582 4
1 1082763690583 1
1 1082763690585 1
1 1082763690586 4
1 1082763690587 1
1 1082763690589 1
1 1082763690590 4
1 1082763690591 1
1 1082763690593 1
1 1082763690594 4
1 1082763690595 1
1 1082763690636 1
1 1082763690637 4
1 1082763690638 1
1 1082763690640 1
1 1082763690641 4
1 1082763690642 1
1 1082763690644 1
1 1082763690645 4
1 1082763690646 1
1 1082763690648 1
1 1082763690649 4
1 1082763690650 1
1 1082763690652 1
1 1082763690653 4
1 1082763690654 1
1 1082763690656 1
1 1082763690657 4
1 1082763690658 1
1 1082763690700 4
1 1082763690701 1
1 1082763690704 4
1 1082763690705 1
1 1082763690708 4
1 1082763690709 1
1 1082763690712 4
1 1082763690713 1
1 1082763690716 4
1 1082763690717 1
1 1082763690720 4
1 1082763690721 1
1 1082763690750 1
1 1082763690751 1
1 1082763690754 1
1 1082763690755 1
1 1082763690758 1
1 1082763690759 1
1 1082763690762 1
1 1082763690763 1
1 1082763690766 1
1 1082763690767 1
1 1082763690770 1
1 1082763690771 1
1 1082763690800 1
1 1082763690801 4
1 1082763690802 1
1 1082763690804 1
1 1082763690805 4
1 1082763690806 1
1 1082763690808 1
1 1082763690809 4
1 1082763690810 1
1 1082763690812 1
1 1082763690813 4
1 1082763690814 1
1 1082763690816 1
1 1082763690817 4
1 1082763690818 1
1 1082763690860 4
1 1082763690861 1
1 1082763690864 4
1 1082763690865 1
1 1082763690868 4
1 1082763690869 1
1 1082763690872 4
1 1082763690873 1
1 1082763690876 4
1 1082763690877 1
1 1082763690880 4
1 1082763690881 1
1 1082763690910 1
1 1082763690911 1
1 1082763690914 1
1 1082763690915 1
1 1082763690918 1
1 1082763690919 1
1 1082763690922 1
1 1082763690923 1
1 1082763690926 1
1 1082763690927 1
1 1082763690930 1
1 1082763690931 1
1 1082763690973 1
1 1082763690974 4
1 1082763690975 1
1 1082763690977 1
1 1082763690978 4
1 1082763690979 1
1 1082763690981 1
1 1082763690982 4
1 1082763690983 1
1 1082763690985 1
1 1082763690986 4
1 1082763690987 1
1 1082763690989 1
1 1082763690990 4
1 1082763690991 1
1 1082763690993 1
1 1082763690994 4
1 1082763690995 1
1 1082763691036 1
1 1082763691037 4
1 1082763691038 1
1 1082763691040 1
1 1082763691041 4
1 1082763691042 1
1 1082763691044 1
1 1082763691045 4
1 1082763691046 1
1 1082763691048 1
1 1082763691049 4
1 1082763691050 1
1 1082763691052 1
1 1082763691053 4
1 1082763691054 1
1 1082763691056 1
1 1082763691057 4
1 1082763691058 1
1 1082763691100 4
1 1082763691101 1
1 1082763691104 4
1 1082763691105 1
1 1082763691108 4
1 1082763691109 1
1 1082763691112 4
1 1082763691113 1
1 1082763691116 4
1 1082763691117 1
1 1082763691120 4
1 1082763691121 1
1 1082763691150 1
1 1082763691151 1
1 1082763691154 1
1 1082763691155 1
1 1082763691158 1
1 1082763691159 1
1 1082763691162 1
1 1082763691163 1
1 1082763691166 1
1 1082763691167 1
1 1082763691170 1
1 1082763691171 1
1 1082763691200 1
1 1082763691201 4
1 1082763691202 1
1 1082763691204 1
1 1082763691205 4
1 1082763691206 1
1 1082763691208 1
1 1082763691209 4
1 1082763691210 1
1 1082763691212 1
1 1082763691213 4
1 1082763691214 1
1 1082763691216 1
1 1082763691217 4
1 1082763691218 1
1 1082763691260 4
1 1082763691261 1
1 1082763691264 4
1 1082763691265 1
1 1082763691268 4
1 1082763691269 1
1 1082763691272 4
1 1082763691273 1
1 1082763691276 4
1 1082763691277 1
1 1082763691280 4
1 1082763691281 1
1 1082763691310 1
1 1082763691311 1
1 1082763691314 1
1 1082763691315 1
1 1082763691318 1
1 1082763691319 1
1 1082763691322 1
1 1082763691323 1
1 1082763691326 1
1 1082763691327 1
1 1082763691330 1
1 1082763691331 1
1 1082763691373 1
1 1082763691374 4
1 1082763691375 1
1 1082763691377 1
1 1082763691378 4
1 1082763691379 1
1 1082763691381 1
1 1082763691382 4
1 1082763691383 1
1 1082763691385 1
1 1082763691386 4
1 1082763691387 1
1 1082763691389 1
1 1082763691390 4
1 1082763691391 1
1 1082763691393 1
1 1082763691394 4
1 1082763691395 1
1 1082763691436 1
1 1082763691437 4
1 1082763691438 1
1 1082763691440 1
1 1082763691441 4
1 1082763691442 1
1 1082763691444 1
1 1082763691445 4
1 1082763691446 1
1 1082763691448 1
1 1082763691449 4
1 1082763691450 1
1 1082763691452 1
1 1082763691453 4
1 1082763691454 1
1 1082763691456 1
1 1082763691457 4
1 1082763691458 1
1 1082763691500 4
1 1082763691501 1
1 1082763691504 4
1 1082763691505 1
1 1082763691508 4
1 1082763691509 1
1 1082763691512 4
1 1082763691513 1
1 1082763691516 4
1 1082763691517 1
1 1082763691520 4
1 1082763691521 1
1 1082763691550 1
1 1082763691551 1
1 1082763691554 1
1 1082763691555 1
1 1082763691558 1
1 1082763691559 1
1 1082763691562 1
1 1082763691563 1
1 1082763691566 1
1 1082763691567 1
1 1082763691570 1
1 1082763691571 1
1 1082763691600 1
1 1082763691601 4
1 1082763691602 1
1 1082763691604 1
1 1082763691605 4
1 1082763691606 1
1 1082763691608 1
1 1082763691609 4
1 1082763691610 1
1 1082763691612 1
1 1082763691613 4
1 1082763691614 1
1 1082763691616 1
1 1082763691617 4
1 1082763691618 1
1 1082763691660 4
1 1082763691661 1
1 1082763691664 4
1 1082763691665 1
1 1082763691668 4
1 1082763691669 1
1 1082763691672 4
1 1082763691673 1
1 1082763691676 4
1 1082763691677 1
1 1082763691680 4
1 1082763691681 1
1 1082763691710 1
1 1082763691711 1
1 1082763691714 1
1 1082763691715 1
1 1082763691718 1
1 1082763691719 1
1 1082763691722 1
1 1082763691723 1
1 1082763691726 1
1 1082763691727 1
1 1082763691730 1
1 1082763691731 1
1 1082763691773 1
1 1082763691774 4
1 1082763691775 1
1 1082763691777 1
1 1082763691778 4
1 1082763691779 1
1 1082763691781 1
1 1082763691782 4
1 1082763691783 1
1 1082763691785 1
1 1082763691786 4
1 1082763691787 1
1 1082763691789 1
1 1082763691790 4
1 1082763691791 1
1 1082763691793 1
1 1082763691794 4
1 1082763691795 1
1 1082763691836 1
1 1082763691837 4
1 1082763691838 1
1 1082763691840 1
1 1082763691841 4
1 1082763691842 1
1 1082763691844 1
1 1082763691845 4
1 1082763691846 1
1 1082763691848 1
1 1082763691849 4
1 1082763691850 1
1 1082763691852 1
1 1082763691853 4
1 1082763691854 1
1 1082763691856 1
1 1082763691857 4
1 1082763691858 1
1 1082763691900 4
1 1082763691901 1
1 1082763691904 4
1 1082763691905 1
1 1082763691908 4
1 1082763691909 1
1 1082763691912 4
1 1082763691913 1
1 1082763691916 4
1 1082763691917 1
1 1082763691920 4
1 1082763691921 1
1 1082763691950 1
1 1082763691951 1
1 1082763691954 1
1 1082763691955 1
1 1082763691958 1
1 1082763691959 1
1 1082763691962 1
1 1082763691963 1
1 1082763691966 1
1 1082763691967 1
1 1082763691970 1
1 1082763691971 1
1 1082763692000 1
1 1082763692001 4
1 1082763692002 1
1 1082763692004 1
1 1082763692005 4
1 1082763692006 1
1 1082763692008 1
1 1082763692009 4
1 1082763692010 1
1 1082763692012 1
1 1082763692013 4
1 1082763692014 1
1 1082763692016 1
1 1082763692017 4
1 1082763692018 1
1 1082763692060 4
1 1082763692061 1
1 1082763692064 4
1 1082763692065 1
1 1082763692068 4
1 1082763692069 1
1 1082763692072 4
1 1082763692073 1
1 1082763692076 4
1 1082763692077 1
1 1082763692080 4
1 1082763692081 1
1 1082763692110 1
1 1082763692111 1
1 1082763692114 1
1 1082763692115 1
1 1082763692118 1
1 1082763692119 1
1 1082763692122 1
1 1082763692123 1
1 1082763692126 1
1 1082763692127 1
1 1082763692130 1
1 1082763692131 1
1 1082763692173 1
1 1082763692174 4
1 1082763692175 1
1 1082763692177 1
1 1082763692178 4
1 1082763692179 1
1 1082763692181 1
1 1082763692182 4
1 1082763692183 1
1 1082763692185 1
1 1082763692186 4
1 1082763692187 1
1 1082763692189 1
1 1082763692190 4
1 1082763692191 1
1 1082763692193 1
1 1082763692194 4
1 1082763692195 1
1 1082763692236 1
1 1082763692237 4
1 1082763692238 1
1 1082763692240 1
1 1082763692241 4
1 1082763692242 1
1 1082763692244 1
1 1082763692245 4
1 1082763692246 1
1 1082763692248 1
1 1082763692249 4
1 1082763692250 1
1 1082763692252 1
1 1082763692253 4
1 1082763692254 1
1 1082763692256 1
1 1082763692257 4
1 1082763692258 1
1 1082763692300 4
1 1082763692301 1
1 1082763692304 4
1 1082763692305 1
1 1082763692308 4
1 1082763692309 1
1 1082763692312 4
1 1082763692313 1
1 1082763692316 4
1 1082763692317 1
1 1082763692320 4
1 1082763692321 1
1 1082763692350 1
1 1082763692351 1
1 1082763692354 1
1 1082763692355 1
1 1082763692358 1
1 1082763692359 1
1 1082763692362 1
1 1082763692363 1
1 1082763692366 1
1 1082763692367 1
1 1082763692370 1
1 1082763692371 1
1 1082763692400 1
1 1082763692401 4
1 1082763692402 1
1 1082763692404 1
1 1082763692405 4
1 1082763692406 1
1 1082763692408 1
1 1082763692409 4
1 1082763692410 1
1 1082763692412 1
1 1082763692413 4
1 1082763692414 1
1 1082763692416 1
1 1082763692417 4
1 1082763692418 1
1 1082763692460 4
1 1082763692461 1
1 1082763692464 4
1 1082763692465 1
1 1082763692468 4
1 1082763692469 1
1 1082763692472 4
1 1082763692473 1
1 1082763692476 4
1 1082763692477 1
1 1082763692480 4
1 1082763692481 1
1 1082763692510 1
1 1082763692511 1
1 1082763692514 1
1 1082763692515 1
1 1082763692518 1
1 1082763692519 1
1 1082763692522 1
1 1082763692523 1
1 1082763692526 1
1 1082763692527 1
1 1082763692530 1
1 1082763692531 1
1 1082763692573 1
1 1082763692574 4
1 1082763692575 1
1 1082763692577 1
1 1082763692578 4
1 1082763692579 1
1 1082763692581 1
1 1082763692582 4
1 1082763692583 1
1 1082763692585 1
1 1082763692586 4
1 1082763692587 1
1 1082763692589 1
1 1082763692590 4
1 1082763692591 1
1 1082763692593 1
1 1082763692594 4
1 1082763692595 1
1 1082763692636 1
1 1082763692637 4
1 1082763692638 1
1 1082763692640 1
1 1082763692641 4
1 1082763692642 1
1 1082763692644 1
1 1082763692645 4
1 1082763692646 1
1 1082763692648 1
1 1082763692649 4
1 1082763692650 1
1 1082763692652 1
1 1082763692653 4
1 1082763692654 1
1 1082763692656 1
1 1082763692657 4
1 1082763692658 1
1 1082763692700 4
1 1082763692701 1
1 1082763692704 4
1 1082763692705 1
1 1082763692708 4
1 1082763692709 1
1 1082763692712 4
1 1082763692713 1
1 1082763692716 4
1 1082763692717 1
1 1082763692720 4
1 1082763692721 1
1 1082763692750 1
1 1082763692751 1
1 1082763692754 1
1 1082763692755 1
1 1082763692758 1
1 1082763692759 1
1 1082763692762 1
1 1082763692763 1
1 1082763692766 1
1 1082763692767 1
1 1082763692770 1
1 1082763692771 1
1 1082763692800 1
1 1082763692801 4
1 1082763692802 1
1 1082763692804 1
1 1082763692805 4
1 1082763692806 1
1 1082763692808 1
1 1082763692809 4
1 1082763692810 1
1 1082763692812 1
1 1082763692813 4
1 1082763692814 1
1 1082763692816 1
1 1082763692817 4
1 1082763692818 1
1 1082763692860 4
1 1082763692861 1
1 1082763692864 4
1 1082763692865 1
1 1082763692868 4
1 1082763692869 1
1 1082763692872 4
1 1082763692873 1
1 1082763692876 4
1 1082763692877 1
1 1082763692880 4
1 1082763692881 1
1 1082763692910 1
1 1082763692911 1
1 1082763692914 1
1 1082763692915 1
1 1082763692918 1
1 1082763692919 1
1 1082763692922 1
1 1082763692923 1
1 1082763692926 1
1 1082763692927 1
1 1082763692930 1
1 1082763692931 1
1 1082763692973 1
1 1082763692974 4
1 1082763692975 1
1 1082763692977 1
1 1082763692978 4
1 1082763692979 1
1 1082763692981 1
1 1082763692982 4
1 1082763692983 1
1 1082763692985 1
1 1082763692986 4
1 1082763692987 1
1 1082763692989 1
1 1082763692990 4
1 1082763692991 1
1 1082763692993 1
1 1082763692994 4
1 1082763692995 1
1 1082763693036 1
1 1082763693037 4
1 1082763693038 1
1 1082763693040 1
1 1082763693041 4
1 1082763693042 1
1 1082763693044 1
1 1082763693045 4
1 1082763693046 1
1 1082763693048 1
1 1082763693049 4
1 1082763693050 1
1 1082763693052 1
1 1082763693053 4
1 1082763693054 1
1 1082763693056 1
1 1082763693057 4
1 1082763693058 1
1 1082763693100 4
1 1082763693101 1
1 1082763693104 4
1 1082763693105 1
1 1082763693108 4
1 1082763693109 1
1 1082763693112 4
1 1082763693113 1
1 1082763693116 4
1 1082763693117 1
1 1082763693120 4
1 1082763693121 1
1 1082763693150 1
1 1082763693151 1
1 1082763693154 1
1 1082763693155 1
1 1082763693158 1
1 1082763693159 1
1 1082763693162 1
1 1082763693163 1
1 1082763693166 1
1 1082763693167 1
1 1082763693170 1
1 1082763693171 1
1 1082763693200 1
1 1082763693201 4
1 1082763693202 1
1 1082763693204 1
1 1082763693205 4
1 1082763693206 1
1 1082763693208 1
1 1082763693209 4
1 1082763693210 1
1 1082763693212 1
1 1082763693213 4
1 1082763693214 1
1 1082763693216 1
1 1082763693217 4
1 1082763693218 1
1 1082763693260 4
1 1082763693261 1
1 1082763693264 4
1 1082763693265 1
1 1082763693268 4
1 1082763693269 1
1 1082763693272 4
1 1082763693273 1
1 1082763693276 4
1 1082763693277 1
1 1082763693280 4
1 1082763693281 1
1 1082763693310 1
1 1082763693311 1
1 1082763693314 1
1 1082763693315 1
1 1082763693318 1
1 1082763693319 1
1 1082763693322 1
1 1082763693323 1
1 1082763693326 1
1 1082763693327 1
1 1082763693330 1
1 1082763693331 1
1 1082763693373 1
1 1082763693374 4
1 1082763693375 1
1 1082763693377 1
1 1082763693378 4
1 1082763693379 1
1 1082763693381 1
1 1082763693382 4
1 1082763693383 1
1 1082763693385 1
1 1082763693386 4
1 1082763693387 1
1 1082763693389 1
1 1082763693390 4
1 1082763693391 1
1 1082763693393 1
1 1082763693394 4
1 1082763693395 1
1 1082763693436 1
1 1082763693437 4
1 1082763693438 1
1 1082763693440 1
1 1082763693441 4
1 1082763693442 1
1 1082763693444 1
1 1082763693445 4
1 1082763693446 1
1 1082763693448 1
1 1082763693449 4
1 1082763693450 1
1 1082763693452 1
1 1082763693453 4
1 1082763693454 1
1 1082763693456 1
1 1082763693457 4
1 1082763693458 1
1 1082763693500 4
1 1082763693501 1
1 1082763693504 4
1 1082763693505 1
1 1082763693508 4
1 1082763693509 1
1 1082763693512 4
1 1082763693513 1
1 1082763693516 4
1 1082763693517 1
1 1082763693520 4
1 1082763693521 1
1 1082763693550 1
1 1082763693551 1
1 1082763693554 1
1 1082763693555 1
1 1082763693558 1
1 1082763693559 1
1 1082763693562 1
1 1082763693563 1
1 1082763693566 1
1 1082763693567 1
1 1082763693570 1
1 1082763693571 1
1 1082763693600 1
1 1082763693601 4
1 1082763693602 1
1 1082763693604 1
1 1082763693605 4
1 1082763693606 1
1 1082763693608 1
1 1082763693609 4
1 1082763693610 1
1 1082763693612 1
1 1082763693613 4
1 1082763693614 1
1 1082763693616 1
1 1082763693617 4
1 1082763693618 1
1 1082763693660 4
1 1082763693661 1
1 1082763693664 4
1 1082763693665 1
1 1082763693668 4
1 1082763693669 1
1 1082763693672 4
1 1082763693673 1
1 1082763693676 4
1 1082763693677 1
1 1082763693680 4
1 1082763693681 1
1 1082763693710 1
1 1082763693711 1
1 1082763693714 1
1 1082763693715 1
1 1082763693718 1
1 1082763693719 1
1 1082763693722 1
1 1082763693723 1
1 1082763693726 1
1 1082763693727 1
1 1082763693730 1
1 1082763693731 1
1 1082763693773 1
1 1082763693774 4
1 1082763693775 1
1 1082763693777 1
1 1082763693778 4
1 1082763693779 1
1 1082763693781 1
1 1082763693782 4
1 1082763693783 1
1 1082763693785 1
1 1082763693786 4
1 1082763693787 1
1 1082763693789 1
1 1082763693790 4
1 1082763693791 1
1 1082763693793 1
1 1082763693794 4
1 1082763693795 1
1 1082763693836 1
1 1082763693837 4
1 1082763693838 1
1 1082763693840 1
1 1082763693841 4
1 1082763693842 1
1 1082763693844 1
1 1082763693845 4
1 1082763693846 1
1 1082763693848 1
1 1082763693849 4
1 1082763693850 1
1 1082763693852 1
1 1082763693853 4
1 1082763693854 1
1 1082763693856 1
1 1082763693857 4
1 1082763693858 1
1 1082763693900 4
1 1082763693901 1
1 1082763693904 4
1 1082763693905 1
1 1082763693908 4
1 1082763693909 1
1 1082763693912 4
1 1082763693913 1
1 1082763693916 4
1 1082763693917 1
1 1082763693920 4
1 1082763693921 1
1 1082763693950 1
1 1082763693951 1
1 1082763693954 1
1 1082763693955 1
1 1082763693958 1
1 1082763693959 1
1 1082763693962 1
1 1082763693963 1
1 1082763693966 1
1 1082763693967 1
1 1082763693970 1
1 1082763693971 1
1 1082763694000 1
1 1082763694001 4
1 1082763694002 1
1 1082763694004 1
1 1082763694005 4
1 1082763694006 1
1 1082763694008 1
1 1082763694009 4
1 1082763694010 1
1 1082763694012 1
1 1082763694013 4
1 1082763694014 1
1 1082763694016 1
1 1082763694017 4
1 1082763694018 1
1 1082763694060 4
1 1082763694061 1
1 1082763694064 4
1 1082763694065 1
1 1082763694068 4
1 1082763694069 1
1 1082763694072 4
1 1082763694073 1
1 1082763694076 4
1 1082763694077 1
1 1082763694080 4
1 1082763694081 1
1 1082763694110 1
1 1082763694111 1
1 1082763694114 1
1 1082763694115 1
1 1082763694118 1
1 1082763694119 1
1 1082763694122 1
1 1082763694123 1
1 1082763694126 1
1 1082763694127 1
1 1082763694130 1
1 1082763694131 1
1 1082763694173 1
1 1082763694174 4
1 1082763694175 1
1 1082763694177 1
1 1082763694178 4
1 1082763694179 1
1 1082763694181 1
1 1082763694182 4
1 1082763694183 1
1 1082763694185 1
1 1082763694186 4
1 1082763694187 1
1 1082763694189 1
1 1082763694190 4
1 1082763694191 1
1 1082763694193 1
1 1082763694194 4
1 1082763694195 1
1 1082763694236 1
1 1082763694237 4
1 1082763694238 1
1 1082763694240 1
1 1082763694241 4
1 1082763694242 1
1 1082763694244 1
1 1082763694245 4
1 1082763694246 1
1 1082763694248 1
1 1082763694249 4
1 1082763694250 1
1 1082763694252 1
1 1082763694253 4
1 1082763694254 1
1 1082763694256 1
1 1082763694257 4
1 1082763694258 1
1 1082763694300 4
1 1082763694301 1
1 1082763694304 4
1 1082763694305 1
1 1082763694308 4
1 1082763694309 1
1 1082763694312 4
1 1082763694313 1
1 1082763694316 4
1 1082763694317 1
1 1082763694320 4
1 1082763694321 1
1 1082763694350 1
1 1082763694351 1
1 1082763694354 1
1 1082763694355 1
1 1082763694358 1
1 1082763694359 1
1 1082763694362 1
1 1082763694363 1
1 1082763694366 1
1 1082763694367 1
1 1082763694370 1
1 1082763694371 1
1 1082763694400 1
1 1082763694401 4
1 1082763694402 1
1 1082763694404 1
1 1082763694405 4
1 1082763694406 1
1 1082763694408 1
1 1082763694409 4
1 1082763694410 1
1 1082763694412 1
1 1082763694413 4
1 1082763694414 1
1 1082763694416 1
1 1082763694417 4
1 1082763694418 1
1 1082763694460 4
1 1082763694461 1
1 1082763694464 4
1 1082763694465 1
1 1082763694468 4
1 1082763694469 1
1 1082763694472 4
1 1082763694473 1
1 1082763694476 4
1 1082763694477 1
1 1082763694480 4
1 1082763694481 1
1 1082763694510 1
1 1082763694511 1
1 1082763694514 1
1 1082763694515 1
1 1082763694518 1
1 1082763694519 1
1 1082763694522 1
1 1082763694523 1
1 1082763694526 1
1 1082763694527 1
1 1082763694530 1
1 1082763694531 1
1 1082763694573 1
1 1082763694574 4
1 1082763694575 1
1 1082763694577 1
1 1082763694578 4
1 1082763694579 1
1 1082763694581 1
1 1082763694582 4
1 1082763694583 1
1 1082763694585 1
1 1082763694586 4
1 1082763694587 1
1 1082763694589 1
1 1082763694590 4
1 1082763694591 1
1 1082763694593 1
1 1082763694594 4
1 1082763694595 1
1 1082763694636 1
1 1082763694637 4
1 1082763694638 1
1 1082763694640 1
1 1082763694641 4
1 1082763694642 1
1 1082763694644 1
1 1082763694645 4
1 1082763694646 1
1 1082763694648 1
1 1082763694649 4
1 1082763694650 1
1 1082763694652 1
1 1082763694653 4
1 1082763694654 1
1 1082763694656 1
1 1082763694657 4
1 1082763694658 1
1 1082763694700 4
1 1082763694701 1
1 1082763694704 4
1 1082763694705 1
1 1082763694708 4
1 1082763694709 1
1 1082763694712 4
1 1082763694713 1
1 1082763694716 4
1 1082763694717 1
1 1082763694720 4
1 1082763694721 1
1 1082763694750 1
1 1082763694751 1
1 1082763694754 1
1 1082763694755 1
1 1082763694758 1
1 1082763694759 1
1 1082763694762 1
1 1082763694763 1
1 1082763694766 1
1 1082763694767 1
1 1082763694770 1
1 1082763694771 1
1 1082763694800 1
1 1082763694801 4
1 1082763694802 1
1 1082763694804 1
1 1082763694805 4
1 1082763694806 1
1 1082763694808 1
1 1082763694809 4
1 1082763694810 1
1 1082763694812 1
1 1082763694813 4
1 1082763694814 1
1 1082763694816 1
1 1082763694817 4
1 1082763694818 1
1 1082763694860 4
1 1082763694861 1
1 1082763694864 4
1 1082763694865 1
1 1082763694868 4
1 1082763694869 1
1 1082763694872 4
1 1082763694873 1
1 1082763694876 4
1 1082763694877 1
1 1082763694880 4
1 1082763694881 1
1 1082763694910 1
1 1082763694911 1
1 1082763694914 1
1 1082763694915 1
1 1082763694918 1
1 1082763694919 1
1 1082763694922 1
1 1082763694923 1
1 1082763694926 1
1 1082763694927 1
1 1082763694930 1
1 1082763694931 1
1 1082763694973 1
1 1082763694974 4
1 1082763694975 1
1 1082763694977 1
1 1082763694978 4
1 1082763694979 1
1 1082763694981 1
1 1082763694982 4
1 1082763694983 1
1 1082763694985 1
1 1082763694986 4
1 1082763694987 1
1 1082763694989 1
1 1082763694990 4
1 1082763694991 1
1 1082763694993 1
1 1082763694994 4
1 1082763694995 1
1 1082763695036 1
1 1082763695037 4
1 1082763695038 1
1 1082763695040 1
1 1082763695041 4
1 1082763695042 1
1 1082763695044 1
1 1082763695045 4
1 1082763695046 1
1 1082763695048 1
1 1082763695049 4
1 1082763695050 1
1 1082763695052 1
1 1082763695053 4
1 1082763695054 1
1 1082763695056 1
1 1082763695057 4
1 1082763695058 1
1 1082763695100 4
1 1082763695101 1
1 1082763695104 4
1 1082763695105 1
1 1082763695108 4
1 1082763695109 1
1 1082763695112 4
1 1082763695113 1
1 1082763695116 4
1 1082763695117 1
1 1082763695120 4
1 1082763695121 1
1 1082763695150 1
1 1082763695151 1
1 1082763695154 1
1 1082763695155 1
1 1082763695158 1
1 1082763695159 1
1 1082763695162 1
1 1082763695163 1
1 1082763695166 1
1 1082763695167 1
1 1082763695170 1
1 1082763695171 1
1 1082763695200 1
1 1082763695201 4
1 1082763695202 1
1 1082763695204 1
1 1082763695205 4
1 1082763695206 1
1 1082763695208 1
1 1082763695209 4
1 1082763695210 1
1 1082763695212 1
1 1082763695213 4
1 1082763695214 1
1 1082763695216 1
1 1082763695217 4
1 1082763695218 1
1 1082763695260 4
1 1082763695261 1
1 1082763695264 4
1 1082763695265 1
1 1082763695268 4
1 1082763695269 1
1 1082763695272 4
1 1082763695273 1
1 1082763695276 4
1 1082763695277 1
1 1082763695280 4
1 1082763695281 1
1 1082763695310 1
1 1082763695311 1
1 1082763695314 1
1 1082763695315 1
1 1082763695318 1
1 1082763695319 1
1 1082763695322 1
1 1082763695323 1
1 1082763695326 1
1 1082763695327 1
1 1082763695330 1
1 1082763695331 1
1 1082763695373 1
1 1082763695374 4
1 1082763695375 1
1 1082763695377 1
1 1082763695378 4
1 1082763695379 1
1 1082763695381 1
1 1082763695382 4
1 1082763695383 1
1 1082763695385 1
1 1082763695386 4
1 1082763695387 1
1 1082763695389 1
1 1082763695390 4
1 1082763695391 1
1 1082763695393 1
1 1082763695394 4
1 1082763695395 1
1 1082763695436 1
1 1082763695437 4
1 1082763695438 1
1 1082763695440 1
1 1082763695441 4
1 1082763695442 1
1 1082763695444 1
1 1082763695445 4
1 1082763695446 1
1 1082763695448 1
1 1082763695449 4
1 1082763695450 1
1 1082763695452 1
1 1082763695453 4
1 1082763695454 1
1 1082763695456 1
1 1082763695457 4
1 1082763695458 1
1 1082763695500 4
1 1082763695501 1
1 1082763695504 4
1 1082763695505 1
1 1082763695508 4
1 1082763695509 1
1 1082763695512 4
1 1082763695513 1
1 1082763695516 4
1 1082763695517 1
1 1082763695520 4
1 1082763695521 1
1 1082763695550 1
1 1082763695551 1
1 1082763695554 1
1 1082763695555 1
1 1082763695558 1
1 1082763695559 1
1 1082763695562 1
1 1082763695563 1
1 1082763695566 1
1 1082763695567 1
1 1082763695570 1
1 1082763695571 1
1 1082763695600 1
1 1082763695601 4
1 1082763695602 1
1 1082763695604 1
1 1082763695605 4
1 1082763695606 1
1 1082763695608 1
1 1082763695609 4
1 1082763695610 1
1 1082763695612 1
1 1082763695613 4
1 1082763695614 1
1 1082763695616 1
1 1082763695617 4
1 1082763695618 1
1 1082763695660 4
1 1082763695661 1
1 1082763695664 4
1 1082763695665 1
1 1082763695668 4
1 1082763695669 1
1 1082763695672 4
1 1082763695673 1
1 1082763695676 4
1 1082763695677 1
1 1082763695680 4
1 1082763695681 1
1 1082763695710 1
1 1082763695711 1
1 1082763695714 1
1 1082763695715 1
1 1082763695718 1
1 1082763695719 1
1 1082763695722 1
1 1082763695723 1
1 1082763695726 1
1 1082763695727 1
1 1082763695730 1
1 1082763695731 1
1 1082763695773 1
1 1082763695774 4
1 1082763695775 1
1 1082763695777 1
1 1082763695778 4
1 1082763695779 1
1 1082763695781 1
1 1082763695782 4
1 1082763695783 1
1 1082763695785 1
1 1082763695786 4
1 1082763695787 1
1 1082763695789 1
1 1082763695790 4
1 1082763695791 1
1 1082763695793 1
1 1082763695794 4
1 1082763695795 1
1 1082763695836 1
1 1082763695837 4
1 1082763695838 1
1 1082763695840 1
1 1082763695841 4
1 1082763695842 1
1 1082763695844 1
1 1082763695845 4
1 1082763695846 1
1 1082763695848 1
1 1082763695849 4
1 1082763695850 1
1 1082763695852 1
1 1082763695853 4
1 1082763695854 1
1 1082763695856 1
1 1082763695857 4
1 1082763695858 1
1 1082763695900 4
1 1082763695901 1
1 1082763695904 4
1 1082763695905 1
1 1082763695908 4
1 1082763695909 1
1 1082763695912 4
1 1082763695913 1
1 1082763695916 4
1 1082763695917 1
1 1082763695920 4
1 1082763695921 1
1 1082763695950 1
1 1082763695951 1
1 1082763695954 1
1 1082763695955 1
1 1082763695958 1
1 1082763695959 1
1 1082763695962 1
1 1082763695963 1
1 1082763695966 1
1 1082763695967 1
1 1082763695970 1
1 1082763695971 1
1 1082763696000 1
1 1082763696001 4
1 1082763696002 1
1 1082763696004 1
1 1082763696005 4
1 1082763696006 1
1 1082763696008 1
1 1082763696009 4
1 1082763696010 1
1 1082763696012 1
1 1082763696013 4
1 1082763696014 1
1 1082763696016 1
1 1082763696017 4
1 1082763696018 1
1 1082763696060 4
1 1082763696061 1
1 1082763696064 4
1 1082763696065 1
1 1082763696068 4
1 1082763696069 1
1 1082763696072 4
1 1082763696073 1
1 1082763696076 4
1 1082763696077 1
1 1082763696080 4
1 1082763696081 1
1 1082763696110 1
1 1082763696111 1
1 1082763696114 1
1 1082763696115 1
1 1082763696118 1
1 1082763696119 1
1 1082763696122 1
1 1082763696123 1
1 1082763696126 1
1 1082763696127 1
1 1082763696130 1
1 1082763696131 1
1 1082763696173 1
1 1082763696174 4
1 1082763696175 1
1 1082763696177 1
1 1082763696178 4
1 1082763696179 1
1 1082763696181 1
1 1082763696182 4
1 1082763696183 1
1 1082763696185 1
1 1082763696186 4
1 1082763696187 1
1 1082763696189 1
1 1082763696190 4
1 1082763696191 1
1 1082763696193 1
1 1082763696194 4
1 1082763696195 1
1 1082763696236 1
1 1082763696237 4
1 1082763696238 1
1 1082763696240 1
1 1082763696241 4
1 1082763696242 1
1 1082763696244 1
1 1082763696245 4
1 1082763696246 1
1 1082763696248 1
1 1082763696249 4
1 1082763696250 1
1 1082763696252 1
1 1082763696253 4
1 1082763696254 1
1 1082763696256 1
1 1082763696257 4
1 1082763696258 1
1 1082763696300 4
1 1082763696301 1
1 1082763696304 4
1 1082763696305 1
1 1082763696308 4
1 1082763696309 1
1 1082763696312 4
1 1082763696313 1
1 1082763696316 4
1 1082763696317 1
1 1082763696320 4
1 1082763696321 1
1 1082763696350 1
1 1082763696351 1
1 1082763696354 1
1 1082763696355 1
1 1082763696358 1
1 1082763696359 1
1 1082763696362 1
1 1082763696363 1
1 1082763696366 1
1 1082763696367 1
1 1082763696370 1
1 1082763696371 1
1 1082763696400 1
1 1082763696401 4
1 1082763696402 1
1 1082763696404 1
1 1082763696405 4
1 1082763696406 1
1 1082763696408 1
1 1082763696409 4
1 1082763696410 1
1 1082763696412 1
1 1082763696413 4
1 1082763696414 1
1 1082763696416 1
1 1082763696417 4
1 1082763696418 1
1 1082763696460 4
1 1082763696461 1
1 1082763696464 4
1 1082763696465 1
1 1082763696468 4
1 1082763696469 1
1 1082763696472 4
1 1082763696473 1
1 1082763696476 4
1 1082763696477 1
1 1082763696480 4
1 1082763696481 1
1 1082763696510 1
1 1082763696511 1
1 1082763696514 1
1 1082763696515 1
1 1082763696518 1
1 1082763696519 1
1 1082763696522 1
1 1082763696523 1
1 1082763696526 1
1 1082763696527 1
1 1082763696530 1
1 1082763696531 1
1 1082763696573 1
1 1082763696574 4
1 1082763696575 1
1 1082763696577 1
1 1082763696578 4
1 1082763696579 1
1 1082763696581 1
1 1082763696582 4
1 1082763696583 1
1 1082763696585 1
1 1082763696586 4
1 1082763696587 1
1 1082763696589 1
1 1082763696590 4
1 1082763696591 1
1 1082763696593 1
1 1082763696594 4
1 1082763696595 1
1 1082763696636 1
1 1082763696637 4
1 1082763696638 1
1 1082763696640 1
1 1082763696641 4
1 1082763696642 1
1 1082763696644 1
1 1082763696645 4
1 1082763696646 1
1 1082763696648 1
1 1082763696649 4
1 1082763696650 1
1 1082763696652 1
1 1082763696653 4
1 1082763696654 1
1 1082763696656 1
1 1082763696657 4
1 1082763696658 1
1 1082763696700 4
1 1082763696701 1
1 1082763696704 4
1 1082763696705 1
1 1082763696708 4
1 1082763696709 1
1 1082763696712 4
1 1082763696713 1
1 1082763696716 4
1 1082763696717 1
1 1082763696720 4
1 1082763696721 1
1 1082763696750 1
1 1082763696751 1
1 1082763696754 1
1 1082763696755 1
1 1082763696758 1
1 1082763696759 1
1 1082763696762 1
1 1082763696763 1
1 1082763696766 1
1 1082763696767 1
1 1082763696770 1
1 1082763696771 1
1 1082763696800 1
1 1082763696801 4
1 1082763696802 1
1 1082763696804 1
1 1082763696805 4
1 1082763696806 1
1 1082763696808 1
1 1082763696809 4
1 1082763696810 1
1 1082763696812 1
1 1082763696813 4
1 1082763696814 1
1 1082763696816 1
1 1082763696817 4
1 1082763696818 1
1 1082763696860 4
1 1082763696861 1
1 1082763696864 4
1 1082763696865 1
1 1082763696868 4
1 1082763696869 1
1 1082763696872 4
1 1082763696873 1
1 1082763696876 4
1 1082763696877 1
1 1082763696880 4
1 1082763696881 1
1 1082763696910 1
1 1082763696911 1
1 1082763696914 1
1 1082763696915 1
1 1082763696918 1
1 1082763696919 1
1 1082763696922 1
1 1082763696923 1
1 1082763696926 1
1 1082763696927 1
1 1082763696930 1
1 1082763696931 1
1 1082763696973 1
1 1082763696974 4
1 1082763696975 1
1 1082763696977 1
1 1082763696978 4
1 1082763696979 1
1 1082763696981 1
1 1082763696982 4
1 1082763696983 1
1 1082763696985 1
1 1082763696986 4
1 1082763696987 1
1 1082763696989 1
1 1082763696990 4
1 1082763696991 1
1 1082763696993 1
1 1082763696994 4
1 1082763696995 1
1 1082763697036 1
1 1082763697037 4
1 1082763697038 1
1 1082763697040 1
1 1082763697041 4
1 1082763697042 1
1 1082763697044 1
1 1082763697045 4
1 1082763697046 1
1 1082763697048 1
1 1082763697049 4
1 1082763697050 1
1 1082763697052 1
1 1082763697053 4
1 1082763697054 1
1 1082763697056 1
1 1082763697057 4
1 1082763697058 1
1 1082763697100 4
1 1082763697101 1
1 1082763697104 4
1 1082763697105 1
1 1082763697108 4
1 1082763697109 1
1 1082763697112 4
1 1082763697113 1
1 1082763697116 4
1 1082763697117 1
1 1082763697120 4
1 1082763697121 1
1 1082763697150 1
1 1082763697151 1
1 1082763697154 1
1 1082763697155 1
1 1082763697158 1
1 1082763697159 1
1 1082763697162 1
1 1082763697163 1
1 1082763697166 1
1 1082763697167 1
1 1082763697170 1
1 1082763697171 1
1 1082763697200 1
1 1082763697201 4
1 1082763697202 1
1 1082763697204 1
1 1082763697205 4
1 1082763697206 1
1 1082763697208 1
1 1082763697209 4
1 1082763697210 1
1 1082763697212 1
1 1082763697213 4
1 1082763697214 1
1 1082763697216 1
1 1082763697217 4
1 1082763697218 1
1 1082763697260 4
1 1082763697261 1
1 1082763697264 4
1 1082763697265 1
1 1082763697268 4
1 1082763697269 1
1 1082763697272 4
1 1082763697273 1
1 1082763697276 4
1 1082763697277 1
1 1082763697280 4
1 1082763697281 1
1 1082763697310 1
1 1082763697311 1
1 1082763697314 1
1 1082763697315 1
1 1082763697318 1
1 1082763697319 1
1 1082763697322 1
1 1082763697323 1
1 1082763697326 1
1 1082763697327 1
1 1082763697330 1
1 1082763697331 1
1 1082763697373 1
1 1082763697374 4
1 1082763697375 1
1 1082763697377 1
1 1082763697378 4
1 1082763697379 1
1 1082763697381 1
1 1082763697382 4
1 1082763697383 1
1 1082763697385 1
1 1082763697386 4
1 1082763697387 1
1 1082763697389 1
1 1082763697390 4
1 1082763697391 1
1 1082763697393 1
1 1082763697394 4
1 1082763697395 1
1 1082763697436 1
1 1082763697437 4
1 1082763697438 1
1 1082763697440 1
1 1082763697441 4
1 1082763697442 1
1 1082763697444 1
1 1082763697445 4
1 1082763697446 1
1 1082763697448 1
1 1082763697449 4
1 1082763697450 1
1 1082763697452 1
1 1082763697453 4
1 1082763697454 1
1 1082763697456 1
1 1082763697457 4
1 1082763697458 1
1 1082763697500 4
1 1082763697501 1
1 1082763697504 4
1 1082763697505 1
1 1082763697508 4
1 1082763697509 1
1 1082763697512 4
1 1082763697513 1
1 1082763697516 4
1 1082763697517 1
1 1082763697520 4
1 1082763697521 1
1 1082763697550 1
1 1082763697551 1
1 1082763697554 1
1 1082763697555 1
1 1082763697558 1
1 1082763697559 1
1 1082763697562 1
1 1082763697563 1
1 1082763697566 1
1 1082763697567 1
1 1082763697570 1
1 1082763697571 1
1 1082763697600 1
1 1082763697601 4
1 1082763697602 1
1 1082763697604 1
1 1082763697605 4
1 1082763697606 1
1 1082763697608 1
1 1082763697609 4
1 1082763697610 1
1 1082763697612 1
1 1082763697613 4
1 1082763697614 1
1 1082763697616 1
1 1082763697617 4
1 1082763697618 1
1 1082763697660 4
1 1082763697661 1
1 1082763697664 4
1 1082763697665 1
1 1082763697668 4
1 1082763697669 1
1 1082763697672 4
1 1082763697673 1
1 1082763697676 4
1 1082763697677 1
1 1082763697680 4
1 1082763697681 1
1 1082763697710 1
1 1082763697711 1
1 1082763697714 1
1 1082763697715 1
1 1082763697718 1
1 1082763697719 1
1 1082763697722 1
1 1082763697723 1
1 1082763697726 1
1 1082763697727 1
1 1082763697730 1
1 1082763697731 1
1 1082763697773 1
1 1082763697774 4
1 1082763697775 1
1 1082763697777 1
1 1082763697778 4
1 1082763697779 1
1 1082763697781 1
1 1082763697782 4
1 1082763697783 1
1 1082763697785 1
1 1082763697786 4
1 1082763697787 1
1 1082763697789 1
1 1082763697790 4
1 1082763697791 1
1 1082763697793 1
1 1082763697794 4
1 1082763697795 1
1 1082763697836 1
1 1082763697837 4
1 1082763697838 1
1 1082763697840 1
1 1082763697841 4
1 1082763697842 1
1 1082763697844 1
1 1082763697845 4
1 1082763697846 1
1 1082763697848 1
1 1082763697849 4
1 1082763697850 1
1 1082763697852 1
1 1082763697853 4
1 1082763697854 1
1 1082763697856 1
1 1082763697857 4
1 1082763697858 1
1 1082763697900 4
1 1082763697901 1
1 1082763697904 4
1 1082763697905 1
1 1082763697908 4
1 1082763697909 1
1 1082763697912 4
1 1082763697913 1
1 1082763697916 4
1 1082763697917 1
1 1082763697920 4
1 1082763697921 1
1 1082763697950 1
1 1082763697951 1
1 1082763697954 1
1 1082763697955 1
1 1082763697958 1
1 1082763697959 1
1 1082763697962 1
1 1082763697963 1
1 1082763697966 1
1 1082763697967 1
1 1082763697970 1
1 1082763697971 1
1 1082763698000 1
1 1082763698001 4
1 1082763698002 1
1 1082763698004 1
1 1082763698005 4
1 1082763698006 1
1 1082763698008 1
1 1082763698009 4
1 1082763698010 1
1 1082763698012 1
1 1082763698013 4
1 1082763698014 1
1 1082763698016 1
1 1082763698017 4
1 1082763698018 1
1 1082763698060 4
1 1082763698061 1
1 1082763698064 4
1 1082763698065 1
1 1082763698068 4
1 1082763698069 1
1 1082763698072 4
1 1082763698073 1
1 1082763698076 4
1 1082763698077 1
1 1082763698080 4
1 1082763698081 1
1 1082763698110 1
1 1082763698111 1
1 1082763698114 1
1 1082763698115 1
1 1082763698118 1
1 1082763698119 1
1 1082763698122 1
1 1082763698123 1
1 1082763698126 1
1 1082763698127 1
1 1082763698130 1
1 1082763698131 1
1 1082763698173 1
1 1082763698174 4
1 1082763698175 1
1 1082763698177 1
1 1082763698178 4
1 1082763698179 1
1 1082763698181 1
1 1082763698182 4
1 1082763698183 1
1 1082763698185 1
1 1082763698186 4
1 1082763698187 1
1 1082763698189 1
1 1082763698190 4
1 1082763698191 1
1 1082763698193 1
1 1082763698194 4
1 1082763698195 1
1 1082763698236 1
1 1082763698237 4
1 1082763698238 1
1 1082763698240 1
1 1082763698241 4
1 1082763698242 1
1 1082763698244 1
1 1082763698245 4
1 1082763698246 1
1 1082763698248 1
1 1082763698249 4
1 1082763698250 1
1 1082763698252 1
1 1082763698253 4
1 1082763698254 1
1 1082763698256 1
1 1082763698257 4
1 1082763698258 1
1 1082763698300 4
1 1082763698301 1
1 1082763698304 4
1 1082763698305 1
1 1082763698308 4
1 1082763698309 1
1 1082763698312 4
1 1082763698313 1
1 1082763698316 4
1 1082763698317 1
1 1082763698320 4
1 1082763698321 1
1 1082763698350 1
1 1082763698351 1
1 1082763698354 1
1 1082763698355 1
1 1082763698358 1
1 1082763698359 1
1 1082763698362 1
1 1082763698363 1
1 1082763698366 1
1 1082763698367 1
1 1082763698370 1
1 1082763698371 1
1 1082763698400 1
1 1082763698401 4
1 1082763698402 1
1 1082763698404 1
1 1082763698405 4
1 1082763698406 1
1 1082763698408 1
1 1082763698409 4
1 1082763698410 1
1 1082763698412 1
1 1082763698413 4
1 1082763698414 1
1 1082763698416 1
1 1082763698417 4
1 1082763698418 1
1 1082763698460 4
1 1082763698461 1
1 1082763698464 4
1 1082763698465 1
1 1082763698468 4
1 1082763698469 1
1 1082763698472 4
1 1082763698473 1
1 1082763698476 4
1 1082763698477 1
1 1082763698480 4
1 1082763698481 1
1 1082763698510 1
1 1082763698511 1
1 1082763698514 1
1 1082763698515 1
1 1082763698518 1
1 1082763698519 1
1 1082763698522 1
1 1082763698523 1
1 1082763698526 1
1 1082763698527 1
1 1082763698530 1
1 1082763698531 1
1 1082763698573 1
1 1082763698574 4
1 1082763698575 1
1 1082763698577 1
1 1082763698578 4
1 1082763698579 1
1 1082763698581 1
1 1082763698582 4
1 1082763698583 1
1 1082763698585 1
1 1082763698586 4
1 1082763698587 1
1 1082763698589 1
1 1082763698590 4
1 1082763698591 1
1 1082763698593 1
1 1082763698594 4
1 1082763698595 1
1 1082763698636 1
1 1082763698637 4
1 1082763698638 1
1 1082763698640 1
1 1082763698641 4
1 1082763698642 1
1 1082763698644 1
1 1082763698645 4
1 1082763698646 1
1 1082763698648 1
1 1082763698649 4
1 1082763698650 1
1 1082763698652 1
1 1082763698653 4
1 1082763698654 1
1 1082763698656 1
1 1082763698657 4
1 1082763698658 1
1 1082763698700 4
1 1082763698701 1
1 1082763698704 4
1 1082763698705 1
1 1082763698708 4
1 1082763698709 1
1 1082763698712 4
1 1082763698713 1
1 1082763698716 4
1 1082763698717 1
1 1082763698720 4
1 1082763698721 1
1 1082763698750 1
1 1082763698751 1
1 1082763698754 1
1 1082763698755 1
1 1082763698758 1
1 1082763698759 1
1 1082763698762 1
1 1082763698763 1
1 1082763698766 1
1 1082763698767 1
1 1082763698770 1
1 1082763698771 1
1 1082763698800 1
1 1082763698801 4
1 1082763698802 1
1 1082763698804 1
1 1082763698805 4
1 1082763698806 1
1 1082763698808 1
1 1082763698809 4
1 1082763698810 1
1 1082763698812 1
1 1082763698813 4
1 1082763698814 1
1 1082763698816 1
1 1082763698817 4
1 1082763698818 1
1 1082763698860 4
1 1082763698861 1
1 1082763698864 4
1 1082763698865 1
1 1082763698868 4
1 1082763698869 1
1 1082763698872 4
1 1082763698873 1
1 1082763698876 4
1 1082763698877 1
1 1082763698880 4
1 1082763698881 1
1 1082763698910 1
1 1082763698911 1
1 1082763698914 1
1 1082763698915 1
1 1082763698918 1
1 1082763698919 1
1 1082763698922 1
1 1082763698923 1
1 1082763698926 1
1 1082763698927 1
1 1082763698930 1
1 1082763698931 1
1 1082763698973 1
1 1082763698974 4
1 1082763698975 1
1 1082763698977 1
1 1082763698978 4
1 1082763698979 1
1 1082763698981 1
1 1082763698982 4
1 1082763698983 1
1 1082763698985 1
1 1082763698986 4
1 1082763698987 1
1 1082763698989 1
1 1082763698990 4
1 1082763698991 1
1 1082763698993 1
1 1082763698994 4
1 1082763698995 1
1 1082763699036 1
1 1082763699037 4
1 1082763699038 1
1 1082763699040 1
1 1082763699041 4
1 1082763699042 1
1 1082763699044 1
1 1082763699045 4
1 1082763699046 1
1 1082763699048 1
1 1082763699049 4
1 1082763699050 1
1 1082763699052 1
1 1082763699053 4
1 1082763699054 1
1 1082763699056 1
1 1082763699057 4
1 1082763699058 1
1 1082763699100 4
1 1082763699101 1
1 1082763699104 4
1 1082763699105 1
1 1082763699108 4
1 1082763699109 1
1 1082763699112 4
1 1082763699113 1
1 1082763699116 4
1 1082763699117 1
1 1082763699120 4
1 1082763699121 1
1 1082763699150 1
1 1082763699151 1
1 1082763699154 1
1 1082763699155 1
1 1082763699158 1
1 1082763699159 1
1 1082763699162 1
1 1082763699163 1
1 1082763699166 1
1 1082763699167 1
1 1082763699170 1
1 1082763699171 1
1 1082763699200 1
1 1082763699201 4
1 1082763699202 1
1 1082763699204 1
1 1082763699205 4
1 1082763699206 1
1 1082763699208 1
1 1082763699209 4
1 1082763699210 1
1 1082763699212 1
1 1082763699213 4
1 1082763699214 1
1 1082763699216 1
1 1082763699217 4
1 1082763699218 1
1 1082763699260 4
1 1082763699261 1
1 1082763699264 4
1 1082763699265 1
1 1082763699268 4
1 1082763699269 1
1 1082763699272 4
1 1082763699273 1
1 1082763699276 4
1 1082763699277 1
1 1082763699280 4
1 1082763699281 1
1 1082763699310 1
1 1082763699311 1
1 1082763699314 1
1 1082763699315 1
1 1082763699318 1
1 1082763699319 1
1 1082763699322 1
1 1082763699323 1
1 1082763699326 1
1 1082763699327 1
1 1082763699330 1
1 1082763699331 1
1 1082763699373 1
1 1082763699374 4
1 1082763699375 1
1 1082763699377 1
1 1082763699378 4
1 1082763699379 1
1 1082763699381 1
1 1082763699382 4
1 1082763699383 1
1 1082763699385 1
1 1082763699386 4
1 1082763699387 1
1 1082763699389 1
1 1082763699390 4
1 1082763699391 1
1 1082763699393 1
1 1082763699394 4
1 1082763699395 1
1 1082763699436 1
1 1082763699437 4
1 1082763699438 1
1 1082763699440 1
1 1082763699441 4
1 1082763699442 1
1 1082763699444 1
1 1082763699445 4
1 1082763699446 1
1 1082763699448 1
1 1082763699449 4
1 1082763699450 1
1 1082763699452 1
1 1082763699453 4
1 1082763699454 1
1 1082763699456 1
1 1082763699457 4
1 1082763699458 1
1 1082763699500 4
1 1082763699501 1
1 1082763699504 4
1 1082763699505 1
1 1082763699508 4
1 1082763699509 1
1 1082763699512 4
1 1082763699513 1
1 1082763699516 4
1 1082763699517 1
1 1082763699520 4
1 1082763699521 1
1 1082763699550 1
1 1082763699551 1
1 1082763699554 1
1 1082763699555 1
1 1082763699558 1
1 1082763699559 1
1 1082763699562 1
1 1082763699563 1
1 1082763699566 1
1 1082763699567 1
1 1082763699570 1
1 1082763699571 1
1 1082763699600 1
1 1082763699601 4
1 1082763699602 1
1 1082763699604 1
1 1082763699605 4
1 1082763699606 1
1 1082763699608 1
1 1082763699609 4
1 1082763699610 1
1 1082763699612 1
1 1082763699613 4
1 1082763699614 1
1 1082763699616 1
1 1082763699617 4
1 1082763699618 1
1 1082763699660 4
1 1082763699661 1
1 1082763699664 4
1 1082763699665 1
1 1082763699668 4
1 1082763699669 1
1 1082763699672 4
1 1082763699673 1
1 1082763699676 4
1 1082763699677 1
1 1082763699680 4
1 1082763699681 1
1 1082763699710 1
1 1082763699711 1
1 1082763699714 1
1 1082763699715 1
1 1082763699718 1
1 1082763699719 1
1 1082763699722 1
1 1082763699723 1
1 1082763699726 1
1 1082763699727 1
1 1082763699730 1
1 1082763699731 1
1 1082763699773 1
1 1082763699774 4
1 1082763699775 1
1 1082763699777 1
1 1082763699778 4
1 1082763699779 1
1 1082763699781 1
1 1082763699782 4
1 1082763699783 1
1 1082763699785 1
1 1082763699786 4
1 1082763699787 1
1 1082763699789 1
1 1082763699790 4
1 1082763699791 1
1 1082763699793 1
1 1082763699794 4
1 1082763699795 1
1 1082763699836 1
1 1082763699837 4
1 1082763699838 1
1 1082763699840 1
1 1082763699841 4
1 1082763699842 1
1 1082763699844 1
1 1082763699845 4
1 1082763699846 1
1 1082763699848 1
1 1082763699849 4
1 1082763699850 1
1 1082763699852 1
1 1082763699853 4
1 1082763699854 1
1 1082763699856 1
1 1082763699857 4
1 1082763699858 1
1 1082763699900 4
1 1082763699901 1
1 1082763699904 4
1 1082763699905 1
1 1082763699908 4
1 1082763699909 1
1 1082763699912 4
1 1082763699913 1
1 1082763699916 4
1 1082763699917 1
1 1082763699920 4
1 1082763699921 1
1 1082763699950 1
1 1082763699951 1
1 1082763699954 1
1 1082763699955 1
1 1082763699958 1
1 1082763699959 1
1 1082763699962 1
1 1082763699963 1
1 1082763699966 1
1 1082763699967 1
1 1082763699970 1
1 1082763699971 1
1 1082763700000 1
1 1082763700001 4
1 1082763700002 1
1 1082763700004 1
1 1082763700005 4
1 1082763700006 1
1 1082763700008 1
1 1082763700009 4
1 1082763700010 1
1 1082763700012 1
1 1082763700013 4
1 1082763700014 1
1 1082763700016 1
1 1082763700017 4
1 1082763700018 1
1 1082763700060 4
1 1082763700061 1
1 1082763700064 4
1 1082763700065 1
1 1082763700068 4
1 1082763700069 1
1 1082763700072 4
1 1082763700073 1
1 1082763700076 4
1 1082763700077 1
1 1082763700080 4
1 1082763700081 1
1 1082763700110 1
1 1082763700111 1
1 1082763700114 1
1 1082763700115 1
1 1082763700118 1
1 1082763700119 1
1 1082763700122 1
1 1082763700123 1
1 1082763700126 1
1 1082763700127 1
1 1082763700130 1
1 1082763700131 1
1 1082763700173 1
1 1082763700174 4
1 1082763700175 1
1 1082763700177 1
1 1082763700178 4
1 1082763700179 1
1 1082763700181 1
1 1082763700182 4
1 1082763700183 1
1 1082763700185 1
1 1082763700186 4
1 1082763700187 1
1 1082763700189 1
1 1082763700190 4
1 1082763700191 1
1 1082763700193 1
1 1082763700194 4
1 1082763700195 1
1 1082763700236 1
1 1082763700237 4
1 1082763700238 1
1 1082763700240 1
1 1082763700241 4
1 1082763700242 1
1 1082763700244 1
1 1082763700245 4
1 1082763700246 1
1 1082763700248 1
1 1082763700249 4
1 1082763700250 1
1 1082763700252 1
1 1082763700253 4
1 1082763700254 1
1 1082763700256 1
1 1082763700257 4
1 1082763700258 1
1 1082763700300 4
1 1082763700301 1
1 1082763700304 4
1 1082763700305 1
1 1082763700308 4
1 1082763700309 1
1 1082763700312 4
1 1082763700313 1
1 1082763700316 4
1 1082763700317 1
1 1082763700320 4
1 1082763700321 1
1 1082763700350 1
1 1082763700351 1
1 1082763700354 1
1 1082763700355 1
1 1082763700358 1
1 1082763700359 1
1 1082763700362 1
1 1082763700363 1
1 1082763700366 1
1 1082763700367 1
1 1082763700370 1
1 1082763700371 1
1 1082763700400 1
1 1082763700401 4
1 1082763700402 1
1 1082763700404 1
1 1082763700405 4
1 1082763700406 1
1 1082763700408 1
1 1082763700409 4
1 1082763700410 1
1 1082763700412 1
1 1082763700413 4
1 1082763700414 1
1 1082763700416 1
1 1082763700417 4
1 1082763700418 1
1 1082763700460 4
1 1082763700461 1
1 1082763700464 4
1 1082763700465 1
1 1082763700468 4
1 1082763700469 1
1 1082763700472 4
1 1082763700473 1
1 1082763700476 4
1 1082763700477 1
1 1082763700480 4
1 1082763700481 1
1 1082763700510 1
1 1082763700511 1
1 1082763700514 1
1 1082763700515 1
1 1082763700518 1
1 1082763700519 1
1 1082763700522 1
1 1082763700523 1
1 1082763700526 1
1 1082763700527 1
1 1082763700530 1
1 1082763700531 1
1 1082763700573 1
1 1082763700574 4
1 1082763700575 1
1 1082763700577 1
1 1082763700578 4
1 1082763700579 1
1 1082763700581 1
1 1082763700582 4
1 1082763700583 1
1 1082763700585 1
1 1082763700586 4
1 1082763700587 1
1 1082763700589 1
1 1082763700590 4
1 1082763700591 1
1 1082763700593 1
1 1082763700594 4
1 1082763700595 1
1 1082763700636 1
1 1082763700637 4
1 1082763700638 1
1 1082763700640 1
1 1082763700641 4
1 1082763700642 1
1 1082763700644 1
1 1082763700645 4
1 1082763700646 1
1 1082763700648 1
1 1082763700649 4
1 1082763700650 1
1 1082763700652 1
1 1082763700653 4
1 1082763700654 1
1 1082763700656 1
1 1082763700657 4
1 1082763700658 1
1 1082763700700 4
1 1082763700701 1
1 1082763700704 4
1 1082763700705 1
1 1082763700708 4
1 1082763700709 1
1 1082763700712 4
1 1082763700713 1
1 1082763700716 4
1 1082763700717 1
1 1082763700720 4
1 1082763700721 1
1 1082763700750 1
1 1082763700751 1
1 1082763700754 1
1 1082763700755 1
1 1082763700758 1
1 1082763700759 1
1 1082763700762 1
1 1082763700763 1
1 1082763700766 1
1 1082763700767 1
1 1082763700770 1
1 1082763700771 1
1 1082763700800 1
1 1082763700801 4
1 1082763700802 1
1 1082763700804 1
1 1082763700805 4
1 1082763700806 1
1 1082763700808 1
1 1082763700809 4
1 1082763700810 1
1 1082763700812 1
1 1082763700813 4
1 1082763700814 1
1 1082763700816 1
1 1082763700817 4
1 1082763700818 1
1 1082763700860 4
1 1082763700861 1
1 1082763700864 4
1 1082763700865 1
1 1082763700868 4
1 1082763700869 1
1 1082763700872 4
1 1082763700873 1
1 1082763700876 4
1 1082763700877 1
1 1082763700880 4
1 1082763700881 1
1 1082763700910 1
1 1082763700911 1
1 1082763700914 1
1 1082763700915 1
1 1082763700918 1
1 1082763700919 1
1 1082763700922 1
1 1082763700923 1
1 1082763700926 1
1 1082763700927 1
1 1082763700930 1
1 1082763700931 1
1 1082763700973 1
1 1082763700974 4
1 1082763700975 1
1 1082763700977 1
1 1082763700978 4
1 1082763700979 1
1 1082763700981 1
1 1082763700982 4
1 1082763700983 1
1 1082763700985 1
1 1082763700986 4
1 1082763700987 1
1 1082763700989 1
1 1082763700990 4
1 1082763700991 1
1 1082763700993 1
1 1082763700994 4
1 1082763700995 1
1 1082763701036 1
1 1082763701037 4
1 1082763701038 1
1 1082763701040 1
1 1082763701041 4
1 1082763701042 1
1 1082763701044 1
1 1082763701045 4
1 1082763701046 1
1 1082763701048 1
1 1082763701049 4
1 1082763701050 1
1 1082763701052 1
1 1082763701053 4
1 1082763701054 1
1 1082763701056 1
1 1082763701057 4
1 1082763701058 1
1 1082763701100 4
1 1082763701101 1
1 1082763701104 4
1 1082763701105 1
1 1082763701108 4
1 1082763701109 1
1 1082763701112 4
1 1082763701113 1
1 1082763701116 4
1 1082763701117 1
1 1082763701120 4
1 1082763701121 1
1 1082763701150 1
1 1082763701151 1
1 1082763701154 1
1 1082763701155 1
1 1082763701158 1
1 1082763701159 1
1 1082763701162 1
1 1082763701163 1
1 1082763701166 1
1 1082763701167 1
1 1082763701170 1
1 1082763701171 1
1 1082763701200 1
1 1082763701201 4
1 1082763701202 1
1 1082763701204 1
1 1082763701205 4
1 1082763701206 1
1 1082763701208 1
1 1082763701209 4
1 1082763701210 1
1 1082763701212 1
1 1082763701213 4
1 1082763701214 1
1 1082763701216 1
1 1082763701217 4
1 1082763701218 1
1 1082763701260 4
1 1082763701261 1
1 1082763701264 4
1 1082763701265 1
1 1082763701268 4
1 1082763701269 1
1 1082763701272 4
1 1082763701273 1
1 1082763701276 4
1 1082763701277 1
1 1082763701280 4
1 1082763701281 1
1 1082763701310 1
1 1082763701311 1
1 1082763701314 1
1 1082763701315 1
1 1082763701318 1
1 1082763701319 1
1 1082763701322 1
1 1082763701323 1
1 1082763701326 1
1 1082763701327 1
1 1082763701330 1
1 1082763701331 1
1 1082763701373 1
1 1082763701374 4
1 1082763701375 1
1 1082763701377 1
1 1082763701378 4
1 1082763701379 1
1 1082763701381 1
1 1082763701382 4
1 1082763701383 1
1 1082763701385 1
1 1082763701386 4
1 1082763701387 1
1 1082763701389 1
1 1082763701390 4
1 1082763701391 1
1 1082763701393 1
1 1082763701394 4
1 1082763701395 1
1 1082763701436 1
1 1082763701437 4
1 1082763701438 1
1 1082763701440 1
1 1082763701441 4
1 1082763701442 1
1 1082763701444 1
1 1082763701445 4
1 1082763701446 1
1 1082763701448 1
1 1082763701449 4
1 1082763701450 1
1 1082763701452 1
1 1082763701453 4
1 1082763701454 1
1 1082763701456 1
1 1082763701457 4
1 1082763701458 1
1 1082763701500 4
1 1082763701501 1
1 1082763701504 4
1 1082763701505 1
1 1082763701508 4
1 1082763701509 1
1 1082763701512 4
1 1082763701513 1
1 1082763701516 4
1 1082763701517 1
1 1082763701520 4
1 1082763701521 1
1 1082763701550 1
1 1082763701551 1
1 1082763701554 1
1 1082763701555 1
1 1082763701558 1
1 1082763701559 1
1 1082763701562 1
1 1082763701563 1
1 1082763701566 1
1 1082763701567 1
1 1082763701570 1
1 1082763701571 1
1 1082763701600 1
1 1082763701601 4
1 1082763701602 1
1 1082763701604 1
1 1082763701605 4
1 1082763701606 1
1 1082763701608 1
1 1082763701609 4
1 1082763701610 1
1 1082763701612 1
1 1082763701613 4
1 1082763701614 1
1 1082763701616 1
1 1082763701617 4
1 1082763701618 1
1 1082763701660 4
1 1082763701661 1
1 1082763701664 4
1 1082763701665 1
1 1082763701668 4
1 1082763701669 1
1 1082763701672 4
1 1082763701673 1
1 1082763701676 4
1 1082763701677 1
1 1082763701680 4
1 1082763701681 1
1 1082763701710 1
1 1082763701711 1
1 1082763701714 1
1 1082763701715 1
1 1082763701718 1
1 1082763701719 1
1 1082763701722 1
1 1082763701723 1
1 1082763701726 1
1 1082763701727 1
1 1082763701730 1
1 1082763701731 1
1 1082763701773 1
1 1082763701774 4
1 1082763701775 1
1 1082763701777 1
1 1082763701778 4
1 1082763701779 1
1 1082763701781 1
1 1082763701782 4
1 1082763701783 1
1 1082763701785 1
1 1082763701786 4
1 1082763701787 1
1 1082763701789 1
1 1082763701790 4
1 1082763701791 1
1 1082763701793 1
1 1082763701794 4
1 1082763701795 1
1 1082763701836 1
1 1082763701837 4
1 1082763701838 1
1 1082763701840 1
1 1082763701841 4
1 1082763701842 1
1 1082763701844 1
1 1082763701845 4
1 1082763701846 1
1 1082763701848 1
1 1082763701849 4
1 1082763701850 1
1 1082763701852 1
1 1082763701853 4
1 1082763701854 1
1 1082763701856 1
1 1082763701857 4
1 1082763701858 1
1 1082763701900 4
1 1082763701901 1
1 1082763701904 4
1 1082763701905 1
1 1082763701908 4
1 1082763701909 1
1 1082763701912 4
1 1082763701913 1
1 1082763701916 4
1 1082763701917 1
1 1082763701920 4
1 1082763701921 1
1 1082763701950 1
1 1082763701951 1
1 1082763701954 1
1 1082763701955 1
1 1082763701958 1
1 1082763701959 1
1 1082763701962 1
1 1082763701963 1
1 1082763701966 1
1 1082763701967 1
1 1082763701970 1
1 1082763701971 1
1 1082763702000 1
1 1082763702001 4
1 1082763702002 1
1 1082763702004 1
1 1082763702005 4
1 1082763702006 1
1 1082763702008 1
1 1082763702009 4
1 1082763702010 1
1 1082763702012 1
1 1082763702013 4
1 1082763702014 1
1 1082763702016 1
1 1082763702017 4
1 1082763702018 1
1 1082763702060 4
1 1082763702061 1
1 1082763702064 4
1 1082763702065 1
1 1082763702068 4
1 1082763702069 1
1 1082763702072 4
1 1082763702073 1
1 1082763702076 4
1 1082763702077 1
1 1082763702080 4
1 1082763702081 1
1 1082763702110 1
1 1082763702111 1
1 1082763702114 1
1 1082763702115 1
1 1082763702118 1
1 1082763702119 1
1 1082763702122 1
1 1082763702123 1
1 1082763702126 1
1 1082763702127 1
1 1082763702130 1
1 1082763702131 1
1 1082763702173 1
1 1082763702174 4
1 1082763702175 1
1 1082763702177 1
1 1082763702178 4
1 1082763702179 1
1 1082763702181 1
1 1082763702182 4
1 1082763702183 1
1 1082763702185 1
1 1082763702186 4
1 1082763702187 1
1 1082763702189 1
1 1082763702190 4
1 1082763702191 1
1 1082763702193 1
1 1082763702194 4
1 1082763702195 1
1 1082763702236 1
1 1082763702237 4
1 1082763702238 1
1 1082763702240 1
1 1082763702241 4
1 1082763702242 1
1 1082763702244 1
1 1082763702245 4
1 1082763702246 1
1 1082763702248 1
1 1082763702249 4
1 1082763702250 1
1 1082763702252 1
1 1082763702253 4
1 1082763702254 1
1 1082763702256 1
1 1082763702257 4
1 1082763702258 1
1 1082763702300 4
1 1082763702301 1
1 1082763702304 4
1 1082763702305 1
1 1082763702308 4
1 1082763702309 1
1 1082763702312 4
1 1082763702313 1
1 1082763702316 4
1 1082763702317 1
1 1082763702320 4
1 1082763702321 1
1 1082763702350 1
1 1082763702351 1
1 1082763702354 1
1 1082763702355 1
1 1082763702358 1
1 1082763702359 1
1 1082763702362 1
1 1082763702363 1
1 1082763702366 1
1 1082763702367 1
1 1082763702370 1
1 1082763702371 1
1 1082763702400 1
1 1082763702401 4
1 1082763702402 1
1 1082763702404 1
1 1082763702405 4
1 1082763702406 1
1 1082763702408 1
1 1082763702409 4
1 1082763702410 1
1 1082763702412 1
1 1082763702413 4
1 1082763702414 1
1 1082763702416 1
1 1082763702417 4
1 1082763702418 1
1 1082763702460 4
1 1082763702461 1
1 1082763702464 4
1 1082763702465 1
1 1082763702468 4
1 1082763702469 1
1 1082763702472 4
1 1082763702473 1
1 1082763702476 4
1 1082763702477 1
1 1082763702480 4
1 1082763702481 1
1 1082763702510 1
1 1082763702511 1
1 1082763702514 1
1 1082763702515 1
1 1082763702518 1
1 1082763702519 1
1 1082763702522 1
1 1082763702523 1
1 1082763702526 1
1 1082763702527 1
1 1082763702530 1
1 1082763702531 1
1 1082763702573 1
1 1082763702574 4
1 1082763702575 1
1 1082763702577 1
1 1082763702578 4
1 1082763702579 1
1 1082763702581 1
1 1082763702582 4
1 1082763702583 1
1 1082763702585 1
1 1082763702586 4
1 1082763702587 1
1 1082763702589 1
1 1082763702590 4
1 1082763702591 1
1 1082763702593 1
1 1082763702594 4
1 1082763702595 1
1 1082763702636 1
1 1082763702637 4
1 1082763702638 1
1 1082763702640 1
1 1082763702641 4
1 1082763702642 1
1 1082763702644 1
1 1082763702645 4
1 1082763702646 1
1 1082763702648 1
1 1082763702649 4
1 1082763702650 1
1 1082763702652 1
1 1082763702653 4
1 1082763702654 1
1 1082763702656 1
1 1082763702657 4
1 1082763702658 1
1 1082763702700 4
1 1082763702701 1
1 1082763702704 4
1 1082763702705 1
1 1082763702708 4
1 1082763702709 1
1 1082763702712 4
1 1082763702713 1
1 1082763702716 4
1 1082763702717 1
1 1082763702720 4
1 1082763702721 1
1 1082763702750 1
1 1082763702751 1
1 1082763702754 1
1 1082763702755 1
1 1082763702758 1
1 1082763702759 1
1 1082763702762 1
1 1082763702763 1
1 1082763702766 1
1 1082763702767 1
1 1082763702770 1
1 1082763702771 1
1 1082763702800 1
1 1082763702801 4
1 1082763702802 1
1 1082763702804 1
1 1082763702805 4
1 1082763702806 1
1 1082763702808 1
1 1082763702809 4
1 1082763702810 1
1 1082763702812 1
1 1082763702813 4
1 1082763702814 1
1 1082763702816 1
1 1082763702817 4
1 1082763702818 1
1 1082763702860 4
1 1082763702861 1
1 1082763702864 4
1 1082763702865 1
1 1082763702868 4
1 1082763702869 1
1 1082763702872 4
1 1082763702873 1
1 1082763702876 4
1 1082763702877 1
1 1082763702880 4
1 1082763702881 1
1 1082763702910 1
1 1082763702911 1
1 1082763702914 1
1 1082763702915 1
1 1082763702918 1
1 1082763702919 1
1 1082763702922 1
1 1082763702923 1
1 1082763702926 1
1 1082763702927 1
1 1082763702930 1
1 1082763702931 1
1 1082763702973 1
1 1082763702974 4
1 1082763702975 1
1 1082763702977 1
1 1082763702978 4
1 1082763702979 1
1 1082763702981 1
1 1082763702982 4
1 1082763702983 1
1 1082763702985 1
1 1082763702986 4
1 1082763702987 1
1 1082763702989 1
1 1082763702990 4
1 1082763702991 1
1 1082763702993 1
1 1082763702994 4
1 1082763702995 1
1 1082763703036 1
1 1082763703037 4
1 1082763703038 1
1 1082763703040 1
1 1082763703041 4
1 1082763703042 1
1 1082763703044 1
1 1082763703045 4
1 1082763703046 1
1 1082763703048 1
1 1082763703049 4
1 1082763703050 1
1 1082763703052 1
1 1082763703053 4
1 1082763703054 1
1 1082763703056 1
1 1082763703057 4
1 1082763703058 1
1 1082763703100 4
1 1082763703101 1
1 1082763703104 4
1 1082763703105 1
1 1082763703108 4
1 1082763703109 1
1 1082763703112 4
1 1082763703113 1
1 1082763703116 4
1 1082763703117 1
1 1082763703120 4
1 1082763703121 1
1 1082763703150 1
1 1082763703151 1
1 1082763703154 1
1 1082763703155 1
1 1082763703158 1
1 1082763703159 1
1 1082763703162 1
1 1082763703163 1
1 1082763703166 1
1 1082763703167 1
1 1082763703170 1
1 1082763703171 1
1 1082763703200 1
1 1082763703201 4
1 1082763703202 1
1 1082763703204 1
1 1082763703205 4
1 1082763703206 1
1 1082763703208 1
1 1082763703209 4
1 1082763703210 1
1 1082763703212 1
1 1082763703213 4
1 1082763703214 1
1 1082763703216 1
1 1082763703217 4
1 1082763703218 1
1 1082763703260 4
1 1082763703261 1
1 1082763703264 4
1 1082763703265 1
1 1082763703268 4
1 1082763703269 1
1 1082763703272 4
1 1082763703273 1
1 1082763703276 4
1 1082763703277 1
1 1082763703280 4
1 1082763703281 1
1 1082763703310 1
1 1082763703311 1
1 1082763703314 1
1 1082763703315 1
1 1082763703318 1
1 1082763703319 1
1 1082763703322 1
1 1082763703323 1
1 1082763703326 1
1 1082763703327 1
1 1082763703330 1
1 1082763703331 1
1 1082763703373 1
1 1082763703374 4
1 1082763703375 1
1 1082763703377 1
1 1082763703378 4
1 1082763703379 1
1 1082763703381 1
1 1082763703382 4
1 1082763703383 1
1 1082763703385 1
1 1082763703386 4
1 1082763703387 1
1 1082763703389 1
1 1082763703390 4
1 1082763703391 1
1 1082763703393 1
1 1082763703394 4
1 1082763703395 1
1 1082763703436 1
1 1082763703437 4
1 1082763703438 1
1 1082763703440 1
1 1082763703441 4
1 1082763703442 1
1 1082763703444 1
1 1082763703445 4
1 1082763703446 1
1 1082763703448 1
1 1082763703449 4
1 1082763703450 1
1 1082763703452 1
1 1082763703453 4
1 1082763703454 1
1 1082763703456 1
1 1082763703457 4
1 1082763703458 1
1 1082763703500 4
1 1082763703501 1
1 1082763703504 4
1 1082763703505 1
1 1082763703508 4
1 1082763703509 1
1 1082763703512 4
1 1082763703513 1
1 1082763703516 4
1 1082763703517 1
1 1082763703520 4
1 1082763703521 1
1 1082763703550 1
1 1082763703551 1
1 1082763703554 1
1 1082763703555 1
1 1082763703558 1
1 1082763703559 1
1 1082763703562 1
1 1082763703563 1
1 1082763703566 1
1 1082763703567 1
1 1082763703570 1
1 1082763703571 1
1 1082763703600 1
1 1082763703601 4
1 1082763703602 1
1 1082763703604 1
1 1082763703605 4
1 1082763703606 1
1 1082763703608 1
1 1082763703609 4
1 1082763703610 1
1 1082763703612 1
1 1082763703613 4
1 1082763703614 1
1 1082763703616 1
1 1082763703617 4
1 1082763703618 1
1 1082763703660 4
1 1082763703661 1
1 1082763703664 4
1 1082763703665 1
1 1082763703668 4
1 1082763703669 1
1 1082763703672 4
1 1082763703673 1
1 1082763703676 4
1 1082763703677 1
1 1082763703680 4
1 1082763703681 1
1 1082763703710 1
1 1082763703711 1
1 1082763703714 1
1 1082763703715 1
1 1082763703718 1
1 1082763703719 1
1 1082763703722 1
1 1082763703723 1
1 1082763703726 1
1 1082763703727 1
1 1082763703730 1
1 1082763703731 1
1 1082763703773 1
1 1082763703774 4
1 1082763703775 1
1 1082763703777 1
1 1082763703778 4
1 1082763703779 1
1 1082763703781 1
1 1082763703782 4
1 1082763703783 1
1 1082763703785 1
1 1082763703786 4
1 1082763703787 1
1 1082763703789 1
1 1082763703790 4
1 1082763703791 1
1 1082763703793 1
1 1082763703794 4
1 1082763703795 1
1 1082763703836 1
1 1082763703837 4
1 1082763703838 1
1 1082763703840 1
1 1082763703841 4
1 1082763703842 1
1 1082763703844 1
1 1082763703845 4
1 1082763703846 1
1 1082763703848 1
1 1082763703849 4
1 1082763703850 1
1 1082763703852 1
1 1082763703853 4
1 1082763703854 1
1 1082763703856 1
1 1082763703857 4
1 1082763703858 1
1 1082763703900 4
1 1082763703901 1
1 1082763703904 4
1 1082763703905 1
1 1082763703908 4
1 1082763703909 1
1 1082763703912 4
1 1082763703913 1
1 1082763703916 4
1 1082763703917 1
1 1082763703920 4
1 1082763703921 1
1 1082763703950 1
1 1082763703951 1
1 1082763703954 1
1 1082763703955 1
1 1082763703958 1
1 1082763703959 1
1 1082763703962 1
1 1082763703963 1
1 1082763703966 1
1 1082763703967 1
1 1082763703970 1
1 1082763703971 1
1 1082763704000 1
1 1082763704001 4
1 1082763704002 1
1 1082763704004 1
1 1082763704005 4
1 1082763704006 1
1 1082763704008 1
1 1082763704009 4
1 1082763704010 1
1 1082763704012 1
1 1082763704013 4
1 1082763704014 1
1 1082763704016 1
1 1082763704017 4
1 1082763704018 1
1 1082763704060 4
1 1082763704061 1
1 1082763704064 4
1 1082763704065 1
1 1082763704068 4
1 1082763704069 1
1 1082763704072 4
1 1082763704073 1
1 1082763704076 4
1 1082763704077 1
1 1082763704080 4
1 1082763704081 1
1 1082763704110 1
1 1082763704111 1
1 1082763704114 1
1 1082763704115 1
1 1082763704118 1
1 1082763704119 1
1 1082763704122 1
1 1082763704123 1
1 1082763704126 1
1 1082763704127 1
1 1082763704130 1
1 1082763704131 1
1 1082763704173 1
1 1082763704174 4
1 1082763704175 1
1 1082763704177 1
1 1082763704178 4
1 1082763704179 1
1 1082763704181 1
1 1082763704182 4
1 1082763704183 1
1 1082763704185 1
1 1082763704186 4
1 1082763704187 1
1 1082763704189 1
1 1082763704190 4
1 1082763704191 1
1 1082763704193 1
1 1082763704194 4
1 1082763704195 1
1 1082763704236 1
1 1082763704237 4
1 1082763704238 1
1 1082763704240 1
1 1082763704241 4
1 1082763704242 1
1 1082763704244 1
1 1082763704245 4
1 1082763704246 1
1 1082763704248 1
1 1082763704249 4
1 1082763704250 1
1 1082763704252 1
1 1082763704253 4
1 1082763704254 1
1 1082763704256 1
1 1082763704257 4
1 1082763704258 1
1 1082763704300 4
1 1082763704301 1
1 1082763704304 4
1 1082763704305 1
1 1082763704308 4
1 1082763704309 1
1 1082763704312 4
1 1082763704313 1
1 1082763704316 4
1 1082763704317 1
1 1082763704320 4
1 1082763704321 1
1 1082763704350 1
1 1082763704351 1
1 1082763704354 1
1 1082763704355 1
1 1082763704358 1
1 1082763704359 1
1 1082763704362 1
1 1082763704363 1
1 1082763704366 1
1 1082763704367 1
1 1082763704370 1
1 1082763704371 1
1 1082763704400 1
1 1082763704401 4
1 1082763704402 1
1 1082763704404 1
1 1082763704405 4
1 1082763704406 1
1 1082763704408 1
1 1082763704409 4
1 1082763704410 1
1 1082763704412 1
1 1082763704413 4
1 1082763704414 1
1 1082763704416 1
1 1082763704417 4
1 1082763704418 1
1 1082763704460 4
1 1082763704461 1
1 1082763704464 4
1 1082763704465 1
1 1082763704468 4
1 1082763704469 1
1 1082763704472 4
1 1082763704473 1
1 1082763704476 4
1 1082763704477 1
1 1082763704480 4
1 1082763704481 1
1 1082763704510 1
1 1082763704511 1
1 1082763704514 1
1 1082763704515 1
1 1082763704518 1
1 1082763704519 1
1 1082763704522 1
1 1082763704523 1
1 1082763704526 1
1 1082763704527 1
1 1082763704530 1
1 1082763704531 1
1 1082763704573 1
1 1082763704574 4
1 1082763704575 1
1 1082763704577 1
1 1082763704578 4
1 1082763704579 1
1 1082763704581 1
1 1082763704582 4
1 1082763704583 1
1 1082763704585 1
1 1082763704586 4
1 1082763704587 1
1 1082763704589 1
1 1082763704590 4
1 1082763704591 1
1 1082763704593 1
1 1082763704594 4
1 1082763704595 1
1 1082763704636 1
1 1082763704637 4
1 1082763704638 1
1 1082763704640 1
1 1082763704641 4
1 1082763704642 1
1 1082763704644 1
1 1082763704645 4
1 1082763704646 1
1 1082763704648 1
1 1082763704649 4
1 1082763704650 1
1 1082763704652 1
1 1082763704653 4
1 1082763704654 1
1 1082763704656 1
1 1082763704657 4
1 1082763704658 1
1 1082763704700 4
1 1082763704701 1
1 1082763704704 4
1 1082763704705 1
1 1082763704708 4
1 1082763704709 1
1 1082763704712 4
1 1082763704713 1
1 1082763704716 4
1 1082763704717 1
1 1082763704720 4
1 1082763704721 1
1 1082763704750 1
1 1082763704751 1
1 1082763704754 1
1 1082763704755 1
1 1082763704758 1
1 1082763704759 1
1 1082763704762 1
1 1082763704763 1
1 1082763704766 1
1 1082763704767 1
1 1082763704770 1
1 1082763704771 1
1 1082763704800 1
1 1082763704801 4
1 1082763704802 1
1 1082763704804 1
1 1082763704805 4
1 1082763704806 1
1 1082763704808 1
1 1082763704809 4
1 1082763704810 1
1 1082763704812 1
1 1082763704813 4
1 1082763704814 1
1 1082763704816 1
1 1082763704817 4
1 1082763704818 1
1 1082763704860 4
1 1082763704861 1
1 1082763704864 4
1 1082763704865 1
1 1082763704868 4
1 1082763704869 1
1 1082763704872 4
1 1082763704873 1
1 1082763704876 4
1 1082763704877 1
1 1082763704880 4
1 1082763704881 1
1 1082763704910 1
1 1082763704911 1
1 1082763704914 1
1 1082763704915 1
1 1082763704918 1
1 1082763704919 1
1 1082763704922 1
1 1082763704923 1
1 1082763704926 1
1 1082763704927 1
1 1082763704930 1
1 1082763704931 1
1 1082763704973 1
1 1082763704974 4
1 1082763704975 1
1 1082763704977 1
1 1082763704978 4
1 1082763704979 1
1 1082763704981 1
1 1082763704982 4
1 1082763704983 1
1 1082763704985 1
1 1082763704986 4
1 1082763704987 1
1 1082763704989 1
1 1082763704990 4
1 1082763704991 1
1 1082763704993 1
1 1082763704994 4
1 1082763704995 1
1 1082763705036 1
1 1082763705037 4
1 1082763705038 1
1 1082763705040 1
1 1082763705041 4
1 1082763705042 1
1 1082763705044 1
1 1082763705045 4
1 1082763705046 1
1 1082763705048 1
1 1082763705049 4
1 1082763705050 1
1 1082763705052 1
1 1082763705053 4
1 1082763705054 1
1 1082763705056 1
1 1082763705057 4
1 1082763705058 1
1 1082763705100 4
1 1082763705101 1
1 1082763705104 4
1 1082763705105 1
1 1082763705108 4
1 1082763705109 1
1 1082763705112 4
1 1082763705113 1
1 1082763705116 4
1 1082763705117 1
1 1082763705120 4
1 1082763705121 1
1 1082763705150 1
1 1082763705151 1
1 1082763705154 1
1 1082763705155 1
1 1082763705158 1
1 1082763705159 1
1 1082763705162 1
1 1082763705163 1
1 1082763705166 1
1 1082763705167 1
1 1082763705170 1
1 1082763705171 1
1 1082763705200 1
1 1082763705201 4
1 1082763705202 1
1 1082763705204 1
1 1082763705205 4
1 1082763705206 1
1 1082763705208 1
1 1082763705209 4
1 1082763705210 1
1 1082763705212 1
1 1082763705213 4
1 1082763705214 1
1 1082763705216 1
1 1082763705217 4
1 1082763705218 1
1 1082763705260 4
1 1082763705261 1
1 1082763705264 4
1 1082763705265 1
1 1082763705268 4
1 1082763705269 1
1 1082763705272 4
1 1082763705273 1
1 1082763705276 4
1 1082763705277 1
1 1082763705280 4
1 1082763705281 1
1 1082763705310 1
1 1082763705311 1
1 1082763705314 1
1 1082763705315 1
1 1082763705318 1
1 1082763705319 1
1 1082763705322 1
1 1082763705323 1
1 1082763705326 1
1 1082763705327 1
1 1082763705330 1
1 1082763705331 1
1 1082763705373 1
1 1082763705374 4
1 1082763705375 1
1 1082763705377 1
1 1082763705378 4
1 1082763705379 1
1 1082763705381 1
1 1082763705382 4
1 1082763705383 1
1 1082763705385 1
1 1082763705386 4
1 1082763705387 1
1 1082763705389 1
1 1082763705390 4
1 1082763705391 1
1 1082763705393 1
1 1082763705394 4
1 1082763705395 1
1 1082763705436 1
1 1082763705437 4
1 1082763705438 1
1 1082763705440 1
1 1082763705441 4
1 1082763705442 1
1 1082763705444 1
1 1082763705445 4
1 1082763705446 1
1 1082763705448 1
1 1082763705449 4
1 1082763705450 1
1 1082763705452 1
1 1082763705453 4
1 1082763705454 1
1 1082763705456 1
1 1082763705457 4
1 1082763705458 1
1 1082763705500 4
1 1082763705501 1
1 1082763705504 4
1 1082763705505 1
1 1082763705508 4
1 1082763705509 1
1 1082763705512 4
1 1082763705513 1
1 1082763705516 4
1 1082763705517 1
1 1082763705520 4
1 1082763705521 1
1 1082763705550 1
1 1082763705551 1
1 1082763705554 1
1 1082763705555 1
1 1082763705558 1
1 1082763705559 1
1 1082763705562 1
1 1082763705563 1
1 1082763705566 1
1 1082763705567 1
1 1082763705570 1
1 1082763705571 1
1 1082763705600 1
1 1082763705601 4
1 1082763705602 1
1 1082763705604 1
1 1082763705605 4
1 1082763705606 1
1 1082763705608 1
1 1082763705609 4
1 1082763705610 1
1 1082763705612 1
1 1082763705613 4
1 1082763705614 1
1 1082763705616 1
1 1082763705617 4
1 1082763705618 1
1 1082763705660 4
1 1082763705661 1
1 1082763705664 4
1 1082763705665 1
1 1082763705668 4
1 1082763705669 1
1 1082763705672 4
1 1082763705673 1
1 1082763705676 4
1 1082763705677 1
1 1082763705680 4
1 1082763705681 1
1 1082763705710 1
1 1082763705711 1
1 1082763705714 1
1 1082763705715 1
1 1082763705718 1
1 1082763705719 1
1 1082763705722 1
1 1082763705723 1
1 1082763705726 1
1 1082763705727 1
1 1082763705730 1
1 1082763705731 1
1 1082763705773 1
1 1082763705774 4
1 1082763705775 1
1 1082763705777 1
1 1082763705778 4
1 1082763705779 1
1 1082763705781 1
1 1082763705782 4
1 1082763705783 1
1 1082763705785 1
1 1082763705786 4
1 1082763705787 1
1 1082763705789 1
1 1082763705790 4
1 1082763705791 1
1 1082763705793 1
1 1082763705794 4
1 1082763705795 1
1 1082763705836 1
1 1082763705837 4
1 1082763705838 1
1 1082763705840 1
1 1082763705841 4
1 1082763705842 1
1 1082763705844 1
1 1082763705845 4
1 1082763705846 1
1 1082763705848 1
1 1082763705849 4
1 1082763705850 1
1 1082763705852 1
1 1082763705853 4
1 1082763705854 1
1 1082763705856 1
1 1082763705857 4
1 1082763705858 1
1 1082763705900 4
1 1082763705901 1
1 1082763705904 4
1 1082763705905 1
1 1082763705908 4
1 1082763705909 1
1 1082763705912 4
1 1082763705913 1
1 1082763705916 4
1 1082763705917 1
1 1082763705920 4
1 1082763705921 1
1 1082763705950 1
1 1082763705951 1
1 1082763705954 1
1 1082763705955 1
1 1082763705958 1
1 1082763705959 1
1 1082763705962 1
1 1082763705963 1
1 1082763705966 1
1 1082763705967 1
1 1082763705970 1
1 1082763705971 1
1 1082763706000 1
1 1082763706001 4
1 1082763706002 1
1 1082763706004 1
1 1082763706005 4
1 1082763706006 1
1 1082763706008 1
1 1082763706009 4
1 1082763706010 1
1 1082763706012 1
1 1082763706013 4
1 1082763706014 1
1 1082763706016 1
1 1082763706017 4
1 1082763706018 1
1 1082763706060 4
1 1082763706061 1
1 1082763706064 4
1 1082763706065 1
1 1082763706068 4
1 1082763706069 1
1 1082763706072 4
1 1082763706073 1
1 1082763706076 4
1 1082763706077 1
1 1082763706080 4
1 1082763706081 1
1 1082763706110 1
1 1082763706111 1
1 1082763706114 1
1 1082763706115 1
1 1082763706118 1
1 1082763706119 1
1 1082763706122 1
1 1082763706123 1
1 1082763706126 1
1 1082763706127 1
1 1082763706130 1
1 1082763706131 1
1 1082763706173 1
1 1082763706174 4
1 1082763706175 1
1 1082763706177 1
1 1082763706178 4
1 1082763706179 1
1 1082763706181 1
1 1082763706182 4
1 1082763706183 1
1 1082763706185 1
1 1082763706186 4
1 1082763706187 1
1 1082763706189 1
1 1082763706190 4
1 1082763706191 1
1 1082763706193 1
1 1082763706194 4
1 1082763706195 1
1 1082763706236 1
1 1082763706237 4
1 1082763706238 1
1 1082763706240 1
1 1082763706241 4
1 1082763706242 1
1 1082763706244 1
1 1082763706245 4
1 1082763706246 1
1 1082763706248 1
1 1082763706249 4
1 1082763706250 1
1 1082763706252 1
1 1082763706253 4
1 1082763706254 1
1 1082763706256 1
1 1082763706257 4
1 1082763706258 1
1 1082763706300 4
1 1082763706301 1
1 1082763706304 4
1 1082763706305 1
1 1082763706308 4
1 1082763706309 1
1 1082763706312 4
1 1082763706313 1
1 1082763706316 4
1 1082763706317 1
1 1082763706320 4
1 1082763706321 1
1 1082763706350 1
1 1082763706351 1
1 1082763706354 1
1 1082763706355 1
1 1082763706358 1
1 1082763706359 1
1 1082763706362 1
1 1082763706363 1
1 1082763706366 1
1 1082763706367 1
1 1082763706370 1
1 1082763706371 1
1 1082763706400 1
1 1082763706401 4
1 1082763706402 1
1 1082763706404 1
1 1082763706405 4
1 1082763706406 1
1 1082763706408 1
1 1082763706409 4
1 1082763706410 1
1 1082763706412 1
1 1082763706413 4
1 1082763706414 1
1 1082763706416 1
1 1082763706417 4
1 1082763706418 1
1 1082763706460 4
1 1082763706461 1
1 1082763706464 4
1 1082763706465 1
1 1082763706468 4
1 1082763706469 1
1 1082763706472 4
1 1082763706473 1
1 1082763706476 4
1 1082763706477 1
1 1082763706480 4
1 1082763706481 1
1 1082763706510 1
1 1082763706511 1
1 1082763706514 1
1 1082763706515 1
1 1082763706518 1
1 1082763706519 1
1 1082763706522 1
1 1082763706523 1
1 1082763706526 1
1 1082763706527 1
1 1082763706530 1
1 1082763706531 1
1 1082763706573 1
1 1082763706574 4
1 1082763706575 1
1 1082763706577 1
1 1082763706578 4
1 1082763706579 1
1 1082763706581 1
1 1082763706582 4
1 1082763706583 1
1 1082763706585 1
1 1082763706586 4
1 1082763706587 1
1 1082763706589 1
1 1082763706590 4
1 1082763706591 1
1 1082763706593 1
1 1082763706594 4
1 1082763706595 1
1 1082763706636 1
1 1082763706637 4
1 1082763706638 1
1 1082763706640 1
1 1082763706641 4
1 1082763706642 1
1 1082763706644 1
1 1082763706645 4
1 1082763706646 1
1 1082763706648 1
1 1082763706649 4
1 1082763706650 1
1 1082763706652 1
1 1082763706653 4
1 1082763706654 1
1 1082763706656 1
1 1082763706657 4
1 1082763706658 1
1 1082763706700 4
1 1082763706701 1
1 1082763706704 4
1 1082763706705 1
1 1082763706708 4
1 1082763706709 1
1 1082763706712 4
1 1082763706713 1
1 1082763706716 4
1 1082763706717 1
1 1082763706720 4
1 1082763706721 1
1 1082763706750 1
1 1082763706751 1
1 1082763706754 1
1 1082763706755 1
1 1082763706758 1
1 1082763706759 1
1 1082763706762 1
1 1082763706763 1
1 1082763706766 1
1 1082763706767 1
1 1082763706770 1
1 1082763706771 1
1 1082763706800 1
1 1082763706801 4
1 1082763706802 1
1 1082763706804 1
1 1082763706805 4
1 1082763706806 1
1 1082763706808 1
1 1082763706809 4
1 1082763706810 1
1 1082763706812 1
1 1082763706813 4
1 1082763706814 1
1 1082763706816 1
1 1082763706817 4
1 1082763706818 1
1 1082763706860 4
1 1082763706861 1
1 1082763706864 4
1 1082763706865 1
1 1082763706868 4
1 1082763706869 1
1 1082763706872 4
1 1082763706873 1
1 1082763706876 4
1 1082763706877 1
1 1082763706880 4
1 1082763706881 1
1 1082763706910 1
1 1082763706911 1
1 1082763706914 1
1 1082763706915 1
1 1082763706918 1
1 1082763706919 1
1 1082763706922 1
1 1082763706923 1
1 1082763706926 1
1 1082763706927 1
1 1082763706930 1
1 1082763706931 1
1 1082763706973 1
1 1082763706974 4
1 1082763706975 1
1 1082763706977 1
1 1082763706978 4
1 1082763706979 1
1 1082763706981 1
1 1082763706982 4
1 1082763706983 1
1 1082763706985 1
1 1082763706986 4
1 1082763706987 1
1 1082763706989 1
1 1082763706990 4
1 1082763706991 1
1 1082763706993 1
1 1082763706994 4
1 1082763706995 1
1 1082763707036 1
1 1082763707037 4
1 1082763707038 1
1 1082763707040 1
1 1082763707041 4
1 1082763707042 1
1 1082763707044 1
1 1082763707045 4
1 1082763707046 1
1 1082763707048 1
1 1082763707049 4
1 1082763707050 1
1 1082763707052 1
1 1082763707053 4
1 1082763707054 1
1 1082763707056 1
1 1082763707057 4
1 1082763707058 1
1 1082763707100 4
1 1082763707101 1
1 1082763707104 4
1 1082763707105 1
1 1082763707108 4
1 1082763707109 1
1 1082763707112 4
1 1082763707113 1
1 1082763707116 4
1 1082763707117 1
1 1082763707120 4
1 1082763707121 1
1 1082763707150 1
1 1082763707151 1
1 1082763707154 1
1 1082763707155 1
1 1082763707158 1
1 1082763707159 1
1 1082763707162 1
1 1082763707163 1
1 1082763707166 1
1 1082763707167 1
1 1082763707170 1
1 1082763707171 1
1 1082763707200 1
1 1082763707201 4
1 1082763707202 1
1 1082763707204 1
1 1082763707205 4
1 1082763707206 1
1 1082763707208 1
1 1082763707209 4
1 1082763707210 1
1 1082763707212 1
1 1082763707213 4
1 1082763707214 1
1 1082763707216 1
1 1082763707217 4
1 1082763707218 1
1 1082763707260 4
1 1082763707261 1
1 1082763707264 4
1 1082763707265 1
1 1082763707268 4
1 1082763707269 1
1 1082763707272 4
1 1082763707273 1
1 1082763707276 4
1 1082763707277 1
1 1082763707280 4
1 1082763707281 1
1 1082763707310 1
1 1082763707311 1
1 1082763707314 1
1 1082763707315 1
1 1082763707318 1
1 1082763707319 1
1 1082763707322 1
1 1082763707323 1
1 1082763707326 1
1 1082763707327 1
1 1082763707330 1
1 1082763707331 1
1 1082763707373 1
1 1082763707374 4
1 1082763707375 1
1 1082763707377 1
1 1082763707378 4
1 1082763707379 1
1 1082763707381 1
1 1082763707382 4
1 1082763707383 1
1 1082763707385 1
1 1082763707386 4
1 1082763707387 1
1 1082763707389 1
1 1082763707390 4
1 1082763707391 1
1 1082763707393 1
1 1082763707394 4
1 1082763707395 1
1 1082763707436 1
1 1082763707437 4
1 1082763707438 1
1 1082763707440 1
1 1082763707441 4
1 1082763707442 1
1 1082763707444 1
1 1082763707445 4
1 1082763707446 1
1 1082763707448 1
1 1082763707449 4
1 1082763707450 1
1 1082763707452 1
1 1082763707453 4
1 1082763707454 1
1 1082763707456 1
1 1082763707457 4
1 1082763707458 1
1 1082763707500 4
1 1082763707501 1
1 1082763707504 4
1 1082763707505 1
1 1082763707508 4
1 1082763707509 1
1 1082763707512 4
1 1082763707513 1
1 1082763707516 4
1 1082763707517 1
1 1082763707520 4
1 1082763707521 1
1 1082763707550 1
1 1082763707551 1
1 1082763707554 1
1 1082763707555 1
1 1082763707558 1
1 1082763707559 1
1 1082763707562 1
1 1082763707563 1
1 1082763707566 1
1 1082763707567 1
1 1082763707570 1
1 1082763707571 1
1 1082763707600 1
1 1082763707601 4
1 1082763707602 1
1 1082763707604 1
1 1082763707605 4
1 1082763707606 1
1 1082763707608 1
1 1082763707609 4
1 1082763707610 1
1 1082763707612 1
1 1082763707613 4
1 1082763707614 1
1 1082763707616 1
1 1082763707617 4
1 1082763707618 1
1 1082763707660 4
1 1082763707661 1
1 1082763707664 4
1 1082763707665 1
1 1082763707668 4
1 1082763707669 1
1 1082763707672 4
1 1082763707673 1
1 1082763707676 4
1 1082763707677 1
1 1082763707680 4
1 1082763707681 1
1 1082763707710 1
1 1082763707711 1
1 1082763707714 1
1 1082763707715 1
1 1082763707718 1
1 1082763707719 1
1 1082763707722 1
1 1082763707723 1
1 1082763707726 1
1 1082763707727 1
1 1082763707730 1
1 1082763707731 1
1 1082763707773 1
1 1082763707774 4
1 1082763707775 1
1 1082763707777 1
1 1082763707778 4
1 1082763707779 1
1 1082763707781 1
1 1082763707782 4
1 1082763707783 1
1 1082763707785 1
1 1082763707786 4
1 1082763707787 1
1 1082763707789 1
1 1082763707790 4
1 1082763707791 1
1 1082763707793 1
1 1082763707794 4
1 1082763707795 1
1 1082763707836 1
1 1082763707837 4
1 1082763707838 1
1 1082763707840 1
1 1082763707841 4
1 1082763707842 1
1 1082763707844 1
1 1082763707845 4
1 1082763707846 1
1 1082763707848 1
1 1082763707849 4
1 1082763707850 1
1 1082763707852 1
1 1082763707853 4
1 1082763707854 1
1 1082763707856 1
1 1082763707857 4
1 1082763707858 1
1 1082763707900 4
1 1082763707901 1
1 1082763707904 4
1 1082763707905 1
1 1082763707908 4
1 1082763707909 1
1 1082763707912 4
1 1082763707913 1
1 1082763707916 4
1 1082763707917 1
1 1082763707920 4
1 1082763707921 1
1 1082763707950 1
1 1082763707951 1
1 1082763707954 1
1 1082763707955 1
1 1082763707958 1
1 1082763707959 1
1 1082763707962 1
1 1082763707963 1
1 1082763707966 1
1 1082763707967 1
1 1082763707970 1
1 1082763707971 1
1 1082763708000 1
1 1082763708001 4
1 1082763708002 1
1 1082763708004 1
1 1082763708005 4
1 1082763708006 1
1 1082763708008 1
1 1082763708009 4
1 1082763708010 1
1 1082763708012 1
1 1082763708013 4
1 1082763708014 1
1 1082763708016 1
1 1082763708017 4
1 1082763708018 1
1 1082763708060 4
1 1082763708061 1
1 1082763708064 4
1 1082763708065 1
1 1082763708068 4
1 1082763708069 1
1 1082763708072 4
1 1082763708073 1
1 1082763708076 4
1 1082763708077 1
1 1082763708080 4
1 1082763708081 1
1 1082763708110 1
1 1082763708111 1
1 1082763708114 1
1 1082763708115 1
1 1082763708118 1
1 1082763708119 1
1 1082763708122 1
1 1082763708123 1
1 1082763708126 1
1 1082763708127 1
1 1082763708130 1
1 1082763708131 1
1 1082763708173 1
1 1082763708174 4
1 1082763708175 1
1 1082763708177 1
1 1082763708178 4
1 1082763708179 1
1 1082763708181 1
1 1082763708182 4
1 1082763708183 1
1 1082763708185 1
1 1082763708186 4
1 1082763708187 1
1 1082763708189 1
1 1082763708190 4
1 1082763708191 1
1 1082763708193 1
1 1082763708194 4
1 1082763708195 1
1 1082763708236 1
1 1082763708237 4
1 1082763708238 1
1 1082763708240 1
1 1082763708241 4
1 1082763708242 1
1 1082763708244 1
1 1082763708245 4
1 1082763708246 1
1 1082763708248 1
1 1082763708249 4
1 1082763708250 1
1 1082763708252 1
1 1082763708253 4
1 1082763708254 1
1 1082763708256 1
1 1082763708257 4
1 1082763708258 1
1 1082763708300 4
1 1082763708301 1
1 1082763708304 4
1 1082763708305 1
1 1082763708308 4
1 1082763708309 1
1 1082763708312 4
1 1082763708313 1
1 1082763708316 4
1 1082763708317 1
1 1082763708320 4
1 1082763708321 1
1 1082763708350 1
1 1082763708351 1
1 1082763708354 1
1 1082763708355 1
1 1082763708358 1
1 1082763708359 1
1 1082763708362 1
1 1082763708363 1
1 1082763708366 1
1 1082763708367 1
1 1082763708370 1
1 1082763708371 1
1 1082763708400 1
1 1082763708401 4
1 1082763708402 1
1 1082763708404 1
1 1082763708405 4
1 1082763708406 1
1 1082763708408 1
1 1082763708409 4
1 1082763708410 1
1 1082763708412 1
1 1082763708413 4
1 1082763708414 1
1 1082763708416 1
1 1082763708417 4
1 1082763708418 1
1 1082763708460 4
1 1082763708461 1
1 1082763708464 4
1 1082763708465 1
1 1082763708468 4
1 1082763708469 1
1 1082763708472 4
1 1082763708473 1
1 1082763708476 4
1 1082763708477 1
1 1082763708480 4
1 1082763708481 1
1 1082763708510 1
1 1082763708511 1
1 1082763708514 1
1 1082763708515 1
1 1082763708518 1
1 1082763708519 1
1 1082763708522 1
1 1082763708523 1
1 1082763708526 1
1 1082763708527 1
1 1082763708530 1
1 1082763708531 1
1 1082763708573 1
1 1082763708574 4
1 1082763708575 1
1 1082763708577 1
1 1082763708578 4
1 1082763708579 1
1 1082763708581 1
1 1082763708582 4
1 1082763708583 1
1 1082763708585 1
1 1082763708586 4
1 1082763708587 1
1 1082763708589 1
1 1082763708590 4
1 1082763708591 1
1 1082763708593 1
1 1082763708594 4
1 1082763708595 1
1 1082763708636 1
1 1082763708637 4
1 1082763708638 1
1 1082763708640 1
1 1082763708641 4
1 1082763708642 1
1 1082763708644 1
1 1082763708645 4
1 1082763708646 1
1 1082763708648 1
1 1082763708649 4
1 1082763708650 1
1 1082763708652 1
1 1082763708653 4
1 1082763708654 1
1 1082763708656 1
1 1082763708657 4
1 1082763708658 1
1 1082763708700 4
1 1082763708701 1
1 1082763708704 4
1 1082763708705 1
1 1082763708708 4
1 1082763708709 1
1 1082763708712 4
1 1082763708713 1
1 1082763708716 4
1 1082763708717 1
1 1082763708720 4
1 1082763708721 1
1 1082763708750 1
1 1082763708751 1
1 1082763708754 1
1 1082763708755 1
1 1082763708758 1
1 1082763708759 1
1 1082763708762 1
1 1082763708763 1
1 1082763708766 1
1 1082763708767 1
1 1082763708770 1
1 1082763708771 1
1 1082763708800 1
1 1082763708801 4
1 1082763708802 1
1 1082763708804 1
1 1082763708805 4
1 1082763708806 1
1 1082763708808 1
1 1082763708809 4
1 1082763708810 1
1 1082763708812 1
1 1082763708813 4
1 1082763708814 1
1 1082763708816 1
1 1082763708817 4
1 1082763708818 1
1 1082763708860 4
1 1082763708861 1
1 1082763708864 4
1 1082763708865 1
1 1082763708868 4
1 1082763708869 1
1 1082763708872 4
1 1082763708873 1
1 1082763708876 4
1 1082763708877 1
1 1082763708880 4
1 1082763708881 1
1 1082763708910 1
1 1082763708911 1
1 1082763708914 1
1 1082763708915 1
1 1082763708918 1
1 1082763708919 1
1 1082763708922 1
1 1082763708923 1
1 1082763708926 1
1 1082763708927 1
1 1082763708930 1
1 1082763708931 1
1 1082763708973 1
1 1082763708974 4
1 1082763708975 1
1 1082763708977 1
1 1082763708978 4
1 1082763708979 1
1 1082763708981 1
1 1082763708982 4
1 1082763708983 1
1 1082763708985 1
1 1082763708986 4
1 1082763708987 1
1 1082763708989 1
1 1082763708990 4
1 1082763708991 1
1 1082763708993 1
1 1082763708994 4
1 1082763708995 1
1 1082763709036 1
1 1082763709037 4
1 1082763709038 1
1 1082763709040 1
1 1082763709041 4
1 1082763709042 1
1 1082763709044 1
1 1082763709045 4
1 1082763709046 1
1 1082763709048 1
1 1082763709049 4
1 1082763709050 1
1 1082763709052 1
1 1082763709053 4
1 1082763709054 1
1 1082763709056 1
1 1082763709057 4
1 1082763709058 1
1 1082763709100 4
1 1082763709101 1
1 1082763709104 4
1 1082763709105 1
1 1082763709108 4
1 1082763709109 1
1 1082763709112 4
1 1082763709113 1
1 1082763709116 4
1 1082763709117 1
1 1082763709120 4
1 1082763709121 1
1 1082763709150 1
1 1082763709151 1
1 1082763709154 1
1 1082763709155 1
1 1082763709158 1
1 1082763709159 1
1 1082763709162 1
1 1082763709163 1
1 1082763709166 1
1 1082763709167 1
1 1082763709170 1
1 1082763709171 1
1 1082763709200 1
1 1082763709201 4
1 1082763709202 1
1 1082763709204 1
1 1082763709205 4
1 1082763709206 1
1 1082763709208 1
1 1082763709209 4
1 1082763709210 1
1 1082763709212 1
1 1082763709213 4
1 1082763709214 1
1 1082763709216 1
1 1082763709217 4
1 1082763709218 1
1 1082763709260 4
1 1082763709261 1
1 1082763709264 4
1 1082763709265 1
1 1082763709268 4
1 1082763709269 1
1 1082763709272 4
1 1082763709273 1
1 1082763709276 4
1 1082763709277 1
1 1082763709280 4
1 1082763709281 1
1 1082763709310 1
1 1082763709311 1
1 1082763709314 1
1 1082763709315 1
1 1082763709318 1
1 1082763709319 1
1 1082763709322 1
1 1082763709323 1
1 1082763709326 1
1 1082763709327 1
1 1082763709330 1
1 1082763709331 1
1 1082763709373 1
1 1082763709374 4
1 1082763709375 1
1 1082763709377 1
1 1082763709378 4
1 1082763709379 1
1 1082763709381 1
1 1082763709382 4
1 1082763709383 1
1 1082763709385 1
1 1082763709386 4
1 1082763709387 1
1 1082763709389 1
1 1082763709390 4
1 1082763709391 1
1 1082763709393 1
1 1082763709394 4
1 1082763709395 1
1 1082763709436 1
1 1082763709437 4
1 1082763709438 1
1 1082763709440 1
1 1082763709441 4
1 1082763709442 1
1 1082763709444 1
1 1082763709445 4
1 1082763709446 1
1 1082763709448 1
1 1082763709449 4
1 1082763709450 1
1 1082763709452 1
1 1082763709453 4
1 1082763709454 1
1 1082763709456 1
1 1082763709457 4
1 1082763709458 1
1 1082763709500 4
1 1082763709501 1
1 1082763709504 4
1 1082763709505 1
1 1082763709508 4
1 1082763709509 1
1 1082763709512 4
1 1082763709513 1
1 1082763709516 4
1 1082763709517 1
1 1082763709520 4
1 1082763709521 1
1 1082763709550 1
1 1082763709551 1
1 1082763709554 1
1 1082763709555 1
1 1082763709558 1
1 1082763709559 1
1 1082763709562 1
1 1082763709563 1
1 1082763709566 1
1 1082763709567 1
1 1082763709570 1
1 1082763709571 1
1 1082763709600 1
1 1082763709601 4
1 1082763709602 1
1 1082763709604 1
1 1082763709605 4
1 1082763709606 1
1 1082763709608 1
1 1082763709609 4
1 1082763709610 1
1 1082763709612 1
1 1082763709613 4
1 1082763709614 1
1 1082763709616 1
1 1082763709617 4
1 1082763709618 1
1 1082763709660 4
1 1082763709661 1
1 1082763709664 4
1 1082763709665 1
1 1082763709668 4
1 1082763709669 1
1 1082763709672 4
1 1082763709673 1
1 1082763709676 4
1 1082763709677 1
1 1082763709680 4
1 1082763709681 1
1 1082763709710 1
1 1082763709711 1
1 1082763709714 1
1 1082763709715 1
1 1082763709718 1
1 1082763709719 1
1 1082763709722 1
1 1082763709723 1
1 1082763709726 1
1 1082763709727 1
1 1082763709730 1
1 1082763709731 1
1 1082763709773 1
1 1082763709774 4
1 1082763709775 1
1 1082763709777 1
1 1082763709778 4
1 1082763709779 1
1 1082763709781 1
1 1082763709782 4
1 1082763709783 1
1 1082763709785 1
1 1082763709786 4
1 1082763709787 1
1 1082763709789 1
1 1082763709790 4
1 1082763709791 1
1 1082763709793 1
1 1082763709794 4
1 1082763709795 1
1 1082763709836 1
1 1082763709837 4
1 1082763709838 1
1 1082763709840 1
1 1082763709841 4
1 1082763709842 1
1 1082763709844 1
1 1082763709845 4
1 1082763709846 1
1 1082763709848 1
1 1082763709849 4
1 1082763709850 1
1 1082763709852 1
1 1082763709853 4
1 1082763709854 1
1 1082763709856 1
1 1082763709857 4
1 1082763709858 1
1 1082763709900 4
1 1082763709901 1
1 1082763709904 4
1 1082763709905 1
1 1082763709908 4
1 1082763709909 1
1 1082763709912 4
1 1082763709913 1
1 1082763709916 4
1 1082763709917 1
1 1082763709920 4
1 1082763709921 1
1 1082763709950 1
1 1082763709951 1
1 1082763709954 1
1 1082763709955 1
1 1082763709958 1
1 1082763709959 1
1 1082763709962 1
1 1082763709963 1
1 1082763709966 1
1 1082763709967 1
1 1082763709970 1
1 1082763709971 1
1 1082763710000 1
1 1082763710001 4
1 1082763710002 1
1 1082763710004 1
1 1082763710005 4
1 1082763710006 1
1 1082763710008 1
1 1082763710009 4
1 1082763710010 1
1 1082763710012 1
1 1082763710013 4
1 1082763710014 1
1 1082763710016 1
1 1082763710017 4
1 1082763710018 1
1 1082763710060 4
1 1082763710061 1
1 1082763710064 4
1 1082763710065 1
1 1082763710068 4
1 1082763710069 1
1 1082763710072 4
1 1082763710073 1
1 1082763710076 4
1 1082763710077 1
1 1082763710080 4
1 1082763710081 1
1 1082763710110 1
1 1082763710111 1
1 1082763710114 1
1 1082763710115 1
1 1082763710118 1
1 1082763710119 1
1 1082763710122 1
1 1082763710123 1
1 1082763710126 1
1 1082763710127 1
1 1082763710130 1
1 1082763710131 1
1 1082763710173 1
1 1082763710174 4
1 1082763710175 1
1 1082763710177 1
1 1082763710178 4
1 1082763710179 1
1 1082763710181 1
1 1082763710182 4
1 1082763710183 1
1 1082763710185 1
1 1082763710186 4
1 1082763710187 1
1 1082763710189 1
1 1082763710190 4
1 1082763710191 1
1 1082763710193 1
1 1082763710194 4
1 1082763710195 1
1 1082763710236 1
1 1082763710237 4
1 1082763710238 1
1 1082763710240 1
1 1082763710241 4
1 1082763710242 1
1 1082763710244 1
1 1082763710245 4
1 1082763710246 1
1 1082763710248 1
1 1082763710249 4
1 1082763710250 1
1 1082763710252 1
1 1082763710253 4
1 1082763710254 1
1 1082763710256 1
1 1082763710257 4
1 1082763710258 1
1 1082763710300 4
1 1082763710301 1
1 1082763710304 4
1 1082763710305 1
1 1082763710308 4
1 1082763710309 1
1 1082763710312 4
1 1082763710313 1
1 1082763710316 4
1 1082763710317 1
1 1082763710320 4
1 1082763710321 1
1 1082763710350 1
1 1082763710351 1
1 1082763710354 1
1 1082763710355 1
1 1082763710358 1
1 1082763710359 1
1 1082763710362 1
1 1082763710363 1
1 1082763710366 1
1 1082763710367 1
1 1082763710370 1
1 1082763710371 1
1 1082763710400 1
1 1082763710401 4
1 1082763710402 1
1 1082763710404 1
1 1082763710405 4
1 1082763710406 1
1 1082763710408 1
1 1082763710409 4
1 1082763710410 1
1 1082763710412 1
1 1082763710413 4
1 1082763710414 1
1 1082763710416 1
1 1082763710417 4
1 1082763710418 1
1 1082763710460 4
1 1082763710461 1
1 1082763710464 4
1 1082763710465 1
1 1082763710468 4
1 1082763710469 1
1 1082763710472 4
1 1082763710473 1
1 1082763710476 4
1 1082763710477 1
1 1082763710480 4
1 1082763710481 1
1 1082763710510 1
1 1082763710511 1
1 1082763710514 1
1 1082763710515 1
1 1082763710518 1
1 1082763710519 1
1 1082763710522 1
1 1082763710523 1
1 1082763710526 1
1 1082763710527 1
1 1082763710530 1
1 1082763710531 1
1 1082763710573 1
1 1082763710574 4
1 1082763710575 1
1 1082763710577 1
1 1082763710578 4
1 1082763710579 1
1 1082763710581 1
1 1082763710582 4
1 1082763710583 1
1 1082763710585 1
1 1082763710586 4
1 1082763710587 1
1 1082763710589 1
1 1082763710590 4
1 1082763710591 1
1 1082763710593 1
1 1082763710594 4
1 1082763710595 1
1 1082763710636 1
1 1082763710637 4
1 1082763710638 1
1 1082763710640 1
1 1082763710641 4
1 1082763710642 1
1 1082763710644 1
1 1082763710645 4
1 1082763710646 1
1 1082763710648 1
1 1082763710649 4
1 1082763710650 1
1 1082763710652 1
1 1082763710653 4
1 1082763710654 1
1 1082763710656 1
1 1082763710657 4
1 1082763710658 1
1 1082763710700 4
1 1082763710701 1
1 1082763710704 4
1 1082763710705 1
1 1082763710708 4
1 1082763710709 1
1 1082763710712 4
1 1082763710713 1
1 1082763710716 4
1 1082763710717 1
1 1082763710720 4
1 1082763710721 1
1 1082763710750 1
1 1082763710751 1
1 1082763710754 1
1 1082763710755 1
1 1082763710758 1
1 1082763710759 1
1 1082763710762 1
1 1082763710763 1
1 1082763710766 1
1 1082763710767 1
1 1082763710770 1
1 1082763710771 1
1 1082763710800 1
1 1082763710801 4
1 1082763710802 1
1 1082763710804 1
1 1082763710805 4
1 1082763710806 1
1 1082763710808 1
1 1082763710809 4
1 1082763710810 1
1 1082763710812 1
1 1082763710813 4
1 1082763710814 1
1 1082763710816 1
1 1082763710817 4
1 1082763710818 1
1 1082763710860 4
1 1082763710861 1
1 1082763710864 4
1 1082763710865 1
1 1082763710868 4
1 1082763710869 1
1 1082763710872 4
1 1082763710873 1
1 1082763710876 4
1 1082763710877 1
1 1082763710880 4
1 1082763710881 1
1 1082763710910 1
1 1082763710911 1
1 1082763710914 1
1 1082763710915 1
1 1082763710918 1
1 1082763710919 1
1 1082763710922 1
1 1082763710923 1
1 1082763710926 1
1 1082763710927 1
1 1082763710930 1
1 1082763710931 1
1 1082763710973 1
1 1082763710974 4
1 1082763710975 1
1 1082763710977 1
1 1082763710978 4
1 1082763710979 1
1 1082763710981 1
1 1082763710982 4
1 1082763710983 1
1 1082763710985 1
1 1082763710986 4
1 1082763710987 1
1 1082763710989 1
1 1082763710990 4
1 1082763710991 1
1 1082763710993 1
1 1082763710994 4
1 1082763710995 1
1 1082763711036 1
1 1082763711037 4
1 1082763711038 1
1 1082763711040 1
1 1082763711041 4
1 1082763711042 1
1 1082763711044 1
1 1082763711045 4
1 1082763711046 1
1 1082763711048 1
1 1082763711049 4
1 1082763711050 1
1 1082763711052 1
1 1082763711053 4
1 1082763711054 1
1 1082763711056 1
1 1082763711057 4
1 1082763711058 1
1 1082763711100 4
1 1082763711101 1
1 1082763711104 4
1 1082763711105 1
1 1082763711108 4
1 1082763711109 1
1 1082763711112 4
1 1082763711113 1
1 1082763711116 4
1 1082763711117 1
1 1082763711120 4
1 1082763711121 1
1 1082763711150 1
1 1082763711151 1
1 1082763711154 1
1 1082763711155 1
1 1082763711158 1
1 1082763711159 1
1 1082763711162 1
1 1082763711163 1
1 1082763711166 1
1 1082763711167 1
1 1082763711170 1
1 1082763711171 1
1 1082763711200 1
1 1082763711201 4
1 1082763711202 1
1 1082763711204 1
1 1082763711205 4
1 1082763711206 1
1 1082763711208 1
1 1082763711209 4
1 1082763711210 1
1 1082763711212 1
1 1082763711213 4
1 1082763711214 1
1 1082763711216 1
1 1082763711217 4
1 1082763711218 1
1 1082763711260 4
1 1082763711261 1
1 1082763711264 4
1 1082763711265 1
1 1082763711268 4
1 1082763711269 1
1 1082763711272 4
1 1082763711273 1
1 1082763711276 4
1 1082763711277 1
1 1082763711280 4
1 1082763711281 1
1 1082763711310 1
1 1082763711311 1
1 1082763711314 1
1 1082763711315 1
1 1082763711318 1
1 1082763711319 1
1 1082763711322 1
1 1082763711323 1
1 1082763711326 1
1 1082763711327 1
1 1082763711330 1
1 1082763711331 1
1 1082763711373 1
1 1082763711374 4
1 1082763711375 1
1 1082763711377 1
1 1082763711378 4
1 1082763711379 1
1 1082763711381 1
1 1082763711382 4
1 1082763711383 1
1 1082763711385 1
1 1082763711386 4
1 1082763711387 1
1 1082763711389 1
1 1082763711390 4
1 1082763711391 1
1 1082763711393 1
1 1082763711394 4
1 1082763711395 1
1 1082763711436 1
1 1082763711437 4
1 1082763711438 1
1 1082763711440 1
1 1082763711441 4
1 1082763711442 1
1 1082763711444 1
1 1082763711445 4
1 1082763711446 1
1 1082763711448 1
1 1082763711449 4
1 1082763711450 1
1 1082763711452 1
1 1082763711453 4
1 1082763711454 1
1 1082763711456 1
1 1082763711457 4
1 1082763711458 1
1 1082763711500 4
1 1082763711501 1
1 1082763711504 4
1 1082763711505 1
1 1082763711508 4
1 1082763711509 1
1 1082763711512 4
1 1082763711513 1
1 1082763711516 4
1 1082763711517 1
1 1082763711520 4
1 1082763711521 1
1 1082763711550 1
1 1082763711551 1
1 1082763711554 1
1 1082763711555 1
1 1082763711558 1
1 1082763711559 1
1 1082763711562 1
1 1082763711563 1
1 1082763711566 1
1 1082763711567 1
1 1082763711570 1
1 1082763711571 1
1 1082763711600 1
1 1082763711601 4
1 1082763711602 1
1 1082763711604 1
1 1082763711605 4
1 1082763711606 1
1 1082763711608 1
1 1082763711609 4
1 1082763711610 1
1 1082763711612 1
1 1082763711613 4
1 1082763711614 1
1 1082763711616 1
1 1082763711617 4
1 1082763711618 1
1 1082763711660 4
1 1082763711661 1
1 1082763711664 4
1 1082763711665 1
1 1082763711668 4
1 1082763711669 1
1 1082763711672 4
1 1082763711673 1
1 1082763711676 4
1 1082763711677 1
1 1082763711680 4
1 1082763711681 1
1 1082763711710 1
1 1082763711711 1
1 1082763711714 1
1 1082763711715 1
1 1082763711718 1
1 1082763711719 1
1 1082763711722 1
1 1082763711723 1
1 1082763711726 1
1 1082763711727 1
1 1082763711730 1
1 1082763711731 1
1 1082763711773 1
1 1082763711774 4
1 1082763711775 1
1 1082763711777 1
1 1082763711778 4
1 1082763711779 1
1 1082763711781 1
1 1082763711782 4
1 1082763711783 1
1 1082763711785 1
1 1082763711786 4
1 1082763711787 1
1 1082763711789 1
1 1082763711790 4
1 1082763711791 1
1 1082763711793 1
1 1082763711794 4
1 1082763711795 1
1 1082763711836 1
1 1082763711837 4
1 1082763711838 1
1 1082763711840 1
1 1082763711841 4
1 1082763711842 1
1 1082763711844 1
1 1082763711845 4
1 1082763711846 1
1 1082763711848 1
1 1082763711849 4
1 1082763711850 1
1 1082763711852 1
1 1082763711853 4
1 1082763711854 1
1 1082763711856 1
1 1082763711857 4
1 1082763711858 1
1 1082763711900 4
1 1082763711901 1
1 1082763711904 4
1 1082763711905 1
1 1082763711908 4
1 1082763711909 1
1 1082763711912 4
1 1082763711913 1
1 1082763711916 4
1 1082763711917 1
1 1082763711920 4
1 1082763711921 1
1 1082763711950 1
1 1082763711951 1
1 1082763711954 1
1 1082763711955 1
1 1082763711958 1
1 1082763711959 1
1 1082763711962 1
1 1082763711963 1
1 1082763711966 1
1 1082763711967 1
1 1082763711970 1
1 1082763711971 1
1 1082763712000 1
1 1082763712001 4
1 1082763712002 1
1 1082763712004 1
1 1082763712005 4
1 1082763712006 1
1 1082763712008 1
1 1082763712009 4
1 1082763712010 1
1 1082763712012 1
1 1082763712013 4
1 1082763712014 1
1 1082763712016 1
1 1082763712017 4
1 1082763712018 1
1 1082763712060 4
1 1082763712061 1
1 1082763712064 4
1 1082763712065 1
1 1082763712068 4
1 1082763712069 1
1 1082763712072 4
1 1082763712073 1
1 1082763712076 4
1 1082763712077 1
1 1082763712080 4
1 1082763712081 1
1 1082763712110 1
1 1082763712111 1
1 1082763712114 1
1 1082763712115 1
1 1082763712118 1
1 1082763712119 1
1 1082763712122 1
1 1082763712123 1
1 1082763712126 1
1 1082763712127 1
1 1082763712130 1
1 1082763712131 1
1 1082763712173 1
1 1082763712174 4
1 1082763712175 1
1 1082763712177 1
1 1082763712178 4
1 1082763712179 1
1 1082763712181 1
1 1082763712182 4
1 1082763712183 1
1 1082763712185 1
1 1082763712186 4
1 1082763712187 1
1 1082763712189 1
1 1082763712190 4
1 1082763712191 1
1 1082763712193 1
1 1082763712194 4
1 1082763712195 1
1 1082763712236 1
1 1082763712237 4
1 1082763712238 1
1 1082763712240 1
1 1082763712241 4
1 1082763712242 1
1 1082763712244 1
1 1082763712245 4
1 1082763712246 1
1 1082763712248 1
1 1082763712249 4
1 1082763712250 1
1 1082763712252 1
1 1082763712253 4
1 1082763712254 1
1 1082763712256 1
1 1082763712257 4
1 1082763712258 1
1 1082763712300 4
1 1082763712301 1
1 1082763712304 4
1 1082763712305 1
1 1082763712308 4
1 1082763712309 1
1 1082763712312 4
1 1082763712313 1
1 1082763712316 4
1 1082763712317 1
1 1082763712320 4
1 1082763712321 1
1 1082763712350 1
1 1082763712351 1
1 1082763712354 1
1 1082763712355 1
1 1082763712358 1
1 1082763712359 1
1 1082763712362 1
1 1082763712363 1
1 1082763712366 1
1 1082763712367 1
1 1082763712370 1
1 1082763712371 1
1 1082763712400 1
1 1082763712401 4
1 1082763712402 1
1 1082763712404 1
1 1082763712405 4
1 1082763712406 1
1 1082763712408 1
1 1082763712409 4
1 1082763712410 1
1 1082763712412 1
1 1082763712413 4
1 1082763712414 1
1 1082763712416 1
1 1082763712417 4
1 1082763712418 1
1 1082763712460 4
1 1082763712461 1
1 1082763712464 4
1 1082763712465 1
1 1082763712468 4
1 1082763712469 1
1 1082763712472 4
1 1082763712473 1
1 1082763712476 4
1 1082763712477 1
1 1082763712480 4
1 1082763712481 1
1 1082763712510 1
1 1082763712511 1
1 1082763712514 1
1 1082763712515 1
1 1082763712518 1
1 1082763712519 1
1 1082763712522 1
1 1082763712523 1
1 1082763712526 1
1 1082763712527 1
1 1082763712530 1
1 1082763712531 1
1 1082763712573 1
1 1082763712574 4
1 1082763712575 1
1 1082763712577 1
1 1082763712578 4
1 1082763712579 1
1 1082763712581 1
1 1082763712582 4
1 1082763712583 1
1 1082763712585 1
1 1082763712586 4
1 1082763712587 1
1 1082763712589 1
1 1082763712590 4
1 1082763712591 1
1 1082763712593 1
1 1082763712594 4
1 1082763712595 1
1 1082763712636 1
1 1082763712637 4
1 1082763712638 1
1 1082763712640 1
1 1082763712641 4
1 1082763712642 1
1 1082763712644 1
1 1082763712645 4
1 1082763712646 1
1 1082763712648 1
1 1082763712649 4
1 1082763712650 1
1 1082763712652 1
1 1082763712653 4
1 1082763712654 1
1 1082763712656 1
1 1082763712657 4
1 1082763712658 1
1 1082763712700 4
1 1082763712701 1
1 1082763712704 4
1 1082763712705 1
1 1082763712708 4
1 1082763712709 1
1 1082763712712 4
1 1082763712713 1
1 1082763712716 4
1 1082763712717 1
1 1082763712720 4
1 1082763712721 1
1 1082763712750 1
1 1082763712751 1
1 1082763712754 1
1 1082763712755 1
1 1082763712758 1
1 1082763712759 1
1 1082763712762 1
1 1082763712763 1
1 1082763712766 1
1 1082763712767 1
1 1082763712770 1
1 1082763712771 1
1 1082763712800 1
1 1082763712801 4
1 1082763712802 1
1 1082763712804 1
1 1082763712805 4
1 1082763712806 1
1 1082763712808 1
1 1082763712809 4
1 1082763712810 1
1 1082763712812 1
1 1082763712813 4
1 1082763712814 1
1 1082763712816 1
1 1082763712817 4
1 1082763712818 1
1 1082763712860 4
1 1082763712861 1
1 1082763712864 4
1 1082763712865 1
1 1082763712868 4
1 1082763712869 1
1 1082763712872 4
1 1082763712873 1
1 1082763712876 4
1 1082763712877 1
1 1082763712880 4
1 1082763712881 1
1 1082763712910 1
1 1082763712911 1
1 1082763712914 1
1 1082763712915 1
1 1082763712918 1
1 1082763712919 1
1 1082763712922 1
1 1082763712923 1
1 1082763712926 1
1 1082763712927 1
1 1082763712930 1
1 1082763712931 1
1 1082763712973 1
1 1082763712974 4
1 1082763712975 1
1 1082763712977 1
1 1082763712978 4
1 1082763712979 1
1 1082763712981 1
1 1082763712982 4
1 1082763712983 1
1 1082763712985 1
1 1082763712986 4
1 1082763712987 1
1 1082763712989 1
1 1082763712990 4
1 1082763712991 1
1 1082763712993 1
1 1082763712994 4
1 1082763712995 1
1 1082763713036 1
1 1082763713037 4
1 1082763713038 1
1 1082763713040 1
1 1082763713041 4
1 1082763713042 1
1 1082763713044 1
1 1082763713045 4
1 1082763713046 1
1 1082763713048 1
1 1082763713049 4
1 1082763713050 1
1 1082763713052 1
1 1082763713053 4
1 1082763713054 1
1 1082763713056 1
1 1082763713057 4
1 1082763713058 1
1 1082763713100 4
1 1082763713101 1
1 1082763713104 4
1 1082763713105 1
1 1082763713108 4
1 1082763713109 1
1 1082763713112 4
1 1082763713113 1
1 1082763713116 4
1 1082763713117 1
1 1082763713120 4
1 1082763713121 1
1 1082763713150 1
1 1082763713151 1
1 1082763713154 1
1 1082763713155 1
1 1082763713158 1
1 1082763713159 1
1 1082763713162 1
1 1082763713163 1
1 1082763713166 1
1 1082763713167 1
1 1082763713170 1
1 1082763713171 1
1 1082763713200 1
1 1082763713201 4
1 1082763713202 1
1 1082763713204 1
1 1082763713205 4
1 1082763713206 1
1 1082763713208 1
1 1082763713209 4
1 1082763713210 1
1 1082763713212 1
1 1082763713213 4
1 1082763713214 1
1 1082763713216 1
1 1082763713217 4
1 1082763713218 1
1 1082763713260 4
1 1082763713261 1
1 1082763713264 4
1 1082763713265 1
1 1082763713268 4
1 1082763713269 1
1 1082763713272 4
1 1082763713273 1
1 1082763713276 4
1 1082763713277 1
1 1082763713280 4
1 1082763713281 1
1 1082763713310 1
1 1082763713311 1
1 1082763713314 1
1 1082763713315 1
1 1082763713318 1
1 1082763713319 1
1 1082763713322 1
1 1082763713323 1
1 1082763713326 1
1 1082763713327 1
1 1082763713330 1
1 1082763713331 1
1 1082763713373 1
1 1082763713374 4
1 1082763713375 1
1 1082763713377 1
1 1082763713378 4
1 1082763713379 1
1 1082763713381 1
1 1082763713382 4
1 1082763713383 1
1 1082763713385 1
1 1082763713386 4
1 1082763713387 1
1 1082763713389 1
1 1082763713390 4
1 1082763713391 1
1 1082763713393 1
1 1082763713394 4
1 1082763713395 1
1 1082763713436 1
1 1082763713437 4
1 1082763713438 1
1 1082763713440 1
1 1082763713441 4
1 1082763713442 1
1 1082763713444 1
1 1082763713445 4
1 1082763713446 1
1 1082763713448 1
1 1082763713449 4
1 1082763713450 1
1 1082763713452 1
1 1082763713453 4
1 1082763713454 1
1 1082763713456 1
1 1082763713457 4
1 1082763713458 1
1 1082763713500 4
1 1082763713501 1
1 1082763713504 4
1 1082763713505 1
1 1082763713508 4
1 1082763713509 1
1 1082763713512 4
1 1082763713513 1
1 1082763713516 4
1 1082763713517 1
1 1082763713520 4
1 1082763713521 1
1 1082763713550 1
1 1082763713551 1
1 1082763713554 1
1 1082763713555 1
1 1082763713558 1
1 1082763713559 1
1 1082763713562 1
1 1082763713563 1
1 1082763713566 1
1 1082763713567 1
1 1082763713570 1
1 1082763713571 1
