1 1082763673645 1
1 1082763673646 4
1 1082763673647 1
1 1082763673649 1
1 1082763673650 4
1 1082763673651 1
1 1082763673653 1
1 1082763673654 4
1 1082763673655 1
1 1082763673657 1
1 1082763673658 4
1 1082763673659 1
1 1082763673661 1
1 1082763673662 4
1 1082763673663 1
1 1082763673665 1
1 1082763673666 4
1 1082763673667 1
1 1082763673708 1
1 1082763673709 4
1 1082763673710 1
1 1082763673712 1
1 1082763673713 4
1 1082763673714 1
1 1082763673716 1
1 1082763673717 4
1 1082763673718 1
1 1082763673720 1
1 1082763673721 4
1 1082763673722 1
1 1082763673724 1
1 1082763673725 4
1 1082763673726 1
1 1082763673728 1
1 1082763673729 4
1 1082763673730 1
1 1082763673772 4
1 1082763673773 1
1 1082763673776 4
1 1082763673777 1
1 1082763673780 4
1 1082763673781 1
1 1082763673784 4
1 1082763673785 1
1 1082763673788 4
1 1082763673789 1
1 1082763673792 4
1 1082763673793 1
1 1082763673822 1
1 1082763673823 1
1 1082763673826 1
1 1082763673827 1
1 1082763673830 1
1 1082763673831 1
1 1082763673834 1
1 1082763673835 1
1 1082763673838 1
1 1082763673839 1
1 1082763673842 1
1 1082763673843 1
1 1082763673885 1
1 1082763673886 4
1 1082763673887 1
1 1082763673889 1
1 1082763673890 21
1 1082763673891 1
1 1082763673893 1
1 1082763673894 4
1 1082763673895 1
1 1082763673897 1
1 1082763673898 4
1 1082763673899 1
1 1082763673901 1
1 1082763673902 4
1 1082763673903 1
1 1082763673905 1
1 1082763673906 4
1 1082763673907 1
1 1082763673948 1
1 1082763673949 4
1 1082763673950 1
1 1082763673952 1
1 1082763673953 5
1 1082763673954 1
1 1082763673956 1
1 1082763673957 4
1 1082763673958 1
1 1082763673960 1
1 1082763673961 39
1 1082763673962 1
1 1082763673964 1
1 1082763673965 4
1 1082763673966 1
1 1082763673968 1
1 1082763673969 52
1 1082763673970 1
1 1082763674045 1
1 1082763674046 4
1 1082763674047 1
1 1082763674049 1
1 1082763674050 4
1 1082763674051 1
1 1082763674053 1
1 1082763674054 4
1 1082763674055 1
1 1082763674057 1
1 1082763674058 4
1 1082763674059 1
1 1082763674061 1
1 1082763674062 4
1 1082763674063 1
1 1082763674065 1
1 1082763674066 4
1 1082763674067 1
1 1082763674108 1
1 1082763674109 4
1 1082763674110 1
1 1082763674112 1
1 1082763674113 4
1 1082763674114 1
1 1082763674116 1
1 1082763674117 4
1 1082763674118 1
1 1082763674120 1
1 1082763674121 4
1 1082763674122 1
1 1082763674124 1
1 1082763674125 13
1 1082763674126 1
1 1082763674128 1
1 1082763674129 4
1 1082763674130 1
1 1082763674172 4
1 1082763674173 1
1 1082763674176 4
1 1082763674177 1
1 1082763674180 4
1 1082763674181 1
1 1082763674184 4
1 1082763674185 1
1 1082763674188 4
1 1082763674189 1
1 1082763674192 4
1 1082763674193 1
1 1082763674222 1
1 1082763674223 1
1 1082763674226 1
1 1082763674227 1
1 1082763674230 1
1 1082763674231 1
1 1082763674234 1
1 1082763674235 1
1 1082763674238 1
1 1082763674239 1
1 1082763674242 1
1 1082763674243 1
1 1082763674285 1
1 1082763674286 4
1 1082763674287 1
1 1082763674289 1
1 1082763674290 4
1 1082763674291 1
1 1082763674293 1
1 1082763674294 4
1 1082763674295 1
1 1082763674297 1
1 1082763674298 4
1 1082763674299 1
1 1082763674301 1
1 1082763674302 4
1 1082763674303 1
1 1082763674305 1
1 1082763674306 4
1 1082763674307 1
1 1082763674348 1
1 1082763674349 4
1 1082763674350 1
1 1082763674352 1
1 1082763674353 4
1 1082763674354 1
1 1082763674356 1
1 1082763674357 4
1 1082763674358 1
1 1082763674360 1
1 1082763674361 4
1 1082763674362 1
1 1082763674364 1
1 1082763674365 4
1 1082763674366 1
1 1082763674368 1
1 1082763674369 4
1 1082763674370 1
1 1082763674445 1
1 1082763674446 4
1 1082763674447 1
1 1082763674449 1
1 1082763674450 4
1 1082763674451 1
1 1082763674453 1
1 1082763674454 4
1 1082763674455 1
1 1082763674457 1
1 1082763674458 4
1 1082763674459 1
1 1082763674461 1
1 1082763674462 4
1 1082763674463 1
1 1082763674465 1
1 1082763674466 4
1 1082763674467 1
1 1082763674508 1
1 1082763674509 4
1 1082763674510 1
1 1082763674512 1
1 1082763674513 4
1 1082763674514 1
1 1082763674516 1
1 1082763674517 4
1 1082763674518 1
1 1082763674520 1
1 1082763674521 4
1 1082763674522 1
1 1082763674524 1
1 1082763674525 4
1 1082763674526 1
1 1082763674528 1
1 1082763674529 4
1 1082763674530 1
1 1082763674572 4
1 1082763674573 1
1 1082763674576 4
1 1082763674577 1
1 1082763674580 4
1 1082763674581 1
1 1082763674584 4
1 1082763674585 1
1 1082763674588 4
1 1082763674589 1
1 1082763674592 4
1 1082763674593 1
1 1082763674622 1
1 1082763674623 1
1 1082763674626 1
1 1082763674627 1
1 1082763674630 1
1 1082763674631 1
1 1082763674634 1
1 1082763674635 1
1 1082763674638 1
1 1082763674639 1
1 1082763674642 1
1 1082763674643 1
1 1082763674685 1
1 1082763674686 4
1 1082763674687 1
1 1082763674689 1
1 1082763674690 4
1 1082763674691 1
1 1082763674693 1
1 1082763674694 4
1 1082763674695 1
1 1082763674697 1
1 1082763674698 4
1 1082763674699 1
1 1082763674701 1
1 1082763674702 4
1 1082763674703 1
1 1082763674705 1
1 1082763674706 4
1 1082763674707 1
1 1082763674748 1
1 1082763674749 4
1 1082763674750 1
1 1082763674752 1
1 1082763674753 4
1 1082763674754 1
1 1082763674756 1
1 1082763674757 4
1 1082763674758 1
1 1082763674760 1
1 1082763674761 4
1 1082763674762 1
1 1082763674764 1
1 1082763674765 4
1 1082763674766 1
1 1082763674768 1
1 1082763674769 4
1 1082763674770 1
1 1082763674845 1
1 1082763674846 4
1 1082763674847 1
1 1082763674849 1
1 1082763674850 4
1 1082763674851 1
1 1082763674853 1
1 1082763674854 4
1 1082763674855 1
1 1082763674857 1
1 1082763674858 4
1 1082763674859 1
1 1082763674861 1
1 1082763674862 4
1 1082763674863 1
1 1082763674865 1
1 1082763674866 4
1 1082763674867 1
1 1082763674908 1
1 1082763674909 4
1 1082763674910 1
1 1082763674912 1
1 1082763674913 4
1 1082763674914 1
1 1082763674916 1
1 1082763674917 4
1 1082763674918 1
1 1082763674920 1
1 1082763674921 4
1 1082763674922 1
1 1082763674924 1
1 1082763674925 4
1 1082763674926 1
1 1082763674928 1
1 1082763674929 4
1 1082763674930 1
1 1082763674972 4
1 1082763674973 1
1 1082763674976 4
1 1082763674977 1
1 1082763674980 4
1 1082763674981 1
1 1082763674984 4
1 1082763674985 1
1 1082763674988 4
1 1082763674989 1
1 1082763674992 4
1 1082763674993 1
1 1082763675022 1
1 1082763675023 1
1 1082763675026 1
1 1082763675027 1
1 1082763675030 1
1 1082763675031 1
1 1082763675034 1
1 1082763675035 1
1 1082763675038 1
1 1082763675039 1
1 1082763675042 1
1 1082763675043 1
1 1082763675085 1
1 1082763675086 4
1 1082763675087 1
1 1082763675089 1
1 1082763675090 4
1 1082763675091 1
1 1082763675093 1
1 1082763675094 4
1 1082763675095 1
1 1082763675097 1
1 1082763675098 4
1 1082763675099 1
1 1082763675101 1
1 1082763675102 4
1 1082763675103 1
1 1082763675105 1
1 1082763675106 4
1 1082763675107 1
1 1082763675148 1
1 1082763675149 4
1 1082763675150 1
1 1082763675152 1
1 1082763675153 4
1 1082763675154 1
1 1082763675156 1
1 1082763675157 4
1 1082763675158 1
1 1082763675160 1
1 1082763675161 4
1 1082763675162 1
1 1082763675164 1
1 1082763675165 4
1 1082763675166 1
1 1082763675168 1
1 1082763675169 4
1 1082763675170 1
1 1082763675245 1
1 1082763675246 4
1 1082763675247 1
1 1082763675249 1
1 1082763675250 4
1 1082763675251 1
1 1082763675253 1
1 1082763675254 4
1 1082763675255 1
1 1082763675257 1
1 1082763675258 4
1 1082763675259 1
1 1082763675261 1
1 1082763675262 4
1 1082763675263 1
1 1082763675265 1
1 1082763675266 4
1 1082763675267 1
1 1082763675308 1
1 1082763675309 4
1 1082763675310 1
1 1082763675312 1
1 1082763675313 4
1 1082763675314 1
1 1082763675316 1
1 1082763675317 4
1 1082763675318 1
1 1082763675320 1
1 1082763675321 4
1 1082763675322 1
1 1082763675324 1
1 1082763675325 4
1 1082763675326 1
1 1082763675328 1
1 1082763675329 4
1 1082763675330 1
1 1082763675372 4
1 1082763675373 1
1 1082763675376 4
1 1082763675377 1
1 1082763675380 4
1 1082763675381 1
1 1082763675384 4
1 1082763675385 1
1 1082763675388 4
1 1082763675389 1
1 1082763675392 4
1 1082763675393 1
1 1082763675422 1
1 1082763675423 1
1 1082763675426 1
1 1082763675427 1
1 1082763675430 1
1 1082763675431 1
1 1082763675434 1
1 1082763675435 1
1 1082763675438 1
1 1082763675439 1
1 1082763675442 1
1 1082763675443 1
1 1082763675485 1
1 1082763675486 4
1 1082763675487 1
1 1082763675489 1
1 1082763675490 4
1 1082763675491 1
1 1082763675493 1
1 1082763675494 4
1 1082763675495 1
1 1082763675497 1
1 1082763675498 4
1 1082763675499 1
1 1082763675501 1
1 1082763675502 4
1 1082763675503 1
1 1082763675505 1
1 1082763675506 4
1 1082763675507 1
1 1082763675548 1
1 1082763675549 4
1 1082763675550 1
1 1082763675552 1
1 1082763675553 4
1 1082763675554 1
1 1082763675556 1
1 1082763675557 4
1 1082763675558 1
1 1082763675560 1
1 1082763675561 4
1 1082763675562 1
1 1082763675564 1
1 1082763675565 4
1 1082763675566 1
1 1082763675568 1
1 1082763675569 4
1 1082763675570 1
1 1082763675645 1
1 1082763675646 4
1 1082763675647 1
1 1082763675649 1
1 1082763675650 4
1 1082763675651 1
1 1082763675653 1
1 1082763675654 4
1 1082763675655 1
1 1082763675657 1
1 1082763675658 4
1 1082763675659 1
1 1082763675661 1
1 1082763675662 4
1 1082763675663 1
1 1082763675665 1
1 1082763675666 4
1 1082763675667 1
1 1082763675708 1
1 1082763675709 4
1 1082763675710 1
1 1082763675712 1
1 1082763675713 4
1 1082763675714 1
1 1082763675716 1
1 1082763675717 4
1 1082763675718 1
1 1082763675720 1
1 1082763675721 4
1 1082763675722 1
1 1082763675724 1
1 1082763675725 4
1 1082763675726 1
1 1082763675728 1
1 1082763675729 4
1 1082763675730 1
1 1082763675772 4
1 1082763675773 1
1 1082763675776 4
1 1082763675777 1
1 1082763675780 4
1 1082763675781 1
1 1082763675784 4
1 1082763675785 1
1 1082763675788 4
1 1082763675789 1
1 1082763675792 4
1 1082763675793 1
1 1082763675822 1
1 1082763675823 1
1 1082763675826 1
1 1082763675827 1
1 1082763675830 1
1 1082763675831 1
1 1082763675834 1
1 1082763675835 1
1 1082763675838 1
1 1082763675839 1
1 1082763675842 1
1 1082763675843 1
1 1082763675885 1
1 1082763675886 4
1 1082763675887 1
1 1082763675889 1
1 1082763675890 4
1 1082763675891 1
1 1082763675893 1
1 1082763675894 4
1 1082763675895 1
1 1082763675897 1
1 1082763675898 4
1 1082763675899 1
1 1082763675901 1
1 1082763675902 4
1 1082763675903 1
1 1082763675905 1
1 1082763675906 4
1 1082763675907 1
1 1082763675948 1
1 1082763675949 4
1 1082763675950 1
1 1082763675952 1
1 1082763675953 4
1 1082763675954 1
1 1082763675956 1
1 1082763675957 4
1 1082763675958 1
1 1082763675960 1
1 1082763675961 4
1 1082763675962 1
1 1082763675964 1
1 1082763675965 4
1 1082763675966 1
1 1082763675968 1
1 1082763675969 4
1 1082763675970 1
1 1082763676045 1
1 1082763676046 4
1 1082763676047 1
1 1082763676049 1
1 1082763676050 4
1 1082763676051 1
1 1082763676053 1
1 1082763676054 4
1 1082763676055 1
1 1082763676057 1
1 1082763676058 4
1 1082763676059 1
1 1082763676061 1
1 1082763676062 4
1 1082763676063 1
1 1082763676065 1
1 1082763676066 4
1 1082763676067 1
1 1082763676108 1
1 1082763676109 4
1 1082763676110 1
1 1082763676112 1
1 1082763676113 4
1 1082763676114 1
1 1082763676116 1
1 1082763676117 4
1 1082763676118 1
1 1082763676120 1
1 1082763676121 4
1 1082763676122 1
1 1082763676124 1
1 1082763676125 4
1 1082763676126 1
1 1082763676128 1
1 1082763676129 4
1 1082763676130 1
1 1082763676172 4
1 1082763676173 1
1 1082763676176 4
1 1082763676177 1
1 1082763676180 4
1 1082763676181 1
1 1082763676184 4
1 1082763676185 1
1 1082763676188 4
1 1082763676189 1
1 1082763676192 4
1 1082763676193 1
1 1082763676222 1
1 1082763676223 1
1 1082763676226 1
1 1082763676227 1
1 1082763676230 1
1 1082763676231 1
1 1082763676234 1
1 1082763676235 1
1 1082763676238 1
1 1082763676239 1
1 1082763676242 1
1 1082763676243 1
1 1082763676285 1
1 1082763676286 4
1 1082763676287 1
1 1082763676289 1
1 1082763676290 4
1 1082763676291 1
1 1082763676293 1
1 1082763676294 4
1 1082763676295 1
1 1082763676297 1
1 1082763676298 4
1 1082763676299 1
1 1082763676301 1
1 1082763676302 4
1 1082763676303 1
1 1082763676305 1
1 1082763676306 4
1 1082763676307 1
1 1082763676348 1
1 1082763676349 4
1 1082763676350 1
1 1082763676352 1
1 1082763676353 4
1 1082763676354 1
1 1082763676356 1
1 1082763676357 4
1 1082763676358 1
1 1082763676360 1
1 1082763676361 4
1 1082763676362 1
1 1082763676364 1
1 1082763676365 4
1 1082763676366 1
1 1082763676368 1
1 1082763676369 4
1 1082763676370 1
1 1082763676445 1
1 1082763676446 4
1 1082763676447 1
1 1082763676449 1
1 1082763676450 4
1 1082763676451 1
1 1082763676453 1
1 1082763676454 4
1 1082763676455 1
1 1082763676457 1
1 1082763676458 4
1 1082763676459 1
1 1082763676461 1
1 1082763676462 4
1 1082763676463 1
1 1082763676465 1
1 1082763676466 4
1 1082763676467 1
1 1082763676508 1
1 1082763676509 4
1 1082763676510 1
1 1082763676512 1
1 1082763676513 4
1 1082763676514 1
1 1082763676516 1
1 1082763676517 4
1 1082763676518 1
1 1082763676520 1
1 1082763676521 4
1 1082763676522 1
1 1082763676524 1
1 1082763676525 4
1 1082763676526 1
1 1082763676528 1
1 1082763676529 4
1 1082763676530 1
1 1082763676572 4
1 1082763676573 1
1 1082763676576 4
1 1082763676577 1
1 1082763676580 4
1 1082763676581 1
1 1082763676584 4
1 1082763676585 1
1 1082763676588 4
1 1082763676589 1
1 1082763676592 4
1 1082763676593 1
1 1082763676622 1
1 1082763676623 1
1 1082763676626 1
1 1082763676627 1
1 1082763676630 1
1 1082763676631 1
1 1082763676634 1
1 1082763676635 1
1 1082763676638 1
1 1082763676639 1
1 1082763676642 1
1 1082763676643 1
1 1082763676685 1
1 1082763676686 4
1 1082763676687 1
1 1082763676689 1
1 1082763676690 4
1 1082763676691 1
1 1082763676693 1
1 1082763676694 4
1 1082763676695 1
1 1082763676697 1
1 1082763676698 4
1 1082763676699 1
1 1082763676701 1
1 1082763676702 4
1 1082763676703 1
1 1082763676705 1
1 1082763676706 4
1 1082763676707 1
1 1082763676748 1
1 1082763676749 4
1 1082763676750 1
1 1082763676752 1
1 1082763676753 4
1 1082763676754 1
1 1082763676756 1
1 1082763676757 4
1 1082763676758 1
1 1082763676760 1
1 1082763676761 4
1 1082763676762 1
1 1082763676764 1
1 1082763676765 4
1 1082763676766 1
1 1082763676768 1
1 1082763676769 4
1 1082763676770 1
1 1082763676845 1
1 1082763676846 4
1 1082763676847 1
1 1082763676849 1
1 1082763676850 4
1 1082763676851 1
1 1082763676853 1
1 1082763676854 4
1 1082763676855 1
1 1082763676857 1
1 1082763676858 4
1 1082763676859 1
1 1082763676861 1
1 1082763676862 4
1 1082763676863 1
1 1082763676865 1
1 1082763676866 4
1 1082763676867 1
1 1082763676908 1
1 1082763676909 4
1 1082763676910 1
1 1082763676912 1
1 1082763676913 4
1 1082763676914 1
1 1082763676916 1
1 1082763676917 4
1 1082763676918 1
1 1082763676920 1
1 1082763676921 4
1 1082763676922 1
1 1082763676924 1
1 1082763676925 4
1 1082763676926 1
1 1082763676928 1
1 1082763676929 4
1 1082763676930 1
1 1082763676972 4
1 1082763676973 1
1 1082763676976 4
1 1082763676977 1
1 1082763676980 4
1 1082763676981 1
1 1082763676984 4
1 1082763676985 1
1 1082763676988 4
1 1082763676989 1
1 1082763676992 4
1 1082763676993 1
1 1082763677022 1
1 1082763677023 1
1 1082763677026 1
1 1082763677027 1
1 1082763677030 1
1 1082763677031 1
1 1082763677034 1
1 1082763677035 1
1 1082763677038 1
1 1082763677039 1
1 1082763677042 1
1 1082763677043 1
1 1082763677085 1
1 1082763677086 4
1 1082763677087 1
1 1082763677089 1
1 1082763677090 4
1 1082763677091 1
1 1082763677093 1
1 1082763677094 4
1 1082763677095 1
1 1082763677097 1
1 1082763677098 4
1 1082763677099 1
1 1082763677101 1
1 1082763677102 4
1 1082763677103 1
1 1082763677105 1
1 1082763677106 4
1 1082763677107 1
1 1082763677148 1
1 1082763677149 4
1 1082763677150 1
1 1082763677152 1
1 1082763677153 4
1 1082763677154 1
1 1082763677156 1
1 1082763677157 4
1 1082763677158 1
1 1082763677160 1
1 1082763677161 4
1 1082763677162 1
1 1082763677164 1
1 1082763677165 4
1 1082763677166 1
1 1082763677168 1
1 1082763677169 4
1 1082763677170 1
1 1082763677245 1
1 1082763677246 4
1 1082763677247 1
1 1082763677249 1
1 1082763677250 4
1 1082763677251 1
1 1082763677253 1
1 1082763677254 4
1 1082763677255 1
1 1082763677257 1
1 1082763677258 4
1 1082763677259 1
1 1082763677261 1
1 1082763677262 4
1 1082763677263 1
1 1082763677265 1
1 1082763677266 4
1 1082763677267 1
1 1082763677308 1
1 1082763677309 4
1 1082763677310 1
1 1082763677312 1
1 1082763677313 4
1 1082763677314 1
1 1082763677316 1
1 1082763677317 4
1 1082763677318 1
1 1082763677320 1
1 1082763677321 4
1 1082763677322 1
1 1082763677324 1
1 1082763677325 4
1 1082763677326 1
1 1082763677328 1
1 1082763677329 4
1 1082763677330 1
1 1082763677372 4
1 1082763677373 1
1 1082763677376 4
1 1082763677377 1
1 1082763677380 4
1 1082763677381 1
1 1082763677384 4
1 1082763677385 1
1 1082763677388 4
1 1082763677389 1
1 1082763677392 4
1 1082763677393 1
1 1082763677422 1
1 1082763677423 1
1 1082763677426 1
1 1082763677427 1
1 1082763677430 1
1 1082763677431 1
1 1082763677434 1
1 1082763677435 1
1 1082763677438 1
1 1082763677439 1
1 1082763677442 1
1 1082763677443 1
1 1082763677485 1
1 1082763677486 4
1 1082763677487 1
1 1082763677489 1
1 1082763677490 4
1 1082763677491 1
1 1082763677493 1
1 1082763677494 4
1 1082763677495 1
1 1082763677497 1
1 1082763677498 4
1 1082763677499 1
1 1082763677501 1
1 1082763677502 4
1 1082763677503 1
1 1082763677505 1
1 1082763677506 4
1 1082763677507 1
1 1082763677548 1
1 1082763677549 4
1 1082763677550 1
1 1082763677552 1
1 1082763677553 4
1 1082763677554 1
1 1082763677556 1
1 1082763677557 4
1 1082763677558 1
1 1082763677560 1
1 1082763677561 4
1 1082763677562 1
1 1082763677564 1
1 1082763677565 4
1 1082763677566 1
1 1082763677568 1
1 1082763677569 4
1 1082763677570 1
1 1082763677645 1
1 1082763677646 4
1 1082763677647 1
1 1082763677649 1
1 1082763677650 4
1 1082763677651 1
1 1082763677653 1
1 1082763677654 4
1 1082763677655 1
1 1082763677657 1
1 1082763677658 4
1 1082763677659 1
1 1082763677661 1
1 1082763677662 4
1 1082763677663 1
1 1082763677665 1
1 1082763677666 4
1 1082763677667 1
1 1082763677708 1
1 1082763677709 4
1 1082763677710 1
1 1082763677712 1
1 1082763677713 4
1 1082763677714 1
1 1082763677716 1
1 1082763677717 4
1 1082763677718 1
1 1082763677720 1
1 1082763677721 4
1 1082763677722 1
1 1082763677724 1
1 1082763677725 4
1 1082763677726 1
1 1082763677728 1
1 1082763677729 4
1 1082763677730 1
1 1082763677772 4
1 1082763677773 1
1 1082763677776 4
1 1082763677777 1
1 1082763677780 4
1 1082763677781 1
1 1082763677784 4
1 1082763677785 1
1 1082763677788 4
1 1082763677789 1
1 1082763677792 4
1 1082763677793 1
1 1082763677822 1
1 1082763677823 1
1 1082763677826 1
1 1082763677827 1
1 1082763677830 1
1 1082763677831 1
1 1082763677834 1
1 1082763677835 1
1 1082763677838 1
1 1082763677839 1
1 1082763677842 1
1 1082763677843 1
1 1082763677885 1
1 1082763677886 4
1 1082763677887 1
1 1082763677889 1
1 1082763677890 4
1 1082763677891 1
1 1082763677893 1
1 1082763677894 4
1 1082763677895 1
1 1082763677897 1
1 1082763677898 4
1 1082763677899 1
1 1082763677901 1
1 1082763677902 4
1 1082763677903 1
1 1082763677905 1
1 1082763677906 4
1 1082763677907 1
1 1082763677948 1
1 1082763677949 4
1 1082763677950 1
1 1082763677952 1
1 1082763677953 4
1 1082763677954 1
1 1082763677956 1
1 1082763677957 4
1 1082763677958 1
1 1082763677960 1
1 1082763677961 4
1 1082763677962 1
1 1082763677964 1
1 1082763677965 4
1 1082763677966 1
1 1082763677968 1
1 1082763677969 4
1 1082763677970 1
1 1082763678045 1
1 1082763678046 4
1 1082763678047 1
1 1082763678049 1
1 1082763678050 4
1 1082763678051 1
1 1082763678053 1
1 1082763678054 4
1 1082763678055 1
1 1082763678057 1
1 1082763678058 4
1 1082763678059 1
1 1082763678061 1
1 1082763678062 4
1 1082763678063 1
1 1082763678065 1
1 1082763678066 4
1 1082763678067 1
1 1082763678108 1
1 1082763678109 4
1 1082763678110 1
1 1082763678112 1
1 1082763678113 4
1 1082763678114 1
1 1082763678116 1
1 1082763678117 4
1 1082763678118 1
1 1082763678120 1
1 1082763678121 4
1 1082763678122 1
1 1082763678124 1
1 1082763678125 4
1 1082763678126 1
1 1082763678128 1
1 1082763678129 4
1 1082763678130 1
1 1082763678172 4
1 1082763678173 1
1 1082763678176 4
1 1082763678177 1
1 1082763678180 4
1 1082763678181 1
1 1082763678184 4
1 1082763678185 1
1 1082763678188 4
1 1082763678189 1
1 1082763678192 4
1 1082763678193 1
1 1082763678222 1
1 1082763678223 1
1 1082763678226 1
1 1082763678227 1
1 1082763678230 1
1 1082763678231 1
1 1082763678234 1
1 1082763678235 1
1 1082763678238 1
1 1082763678239 1
1 1082763678242 1
1 1082763678243 1
1 1082763678285 1
1 1082763678286 4
1 1082763678287 1
1 1082763678289 1
1 1082763678290 4
1 1082763678291 1
1 1082763678293 1
1 1082763678294 4
1 1082763678295 1
1 1082763678297 1
1 1082763678298 4
1 1082763678299 1
1 1082763678301 1
1 1082763678302 4
1 1082763678303 1
1 1082763678305 1
1 1082763678306 4
1 1082763678307 1
1 1082763678348 1
1 1082763678349 4
1 1082763678350 1
1 1082763678352 1
1 1082763678353 4
1 1082763678354 1
1 1082763678356 1
1 1082763678357 4
1 1082763678358 1
1 1082763678360 1
1 1082763678361 4
1 1082763678362 1
1 1082763678364 1
1 1082763678365 4
1 1082763678366 1
1 1082763678368 1
1 1082763678369 4
1 1082763678370 1
1 1082763678445 1
1 1082763678446 4
1 1082763678447 1
1 1082763678449 1
1 1082763678450 4
1 1082763678451 1
1 1082763678453 1
1 1082763678454 4
1 1082763678455 1
1 1082763678457 1
1 1082763678458 4
1 1082763678459 1
1 1082763678461 1
1 1082763678462 4
1 1082763678463 1
1 1082763678465 1
1 1082763678466 4
1 1082763678467 1
1 1082763678508 1
1 1082763678509 4
1 1082763678510 1
1 1082763678512 1
1 1082763678513 4
1 1082763678514 1
1 1082763678516 1
1 1082763678517 4
1 1082763678518 1
1 1082763678520 1
1 1082763678521 4
1 1082763678522 1
1 1082763678524 1
1 1082763678525 4
1 1082763678526 1
1 1082763678528 1
1 1082763678529 4
1 1082763678530 1
1 1082763678572 4
1 1082763678573 1
1 1082763678576 4
1 1082763678577 1
1 1082763678580 4
1 1082763678581 1
1 1082763678584 4
1 1082763678585 1
1 1082763678588 4
1 1082763678589 1
1 1082763678592 4
1 1082763678593 1
1 1082763678622 1
1 1082763678623 1
1 1082763678626 1
1 1082763678627 1
1 1082763678630 1
1 1082763678631 1
1 1082763678634 1
1 1082763678635 1
1 1082763678638 1
1 1082763678639 1
1 1082763678642 1
1 1082763678643 1
1 1082763678685 1
1 1082763678686 4
1 1082763678687 1
1 1082763678689 1
1 1082763678690 4
1 1082763678691 1
1 1082763678693 1
1 1082763678694 4
1 1082763678695 1
1 1082763678697 1
1 1082763678698 4
1 1082763678699 1
1 1082763678701 1
1 1082763678702 4
1 1082763678703 1
1 1082763678705 1
1 1082763678706 4
1 1082763678707 1
1 1082763678748 1
1 1082763678749 4
1 1082763678750 1
1 1082763678752 1
1 1082763678753 4
1 1082763678754 1
1 1082763678756 1
1 1082763678757 4
1 1082763678758 1
1 1082763678760 1
1 1082763678761 4
1 1082763678762 1
1 1082763678764 1
1 1082763678765 4
1 1082763678766 1
1 1082763678768 1
1 1082763678769 4
1 1082763678770 1
1 1082763678845 1
1 1082763678846 4
1 1082763678847 1
1 1082763678849 1
1 1082763678850 4
1 1082763678851 1
1 1082763678853 1
1 1082763678854 4
1 1082763678855 1
1 1082763678857 1
1 1082763678858 4
1 1082763678859 1
1 1082763678861 1
1 1082763678862 4
1 1082763678863 1
1 1082763678865 1
1 1082763678866 4
1 1082763678867 1
1 1082763678908 1
1 1082763678909 4
1 1082763678910 1
1 1082763678912 1
1 1082763678913 4
1 1082763678914 1
1 1082763678916 1
1 1082763678917 4
1 1082763678918 1
1 1082763678920 1
1 1082763678921 4
1 1082763678922 1
1 1082763678924 1
1 1082763678925 4
1 1082763678926 1
1 1082763678928 1
1 1082763678929 4
1 1082763678930 1
1 1082763678972 4
1 1082763678973 1
1 1082763678976 4
1 1082763678977 1
1 1082763678980 4
1 1082763678981 1
1 1082763678984 4
1 1082763678985 1
1 1082763678988 4
1 1082763678989 1
1 1082763678992 4
1 1082763678993 1
1 1082763679022 1
1 1082763679023 1
1 1082763679026 1
1 1082763679027 1
1 1082763679030 1
1 1082763679031 1
1 1082763679034 1
1 1082763679035 1
1 1082763679038 1
1 1082763679039 1
1 1082763679042 1
1 1082763679043 1
1 1082763679085 1
1 1082763679086 4
1 1082763679087 1
1 1082763679089 1
1 1082763679090 4
1 1082763679091 1
1 1082763679093 1
1 1082763679094 4
1 1082763679095 1
1 1082763679097 1
1 1082763679098 4
1 1082763679099 1
1 1082763679101 1
1 1082763679102 4
1 1082763679103 1
1 1082763679105 1
1 1082763679106 4
1 1082763679107 1
1 1082763679148 1
1 1082763679149 4
1 1082763679150 1
1 1082763679152 1
1 1082763679153 4
1 1082763679154 1
1 1082763679156 1
1 1082763679157 4
1 1082763679158 1
1 1082763679160 1
1 1082763679161 4
1 1082763679162 1
1 1082763679164 1
1 1082763679165 4
1 1082763679166 1
1 1082763679168 1
1 1082763679169 4
1 1082763679170 1
1 1082763679245 1
1 1082763679246 4
1 1082763679247 1
1 1082763679249 1
1 1082763679250 4
1 1082763679251 1
1 1082763679253 1
1 1082763679254 4
1 1082763679255 1
1 1082763679257 1
1 1082763679258 4
1 1082763679259 1
1 1082763679261 1
1 1082763679262 4
1 1082763679263 1
1 1082763679265 1
1 1082763679266 4
1 1082763679267 1
1 1082763679308 1
1 1082763679309 4
1 1082763679310 1
1 1082763679312 1
1 1082763679313 4
1 1082763679314 1
1 1082763679316 1
1 1082763679317 4
1 1082763679318 1
1 1082763679320 1
1 1082763679321 4
1 1082763679322 1
1 1082763679324 1
1 1082763679325 4
1 1082763679326 1
1 1082763679328 1
1 1082763679329 4
1 1082763679330 1
1 1082763679372 4
1 1082763679373 1
1 1082763679376 4
1 1082763679377 1
1 1082763679380 4
1 1082763679381 1
1 1082763679384 4
1 1082763679385 1
1 1082763679388 4
1 1082763679389 1
1 1082763679392 4
1 1082763679393 1
1 1082763679422 1
1 1082763679423 1
1 1082763679426 1
1 1082763679427 1
1 1082763679430 1
1 1082763679431 1
1 1082763679434 1
1 1082763679435 1
1 1082763679438 1
1 1082763679439 1
1 1082763679442 1
1 1082763679443 1
1 1082763679485 1
1 1082763679486 4
1 1082763679487 1
1 1082763679489 1
1 1082763679490 4
1 1082763679491 1
1 1082763679493 1
1 1082763679494 4
1 1082763679495 1
1 1082763679497 1
1 1082763679498 4
1 1082763679499 1
1 1082763679501 1
1 1082763679502 4
1 1082763679503 1
1 1082763679505 1
1 1082763679506 4
1 1082763679507 1
1 1082763679548 1
1 1082763679549 4
1 1082763679550 1
1 1082763679552 1
1 1082763679553 4
1 1082763679554 1
1 1082763679556 1
1 1082763679557 4
1 1082763679558 1
1 1082763679560 1
1 1082763679561 4
1 1082763679562 1
1 1082763679564 1
1 1082763679565 4
1 1082763679566 1
1 1082763679568 1
1 1082763679569 4
1 1082763679570 1
1 1082763679645 1
1 1082763679646 4
1 1082763679647 1
1 1082763679649 1
1 1082763679650 4
1 1082763679651 1
1 1082763679653 1
1 1082763679654 4
1 1082763679655 1
1 1082763679657 1
1 1082763679658 4
1 1082763679659 1
1 1082763679661 1
1 1082763679662 4
1 1082763679663 1
1 1082763679665 1
1 1082763679666 4
1 1082763679667 1
1 1082763679708 1
1 1082763679709 4
1 1082763679710 1
1 1082763679712 1
1 1082763679713 4
1 1082763679714 1
1 1082763679716 1
1 1082763679717 4
1 1082763679718 1
1 1082763679720 1
1 1082763679721 4
1 1082763679722 1
1 1082763679724 1
1 1082763679725 4
1 1082763679726 1
1 1082763679728 1
1 1082763679729 4
1 1082763679730 1
1 1082763679772 4
1 1082763679773 1
1 1082763679776 4
1 1082763679777 1
1 1082763679780 4
1 1082763679781 1
1 1082763679784 4
1 1082763679785 1
1 1082763679788 4
1 1082763679789 1
1 1082763679792 4
1 1082763679793 1
1 1082763679822 1
1 1082763679823 1
1 1082763679826 1
1 1082763679827 1
1 1082763679830 1
1 1082763679831 1
1 1082763679834 1
1 1082763679835 1
1 1082763679838 1
1 1082763679839 1
1 1082763679842 1
1 1082763679843 1
1 1082763679885 1
1 1082763679886 4
1 1082763679887 1
1 1082763679889 1
1 1082763679890 4
1 1082763679891 1
1 1082763679893 1
1 1082763679894 4
1 1082763679895 1
1 1082763679897 1
1 1082763679898 4
1 1082763679899 1
1 1082763679901 1
1 1082763679902 4
1 1082763679903 1
1 1082763679905 1
1 1082763679906 4
1 1082763679907 1
1 1082763679948 1
1 1082763679949 4
1 1082763679950 1
1 1082763679952 1
1 1082763679953 4
1 1082763679954 1
1 1082763679956 1
1 1082763679957 4
1 1082763679958 1
1 1082763679960 1
1 1082763679961 4
1 1082763679962 1
1 1082763679964 1
1 1082763679965 4
1 1082763679966 1
1 1082763679968 1
1 1082763679969 4
1 1082763679970 1
1 1082763680045 1
1 1082763680046 4
1 1082763680047 1
1 1082763680049 1
1 1082763680050 4
1 1082763680051 1
1 1082763680053 1
1 1082763680054 4
1 1082763680055 1
1 1082763680057 1
1 1082763680058 4
1 1082763680059 1
1 1082763680061 1
1 1082763680062 4
1 1082763680063 1
1 1082763680065 1
1 1082763680066 4
1 1082763680067 1
1 1082763680108 1
1 1082763680109 4
1 1082763680110 1
1 1082763680112 1
1 1082763680113 4
1 1082763680114 1
1 1082763680116 1
1 1082763680117 4
1 1082763680118 1
1 1082763680120 1
1 1082763680121 4
1 1082763680122 1
1 1082763680124 1
1 1082763680125 4
1 1082763680126 1
1 1082763680128 1
1 1082763680129 4
1 1082763680130 1
1 1082763680172 4
1 1082763680173 1
1 1082763680176 4
1 1082763680177 1
1 1082763680180 4
1 1082763680181 1
1 1082763680184 4
1 1082763680185 1
1 1082763680188 4
1 1082763680189 1
1 1082763680192 4
1 1082763680193 1
1 1082763680222 1
1 1082763680223 1
1 1082763680226 1
1 1082763680227 1
1 1082763680230 1
1 1082763680231 1
1 1082763680234 1
1 1082763680235 1
1 1082763680238 1
1 1082763680239 1
1 1082763680242 1
1 1082763680243 1
1 1082763680285 1
1 1082763680286 4
1 1082763680287 1
1 1082763680289 1
1 1082763680290 4
1 1082763680291 1
1 1082763680293 1
1 1082763680294 4
1 1082763680295 1
1 1082763680297 1
1 1082763680298 4
1 1082763680299 1
1 1082763680301 1
1 1082763680302 4
1 1082763680303 1
1 1082763680305 1
1 1082763680306 4
1 1082763680307 1
1 1082763680348 1
1 1082763680349 4
1 1082763680350 1
1 1082763680352 1
1 1082763680353 4
1 1082763680354 1
1 1082763680356 1
1 1082763680357 4
1 1082763680358 1
1 1082763680360 1
1 1082763680361 4
1 1082763680362 1
1 1082763680364 1
1 1082763680365 4
1 1082763680366 1
1 1082763680368 1
1 1082763680369 4
1 1082763680370 1
1 1082763680445 1
1 1082763680446 4
1 1082763680447 1
1 1082763680449 1
1 1082763680450 4
1 1082763680451 1
1 1082763680453 1
1 1082763680454 4
1 1082763680455 1
1 1082763680457 1
1 1082763680458 4
1 1082763680459 1
1 1082763680461 1
1 1082763680462 4
1 1082763680463 1
1 1082763680465 1
1 1082763680466 4
1 1082763680467 1
1 1082763680508 1
1 1082763680509 4
1 1082763680510 1
1 1082763680512 1
1 1082763680513 4
1 1082763680514 1
1 1082763680516 1
1 1082763680517 4
1 1082763680518 1
1 1082763680520 1
1 1082763680521 4
1 1082763680522 1
1 1082763680524 1
1 1082763680525 4
1 1082763680526 1
1 1082763680528 1
1 1082763680529 4
1 1082763680530 1
1 1082763680572 4
1 1082763680573 1
1 1082763680576 4
1 1082763680577 1
1 1082763680580 4
1 1082763680581 1
1 1082763680584 4
1 1082763680585 1
1 1082763680588 4
1 1082763680589 1
1 1082763680592 4
1 1082763680593 1
1 1082763680622 1
1 1082763680623 1
1 1082763680626 1
1 1082763680627 1
1 1082763680630 1
1 1082763680631 1
1 1082763680634 1
1 1082763680635 1
1 1082763680638 1
1 1082763680639 1
1 1082763680642 1
1 1082763680643 1
1 1082763680685 1
1 1082763680686 4
1 1082763680687 1
1 1082763680689 1
1 1082763680690 4
1 1082763680691 1
1 1082763680693 1
1 1082763680694 4
1 1082763680695 1
1 1082763680697 1
1 1082763680698 4
1 1082763680699 1
1 1082763680701 1
1 1082763680702 4
1 1082763680703 1
1 1082763680705 1
1 1082763680706 4
1 1082763680707 1
1 1082763680748 1
1 1082763680749 4
1 1082763680750 1
1 1082763680752 1
1 1082763680753 4
1 1082763680754 1
1 1082763680756 1
1 1082763680757 4
1 1082763680758 1
1 1082763680760 1
1 1082763680761 4
1 1082763680762 1
1 1082763680764 1
1 1082763680765 4
1 1082763680766 1
1 1082763680768 1
1 1082763680769 4
1 1082763680770 1
1 1082763680845 1
1 1082763680846 4
1 1082763680847 1
1 1082763680849 1
1 1082763680850 4
1 1082763680851 1
1 1082763680853 1
1 1082763680854 4
1 1082763680855 1
1 1082763680857 1
1 1082763680858 4
1 1082763680859 1
1 1082763680861 1
1 1082763680862 4
1 1082763680863 1
1 1082763680865 1
1 1082763680866 4
1 1082763680867 1
1 1082763680908 1
1 1082763680909 4
1 1082763680910 1
1 1082763680912 1
1 1082763680913 4
1 1082763680914 1
1 1082763680916 1
1 1082763680917 4
1 1082763680918 1
1 1082763680920 1
1 1082763680921 4
1 1082763680922 1
1 1082763680924 1
1 1082763680925 4
1 1082763680926 1
1 1082763680928 1
1 1082763680929 4
1 1082763680930 1
1 1082763680972 4
1 1082763680973 1
1 1082763680976 4
1 1082763680977 1
1 1082763680980 4
1 1082763680981 1
1 1082763680984 4
1 1082763680985 1
1 1082763680988 4
1 1082763680989 1
1 1082763680992 4
1 1082763680993 1
1 1082763681022 1
1 1082763681023 1
1 1082763681026 1
1 1082763681027 1
1 1082763681030 1
1 1082763681031 1
1 1082763681034 1
1 1082763681035 1
1 1082763681038 1
1 1082763681039 1
1 1082763681042 1
1 1082763681043 1
1 1082763681085 1
1 1082763681086 4
1 1082763681087 1
1 1082763681089 1
1 1082763681090 4
1 1082763681091 1
1 1082763681093 1
1 1082763681094 4
1 1082763681095 1
1 1082763681097 1
1 1082763681098 4
1 1082763681099 1
1 1082763681101 1
1 1082763681102 4
1 1082763681103 1
1 1082763681105 1
1 1082763681106 4
1 1082763681107 1
1 1082763681148 1
1 1082763681149 4
1 1082763681150 1
1 1082763681152 1
1 1082763681153 4
1 1082763681154 1
1 1082763681156 1
1 1082763681157 4
1 1082763681158 1
1 1082763681160 1
1 1082763681161 4
1 1082763681162 1
1 1082763681164 1
1 1082763681165 4
1 1082763681166 1
1 1082763681168 1
1 1082763681169 4
1 1082763681170 1
1 1082763681245 1
1 1082763681246 4
1 1082763681247 1
1 1082763681249 1
1 1082763681250 4
1 1082763681251 1
1 1082763681253 1
1 1082763681254 4
1 1082763681255 1
1 1082763681257 1
1 1082763681258 4
1 1082763681259 1
1 1082763681261 1
1 1082763681262 4
1 1082763681263 1
1 1082763681265 1
1 1082763681266 4
1 1082763681267 1
1 1082763681308 1
1 1082763681309 4
1 1082763681310 1
1 1082763681312 1
1 1082763681313 4
1 1082763681314 1
1 1082763681316 1
1 1082763681317 4
1 1082763681318 1
1 1082763681320 1
1 1082763681321 4
1 1082763681322 1
1 1082763681324 1
1 1082763681325 4
1 1082763681326 1
1 1082763681328 1
1 1082763681329 4
1 1082763681330 1
1 1082763681372 4
1 1082763681373 1
1 1082763681376 4
1 1082763681377 1
1 1082763681380 4
1 1082763681381 1
1 1082763681384 4
1 1082763681385 1
1 1082763681388 4
1 1082763681389 1
1 1082763681392 4
1 1082763681393 1
1 1082763681422 1
1 1082763681423 1
1 1082763681426 1
1 1082763681427 1
1 1082763681430 1
1 1082763681431 1
1 1082763681434 1
1 1082763681435 1
1 1082763681438 1
1 1082763681439 1
1 1082763681442 1
1 1082763681443 1
1 1082763681485 1
1 1082763681486 4
1 1082763681487 1
1 1082763681489 1
1 1082763681490 4
1 1082763681491 1
1 1082763681493 1
1 1082763681494 4
1 1082763681495 1
1 1082763681497 1
1 1082763681498 4
1 1082763681499 1
1 1082763681501 1
1 1082763681502 4
1 1082763681503 1
1 1082763681505 1
1 1082763681506 4
1 1082763681507 1
1 1082763681548 1
1 1082763681549 4
1 1082763681550 1
1 1082763681552 1
1 1082763681553 4
1 1082763681554 1
1 1082763681556 1
1 1082763681557 4
1 1082763681558 1
1 1082763681560 1
1 1082763681561 4
1 1082763681562 1
1 1082763681564 1
1 1082763681565 4
1 1082763681566 1
1 1082763681568 1
1 1082763681569 4
1 1082763681570 1
1 1082763681645 1
1 1082763681646 4
1 1082763681647 1
1 1082763681649 1
1 1082763681650 4
1 1082763681651 1
1 1082763681653 1
1 1082763681654 4
1 1082763681655 1
1 1082763681657 1
1 1082763681658 4
1 1082763681659 1
1 1082763681661 1
1 1082763681662 4
1 1082763681663 1
1 1082763681665 1
1 1082763681666 4
1 1082763681667 1
1 1082763681708 1
1 1082763681709 4
1 1082763681710 1
1 1082763681712 1
1 1082763681713 4
1 1082763681714 1
1 1082763681716 1
1 1082763681717 4
1 1082763681718 1
1 1082763681720 1
1 1082763681721 4
1 1082763681722 1
1 1082763681724 1
1 1082763681725 4
1 1082763681726 1
1 1082763681728 1
1 1082763681729 4
1 1082763681730 1
1 1082763681772 4
1 1082763681773 1
1 1082763681776 4
1 1082763681777 1
1 1082763681780 4
1 1082763681781 1
1 1082763681784 4
1 1082763681785 1
1 1082763681788 4
1 1082763681789 1
1 1082763681792 4
1 1082763681793 1
1 1082763681822 1
1 1082763681823 1
1 1082763681826 1
1 1082763681827 1
1 1082763681830 1
1 1082763681831 1
1 1082763681834 1
1 1082763681835 1
1 1082763681838 1
1 1082763681839 1
1 1082763681842 1
1 1082763681843 1
1 1082763681885 1
1 1082763681886 4
1 1082763681887 1
1 1082763681889 1
1 1082763681890 4
1 1082763681891 1
1 1082763681893 1
1 1082763681894 4
1 1082763681895 1
1 1082763681897 1
1 1082763681898 4
1 1082763681899 1
1 1082763681901 1
1 1082763681902 4
1 1082763681903 1
1 1082763681905 1
1 1082763681906 4
1 1082763681907 1
1 1082763681948 1
1 1082763681949 4
1 1082763681950 1
1 1082763681952 1
1 1082763681953 4
1 1082763681954 1
1 1082763681956 1
1 1082763681957 4
1 1082763681958 1
1 1082763681960 1
1 1082763681961 4
1 1082763681962 1
1 1082763681964 1
1 1082763681965 4
1 1082763681966 1
1 1082763681968 1
1 1082763681969 4
1 1082763681970 1
1 1082763682045 1
1 1082763682046 4
1 1082763682047 1
1 1082763682049 1
1 1082763682050 4
1 1082763682051 1
1 1082763682053 1
1 1082763682054 4
1 1082763682055 1
1 1082763682057 1
1 1082763682058 4
1 1082763682059 1
1 1082763682061 1
1 1082763682062 4
1 1082763682063 1
1 1082763682065 1
1 1082763682066 4
1 1082763682067 1
1 1082763682108 1
1 1082763682109 4
1 1082763682110 1
1 1082763682112 1
1 1082763682113 4
1 1082763682114 1
1 1082763682116 1
1 1082763682117 4
1 1082763682118 1
1 1082763682120 1
1 1082763682121 4
1 1082763682122 1
1 1082763682124 1
1 1082763682125 4
1 1082763682126 1
1 1082763682128 1
1 1082763682129 4
1 1082763682130 1
1 1082763682172 4
1 1082763682173 1
1 1082763682176 4
1 1082763682177 1
1 1082763682180 4
1 1082763682181 1
1 1082763682184 4
1 1082763682185 1
1 1082763682188 4
1 1082763682189 1
1 1082763682192 4
1 1082763682193 1
1 1082763682222 1
1 1082763682223 1
1 1082763682226 1
1 1082763682227 1
1 1082763682230 1
1 1082763682231 1
1 1082763682234 1
1 1082763682235 1
1 1082763682238 1
1 1082763682239 1
1 1082763682242 1
1 1082763682243 1
1 1082763682285 1
1 1082763682286 4
1 1082763682287 1
1 1082763682289 1
1 1082763682290 4
1 1082763682291 1
1 1082763682293 1
1 1082763682294 4
1 1082763682295 1
1 1082763682297 1
1 1082763682298 4
1 1082763682299 1
1 1082763682301 1
1 1082763682302 4
1 1082763682303 1
1 1082763682305 1
1 1082763682306 4
1 1082763682307 1
1 1082763682348 1
1 1082763682349 4
1 1082763682350 1
1 1082763682352 1
1 1082763682353 4
1 1082763682354 1
1 1082763682356 1
1 1082763682357 4
1 1082763682358 1
1 1082763682360 1
1 1082763682361 4
1 1082763682362 1
1 1082763682364 1
1 1082763682365 4
1 1082763682366 1
1 1082763682368 1
1 1082763682369 4
1 1082763682370 1
1 1082763682445 1
1 1082763682446 4
1 1082763682447 1
1 1082763682449 1
1 1082763682450 4
1 1082763682451 1
1 1082763682453 1
1 1082763682454 4
1 1082763682455 1
1 1082763682457 1
1 1082763682458 4
1 1082763682459 1
1 1082763682461 1
1 1082763682462 4
1 1082763682463 1
1 1082763682465 1
1 1082763682466 4
1 1082763682467 1
1 1082763682508 1
1 1082763682509 4
1 1082763682510 1
1 1082763682512 1
1 1082763682513 4
1 1082763682514 1
1 1082763682516 1
1 1082763682517 4
1 1082763682518 1
1 1082763682520 1
1 1082763682521 4
1 1082763682522 1
1 1082763682524 1
1 1082763682525 4
1 1082763682526 1
1 1082763682528 1
1 1082763682529 4
1 1082763682530 1
1 1082763682572 4
1 1082763682573 1
1 1082763682576 4
1 1082763682577 1
1 1082763682580 4
1 1082763682581 1
1 1082763682584 4
1 1082763682585 1
1 1082763682588 4
1 1082763682589 1
1 1082763682592 4
1 1082763682593 1
1 1082763682622 1
1 1082763682623 1
1 1082763682626 1
1 1082763682627 1
1 1082763682630 1
1 1082763682631 1
1 1082763682634 1
1 1082763682635 1
1 1082763682638 1
1 1082763682639 1
1 1082763682642 1
1 1082763682643 1
1 1082763682685 1
1 1082763682686 4
1 1082763682687 1
1 1082763682689 1
1 1082763682690 4
1 1082763682691 1
1 1082763682693 1
1 1082763682694 4
1 1082763682695 1
1 1082763682697 1
1 1082763682698 4
1 1082763682699 1
1 1082763682701 1
1 1082763682702 4
1 1082763682703 1
1 1082763682705 1
1 1082763682706 4
1 1082763682707 1
1 1082763682748 1
1 1082763682749 4
1 1082763682750 1
1 1082763682752 1
1 1082763682753 4
1 1082763682754 1
1 1082763682756 1
1 1082763682757 4
1 1082763682758 1
1 1082763682760 1
1 1082763682761 4
1 1082763682762 1
1 1082763682764 1
1 1082763682765 4
1 1082763682766 1
1 1082763682768 1
1 1082763682769 4
1 1082763682770 1
1 1082763682845 1
1 1082763682846 4
1 1082763682847 1
1 1082763682849 1
1 1082763682850 4
1 1082763682851 1
1 1082763682853 1
1 1082763682854 4
1 1082763682855 1
1 1082763682857 1
1 1082763682858 4
1 1082763682859 1
1 1082763682861 1
1 1082763682862 4
1 1082763682863 1
1 1082763682865 1
1 1082763682866 4
1 1082763682867 1
1 1082763682908 1
1 1082763682909 4
1 1082763682910 1
1 1082763682912 1
1 1082763682913 4
1 1082763682914 1
1 1082763682916 1
1 1082763682917 4
1 1082763682918 1
1 1082763682920 1
1 1082763682921 4
1 1082763682922 1
1 1082763682924 1
1 1082763682925 4
1 1082763682926 1
1 1082763682928 1
1 1082763682929 4
1 1082763682930 1
1 1082763682972 4
1 1082763682973 1
1 1082763682976 4
1 1082763682977 1
1 1082763682980 4
1 1082763682981 1
1 1082763682984 4
1 1082763682985 1
1 1082763682988 4
1 1082763682989 1
1 1082763682992 4
1 1082763682993 1
1 1082763683022 1
1 1082763683023 1
1 1082763683026 1
1 1082763683027 1
1 1082763683030 1
1 1082763683031 1
1 1082763683034 1
1 1082763683035 1
1 1082763683038 1
1 1082763683039 1
1 1082763683042 1
1 1082763683043 1
1 1082763683085 1
1 1082763683086 4
1 1082763683087 1
1 1082763683089 1
1 1082763683090 4
1 1082763683091 1
1 1082763683093 1
1 1082763683094 4
1 1082763683095 1
1 1082763683097 1
1 1082763683098 4
1 1082763683099 1
1 1082763683101 1
1 1082763683102 4
1 1082763683103 1
1 1082763683105 1
1 1082763683106 4
1 1082763683107 1
1 1082763683148 1
1 1082763683149 4
1 1082763683150 1
1 1082763683152 1
1 1082763683153 4
1 1082763683154 1
1 1082763683156 1
1 1082763683157 4
1 1082763683158 1
1 1082763683160 1
1 1082763683161 4
1 1082763683162 1
1 1082763683164 1
1 1082763683165 4
1 1082763683166 1
1 1082763683168 1
1 1082763683169 4
1 1082763683170 1
1 1082763683245 1
1 1082763683246 4
1 1082763683247 1
1 1082763683249 1
1 1082763683250 4
1 1082763683251 1
1 1082763683253 1
1 1082763683254 4
1 1082763683255 1
1 1082763683257 1
1 1082763683258 4
1 1082763683259 1
1 1082763683261 1
1 1082763683262 4
1 1082763683263 1
1 1082763683265 1
1 1082763683266 4
1 1082763683267 1
1 1082763683308 1
1 1082763683309 4
1 1082763683310 1
1 1082763683312 1
1 1082763683313 4
1 1082763683314 1
1 1082763683316 1
1 1082763683317 4
1 1082763683318 1
1 1082763683320 1
1 1082763683321 4
1 1082763683322 1
1 1082763683324 1
1 1082763683325 4
1 1082763683326 1
1 1082763683328 1
1 1082763683329 4
1 1082763683330 1
1 1082763683372 4
1 1082763683373 1
1 1082763683376 4
1 1082763683377 1
1 1082763683380 4
1 1082763683381 1
1 1082763683384 4
1 1082763683385 1
1 1082763683388 4
1 1082763683389 1
1 1082763683392 4
1 1082763683393 1
1 1082763683422 1
1 1082763683423 1
1 1082763683426 1
1 1082763683427 1
1 1082763683430 1
1 1082763683431 1
1 1082763683434 1
1 1082763683435 1
1 1082763683438 1
1 1082763683439 1
1 1082763683442 1
1 1082763683443 1
1 1082763683485 1
1 1082763683486 4
1 1082763683487 1
1 1082763683489 1
1 1082763683490 4
1 1082763683491 1
1 1082763683493 1
1 1082763683494 4
1 1082763683495 1
1 1082763683497 1
1 1082763683498 4
1 1082763683499 1
1 1082763683501 1
1 1082763683502 4
1 1082763683503 1
1 1082763683505 1
1 1082763683506 4
1 1082763683507 1
1 1082763683548 1
1 1082763683549 4
1 1082763683550 1
1 1082763683552 1
1 1082763683553 4
1 1082763683554 1
1 1082763683556 1
1 1082763683557 4
1 1082763683558 1
1 1082763683560 1
1 1082763683561 4
1 1082763683562 1
1 1082763683564 1
1 1082763683565 4
1 1082763683566 1
1 1082763683568 1
1 1082763683569 4
1 1082763683570 1
1 1082763683645 1
1 1082763683646 4
1 1082763683647 1
1 1082763683649 1
1 1082763683650 4
1 1082763683651 1
1 1082763683653 1
1 1082763683654 4
1 1082763683655 1
1 1082763683657 1
1 1082763683658 4
1 1082763683659 1
1 1082763683661 1
1 1082763683662 4
1 1082763683663 1
1 1082763683665 1
1 1082763683666 4
1 1082763683667 1
1 1082763683708 1
1 1082763683709 4
1 1082763683710 1
1 1082763683712 1
1 1082763683713 4
1 1082763683714 1
1 1082763683716 1
1 1082763683717 4
1 1082763683718 1
1 1082763683720 1
1 1082763683721 4
1 1082763683722 1
1 1082763683724 1
1 1082763683725 4
1 1082763683726 1
1 1082763683728 1
1 1082763683729 4
1 1082763683730 1
1 1082763683772 4
1 1082763683773 1
1 1082763683776 4
1 1082763683777 1
1 1082763683780 4
1 1082763683781 1
1 1082763683784 4
1 1082763683785 1
1 1082763683788 4
1 1082763683789 1
1 1082763683792 4
1 1082763683793 1
1 1082763683822 1
1 1082763683823 1
1 1082763683826 1
1 1082763683827 1
1 1082763683830 1
1 1082763683831 1
1 1082763683834 1
1 1082763683835 1
1 1082763683838 1
1 1082763683839 1
1 1082763683842 1
1 1082763683843 1
1 1082763683885 1
1 1082763683886 4
1 1082763683887 1
1 1082763683889 1
1 1082763683890 4
1 1082763683891 1
1 1082763683893 1
1 1082763683894 4
1 1082763683895 1
1 1082763683897 1
1 1082763683898 4
1 1082763683899 1
1 1082763683901 1
1 1082763683902 4
1 1082763683903 1
1 1082763683905 1
1 1082763683906 4
1 1082763683907 1
1 1082763683948 1
1 1082763683949 4
1 1082763683950 1
1 1082763683952 1
1 1082763683953 4
1 1082763683954 1
1 1082763683956 1
1 1082763683957 4
1 1082763683958 1
1 1082763683960 1
1 1082763683961 4
1 1082763683962 1
1 1082763683964 1
1 1082763683965 4
1 1082763683966 1
1 1082763683968 1
1 1082763683969 4
1 1082763683970 1
1 1082763684045 1
1 1082763684046 4
1 1082763684047 1
1 1082763684049 1
1 1082763684050 4
1 1082763684051 1
1 1082763684053 1
1 1082763684054 4
1 1082763684055 1
1 1082763684057 1
1 1082763684058 4
1 1082763684059 1
1 1082763684061 1
1 1082763684062 4
1 1082763684063 1
1 1082763684065 1
1 1082763684066 4
1 1082763684067 1
1 1082763684108 1
1 1082763684109 4
1 1082763684110 1
1 1082763684112 1
1 1082763684113 4
1 1082763684114 1
1 1082763684116 1
1 1082763684117 4
1 1082763684118 1
1 1082763684120 1
1 1082763684121 4
1 1082763684122 1
1 1082763684124 1
1 1082763684125 4
1 1082763684126 1
1 1082763684128 1
1 1082763684129 4
1 1082763684130 1
1 1082763684172 4
1 1082763684173 1
1 1082763684176 4
1 1082763684177 1
1 1082763684180 4
1 1082763684181 1
1 1082763684184 4
1 1082763684185 1
1 1082763684188 4
1 1082763684189 1
1 1082763684192 4
1 1082763684193 1
1 1082763684222 1
1 1082763684223 1
1 1082763684226 1
1 1082763684227 1
1 1082763684230 1
1 1082763684231 1
1 1082763684234 1
1 1082763684235 1
1 1082763684238 1
1 1082763684239 1
1 1082763684242 1
1 1082763684243 1
1 1082763684285 1
1 1082763684286 4
1 1082763684287 1
1 1082763684289 1
1 1082763684290 4
1 1082763684291 1
1 1082763684293 1
1 1082763684294 4
1 1082763684295 1
1 1082763684297 1
1 1082763684298 4
1 1082763684299 1
1 1082763684301 1
1 1082763684302 4
1 1082763684303 1
1 1082763684305 1
1 1082763684306 4
1 1082763684307 1
1 1082763684348 1
1 1082763684349 4
1 1082763684350 1
1 1082763684352 1
1 1082763684353 4
1 1082763684354 1
1 1082763684356 1
1 1082763684357 4
1 1082763684358 1
1 1082763684360 1
1 1082763684361 4
1 1082763684362 1
1 1082763684364 1
1 1082763684365 4
1 1082763684366 1
1 1082763684368 1
1 1082763684369 4
1 1082763684370 1
1 1082763684445 1
1 1082763684446 4
1 1082763684447 1
1 1082763684449 1
1 1082763684450 4
1 1082763684451 1
1 1082763684453 1
1 1082763684454 4
1 1082763684455 1
1 1082763684457 1
1 1082763684458 4
1 1082763684459 1
1 1082763684461 1
1 1082763684462 4
1 1082763684463 1
1 1082763684465 1
1 1082763684466 4
1 1082763684467 1
1 1082763684508 1
1 1082763684509 4
1 1082763684510 1
1 1082763684512 1
1 1082763684513 4
1 1082763684514 1
1 1082763684516 1
1 1082763684517 4
1 1082763684518 1
1 1082763684520 1
1 1082763684521 4
1 1082763684522 1
1 1082763684524 1
1 1082763684525 4
1 1082763684526 1
1 1082763684528 1
1 1082763684529 4
1 1082763684530 1
1 1082763684572 4
1 1082763684573 1
1 1082763684576 4
1 1082763684577 1
1 1082763684580 4
1 1082763684581 1
1 1082763684584 4
1 1082763684585 1
1 1082763684588 4
1 1082763684589 1
1 1082763684592 4
1 1082763684593 1
1 1082763684622 1
1 1082763684623 1
1 1082763684626 1
1 1082763684627 1
1 1082763684630 1
1 1082763684631 1
1 1082763684634 1
1 1082763684635 1
1 1082763684638 1
1 1082763684639 1
1 1082763684642 1
1 1082763684643 1
1 1082763684685 1
1 1082763684686 4
1 1082763684687 1
1 1082763684689 1
1 1082763684690 4
1 1082763684691 1
1 1082763684693 1
1 1082763684694 4
1 1082763684695 1
1 1082763684697 1
1 1082763684698 4
1 1082763684699 1
1 1082763684701 1
1 1082763684702 4
1 1082763684703 1
1 1082763684705 1
1 1082763684706 4
1 1082763684707 1
1 1082763684748 1
1 1082763684749 4
1 1082763684750 1
1 1082763684752 1
1 1082763684753 4
1 1082763684754 1
1 1082763684756 1
1 1082763684757 4
1 1082763684758 1
1 1082763684760 1
1 1082763684761 4
1 1082763684762 1
1 1082763684764 1
1 1082763684765 4
1 1082763684766 1
1 1082763684768 1
1 1082763684769 4
1 1082763684770 1
1 1082763684845 1
1 1082763684846 4
1 1082763684847 1
1 1082763684849 1
1 1082763684850 4
1 1082763684851 1
1 1082763684853 1
1 1082763684854 4
1 1082763684855 1
1 1082763684857 1
1 1082763684858 4
1 1082763684859 1
1 1082763684861 1
1 1082763684862 4
1 1082763684863 1
1 1082763684865 1
1 1082763684866 4
1 1082763684867 1
1 1082763684908 1
1 1082763684909 4
1 1082763684910 1
1 1082763684912 1
1 1082763684913 4
1 1082763684914 1
1 1082763684916 1
1 1082763684917 4
1 1082763684918 1
1 1082763684920 1
1 1082763684921 4
1 1082763684922 1
1 1082763684924 1
1 1082763684925 4
1 1082763684926 1
1 1082763684928 1
1 1082763684929 4
1 1082763684930 1
1 1082763684972 4
1 1082763684973 1
1 1082763684976 4
1 1082763684977 1
1 1082763684980 4
1 1082763684981 1
1 1082763684984 4
1 1082763684985 1
1 1082763684988 4
1 1082763684989 1
1 1082763684992 4
1 1082763684993 1
1 1082763685022 1
1 1082763685023 1
1 1082763685026 1
1 1082763685027 1
1 1082763685030 1
1 1082763685031 1
1 1082763685034 1
1 1082763685035 1
1 1082763685038 1
1 1082763685039 1
1 1082763685042 1
1 1082763685043 1
1 1082763685085 1
1 1082763685086 4
1 1082763685087 1
1 1082763685089 1
1 1082763685090 4
1 1082763685091 1
1 1082763685093 1
1 1082763685094 4
1 1082763685095 1
1 1082763685097 1
1 1082763685098 4
1 1082763685099 1
1 1082763685101 1
1 1082763685102 4
1 1082763685103 1
1 1082763685105 1
1 1082763685106 4
1 1082763685107 1
1 1082763685148 1
1 1082763685149 4
1 1082763685150 1
1 1082763685152 1
1 1082763685153 4
1 1082763685154 1
1 1082763685156 1
1 1082763685157 4
1 1082763685158 1
1 1082763685160 1
1 1082763685161 4
1 1082763685162 1
1 1082763685164 1
1 1082763685165 4
1 1082763685166 1
1 1082763685168 1
1 1082763685169 4
1 1082763685170 1
1 1082763685245 1
1 1082763685246 4
1 1082763685247 1
1 1082763685249 1
1 1082763685250 4
1 1082763685251 1
1 1082763685253 1
1 1082763685254 4
1 1082763685255 1
1 1082763685257 1
1 1082763685258 4
1 1082763685259 1
1 1082763685261 1
1 1082763685262 4
1 1082763685263 1
1 1082763685265 1
1 1082763685266 4
1 1082763685267 1
1 1082763685308 1
1 1082763685309 4
1 1082763685310 1
1 1082763685312 1
1 1082763685313 4
1 1082763685314 1
1 1082763685316 1
1 1082763685317 4
1 1082763685318 1
1 1082763685320 1
1 1082763685321 4
1 1082763685322 1
1 1082763685324 1
1 1082763685325 4
1 1082763685326 1
1 1082763685328 1
1 1082763685329 4
1 1082763685330 1
1 1082763685372 4
1 1082763685373 1
1 1082763685376 4
1 1082763685377 1
1 1082763685380 4
1 1082763685381 1
1 1082763685384 4
1 1082763685385 1
1 1082763685388 4
1 1082763685389 1
1 1082763685392 4
1 1082763685393 1
1 1082763685422 1
1 1082763685423 1
1 1082763685426 1
1 1082763685427 1
1 1082763685430 1
1 1082763685431 1
1 1082763685434 1
1 1082763685435 1
1 1082763685438 1
1 1082763685439 1
1 1082763685442 1
1 1082763685443 1
1 1082763685485 1
1 1082763685486 4
1 1082763685487 1
1 1082763685489 1
1 1082763685490 4
1 1082763685491 1
1 1082763685493 1
1 1082763685494 4
1 1082763685495 1
1 1082763685497 1
1 1082763685498 4
1 1082763685499 1
1 1082763685501 1
1 1082763685502 4
1 1082763685503 1
1 1082763685505 1
1 1082763685506 4
1 1082763685507 1
1 1082763685548 1
1 1082763685549 4
1 1082763685550 1
1 1082763685552 1
1 1082763685553 4
1 1082763685554 1
1 1082763685556 1
1 1082763685557 4
1 1082763685558 1
1 1082763685560 1
1 1082763685561 4
1 1082763685562 1
1 1082763685564 1
1 1082763685565 4
1 1082763685566 1
1 1082763685568 1
1 1082763685569 4
1 1082763685570 1
1 1082763685645 1
1 1082763685646 4
1 1082763685647 1
1 1082763685649 1
1 1082763685650 4
1 1082763685651 1
1 1082763685653 1
1 1082763685654 4
1 1082763685655 1
1 1082763685657 1
1 1082763685658 4
1 1082763685659 1
1 1082763685661 1
1 1082763685662 4
1 1082763685663 1
1 1082763685665 1
1 1082763685666 4
1 1082763685667 1
1 1082763685708 1
1 1082763685709 4
1 1082763685710 1
1 1082763685712 1
1 1082763685713 4
1 1082763685714 1
1 1082763685716 1
1 1082763685717 4
1 1082763685718 1
1 1082763685720 1
1 1082763685721 4
1 1082763685722 1
1 1082763685724 1
1 1082763685725 4
1 1082763685726 1
1 1082763685728 1
1 1082763685729 4
1 1082763685730 1
1 1082763685772 4
1 1082763685773 1
1 1082763685776 4
1 1082763685777 1
1 1082763685780 4
1 1082763685781 1
1 1082763685784 4
1 1082763685785 1
1 1082763685788 4
1 1082763685789 1
1 1082763685792 4
1 1082763685793 1
1 1082763685822 1
1 1082763685823 1
1 1082763685826 1
1 1082763685827 1
1 1082763685830 1
1 1082763685831 1
1 1082763685834 1
1 1082763685835 1
1 1082763685838 1
1 1082763685839 1
1 1082763685842 1
1 1082763685843 1
1 1082763685885 1
1 1082763685886 4
1 1082763685887 1
1 1082763685889 1
1 1082763685890 4
1 1082763685891 1
1 1082763685893 1
1 1082763685894 4
1 1082763685895 1
1 1082763685897 1
1 1082763685898 4
1 1082763685899 1
1 1082763685901 1
1 1082763685902 4
1 1082763685903 1
1 1082763685905 1
1 1082763685906 4
1 1082763685907 1
1 1082763685948 1
1 1082763685949 4
1 1082763685950 1
1 1082763685952 1
1 1082763685953 4
1 1082763685954 1
1 1082763685956 1
1 1082763685957 4
1 1082763685958 1
1 1082763685960 1
1 1082763685961 4
1 1082763685962 1
1 1082763685964 1
1 1082763685965 4
1 1082763685966 1
1 1082763685968 1
1 1082763685969 4
1 1082763685970 1
1 1082763686045 1
1 1082763686046 4
1 1082763686047 1
1 1082763686049 1
1 1082763686050 4
1 1082763686051 1
1 1082763686053 1
1 1082763686054 4
1 1082763686055 1
1 1082763686057 1
1 1082763686058 4
1 1082763686059 1
1 1082763686061 1
1 1082763686062 4
1 1082763686063 1
1 1082763686065 1
1 1082763686066 4
1 1082763686067 1
1 1082763686108 1
1 1082763686109 4
1 1082763686110 1
1 1082763686112 1
1 1082763686113 4
1 1082763686114 1
1 1082763686116 1
1 1082763686117 4
1 1082763686118 1
1 1082763686120 1
1 1082763686121 4
1 1082763686122 1
1 1082763686124 1
1 1082763686125 4
1 1082763686126 1
1 1082763686128 1
1 1082763686129 4
1 1082763686130 1
1 1082763686172 4
1 1082763686173 1
1 1082763686176 4
1 1082763686177 1
1 1082763686180 4
1 1082763686181 1
1 1082763686184 4
1 1082763686185 1
1 1082763686188 4
1 1082763686189 1
1 1082763686192 4
1 1082763686193 1
1 1082763686222 1
1 1082763686223 1
1 1082763686226 1
1 1082763686227 1
1 1082763686230 1
1 1082763686231 1
1 1082763686234 1
1 1082763686235 1
1 1082763686238 1
1 1082763686239 1
1 1082763686242 1
1 1082763686243 1
1 1082763686285 1
1 1082763686286 4
1 1082763686287 1
1 1082763686289 1
1 1082763686290 4
1 1082763686291 1
1 1082763686293 1
1 1082763686294 4
1 1082763686295 1
1 1082763686297 1
1 1082763686298 4
1 1082763686299 1
1 1082763686301 1
1 1082763686302 4
1 1082763686303 1
1 1082763686305 1
1 1082763686306 4
1 1082763686307 1
1 1082763686348 1
1 1082763686349 4
1 1082763686350 1
1 1082763686352 1
1 1082763686353 4
1 1082763686354 1
1 1082763686356 1
1 1082763686357 4
1 1082763686358 1
1 1082763686360 1
1 1082763686361 4
1 1082763686362 1
1 1082763686364 1
1 1082763686365 4
1 1082763686366 1
1 1082763686368 1
1 1082763686369 4
1 1082763686370 1
1 1082763686445 1
1 1082763686446 4
1 1082763686447 1
1 1082763686449 1
1 1082763686450 4
1 1082763686451 1
1 1082763686453 1
1 1082763686454 4
1 1082763686455 1
1 1082763686457 1
1 1082763686458 4
1 1082763686459 1
1 1082763686461 1
1 1082763686462 4
1 1082763686463 1
1 1082763686465 1
1 1082763686466 4
1 1082763686467 1
1 1082763686508 1
1 1082763686509 4
1 1082763686510 1
1 1082763686512 1
1 1082763686513 4
1 1082763686514 1
1 1082763686516 1
1 1082763686517 4
1 1082763686518 1
1 1082763686520 1
1 1082763686521 4
1 1082763686522 1
1 1082763686524 1
1 1082763686525 4
1 1082763686526 1
1 1082763686528 1
1 1082763686529 4
1 1082763686530 1
1 1082763686572 4
1 1082763686573 1
1 1082763686576 4
1 1082763686577 1
1 1082763686580 4
1 1082763686581 1
1 1082763686584 4
1 1082763686585 1
1 1082763686588 4
1 1082763686589 1
1 1082763686592 4
1 1082763686593 1
1 1082763686622 1
1 1082763686623 1
1 1082763686626 1
1 1082763686627 1
1 1082763686630 1
1 1082763686631 1
1 1082763686634 1
1 1082763686635 1
1 1082763686638 1
1 1082763686639 1
1 1082763686642 1
1 1082763686643 1
1 1082763686685 1
1 1082763686686 4
1 1082763686687 1
1 1082763686689 1
1 1082763686690 4
1 1082763686691 1
1 1082763686693 1
1 1082763686694 4
1 1082763686695 1
1 1082763686697 1
1 1082763686698 4
1 1082763686699 1
1 1082763686701 1
1 1082763686702 4
1 1082763686703 1
1 1082763686705 1
1 1082763686706 4
1 1082763686707 1
1 1082763686748 1
1 1082763686749 4
1 1082763686750 1
1 1082763686752 1
1 1082763686753 4
1 1082763686754 1
1 1082763686756 1
1 1082763686757 4
1 1082763686758 1
1 1082763686760 1
1 1082763686761 4
1 1082763686762 1
1 1082763686764 1
1 1082763686765 4
1 1082763686766 1
1 1082763686768 1
1 1082763686769 4
1 1082763686770 1
1 1082763686845 1
1 1082763686846 4
1 1082763686847 1
1 1082763686849 1
1 1082763686850 4
1 1082763686851 1
1 1082763686853 1
1 1082763686854 4
1 1082763686855 1
1 1082763686857 1
1 1082763686858 4
1 1082763686859 1
1 1082763686861 1
1 1082763686862 4
1 1082763686863 1
1 1082763686865 1
1 1082763686866 4
1 1082763686867 1
1 1082763686908 1
1 1082763686909 4
1 1082763686910 1
1 1082763686912 1
1 1082763686913 4
1 1082763686914 1
1 1082763686916 1
1 1082763686917 4
1 1082763686918 1
1 1082763686920 1
1 1082763686921 4
1 1082763686922 1
1 1082763686924 1
1 1082763686925 4
1 1082763686926 1
1 1082763686928 1
1 1082763686929 4
1 1082763686930 1
1 1082763686972 4
1 1082763686973 1
1 1082763686976 4
1 1082763686977 1
1 1082763686980 4
1 1082763686981 1
1 1082763686984 4
1 1082763686985 1
1 1082763686988 4
1 1082763686989 1
1 1082763686992 4
1 1082763686993 1
1 1082763687022 1
1 1082763687023 1
1 1082763687026 1
1 1082763687027 1
1 1082763687030 1
1 1082763687031 1
1 1082763687034 1
1 1082763687035 1
1 1082763687038 1
1 1082763687039 1
1 1082763687042 1
1 1082763687043 1
1 1082763687085 1
1 1082763687086 4
1 1082763687087 1
1 1082763687089 1
1 1082763687090 4
1 1082763687091 1
1 1082763687093 1
1 1082763687094 4
1 1082763687095 1
1 1082763687097 1
1 1082763687098 4
1 1082763687099 1
1 1082763687101 1
1 1082763687102 4
1 1082763687103 1
1 1082763687105 1
1 1082763687106 4
1 1082763687107 1
1 1082763687148 1
1 1082763687149 4
1 1082763687150 1
1 1082763687152 1
1 1082763687153 4
1 1082763687154 1
1 1082763687156 1
1 1082763687157 4
1 1082763687158 1
1 1082763687160 1
1 1082763687161 4
1 1082763687162 1
1 1082763687164 1
1 1082763687165 4
1 1082763687166 1
1 1082763687168 1
1 1082763687169 4
1 1082763687170 1
1 1082763687245 1
1 1082763687246 4
1 1082763687247 1
1 1082763687249 1
1 1082763687250 4
1 1082763687251 1
1 1082763687253 1
1 1082763687254 4
1 1082763687255 1
1 1082763687257 1
1 1082763687258 4
1 1082763687259 1
1 1082763687261 1
1 1082763687262 4
1 1082763687263 1
1 1082763687265 1
1 1082763687266 4
1 1082763687267 1
1 1082763687308 1
1 1082763687309 4
1 1082763687310 1
1 1082763687312 1
1 1082763687313 4
1 1082763687314 1
1 1082763687316 1
1 1082763687317 4
1 1082763687318 1
1 1082763687320 1
1 1082763687321 4
1 1082763687322 1
1 1082763687324 1
1 1082763687325 4
1 1082763687326 1
1 1082763687328 1
1 1082763687329 4
1 1082763687330 1
1 1082763687372 4
1 1082763687373 1
1 1082763687376 4
1 1082763687377 1
1 1082763687380 4
1 1082763687381 1
1 1082763687384 4
1 1082763687385 1
1 1082763687388 4
1 1082763687389 1
1 1082763687392 4
1 1082763687393 1
1 1082763687422 1
1 1082763687423 1
1 1082763687426 1
1 1082763687427 1
1 1082763687430 1
1 1082763687431 1
1 1082763687434 1
1 1082763687435 1
1 1082763687438 1
1 1082763687439 1
1 1082763687442 1
1 1082763687443 1
1 1082763687485 1
1 1082763687486 4
1 1082763687487 1
1 1082763687489 1
1 1082763687490 4
1 1082763687491 1
1 1082763687493 1
1 1082763687494 4
1 1082763687495 1
1 1082763687497 1
1 1082763687498 4
1 1082763687499 1
1 1082763687501 1
1 1082763687502 4
1 1082763687503 1
1 1082763687505 1
1 1082763687506 4
1 1082763687507 1
1 1082763687548 1
1 1082763687549 4
1 1082763687550 1
1 1082763687552 1
1 1082763687553 4
1 1082763687554 1
1 1082763687556 1
1 1082763687557 4
1 1082763687558 1
1 1082763687560 1
1 1082763687561 4
1 1082763687562 1
1 1082763687564 1
1 1082763687565 4
1 1082763687566 1
1 1082763687568 1
1 1082763687569 4
1 1082763687570 1
1 1082763687645 1
1 1082763687646 4
1 1082763687647 1
1 1082763687649 1
1 1082763687650 4
1 1082763687651 1
1 1082763687653 1
1 1082763687654 4
1 1082763687655 1
1 1082763687657 1
1 1082763687658 4
1 1082763687659 1
1 1082763687661 1
1 1082763687662 4
1 1082763687663 1
1 1082763687665 1
1 1082763687666 4
1 1082763687667 1
1 1082763687708 1
1 1082763687709 4
1 1082763687710 1
1 1082763687712 1
1 1082763687713 4
1 1082763687714 1
1 1082763687716 1
1 1082763687717 4
1 1082763687718 1
1 1082763687720 1
1 1082763687721 4
1 1082763687722 1
1 1082763687724 1
1 1082763687725 4
1 1082763687726 1
1 1082763687728 1
1 1082763687729 4
1 1082763687730 1
1 1082763687772 4
1 1082763687773 1
1 1082763687776 4
1 1082763687777 1
1 1082763687780 4
1 1082763687781 1
1 1082763687784 4
1 1082763687785 1
1 1082763687788 4
1 1082763687789 1
1 1082763687792 4
1 1082763687793 1
1 1082763687822 1
1 1082763687823 1
1 1082763687826 1
1 1082763687827 1
1 1082763687830 1
1 1082763687831 1
1 1082763687834 1
1 1082763687835 1
1 1082763687838 1
1 1082763687839 1
1 1082763687842 1
1 1082763687843 1
1 1082763687885 1
1 1082763687886 4
1 1082763687887 1
1 1082763687889 1
1 1082763687890 4
1 1082763687891 1
1 1082763687893 1
1 1082763687894 4
1 1082763687895 1
1 1082763687897 1
1 1082763687898 4
1 1082763687899 1
1 1082763687901 1
1 1082763687902 4
1 1082763687903 1
1 1082763687905 1
1 1082763687906 4
1 1082763687907 1
1 1082763687948 1
1 1082763687949 4
1 1082763687950 1
1 1082763687952 1
1 1082763687953 4
1 1082763687954 1
1 1082763687956 1
1 1082763687957 4
1 1082763687958 1
1 1082763687960 1
1 1082763687961 4
1 1082763687962 1
1 1082763687964 1
1 1082763687965 4
1 1082763687966 1
1 1082763687968 1
1 1082763687969 4
1 1082763687970 1
1 1082763688045 1
1 1082763688046 4
1 1082763688047 1
1 1082763688049 1
1 1082763688050 4
1 1082763688051 1
1 1082763688053 1
1 1082763688054 4
1 1082763688055 1
1 1082763688057 1
1 1082763688058 4
1 1082763688059 1
1 1082763688061 1
1 1082763688062 4
1 1082763688063 1
1 1082763688065 1
1 1082763688066 4
1 1082763688067 1
1 1082763688108 1
1 1082763688109 4
1 1082763688110 1
1 1082763688112 1
1 1082763688113 4
1 1082763688114 1
1 1082763688116 1
1 1082763688117 4
1 1082763688118 1
1 1082763688120 1
1 1082763688121 4
1 1082763688122 1
1 1082763688124 1
1 1082763688125 4
1 1082763688126 1
1 1082763688128 1
1 1082763688129 4
1 1082763688130 1
1 1082763688172 4
1 1082763688173 1
1 1082763688176 4
1 1082763688177 1
1 1082763688180 4
1 1082763688181 1
1 1082763688184 4
1 1082763688185 1
1 1082763688188 4
1 1082763688189 1
1 1082763688192 4
1 1082763688193 1
1 1082763688222 1
1 1082763688223 1
1 1082763688226 1
1 1082763688227 1
1 1082763688230 1
1 1082763688231 1
1 1082763688234 1
1 1082763688235 1
1 1082763688238 1
1 1082763688239 1
1 1082763688242 1
1 1082763688243 1
1 1082763688285 1
1 1082763688286 4
1 1082763688287 1
1 1082763688289 1
1 1082763688290 4
1 1082763688291 1
1 1082763688293 1
1 1082763688294 4
1 1082763688295 1
1 1082763688297 1
1 1082763688298 4
1 1082763688299 1
1 1082763688301 1
1 1082763688302 4
1 1082763688303 1
1 1082763688305 1
1 1082763688306 4
1 1082763688307 1
1 1082763688348 1
1 1082763688349 4
1 1082763688350 1
1 1082763688352 1
1 1082763688353 4
1 1082763688354 1
1 1082763688356 1
1 1082763688357 4
1 1082763688358 1
1 1082763688360 1
1 1082763688361 4
1 1082763688362 1
1 1082763688364 1
1 1082763688365 4
1 1082763688366 1
1 1082763688368 1
1 1082763688369 4
1 1082763688370 1
1 1082763688445 1
1 1082763688446 4
1 1082763688447 1
1 1082763688449 1
1 1082763688450 4
1 1082763688451 1
1 1082763688453 1
1 1082763688454 4
1 1082763688455 1
1 1082763688457 1
1 1082763688458 4
1 1082763688459 1
1 1082763688461 1
1 1082763688462 4
1 1082763688463 1
1 1082763688465 1
1 1082763688466 4
1 1082763688467 1
1 1082763688508 1
1 1082763688509 4
1 1082763688510 1
1 1082763688512 1
1 1082763688513 4
1 1082763688514 1
1 1082763688516 1
1 1082763688517 4
1 1082763688518 1
1 1082763688520 1
1 1082763688521 4
1 1082763688522 1
1 1082763688524 1
1 1082763688525 4
1 1082763688526 1
1 1082763688528 1
1 1082763688529 4
1 1082763688530 1
1 1082763688572 4
1 1082763688573 1
1 1082763688576 4
1 1082763688577 1
1 1082763688580 4
1 1082763688581 1
1 1082763688584 4
1 1082763688585 1
1 1082763688588 4
1 1082763688589 1
1 1082763688592 4
1 1082763688593 1
1 1082763688622 1
1 1082763688623 1
1 1082763688626 1
1 1082763688627 1
1 1082763688630 1
1 1082763688631 1
1 1082763688634 1
1 1082763688635 1
1 1082763688638 1
1 1082763688639 1
1 1082763688642 1
1 1082763688643 1
1 1082763688685 1
1 1082763688686 4
1 1082763688687 1
1 1082763688689 1
1 1082763688690 4
1 1082763688691 1
1 1082763688693 1
1 1082763688694 4
1 1082763688695 1
1 1082763688697 1
1 1082763688698 4
1 1082763688699 1
1 1082763688701 1
1 1082763688702 4
1 1082763688703 1
1 1082763688705 1
1 1082763688706 4
1 1082763688707 1
1 1082763688748 1
1 1082763688749 4
1 1082763688750 1
1 1082763688752 1
1 1082763688753 4
1 1082763688754 1
1 1082763688756 1
1 1082763688757 4
1 1082763688758 1
1 1082763688760 1
1 1082763688761 4
1 1082763688762 1
1 1082763688764 1
1 1082763688765 4
1 1082763688766 1
1 1082763688768 1
1 1082763688769 4
1 1082763688770 1
1 1082763688845 1
1 1082763688846 4
1 1082763688847 1
1 1082763688849 1
1 1082763688850 4
1 1082763688851 1
1 1082763688853 1
1 1082763688854 4
1 1082763688855 1
1 1082763688857 1
1 1082763688858 4
1 1082763688859 1
1 1082763688861 1
1 1082763688862 4
1 1082763688863 1
1 1082763688865 1
1 1082763688866 4
1 1082763688867 1
1 1082763688908 1
1 1082763688909 4
1 1082763688910 1
1 1082763688912 1
1 1082763688913 4
1 1082763688914 1
1 1082763688916 1
1 1082763688917 4
1 1082763688918 1
1 1082763688920 1
1 1082763688921 4
1 1082763688922 1
1 1082763688924 1
1 1082763688925 4
1 1082763688926 1
1 1082763688928 1
1 1082763688929 4
1 1082763688930 1
1 1082763688972 4
1 1082763688973 1
1 1082763688976 4
1 1082763688977 1
1 1082763688980 4
1 1082763688981 1
1 1082763688984 4
1 1082763688985 1
1 1082763688988 4
1 1082763688989 1
1 1082763688992 4
1 1082763688993 1
1 1082763689022 1
1 1082763689023 1
1 1082763689026 1
1 1082763689027 1
1 1082763689030 1
1 1082763689031 1
1 1082763689034 1
1 1082763689035 1
1 1082763689038 1
1 1082763689039 1
1 1082763689042 1
1 1082763689043 1
1 1082763689085 1
1 1082763689086 4
1 1082763689087 1
1 1082763689089 1
1 1082763689090 4
1 1082763689091 1
1 1082763689093 1
1 1082763689094 4
1 1082763689095 1
1 1082763689097 1
1 1082763689098 4
1 1082763689099 1
1 1082763689101 1
1 1082763689102 4
1 1082763689103 1
1 1082763689105 1
1 1082763689106 4
1 1082763689107 1
1 1082763689148 1
1 1082763689149 4
1 1082763689150 1
1 1082763689152 1
1 1082763689153 4
1 1082763689154 1
1 1082763689156 1
1 1082763689157 4
1 1082763689158 1
1 1082763689160 1
1 1082763689161 4
1 1082763689162 1
1 1082763689164 1
1 1082763689165 4
1 1082763689166 1
1 1082763689168 1
1 1082763689169 4
1 1082763689170 1
1 1082763689245 1
1 1082763689246 4
1 1082763689247 1
1 1082763689249 1
1 1082763689250 4
1 1082763689251 1
1 1082763689253 1
1 1082763689254 4
1 1082763689255 1
1 1082763689257 1
1 1082763689258 4
1 1082763689259 1
1 1082763689261 1
1 1082763689262 4
1 1082763689263 1
1 1082763689265 1
1 1082763689266 4
1 1082763689267 1
1 1082763689308 1
1 1082763689309 4
1 1082763689310 1
1 1082763689312 1
1 1082763689313 4
1 1082763689314 1
1 1082763689316 1
1 1082763689317 4
1 1082763689318 1
1 1082763689320 1
1 1082763689321 4
1 1082763689322 1
1 1082763689324 1
1 1082763689325 4
1 1082763689326 1
1 1082763689328 1
1 1082763689329 4
1 1082763689330 1
1 1082763689372 4
1 1082763689373 1
1 1082763689376 4
1 1082763689377 1
1 1082763689380 4
1 1082763689381 1
1 1082763689384 4
1 1082763689385 1
1 1082763689388 4
1 1082763689389 1
1 1082763689392 4
1 1082763689393 1
1 1082763689422 1
1 1082763689423 1
1 1082763689426 1
1 1082763689427 1
1 1082763689430 1
1 1082763689431 1
1 1082763689434 1
1 1082763689435 1
1 1082763689438 1
1 1082763689439 1
1 1082763689442 1
1 1082763689443 1
1 1082763689485 1
1 1082763689486 4
1 1082763689487 1
1 1082763689489 1
1 1082763689490 4
1 1082763689491 1
1 1082763689493 1
1 1082763689494 4
1 1082763689495 1
1 1082763689497 1
1 1082763689498 4
1 1082763689499 1
1 1082763689501 1
1 1082763689502 4
1 1082763689503 1
1 1082763689505 1
1 1082763689506 4
1 1082763689507 1
1 1082763689548 1
1 1082763689549 4
1 1082763689550 1
1 1082763689552 1
1 1082763689553 4
1 1082763689554 1
1 1082763689556 1
1 1082763689557 4
1 1082763689558 1
1 1082763689560 1
1 1082763689561 4
1 1082763689562 1
1 1082763689564 1
1 1082763689565 4
1 1082763689566 1
1 1082763689568 1
1 1082763689569 4
1 1082763689570 1
1 1082763689645 1
1 1082763689646 4
1 1082763689647 1
1 1082763689649 1
1 1082763689650 4
1 1082763689651 1
1 1082763689653 1
1 1082763689654 4
1 1082763689655 1
1 1082763689657 1
1 1082763689658 4
1 1082763689659 1
1 1082763689661 1
1 1082763689662 4
1 1082763689663 1
1 1082763689665 1
1 1082763689666 4
1 1082763689667 1
1 1082763689708 1
1 1082763689709 4
1 1082763689710 1
1 1082763689712 1
1 1082763689713 4
1 1082763689714 1
1 1082763689716 1
1 1082763689717 4
1 1082763689718 1
1 1082763689720 1
1 1082763689721 4
1 1082763689722 1
1 1082763689724 1
1 1082763689725 4
1 1082763689726 1
1 1082763689728 1
1 1082763689729 4
1 1082763689730 1
1 1082763689772 4
1 1082763689773 1
1 1082763689776 4
1 1082763689777 1
1 1082763689780 4
1 1082763689781 1
1 1082763689784 4
1 1082763689785 1
1 1082763689788 4
1 1082763689789 1
1 1082763689792 4
1 1082763689793 1
1 1082763689822 1
1 1082763689823 1
1 1082763689826 1
1 1082763689827 1
1 1082763689830 1
1 1082763689831 1
1 1082763689834 1
1 1082763689835 1
1 1082763689838 1
1 1082763689839 1
1 1082763689842 1
1 1082763689843 1
1 1082763689885 1
1 1082763689886 4
1 1082763689887 1
1 1082763689889 1
1 1082763689890 4
1 1082763689891 1
1 1082763689893 1
1 1082763689894 4
1 1082763689895 1
1 1082763689897 1
1 1082763689898 4
1 1082763689899 1
1 1082763689901 1
1 1082763689902 4
1 1082763689903 1
1 1082763689905 1
1 1082763689906 4
1 1082763689907 1
1 1082763689948 1
1 1082763689949 4
1 1082763689950 1
1 1082763689952 1
1 1082763689953 4
1 1082763689954 1
1 1082763689956 1
1 1082763689957 4
1 1082763689958 1
1 1082763689960 1
1 1082763689961 4
1 1082763689962 1
1 1082763689964 1
1 1082763689965 4
1 1082763689966 1
1 1082763689968 1
1 1082763689969 4
1 1082763689970 1
1 1082763690045 1
1 1082763690046 4
1 1082763690047 1
1 1082763690049 1
1 1082763690050 4
1 1082763690051 1
1 1082763690053 1
1 1082763690054 4
1 1082763690055 1
1 1082763690057 1
1 1082763690058 4
1 1082763690059 1
1 1082763690061 1
1 1082763690062 4
1 1082763690063 1
1 1082763690065 1
1 1082763690066 4
1 1082763690067 1
1 1082763690108 1
1 1082763690109 4
1 1082763690110 1
1 1082763690112 1
1 1082763690113 4
1 1082763690114 1
1 1082763690116 1
1 1082763690117 4
1 1082763690118 1
1 1082763690120 1
1 1082763690121 4
1 1082763690122 1
1 1082763690124 1
1 1082763690125 4
1 1082763690126 1
1 1082763690128 1
1 1082763690129 4
1 1082763690130 1
1 1082763690172 4
1 1082763690173 1
1 1082763690176 4
1 1082763690177 1
1 1082763690180 4
1 1082763690181 1
1 1082763690184 4
1 1082763690185 1
1 1082763690188 4
1 1082763690189 1
1 1082763690192 4
1 1082763690193 1
1 1082763690222 1
1 1082763690223 1
1 1082763690226 1
1 1082763690227 1
1 1082763690230 1
1 1082763690231 1
1 1082763690234 1
1 1082763690235 1
1 1082763690238 1
1 1082763690239 1
1 1082763690242 1
1 1082763690243 1
1 1082763690285 1
1 1082763690286 4
1 1082763690287 1
1 1082763690289 1
1 1082763690290 4
1 1082763690291 1
1 1082763690293 1
1 1082763690294 4
1 1082763690295 1
1 1082763690297 1
1 1082763690298 4
1 1082763690299 1
1 1082763690301 1
1 1082763690302 4
1 1082763690303 1
1 1082763690305 1
1 1082763690306 4
1 1082763690307 1
1 1082763690348 1
1 1082763690349 4
1 1082763690350 1
1 1082763690352 1
1 1082763690353 4
1 1082763690354 1
1 1082763690356 1
1 1082763690357 4
1 1082763690358 1
1 1082763690360 1
1 1082763690361 4
1 1082763690362 1
1 1082763690364 1
1 1082763690365 4
1 1082763690366 1
1 1082763690368 1
1 1082763690369 4
1 1082763690370 1
1 1082763690445 1
1 1082763690446 4
1 1082763690447 1
1 1082763690449 1
1 1082763690450 4
1 1082763690451 1
1 1082763690453 1
1 1082763690454 4
1 1082763690455 1
1 1082763690457 1
1 1082763690458 4
1 1082763690459 1
1 1082763690461 1
1 1082763690462 4
1 1082763690463 1
1 1082763690465 1
1 1082763690466 4
1 1082763690467 1
1 1082763690508 1
1 1082763690509 4
1 1082763690510 1
1 1082763690512 1
1 1082763690513 4
1 1082763690514 1
1 1082763690516 1
1 1082763690517 4
1 1082763690518 1
1 1082763690520 1
1 1082763690521 4
1 1082763690522 1
1 1082763690524 1
1 1082763690525 4
1 1082763690526 1
1 1082763690528 1
1 1082763690529 4
1 1082763690530 1
1 1082763690572 4
1 1082763690573 1
1 1082763690576 4
1 1082763690577 1
1 1082763690580 4
1 1082763690581 1
1 1082763690584 4
1 1082763690585 1
1 1082763690588 4
1 1082763690589 1
1 1082763690592 4
1 1082763690593 1
1 1082763690622 1
1 1082763690623 1
1 1082763690626 1
1 1082763690627 1
1 1082763690630 1
1 1082763690631 1
1 1082763690634 1
1 1082763690635 1
1 1082763690638 1
1 1082763690639 1
1 1082763690642 1
1 1082763690643 1
1 1082763690685 1
1 1082763690686 4
1 1082763690687 1
1 1082763690689 1
1 1082763690690 4
1 1082763690691 1
1 1082763690693 1
1 1082763690694 4
1 1082763690695 1
1 1082763690697 1
1 1082763690698 4
1 1082763690699 1
1 1082763690701 1
1 1082763690702 4
1 1082763690703 1
1 1082763690705 1
1 1082763690706 4
1 1082763690707 1
1 1082763690748 1
1 1082763690749 4
1 1082763690750 1
1 1082763690752 1
1 1082763690753 4
1 1082763690754 1
1 1082763690756 1
1 1082763690757 4
1 1082763690758 1
1 1082763690760 1
1 1082763690761 4
1 1082763690762 1
1 1082763690764 1
1 1082763690765 4
1 1082763690766 1
1 1082763690768 1
1 1082763690769 4
1 1082763690770 1
1 1082763690845 1
1 1082763690846 4
1 1082763690847 1
1 1082763690849 1
1 1082763690850 4
1 1082763690851 1
1 1082763690853 1
1 1082763690854 4
1 1082763690855 1
1 1082763690857 1
1 1082763690858 4
1 1082763690859 1
1 1082763690861 1
1 1082763690862 4
1 1082763690863 1
1 1082763690865 1
1 1082763690866 4
1 1082763690867 1
1 1082763690908 1
1 1082763690909 4
1 1082763690910 1
1 1082763690912 1
1 1082763690913 4
1 1082763690914 1
1 1082763690916 1
1 1082763690917 4
1 1082763690918 1
1 1082763690920 1
1 1082763690921 4
1 1082763690922 1
1 1082763690924 1
1 1082763690925 4
1 1082763690926 1
1 1082763690928 1
1 1082763690929 4
1 1082763690930 1
1 1082763690972 4
1 1082763690973 1
1 1082763690976 4
1 1082763690977 1
1 1082763690980 4
1 1082763690981 1
1 1082763690984 4
1 1082763690985 1
1 1082763690988 4
1 1082763690989 1
1 1082763690992 4
1 1082763690993 1
1 1082763691022 1
1 1082763691023 1
1 1082763691026 1
1 1082763691027 1
1 1082763691030 1
1 1082763691031 1
1 1082763691034 1
1 1082763691035 1
1 1082763691038 1
1 1082763691039 1
1 1082763691042 1
1 1082763691043 1
1 1082763691085 1
1 1082763691086 4
1 1082763691087 1
1 1082763691089 1
1 1082763691090 4
1 1082763691091 1
1 1082763691093 1
1 1082763691094 4
1 1082763691095 1
1 1082763691097 1
1 1082763691098 4
1 1082763691099 1
1 1082763691101 1
1 1082763691102 4
1 1082763691103 1
1 1082763691105 1
1 1082763691106 4
1 1082763691107 1
1 1082763691148 1
1 1082763691149 4
1 1082763691150 1
1 1082763691152 1
1 1082763691153 4
1 1082763691154 1
1 1082763691156 1
1 1082763691157 4
1 1082763691158 1
1 1082763691160 1
1 1082763691161 4
1 1082763691162 1
1 1082763691164 1
1 1082763691165 4
1 1082763691166 1
1 1082763691168 1
1 1082763691169 4
1 1082763691170 1
1 1082763691245 1
1 1082763691246 4
1 1082763691247 1
1 1082763691249 1
1 1082763691250 4
1 1082763691251 1
1 1082763691253 1
1 1082763691254 4
1 1082763691255 1
1 1082763691257 1
1 1082763691258 4
1 1082763691259 1
1 1082763691261 1
1 1082763691262 4
1 1082763691263 1
1 1082763691265 1
1 1082763691266 4
1 1082763691267 1
1 1082763691308 1
1 1082763691309 4
1 1082763691310 1
1 1082763691312 1
1 1082763691313 4
1 1082763691314 1
1 1082763691316 1
1 1082763691317 4
1 1082763691318 1
1 1082763691320 1
1 1082763691321 4
1 1082763691322 1
1 1082763691324 1
1 1082763691325 4
1 1082763691326 1
1 1082763691328 1
1 1082763691329 4
1 1082763691330 1
1 1082763691372 4
1 1082763691373 1
1 1082763691376 4
1 1082763691377 1
1 1082763691380 4
1 1082763691381 1
1 1082763691384 4
1 1082763691385 1
1 1082763691388 4
1 1082763691389 1
1 1082763691392 4
1 1082763691393 1
1 1082763691422 1
1 1082763691423 1
1 1082763691426 1
1 1082763691427 1
1 1082763691430 1
1 1082763691431 1
1 1082763691434 1
1 1082763691435 1
1 1082763691438 1
1 1082763691439 1
1 1082763691442 1
1 1082763691443 1
1 1082763691485 1
1 1082763691486 4
1 1082763691487 1
1 1082763691489 1
1 1082763691490 4
1 1082763691491 1
1 1082763691493 1
1 1082763691494 4
1 1082763691495 1
1 1082763691497 1
1 1082763691498 4
1 1082763691499 1
1 1082763691501 1
1 1082763691502 4
1 1082763691503 1
1 1082763691505 1
1 1082763691506 4
1 1082763691507 1
1 1082763691548 1
1 1082763691549 4
1 1082763691550 1
1 1082763691552 1
1 1082763691553 4
1 1082763691554 1
1 1082763691556 1
1 1082763691557 4
1 1082763691558 1
1 1082763691560 1
1 1082763691561 4
1 1082763691562 1
1 1082763691564 1
1 1082763691565 4
1 1082763691566 1
1 1082763691568 1
1 1082763691569 4
1 1082763691570 1
1 1082763691645 1
1 1082763691646 4
1 1082763691647 1
1 1082763691649 1
1 1082763691650 4
1 1082763691651 1
1 1082763691653 1
1 1082763691654 4
1 1082763691655 1
1 1082763691657 1
1 1082763691658 4
1 1082763691659 1
1 1082763691661 1
1 1082763691662 4
1 1082763691663 1
1 1082763691665 1
1 1082763691666 4
1 1082763691667 1
1 1082763691708 1
1 1082763691709 4
1 1082763691710 1
1 1082763691712 1
1 1082763691713 4
1 1082763691714 1
1 1082763691716 1
1 1082763691717 4
1 1082763691718 1
1 1082763691720 1
1 1082763691721 4
1 1082763691722 1
1 1082763691724 1
1 1082763691725 4
1 1082763691726 1
1 1082763691728 1
1 1082763691729 4
1 1082763691730 1
1 1082763691772 4
1 1082763691773 1
1 1082763691776 4
1 1082763691777 1
1 1082763691780 4
1 1082763691781 1
1 1082763691784 4
1 1082763691785 1
1 1082763691788 4
1 1082763691789 1
1 1082763691792 4
1 1082763691793 1
1 1082763691822 1
1 1082763691823 1
1 1082763691826 1
1 1082763691827 1
1 1082763691830 1
1 1082763691831 1
1 1082763691834 1
1 1082763691835 1
1 1082763691838 1
1 1082763691839 1
1 1082763691842 1
1 1082763691843 1
1 1082763691885 1
1 1082763691886 4
1 1082763691887 1
1 1082763691889 1
1 1082763691890 4
1 1082763691891 1
1 1082763691893 1
1 1082763691894 4
1 1082763691895 1
1 1082763691897 1
1 1082763691898 4
1 1082763691899 1
1 1082763691901 1
1 1082763691902 4
1 1082763691903 1
1 1082763691905 1
1 1082763691906 4
1 1082763691907 1
1 1082763691948 1
1 1082763691949 4
1 1082763691950 1
1 1082763691952 1
1 1082763691953 4
1 1082763691954 1
1 1082763691956 1
1 1082763691957 4
1 1082763691958 1
1 1082763691960 1
1 1082763691961 4
1 1082763691962 1
1 1082763691964 1
1 1082763691965 4
1 1082763691966 1
1 1082763691968 1
1 1082763691969 4
1 1082763691970 1
1 1082763692045 1
1 1082763692046 4
1 1082763692047 1
1 1082763692049 1
1 1082763692050 4
1 1082763692051 1
1 1082763692053 1
1 1082763692054 4
1 1082763692055 1
1 1082763692057 1
1 1082763692058 4
1 1082763692059 1
1 1082763692061 1
1 1082763692062 4
1 1082763692063 1
1 1082763692065 1
1 1082763692066 4
1 1082763692067 1
1 1082763692108 1
1 1082763692109 4
1 1082763692110 1
1 1082763692112 1
1 1082763692113 4
1 1082763692114 1
1 1082763692116 1
1 1082763692117 4
1 1082763692118 1
1 1082763692120 1
1 1082763692121 4
1 1082763692122 1
1 1082763692124 1
1 1082763692125 4
1 1082763692126 1
1 1082763692128 1
1 1082763692129 4
1 1082763692130 1
1 1082763692172 4
1 1082763692173 1
1 1082763692176 4
1 1082763692177 1
1 1082763692180 4
1 1082763692181 1
1 1082763692184 4
1 1082763692185 1
1 1082763692188 4
1 1082763692189 1
1 1082763692192 4
1 1082763692193 1
1 1082763692222 1
1 1082763692223 1
1 1082763692226 1
1 1082763692227 1
1 1082763692230 1
1 1082763692231 1
1 1082763692234 1
1 1082763692235 1
1 1082763692238 1
1 1082763692239 1
1 1082763692242 1
1 1082763692243 1
1 1082763692285 1
1 1082763692286 4
1 1082763692287 1
1 1082763692289 1
1 1082763692290 4
1 1082763692291 1
1 1082763692293 1
1 1082763692294 4
1 1082763692295 1
1 1082763692297 1
1 1082763692298 4
1 1082763692299 1
1 1082763692301 1
1 1082763692302 4
1 1082763692303 1
1 1082763692305 1
1 1082763692306 4
1 1082763692307 1
1 1082763692348 1
1 1082763692349 4
1 1082763692350 1
1 1082763692352 1
1 1082763692353 4
1 1082763692354 1
1 1082763692356 1
1 1082763692357 4
1 1082763692358 1
1 1082763692360 1
1 1082763692361 4
1 1082763692362 1
1 1082763692364 1
1 1082763692365 4
1 1082763692366 1
1 1082763692368 1
1 1082763692369 4
1 1082763692370 1
1 1082763692445 1
1 1082763692446 4
1 1082763692447 1
1 1082763692449 1
1 1082763692450 4
1 1082763692451 1
1 1082763692453 1
1 1082763692454 4
1 1082763692455 1
1 1082763692457 1
1 1082763692458 4
1 1082763692459 1
1 1082763692461 1
1 1082763692462 4
1 1082763692463 1
1 1082763692465 1
1 1082763692466 4
1 1082763692467 1
1 1082763692508 1
1 1082763692509 4
1 1082763692510 1
1 1082763692512 1
1 1082763692513 4
1 1082763692514 1
1 1082763692516 1
1 1082763692517 4
1 1082763692518 1
1 1082763692520 1
1 1082763692521 4
1 1082763692522 1
1 1082763692524 1
1 1082763692525 4
1 1082763692526 1
1 1082763692528 1
1 1082763692529 4
1 1082763692530 1
1 1082763692572 4
1 1082763692573 1
1 1082763692576 4
1 1082763692577 1
1 1082763692580 4
1 1082763692581 1
1 1082763692584 4
1 1082763692585 1
1 1082763692588 4
1 1082763692589 1
1 1082763692592 4
1 1082763692593 1
1 1082763692622 1
1 1082763692623 1
1 1082763692626 1
1 1082763692627 1
1 1082763692630 1
1 1082763692631 1
1 1082763692634 1
1 1082763692635 1
1 1082763692638 1
1 1082763692639 1
1 1082763692642 1
1 1082763692643 1
1 1082763692685 1
1 1082763692686 4
1 1082763692687 1
1 1082763692689 1
1 1082763692690 4
1 1082763692691 1
1 1082763692693 1
1 1082763692694 4
1 1082763692695 1
1 1082763692697 1
1 1082763692698 4
1 1082763692699 1
1 1082763692701 1
1 1082763692702 4
1 1082763692703 1
1 1082763692705 1
1 1082763692706 4
1 1082763692707 1
1 1082763692748 1
1 1082763692749 4
1 1082763692750 1
1 1082763692752 1
1 1082763692753 4
1 1082763692754 1
1 1082763692756 1
1 1082763692757 4
1 1082763692758 1
1 1082763692760 1
1 1082763692761 4
1 1082763692762 1
1 1082763692764 1
1 1082763692765 4
1 1082763692766 1
1 1082763692768 1
1 1082763692769 4
1 1082763692770 1
1 1082763692845 1
1 1082763692846 4
1 1082763692847 1
1 1082763692849 1
1 1082763692850 4
1 1082763692851 1
1 1082763692853 1
1 1082763692854 4
1 1082763692855 1
1 1082763692857 1
1 1082763692858 4
1 1082763692859 1
1 1082763692861 1
1 1082763692862 4
1 1082763692863 1
1 1082763692865 1
1 1082763692866 4
1 1082763692867 1
1 1082763692908 1
1 1082763692909 4
1 1082763692910 1
1 1082763692912 1
1 1082763692913 4
1 1082763692914 1
1 1082763692916 1
1 1082763692917 4
1 1082763692918 1
1 1082763692920 1
1 1082763692921 4
1 1082763692922 1
1 1082763692924 1
1 1082763692925 4
1 1082763692926 1
1 1082763692928 1
1 1082763692929 4
1 1082763692930 1
1 1082763692972 4
1 1082763692973 1
1 1082763692976 4
1 1082763692977 1
1 1082763692980 4
1 1082763692981 1
1 1082763692984 4
1 1082763692985 1
1 1082763692988 4
1 1082763692989 1
1 1082763692992 4
1 1082763692993 1
1 1082763693022 1
1 1082763693023 1
1 1082763693026 1
1 1082763693027 1
1 1082763693030 1
1 1082763693031 1
1 1082763693034 1
1 1082763693035 1
1 1082763693038 1
1 1082763693039 1
1 1082763693042 1
1 1082763693043 1
1 1082763693085 1
1 1082763693086 4
1 1082763693087 1
1 1082763693089 1
1 1082763693090 4
1 1082763693091 1
1 1082763693093 1
1 1082763693094 4
1 1082763693095 1
1 1082763693097 1
1 1082763693098 4
1 1082763693099 1
1 1082763693101 1
1 1082763693102 4
1 1082763693103 1
1 1082763693105 1
1 1082763693106 4
1 1082763693107 1
1 1082763693148 1
1 1082763693149 4
1 1082763693150 1
1 1082763693152 1
1 1082763693153 4
1 1082763693154 1
1 1082763693156 1
1 1082763693157 4
1 1082763693158 1
1 1082763693160 1
1 1082763693161 4
1 1082763693162 1
1 1082763693164 1
1 1082763693165 4
1 1082763693166 1
1 1082763693168 1
1 1082763693169 4
1 1082763693170 1
1 1082763693245 1
1 1082763693246 4
1 1082763693247 1
1 1082763693249 1
1 1082763693250 4
1 1082763693251 1
1 1082763693253 1
1 1082763693254 4
1 1082763693255 1
1 1082763693257 1
1 1082763693258 4
1 1082763693259 1
1 1082763693261 1
1 1082763693262 4
1 1082763693263 1
1 1082763693265 1
1 1082763693266 4
1 1082763693267 1
1 1082763693308 1
1 1082763693309 4
1 1082763693310 1
1 1082763693312 1
1 1082763693313 4
1 1082763693314 1
1 1082763693316 1
1 1082763693317 4
1 1082763693318 1
1 1082763693320 1
1 1082763693321 4
1 1082763693322 1
1 1082763693324 1
1 1082763693325 4
1 1082763693326 1
1 1082763693328 1
1 1082763693329 4
1 1082763693330 1
1 1082763693372 4
1 1082763693373 1
1 1082763693376 4
1 1082763693377 1
1 1082763693380 4
1 1082763693381 1
1 1082763693384 4
1 1082763693385 1
1 1082763693388 4
1 1082763693389 1
1 1082763693392 4
1 1082763693393 1
1 1082763693422 1
1 1082763693423 1
1 1082763693426 1
1 1082763693427 1
1 1082763693430 1
1 1082763693431 1
1 1082763693434 1
1 1082763693435 1
1 1082763693438 1
1 1082763693439 1
1 1082763693442 1
1 1082763693443 1
1 1082763693485 1
1 1082763693486 4
1 1082763693487 1
1 1082763693489 1
1 1082763693490 4
1 1082763693491 1
1 1082763693493 1
1 1082763693494 4
1 1082763693495 1
1 1082763693497 1
1 1082763693498 4
1 1082763693499 1
1 1082763693501 1
1 1082763693502 4
1 1082763693503 1
1 1082763693505 1
1 1082763693506 4
1 1082763693507 1
1 1082763693548 1
1 1082763693549 4
1 1082763693550 1
1 1082763693552 1
1 1082763693553 4
1 1082763693554 1
1 1082763693556 1
1 1082763693557 4
1 1082763693558 1
1 1082763693560 1
1 1082763693561 4
1 1082763693562 1
1 1082763693564 1
1 1082763693565 4
1 1082763693566 1
1 1082763693568 1
1 1082763693569 4
1 1082763693570 1
1 1082763693645 1
1 1082763693646 4
1 1082763693647 1
1 1082763693649 1
1 1082763693650 4
1 1082763693651 1
1 1082763693653 1
1 1082763693654 4
1 1082763693655 1
1 1082763693657 1
1 1082763693658 4
1 1082763693659 1
1 1082763693661 1
1 1082763693662 4
1 1082763693663 1
1 1082763693665 1
1 1082763693666 4
1 1082763693667 1
1 1082763693708 1
1 1082763693709 4
1 1082763693710 1
1 1082763693712 1
1 1082763693713 4
1 1082763693714 1
1 1082763693716 1
1 1082763693717 4
1 1082763693718 1
1 1082763693720 1
1 1082763693721 4
1 1082763693722 1
1 1082763693724 1
1 1082763693725 4
1 1082763693726 1
1 1082763693728 1
1 1082763693729 4
1 1082763693730 1
1 1082763693772 4
1 1082763693773 1
1 1082763693776 4
1 1082763693777 1
1 1082763693780 4
1 1082763693781 1
1 1082763693784 4
1 1082763693785 1
1 1082763693788 4
1 1082763693789 1
1 1082763693792 4
1 1082763693793 1
1 1082763693822 1
1 1082763693823 1
1 1082763693826 1
1 1082763693827 1
1 1082763693830 1
1 1082763693831 1
1 1082763693834 1
1 1082763693835 1
1 1082763693838 1
1 1082763693839 1
1 1082763693842 1
1 1082763693843 1
1 1082763693885 1
1 1082763693886 4
1 1082763693887 1
1 1082763693889 1
1 1082763693890 4
1 1082763693891 1
1 1082763693893 1
1 1082763693894 4
1 1082763693895 1
1 1082763693897 1
1 1082763693898 4
1 1082763693899 1
1 1082763693901 1
1 1082763693902 4
1 1082763693903 1
1 1082763693905 1
1 1082763693906 4
1 1082763693907 1
1 1082763693948 1
1 1082763693949 4
1 1082763693950 1
1 1082763693952 1
1 1082763693953 4
1 1082763693954 1
1 1082763693956 1
1 1082763693957 4
1 1082763693958 1
1 1082763693960 1
1 1082763693961 4
1 1082763693962 1
1 1082763693964 1
1 1082763693965 4
1 1082763693966 1
1 1082763693968 1
1 1082763693969 4
1 1082763693970 1
1 1082763694045 1
1 1082763694046 4
1 1082763694047 1
1 1082763694049 1
1 1082763694050 4
1 1082763694051 1
1 1082763694053 1
1 1082763694054 4
1 1082763694055 1
1 1082763694057 1
1 1082763694058 4
1 1082763694059 1
1 1082763694061 1
1 1082763694062 4
1 1082763694063 1
1 1082763694065 1
1 1082763694066 4
1 1082763694067 1
1 1082763694108 1
1 1082763694109 4
1 1082763694110 1
1 1082763694112 1
1 1082763694113 4
1 1082763694114 1
1 1082763694116 1
1 1082763694117 4
1 1082763694118 1
1 1082763694120 1
1 1082763694121 4
1 1082763694122 1
1 1082763694124 1
1 1082763694125 4
1 1082763694126 1
1 1082763694128 1
1 1082763694129 4
1 1082763694130 1
1 1082763694172 4
1 1082763694173 1
1 1082763694176 4
1 1082763694177 1
1 1082763694180 4
1 1082763694181 1
1 1082763694184 4
1 1082763694185 1
1 1082763694188 4
1 1082763694189 1
1 1082763694192 4
1 1082763694193 1
1 1082763694222 1
1 1082763694223 1
1 1082763694226 1
1 1082763694227 1
1 1082763694230 1
1 1082763694231 1
1 1082763694234 1
1 1082763694235 1
1 1082763694238 1
1 1082763694239 1
1 1082763694242 1
1 1082763694243 1
1 1082763694285 1
1 1082763694286 4
1 1082763694287 1
1 1082763694289 1
1 1082763694290 4
1 1082763694291 1
1 1082763694293 1
1 1082763694294 4
1 1082763694295 1
1 1082763694297 1
1 1082763694298 4
1 1082763694299 1
1 1082763694301 1
1 1082763694302 4
1 1082763694303 1
1 1082763694305 1
1 1082763694306 4
1 1082763694307 1
1 1082763694348 1
1 1082763694349 4
1 1082763694350 1
1 1082763694352 1
1 1082763694353 4
1 1082763694354 1
1 1082763694356 1
1 1082763694357 4
1 1082763694358 1
1 1082763694360 1
1 1082763694361 4
1 1082763694362 1
1 1082763694364 1
1 1082763694365 4
1 1082763694366 1
1 1082763694368 1
1 1082763694369 4
1 1082763694370 1
1 1082763694445 1
1 1082763694446 4
1 1082763694447 1
1 1082763694449 1
1 1082763694450 4
1 1082763694451 1
1 1082763694453 1
1 1082763694454 4
1 1082763694455 1
1 1082763694457 1
1 1082763694458 4
1 1082763694459 1
1 1082763694461 1
1 1082763694462 4
1 1082763694463 1
1 1082763694465 1
1 1082763694466 4
1 1082763694467 1
1 1082763694508 1
1 1082763694509 4
1 1082763694510 1
1 1082763694512 1
1 1082763694513 4
1 1082763694514 1
1 1082763694516 1
1 1082763694517 4
1 1082763694518 1
1 1082763694520 1
1 1082763694521 4
1 1082763694522 1
1 1082763694524 1
1 1082763694525 4
1 1082763694526 1
1 1082763694528 1
1 1082763694529 4
1 1082763694530 1
1 1082763694572 4
1 1082763694573 1
1 1082763694576 4
1 1082763694577 1
1 1082763694580 4
1 1082763694581 1
1 1082763694584 4
1 1082763694585 1
1 1082763694588 4
1 1082763694589 1
1 1082763694592 4
1 1082763694593 1
1 1082763694622 1
1 1082763694623 1
1 1082763694626 1
1 1082763694627 1
1 1082763694630 1
1 1082763694631 1
1 1082763694634 1
1 1082763694635 1
1 1082763694638 1
1 1082763694639 1
1 1082763694642 1
1 1082763694643 1
1 1082763694685 1
1 1082763694686 4
1 1082763694687 1
1 1082763694689 1
1 1082763694690 4
1 1082763694691 1
1 1082763694693 1
1 1082763694694 4
1 1082763694695 1
1 1082763694697 1
1 1082763694698 4
1 1082763694699 1
1 1082763694701 1
1 1082763694702 4
1 1082763694703 1
1 1082763694705 1
1 1082763694706 4
1 1082763694707 1
1 1082763694748 1
1 1082763694749 4
1 1082763694750 1
1 1082763694752 1
1 1082763694753 4
1 1082763694754 1
1 1082763694756 1
1 1082763694757 4
1 1082763694758 1
1 1082763694760 1
1 1082763694761 4
1 1082763694762 1
1 1082763694764 1
1 1082763694765 4
1 1082763694766 1
1 1082763694768 1
1 1082763694769 4
1 1082763694770 1
1 1082763694845 1
1 1082763694846 4
1 1082763694847 1
1 1082763694849 1
1 1082763694850 4
1 1082763694851 1
1 1082763694853 1
1 1082763694854 4
1 1082763694855 1
1 1082763694857 1
1 1082763694858 4
1 1082763694859 1
1 1082763694861 1
1 1082763694862 4
1 1082763694863 1
1 1082763694865 1
1 1082763694866 4
1 1082763694867 1
1 1082763694908 1
1 1082763694909 4
1 1082763694910 1
1 1082763694912 1
1 1082763694913 4
1 1082763694914 1
1 1082763694916 1
1 1082763694917 4
1 1082763694918 1
1 1082763694920 1
1 1082763694921 4
1 1082763694922 1
1 1082763694924 1
1 1082763694925 4
1 1082763694926 1
1 1082763694928 1
1 1082763694929 4
1 1082763694930 1
1 1082763694972 4
1 1082763694973 1
1 1082763694976 4
1 1082763694977 1
1 1082763694980 4
1 1082763694981 1
1 1082763694984 4
1 1082763694985 1
1 1082763694988 4
1 1082763694989 1
1 1082763694992 4
1 1082763694993 1
1 1082763695022 1
1 1082763695023 1
1 1082763695026 1
1 1082763695027 1
1 1082763695030 1
1 1082763695031 1
1 1082763695034 1
1 1082763695035 1
1 1082763695038 1
1 1082763695039 1
1 1082763695042 1
1 1082763695043 1
1 1082763695085 1
1 1082763695086 4
1 1082763695087 1
1 1082763695089 1
1 1082763695090 4
1 1082763695091 1
1 1082763695093 1
1 1082763695094 4
1 1082763695095 1
1 1082763695097 1
1 1082763695098 4
1 1082763695099 1
1 1082763695101 1
1 1082763695102 4
1 1082763695103 1
1 1082763695105 1
1 1082763695106 4
1 1082763695107 1
1 1082763695148 1
1 1082763695149 4
1 1082763695150 1
1 1082763695152 1
1 1082763695153 4
1 1082763695154 1
1 1082763695156 1
1 1082763695157 4
1 1082763695158 1
1 1082763695160 1
1 1082763695161 4
1 1082763695162 1
1 1082763695164 1
1 1082763695165 4
1 1082763695166 1
1 1082763695168 1
1 1082763695169 4
1 1082763695170 1
1 1082763695245 1
1 1082763695246 4
1 1082763695247 1
1 1082763695249 1
1 1082763695250 4
1 1082763695251 1
1 1082763695253 1
1 1082763695254 4
1 1082763695255 1
1 1082763695257 1
1 1082763695258 4
1 1082763695259 1
1 1082763695261 1
1 1082763695262 4
1 1082763695263 1
1 1082763695265 1
1 1082763695266 4
1 1082763695267 1
1 1082763695308 1
1 1082763695309 4
1 1082763695310 1
1 1082763695312 1
1 1082763695313 4
1 1082763695314 1
1 1082763695316 1
1 1082763695317 4
1 1082763695318 1
1 1082763695320 1
1 1082763695321 4
1 1082763695322 1
1 1082763695324 1
1 1082763695325 4
1 1082763695326 1
1 1082763695328 1
1 1082763695329 4
1 1082763695330 1
1 1082763695372 4
1 1082763695373 1
1 1082763695376 4
1 1082763695377 1
1 1082763695380 4
1 1082763695381 1
1 1082763695384 4
1 1082763695385 1
1 1082763695388 4
1 1082763695389 1
1 1082763695392 4
1 1082763695393 1
1 1082763695422 1
1 1082763695423 1
1 1082763695426 1
1 1082763695427 1
1 1082763695430 1
1 1082763695431 1
1 1082763695434 1
1 1082763695435 1
1 1082763695438 1
1 1082763695439 1
1 1082763695442 1
1 1082763695443 1
1 1082763695485 1
1 1082763695486 4
1 1082763695487 1
1 1082763695489 1
1 1082763695490 4
1 1082763695491 1
1 1082763695493 1
1 1082763695494 4
1 1082763695495 1
1 1082763695497 1
1 1082763695498 4
1 1082763695499 1
1 1082763695501 1
1 1082763695502 4
1 1082763695503 1
1 1082763695505 1
1 1082763695506 4
1 1082763695507 1
1 1082763695548 1
1 1082763695549 4
1 1082763695550 1
1 1082763695552 1
1 1082763695553 4
1 1082763695554 1
1 1082763695556 1
1 1082763695557 4
1 1082763695558 1
1 1082763695560 1
1 1082763695561 4
1 1082763695562 1
1 1082763695564 1
1 1082763695565 4
1 1082763695566 1
1 1082763695568 1
1 1082763695569 4
1 1082763695570 1
1 1082763695645 1
1 1082763695646 4
1 1082763695647 1
1 1082763695649 1
1 1082763695650 4
1 1082763695651 1
1 1082763695653 1
1 1082763695654 4
1 1082763695655 1
1 1082763695657 1
1 1082763695658 4
1 1082763695659 1
1 1082763695661 1
1 1082763695662 4
1 1082763695663 1
1 1082763695665 1
1 1082763695666 4
1 1082763695667 1
1 1082763695708 1
1 1082763695709 4
1 1082763695710 1
1 1082763695712 1
1 1082763695713 4
1 1082763695714 1
1 1082763695716 1
1 1082763695717 4
1 1082763695718 1
1 1082763695720 1
1 1082763695721 4
1 1082763695722 1
1 1082763695724 1
1 1082763695725 4
1 1082763695726 1
1 1082763695728 1
1 1082763695729 4
1 1082763695730 1
1 1082763695772 4
1 1082763695773 1
1 1082763695776 4
1 1082763695777 1
1 1082763695780 4
1 1082763695781 1
1 1082763695784 4
1 1082763695785 1
1 1082763695788 4
1 1082763695789 1
1 1082763695792 4
1 1082763695793 1
1 1082763695822 1
1 1082763695823 1
1 1082763695826 1
1 1082763695827 1
1 1082763695830 1
1 1082763695831 1
1 1082763695834 1
1 1082763695835 1
1 1082763695838 1
1 1082763695839 1
1 1082763695842 1
1 1082763695843 1
1 1082763695885 1
1 1082763695886 4
1 1082763695887 1
1 1082763695889 1
1 1082763695890 4
1 1082763695891 1
1 1082763695893 1
1 1082763695894 4
1 1082763695895 1
1 1082763695897 1
1 1082763695898 4
1 1082763695899 1
1 1082763695901 1
1 1082763695902 4
1 1082763695903 1
1 1082763695905 1
1 1082763695906 4
1 1082763695907 1
1 1082763695948 1
1 1082763695949 4
1 1082763695950 1
1 1082763695952 1
1 1082763695953 4
1 1082763695954 1
1 1082763695956 1
1 1082763695957 4
1 1082763695958 1
1 1082763695960 1
1 1082763695961 4
1 1082763695962 1
1 1082763695964 1
1 1082763695965 4
1 1082763695966 1
1 1082763695968 1
1 1082763695969 4
1 1082763695970 1
1 1082763696045 1
1 1082763696046 4
1 1082763696047 1
1 1082763696049 1
1 1082763696050 4
1 1082763696051 1
1 1082763696053 1
1 1082763696054 4
1 1082763696055 1
1 1082763696057 1
1 1082763696058 4
1 1082763696059 1
1 1082763696061 1
1 1082763696062 4
1 1082763696063 1
1 1082763696065 1
1 1082763696066 4
1 1082763696067 1
1 1082763696108 1
1 1082763696109 4
1 1082763696110 1
1 1082763696112 1
1 1082763696113 4
1 1082763696114 1
1 1082763696116 1
1 1082763696117 4
1 1082763696118 1
1 1082763696120 1
1 1082763696121 4
1 1082763696122 1
1 1082763696124 1
1 1082763696125 4
1 1082763696126 1
1 1082763696128 1
1 1082763696129 4
1 1082763696130 1
1 1082763696172 4
1 1082763696173 1
1 1082763696176 4
1 1082763696177 1
1 1082763696180 4
1 1082763696181 1
1 1082763696184 4
1 1082763696185 1
1 1082763696188 4
1 1082763696189 1
1 1082763696192 4
1 1082763696193 1
1 1082763696222 1
1 1082763696223 1
1 1082763696226 1
1 1082763696227 1
1 1082763696230 1
1 1082763696231 1
1 1082763696234 1
1 1082763696235 1
1 1082763696238 1
1 1082763696239 1
1 1082763696242 1
1 1082763696243 1
1 1082763696285 1
1 1082763696286 4
1 1082763696287 1
1 1082763696289 1
1 1082763696290 4
1 1082763696291 1
1 1082763696293 1
1 1082763696294 4
1 1082763696295 1
1 1082763696297 1
1 1082763696298 4
1 1082763696299 1
1 1082763696301 1
1 1082763696302 4
1 1082763696303 1
1 1082763696305 1
1 1082763696306 4
1 1082763696307 1
1 1082763696348 1
1 1082763696349 4
1 1082763696350 1
1 1082763696352 1
1 1082763696353 4
1 1082763696354 1
1 1082763696356 1
1 1082763696357 4
1 1082763696358 1
1 1082763696360 1
1 1082763696361 4
1 1082763696362 1
1 1082763696364 1
1 1082763696365 4
1 1082763696366 1
1 1082763696368 1
1 1082763696369 4
1 1082763696370 1
1 1082763696445 1
1 1082763696446 4
1 1082763696447 1
1 1082763696449 1
1 1082763696450 4
1 1082763696451 1
1 1082763696453 1
1 1082763696454 4
1 1082763696455 1
1 1082763696457 1
1 1082763696458 4
1 1082763696459 1
1 1082763696461 1
1 1082763696462 4
1 1082763696463 1
1 1082763696465 1
1 1082763696466 4
1 1082763696467 1
1 1082763696508 1
1 1082763696509 4
1 1082763696510 1
1 1082763696512 1
1 1082763696513 4
1 1082763696514 1
1 1082763696516 1
1 1082763696517 4
1 1082763696518 1
1 1082763696520 1
1 1082763696521 4
1 1082763696522 1
1 1082763696524 1
1 1082763696525 4
1 1082763696526 1
1 1082763696528 1
1 1082763696529 4
1 1082763696530 1
1 1082763696572 4
1 1082763696573 1
1 1082763696576 4
1 1082763696577 1
1 1082763696580 4
1 1082763696581 1
1 1082763696584 4
1 1082763696585 1
1 1082763696588 4
1 1082763696589 1
1 1082763696592 4
1 1082763696593 1
1 1082763696622 1
1 1082763696623 1
1 1082763696626 1
1 1082763696627 1
1 1082763696630 1
1 1082763696631 1
1 1082763696634 1
1 1082763696635 1
1 1082763696638 1
1 1082763696639 1
1 1082763696642 1
1 1082763696643 1
1 1082763696685 1
1 1082763696686 4
1 1082763696687 1
1 1082763696689 1
1 1082763696690 4
1 1082763696691 1
1 1082763696693 1
1 1082763696694 4
1 1082763696695 1
1 1082763696697 1
1 1082763696698 4
1 1082763696699 1
1 1082763696701 1
1 1082763696702 4
1 1082763696703 1
1 1082763696705 1
1 1082763696706 4
1 1082763696707 1
1 1082763696748 1
1 1082763696749 4
1 1082763696750 1
1 1082763696752 1
1 1082763696753 4
1 1082763696754 1
1 1082763696756 1
1 1082763696757 4
1 1082763696758 1
1 1082763696760 1
1 1082763696761 4
1 1082763696762 1
1 1082763696764 1
1 1082763696765 4
1 1082763696766 1
1 1082763696768 1
1 1082763696769 4
1 1082763696770 1
1 1082763696845 1
1 1082763696846 4
1 1082763696847 1
1 1082763696849 1
1 1082763696850 4
1 1082763696851 1
1 1082763696853 1
1 1082763696854 4
1 1082763696855 1
1 1082763696857 1
1 1082763696858 4
1 1082763696859 1
1 1082763696861 1
1 1082763696862 4
1 1082763696863 1
1 1082763696865 1
1 1082763696866 4
1 1082763696867 1
1 1082763696908 1
1 1082763696909 4
1 1082763696910 1
1 1082763696912 1
1 1082763696913 4
1 1082763696914 1
1 1082763696916 1
1 1082763696917 4
1 1082763696918 1
1 1082763696920 1
1 1082763696921 4
1 1082763696922 1
1 1082763696924 1
1 1082763696925 4
1 1082763696926 1
1 1082763696928 1
1 1082763696929 4
1 1082763696930 1
1 1082763696972 4
1 1082763696973 1
1 1082763696976 4
1 1082763696977 1
1 1082763696980 4
1 1082763696981 1
1 1082763696984 4
1 1082763696985 1
1 1082763696988 4
1 1082763696989 1
1 1082763696992 4
1 1082763696993 1
1 1082763697022 1
1 1082763697023 1
1 1082763697026 1
1 1082763697027 1
1 1082763697030 1
1 1082763697031 1
1 1082763697034 1
1 1082763697035 1
1 1082763697038 1
1 1082763697039 1
1 1082763697042 1
1 1082763697043 1
1 1082763697085 1
1 1082763697086 4
1 1082763697087 1
1 1082763697089 1
1 1082763697090 4
1 1082763697091 1
1 1082763697093 1
1 1082763697094 4
1 1082763697095 1
1 1082763697097 1
1 1082763697098 4
1 1082763697099 1
1 1082763697101 1
1 1082763697102 4
1 1082763697103 1
1 1082763697105 1
1 1082763697106 4
1 1082763697107 1
1 1082763697148 1
1 1082763697149 4
1 1082763697150 1
1 1082763697152 1
1 1082763697153 4
1 1082763697154 1
1 1082763697156 1
1 1082763697157 4
1 1082763697158 1
1 1082763697160 1
1 1082763697161 4
1 1082763697162 1
1 1082763697164 1
1 1082763697165 4
1 1082763697166 1
1 1082763697168 1
1 1082763697169 4
1 1082763697170 1
1 1082763697245 1
1 1082763697246 4
1 1082763697247 1
1 1082763697249 1
1 1082763697250 4
1 1082763697251 1
1 1082763697253 1
1 1082763697254 4
1 1082763697255 1
1 1082763697257 1
1 1082763697258 4
1 1082763697259 1
1 1082763697261 1
1 1082763697262 4
1 1082763697263 1
1 1082763697265 1
1 1082763697266 4
1 1082763697267 1
1 1082763697308 1
1 1082763697309 4
1 1082763697310 1
1 1082763697312 1
1 1082763697313 4
1 1082763697314 1
1 1082763697316 1
1 1082763697317 4
1 1082763697318 1
1 1082763697320 1
1 1082763697321 4
1 1082763697322 1
1 1082763697324 1
1 1082763697325 4
1 1082763697326 1
1 1082763697328 1
1 1082763697329 4
1 1082763697330 1
1 1082763697372 4
1 1082763697373 1
1 1082763697376 4
1 1082763697377 1
1 1082763697380 4
1 1082763697381 1
1 1082763697384 4
1 1082763697385 1
1 1082763697388 4
1 1082763697389 1
1 1082763697392 4
1 1082763697393 1
1 1082763697422 1
1 1082763697423 1
1 1082763697426 1
1 1082763697427 1
1 1082763697430 1
1 1082763697431 1
1 1082763697434 1
1 1082763697435 1
1 1082763697438 1
1 1082763697439 1
1 1082763697442 1
1 1082763697443 1
1 1082763697485 1
1 1082763697486 4
1 1082763697487 1
1 1082763697489 1
1 1082763697490 4
1 1082763697491 1
1 1082763697493 1
1 1082763697494 4
1 1082763697495 1
1 1082763697497 1
1 1082763697498 4
1 1082763697499 1
1 1082763697501 1
1 1082763697502 4
1 1082763697503 1
1 1082763697505 1
1 1082763697506 4
1 1082763697507 1
1 1082763697548 1
1 1082763697549 4
1 1082763697550 1
1 1082763697552 1
1 1082763697553 4
1 1082763697554 1
1 1082763697556 1
1 1082763697557 4
1 1082763697558 1
1 1082763697560 1
1 1082763697561 4
1 1082763697562 1
1 1082763697564 1
1 1082763697565 4
1 1082763697566 1
1 1082763697568 1
1 1082763697569 4
1 1082763697570 1
1 1082763697645 1
1 1082763697646 4
1 1082763697647 1
1 1082763697649 1
1 1082763697650 4
1 1082763697651 1
1 1082763697653 1
1 1082763697654 4
1 1082763697655 1
1 1082763697657 1
1 1082763697658 4
1 1082763697659 1
1 1082763697661 1
1 1082763697662 4
1 1082763697663 1
1 1082763697665 1
1 1082763697666 4
1 1082763697667 1
1 1082763697708 1
1 1082763697709 4
1 1082763697710 1
1 1082763697712 1
1 1082763697713 4
1 1082763697714 1
1 1082763697716 1
1 1082763697717 4
1 1082763697718 1
1 1082763697720 1
1 1082763697721 4
1 1082763697722 1
1 1082763697724 1
1 1082763697725 4
1 1082763697726 1
1 1082763697728 1
1 1082763697729 4
1 1082763697730 1
1 1082763697772 4
1 1082763697773 1
1 1082763697776 4
1 1082763697777 1
1 1082763697780 4
1 1082763697781 1
1 1082763697784 4
1 1082763697785 1
1 1082763697788 4
1 1082763697789 1
1 1082763697792 4
1 1082763697793 1
1 1082763697822 1
1 1082763697823 1
1 1082763697826 1
1 1082763697827 1
1 1082763697830 1
1 1082763697831 1
1 1082763697834 1
1 1082763697835 1
1 1082763697838 1
1 1082763697839 1
1 1082763697842 1
1 1082763697843 1
1 1082763697885 1
1 1082763697886 4
1 1082763697887 1
1 1082763697889 1
1 1082763697890 4
1 1082763697891 1
1 1082763697893 1
1 1082763697894 4
1 1082763697895 1
1 1082763697897 1
1 1082763697898 4
1 1082763697899 1
1 1082763697901 1
1 1082763697902 4
1 1082763697903 1
1 1082763697905 1
1 1082763697906 4
1 1082763697907 1
1 1082763697948 1
1 1082763697949 4
1 1082763697950 1
1 1082763697952 1
1 1082763697953 4
1 1082763697954 1
1 1082763697956 1
1 1082763697957 4
1 1082763697958 1
1 1082763697960 1
1 1082763697961 4
1 1082763697962 1
1 1082763697964 1
1 1082763697965 4
1 1082763697966 1
1 1082763697968 1
1 1082763697969 4
1 1082763697970 1
1 1082763698045 1
1 1082763698046 4
1 1082763698047 1
1 1082763698049 1
1 1082763698050 4
1 1082763698051 1
1 1082763698053 1
1 1082763698054 4
1 1082763698055 1
1 1082763698057 1
1 1082763698058 4
1 1082763698059 1
1 1082763698061 1
1 1082763698062 4
1 1082763698063 1
1 1082763698065 1
1 1082763698066 4
1 1082763698067 1
1 1082763698108 1
1 1082763698109 4
1 1082763698110 1
1 1082763698112 1
1 1082763698113 4
1 1082763698114 1
1 1082763698116 1
1 1082763698117 4
1 1082763698118 1
1 1082763698120 1
1 1082763698121 4
1 1082763698122 1
1 1082763698124 1
1 1082763698125 4
1 1082763698126 1
1 1082763698128 1
1 1082763698129 4
1 1082763698130 1
1 1082763698172 4
1 1082763698173 1
1 1082763698176 4
1 1082763698177 1
1 1082763698180 4
1 1082763698181 1
1 1082763698184 4
1 1082763698185 1
1 1082763698188 4
1 1082763698189 1
1 1082763698192 4
1 1082763698193 1
1 1082763698222 1
1 1082763698223 1
1 1082763698226 1
1 1082763698227 1
1 1082763698230 1
1 1082763698231 1
1 1082763698234 1
1 1082763698235 1
1 1082763698238 1
1 1082763698239 1
1 1082763698242 1
1 1082763698243 1
1 1082763698285 1
1 1082763698286 4
1 1082763698287 1
1 1082763698289 1
1 1082763698290 4
1 1082763698291 1
1 1082763698293 1
1 1082763698294 4
1 1082763698295 1
1 1082763698297 1
1 1082763698298 4
1 1082763698299 1
1 1082763698301 1
1 1082763698302 4
1 1082763698303 1
1 1082763698305 1
1 1082763698306 4
1 1082763698307 1
1 1082763698348 1
1 1082763698349 4
1 1082763698350 1
1 1082763698352 1
1 1082763698353 4
1 1082763698354 1
1 1082763698356 1
1 1082763698357 4
1 1082763698358 1
1 1082763698360 1
1 1082763698361 4
1 1082763698362 1
1 1082763698364 1
1 1082763698365 4
1 1082763698366 1
1 1082763698368 1
1 1082763698369 4
1 1082763698370 1
1 1082763698445 1
1 1082763698446 4
1 1082763698447 1
1 1082763698449 1
1 1082763698450 4
1 1082763698451 1
1 1082763698453 1
1 1082763698454 4
1 1082763698455 1
1 1082763698457 1
1 1082763698458 4
1 1082763698459 1
1 1082763698461 1
1 1082763698462 4
1 1082763698463 1
1 1082763698465 1
1 1082763698466 4
1 1082763698467 1
1 1082763698508 1
1 1082763698509 4
1 1082763698510 1
1 1082763698512 1
1 1082763698513 4
1 1082763698514 1
1 1082763698516 1
1 1082763698517 4
1 1082763698518 1
1 1082763698520 1
1 1082763698521 4
1 1082763698522 1
1 1082763698524 1
1 1082763698525 4
1 1082763698526 1
1 1082763698528 1
1 1082763698529 4
1 1082763698530 1
1 1082763698572 4
1 1082763698573 1
1 1082763698576 4
1 1082763698577 1
1 1082763698580 4
1 1082763698581 1
1 1082763698584 4
1 1082763698585 1
1 1082763698588 4
1 1082763698589 1
1 1082763698592 4
1 1082763698593 1
1 1082763698622 1
1 1082763698623 1
1 1082763698626 1
1 1082763698627 1
1 1082763698630 1
1 1082763698631 1
1 1082763698634 1
1 1082763698635 1
1 1082763698638 1
1 1082763698639 1
1 1082763698642 1
1 1082763698643 1
1 1082763698685 1
1 1082763698686 4
1 1082763698687 1
1 1082763698689 1
1 1082763698690 4
1 1082763698691 1
1 1082763698693 1
1 1082763698694 4
1 1082763698695 1
1 1082763698697 1
1 1082763698698 4
1 1082763698699 1
1 1082763698701 1
1 1082763698702 4
1 1082763698703 1
1 1082763698705 1
1 1082763698706 4
1 1082763698707 1
1 1082763698748 1
1 1082763698749 4
1 1082763698750 1
1 1082763698752 1
1 1082763698753 4
1 1082763698754 1
1 1082763698756 1
1 1082763698757 4
1 1082763698758 1
1 1082763698760 1
1 1082763698761 4
1 1082763698762 1
1 1082763698764 1
1 1082763698765 4
1 1082763698766 1
1 1082763698768 1
1 1082763698769 4
1 1082763698770 1
1 1082763698845 1
1 1082763698846 4
1 1082763698847 1
1 1082763698849 1
1 1082763698850 4
1 1082763698851 1
1 1082763698853 1
1 1082763698854 4
1 1082763698855 1
1 1082763698857 1
1 1082763698858 4
1 1082763698859 1
1 1082763698861 1
1 1082763698862 4
1 1082763698863 1
1 1082763698865 1
1 1082763698866 4
1 1082763698867 1
1 1082763698908 1
1 1082763698909 4
1 1082763698910 1
1 1082763698912 1
1 1082763698913 4
1 1082763698914 1
1 1082763698916 1
1 1082763698917 4
1 1082763698918 1
1 1082763698920 1
1 1082763698921 4
1 1082763698922 1
1 1082763698924 1
1 1082763698925 4
1 1082763698926 1
1 1082763698928 1
1 1082763698929 4
1 1082763698930 1
1 1082763698972 4
1 1082763698973 1
1 1082763698976 4
1 1082763698977 1
1 1082763698980 4
1 1082763698981 1
1 1082763698984 4
1 1082763698985 1
1 1082763698988 4
1 1082763698989 1
1 1082763698992 4
1 1082763698993 1
1 1082763699022 1
1 1082763699023 1
1 1082763699026 1
1 1082763699027 1
1 1082763699030 1
1 1082763699031 1
1 1082763699034 1
1 1082763699035 1
1 1082763699038 1
1 1082763699039 1
1 1082763699042 1
1 1082763699043 1
1 1082763699085 1
1 1082763699086 4
1 1082763699087 1
1 1082763699089 1
1 1082763699090 4
1 1082763699091 1
1 1082763699093 1
1 1082763699094 4
1 1082763699095 1
1 1082763699097 1
1 1082763699098 4
1 1082763699099 1
1 1082763699101 1
1 1082763699102 4
1 1082763699103 1
1 1082763699105 1
1 1082763699106 4
1 1082763699107 1
1 1082763699148 1
1 1082763699149 4
1 1082763699150 1
1 1082763699152 1
1 1082763699153 4
1 1082763699154 1
1 1082763699156 1
1 1082763699157 4
1 1082763699158 1
1 1082763699160 1
1 1082763699161 4
1 1082763699162 1
1 1082763699164 1
1 1082763699165 4
1 1082763699166 1
1 1082763699168 1
1 1082763699169 4
1 1082763699170 1
1 1082763699245 1
1 1082763699246 4
1 1082763699247 1
1 1082763699249 1
1 1082763699250 4
1 1082763699251 1
1 1082763699253 1
1 1082763699254 4
1 1082763699255 1
1 1082763699257 1
1 1082763699258 4
1 1082763699259 1
1 1082763699261 1
1 1082763699262 4
1 1082763699263 1
1 1082763699265 1
1 1082763699266 4
1 1082763699267 1
1 1082763699308 1
1 1082763699309 4
1 1082763699310 1
1 1082763699312 1
1 1082763699313 4
1 1082763699314 1
1 1082763699316 1
1 1082763699317 4
1 1082763699318 1
1 1082763699320 1
1 1082763699321 4
1 1082763699322 1
1 1082763699324 1
1 1082763699325 4
1 1082763699326 1
1 1082763699328 1
1 1082763699329 4
1 1082763699330 1
1 1082763699372 4
1 1082763699373 1
1 1082763699376 4
1 1082763699377 1
1 1082763699380 4
1 1082763699381 1
1 1082763699384 4
1 1082763699385 1
1 1082763699388 4
1 1082763699389 1
1 1082763699392 4
1 1082763699393 1
1 1082763699422 1
1 1082763699423 1
1 1082763699426 1
1 1082763699427 1
1 1082763699430 1
1 1082763699431 1
1 1082763699434 1
1 1082763699435 1
1 1082763699438 1
1 1082763699439 1
1 1082763699442 1
1 1082763699443 1
1 1082763699485 1
1 1082763699486 4
1 1082763699487 1
1 1082763699489 1
1 1082763699490 4
1 1082763699491 1
1 1082763699493 1
1 1082763699494 4
1 1082763699495 1
1 1082763699497 1
1 1082763699498 4
1 1082763699499 1
1 1082763699501 1
1 1082763699502 4
1 1082763699503 1
1 1082763699505 1
1 1082763699506 4
1 1082763699507 1
1 1082763699548 1
1 1082763699549 4
1 1082763699550 1
1 1082763699552 1
1 1082763699553 4
1 1082763699554 1
1 1082763699556 1
1 1082763699557 4
1 1082763699558 1
1 1082763699560 1
1 1082763699561 4
1 1082763699562 1
1 1082763699564 1
1 1082763699565 4
1 1082763699566 1
1 1082763699568 1
1 1082763699569 4
1 1082763699570 1
1 1082763699645 1
1 1082763699646 4
1 1082763699647 1
1 1082763699649 1
1 1082763699650 4
1 1082763699651 1
1 1082763699653 1
1 1082763699654 4
1 1082763699655 1
1 1082763699657 1
1 1082763699658 4
1 1082763699659 1
1 1082763699661 1
1 1082763699662 4
1 1082763699663 1
1 1082763699665 1
1 1082763699666 4
1 1082763699667 1
1 1082763699708 1
1 1082763699709 4
1 1082763699710 1
1 1082763699712 1
1 1082763699713 4
1 1082763699714 1
1 1082763699716 1
1 1082763699717 4
1 1082763699718 1
1 1082763699720 1
1 1082763699721 4
1 1082763699722 1
1 1082763699724 1
1 1082763699725 4
1 1082763699726 1
1 1082763699728 1
1 1082763699729 4
1 1082763699730 1
1 1082763699772 4
1 1082763699773 1
1 1082763699776 4
1 1082763699777 1
1 1082763699780 4
1 1082763699781 1
1 1082763699784 4
1 1082763699785 1
1 1082763699788 4
1 1082763699789 1
1 1082763699792 4
1 1082763699793 1
1 1082763699822 1
1 1082763699823 1
1 1082763699826 1
1 1082763699827 1
1 1082763699830 1
1 1082763699831 1
1 1082763699834 1
1 1082763699835 1
1 1082763699838 1
1 1082763699839 1
1 1082763699842 1
1 1082763699843 1
1 1082763699885 1
1 1082763699886 4
1 1082763699887 1
1 1082763699889 1
1 1082763699890 4
1 1082763699891 1
1 1082763699893 1
1 1082763699894 4
1 1082763699895 1
1 1082763699897 1
1 1082763699898 4
1 1082763699899 1
1 1082763699901 1
1 1082763699902 4
1 1082763699903 1
1 1082763699905 1
1 1082763699906 4
1 1082763699907 1
1 1082763699948 1
1 1082763699949 4
1 1082763699950 1
1 1082763699952 1
1 1082763699953 4
1 1082763699954 1
1 1082763699956 1
1 1082763699957 4
1 1082763699958 1
1 1082763699960 1
1 1082763699961 4
1 1082763699962 1
1 1082763699964 1
1 1082763699965 4
1 1082763699966 1
1 1082763699968 1
1 1082763699969 4
1 1082763699970 1
1 1082763700045 1
1 1082763700046 4
1 1082763700047 1
1 1082763700049 1
1 1082763700050 4
1 1082763700051 1
1 1082763700053 1
1 1082763700054 4
1 1082763700055 1
1 1082763700057 1
1 1082763700058 4
1 1082763700059 1
1 1082763700061 1
1 1082763700062 4
1 1082763700063 1
1 1082763700065 1
1 1082763700066 4
1 1082763700067 1
1 1082763700108 1
1 1082763700109 4
1 1082763700110 1
1 1082763700112 1
1 1082763700113 4
1 1082763700114 1
1 1082763700116 1
1 1082763700117 4
1 1082763700118 1
1 1082763700120 1
1 1082763700121 4
1 1082763700122 1
1 1082763700124 1
1 1082763700125 4
1 1082763700126 1
1 1082763700128 1
1 1082763700129 4
1 1082763700130 1
1 1082763700172 4
1 1082763700173 1
1 1082763700176 4
1 1082763700177 1
1 1082763700180 4
1 1082763700181 1
1 1082763700184 4
1 1082763700185 1
1 1082763700188 4
1 1082763700189 1
1 1082763700192 4
1 1082763700193 1
1 1082763700222 1
1 1082763700223 1
1 1082763700226 1
1 1082763700227 1
1 1082763700230 1
1 1082763700231 1
1 1082763700234 1
1 1082763700235 1
1 1082763700238 1
1 1082763700239 1
1 1082763700242 1
1 1082763700243 1
1 1082763700285 1
1 1082763700286 4
1 1082763700287 1
1 1082763700289 1
1 1082763700290 4
1 1082763700291 1
1 1082763700293 1
1 1082763700294 4
1 1082763700295 1
1 1082763700297 1
1 1082763700298 4
1 1082763700299 1
1 1082763700301 1
1 1082763700302 4
1 1082763700303 1
1 1082763700305 1
1 1082763700306 4
1 1082763700307 1
1 1082763700348 1
1 1082763700349 4
1 1082763700350 1
1 1082763700352 1
1 1082763700353 4
1 1082763700354 1
1 1082763700356 1
1 1082763700357 4
1 1082763700358 1
1 1082763700360 1
1 1082763700361 4
1 1082763700362 1
1 1082763700364 1
1 1082763700365 4
1 1082763700366 1
1 1082763700368 1
1 1082763700369 4
1 1082763700370 1
1 1082763700445 1
1 1082763700446 4
1 1082763700447 1
1 1082763700449 1
1 1082763700450 4
1 1082763700451 1
1 1082763700453 1
1 1082763700454 4
1 1082763700455 1
1 1082763700457 1
1 1082763700458 4
1 1082763700459 1
1 1082763700461 1
1 1082763700462 4
1 1082763700463 1
1 1082763700465 1
1 1082763700466 4
1 1082763700467 1
1 1082763700508 1
1 1082763700509 4
1 1082763700510 1
1 1082763700512 1
1 1082763700513 4
1 1082763700514 1
1 1082763700516 1
1 1082763700517 4
1 1082763700518 1
1 1082763700520 1
1 1082763700521 4
1 1082763700522 1
1 1082763700524 1
1 1082763700525 4
1 1082763700526 1
1 1082763700528 1
1 1082763700529 4
1 1082763700530 1
1 1082763700572 4
1 1082763700573 1
1 1082763700576 4
1 1082763700577 1
1 1082763700580 4
1 1082763700581 1
1 1082763700584 4
1 1082763700585 1
1 1082763700588 4
1 1082763700589 1
1 1082763700592 4
1 1082763700593 1
1 1082763700622 1
1 1082763700623 1
1 1082763700626 1
1 1082763700627 1
1 1082763700630 1
1 1082763700631 1
1 1082763700634 1
1 1082763700635 1
1 1082763700638 1
1 1082763700639 1
1 1082763700642 1
1 1082763700643 1
1 1082763700685 1
1 1082763700686 4
1 1082763700687 1
1 1082763700689 1
1 1082763700690 4
1 1082763700691 1
1 1082763700693 1
1 1082763700694 4
1 1082763700695 1
1 1082763700697 1
1 1082763700698 4
1 1082763700699 1
1 1082763700701 1
1 1082763700702 4
1 1082763700703 1
1 1082763700705 1
1 1082763700706 4
1 1082763700707 1
1 1082763700748 1
1 1082763700749 4
1 1082763700750 1
1 1082763700752 1
1 1082763700753 4
1 1082763700754 1
1 1082763700756 1
1 1082763700757 4
1 1082763700758 1
1 1082763700760 1
1 1082763700761 4
1 1082763700762 1
1 1082763700764 1
1 1082763700765 4
1 1082763700766 1
1 1082763700768 1
1 1082763700769 4
1 1082763700770 1
1 1082763700845 1
1 1082763700846 4
1 1082763700847 1
1 1082763700849 1
1 1082763700850 4
1 1082763700851 1
1 1082763700853 1
1 1082763700854 4
1 1082763700855 1
1 1082763700857 1
1 1082763700858 4
1 1082763700859 1
1 1082763700861 1
1 1082763700862 4
1 1082763700863 1
1 1082763700865 1
1 1082763700866 4
1 1082763700867 1
1 1082763700908 1
1 1082763700909 4
1 1082763700910 1
1 1082763700912 1
1 1082763700913 4
1 1082763700914 1
1 1082763700916 1
1 1082763700917 4
1 1082763700918 1
1 1082763700920 1
1 1082763700921 4
1 1082763700922 1
1 1082763700924 1
1 1082763700925 4
1 1082763700926 1
1 1082763700928 1
1 1082763700929 4
1 1082763700930 1
1 1082763700972 4
1 1082763700973 1
1 1082763700976 4
1 1082763700977 1
1 1082763700980 4
1 1082763700981 1
1 1082763700984 4
1 1082763700985 1
1 1082763700988 4
1 1082763700989 1
1 1082763700992 4
1 1082763700993 1
1 1082763701022 1
1 1082763701023 1
1 1082763701026 1
1 1082763701027 1
1 1082763701030 1
1 1082763701031 1
1 1082763701034 1
1 1082763701035 1
1 1082763701038 1
1 1082763701039 1
1 1082763701042 1
1 1082763701043 1
1 1082763701085 1
1 1082763701086 4
1 1082763701087 1
1 1082763701089 1
1 1082763701090 4
1 1082763701091 1
1 1082763701093 1
1 1082763701094 4
1 1082763701095 1
1 1082763701097 1
1 1082763701098 4
1 1082763701099 1
1 1082763701101 1
1 1082763701102 4
1 1082763701103 1
1 1082763701105 1
1 1082763701106 4
1 1082763701107 1
1 1082763701148 1
1 1082763701149 4
1 1082763701150 1
1 1082763701152 1
1 1082763701153 4
1 1082763701154 1
1 1082763701156 1
1 1082763701157 4
1 1082763701158 1
1 1082763701160 1
1 1082763701161 4
1 1082763701162 1
1 1082763701164 1
1 1082763701165 4
1 1082763701166 1
1 1082763701168 1
1 1082763701169 4
1 1082763701170 1
1 1082763701245 1
1 1082763701246 4
1 1082763701247 1
1 1082763701249 1
1 1082763701250 4
1 1082763701251 1
1 1082763701253 1
1 1082763701254 4
1 1082763701255 1
1 1082763701257 1
1 1082763701258 4
1 1082763701259 1
1 1082763701261 1
1 1082763701262 4
1 1082763701263 1
1 1082763701265 1
1 1082763701266 4
1 1082763701267 1
1 1082763701308 1
1 1082763701309 4
1 1082763701310 1
1 1082763701312 1
1 1082763701313 4
1 1082763701314 1
1 1082763701316 1
1 1082763701317 4
1 1082763701318 1
1 1082763701320 1
1 1082763701321 4
1 1082763701322 1
1 1082763701324 1
1 1082763701325 4
1 1082763701326 1
1 1082763701328 1
1 1082763701329 4
1 1082763701330 1
1 1082763701372 4
1 1082763701373 1
1 1082763701376 4
1 1082763701377 1
1 1082763701380 4
1 1082763701381 1
1 1082763701384 4
1 1082763701385 1
1 1082763701388 4
1 1082763701389 1
1 1082763701392 4
1 1082763701393 1
1 1082763701422 1
1 1082763701423 1
1 1082763701426 1
1 1082763701427 1
1 1082763701430 1
1 1082763701431 1
1 1082763701434 1
1 1082763701435 1
1 1082763701438 1
1 1082763701439 1
1 1082763701442 1
1 1082763701443 1
1 1082763701485 1
1 1082763701486 4
1 1082763701487 1
1 1082763701489 1
1 1082763701490 4
1 1082763701491 1
1 1082763701493 1
1 1082763701494 4
1 1082763701495 1
1 1082763701497 1
1 1082763701498 4
1 1082763701499 1
1 1082763701501 1
1 1082763701502 4
1 1082763701503 1
1 1082763701505 1
1 1082763701506 4
1 1082763701507 1
1 1082763701548 1
1 1082763701549 4
1 1082763701550 1
1 1082763701552 1
1 1082763701553 4
1 1082763701554 1
1 1082763701556 1
1 1082763701557 4
1 1082763701558 1
1 1082763701560 1
1 1082763701561 4
1 1082763701562 1
1 1082763701564 1
1 1082763701565 4
1 1082763701566 1
1 1082763701568 1
1 1082763701569 4
1 1082763701570 1
1 1082763701645 1
1 1082763701646 4
1 1082763701647 1
1 1082763701649 1
1 1082763701650 4
1 1082763701651 1
1 1082763701653 1
1 1082763701654 4
1 1082763701655 1
1 1082763701657 1
1 1082763701658 4
1 1082763701659 1
1 1082763701661 1
1 1082763701662 4
1 1082763701663 1
1 1082763701665 1
1 1082763701666 4
1 1082763701667 1
1 1082763701708 1
1 1082763701709 4
1 1082763701710 1
1 1082763701712 1
1 1082763701713 4
1 1082763701714 1
1 1082763701716 1
1 1082763701717 4
1 1082763701718 1
1 1082763701720 1
1 1082763701721 4
1 1082763701722 1
1 1082763701724 1
1 1082763701725 4
1 1082763701726 1
1 1082763701728 1
1 1082763701729 4
1 1082763701730 1
1 1082763701772 4
1 1082763701773 1
1 1082763701776 4
1 1082763701777 1
1 1082763701780 4
1 1082763701781 1
1 1082763701784 4
1 1082763701785 1
1 1082763701788 4
1 1082763701789 1
1 1082763701792 4
1 1082763701793 1
1 1082763701822 1
1 1082763701823 1
1 1082763701826 1
1 1082763701827 1
1 1082763701830 1
1 1082763701831 1
1 1082763701834 1
1 1082763701835 1
1 1082763701838 1
1 1082763701839 1
1 1082763701842 1
1 1082763701843 1
1 1082763701885 1
1 1082763701886 4
1 1082763701887 1
1 1082763701889 1
1 1082763701890 4
1 1082763701891 1
1 1082763701893 1
1 1082763701894 4
1 1082763701895 1
1 1082763701897 1
1 1082763701898 4
1 1082763701899 1
1 1082763701901 1
1 1082763701902 4
1 1082763701903 1
1 1082763701905 1
1 1082763701906 4
1 1082763701907 1
1 1082763701948 1
1 1082763701949 4
1 1082763701950 1
1 1082763701952 1
1 1082763701953 4
1 1082763701954 1
1 1082763701956 1
1 1082763701957 4
1 1082763701958 1
1 1082763701960 1
1 1082763701961 4
1 1082763701962 1
1 1082763701964 1
1 1082763701965 4
1 1082763701966 1
1 1082763701968 1
1 1082763701969 4
1 1082763701970 1
1 1082763702045 1
1 1082763702046 4
1 1082763702047 1
1 1082763702049 1
1 1082763702050 4
1 1082763702051 1
1 1082763702053 1
1 1082763702054 4
1 1082763702055 1
1 1082763702057 1
1 1082763702058 4
1 1082763702059 1
1 1082763702061 1
1 1082763702062 4
1 1082763702063 1
1 1082763702065 1
1 1082763702066 4
1 1082763702067 1
1 1082763702108 1
1 1082763702109 4
1 1082763702110 1
1 1082763702112 1
1 1082763702113 4
1 1082763702114 1
1 1082763702116 1
1 1082763702117 4
1 1082763702118 1
1 1082763702120 1
1 1082763702121 4
1 1082763702122 1
1 1082763702124 1
1 1082763702125 4
1 1082763702126 1
1 1082763702128 1
1 1082763702129 4
1 1082763702130 1
1 1082763702172 4
1 1082763702173 1
1 1082763702176 4
1 1082763702177 1
1 1082763702180 4
1 1082763702181 1
1 1082763702184 4
1 1082763702185 1
1 1082763702188 4
1 1082763702189 1
1 1082763702192 4
1 1082763702193 1
1 1082763702222 1
1 1082763702223 1
1 1082763702226 1
1 1082763702227 1
1 1082763702230 1
1 1082763702231 1
1 1082763702234 1
1 1082763702235 1
1 1082763702238 1
1 1082763702239 1
1 1082763702242 1
1 1082763702243 1
1 1082763702285 1
1 1082763702286 4
1 1082763702287 1
1 1082763702289 1
1 1082763702290 4
1 1082763702291 1
1 1082763702293 1
1 1082763702294 4
1 1082763702295 1
1 1082763702297 1
1 1082763702298 4
1 1082763702299 1
1 1082763702301 1
1 1082763702302 4
1 1082763702303 1
1 1082763702305 1
1 1082763702306 4
1 1082763702307 1
1 1082763702348 1
1 1082763702349 4
1 1082763702350 1
1 1082763702352 1
1 1082763702353 4
1 1082763702354 1
1 1082763702356 1
1 1082763702357 4
1 1082763702358 1
1 1082763702360 1
1 1082763702361 4
1 1082763702362 1
1 1082763702364 1
1 1082763702365 4
1 1082763702366 1
1 1082763702368 1
1 1082763702369 4
1 1082763702370 1
1 1082763702445 1
1 1082763702446 4
1 1082763702447 1
1 1082763702449 1
1 1082763702450 4
1 1082763702451 1
1 1082763702453 1
1 1082763702454 4
1 1082763702455 1
1 1082763702457 1
1 1082763702458 4
1 1082763702459 1
1 1082763702461 1
1 1082763702462 4
1 1082763702463 1
1 1082763702465 1
1 1082763702466 4
1 1082763702467 1
1 1082763702508 1
1 1082763702509 4
1 1082763702510 1
1 1082763702512 1
1 1082763702513 4
1 1082763702514 1
1 1082763702516 1
1 1082763702517 4
1 1082763702518 1
1 1082763702520 1
1 1082763702521 4
1 1082763702522 1
1 1082763702524 1
1 1082763702525 4
1 1082763702526 1
1 1082763702528 1
1 1082763702529 4
1 1082763702530 1
1 1082763702572 4
1 1082763702573 1
1 1082763702576 4
1 1082763702577 1
1 1082763702580 4
1 1082763702581 1
1 1082763702584 4
1 1082763702585 1
1 1082763702588 4
1 1082763702589 1
1 1082763702592 4
1 1082763702593 1
1 1082763702622 1
1 1082763702623 1
1 1082763702626 1
1 1082763702627 1
1 1082763702630 1
1 1082763702631 1
1 1082763702634 1
1 1082763702635 1
1 1082763702638 1
1 1082763702639 1
1 1082763702642 1
1 1082763702643 1
1 1082763702685 1
1 1082763702686 4
1 1082763702687 1
1 1082763702689 1
1 1082763702690 4
1 1082763702691 1
1 1082763702693 1
1 1082763702694 4
1 1082763702695 1
1 1082763702697 1
1 1082763702698 4
1 1082763702699 1
1 1082763702701 1
1 1082763702702 4
1 1082763702703 1
1 1082763702705 1
1 1082763702706 4
1 1082763702707 1
1 1082763702748 1
1 1082763702749 4
1 1082763702750 1
1 1082763702752 1
1 1082763702753 4
1 1082763702754 1
1 1082763702756 1
1 1082763702757 4
1 1082763702758 1
1 1082763702760 1
1 1082763702761 4
1 1082763702762 1
1 1082763702764 1
1 1082763702765 4
1 1082763702766 1
1 1082763702768 1
1 1082763702769 4
1 1082763702770 1
1 1082763702845 1
1 1082763702846 4
1 1082763702847 1
1 1082763702849 1
1 1082763702850 4
1 1082763702851 1
1 1082763702853 1
1 1082763702854 4
1 1082763702855 1
1 1082763702857 1
1 1082763702858 4
1 1082763702859 1
1 1082763702861 1
1 1082763702862 4
1 1082763702863 1
1 1082763702865 1
1 1082763702866 4
1 1082763702867 1
1 1082763702908 1
1 1082763702909 4
1 1082763702910 1
1 1082763702912 1
1 1082763702913 4
1 1082763702914 1
1 1082763702916 1
1 1082763702917 4
1 1082763702918 1
1 1082763702920 1
1 1082763702921 4
1 1082763702922 1
1 1082763702924 1
1 1082763702925 4
1 1082763702926 1
1 1082763702928 1
1 1082763702929 4
1 1082763702930 1
1 1082763702972 4
1 1082763702973 1
1 1082763702976 4
1 1082763702977 1
1 1082763702980 4
1 1082763702981 1
1 1082763702984 4
1 1082763702985 1
1 1082763702988 4
1 1082763702989 1
1 1082763702992 4
1 1082763702993 1
1 1082763703022 1
1 1082763703023 1
1 1082763703026 1
1 1082763703027 1
1 1082763703030 1
1 1082763703031 1
1 1082763703034 1
1 1082763703035 1
1 1082763703038 1
1 1082763703039 1
1 1082763703042 1
1 1082763703043 1
1 1082763703085 1
1 1082763703086 4
1 1082763703087 1
1 1082763703089 1
1 1082763703090 4
1 1082763703091 1
1 1082763703093 1
1 1082763703094 4
1 1082763703095 1
1 1082763703097 1
1 1082763703098 4
1 1082763703099 1
1 1082763703101 1
1 1082763703102 4
1 1082763703103 1
1 1082763703105 1
1 1082763703106 4
1 1082763703107 1
1 1082763703148 1
1 1082763703149 4
1 1082763703150 1
1 1082763703152 1
1 1082763703153 4
1 1082763703154 1
1 1082763703156 1
1 1082763703157 4
1 1082763703158 1
1 1082763703160 1
1 1082763703161 4
1 1082763703162 1
1 1082763703164 1
1 1082763703165 4
1 1082763703166 1
1 1082763703168 1
1 1082763703169 4
1 1082763703170 1
1 1082763703245 1
1 1082763703246 4
1 1082763703247 1
1 1082763703249 1
1 1082763703250 4
1 1082763703251 1
1 1082763703253 1
1 1082763703254 4
1 1082763703255 1
1 1082763703257 1
1 1082763703258 4
1 1082763703259 1
1 1082763703261 1
1 1082763703262 4
1 1082763703263 1
1 1082763703265 1
1 1082763703266 4
1 1082763703267 1
1 1082763703308 1
1 1082763703309 4
1 1082763703310 1
1 1082763703312 1
1 1082763703313 4
1 1082763703314 1
1 1082763703316 1
1 1082763703317 4
1 1082763703318 1
1 1082763703320 1
1 1082763703321 4
1 1082763703322 1
1 1082763703324 1
1 1082763703325 4
1 1082763703326 1
1 1082763703328 1
1 1082763703329 4
1 1082763703330 1
1 1082763703372 4
1 1082763703373 1
1 1082763703376 4
1 1082763703377 1
1 1082763703380 4
1 1082763703381 1
1 1082763703384 4
1 1082763703385 1
1 1082763703388 4
1 1082763703389 1
1 1082763703392 4
1 1082763703393 1
1 1082763703422 1
1 1082763703423 1
1 1082763703426 1
1 1082763703427 1
1 1082763703430 1
1 1082763703431 1
1 1082763703434 1
1 1082763703435 1
1 1082763703438 1
1 1082763703439 1
1 1082763703442 1
1 1082763703443 1
1 1082763703485 1
1 1082763703486 4
1 1082763703487 1
1 1082763703489 1
1 1082763703490 4
1 1082763703491 1
1 1082763703493 1
1 1082763703494 4
1 1082763703495 1
1 1082763703497 1
1 1082763703498 4
1 1082763703499 1
1 1082763703501 1
1 1082763703502 4
1 1082763703503 1
1 1082763703505 1
1 1082763703506 4
1 1082763703507 1
1 1082763703548 1
1 1082763703549 4
1 1082763703550 1
1 1082763703552 1
1 1082763703553 4
1 1082763703554 1
1 1082763703556 1
1 1082763703557 4
1 1082763703558 1
1 1082763703560 1
1 1082763703561 4
1 1082763703562 1
1 1082763703564 1
1 1082763703565 4
1 1082763703566 1
1 1082763703568 1
1 1082763703569 4
1 1082763703570 1
1 1082763703645 1
1 1082763703646 4
1 1082763703647 1
1 1082763703649 1
1 1082763703650 4
1 1082763703651 1
1 1082763703653 1
1 1082763703654 4
1 1082763703655 1
1 1082763703657 1
1 1082763703658 4
1 1082763703659 1
1 1082763703661 1
1 1082763703662 4
1 1082763703663 1
1 1082763703665 1
1 1082763703666 4
1 1082763703667 1
1 1082763703708 1
1 1082763703709 4
1 1082763703710 1
1 1082763703712 1
1 1082763703713 4
1 1082763703714 1
1 1082763703716 1
1 1082763703717 4
1 1082763703718 1
1 1082763703720 1
1 1082763703721 4
1 1082763703722 1
1 1082763703724 1
1 1082763703725 4
1 1082763703726 1
1 1082763703728 1
1 1082763703729 4
1 1082763703730 1
1 1082763703772 4
1 1082763703773 1
1 1082763703776 4
1 1082763703777 1
1 1082763703780 4
1 1082763703781 1
1 1082763703784 4
1 1082763703785 1
1 1082763703788 4
1 1082763703789 1
1 1082763703792 4
1 1082763703793 1
1 1082763703822 1
1 1082763703823 1
1 1082763703826 1
1 1082763703827 1
1 1082763703830 1
1 1082763703831 1
1 1082763703834 1
1 1082763703835 1
1 1082763703838 1
1 1082763703839 1
1 1082763703842 1
1 1082763703843 1
1 1082763703885 1
1 1082763703886 4
1 1082763703887 1
1 1082763703889 1
1 1082763703890 4
1 1082763703891 1
1 1082763703893 1
1 1082763703894 4
1 1082763703895 1
1 1082763703897 1
1 1082763703898 4
1 1082763703899 1
1 1082763703901 1
1 1082763703902 4
1 1082763703903 1
1 1082763703905 1
1 1082763703906 4
1 1082763703907 1
1 1082763703948 1
1 1082763703949 4
1 1082763703950 1
1 1082763703952 1
1 1082763703953 4
1 1082763703954 1
1 1082763703956 1
1 1082763703957 4
1 1082763703958 1
1 1082763703960 1
1 1082763703961 4
1 1082763703962 1
1 1082763703964 1
1 1082763703965 4
1 1082763703966 1
1 1082763703968 1
1 1082763703969 4
1 1082763703970 1
1 1082763704045 1
1 1082763704046 4
1 1082763704047 1
1 1082763704049 1
1 1082763704050 4
1 1082763704051 1
1 1082763704053 1
1 1082763704054 4
1 1082763704055 1
1 1082763704057 1
1 1082763704058 4
1 1082763704059 1
1 1082763704061 1
1 1082763704062 4
1 1082763704063 1
1 1082763704065 1
1 1082763704066 4
1 1082763704067 1
1 1082763704108 1
1 1082763704109 4
1 1082763704110 1
1 1082763704112 1
1 1082763704113 4
1 1082763704114 1
1 1082763704116 1
1 1082763704117 4
1 1082763704118 1
1 1082763704120 1
1 1082763704121 4
1 1082763704122 1
1 1082763704124 1
1 1082763704125 4
1 1082763704126 1
1 1082763704128 1
1 1082763704129 4
1 1082763704130 1
1 1082763704172 4
1 1082763704173 1
1 1082763704176 4
1 1082763704177 1
1 1082763704180 4
1 1082763704181 1
1 1082763704184 4
1 1082763704185 1
1 1082763704188 4
1 1082763704189 1
1 1082763704192 4
1 1082763704193 1
1 1082763704222 1
1 1082763704223 1
1 1082763704226 1
1 1082763704227 1
1 1082763704230 1
1 1082763704231 1
1 1082763704234 1
1 1082763704235 1
1 1082763704238 1
1 1082763704239 1
1 1082763704242 1
1 1082763704243 1
1 1082763704285 1
1 1082763704286 4
1 1082763704287 1
1 1082763704289 1
1 1082763704290 4
1 1082763704291 1
1 1082763704293 1
1 1082763704294 4
1 1082763704295 1
1 1082763704297 1
1 1082763704298 4
1 1082763704299 1
1 1082763704301 1
1 1082763704302 4
1 1082763704303 1
1 1082763704305 1
1 1082763704306 4
1 1082763704307 1
1 1082763704348 1
1 1082763704349 4
1 1082763704350 1
1 1082763704352 1
1 1082763704353 4
1 1082763704354 1
1 1082763704356 1
1 1082763704357 4
1 1082763704358 1
1 1082763704360 1
1 1082763704361 4
1 1082763704362 1
1 1082763704364 1
1 1082763704365 4
1 1082763704366 1
1 1082763704368 1
1 1082763704369 4
1 1082763704370 1
1 1082763704445 1
1 1082763704446 4
1 1082763704447 1
1 1082763704449 1
1 1082763704450 4
1 1082763704451 1
1 1082763704453 1
1 1082763704454 4
1 1082763704455 1
1 1082763704457 1
1 1082763704458 4
1 1082763704459 1
1 1082763704461 1
1 1082763704462 4
1 1082763704463 1
1 1082763704465 1
1 1082763704466 4
1 1082763704467 1
1 1082763704508 1
1 1082763704509 4
1 1082763704510 1
1 1082763704512 1
1 1082763704513 4
1 1082763704514 1
1 1082763704516 1
1 1082763704517 4
1 1082763704518 1
1 1082763704520 1
1 1082763704521 4
1 1082763704522 1
1 1082763704524 1
1 1082763704525 4
1 1082763704526 1
1 1082763704528 1
1 1082763704529 4
1 1082763704530 1
1 1082763704572 4
1 1082763704573 1
1 1082763704576 4
1 1082763704577 1
1 1082763704580 4
1 1082763704581 1
1 1082763704584 4
1 1082763704585 1
1 1082763704588 4
1 1082763704589 1
1 1082763704592 4
1 1082763704593 1
1 1082763704622 1
1 1082763704623 1
1 1082763704626 1
1 1082763704627 1
1 1082763704630 1
1 1082763704631 1
1 1082763704634 1
1 1082763704635 1
1 1082763704638 1
1 1082763704639 1
1 1082763704642 1
1 1082763704643 1
1 1082763704685 1
1 1082763704686 4
1 1082763704687 1
1 1082763704689 1
1 1082763704690 4
1 1082763704691 1
1 1082763704693 1
1 1082763704694 4
1 1082763704695 1
1 1082763704697 1
1 1082763704698 4
1 1082763704699 1
1 1082763704701 1
1 1082763704702 4
1 1082763704703 1
1 1082763704705 1
1 1082763704706 4
1 1082763704707 1
1 1082763704748 1
1 1082763704749 4
1 1082763704750 1
1 1082763704752 1
1 1082763704753 4
1 1082763704754 1
1 1082763704756 1
1 1082763704757 4
1 1082763704758 1
1 1082763704760 1
1 1082763704761 4
1 1082763704762 1
1 1082763704764 1
1 1082763704765 4
1 1082763704766 1
1 1082763704768 1
1 1082763704769 4
1 1082763704770 1
1 1082763704845 1
1 1082763704846 4
1 1082763704847 1
1 1082763704849 1
1 1082763704850 4
1 1082763704851 1
1 1082763704853 1
1 1082763704854 4
1 1082763704855 1
1 1082763704857 1
1 1082763704858 4
1 1082763704859 1
1 1082763704861 1
1 1082763704862 4
1 1082763704863 1
1 1082763704865 1
1 1082763704866 4
1 1082763704867 1
1 1082763704908 1
1 1082763704909 4
1 1082763704910 1
1 1082763704912 1
1 1082763704913 4
1 1082763704914 1
1 1082763704916 1
1 1082763704917 4
1 1082763704918 1
1 1082763704920 1
1 1082763704921 4
1 1082763704922 1
1 1082763704924 1
1 1082763704925 4
1 1082763704926 1
1 1082763704928 1
1 1082763704929 4
1 1082763704930 1
1 1082763704972 4
1 1082763704973 1
1 1082763704976 4
1 1082763704977 1
1 1082763704980 4
1 1082763704981 1
1 1082763704984 4
1 1082763704985 1
1 1082763704988 4
1 1082763704989 1
1 1082763704992 4
1 1082763704993 1
1 1082763705022 1
1 1082763705023 1
1 1082763705026 1
1 1082763705027 1
1 1082763705030 1
1 1082763705031 1
1 1082763705034 1
1 1082763705035 1
1 1082763705038 1
1 1082763705039 1
1 1082763705042 1
1 1082763705043 1
1 1082763705085 1
1 1082763705086 4
1 1082763705087 1
1 1082763705089 1
1 1082763705090 4
1 1082763705091 1
1 1082763705093 1
1 1082763705094 4
1 1082763705095 1
1 1082763705097 1
1 1082763705098 4
1 1082763705099 1
1 1082763705101 1
1 1082763705102 4
1 1082763705103 1
1 1082763705105 1
1 1082763705106 4
1 1082763705107 1
1 1082763705148 1
1 1082763705149 4
1 1082763705150 1
1 1082763705152 1
1 1082763705153 4
1 1082763705154 1
1 1082763705156 1
1 1082763705157 4
1 1082763705158 1
1 1082763705160 1
1 1082763705161 4
1 1082763705162 1
1 1082763705164 1
1 1082763705165 4
1 1082763705166 1
1 1082763705168 1
1 1082763705169 4
1 1082763705170 1
1 1082763705245 1
1 1082763705246 4
1 1082763705247 1
1 1082763705249 1
1 1082763705250 4
1 1082763705251 1
1 1082763705253 1
1 1082763705254 4
1 1082763705255 1
1 1082763705257 1
1 1082763705258 4
1 1082763705259 1
1 1082763705261 1
1 1082763705262 4
1 1082763705263 1
1 1082763705265 1
1 1082763705266 4
1 1082763705267 1
1 1082763705308 1
1 1082763705309 4
1 1082763705310 1
1 1082763705312 1
1 1082763705313 4
1 1082763705314 1
1 1082763705316 1
1 1082763705317 4
1 1082763705318 1
1 1082763705320 1
1 1082763705321 4
1 1082763705322 1
1 1082763705324 1
1 1082763705325 4
1 1082763705326 1
1 1082763705328 1
1 1082763705329 4
1 1082763705330 1
1 1082763705372 4
1 1082763705373 1
1 1082763705376 4
1 1082763705377 1
1 1082763705380 4
1 1082763705381 1
1 1082763705384 4
1 1082763705385 1
1 1082763705388 4
1 1082763705389 1
1 1082763705392 4
1 1082763705393 1
1 1082763705422 1
1 1082763705423 1
1 1082763705426 1
1 1082763705427 1
1 1082763705430 1
1 1082763705431 1
1 1082763705434 1
1 1082763705435 1
1 1082763705438 1
1 1082763705439 1
1 1082763705442 1
1 1082763705443 1
1 1082763705485 1
1 1082763705486 4
1 1082763705487 1
1 1082763705489 1
1 1082763705490 4
1 1082763705491 1
1 1082763705493 1
1 1082763705494 4
1 1082763705495 1
1 1082763705497 1
1 1082763705498 4
1 1082763705499 1
1 1082763705501 1
1 1082763705502 4
1 1082763705503 1
1 1082763705505 1
1 1082763705506 4
1 1082763705507 1
1 1082763705548 1
1 1082763705549 4
1 1082763705550 1
1 1082763705552 1
1 1082763705553 4
1 1082763705554 1
1 1082763705556 1
1 1082763705557 4
1 1082763705558 1
1 1082763705560 1
1 1082763705561 4
1 1082763705562 1
1 1082763705564 1
1 1082763705565 4
1 1082763705566 1
1 1082763705568 1
1 1082763705569 4
1 1082763705570 1
1 1082763705645 1
1 1082763705646 4
1 1082763705647 1
1 1082763705649 1
1 1082763705650 4
1 1082763705651 1
1 1082763705653 1
1 1082763705654 4
1 1082763705655 1
1 1082763705657 1
1 1082763705658 4
1 1082763705659 1
1 1082763705661 1
1 1082763705662 4
1 1082763705663 1
1 1082763705665 1
1 1082763705666 4
1 1082763705667 1
1 1082763705708 1
1 1082763705709 4
1 1082763705710 1
1 1082763705712 1
1 1082763705713 4
1 1082763705714 1
1 1082763705716 1
1 1082763705717 4
1 1082763705718 1
1 1082763705720 1
1 1082763705721 4
1 1082763705722 1
1 1082763705724 1
1 1082763705725 4
1 1082763705726 1
1 1082763705728 1
1 1082763705729 4
1 1082763705730 1
1 1082763705772 4
1 1082763705773 1
1 1082763705776 4
1 1082763705777 1
1 1082763705780 4
1 1082763705781 1
1 1082763705784 4
1 1082763705785 1
1 1082763705788 4
1 1082763705789 1
1 1082763705792 4
1 1082763705793 1
1 1082763705822 1
1 1082763705823 1
1 1082763705826 1
1 1082763705827 1
1 1082763705830 1
1 1082763705831 1
1 1082763705834 1
1 1082763705835 1
1 1082763705838 1
1 1082763705839 1
1 1082763705842 1
1 1082763705843 1
1 1082763705885 1
1 1082763705886 4
1 1082763705887 1
1 1082763705889 1
1 1082763705890 4
1 1082763705891 1
1 1082763705893 1
1 1082763705894 4
1 1082763705895 1
1 1082763705897 1
1 1082763705898 4
1 1082763705899 1
1 1082763705901 1
1 1082763705902 4
1 1082763705903 1
1 1082763705905 1
1 1082763705906 4
1 1082763705907 1
1 1082763705948 1
1 1082763705949 4
1 1082763705950 1
1 1082763705952 1
1 1082763705953 4
1 1082763705954 1
1 1082763705956 1
1 1082763705957 4
1 1082763705958 1
1 1082763705960 1
1 1082763705961 4
1 1082763705962 1
1 1082763705964 1
1 1082763705965 4
1 1082763705966 1
1 1082763705968 1
1 1082763705969 4
1 1082763705970 1
1 1082763706045 1
1 1082763706046 4
1 1082763706047 1
1 1082763706049 1
1 1082763706050 4
1 1082763706051 1
1 1082763706053 1
1 1082763706054 4
1 1082763706055 1
1 1082763706057 1
1 1082763706058 4
1 1082763706059 1
1 1082763706061 1
1 1082763706062 4
1 1082763706063 1
1 1082763706065 1
1 1082763706066 4
1 1082763706067 1
1 1082763706108 1
1 1082763706109 4
1 1082763706110 1
1 1082763706112 1
1 1082763706113 4
1 1082763706114 1
1 1082763706116 1
1 1082763706117 4
1 1082763706118 1
1 1082763706120 1
1 1082763706121 4
1 1082763706122 1
1 1082763706124 1
1 1082763706125 4
1 1082763706126 1
1 1082763706128 1
1 1082763706129 4
1 1082763706130 1
1 1082763706172 4
1 1082763706173 1
1 1082763706176 4
1 1082763706177 1
1 1082763706180 4
1 1082763706181 1
1 1082763706184 4
1 1082763706185 1
1 1082763706188 4
1 1082763706189 1
1 1082763706192 4
1 1082763706193 1
1 1082763706222 1
1 1082763706223 1
1 1082763706226 1
1 1082763706227 1
1 1082763706230 1
1 1082763706231 1
1 1082763706234 1
1 1082763706235 1
1 1082763706238 1
1 1082763706239 1
1 1082763706242 1
1 1082763706243 1
1 1082763706285 1
1 1082763706286 4
1 1082763706287 1
1 1082763706289 1
1 1082763706290 4
1 1082763706291 1
1 1082763706293 1
1 1082763706294 4
1 1082763706295 1
1 1082763706297 1
1 1082763706298 4
1 1082763706299 1
1 1082763706301 1
1 1082763706302 4
1 1082763706303 1
1 1082763706305 1
1 1082763706306 4
1 1082763706307 1
1 1082763706348 1
1 1082763706349 4
1 1082763706350 1
1 1082763706352 1
1 1082763706353 4
1 1082763706354 1
1 1082763706356 1
1 1082763706357 4
1 1082763706358 1
1 1082763706360 1
1 1082763706361 4
1 1082763706362 1
1 1082763706364 1
1 1082763706365 4
1 1082763706366 1
1 1082763706368 1
1 1082763706369 4
1 1082763706370 1
1 1082763706445 1
1 1082763706446 4
1 1082763706447 1
1 1082763706449 1
1 1082763706450 4
1 1082763706451 1
1 1082763706453 1
1 1082763706454 4
1 1082763706455 1
1 1082763706457 1
1 1082763706458 4
1 1082763706459 1
1 1082763706461 1
1 1082763706462 4
1 1082763706463 1
1 1082763706465 1
1 1082763706466 4
1 1082763706467 1
1 1082763706508 1
1 1082763706509 4
1 1082763706510 1
1 1082763706512 1
1 1082763706513 4
1 1082763706514 1
1 1082763706516 1
1 1082763706517 4
1 1082763706518 1
1 1082763706520 1
1 1082763706521 4
1 1082763706522 1
1 1082763706524 1
1 1082763706525 4
1 1082763706526 1
1 1082763706528 1
1 1082763706529 4
1 1082763706530 1
1 1082763706572 4
1 1082763706573 1
1 1082763706576 4
1 1082763706577 1
1 1082763706580 4
1 1082763706581 1
1 1082763706584 4
1 1082763706585 1
1 1082763706588 4
1 1082763706589 1
1 1082763706592 4
1 1082763706593 1
1 1082763706622 1
1 1082763706623 1
1 1082763706626 1
1 1082763706627 1
1 1082763706630 1
1 1082763706631 1
1 1082763706634 1
1 1082763706635 1
1 1082763706638 1
1 1082763706639 1
1 1082763706642 1
1 1082763706643 1
1 1082763706685 1
1 1082763706686 4
1 1082763706687 1
1 1082763706689 1
1 1082763706690 4
1 1082763706691 1
1 1082763706693 1
1 1082763706694 4
1 1082763706695 1
1 1082763706697 1
1 1082763706698 4
1 1082763706699 1
1 1082763706701 1
1 1082763706702 4
1 1082763706703 1
1 1082763706705 1
1 1082763706706 4
1 1082763706707 1
1 1082763706748 1
1 1082763706749 4
1 1082763706750 1
1 1082763706752 1
1 1082763706753 4
1 1082763706754 1
1 1082763706756 1
1 1082763706757 4
1 1082763706758 1
1 1082763706760 1
1 1082763706761 4
1 1082763706762 1
1 1082763706764 1
1 1082763706765 4
1 1082763706766 1
1 1082763706768 1
1 1082763706769 4
1 1082763706770 1
1 1082763706845 1
1 1082763706846 4
1 1082763706847 1
1 1082763706849 1
1 1082763706850 4
1 1082763706851 1
1 1082763706853 1
1 1082763706854 4
1 1082763706855 1
1 1082763706857 1
1 1082763706858 4
1 1082763706859 1
1 1082763706861 1
1 1082763706862 4
1 1082763706863 1
1 1082763706865 1
1 1082763706866 4
1 1082763706867 1
1 1082763706908 1
1 1082763706909 4
1 1082763706910 1
1 1082763706912 1
1 1082763706913 4
1 1082763706914 1
1 1082763706916 1
1 1082763706917 4
1 1082763706918 1
1 1082763706920 1
1 1082763706921 4
1 1082763706922 1
1 1082763706924 1
1 1082763706925 4
1 1082763706926 1
1 1082763706928 1
1 1082763706929 4
1 1082763706930 1
1 1082763706972 4
1 1082763706973 1
1 1082763706976 4
1 1082763706977 1
1 1082763706980 4
1 1082763706981 1
1 1082763706984 4
1 1082763706985 1
1 1082763706988 4
1 1082763706989 1
1 1082763706992 4
1 1082763706993 1
1 1082763707022 1
1 1082763707023 1
1 1082763707026 1
1 1082763707027 1
1 1082763707030 1
1 1082763707031 1
1 1082763707034 1
1 1082763707035 1
1 1082763707038 1
1 1082763707039 1
1 1082763707042 1
1 1082763707043 1
1 1082763707085 1
1 1082763707086 4
1 1082763707087 1
1 1082763707089 1
1 1082763707090 4
1 1082763707091 1
1 1082763707093 1
1 1082763707094 4
1 1082763707095 1
1 1082763707097 1
1 1082763707098 4
1 1082763707099 1
1 1082763707101 1
1 1082763707102 4
1 1082763707103 1
1 1082763707105 1
1 1082763707106 4
1 1082763707107 1
1 1082763707148 1
1 1082763707149 4
1 1082763707150 1
1 1082763707152 1
1 1082763707153 4
1 1082763707154 1
1 1082763707156 1
1 1082763707157 4
1 1082763707158 1
1 1082763707160 1
1 1082763707161 4
1 1082763707162 1
1 1082763707164 1
1 1082763707165 4
1 1082763707166 1
1 1082763707168 1
1 1082763707169 4
1 1082763707170 1
1 1082763707245 1
1 1082763707246 4
1 1082763707247 1
1 1082763707249 1
1 1082763707250 4
1 1082763707251 1
1 1082763707253 1
1 1082763707254 4
1 1082763707255 1
1 1082763707257 1
1 1082763707258 4
1 1082763707259 1
1 1082763707261 1
1 1082763707262 4
1 1082763707263 1
1 1082763707265 1
1 1082763707266 4
1 1082763707267 1
1 1082763707308 1
1 1082763707309 4
1 1082763707310 1
1 1082763707312 1
1 1082763707313 4
1 1082763707314 1
1 1082763707316 1
1 1082763707317 4
1 1082763707318 1
1 1082763707320 1
1 1082763707321 4
1 1082763707322 1
1 1082763707324 1
1 1082763707325 4
1 1082763707326 1
1 1082763707328 1
1 1082763707329 4
1 1082763707330 1
1 1082763707372 4
1 1082763707373 1
1 1082763707376 4
1 1082763707377 1
1 1082763707380 4
1 1082763707381 1
1 1082763707384 4
1 1082763707385 1
1 1082763707388 4
1 1082763707389 1
1 1082763707392 4
1 1082763707393 1
1 1082763707422 1
1 1082763707423 1
1 1082763707426 1
1 1082763707427 1
1 1082763707430 1
1 1082763707431 1
1 1082763707434 1
1 1082763707435 1
1 1082763707438 1
1 1082763707439 1
1 1082763707442 1
1 1082763707443 1
1 1082763707485 1
1 1082763707486 4
1 1082763707487 1
1 1082763707489 1
1 1082763707490 4
1 1082763707491 1
1 1082763707493 1
1 1082763707494 4
1 1082763707495 1
1 1082763707497 1
1 1082763707498 4
1 1082763707499 1
1 1082763707501 1
1 1082763707502 4
1 1082763707503 1
1 1082763707505 1
1 1082763707506 4
1 1082763707507 1
1 1082763707548 1
1 1082763707549 4
1 1082763707550 1
1 1082763707552 1
1 1082763707553 4
1 1082763707554 1
1 1082763707556 1
1 1082763707557 4
1 1082763707558 1
1 1082763707560 1
1 1082763707561 4
1 1082763707562 1
1 1082763707564 1
1 1082763707565 4
1 1082763707566 1
1 1082763707568 1
1 1082763707569 4
1 1082763707570 1
1 1082763707645 1
1 1082763707646 4
1 1082763707647 1
1 1082763707649 1
1 1082763707650 4
1 1082763707651 1
1 1082763707653 1
1 1082763707654 4
1 1082763707655 1
1 1082763707657 1
1 1082763707658 4
1 1082763707659 1
1 1082763707661 1
1 1082763707662 4
1 1082763707663 1
1 1082763707665 1
1 1082763707666 4
1 1082763707667 1
1 1082763707708 1
1 1082763707709 4
1 1082763707710 1
1 1082763707712 1
1 1082763707713 4
1 1082763707714 1
1 1082763707716 1
1 1082763707717 4
1 1082763707718 1
1 1082763707720 1
1 1082763707721 4
1 1082763707722 1
1 1082763707724 1
1 1082763707725 4
1 1082763707726 1
1 1082763707728 1
1 1082763707729 4
1 1082763707730 1
1 1082763707772 4
1 1082763707773 1
1 1082763707776 4
1 1082763707777 1
1 1082763707780 4
1 1082763707781 1
1 1082763707784 4
1 1082763707785 1
1 1082763707788 4
1 1082763707789 1
1 1082763707792 4
1 1082763707793 1
1 1082763707822 1
1 1082763707823 1
1 1082763707826 1
1 1082763707827 1
1 1082763707830 1
1 1082763707831 1
1 1082763707834 1
1 1082763707835 1
1 1082763707838 1
1 1082763707839 1
1 1082763707842 1
1 1082763707843 1
1 1082763707885 1
1 1082763707886 4
1 1082763707887 1
1 1082763707889 1
1 1082763707890 4
1 1082763707891 1
1 1082763707893 1
1 1082763707894 4
1 1082763707895 1
1 1082763707897 1
1 1082763707898 4
1 1082763707899 1
1 1082763707901 1
1 1082763707902 4
1 1082763707903 1
1 1082763707905 1
1 1082763707906 4
1 1082763707907 1
1 1082763707948 1
1 1082763707949 4
1 1082763707950 1
1 1082763707952 1
1 1082763707953 4
1 1082763707954 1
1 1082763707956 1
1 1082763707957 4
1 1082763707958 1
1 1082763707960 1
1 1082763707961 4
1 1082763707962 1
1 1082763707964 1
1 1082763707965 4
1 1082763707966 1
1 1082763707968 1
1 1082763707969 4
1 1082763707970 1
1 1082763708045 1
1 1082763708046 4
1 1082763708047 1
1 1082763708049 1
1 1082763708050 4
1 1082763708051 1
1 1082763708053 1
1 1082763708054 4
1 1082763708055 1
1 1082763708057 1
1 1082763708058 4
1 1082763708059 1
1 1082763708061 1
1 1082763708062 4
1 1082763708063 1
1 1082763708065 1
1 1082763708066 4
1 1082763708067 1
1 1082763708108 1
1 1082763708109 4
1 1082763708110 1
1 1082763708112 1
1 1082763708113 4
1 1082763708114 1
1 1082763708116 1
1 1082763708117 4
1 1082763708118 1
1 1082763708120 1
1 1082763708121 4
1 1082763708122 1
1 1082763708124 1
1 1082763708125 4
1 1082763708126 1
1 1082763708128 1
1 1082763708129 4
1 1082763708130 1
1 1082763708172 4
1 1082763708173 1
1 1082763708176 4
1 1082763708177 1
1 1082763708180 4
1 1082763708181 1
1 1082763708184 4
1 1082763708185 1
1 1082763708188 4
1 1082763708189 1
1 1082763708192 4
1 1082763708193 1
1 1082763708222 1
1 1082763708223 1
1 1082763708226 1
1 1082763708227 1
1 1082763708230 1
1 1082763708231 1
1 1082763708234 1
1 1082763708235 1
1 1082763708238 1
1 1082763708239 1
1 1082763708242 1
1 1082763708243 1
1 1082763708285 1
1 1082763708286 4
1 1082763708287 1
1 1082763708289 1
1 1082763708290 4
1 1082763708291 1
1 1082763708293 1
1 1082763708294 4
1 1082763708295 1
1 1082763708297 1
1 1082763708298 4
1 1082763708299 1
1 1082763708301 1
1 1082763708302 4
1 1082763708303 1
1 1082763708305 1
1 1082763708306 4
1 1082763708307 1
1 1082763708348 1
1 1082763708349 4
1 1082763708350 1
1 1082763708352 1
1 1082763708353 4
1 1082763708354 1
1 1082763708356 1
1 1082763708357 4
1 1082763708358 1
1 1082763708360 1
1 1082763708361 4
1 1082763708362 1
1 1082763708364 1
1 1082763708365 4
1 1082763708366 1
1 1082763708368 1
1 1082763708369 4
1 1082763708370 1
1 1082763708445 1
1 1082763708446 4
1 1082763708447 1
1 1082763708449 1
1 1082763708450 4
1 1082763708451 1
1 1082763708453 1
1 1082763708454 4
1 1082763708455 1
1 1082763708457 1
1 1082763708458 4
1 1082763708459 1
1 1082763708461 1
1 1082763708462 4
1 1082763708463 1
1 1082763708465 1
1 1082763708466 4
1 1082763708467 1
1 1082763708508 1
1 1082763708509 4
1 1082763708510 1
1 1082763708512 1
1 1082763708513 4
1 1082763708514 1
1 1082763708516 1
1 1082763708517 4
1 1082763708518 1
1 1082763708520 1
1 1082763708521 4
1 1082763708522 1
1 1082763708524 1
1 1082763708525 4
1 1082763708526 1
1 1082763708528 1
1 1082763708529 4
1 1082763708530 1
1 1082763708572 4
1 1082763708573 1
1 1082763708576 4
1 1082763708577 1
1 1082763708580 4
1 1082763708581 1
1 1082763708584 4
1 1082763708585 1
1 1082763708588 4
1 1082763708589 1
1 1082763708592 4
1 1082763708593 1
1 1082763708622 1
1 1082763708623 1
1 1082763708626 1
1 1082763708627 1
1 1082763708630 1
1 1082763708631 1
1 1082763708634 1
1 1082763708635 1
1 1082763708638 1
1 1082763708639 1
1 1082763708642 1
1 1082763708643 1
1 1082763708685 1
1 1082763708686 4
1 1082763708687 1
1 1082763708689 1
1 1082763708690 4
1 1082763708691 1
1 1082763708693 1
1 1082763708694 4
1 1082763708695 1
1 1082763708697 1
1 1082763708698 4
1 1082763708699 1
1 1082763708701 1
1 1082763708702 4
1 1082763708703 1
1 1082763708705 1
1 1082763708706 4
1 1082763708707 1
1 1082763708748 1
1 1082763708749 4
1 1082763708750 1
1 1082763708752 1
1 1082763708753 4
1 1082763708754 1
1 1082763708756 1
1 1082763708757 4
1 1082763708758 1
1 1082763708760 1
1 1082763708761 4
1 1082763708762 1
1 1082763708764 1
1 1082763708765 4
1 1082763708766 1
1 1082763708768 1
1 1082763708769 4
1 1082763708770 1
1 1082763708845 1
1 1082763708846 4
1 1082763708847 1
1 1082763708849 1
1 1082763708850 4
1 1082763708851 1
1 1082763708853 1
1 1082763708854 4
1 1082763708855 1
1 1082763708857 1
1 1082763708858 4
1 1082763708859 1
1 1082763708861 1
1 1082763708862 4
1 1082763708863 1
1 1082763708865 1
1 1082763708866 4
1 1082763708867 1
1 1082763708908 1
1 1082763708909 4
1 1082763708910 1
1 1082763708912 1
1 1082763708913 4
1 1082763708914 1
1 1082763708916 1
1 1082763708917 4
1 1082763708918 1
1 1082763708920 1
1 1082763708921 4
1 1082763708922 1
1 1082763708924 1
1 1082763708925 4
1 1082763708926 1
1 1082763708928 1
1 1082763708929 4
1 1082763708930 1
1 1082763708972 4
1 1082763708973 1
1 1082763708976 4
1 1082763708977 1
1 1082763708980 4
1 1082763708981 1
1 1082763708984 4
1 1082763708985 1
1 1082763708988 4
1 1082763708989 1
1 1082763708992 4
1 1082763708993 1
1 1082763709022 1
1 1082763709023 1
1 1082763709026 1
1 1082763709027 1
1 1082763709030 1
1 1082763709031 1
1 1082763709034 1
1 1082763709035 1
1 1082763709038 1
1 1082763709039 1
1 1082763709042 1
1 1082763709043 1
1 1082763709085 1
1 1082763709086 4
1 1082763709087 1
1 1082763709089 1
1 1082763709090 4
1 1082763709091 1
1 1082763709093 1
1 1082763709094 4
1 1082763709095 1
1 1082763709097 1
1 1082763709098 4
1 1082763709099 1
1 1082763709101 1
1 1082763709102 4
1 1082763709103 1
1 1082763709105 1
1 1082763709106 4
1 1082763709107 1
1 1082763709148 1
1 1082763709149 4
1 1082763709150 1
1 1082763709152 1
1 1082763709153 4
1 1082763709154 1
1 1082763709156 1
1 1082763709157 4
1 1082763709158 1
1 1082763709160 1
1 1082763709161 4
1 1082763709162 1
1 1082763709164 1
1 1082763709165 4
1 1082763709166 1
1 1082763709168 1
1 1082763709169 4
1 1082763709170 1
1 1082763709245 1
1 1082763709246 4
1 1082763709247 1
1 1082763709249 1
1 1082763709250 4
1 1082763709251 1
1 1082763709253 1
1 1082763709254 4
1 1082763709255 1
1 1082763709257 1
1 1082763709258 4
1 1082763709259 1
1 1082763709261 1
1 1082763709262 4
1 1082763709263 1
1 1082763709265 1
1 1082763709266 4
1 1082763709267 1
1 1082763709308 1
1 1082763709309 4
1 1082763709310 1
1 1082763709312 1
1 1082763709313 4
1 1082763709314 1
1 1082763709316 1
1 1082763709317 4
1 1082763709318 1
1 1082763709320 1
1 1082763709321 4
1 1082763709322 1
1 1082763709324 1
1 1082763709325 4
1 1082763709326 1
1 1082763709328 1
1 1082763709329 4
1 1082763709330 1
1 1082763709372 4
1 1082763709373 1
1 1082763709376 4
1 1082763709377 1
1 1082763709380 4
1 1082763709381 1
1 1082763709384 4
1 1082763709385 1
1 1082763709388 4
1 1082763709389 1
1 1082763709392 4
1 1082763709393 1
1 1082763709422 1
1 1082763709423 1
1 1082763709426 1
1 1082763709427 1
1 1082763709430 1
1 1082763709431 1
1 1082763709434 1
1 1082763709435 1
1 1082763709438 1
1 1082763709439 1
1 1082763709442 1
1 1082763709443 1
1 1082763709485 1
1 1082763709486 4
1 1082763709487 1
1 1082763709489 1
1 1082763709490 4
1 1082763709491 1
1 1082763709493 1
1 1082763709494 4
1 1082763709495 1
1 1082763709497 1
1 1082763709498 4
1 1082763709499 1
1 1082763709501 1
1 1082763709502 4
1 1082763709503 1
1 1082763709505 1
1 1082763709506 4
1 1082763709507 1
1 1082763709548 1
1 1082763709549 4
1 1082763709550 1
1 1082763709552 1
1 1082763709553 4
1 1082763709554 1
1 1082763709556 1
1 1082763709557 4
1 1082763709558 1
1 1082763709560 1
1 1082763709561 4
1 1082763709562 1
1 1082763709564 1
1 1082763709565 4
1 1082763709566 1
1 1082763709568 1
1 1082763709569 4
1 1082763709570 1
1 1082763709645 1
1 1082763709646 4
1 1082763709647 1
1 1082763709649 1
1 1082763709650 4
1 1082763709651 1
1 1082763709653 1
1 1082763709654 4
1 1082763709655 1
1 1082763709657 1
1 1082763709658 4
1 1082763709659 1
1 1082763709661 1
1 1082763709662 4
1 1082763709663 1
1 1082763709665 1
1 1082763709666 4
1 1082763709667 1
1 1082763709708 1
1 1082763709709 4
1 1082763709710 1
1 1082763709712 1
1 1082763709713 4
1 1082763709714 1
1 1082763709716 1
1 1082763709717 4
1 1082763709718 1
1 1082763709720 1
1 1082763709721 4
1 1082763709722 1
1 1082763709724 1
1 1082763709725 4
1 1082763709726 1
1 1082763709728 1
1 1082763709729 4
1 1082763709730 1
1 1082763709772 4
1 1082763709773 1
1 1082763709776 4
1 1082763709777 1
1 1082763709780 4
1 1082763709781 1
1 1082763709784 4
1 1082763709785 1
1 1082763709788 4
1 1082763709789 1
1 1082763709792 4
1 1082763709793 1
1 1082763709822 1
1 1082763709823 1
1 1082763709826 1
1 1082763709827 1
1 1082763709830 1
1 1082763709831 1
1 1082763709834 1
1 1082763709835 1
1 1082763709838 1
1 1082763709839 1
1 1082763709842 1
1 1082763709843 1
1 1082763709885 1
1 1082763709886 4
1 1082763709887 1
1 1082763709889 1
1 1082763709890 4
1 1082763709891 1
1 1082763709893 1
1 1082763709894 4
1 1082763709895 1
1 1082763709897 1
1 1082763709898 4
1 1082763709899 1
1 1082763709901 1
1 1082763709902 4
1 1082763709903 1
1 1082763709905 1
1 1082763709906 4
1 1082763709907 1
1 1082763709948 1
1 1082763709949 4
1 1082763709950 1
1 1082763709952 1
1 1082763709953 4
1 1082763709954 1
1 1082763709956 1
1 1082763709957 4
1 1082763709958 1
1 1082763709960 1
1 1082763709961 4
1 1082763709962 1
1 1082763709964 1
1 1082763709965 4
1 1082763709966 1
1 1082763709968 1
1 1082763709969 4
1 1082763709970 1
1 1082763710045 1
1 1082763710046 4
1 1082763710047 1
1 1082763710049 1
1 1082763710050 4
1 1082763710051 1
1 1082763710053 1
1 1082763710054 4
1 1082763710055 1
1 1082763710057 1
1 1082763710058 4
1 1082763710059 1
1 1082763710061 1
1 1082763710062 4
1 1082763710063 1
1 1082763710065 1
1 1082763710066 4
1 1082763710067 1
1 1082763710108 1
1 1082763710109 4
1 1082763710110 1
1 1082763710112 1
1 1082763710113 4
1 1082763710114 1
1 1082763710116 1
1 1082763710117 4
1 1082763710118 1
1 1082763710120 1
1 1082763710121 4
1 1082763710122 1
1 1082763710124 1
1 1082763710125 4
1 1082763710126 1
1 1082763710128 1
1 1082763710129 4
1 1082763710130 1
1 1082763710172 4
1 1082763710173 1
1 1082763710176 4
1 1082763710177 1
1 1082763710180 4
1 1082763710181 1
1 1082763710184 4
1 1082763710185 1
1 1082763710188 4
1 1082763710189 1
1 1082763710192 4
1 1082763710193 1
1 1082763710222 1
1 1082763710223 1
1 1082763710226 1
1 1082763710227 1
1 1082763710230 1
1 1082763710231 1
1 1082763710234 1
1 1082763710235 1
1 1082763710238 1
1 1082763710239 1
1 1082763710242 1
1 1082763710243 1
1 1082763710285 1
1 1082763710286 4
1 1082763710287 1
1 1082763710289 1
1 1082763710290 4
1 1082763710291 1
1 1082763710293 1
1 1082763710294 4
1 1082763710295 1
1 1082763710297 1
1 1082763710298 4
1 1082763710299 1
1 1082763710301 1
1 1082763710302 4
1 1082763710303 1
1 1082763710305 1
1 1082763710306 4
1 1082763710307 1
1 1082763710348 1
1 1082763710349 4
1 1082763710350 1
1 1082763710352 1
1 1082763710353 4
1 1082763710354 1
1 1082763710356 1
1 1082763710357 4
1 1082763710358 1
1 1082763710360 1
1 1082763710361 4
1 1082763710362 1
1 1082763710364 1
1 1082763710365 4
1 1082763710366 1
1 1082763710368 1
1 1082763710369 4
1 1082763710370 1
1 1082763710445 1
1 1082763710446 4
1 1082763710447 1
1 1082763710449 1
1 1082763710450 4
1 1082763710451 1
1 1082763710453 1
1 1082763710454 4
1 1082763710455 1
1 1082763710457 1
1 1082763710458 4
1 1082763710459 1
1 1082763710461 1
1 1082763710462 4
1 1082763710463 1
1 1082763710465 1
1 1082763710466 4
1 1082763710467 1
1 1082763710508 1
1 1082763710509 4
1 1082763710510 1
1 1082763710512 1
1 1082763710513 4
1 1082763710514 1
1 1082763710516 1
1 1082763710517 4
1 1082763710518 1
1 1082763710520 1
1 1082763710521 4
1 1082763710522 1
1 1082763710524 1
1 1082763710525 4
1 1082763710526 1
1 1082763710528 1
1 1082763710529 4
1 1082763710530 1
1 1082763710572 4
1 1082763710573 1
1 1082763710576 4
1 1082763710577 1
1 1082763710580 4
1 1082763710581 1
1 1082763710584 4
1 1082763710585 1
1 1082763710588 4
1 1082763710589 1
1 1082763710592 4
1 1082763710593 1
1 1082763710622 1
1 1082763710623 1
1 1082763710626 1
1 1082763710627 1
1 1082763710630 1
1 1082763710631 1
1 1082763710634 1
1 1082763710635 1
1 1082763710638 1
1 1082763710639 1
1 1082763710642 1
1 1082763710643 1
1 1082763710685 1
1 1082763710686 4
1 1082763710687 1
1 1082763710689 1
1 1082763710690 4
1 1082763710691 1
1 1082763710693 1
1 1082763710694 4
1 1082763710695 1
1 1082763710697 1
1 1082763710698 4
1 1082763710699 1
1 1082763710701 1
1 1082763710702 4
1 1082763710703 1
1 1082763710705 1
1 1082763710706 4
1 1082763710707 1
1 1082763710748 1
1 1082763710749 4
1 1082763710750 1
1 1082763710752 1
1 1082763710753 4
1 1082763710754 1
1 1082763710756 1
1 1082763710757 4
1 1082763710758 1
1 1082763710760 1
1 1082763710761 4
1 1082763710762 1
1 1082763710764 1
1 1082763710765 4
1 1082763710766 1
1 1082763710768 1
1 1082763710769 4
1 1082763710770 1
1 1082763710845 1
1 1082763710846 4
1 1082763710847 1
1 1082763710849 1
1 1082763710850 4
1 1082763710851 1
1 1082763710853 1
1 1082763710854 4
1 1082763710855 1
1 1082763710857 1
1 1082763710858 4
1 1082763710859 1
1 1082763710861 1
1 1082763710862 4
1 1082763710863 1
1 1082763710865 1
1 1082763710866 4
1 1082763710867 1
1 1082763710908 1
1 1082763710909 4
1 1082763710910 1
1 1082763710912 1
1 1082763710913 4
1 1082763710914 1
1 1082763710916 1
1 1082763710917 4
1 1082763710918 1
1 1082763710920 1
1 1082763710921 4
1 1082763710922 1
1 1082763710924 1
1 1082763710925 4
1 1082763710926 1
1 1082763710928 1
1 1082763710929 4
1 1082763710930 1
1 1082763710972 4
1 1082763710973 1
1 1082763710976 4
1 1082763710977 1
1 1082763710980 4
1 1082763710981 1
1 1082763710984 4
1 1082763710985 1
1 1082763710988 4
1 1082763710989 1
1 1082763710992 4
1 1082763710993 1
1 1082763711022 1
1 1082763711023 1
1 1082763711026 1
1 1082763711027 1
1 1082763711030 1
1 1082763711031 1
1 1082763711034 1
1 1082763711035 1
1 1082763711038 1
1 1082763711039 1
1 1082763711042 1
1 1082763711043 1
1 1082763711085 1
1 1082763711086 4
1 1082763711087 1
1 1082763711089 1
1 1082763711090 4
1 1082763711091 1
1 1082763711093 1
1 1082763711094 4
1 1082763711095 1
1 1082763711097 1
1 1082763711098 4
1 1082763711099 1
1 1082763711101 1
1 1082763711102 4
1 1082763711103 1
1 1082763711105 1
1 1082763711106 4
1 1082763711107 1
1 1082763711148 1
1 1082763711149 4
1 1082763711150 1
1 1082763711152 1
1 1082763711153 4
1 1082763711154 1
1 1082763711156 1
1 1082763711157 4
1 1082763711158 1
1 1082763711160 1
1 1082763711161 4
1 1082763711162 1
1 1082763711164 1
1 1082763711165 4
1 1082763711166 1
1 1082763711168 1
1 1082763711169 4
1 1082763711170 1
1 1082763711245 1
1 1082763711246 4
1 1082763711247 1
1 1082763711249 1
1 1082763711250 4
1 1082763711251 1
1 1082763711253 1
1 1082763711254 4
1 1082763711255 1
1 1082763711257 1
1 1082763711258 4
1 1082763711259 1
1 1082763711261 1
1 1082763711262 4
1 1082763711263 1
1 1082763711265 1
1 1082763711266 4
1 1082763711267 1
1 1082763711308 1
1 1082763711309 4
1 1082763711310 1
1 1082763711312 1
1 1082763711313 4
1 1082763711314 1
1 1082763711316 1
1 1082763711317 4
1 1082763711318 1
1 1082763711320 1
1 1082763711321 4
1 1082763711322 1
1 1082763711324 1
1 1082763711325 4
1 1082763711326 1
1 1082763711328 1
1 1082763711329 4
1 1082763711330 1
1 1082763711372 4
1 1082763711373 1
1 1082763711376 4
1 1082763711377 1
1 1082763711380 4
1 1082763711381 1
1 1082763711384 4
1 1082763711385 1
1 1082763711388 4
1 1082763711389 1
1 1082763711392 4
1 1082763711393 1
1 1082763711422 1
1 1082763711423 1
1 1082763711426 1
1 1082763711427 1
1 1082763711430 1
1 1082763711431 1
1 1082763711434 1
1 1082763711435 1
1 1082763711438 1
1 1082763711439 1
1 1082763711442 1
1 1082763711443 1
1 1082763711485 1
1 1082763711486 4
1 1082763711487 1
1 1082763711489 1
1 1082763711490 4
1 1082763711491 1
1 1082763711493 1
1 1082763711494 4
1 1082763711495 1
1 1082763711497 1
1 1082763711498 4
1 1082763711499 1
1 1082763711501 1
1 1082763711502 4
1 1082763711503 1
1 1082763711505 1
1 1082763711506 4
1 1082763711507 1
1 1082763711548 1
1 1082763711549 4
1 1082763711550 1
1 1082763711552 1
1 1082763711553 4
1 1082763711554 1
1 1082763711556 1
1 1082763711557 4
1 1082763711558 1
1 1082763711560 1
1 1082763711561 4
1 1082763711562 1
1 1082763711564 1
1 1082763711565 4
1 1082763711566 1
1 1082763711568 1
1 1082763711569 4
1 1082763711570 1
1 1082763711645 1
1 1082763711646 4
1 1082763711647 1
1 1082763711649 1
1 1082763711650 4
1 1082763711651 1
1 1082763711653 1
1 1082763711654 4
1 1082763711655 1
1 1082763711657 1
1 1082763711658 4
1 1082763711659 1
1 1082763711661 1
1 1082763711662 4
1 1082763711663 1
1 1082763711665 1
1 1082763711666 4
1 1082763711667 1
1 1082763711708 1
1 1082763711709 4
1 1082763711710 1
1 1082763711712 1
1 1082763711713 4
1 1082763711714 1
1 1082763711716 1
1 1082763711717 4
1 1082763711718 1
1 1082763711720 1
1 1082763711721 4
1 1082763711722 1
1 1082763711724 1
1 1082763711725 4
1 1082763711726 1
1 1082763711728 1
1 1082763711729 4
1 1082763711730 1
1 1082763711772 4
1 1082763711773 1
1 1082763711776 4
1 1082763711777 1
1 1082763711780 4
1 1082763711781 1
1 1082763711784 4
1 1082763711785 1
1 1082763711788 4
1 1082763711789 1
1 1082763711792 4
1 1082763711793 1
1 1082763711822 1
1 1082763711823 1
1 1082763711826 1
1 1082763711827 1
1 1082763711830 1
1 1082763711831 1
1 1082763711834 1
1 1082763711835 1
1 1082763711838 1
1 1082763711839 1
1 1082763711842 1
1 1082763711843 1
1 1082763711885 1
1 1082763711886 4
1 1082763711887 1
1 1082763711889 1
1 1082763711890 4
1 1082763711891 1
1 1082763711893 1
1 1082763711894 4
1 1082763711895 1
1 1082763711897 1
1 1082763711898 4
1 1082763711899 1
1 1082763711901 1
1 1082763711902 4
1 1082763711903 1
1 1082763711905 1
1 1082763711906 4
1 1082763711907 1
1 1082763711948 1
1 1082763711949 4
1 1082763711950 1
1 1082763711952 1
1 1082763711953 4
1 1082763711954 1
1 1082763711956 1
1 1082763711957 4
1 1082763711958 1
1 1082763711960 1
1 1082763711961 4
1 1082763711962 1
1 1082763711964 1
1 1082763711965 4
1 1082763711966 1
1 1082763711968 1
1 1082763711969 4
1 1082763711970 1
1 1082763712045 1
1 1082763712046 4
1 1082763712047 1
1 1082763712049 1
1 1082763712050 4
1 1082763712051 1
1 1082763712053 1
1 1082763712054 4
1 1082763712055 1
1 1082763712057 1
1 1082763712058 4
1 1082763712059 1
1 1082763712061 1
1 1082763712062 4
1 1082763712063 1
1 1082763712065 1
1 1082763712066 4
1 1082763712067 1
1 1082763712108 1
1 1082763712109 4
1 1082763712110 1
1 1082763712112 1
1 1082763712113 4
1 1082763712114 1
1 1082763712116 1
1 1082763712117 4
1 1082763712118 1
1 1082763712120 1
1 1082763712121 4
1 1082763712122 1
1 1082763712124 1
1 1082763712125 4
1 1082763712126 1
1 1082763712128 1
1 1082763712129 4
1 1082763712130 1
1 1082763712172 4
1 1082763712173 1
1 1082763712176 4
1 1082763712177 1
1 1082763712180 4
1 1082763712181 1
1 1082763712184 4
1 1082763712185 1
1 1082763712188 4
1 1082763712189 1
1 1082763712192 4
1 1082763712193 1
1 1082763712222 1
1 1082763712223 1
1 1082763712226 1
1 1082763712227 1
1 1082763712230 1
1 1082763712231 1
1 1082763712234 1
1 1082763712235 1
1 1082763712238 1
1 1082763712239 1
1 1082763712242 1
1 1082763712243 1
1 1082763712285 1
1 1082763712286 4
1 1082763712287 1
1 1082763712289 1
1 1082763712290 4
1 1082763712291 1
1 1082763712293 1
1 1082763712294 4
1 1082763712295 1
1 1082763712297 1
1 1082763712298 4
1 1082763712299 1
1 1082763712301 1
1 1082763712302 4
1 1082763712303 1
1 1082763712305 1
1 1082763712306 4
1 1082763712307 1
1 1082763712348 1
1 1082763712349 4
1 1082763712350 1
1 1082763712352 1
1 1082763712353 4
1 1082763712354 1
1 1082763712356 1
1 1082763712357 4
1 1082763712358 1
1 1082763712360 1
1 1082763712361 4
1 1082763712362 1
1 1082763712364 1
1 1082763712365 4
1 1082763712366 1
1 1082763712368 1
1 1082763712369 4
1 1082763712370 1
1 1082763712445 1
1 1082763712446 4
1 1082763712447 1
1 1082763712449 1
1 1082763712450 4
1 1082763712451 1
1 1082763712453 1
1 1082763712454 4
1 1082763712455 1
1 1082763712457 1
1 1082763712458 4
1 1082763712459 1
1 1082763712461 1
1 1082763712462 4
1 1082763712463 1
1 1082763712465 1
1 1082763712466 4
1 1082763712467 1
1 1082763712508 1
1 1082763712509 4
1 1082763712510 1
1 1082763712512 1
1 1082763712513 4
1 1082763712514 1
1 1082763712516 1
1 1082763712517 4
1 1082763712518 1
1 1082763712520 1
1 1082763712521 4
1 1082763712522 1
1 1082763712524 1
1 1082763712525 4
1 1082763712526 1
1 1082763712528 1
1 1082763712529 4
1 1082763712530 1
1 1082763712572 4
1 1082763712573 1
1 1082763712576 4
1 1082763712577 1
1 1082763712580 4
1 1082763712581 1
1 1082763712584 4
1 1082763712585 1
1 1082763712588 4
1 1082763712589 1
1 1082763712592 4
1 1082763712593 1
1 1082763712622 1
1 1082763712623 1
1 1082763712626 1
1 1082763712627 1
1 1082763712630 1
1 1082763712631 1
1 1082763712634 1
1 1082763712635 1
1 1082763712638 1
1 1082763712639 1
1 1082763712642 1
1 1082763712643 1
1 1082763712685 1
1 1082763712686 4
1 1082763712687 1
1 1082763712689 1
1 1082763712690 4
1 1082763712691 1
1 1082763712693 1
1 1082763712694 4
1 1082763712695 1
1 1082763712697 1
1 1082763712698 4
1 1082763712699 1
1 1082763712701 1
1 1082763712702 4
1 1082763712703 1
1 1082763712705 1
1 1082763712706 4
1 1082763712707 1
1 1082763712748 1
1 1082763712749 4
1 1082763712750 1
1 1082763712752 1
1 1082763712753 4
1 1082763712754 1
1 1082763712756 1
1 1082763712757 4
1 1082763712758 1
1 1082763712760 1
1 1082763712761 4
1 1082763712762 1
1 1082763712764 1
1 1082763712765 4
1 1082763712766 1
1 1082763712768 1
1 1082763712769 4
1 1082763712770 1
1 1082763712845 1
1 1082763712846 4
1 1082763712847 1
1 1082763712849 1
1 1082763712850 4
1 1082763712851 1
1 1082763712853 1
1 1082763712854 4
1 1082763712855 1
1 1082763712857 1
1 1082763712858 4
1 1082763712859 1
1 1082763712861 1
1 1082763712862 4
1 1082763712863 1
1 1082763712865 1
1 1082763712866 4
1 1082763712867 1
1 1082763712908 1
1 1082763712909 4
1 1082763712910 1
1 1082763712912 1
1 1082763712913 4
1 1082763712914 1
1 1082763712916 1
1 1082763712917 4
1 1082763712918 1
1 1082763712920 1
1 1082763712921 4
1 1082763712922 1
1 1082763712924 1
1 1082763712925 4
1 1082763712926 1
1 1082763712928 1
1 1082763712929 4
1 1082763712930 1
1 1082763712972 4
1 1082763712973 1
1 1082763712976 4
1 1082763712977 1
1 1082763712980 4
1 1082763712981 1
1 1082763712984 4
1 1082763712985 1
1 1082763712988 4
1 1082763712989 1
1 1082763712992 4
1 1082763712993 1
1 1082763713022 1
1 1082763713023 1
1 1082763713026 1
1 1082763713027 1
1 1082763713030 1
1 1082763713031 1
1 1082763713034 1
1 1082763713035 1
1 1082763713038 1
1 1082763713039 1
1 1082763713042 1
1 1082763713043 1
1 1082763713085 1
1 1082763713086 4
1 1082763713087 1
1 1082763713089 1
1 1082763713090 4
1 1082763713091 1
1 1082763713093 1
1 1082763713094 4
1 1082763713095 1
1 1082763713097 1
1 1082763713098 4
1 1082763713099 1
1 1082763713101 1
1 1082763713102 4
1 1082763713103 1
1 1082763713105 1
1 1082763713106 4
1 1082763713107 1
1 1082763713148 1
1 1082763713149 4
1 1082763713150 1
1 1082763713152 1
1 1082763713153 4
1 1082763713154 1
1 1082763713156 1
1 1082763713157 4
1 1082763713158 1
1 1082763713160 1
1 1082763713161 4
1 1082763713162 1
1 1082763713164 1
1 1082763713165 4
1 1082763713166 1
1 1082763713168 1
1 1082763713169 4
1 1082763713170 1
1 1082763713245 1
1 1082763713246 4
1 1082763713247 1
1 1082763713249 1
1 1082763713250 4
1 1082763713251 1
1 1082763713253 1
1 1082763713254 4
1 1082763713255 1
1 1082763713257 1
1 1082763713258 4
1 1082763713259 1
1 1082763713261 1
1 1082763713262 4
1 1082763713263 1
1 1082763713265 1
1 1082763713266 4
1 1082763713267 1
1 1082763713308 1
1 1082763713309 4
1 1082763713310 1
1 1082763713312 1
1 1082763713313 4
1 1082763713314 1
1 1082763713316 1
1 1082763713317 4
1 1082763713318 1
1 1082763713320 1
1 1082763713321 4
1 1082763713322 1
1 1082763713324 1
1 1082763713325 4
1 1082763713326 1
1 1082763713328 1
1 1082763713329 4
1 1082763713330 1
1 1082763713372 4
1 1082763713373 1
1 1082763713376 4
1 1082763713377 1
1 1082763713380 4
1 1082763713381 1
1 1082763713384 4
1 1082763713385 1
1 1082763713388 4
1 1082763713389 1
1 1082763713392 4
1 1082763713393 1
1 1082763713422 1
1 1082763713423 1
1 1082763713426 1
1 1082763713427 1
1 1082763713430 1
1 1082763713431 1
1 1082763713434 1
1 1082763713435 1
1 1082763713438 1
1 1082763713439 1
1 1082763713442 1
1 1082763713443 1
1 1082763713485 1
1 1082763713486 4
1 1082763713487 1
1 1082763713489 1
1 1082763713490 4
1 1082763713491 1
1 1082763713493 1
1 1082763713494 4
1 1082763713495 1
1 1082763713497 1
1 1082763713498 4
1 1082763713499 1
1 1082763713501 1
1 1082763713502 4
1 1082763713503 1
1 1082763713505 1
1 1082763713506 4
1 1082763713507 1
1 1082763713548 1
1 1082763713549 4
1 1082763713550 1
1 1082763713552 1
1 1082763713553 4
1 1082763713554 1
1 1082763713556 1
1 1082763713557 4
1 1082763713558 1
1 1082763713560 1
1 1082763713561 4
1 1082763713562 1
1 1082763713564 1
1 1082763713565 4
1 1082763713566 1
1 1082763713568 1
1 1082763713569 4
1 1082763713570 1
