1 1082763673628 4
1 1082763673629 1
1 1082763673632 4
1 1082763673633 1
1 1082763673636 4
1 1082763673637 1
1 1082763673640 4
1 1082763673641 1
1 1082763673644 4
1 1082763673645 1
1 1082763673648 4
1 1082763673649 1
1 1082763673678 1
1 1082763673679 1
1 1082763673682 1
1 1082763673683 1
1 1082763673686 1
1 1082763673687 1
1 1082763673690 1
1 1082763673691 1
1 1082763673694 1
1 1082763673695 1
1 1082763673698 1
1 1082763673699 1
1 1082763673741 1
1 1082763673742 4
1 1082763673743 1
1 1082763673745 1
1 1082763673746 4
1 1082763673747 1
1 1082763673749 1
1 1082763673750 4
1 1082763673751 1
1 1082763673753 1
1 1082763673754 4
1 1082763673755 1
1 1082763673757 1
1 1082763673758 4
1 1082763673759 1
1 1082763673761 1
1 1082763673762 4
1 1082763673763 1
1 1082763673804 1
1 1082763673805 4
1 1082763673806 1
1 1082763673808 1
1 1082763673809 4
1 1082763673810 1
1 1082763673812 1
1 1082763673813 4
1 1082763673814 1
1 1082763673816 1
1 1082763673817 4
1 1082763673818 1
1 1082763673820 1
1 1082763673821 4
1 1082763673822 1
1 1082763673824 1
1 1082763673825 4
1 1082763673826 1
1 1082763673868 4
1 1082763673869 1
1 1082763673872 4
1 1082763673873 1
1 1082763673876 4
1 1082763673877 1
1 1082763673880 53
1 1082763673881 1
1 1082763673884 4
1 1082763673885 1
1 1082763673888 4
1 1082763673889 1
1 1082763673918 1
1 1082763673919 1
1 1082763673922 1
1 1082763673923 1
1 1082763673926 1
1 1082763673927 1
1 1082763673930 1
1 1082763673931 1
1 1082763673934 1
1 1082763673935 1
1 1082763673938 1
1 1082763673939 1
1 1082763673981 1
1 1082763673982 4
1 1082763673983 1
1 1082763673985 1
1 1082763673986 4
1 1082763673987 1
1 1082763673989 1
1 1082763673990 45
1 1082763673991 1
1 1082763673993 1
1 1082763673994 46
1 1082763673995 1
1 1082763673997 1
1 1082763673998 4
1 1082763673999 1
1 1082763674028 4
1 1082763674029 1
1 1082763674032 4
1 1082763674033 1
1 1082763674036 4
1 1082763674037 1
1 1082763674040 4
1 1082763674041 1
1 1082763674044 4
1 1082763674045 1
1 1082763674048 4
1 1082763674049 1
1 1082763674078 1
1 1082763674079 1
1 1082763674082 1
1 1082763674083 1
1 1082763674086 1
1 1082763674087 1
1 1082763674090 1
1 1082763674091 1
1 1082763674094 1
1 1082763674095 1
1 1082763674098 1
1 1082763674099 1
1 1082763674141 1
1 1082763674142 4
1 1082763674143 1
1 1082763674145 1
1 1082763674146 4
1 1082763674147 1
1 1082763674149 1
1 1082763674150 4
1 1082763674151 1
1 1082763674153 1
1 1082763674154 4
1 1082763674155 1
1 1082763674157 1
1 1082763674158 4
1 1082763674159 1
1 1082763674161 1
1 1082763674162 4
1 1082763674163 1
1 1082763674204 1
1 1082763674205 4
1 1082763674206 1
1 1082763674208 1
1 1082763674209 4
1 1082763674210 1
1 1082763674212 1
1 1082763674213 4
1 1082763674214 1
1 1082763674216 1
1 1082763674217 4
1 1082763674218 1
1 1082763674220 1
1 1082763674221 4
1 1082763674222 1
1 1082763674224 1
1 1082763674225 4
1 1082763674226 1
1 1082763674268 4
1 1082763674269 1
1 1082763674272 4
1 1082763674273 1
1 1082763674276 4
1 1082763674277 1
1 1082763674280 4
1 1082763674281 1
1 1082763674284 4
1 1082763674285 1
1 1082763674288 4
1 1082763674289 1
1 1082763674318 1
1 1082763674319 1
1 1082763674322 1
1 1082763674323 1
1 1082763674326 1
1 1082763674327 1
1 1082763674330 1
1 1082763674331 1
1 1082763674334 1
1 1082763674335 1
1 1082763674338 1
1 1082763674339 1
1 1082763674381 1
1 1082763674382 4
1 1082763674383 1
1 1082763674385 1
1 1082763674386 4
1 1082763674387 1
1 1082763674389 1
1 1082763674390 4
1 1082763674391 1
1 1082763674393 1
1 1082763674394 4
1 1082763674395 1
1 1082763674397 1
1 1082763674398 4
1 1082763674399 1
1 1082763674428 4
1 1082763674429 1
1 1082763674432 4
1 1082763674433 1
1 1082763674436 4
1 1082763674437 1
1 1082763674440 4
1 1082763674441 1
1 1082763674444 4
1 1082763674445 1
1 1082763674448 4
1 1082763674449 1
1 1082763674478 1
1 1082763674479 1
1 1082763674482 1
1 1082763674483 1
1 1082763674486 1
1 1082763674487 1
1 1082763674490 1
1 1082763674491 1
1 1082763674494 1
1 1082763674495 1
1 1082763674498 1
1 1082763674499 1
1 1082763674541 1
1 1082763674542 4
1 1082763674543 1
1 1082763674545 1
1 1082763674546 4
1 1082763674547 1
1 1082763674549 1
1 1082763674550 4
1 1082763674551 1
1 1082763674553 1
1 1082763674554 4
1 1082763674555 1
1 1082763674557 1
1 1082763674558 4
1 1082763674559 1
1 1082763674561 1
1 1082763674562 4
1 1082763674563 1
1 1082763674604 1
1 1082763674605 4
1 1082763674606 1
1 1082763674608 1
1 1082763674609 4
1 1082763674610 1
1 1082763674612 1
1 1082763674613 4
1 1082763674614 1
1 1082763674616 1
1 1082763674617 4
1 1082763674618 1
1 1082763674620 1
1 1082763674621 4
1 1082763674622 1
1 1082763674624 1
1 1082763674625 4
1 1082763674626 1
1 1082763674668 4
1 1082763674669 1
1 1082763674672 4
1 1082763674673 1
1 1082763674676 4
1 1082763674677 1
1 1082763674680 4
1 1082763674681 1
1 1082763674684 4
1 1082763674685 1
1 1082763674688 4
1 1082763674689 1
1 1082763674718 1
1 1082763674719 1
1 1082763674722 1
1 1082763674723 1
1 1082763674726 1
1 1082763674727 1
1 1082763674730 1
1 1082763674731 1
1 1082763674734 1
1 1082763674735 1
1 1082763674738 1
1 1082763674739 1
1 1082763674781 1
1 1082763674782 4
1 1082763674783 1
1 1082763674785 1
1 1082763674786 4
1 1082763674787 1
1 1082763674789 1
1 1082763674790 4
1 1082763674791 1
1 1082763674793 1
1 1082763674794 4
1 1082763674795 1
1 1082763674797 1
1 1082763674798 4
1 1082763674799 1
1 1082763674828 4
1 1082763674829 1
1 1082763674832 4
1 1082763674833 1
1 1082763674836 4
1 1082763674837 1
1 1082763674840 4
1 1082763674841 1
1 1082763674844 4
1 1082763674845 1
1 1082763674848 4
1 1082763674849 1
1 1082763674878 1
1 1082763674879 1
1 1082763674882 1
1 1082763674883 1
1 1082763674886 1
1 1082763674887 1
1 1082763674890 1
1 1082763674891 1
1 1082763674894 1
1 1082763674895 1
1 1082763674898 1
1 1082763674899 1
1 1082763674941 1
1 1082763674942 4
1 1082763674943 1
1 1082763674945 1
1 1082763674946 4
1 1082763674947 1
1 1082763674949 1
1 1082763674950 4
1 1082763674951 1
1 1082763674953 1
1 1082763674954 4
1 1082763674955 1
1 1082763674957 1
1 1082763674958 4
1 1082763674959 1
1 1082763674961 1
1 1082763674962 4
1 1082763674963 1
1 1082763675004 1
1 1082763675005 4
1 1082763675006 1
1 1082763675008 1
1 1082763675009 4
1 1082763675010 1
1 1082763675012 1
1 1082763675013 4
1 1082763675014 1
1 1082763675016 1
1 1082763675017 4
1 1082763675018 1
1 1082763675020 1
1 1082763675021 4
1 1082763675022 1
1 1082763675024 1
1 1082763675025 4
1 1082763675026 1
1 1082763675068 4
1 1082763675069 1
1 1082763675072 4
1 1082763675073 1
1 1082763675076 4
1 1082763675077 1
1 1082763675080 4
1 1082763675081 1
1 1082763675084 4
1 1082763675085 1
1 1082763675088 4
1 1082763675089 1
1 1082763675118 1
1 1082763675119 1
1 1082763675122 1
1 1082763675123 1
1 1082763675126 1
1 1082763675127 1
1 1082763675130 1
1 1082763675131 1
1 1082763675134 1
1 1082763675135 1
1 1082763675138 1
1 1082763675139 1
1 1082763675181 1
1 1082763675182 4
1 1082763675183 1
1 1082763675185 1
1 1082763675186 4
1 1082763675187 1
1 1082763675189 1
1 1082763675190 4
1 1082763675191 1
1 1082763675193 1
1 1082763675194 4
1 1082763675195 1
1 1082763675197 1
1 1082763675198 4
1 1082763675199 1
1 1082763675228 4
1 1082763675229 1
1 1082763675232 4
1 1082763675233 1
1 1082763675236 4
1 1082763675237 1
1 1082763675240 4
1 1082763675241 1
1 1082763675244 4
1 1082763675245 1
1 1082763675248 4
1 1082763675249 1
1 1082763675278 1
1 1082763675279 1
1 1082763675282 1
1 1082763675283 1
1 1082763675286 1
1 1082763675287 1
1 1082763675290 1
1 1082763675291 1
1 1082763675294 1
1 1082763675295 1
1 1082763675298 1
1 1082763675299 1
1 1082763675341 1
1 1082763675342 4
1 1082763675343 1
1 1082763675345 1
1 1082763675346 4
1 1082763675347 1
1 1082763675349 1
1 1082763675350 4
1 1082763675351 1
1 1082763675353 1
1 1082763675354 4
1 1082763675355 1
1 1082763675357 1
1 1082763675358 4
1 1082763675359 1
1 1082763675361 1
1 1082763675362 4
1 1082763675363 1
1 1082763675404 1
1 1082763675405 4
1 1082763675406 1
1 1082763675408 1
1 1082763675409 4
1 1082763675410 1
1 1082763675412 1
1 1082763675413 4
1 1082763675414 1
1 1082763675416 1
1 1082763675417 4
1 1082763675418 1
1 1082763675420 1
1 1082763675421 4
1 1082763675422 1
1 1082763675424 1
1 1082763675425 4
1 1082763675426 1
1 1082763675468 4
1 1082763675469 1
1 1082763675472 4
1 1082763675473 1
1 1082763675476 4
1 1082763675477 1
1 1082763675480 4
1 1082763675481 1
1 1082763675484 4
1 1082763675485 1
1 1082763675488 4
1 1082763675489 1
1 1082763675518 1
1 1082763675519 1
1 1082763675522 1
1 1082763675523 1
1 1082763675526 1
1 1082763675527 1
1 1082763675530 1
1 1082763675531 1
1 1082763675534 1
1 1082763675535 1
1 1082763675538 1
1 1082763675539 1
1 1082763675581 1
1 1082763675582 4
1 1082763675583 1
1 1082763675585 1
1 1082763675586 4
1 1082763675587 1
1 1082763675589 1
1 1082763675590 4
1 1082763675591 1
1 1082763675593 1
1 1082763675594 4
1 1082763675595 1
1 1082763675597 1
1 1082763675598 4
1 1082763675599 1
1 1082763675628 4
1 1082763675629 1
1 1082763675632 4
1 1082763675633 1
1 1082763675636 4
1 1082763675637 1
1 1082763675640 4
1 1082763675641 1
1 1082763675644 4
1 1082763675645 1
1 1082763675648 4
1 1082763675649 1
1 1082763675678 1
1 1082763675679 1
1 1082763675682 1
1 1082763675683 1
1 1082763675686 1
1 1082763675687 1
1 1082763675690 1
1 1082763675691 1
1 1082763675694 1
1 1082763675695 1
1 1082763675698 1
1 1082763675699 1
1 1082763675741 1
1 1082763675742 4
1 1082763675743 1
1 1082763675745 1
1 1082763675746 4
1 1082763675747 1
1 1082763675749 1
1 1082763675750 4
1 1082763675751 1
1 1082763675753 1
1 1082763675754 4
1 1082763675755 1
1 1082763675757 1
1 1082763675758 4
1 1082763675759 1
1 1082763675761 1
1 1082763675762 4
1 1082763675763 1
1 1082763675804 1
1 1082763675805 4
1 1082763675806 1
1 1082763675808 1
1 1082763675809 4
1 1082763675810 1
1 1082763675812 1
1 1082763675813 4
1 1082763675814 1
1 1082763675816 1
1 1082763675817 4
1 1082763675818 1
1 1082763675820 1
1 1082763675821 4
1 1082763675822 1
1 1082763675824 1
1 1082763675825 4
1 1082763675826 1
1 1082763675868 4
1 1082763675869 1
1 1082763675872 4
1 1082763675873 1
1 1082763675876 4
1 1082763675877 1
1 1082763675880 4
1 1082763675881 1
1 1082763675884 4
1 1082763675885 1
1 1082763675888 4
1 1082763675889 1
1 1082763675918 1
1 1082763675919 1
1 1082763675922 1
1 1082763675923 1
1 1082763675926 1
1 1082763675927 1
1 1082763675930 1
1 1082763675931 1
1 1082763675934 1
1 1082763675935 1
1 1082763675938 1
1 1082763675939 1
1 1082763675981 1
1 1082763675982 4
1 1082763675983 1
1 1082763675985 1
1 1082763675986 4
1 1082763675987 1
1 1082763675989 1
1 1082763675990 4
1 1082763675991 1
1 1082763675993 1
1 1082763675994 4
1 1082763675995 1
1 1082763675997 1
1 1082763675998 4
1 1082763675999 1
1 1082763676028 4
1 1082763676029 1
1 1082763676032 4
1 1082763676033 1
1 1082763676036 4
1 1082763676037 1
1 1082763676040 4
1 1082763676041 1
1 1082763676044 4
1 1082763676045 1
1 1082763676048 4
1 1082763676049 1
1 1082763676078 1
1 1082763676079 1
1 1082763676082 1
1 1082763676083 1
1 1082763676086 1
1 1082763676087 1
1 1082763676090 1
1 1082763676091 1
1 1082763676094 1
1 1082763676095 1
1 1082763676098 1
1 1082763676099 1
1 1082763676141 1
1 1082763676142 4
1 1082763676143 1
1 1082763676145 1
1 1082763676146 4
1 1082763676147 1
1 1082763676149 1
1 1082763676150 4
1 1082763676151 1
1 1082763676153 1
1 1082763676154 4
1 1082763676155 1
1 1082763676157 1
1 1082763676158 4
1 1082763676159 1
1 1082763676161 1
1 1082763676162 4
1 1082763676163 1
1 1082763676204 1
1 1082763676205 4
1 1082763676206 1
1 1082763676208 1
1 1082763676209 4
1 1082763676210 1
1 1082763676212 1
1 1082763676213 4
1 1082763676214 1
1 1082763676216 1
1 1082763676217 4
1 1082763676218 1
1 1082763676220 1
1 1082763676221 4
1 1082763676222 1
1 1082763676224 1
1 1082763676225 4
1 1082763676226 1
1 1082763676268 4
1 1082763676269 1
1 1082763676272 4
1 1082763676273 1
1 1082763676276 4
1 1082763676277 1
1 1082763676280 4
1 1082763676281 1
1 1082763676284 4
1 1082763676285 1
1 1082763676288 4
1 1082763676289 1
1 1082763676318 1
1 1082763676319 1
1 1082763676322 1
1 1082763676323 1
1 1082763676326 1
1 1082763676327 1
1 1082763676330 1
1 1082763676331 1
1 1082763676334 1
1 1082763676335 1
1 1082763676338 1
1 1082763676339 1
1 1082763676381 1
1 1082763676382 4
1 1082763676383 1
1 1082763676385 1
1 1082763676386 4
1 1082763676387 1
1 1082763676389 1
1 1082763676390 4
1 1082763676391 1
1 1082763676393 1
1 1082763676394 4
1 1082763676395 1
1 1082763676397 1
1 1082763676398 4
1 1082763676399 1
1 1082763676428 4
1 1082763676429 1
1 1082763676432 4
1 1082763676433 1
1 1082763676436 4
1 1082763676437 1
1 1082763676440 4
1 1082763676441 1
1 1082763676444 4
1 1082763676445 1
1 1082763676448 4
1 1082763676449 1
1 1082763676478 1
1 1082763676479 1
1 1082763676482 1
1 1082763676483 1
1 1082763676486 1
1 1082763676487 1
1 1082763676490 1
1 1082763676491 1
1 1082763676494 1
1 1082763676495 1
1 1082763676498 1
1 1082763676499 1
1 1082763676541 1
1 1082763676542 4
1 1082763676543 1
1 1082763676545 1
1 1082763676546 4
1 1082763676547 1
1 1082763676549 1
1 1082763676550 4
1 1082763676551 1
1 1082763676553 1
1 1082763676554 4
1 1082763676555 1
1 1082763676557 1
1 1082763676558 4
1 1082763676559 1
1 1082763676561 1
1 1082763676562 4
1 1082763676563 1
1 1082763676604 1
1 1082763676605 4
1 1082763676606 1
1 1082763676608 1
1 1082763676609 4
1 1082763676610 1
1 1082763676612 1
1 1082763676613 4
1 1082763676614 1
1 1082763676616 1
1 1082763676617 4
1 1082763676618 1
1 1082763676620 1
1 1082763676621 4
1 1082763676622 1
1 1082763676624 1
1 1082763676625 4
1 1082763676626 1
1 1082763676668 4
1 1082763676669 1
1 1082763676672 4
1 1082763676673 1
1 1082763676676 4
1 1082763676677 1
1 1082763676680 4
1 1082763676681 1
1 1082763676684 4
1 1082763676685 1
1 1082763676688 4
1 1082763676689 1
1 1082763676718 1
1 1082763676719 1
1 1082763676722 1
1 1082763676723 1
1 1082763676726 1
1 1082763676727 1
1 1082763676730 1
1 1082763676731 1
1 1082763676734 1
1 1082763676735 1
1 1082763676738 1
1 1082763676739 1
1 1082763676781 1
1 1082763676782 4
1 1082763676783 1
1 1082763676785 1
1 1082763676786 4
1 1082763676787 1
1 1082763676789 1
1 1082763676790 4
1 1082763676791 1
1 1082763676793 1
1 1082763676794 4
1 1082763676795 1
1 1082763676797 1
1 1082763676798 4
1 1082763676799 1
1 1082763676828 4
1 1082763676829 1
1 1082763676832 4
1 1082763676833 1
1 1082763676836 4
1 1082763676837 1
1 1082763676840 4
1 1082763676841 1
1 1082763676844 4
1 1082763676845 1
1 1082763676848 4
1 1082763676849 1
1 1082763676878 1
1 1082763676879 1
1 1082763676882 1
1 1082763676883 1
1 1082763676886 1
1 1082763676887 1
1 1082763676890 1
1 1082763676891 1
1 1082763676894 1
1 1082763676895 1
1 1082763676898 1
1 1082763676899 1
1 1082763676941 1
1 1082763676942 4
1 1082763676943 1
1 1082763676945 1
1 1082763676946 4
1 1082763676947 1
1 1082763676949 1
1 1082763676950 4
1 1082763676951 1
1 1082763676953 1
1 1082763676954 4
1 1082763676955 1
1 1082763676957 1
1 1082763676958 4
1 1082763676959 1
1 1082763676961 1
1 1082763676962 4
1 1082763676963 1
1 1082763677004 1
1 1082763677005 4
1 1082763677006 1
1 1082763677008 1
1 1082763677009 4
1 1082763677010 1
1 1082763677012 1
1 1082763677013 4
1 1082763677014 1
1 1082763677016 1
1 1082763677017 4
1 1082763677018 1
1 1082763677020 1
1 1082763677021 4
1 1082763677022 1
1 1082763677024 1
1 1082763677025 4
1 1082763677026 1
1 1082763677068 4
1 1082763677069 1
1 1082763677072 4
1 1082763677073 1
1 1082763677076 4
1 1082763677077 1
1 1082763677080 4
1 1082763677081 1
1 1082763677084 4
1 1082763677085 1
1 1082763677088 4
1 1082763677089 1
1 1082763677118 1
1 1082763677119 1
1 1082763677122 1
1 1082763677123 1
1 1082763677126 1
1 1082763677127 1
1 1082763677130 1
1 1082763677131 1
1 1082763677134 1
1 1082763677135 1
1 1082763677138 1
1 1082763677139 1
1 1082763677181 1
1 1082763677182 4
1 1082763677183 1
1 1082763677185 1
1 1082763677186 4
1 1082763677187 1
1 1082763677189 1
1 1082763677190 4
1 1082763677191 1
1 1082763677193 1
1 1082763677194 4
1 1082763677195 1
1 1082763677197 1
1 1082763677198 4
1 1082763677199 1
1 1082763677228 4
1 1082763677229 1
1 1082763677232 4
1 1082763677233 1
1 1082763677236 4
1 1082763677237 1
1 1082763677240 4
1 1082763677241 1
1 1082763677244 4
1 1082763677245 1
1 1082763677248 4
1 1082763677249 1
1 1082763677278 1
1 1082763677279 1
1 1082763677282 1
1 1082763677283 1
1 1082763677286 1
1 1082763677287 1
1 1082763677290 1
1 1082763677291 1
1 1082763677294 1
1 1082763677295 1
1 1082763677298 1
1 1082763677299 1
1 1082763677341 1
1 1082763677342 4
1 1082763677343 1
1 1082763677345 1
1 1082763677346 4
1 1082763677347 1
1 1082763677349 1
1 1082763677350 4
1 1082763677351 1
1 1082763677353 1
1 1082763677354 4
1 1082763677355 1
1 1082763677357 1
1 1082763677358 4
1 1082763677359 1
1 1082763677361 1
1 1082763677362 4
1 1082763677363 1
1 1082763677404 1
1 1082763677405 4
1 1082763677406 1
1 1082763677408 1
1 1082763677409 4
1 1082763677410 1
1 1082763677412 1
1 1082763677413 4
1 1082763677414 1
1 1082763677416 1
1 1082763677417 4
1 1082763677418 1
1 1082763677420 1
1 1082763677421 4
1 1082763677422 1
1 1082763677424 1
1 1082763677425 4
1 1082763677426 1
1 1082763677468 4
1 1082763677469 1
1 1082763677472 4
1 1082763677473 1
1 1082763677476 4
1 1082763677477 1
1 1082763677480 4
1 1082763677481 1
1 1082763677484 4
1 1082763677485 1
1 1082763677488 4
1 1082763677489 1
1 1082763677518 1
1 1082763677519 1
1 1082763677522 1
1 1082763677523 1
1 1082763677526 1
1 1082763677527 1
1 1082763677530 1
1 1082763677531 1
1 1082763677534 1
1 1082763677535 1
1 1082763677538 1
1 1082763677539 1
1 1082763677581 1
1 1082763677582 4
1 1082763677583 1
1 1082763677585 1
1 1082763677586 4
1 1082763677587 1
1 1082763677589 1
1 1082763677590 4
1 1082763677591 1
1 1082763677593 1
1 1082763677594 4
1 1082763677595 1
1 1082763677597 1
1 1082763677598 4
1 1082763677599 1
1 1082763677628 4
1 1082763677629 1
1 1082763677632 4
1 1082763677633 1
1 1082763677636 4
1 1082763677637 1
1 1082763677640 4
1 1082763677641 1
1 1082763677644 4
1 1082763677645 1
1 1082763677648 4
1 1082763677649 1
1 1082763677678 1
1 1082763677679 1
1 1082763677682 1
1 1082763677683 1
1 1082763677686 1
1 1082763677687 1
1 1082763677690 1
1 1082763677691 1
1 1082763677694 1
1 1082763677695 1
1 1082763677698 1
1 1082763677699 1
1 1082763677741 1
1 1082763677742 4
1 1082763677743 1
1 1082763677745 1
1 1082763677746 4
1 1082763677747 1
1 1082763677749 1
1 1082763677750 4
1 1082763677751 1
1 1082763677753 1
1 1082763677754 4
1 1082763677755 1
1 1082763677757 1
1 1082763677758 4
1 1082763677759 1
1 1082763677761 1
1 1082763677762 4
1 1082763677763 1
1 1082763677804 1
1 1082763677805 4
1 1082763677806 1
1 1082763677808 1
1 1082763677809 4
1 1082763677810 1
1 1082763677812 1
1 1082763677813 4
1 1082763677814 1
1 1082763677816 1
1 1082763677817 4
1 1082763677818 1
1 1082763677820 1
1 1082763677821 4
1 1082763677822 1
1 1082763677824 1
1 1082763677825 4
1 1082763677826 1
1 1082763677868 4
1 1082763677869 1
1 1082763677872 4
1 1082763677873 1
1 1082763677876 4
1 1082763677877 1
1 1082763677880 4
1 1082763677881 1
1 1082763677884 4
1 1082763677885 1
1 1082763677888 4
1 1082763677889 1
1 1082763677918 1
1 1082763677919 1
1 1082763677922 1
1 1082763677923 1
1 1082763677926 1
1 1082763677927 1
1 1082763677930 1
1 1082763677931 1
1 1082763677934 1
1 1082763677935 1
1 1082763677938 1
1 1082763677939 1
1 1082763677981 1
1 1082763677982 4
1 1082763677983 1
1 1082763677985 1
1 1082763677986 4
1 1082763677987 1
1 1082763677989 1
1 1082763677990 4
1 1082763677991 1
1 1082763677993 1
1 1082763677994 4
1 1082763677995 1
1 1082763677997 1
1 1082763677998 4
1 1082763677999 1
1 1082763678028 4
1 1082763678029 1
1 1082763678032 4
1 1082763678033 1
1 1082763678036 4
1 1082763678037 1
1 1082763678040 4
1 1082763678041 1
1 1082763678044 4
1 1082763678045 1
1 1082763678048 4
1 1082763678049 1
1 1082763678078 1
1 1082763678079 1
1 1082763678082 1
1 1082763678083 1
1 1082763678086 1
1 1082763678087 1
1 1082763678090 1
1 1082763678091 1
1 1082763678094 1
1 1082763678095 1
1 1082763678098 1
1 1082763678099 1
1 1082763678141 1
1 1082763678142 4
1 1082763678143 1
1 1082763678145 1
1 1082763678146 4
1 1082763678147 1
1 1082763678149 1
1 1082763678150 4
1 1082763678151 1
1 1082763678153 1
1 1082763678154 4
1 1082763678155 1
1 1082763678157 1
1 1082763678158 4
1 1082763678159 1
1 1082763678161 1
1 1082763678162 4
1 1082763678163 1
1 1082763678204 1
1 1082763678205 4
1 1082763678206 1
1 1082763678208 1
1 1082763678209 4
1 1082763678210 1
1 1082763678212 1
1 1082763678213 4
1 1082763678214 1
1 1082763678216 1
1 1082763678217 4
1 1082763678218 1
1 1082763678220 1
1 1082763678221 4
1 1082763678222 1
1 1082763678224 1
1 1082763678225 4
1 1082763678226 1
1 1082763678268 4
1 1082763678269 1
1 1082763678272 4
1 1082763678273 1
1 1082763678276 4
1 1082763678277 1
1 1082763678280 4
1 1082763678281 1
1 1082763678284 4
1 1082763678285 1
1 1082763678288 4
1 1082763678289 1
1 1082763678318 1
1 1082763678319 1
1 1082763678322 1
1 1082763678323 1
1 1082763678326 1
1 1082763678327 1
1 1082763678330 1
1 1082763678331 1
1 1082763678334 1
1 1082763678335 1
1 1082763678338 1
1 1082763678339 1
1 1082763678381 1
1 1082763678382 4
1 1082763678383 1
1 1082763678385 1
1 1082763678386 4
1 1082763678387 1
1 1082763678389 1
1 1082763678390 4
1 1082763678391 1
1 1082763678393 1
1 1082763678394 4
1 1082763678395 1
1 1082763678397 1
1 1082763678398 4
1 1082763678399 1
1 1082763678428 4
1 1082763678429 1
1 1082763678432 4
1 1082763678433 1
1 1082763678436 4
1 1082763678437 1
1 1082763678440 4
1 1082763678441 1
1 1082763678444 4
1 1082763678445 1
1 1082763678448 4
1 1082763678449 1
1 1082763678478 1
1 1082763678479 1
1 1082763678482 1
1 1082763678483 1
1 1082763678486 1
1 1082763678487 1
1 1082763678490 1
1 1082763678491 1
1 1082763678494 1
1 1082763678495 1
1 1082763678498 1
1 1082763678499 1
1 1082763678541 1
1 1082763678542 4
1 1082763678543 1
1 1082763678545 1
1 1082763678546 4
1 1082763678547 1
1 1082763678549 1
1 1082763678550 4
1 1082763678551 1
1 1082763678553 1
1 1082763678554 4
1 1082763678555 1
1 1082763678557 1
1 1082763678558 4
1 1082763678559 1
1 1082763678561 1
1 1082763678562 4
1 1082763678563 1
1 1082763678604 1
1 1082763678605 4
1 1082763678606 1
1 1082763678608 1
1 1082763678609 4
1 1082763678610 1
1 1082763678612 1
1 1082763678613 4
1 1082763678614 1
1 1082763678616 1
1 1082763678617 4
1 1082763678618 1
1 1082763678620 1
1 1082763678621 4
1 1082763678622 1
1 1082763678624 1
1 1082763678625 4
1 1082763678626 1
1 1082763678668 4
1 1082763678669 1
1 1082763678672 4
1 1082763678673 1
1 1082763678676 4
1 1082763678677 1
1 1082763678680 4
1 1082763678681 1
1 1082763678684 4
1 1082763678685 1
1 1082763678688 4
1 1082763678689 1
1 1082763678718 1
1 1082763678719 1
1 1082763678722 1
1 1082763678723 1
1 1082763678726 1
1 1082763678727 1
1 1082763678730 1
1 1082763678731 1
1 1082763678734 1
1 1082763678735 1
1 1082763678738 1
1 1082763678739 1
1 1082763678781 1
1 1082763678782 4
1 1082763678783 1
1 1082763678785 1
1 1082763678786 4
1 1082763678787 1
1 1082763678789 1
1 1082763678790 4
1 1082763678791 1
1 1082763678793 1
1 1082763678794 4
1 1082763678795 1
1 1082763678797 1
1 1082763678798 4
1 1082763678799 1
1 1082763678828 4
1 1082763678829 1
1 1082763678832 4
1 1082763678833 1
1 1082763678836 4
1 1082763678837 1
1 1082763678840 4
1 1082763678841 1
1 1082763678844 4
1 1082763678845 1
1 1082763678848 4
1 1082763678849 1
1 1082763678878 1
1 1082763678879 1
1 1082763678882 1
1 1082763678883 1
1 1082763678886 1
1 1082763678887 1
1 1082763678890 1
1 1082763678891 1
1 1082763678894 1
1 1082763678895 1
1 1082763678898 1
1 1082763678899 1
1 1082763678941 1
1 1082763678942 4
1 1082763678943 1
1 1082763678945 1
1 1082763678946 4
1 1082763678947 1
1 1082763678949 1
1 1082763678950 4
1 1082763678951 1
1 1082763678953 1
1 1082763678954 4
1 1082763678955 1
1 1082763678957 1
1 1082763678958 4
1 1082763678959 1
1 1082763678961 1
1 1082763678962 4
1 1082763678963 1
1 1082763679004 1
1 1082763679005 4
1 1082763679006 1
1 1082763679008 1
1 1082763679009 4
1 1082763679010 1
1 1082763679012 1
1 1082763679013 4
1 1082763679014 1
1 1082763679016 1
1 1082763679017 4
1 1082763679018 1
1 1082763679020 1
1 1082763679021 4
1 1082763679022 1
1 1082763679024 1
1 1082763679025 4
1 1082763679026 1
1 1082763679068 4
1 1082763679069 1
1 1082763679072 4
1 1082763679073 1
1 1082763679076 4
1 1082763679077 1
1 1082763679080 4
1 1082763679081 1
1 1082763679084 4
1 1082763679085 1
1 1082763679088 4
1 1082763679089 1
1 1082763679118 1
1 1082763679119 1
1 1082763679122 1
1 1082763679123 1
1 1082763679126 1
1 1082763679127 1
1 1082763679130 1
1 1082763679131 1
1 1082763679134 1
1 1082763679135 1
1 1082763679138 1
1 1082763679139 1
1 1082763679181 1
1 1082763679182 4
1 1082763679183 1
1 1082763679185 1
1 1082763679186 4
1 1082763679187 1
1 1082763679189 1
1 1082763679190 4
1 1082763679191 1
1 1082763679193 1
1 1082763679194 4
1 1082763679195 1
1 1082763679197 1
1 1082763679198 4
1 1082763679199 1
1 1082763679228 4
1 1082763679229 1
1 1082763679232 4
1 1082763679233 1
1 1082763679236 4
1 1082763679237 1
1 1082763679240 4
1 1082763679241 1
1 1082763679244 4
1 1082763679245 1
1 1082763679248 4
1 1082763679249 1
1 1082763679278 1
1 1082763679279 1
1 1082763679282 1
1 1082763679283 1
1 1082763679286 1
1 1082763679287 1
1 1082763679290 1
1 1082763679291 1
1 1082763679294 1
1 1082763679295 1
1 1082763679298 1
1 1082763679299 1
1 1082763679341 1
1 1082763679342 4
1 1082763679343 1
1 1082763679345 1
1 1082763679346 4
1 1082763679347 1
1 1082763679349 1
1 1082763679350 4
1 1082763679351 1
1 1082763679353 1
1 1082763679354 4
1 1082763679355 1
1 1082763679357 1
1 1082763679358 4
1 1082763679359 1
1 1082763679361 1
1 1082763679362 4
1 1082763679363 1
1 1082763679404 1
1 1082763679405 4
1 1082763679406 1
1 1082763679408 1
1 1082763679409 4
1 1082763679410 1
1 1082763679412 1
1 1082763679413 4
1 1082763679414 1
1 1082763679416 1
1 1082763679417 4
1 1082763679418 1
1 1082763679420 1
1 1082763679421 4
1 1082763679422 1
1 1082763679424 1
1 1082763679425 4
1 1082763679426 1
1 1082763679468 169
1 1082763679469 1
1 1082763679472 4
1 1082763679473 1
1 1082763679476 4
1 1082763679477 1
1 1082763679480 4
1 1082763679481 1
1 1082763679484 4
1 1082763679485 1
1 1082763679488 4
1 1082763679489 1
1 1082763679518 1
1 1082763679519 1
1 1082763679522 1
1 1082763679523 1
1 1082763679526 1
1 1082763679527 1
1 1082763679530 1
1 1082763679531 1
1 1082763679534 1
1 1082763679535 1
1 1082763679538 1
1 1082763679539 1
1 1082763679581 1
1 1082763679582 4
1 1082763679583 1
1 1082763679585 1
1 1082763679586 4
1 1082763679587 1
1 1082763679589 1
1 1082763679590 4
1 1082763679591 1
1 1082763679593 1
1 1082763679594 4
1 1082763679595 1
1 1082763679597 1
1 1082763679598 4
1 1082763679599 1
1 1082763679628 4
1 1082763679629 1
1 1082763679632 4
1 1082763679633 1
1 1082763679636 4
1 1082763679637 1
1 1082763679640 4
1 1082763679641 1
1 1082763679644 4
1 1082763679645 1
1 1082763679648 4
1 1082763679649 1
1 1082763679678 1
1 1082763679679 1
1 1082763679682 1
1 1082763679683 1
1 1082763679686 1
1 1082763679687 1
1 1082763679690 1
1 1082763679691 1
1 1082763679694 1
1 1082763679695 1
1 1082763679698 1
1 1082763679699 1
1 1082763679741 1
1 1082763679742 4
1 1082763679743 1
1 1082763679745 1
1 1082763679746 4
1 1082763679747 1
1 1082763679749 1
1 1082763679750 4
1 1082763679751 1
1 1082763679753 1
1 1082763679754 4
1 1082763679755 1
1 1082763679757 56
1 1082763679758 4
1 1082763679759 1
1 1082763679761 1
1 1082763679762 4
1 1082763679763 1
1 1082763679804 1
1 1082763679805 4
1 1082763679806 1
1 1082763679808 1
1 1082763679809 4
1 1082763679810 1
1 1082763679812 1
1 1082763679813 4
1 1082763679814 1
1 1082763679816 1
1 1082763679817 4
1 1082763679818 1
1 1082763679820 1
1 1082763679821 4
1 1082763679822 1
1 1082763679824 1
1 1082763679825 4
1 1082763679826 1
1 1082763679868 4
1 1082763679869 1
1 1082763679872 4
1 1082763679873 1
1 1082763679876 4
1 1082763679877 1
1 1082763679880 4
1 1082763679881 1
1 1082763679884 4
1 1082763679885 1
1 1082763679888 4
1 1082763679889 1
1 1082763679918 1
1 1082763679919 1
1 1082763679922 1
1 1082763679923 1
1 1082763679926 1
1 1082763679927 1
1 1082763679930 1
1 1082763679931 1
1 1082763679934 1
1 1082763679935 1
1 1082763679938 1
1 1082763679939 1
1 1082763679981 1
1 1082763679982 4
1 1082763679983 1
1 1082763679985 1
1 1082763679986 4
1 1082763679987 1
1 1082763679989 1
1 1082763679990 4
1 1082763679991 1
1 1082763679993 1
1 1082763679994 4
1 1082763679995 1
1 1082763679997 1
1 1082763679998 4
1 1082763679999 1
1 1082763680028 4
1 1082763680029 1
1 1082763680032 4
1 1082763680033 1
1 1082763680036 4
1 1082763680037 1
1 1082763680040 4
1 1082763680041 1
1 1082763680044 4
1 1082763680045 1
1 1082763680048 4
1 1082763680049 1
1 1082763680078 1
1 1082763680079 1
1 1082763680082 1
1 1082763680083 1
1 1082763680086 1
1 1082763680087 1
1 1082763680090 1
1 1082763680091 1
1 1082763680094 1
1 1082763680095 1
1 1082763680098 1
1 1082763680099 1
1 1082763680141 1
1 1082763680142 4
1 1082763680143 1
1 1082763680145 1
1 1082763680146 4
1 1082763680147 1
1 1082763680149 1
1 1082763680150 4
1 1082763680151 1
1 1082763680153 1
1 1082763680154 4
1 1082763680155 1
1 1082763680157 1
1 1082763680158 4
1 1082763680159 1
1 1082763680161 1
1 1082763680162 4
1 1082763680163 1
1 1082763680204 1
1 1082763680205 4
1 1082763680206 1
1 1082763680208 1
1 1082763680209 4
1 1082763680210 1
1 1082763680212 1
1 1082763680213 4
1 1082763680214 1
1 1082763680216 1
1 1082763680217 4
1 1082763680218 1
1 1082763680220 1
1 1082763680221 4
1 1082763680222 1
1 1082763680224 1
1 1082763680225 4
1 1082763680226 1
1 1082763680268 4
1 1082763680269 1
1 1082763680272 4
1 1082763680273 1
1 1082763680276 4
1 1082763680277 1
1 1082763680280 4
1 1082763680281 1
1 1082763680284 4
1 1082763680285 1
1 1082763680288 4
1 1082763680289 1
1 1082763680318 1
1 1082763680319 1
1 1082763680322 1
1 1082763680323 1
1 1082763680326 1
1 1082763680327 1
1 1082763680330 1
1 1082763680331 1
1 1082763680334 1
1 1082763680335 1
1 1082763680338 1
1 1082763680339 1
1 1082763680381 1
1 1082763680382 4
1 1082763680383 1
1 1082763680385 1
1 1082763680386 4
1 1082763680387 1
1 1082763680389 1
1 1082763680390 4
1 1082763680391 1
1 1082763680393 1
1 1082763680394 4
1 1082763680395 1
1 1082763680397 1
1 1082763680398 4
1 1082763680399 1
1 1082763680428 4
1 1082763680429 1
1 1082763680432 4
1 1082763680433 1
1 1082763680436 4
1 1082763680437 1
1 1082763680440 4
1 1082763680441 1
1 1082763680444 4
1 1082763680445 1
1 1082763680448 4
1 1082763680449 1
1 1082763680478 1
1 1082763680479 1
1 1082763680482 1
1 1082763680483 1
1 1082763680486 1
1 1082763680487 1
1 1082763680490 1
1 1082763680491 1
1 1082763680494 1
1 1082763680495 1
1 1082763680498 1
1 1082763680499 1
1 1082763680541 1
1 1082763680542 4
1 1082763680543 1
1 1082763680545 1
1 1082763680546 4
1 1082763680547 1
1 1082763680549 1
1 1082763680550 4
1 1082763680551 1
1 1082763680553 1
1 1082763680554 4
1 1082763680555 1
1 1082763680557 1
1 1082763680558 4
1 1082763680559 1
1 1082763680561 1
1 1082763680562 4
1 1082763680563 1
1 1082763680604 1
1 1082763680605 4
1 1082763680606 1
1 1082763680608 1
1 1082763680609 4
1 1082763680610 1
1 1082763680612 1
1 1082763680613 4
1 1082763680614 1
1 1082763680616 1
1 1082763680617 4
1 1082763680618 1
1 1082763680620 1
1 1082763680621 4
1 1082763680622 1
1 1082763680624 1
1 1082763680625 4
1 1082763680626 1
1 1082763680668 4
1 1082763680669 1
1 1082763680672 4
1 1082763680673 1
1 1082763680676 4
1 1082763680677 1
1 1082763680680 4
1 1082763680681 1
1 1082763680684 4
1 1082763680685 1
1 1082763680688 4
1 1082763680689 1
1 1082763680718 1
1 1082763680719 1
1 1082763680722 1
1 1082763680723 1
1 1082763680726 1
1 1082763680727 1
1 1082763680730 1
1 1082763680731 1
1 1082763680734 1
1 1082763680735 1
1 1082763680738 1
1 1082763680739 1
1 1082763680781 1
1 1082763680782 4
1 1082763680783 1
1 1082763680785 1
1 1082763680786 4
1 1082763680787 1
1 1082763680789 1
1 1082763680790 4
1 1082763680791 1
1 1082763680793 1
1 1082763680794 4
1 1082763680795 1
1 1082763680797 1
1 1082763680798 4
1 1082763680799 1
1 1082763680828 4
1 1082763680829 1
1 1082763680832 4
1 1082763680833 1
1 1082763680836 4
1 1082763680837 1
1 1082763680840 4
1 1082763680841 1
1 1082763680844 4
1 1082763680845 1
1 1082763680848 4
1 1082763680849 1
1 1082763680878 1
1 1082763680879 1
1 1082763680882 1
1 1082763680883 1
1 1082763680886 1
1 1082763680887 1
1 1082763680890 1
1 1082763680891 1
1 1082763680894 1
1 1082763680895 1
1 1082763680898 1
1 1082763680899 1
1 1082763680941 1
1 1082763680942 4
1 1082763680943 1
1 1082763680945 1
1 1082763680946 4
1 1082763680947 1
1 1082763680949 1
1 1082763680950 4
1 1082763680951 1
1 1082763680953 1
1 1082763680954 4
1 1082763680955 1
1 1082763680957 1
1 1082763680958 4
1 1082763680959 1
1 1082763680961 1
1 1082763680962 4
1 1082763680963 1
1 1082763681004 1
1 1082763681005 4
1 1082763681006 1
1 1082763681008 1
1 1082763681009 4
1 1082763681010 1
1 1082763681012 1
1 1082763681013 4
1 1082763681014 1
1 1082763681016 1
1 1082763681017 4
1 1082763681018 1
1 1082763681020 1
1 1082763681021 4
1 1082763681022 1
1 1082763681024 1
1 1082763681025 4
1 1082763681026 1
1 1082763681068 4
1 1082763681069 1
1 1082763681072 4
1 1082763681073 1
1 1082763681076 4
1 1082763681077 1
1 1082763681080 4
1 1082763681081 1
1 1082763681084 4
1 1082763681085 1
1 1082763681088 4
1 1082763681089 1
1 1082763681118 1
1 1082763681119 1
1 1082763681122 1
1 1082763681123 1
1 1082763681126 1
1 1082763681127 1
1 1082763681130 1
1 1082763681131 1
1 1082763681134 1
1 1082763681135 1
1 1082763681138 1
1 1082763681139 1
1 1082763681181 1
1 1082763681182 4
1 1082763681183 1
1 1082763681185 1
1 1082763681186 4
1 1082763681187 1
1 1082763681189 1
1 1082763681190 4
1 1082763681191 1
1 1082763681193 1
1 1082763681194 4
1 1082763681195 1
1 1082763681197 1
1 1082763681198 4
1 1082763681199 1
1 1082763681228 4
1 1082763681229 1
1 1082763681232 4
1 1082763681233 1
1 1082763681236 4
1 1082763681237 1
1 1082763681240 4
1 1082763681241 1
1 1082763681244 4
1 1082763681245 1
1 1082763681248 4
1 1082763681249 1
1 1082763681278 1
1 1082763681279 1
1 1082763681282 1
1 1082763681283 1
1 1082763681286 1
1 1082763681287 1
1 1082763681290 1
1 1082763681291 1
1 1082763681294 1
1 1082763681295 1
1 1082763681298 1
1 1082763681299 1
1 1082763681341 1
1 1082763681342 4
1 1082763681343 1
1 1082763681345 1
1 1082763681346 4
1 1082763681347 1
1 1082763681349 1
1 1082763681350 4
1 1082763681351 1
1 1082763681353 1
1 1082763681354 4
1 1082763681355 1
1 1082763681357 1
1 1082763681358 4
1 1082763681359 1
1 1082763681361 1
1 1082763681362 4
1 1082763681363 1
1 1082763681404 1
1 1082763681405 4
1 1082763681406 1
1 1082763681408 1
1 1082763681409 4
1 1082763681410 1
1 1082763681412 1
1 1082763681413 4
1 1082763681414 1
1 1082763681416 1
1 1082763681417 4
1 1082763681418 1
1 1082763681420 1
1 1082763681421 4
1 1082763681422 1
1 1082763681424 1
1 1082763681425 4
1 1082763681426 1
1 1082763681468 4
1 1082763681469 1
1 1082763681472 4
1 1082763681473 1
1 1082763681476 4
1 1082763681477 1
1 1082763681480 4
1 1082763681481 1
1 1082763681484 4
1 1082763681485 1
1 1082763681488 4
1 1082763681489 1
1 1082763681518 1
1 1082763681519 1
1 1082763681522 1
1 1082763681523 1
1 1082763681526 1
1 1082763681527 1
1 1082763681530 1
1 1082763681531 1
1 1082763681534 1
1 1082763681535 1
1 1082763681538 1
1 1082763681539 1
1 1082763681581 1
1 1082763681582 4
1 1082763681583 1
1 1082763681585 1
1 1082763681586 4
1 1082763681587 1
1 1082763681589 1
1 1082763681590 4
1 1082763681591 1
1 1082763681593 1
1 1082763681594 4
1 1082763681595 1
1 1082763681597 1
1 1082763681598 4
1 1082763681599 1
1 1082763681628 4
1 1082763681629 1
1 1082763681632 4
1 1082763681633 1
1 1082763681636 4
1 1082763681637 1
1 1082763681640 4
1 1082763681641 1
1 1082763681644 4
1 1082763681645 1
1 1082763681648 4
1 1082763681649 1
1 1082763681678 1
1 1082763681679 1
1 1082763681682 1
1 1082763681683 1
1 1082763681686 1
1 1082763681687 1
1 1082763681690 1
1 1082763681691 1
1 1082763681694 1
1 1082763681695 1
1 1082763681698 1
1 1082763681699 1
1 1082763681741 1
1 1082763681742 4
1 1082763681743 1
1 1082763681745 1
1 1082763681746 4
1 1082763681747 1
1 1082763681749 1
1 1082763681750 4
1 1082763681751 1
1 1082763681753 1
1 1082763681754 4
1 1082763681755 1
1 1082763681757 1
1 1082763681758 4
1 1082763681759 1
1 1082763681761 1
1 1082763681762 4
1 1082763681763 1
1 1082763681804 1
1 1082763681805 4
1 1082763681806 1
1 1082763681808 1
1 1082763681809 4
1 1082763681810 1
1 1082763681812 1
1 1082763681813 4
1 1082763681814 1
1 1082763681816 1
1 1082763681817 4
1 1082763681818 1
1 1082763681820 1
1 1082763681821 4
1 1082763681822 1
1 1082763681824 1
1 1082763681825 4
1 1082763681826 1
1 1082763681868 4
1 1082763681869 1
1 1082763681872 4
1 1082763681873 1
1 1082763681876 4
1 1082763681877 1
1 1082763681880 4
1 1082763681881 1
1 1082763681884 4
1 1082763681885 1
1 1082763681888 4
1 1082763681889 1
1 1082763681918 1
1 1082763681919 1
1 1082763681922 1
1 1082763681923 1
1 1082763681926 1
1 1082763681927 1
1 1082763681930 1
1 1082763681931 1
1 1082763681934 1
1 1082763681935 1
1 1082763681938 1
1 1082763681939 1
1 1082763681981 1
1 1082763681982 4
1 1082763681983 1
1 1082763681985 1
1 1082763681986 4
1 1082763681987 1
1 1082763681989 1
1 1082763681990 4
1 1082763681991 1
1 1082763681993 1
1 1082763681994 4
1 1082763681995 1
1 1082763681997 1
1 1082763681998 4
1 1082763681999 1
1 1082763682028 4
1 1082763682029 1
1 1082763682032 4
1 1082763682033 1
1 1082763682036 4
1 1082763682037 1
1 1082763682040 4
1 1082763682041 1
1 1082763682044 4
1 1082763682045 1
1 1082763682048 4
1 1082763682049 1
1 1082763682078 1
1 1082763682079 1
1 1082763682082 1
1 1082763682083 1
1 1082763682086 1
1 1082763682087 1
1 1082763682090 1
1 1082763682091 1
1 1082763682094 1
1 1082763682095 1
1 1082763682098 1
1 1082763682099 1
1 1082763682141 1
1 1082763682142 4
1 1082763682143 1
1 1082763682145 1
1 1082763682146 4
1 1082763682147 1
1 1082763682149 1
1 1082763682150 4
1 1082763682151 1
1 1082763682153 1
1 1082763682154 4
1 1082763682155 1
1 1082763682157 1
1 1082763682158 4
1 1082763682159 1
1 1082763682161 1
1 1082763682162 4
1 1082763682163 1
1 1082763682204 1
1 1082763682205 4
1 1082763682206 1
1 1082763682208 1
1 1082763682209 4
1 1082763682210 1
1 1082763682212 1
1 1082763682213 4
1 1082763682214 1
1 1082763682216 1
1 1082763682217 4
1 1082763682218 1
1 1082763682220 1
1 1082763682221 4
1 1082763682222 1
1 1082763682224 1
1 1082763682225 4
1 1082763682226 1
1 1082763682268 4
1 1082763682269 1
1 1082763682272 4
1 1082763682273 1
1 1082763682276 4
1 1082763682277 1
1 1082763682280 4
1 1082763682281 1
1 1082763682284 4
1 1082763682285 1
1 1082763682288 4
1 1082763682289 1
1 1082763682318 1
1 1082763682319 1
1 1082763682322 1
1 1082763682323 1
1 1082763682326 1
1 1082763682327 1
1 1082763682330 1
1 1082763682331 1
1 1082763682334 1
1 1082763682335 1
1 1082763682338 1
1 1082763682339 1
1 1082763682381 1
1 1082763682382 4
1 1082763682383 1
1 1082763682385 1
1 1082763682386 4
1 1082763682387 1
1 1082763682389 1
1 1082763682390 4
1 1082763682391 1
1 1082763682393 1
1 1082763682394 4
1 1082763682395 1
1 1082763682397 1
1 1082763682398 4
1 1082763682399 1
1 1082763682428 4
1 1082763682429 1
1 1082763682432 4
1 1082763682433 1
1 1082763682436 4
1 1082763682437 1
1 1082763682440 4
1 1082763682441 1
1 1082763682444 4
1 1082763682445 1
1 1082763682448 4
1 1082763682449 1
1 1082763682478 1
1 1082763682479 1
1 1082763682482 1
1 1082763682483 1
1 1082763682486 1
1 1082763682487 1
1 1082763682490 1
1 1082763682491 1
1 1082763682494 1
1 1082763682495 1
1 1082763682498 1
1 1082763682499 1
1 1082763682541 1
1 1082763682542 4
1 1082763682543 1
1 1082763682545 1
1 1082763682546 4
1 1082763682547 1
1 1082763682549 1
1 1082763682550 4
1 1082763682551 1
1 1082763682553 1
1 1082763682554 4
1 1082763682555 1
1 1082763682557 1
1 1082763682558 4
1 1082763682559 1
1 1082763682561 1
1 1082763682562 4
1 1082763682563 1
1 1082763682604 1
1 1082763682605 4
1 1082763682606 1
1 1082763682608 1
1 1082763682609 4
1 1082763682610 1
1 1082763682612 1
1 1082763682613 4
1 1082763682614 1
1 1082763682616 1
1 1082763682617 4
1 1082763682618 1
1 1082763682620 1
1 1082763682621 4
1 1082763682622 1
1 1082763682624 1
1 1082763682625 4
1 1082763682626 1
1 1082763682668 4
1 1082763682669 1
1 1082763682672 4
1 1082763682673 1
1 1082763682676 4
1 1082763682677 1
1 1082763682680 4
1 1082763682681 1
1 1082763682684 4
1 1082763682685 1
1 1082763682688 4
1 1082763682689 1
1 1082763682718 1
1 1082763682719 1
1 1082763682722 1
1 1082763682723 1
1 1082763682726 1
1 1082763682727 1
1 1082763682730 1
1 1082763682731 1
1 1082763682734 1
1 1082763682735 1
1 1082763682738 1
1 1082763682739 1
1 1082763682781 1
1 1082763682782 4
1 1082763682783 1
1 1082763682785 1
1 1082763682786 4
1 1082763682787 1
1 1082763682789 1
1 1082763682790 4
1 1082763682791 1
1 1082763682793 1
1 1082763682794 4
1 1082763682795 1
1 1082763682797 1
1 1082763682798 4
1 1082763682799 1
1 1082763682828 4
1 1082763682829 1
1 1082763682832 4
1 1082763682833 1
1 1082763682836 4
1 1082763682837 1
1 1082763682840 4
1 1082763682841 1
1 1082763682844 4
1 1082763682845 1
1 1082763682848 4
1 1082763682849 1
1 1082763682878 1
1 1082763682879 1
1 1082763682882 1
1 1082763682883 1
1 1082763682886 1
1 1082763682887 1
1 1082763682890 1
1 1082763682891 1
1 1082763682894 1
1 1082763682895 1
1 1082763682898 1
1 1082763682899 1
1 1082763682941 1
1 1082763682942 4
1 1082763682943 1
1 1082763682945 1
1 1082763682946 4
1 1082763682947 1
1 1082763682949 1
1 1082763682950 4
1 1082763682951 1
1 1082763682953 1
1 1082763682954 4
1 1082763682955 1
1 1082763682957 1
1 1082763682958 4
1 1082763682959 1
1 1082763682961 1
1 1082763682962 4
1 1082763682963 1
1 1082763683004 1
1 1082763683005 4
1 1082763683006 1
1 1082763683008 1
1 1082763683009 4
1 1082763683010 1
1 1082763683012 1
1 1082763683013 4
1 1082763683014 1
1 1082763683016 1
1 1082763683017 4
1 1082763683018 1
1 1082763683020 1
1 1082763683021 4
1 1082763683022 1
1 1082763683024 1
1 1082763683025 4
1 1082763683026 1
1 1082763683068 4
1 1082763683069 1
1 1082763683072 4
1 1082763683073 1
1 1082763683076 4
1 1082763683077 1
1 1082763683080 4
1 1082763683081 1
1 1082763683084 4
1 1082763683085 1
1 1082763683088 4
1 1082763683089 1
1 1082763683118 1
1 1082763683119 1
1 1082763683122 1
1 1082763683123 1
1 1082763683126 1
1 1082763683127 1
1 1082763683130 1
1 1082763683131 1
1 1082763683134 1
1 1082763683135 1
1 1082763683138 1
1 1082763683139 1
1 1082763683181 1
1 1082763683182 4
1 1082763683183 1
1 1082763683185 1
1 1082763683186 4
1 1082763683187 1
1 1082763683189 1
1 1082763683190 4
1 1082763683191 1
1 1082763683193 1
1 1082763683194 4
1 1082763683195 1
1 1082763683197 1
1 1082763683198 4
1 1082763683199 1
1 1082763683228 4
1 1082763683229 1
1 1082763683232 4
1 1082763683233 1
1 1082763683236 4
1 1082763683237 1
1 1082763683240 4
1 1082763683241 1
1 1082763683244 4
1 1082763683245 1
1 1082763683248 4
1 1082763683249 1
1 1082763683278 1
1 1082763683279 1
1 1082763683282 1
1 1082763683283 1
1 1082763683286 1
1 1082763683287 1
1 1082763683290 1
1 1082763683291 1
1 1082763683294 1
1 1082763683295 1
1 1082763683298 1
1 1082763683299 1
1 1082763683341 1
1 1082763683342 4
1 1082763683343 1
1 1082763683345 1
1 1082763683346 4
1 1082763683347 1
1 1082763683349 1
1 1082763683350 4
1 1082763683351 1
1 1082763683353 1
1 1082763683354 4
1 1082763683355 1
1 1082763683357 1
1 1082763683358 4
1 1082763683359 1
1 1082763683361 1
1 1082763683362 4
1 1082763683363 1
1 1082763683404 1
1 1082763683405 4
1 1082763683406 1
1 1082763683408 1
1 1082763683409 4
1 1082763683410 1
1 1082763683412 1
1 1082763683413 4
1 1082763683414 1
1 1082763683416 1
1 1082763683417 4
1 1082763683418 1
1 1082763683420 1
1 1082763683421 4
1 1082763683422 1
1 1082763683424 1
1 1082763683425 4
1 1082763683426 1
1 1082763683468 4
1 1082763683469 1
1 1082763683472 4
1 1082763683473 1
1 1082763683476 4
1 1082763683477 1
1 1082763683480 4
1 1082763683481 1
1 1082763683484 4
1 1082763683485 1
1 1082763683488 4
1 1082763683489 1
1 1082763683518 1
1 1082763683519 1
1 1082763683522 1
1 1082763683523 1
1 1082763683526 1
1 1082763683527 1
1 1082763683530 1
1 1082763683531 1
1 1082763683534 1
1 1082763683535 1
1 1082763683538 1
1 1082763683539 1
1 1082763683581 1
1 1082763683582 4
1 1082763683583 1
1 1082763683585 1
1 1082763683586 4
1 1082763683587 1
1 1082763683589 1
1 1082763683590 4
1 1082763683591 1
1 1082763683593 1
1 1082763683594 4
1 1082763683595 1
1 1082763683597 1
1 1082763683598 4
1 1082763683599 1
1 1082763683628 4
1 1082763683629 1
1 1082763683632 4
1 1082763683633 1
1 1082763683636 4
1 1082763683637 1
1 1082763683640 4
1 1082763683641 1
1 1082763683644 4
1 1082763683645 1
1 1082763683648 4
1 1082763683649 1
1 1082763683678 1
1 1082763683679 1
1 1082763683682 1
1 1082763683683 1
1 1082763683686 1
1 1082763683687 1
1 1082763683690 1
1 1082763683691 1
1 1082763683694 1
1 1082763683695 1
1 1082763683698 1
1 1082763683699 1
1 1082763683741 1
1 1082763683742 4
1 1082763683743 1
1 1082763683745 1
1 1082763683746 4
1 1082763683747 1
1 1082763683749 1
1 1082763683750 4
1 1082763683751 1
1 1082763683753 1
1 1082763683754 4
1 1082763683755 1
1 1082763683757 1
1 1082763683758 4
1 1082763683759 1
1 1082763683761 1
1 1082763683762 4
1 1082763683763 1
1 1082763683804 1
1 1082763683805 4
1 1082763683806 1
1 1082763683808 1
1 1082763683809 4
1 1082763683810 1
1 1082763683812 1
1 1082763683813 4
1 1082763683814 1
1 1082763683816 1
1 1082763683817 4
1 1082763683818 1
1 1082763683820 1
1 1082763683821 4
1 1082763683822 1
1 1082763683824 1
1 1082763683825 4
1 1082763683826 1
1 1082763683868 4
1 1082763683869 1
1 1082763683872 4
1 1082763683873 1
1 1082763683876 4
1 1082763683877 1
1 1082763683880 4
1 1082763683881 1
1 1082763683884 4
1 1082763683885 1
1 1082763683888 4
1 1082763683889 1
1 1082763683918 1
1 1082763683919 1
1 1082763683922 1
1 1082763683923 1
1 1082763683926 1
1 1082763683927 1
1 1082763683930 1
1 1082763683931 1
1 1082763683934 1
1 1082763683935 1
1 1082763683938 1
1 1082763683939 1
1 1082763683981 1
1 1082763683982 4
1 1082763683983 1
1 1082763683985 1
1 1082763683986 4
1 1082763683987 1
1 1082763683989 1
1 1082763683990 4
1 1082763683991 1
1 1082763683993 1
1 1082763683994 4
1 1082763683995 1
1 1082763683997 1
1 1082763683998 4
1 1082763683999 1
1 1082763684028 4
1 1082763684029 1
1 1082763684032 4
1 1082763684033 1
1 1082763684036 4
1 1082763684037 1
1 1082763684040 4
1 1082763684041 1
1 1082763684044 4
1 1082763684045 1
1 1082763684048 4
1 1082763684049 1
1 1082763684078 1
1 1082763684079 1
1 1082763684082 1
1 1082763684083 1
1 1082763684086 1
1 1082763684087 1
1 1082763684090 1
1 1082763684091 1
1 1082763684094 1
1 1082763684095 1
1 1082763684098 1
1 1082763684099 1
1 1082763684141 1
1 1082763684142 4
1 1082763684143 1
1 1082763684145 1
1 1082763684146 4
1 1082763684147 1
1 1082763684149 1
1 1082763684150 4
1 1082763684151 1
1 1082763684153 1
1 1082763684154 4
1 1082763684155 1
1 1082763684157 1
1 1082763684158 4
1 1082763684159 1
1 1082763684161 1
1 1082763684162 4
1 1082763684163 1
1 1082763684204 1
1 1082763684205 4
1 1082763684206 1
1 1082763684208 1
1 1082763684209 4
1 1082763684210 1
1 1082763684212 1
1 1082763684213 4
1 1082763684214 1
1 1082763684216 1
1 1082763684217 4
1 1082763684218 1
1 1082763684220 1
1 1082763684221 4
1 1082763684222 1
1 1082763684224 1
1 1082763684225 4
1 1082763684226 1
1 1082763684268 4
1 1082763684269 1
1 1082763684272 4
1 1082763684273 1
1 1082763684276 4
1 1082763684277 1
1 1082763684280 4
1 1082763684281 1
1 1082763684284 4
1 1082763684285 1
1 1082763684288 4
1 1082763684289 1
1 1082763684318 1
1 1082763684319 1
1 1082763684322 1
1 1082763684323 1
1 1082763684326 1
1 1082763684327 1
1 1082763684330 1
1 1082763684331 1
1 1082763684334 1
1 1082763684335 1
1 1082763684338 1
1 1082763684339 1
1 1082763684381 1
1 1082763684382 4
1 1082763684383 1
1 1082763684385 1
1 1082763684386 4
1 1082763684387 1
1 1082763684389 1
1 1082763684390 4
1 1082763684391 1
1 1082763684393 1
1 1082763684394 4
1 1082763684395 1
1 1082763684397 1
1 1082763684398 4
1 1082763684399 1
1 1082763684428 4
1 1082763684429 1
1 1082763684432 4
1 1082763684433 1
1 1082763684436 4
1 1082763684437 1
1 1082763684440 4
1 1082763684441 1
1 1082763684444 4
1 1082763684445 1
1 1082763684448 4
1 1082763684449 1
1 1082763684478 1
1 1082763684479 1
1 1082763684482 1
1 1082763684483 1
1 1082763684486 1
1 1082763684487 1
1 1082763684490 1
1 1082763684491 1
1 1082763684494 1
1 1082763684495 1
1 1082763684498 1
1 1082763684499 1
1 1082763684541 1
1 1082763684542 4
1 1082763684543 1
1 1082763684545 1
1 1082763684546 4
1 1082763684547 1
1 1082763684549 1
1 1082763684550 4
1 1082763684551 1
1 1082763684553 1
1 1082763684554 4
1 1082763684555 1
1 1082763684557 1
1 1082763684558 4
1 1082763684559 1
1 1082763684561 1
1 1082763684562 4
1 1082763684563 1
1 1082763684604 1
1 1082763684605 4
1 1082763684606 1
1 1082763684608 1
1 1082763684609 4
1 1082763684610 1
1 1082763684612 1
1 1082763684613 4
1 1082763684614 1
1 1082763684616 1
1 1082763684617 4
1 1082763684618 1
1 1082763684620 1
1 1082763684621 4
1 1082763684622 1
1 1082763684624 1
1 1082763684625 4
1 1082763684626 1
1 1082763684668 4
1 1082763684669 1
1 1082763684672 4
1 1082763684673 1
1 1082763684676 4
1 1082763684677 1
1 1082763684680 4
1 1082763684681 1
1 1082763684684 4
1 1082763684685 1
1 1082763684688 4
1 1082763684689 1
1 1082763684718 1
1 1082763684719 1
1 1082763684722 1
1 1082763684723 1
1 1082763684726 1
1 1082763684727 1
1 1082763684730 1
1 1082763684731 1
1 1082763684734 1
1 1082763684735 1
1 1082763684738 1
1 1082763684739 1
1 1082763684781 1
1 1082763684782 4
1 1082763684783 1
1 1082763684785 1
1 1082763684786 4
1 1082763684787 1
1 1082763684789 1
1 1082763684790 4
1 1082763684791 1
1 1082763684793 1
1 1082763684794 4
1 1082763684795 1
1 1082763684797 1
1 1082763684798 4
1 1082763684799 1
1 1082763684828 4
1 1082763684829 1
1 1082763684832 4
1 1082763684833 1
1 1082763684836 4
1 1082763684837 1
1 1082763684840 4
1 1082763684841 1
1 1082763684844 4
1 1082763684845 1
1 1082763684848 4
1 1082763684849 1
1 1082763684878 1
1 1082763684879 1
1 1082763684882 1
1 1082763684883 1
1 1082763684886 1
1 1082763684887 1
1 1082763684890 1
1 1082763684891 1
1 1082763684894 1
1 1082763684895 1
1 1082763684898 1
1 1082763684899 1
1 1082763684941 1
1 1082763684942 4
1 1082763684943 1
1 1082763684945 1
1 1082763684946 4
1 1082763684947 1
1 1082763684949 1
1 1082763684950 4
1 1082763684951 1
1 1082763684953 1
1 1082763684954 4
1 1082763684955 1
1 1082763684957 1
1 1082763684958 4
1 1082763684959 1
1 1082763684961 1
1 1082763684962 4
1 1082763684963 1
1 1082763685004 1
1 1082763685005 4
1 1082763685006 1
1 1082763685008 1
1 1082763685009 4
1 1082763685010 1
1 1082763685012 1
1 1082763685013 4
1 1082763685014 1
1 1082763685016 1
1 1082763685017 4
1 1082763685018 1
1 1082763685020 1
1 1082763685021 4
1 1082763685022 1
1 1082763685024 1
1 1082763685025 4
1 1082763685026 1
1 1082763685068 4
1 1082763685069 1
1 1082763685072 4
1 1082763685073 1
1 1082763685076 4
1 1082763685077 1
1 1082763685080 4
1 1082763685081 1
1 1082763685084 4
1 1082763685085 1
1 1082763685088 4
1 1082763685089 1
1 1082763685118 1
1 1082763685119 1
1 1082763685122 1
1 1082763685123 1
1 1082763685126 1
1 1082763685127 1
1 1082763685130 1
1 1082763685131 1
1 1082763685134 1
1 1082763685135 1
1 1082763685138 1
1 1082763685139 1
1 1082763685181 1
1 1082763685182 4
1 1082763685183 1
1 1082763685185 1
1 1082763685186 4
1 1082763685187 1
1 1082763685189 1
1 1082763685190 4
1 1082763685191 1
1 1082763685193 1
1 1082763685194 4
1 1082763685195 1
1 1082763685197 1
1 1082763685198 4
1 1082763685199 1
1 1082763685228 4
1 1082763685229 1
1 1082763685232 4
1 1082763685233 1
1 1082763685236 4
1 1082763685237 1
1 1082763685240 4
1 1082763685241 1
1 1082763685244 4
1 1082763685245 1
1 1082763685248 4
1 1082763685249 1
1 1082763685278 1
1 1082763685279 1
1 1082763685282 1
1 1082763685283 1
1 1082763685286 1
1 1082763685287 1
1 1082763685290 1
1 1082763685291 1
1 1082763685294 1
1 1082763685295 1
1 1082763685298 1
1 1082763685299 1
1 1082763685341 1
1 1082763685342 4
1 1082763685343 1
1 1082763685345 1
1 1082763685346 4
1 1082763685347 1
1 1082763685349 1
1 1082763685350 4
1 1082763685351 1
1 1082763685353 1
1 1082763685354 4
1 1082763685355 1
1 1082763685357 1
1 1082763685358 4
1 1082763685359 1
1 1082763685361 1
1 1082763685362 4
1 1082763685363 1
1 1082763685404 1
1 1082763685405 4
1 1082763685406 1
1 1082763685408 1
1 1082763685409 4
1 1082763685410 1
1 1082763685412 1
1 1082763685413 4
1 1082763685414 1
1 1082763685416 1
1 1082763685417 4
1 1082763685418 1
1 1082763685420 1
1 1082763685421 4
1 1082763685422 1
1 1082763685424 1
1 1082763685425 4
1 1082763685426 1
1 1082763685468 4
1 1082763685469 1
1 1082763685472 4
1 1082763685473 1
1 1082763685476 4
1 1082763685477 1
1 1082763685480 4
1 1082763685481 1
1 1082763685484 4
1 1082763685485 1
1 1082763685488 4
1 1082763685489 1
1 1082763685518 1
1 1082763685519 1
1 1082763685522 1
1 1082763685523 1
1 1082763685526 1
1 1082763685527 1
1 1082763685530 1
1 1082763685531 1
1 1082763685534 1
1 1082763685535 1
1 1082763685538 1
1 1082763685539 1
1 1082763685581 1
1 1082763685582 4
1 1082763685583 1
1 1082763685585 1
1 1082763685586 4
1 1082763685587 1
1 1082763685589 1
1 1082763685590 4
1 1082763685591 1
1 1082763685593 1
1 1082763685594 4
1 1082763685595 1
1 1082763685597 1
1 1082763685598 4
1 1082763685599 1
1 1082763685628 4
1 1082763685629 1
1 1082763685632 4
1 1082763685633 1
1 1082763685636 4
1 1082763685637 1
1 1082763685640 4
1 1082763685641 1
1 1082763685644 4
1 1082763685645 1
1 1082763685648 4
1 1082763685649 1
1 1082763685678 1
1 1082763685679 1
1 1082763685682 1
1 1082763685683 1
1 1082763685686 1
1 1082763685687 1
1 1082763685690 1
1 1082763685691 1
1 1082763685694 1
1 1082763685695 1
1 1082763685698 1
1 1082763685699 1
1 1082763685741 1
1 1082763685742 4
1 1082763685743 1
1 1082763685745 1
1 1082763685746 4
1 1082763685747 1
1 1082763685749 1
1 1082763685750 4
1 1082763685751 1
1 1082763685753 1
1 1082763685754 4
1 1082763685755 1
1 1082763685757 1
1 1082763685758 4
1 1082763685759 1
1 1082763685761 1
1 1082763685762 4
1 1082763685763 1
1 1082763685804 1
1 1082763685805 4
1 1082763685806 1
1 1082763685808 1
1 1082763685809 4
1 1082763685810 1
1 1082763685812 1
1 1082763685813 4
1 1082763685814 1
1 1082763685816 1
1 1082763685817 4
1 1082763685818 1
1 1082763685820 1
1 1082763685821 4
1 1082763685822 1
1 1082763685824 1
1 1082763685825 4
1 1082763685826 1
1 1082763685868 4
1 1082763685869 1
1 1082763685872 4
1 1082763685873 1
1 1082763685876 4
1 1082763685877 1
1 1082763685880 4
1 1082763685881 1
1 1082763685884 4
1 1082763685885 1
1 1082763685888 4
1 1082763685889 1
1 1082763685918 1
1 1082763685919 1
1 1082763685922 1
1 1082763685923 1
1 1082763685926 1
1 1082763685927 1
1 1082763685930 1
1 1082763685931 1
1 1082763685934 1
1 1082763685935 1
1 1082763685938 1
1 1082763685939 1
1 1082763685981 1
1 1082763685982 4
1 1082763685983 1
1 1082763685985 1
1 1082763685986 4
1 1082763685987 1
1 1082763685989 1
1 1082763685990 4
1 1082763685991 1
1 1082763685993 1
1 1082763685994 4
1 1082763685995 1
1 1082763685997 1
1 1082763685998 4
1 1082763685999 1
1 1082763686028 4
1 1082763686029 1
1 1082763686032 4
1 1082763686033 1
1 1082763686036 4
1 1082763686037 1
1 1082763686040 4
1 1082763686041 1
1 1082763686044 4
1 1082763686045 1
1 1082763686048 4
1 1082763686049 1
1 1082763686078 1
1 1082763686079 1
1 1082763686082 1
1 1082763686083 1
1 1082763686086 1
1 1082763686087 1
1 1082763686090 1
1 1082763686091 1
1 1082763686094 1
1 1082763686095 1
1 1082763686098 1
1 1082763686099 1
1 1082763686141 1
1 1082763686142 4
1 1082763686143 1
1 1082763686145 1
1 1082763686146 4
1 1082763686147 1
1 1082763686149 1
1 1082763686150 4
1 1082763686151 1
1 1082763686153 1
1 1082763686154 4
1 1082763686155 1
1 1082763686157 1
1 1082763686158 4
1 1082763686159 1
1 1082763686161 1
1 1082763686162 4
1 1082763686163 1
1 1082763686204 1
1 1082763686205 4
1 1082763686206 1
1 1082763686208 1
1 1082763686209 4
1 1082763686210 1
1 1082763686212 1
1 1082763686213 4
1 1082763686214 1
1 1082763686216 1
1 1082763686217 4
1 1082763686218 1
1 1082763686220 1
1 1082763686221 4
1 1082763686222 1
1 1082763686224 1
1 1082763686225 4
1 1082763686226 1
1 1082763686268 4
1 1082763686269 1
1 1082763686272 4
1 1082763686273 1
1 1082763686276 4
1 1082763686277 1
1 1082763686280 4
1 1082763686281 1
1 1082763686284 4
1 1082763686285 1
1 1082763686288 4
1 1082763686289 1
1 1082763686318 1
1 1082763686319 1
1 1082763686322 1
1 1082763686323 1
1 1082763686326 1
1 1082763686327 1
1 1082763686330 1
1 1082763686331 1
1 1082763686334 1
1 1082763686335 1
1 1082763686338 1
1 1082763686339 1
1 1082763686381 1
1 1082763686382 4
1 1082763686383 1
1 1082763686385 1
1 1082763686386 4
1 1082763686387 1
1 1082763686389 1
1 1082763686390 4
1 1082763686391 1
1 1082763686393 1
1 1082763686394 4
1 1082763686395 1
1 1082763686397 1
1 1082763686398 4
1 1082763686399 1
1 1082763686428 4
1 1082763686429 1
1 1082763686432 4
1 1082763686433 1
1 1082763686436 4
1 1082763686437 1
1 1082763686440 4
1 1082763686441 1
1 1082763686444 4
1 1082763686445 1
1 1082763686448 4
1 1082763686449 1
1 1082763686478 1
1 1082763686479 1
1 1082763686482 1
1 1082763686483 1
1 1082763686486 1
1 1082763686487 1
1 1082763686490 1
1 1082763686491 1
1 1082763686494 1
1 1082763686495 1
1 1082763686498 1
1 1082763686499 1
1 1082763686541 1
1 1082763686542 4
1 1082763686543 1
1 1082763686545 1
1 1082763686546 4
1 1082763686547 1
1 1082763686549 1
1 1082763686550 4
1 1082763686551 1
1 1082763686553 1
1 1082763686554 4
1 1082763686555 1
1 1082763686557 1
1 1082763686558 4
1 1082763686559 1
1 1082763686561 1
1 1082763686562 4
1 1082763686563 1
1 1082763686604 1
1 1082763686605 4
1 1082763686606 1
1 1082763686608 1
1 1082763686609 4
1 1082763686610 1
1 1082763686612 1
1 1082763686613 4
1 1082763686614 1
1 1082763686616 1
1 1082763686617 4
1 1082763686618 1
1 1082763686620 1
1 1082763686621 4
1 1082763686622 1
1 1082763686624 1
1 1082763686625 4
1 1082763686626 1
1 1082763686668 4
1 1082763686669 1
1 1082763686672 4
1 1082763686673 1
1 1082763686676 4
1 1082763686677 1
1 1082763686680 4
1 1082763686681 1
1 1082763686684 4
1 1082763686685 1
1 1082763686688 4
1 1082763686689 1
1 1082763686718 1
1 1082763686719 1
1 1082763686722 1
1 1082763686723 1
1 1082763686726 1
1 1082763686727 1
1 1082763686730 1
1 1082763686731 1
1 1082763686734 1
1 1082763686735 1
1 1082763686738 1
1 1082763686739 1
1 1082763686781 1
1 1082763686782 4
1 1082763686783 1
1 1082763686785 1
1 1082763686786 4
1 1082763686787 1
1 1082763686789 1
1 1082763686790 4
1 1082763686791 1
1 1082763686793 1
1 1082763686794 4
1 1082763686795 1
1 1082763686797 1
1 1082763686798 4
1 1082763686799 1
1 1082763686828 4
1 1082763686829 1
1 1082763686832 4
1 1082763686833 1
1 1082763686836 4
1 1082763686837 1
1 1082763686840 4
1 1082763686841 1
1 1082763686844 4
1 1082763686845 1
1 1082763686848 4
1 1082763686849 1
1 1082763686878 1
1 1082763686879 1
1 1082763686882 1
1 1082763686883 1
1 1082763686886 1
1 1082763686887 1
1 1082763686890 1
1 1082763686891 1
1 1082763686894 1
1 1082763686895 1
1 1082763686898 1
1 1082763686899 1
1 1082763686941 1
1 1082763686942 4
1 1082763686943 1
1 1082763686945 1
1 1082763686946 4
1 1082763686947 1
1 1082763686949 1
1 1082763686950 4
1 1082763686951 1
1 1082763686953 1
1 1082763686954 4
1 1082763686955 1
1 1082763686957 1
1 1082763686958 4
1 1082763686959 1
1 1082763686961 1
1 1082763686962 4
1 1082763686963 1
1 1082763687004 1
1 1082763687005 4
1 1082763687006 1
1 1082763687008 1
1 1082763687009 4
1 1082763687010 1
1 1082763687012 1
1 1082763687013 4
1 1082763687014 1
1 1082763687016 1
1 1082763687017 4
1 1082763687018 1
1 1082763687020 1
1 1082763687021 4
1 1082763687022 1
1 1082763687024 1
1 1082763687025 4
1 1082763687026 1
1 1082763687068 4
1 1082763687069 1
1 1082763687072 4
1 1082763687073 1
1 1082763687076 4
1 1082763687077 1
1 1082763687080 4
1 1082763687081 1
1 1082763687084 4
1 1082763687085 1
1 1082763687088 4
1 1082763687089 1
1 1082763687118 1
1 1082763687119 1
1 1082763687122 1
1 1082763687123 1
1 1082763687126 1
1 1082763687127 1
1 1082763687130 1
1 1082763687131 1
1 1082763687134 1
1 1082763687135 1
1 1082763687138 1
1 1082763687139 1
1 1082763687181 1
1 1082763687182 4
1 1082763687183 1
1 1082763687185 1
1 1082763687186 4
1 1082763687187 1
1 1082763687189 1
1 1082763687190 4
1 1082763687191 1
1 1082763687193 1
1 1082763687194 4
1 1082763687195 1
1 1082763687197 1
1 1082763687198 4
1 1082763687199 1
1 1082763687228 4
1 1082763687229 1
1 1082763687232 4
1 1082763687233 1
1 1082763687236 4
1 1082763687237 1
1 1082763687240 4
1 1082763687241 1
1 1082763687244 4
1 1082763687245 1
1 1082763687248 4
1 1082763687249 1
1 1082763687278 1
1 1082763687279 1
1 1082763687282 1
1 1082763687283 1
1 1082763687286 1
1 1082763687287 1
1 1082763687290 1
1 1082763687291 1
1 1082763687294 1
1 1082763687295 1
1 1082763687298 1
1 1082763687299 1
1 1082763687341 1
1 1082763687342 4
1 1082763687343 1
1 1082763687345 1
1 1082763687346 4
1 1082763687347 1
1 1082763687349 1
1 1082763687350 4
1 1082763687351 1
1 1082763687353 1
1 1082763687354 4
1 1082763687355 1
1 1082763687357 1
1 1082763687358 4
1 1082763687359 1
1 1082763687361 1
1 1082763687362 4
1 1082763687363 1
1 1082763687404 1
1 1082763687405 4
1 1082763687406 1
1 1082763687408 1
1 1082763687409 4
1 1082763687410 1
1 1082763687412 1
1 1082763687413 4
1 1082763687414 1
1 1082763687416 1
1 1082763687417 4
1 1082763687418 1
1 1082763687420 1
1 1082763687421 4
1 1082763687422 1
1 1082763687424 1
1 1082763687425 4
1 1082763687426 1
1 1082763687468 4
1 1082763687469 1
1 1082763687472 4
1 1082763687473 1
1 1082763687476 4
1 1082763687477 1
1 1082763687480 4
1 1082763687481 1
1 1082763687484 4
1 1082763687485 1
1 1082763687488 4
1 1082763687489 1
1 1082763687518 1
1 1082763687519 1
1 1082763687522 1
1 1082763687523 1
1 1082763687526 1
1 1082763687527 1
1 1082763687530 1
1 1082763687531 1
1 1082763687534 1
1 1082763687535 1
1 1082763687538 1
1 1082763687539 1
1 1082763687581 1
1 1082763687582 4
1 1082763687583 1
1 1082763687585 1
1 1082763687586 4
1 1082763687587 1
1 1082763687589 1
1 1082763687590 4
1 1082763687591 1
1 1082763687593 1
1 1082763687594 4
1 1082763687595 1
1 1082763687597 1
1 1082763687598 4
1 1082763687599 1
1 1082763687628 4
1 1082763687629 1
1 1082763687632 4
1 1082763687633 1
1 1082763687636 4
1 1082763687637 1
1 1082763687640 4
1 1082763687641 1
1 1082763687644 4
1 1082763687645 1
1 1082763687648 4
1 1082763687649 1
1 1082763687678 1
1 1082763687679 1
1 1082763687682 1
1 1082763687683 1
1 1082763687686 1
1 1082763687687 1
1 1082763687690 1
1 1082763687691 1
1 1082763687694 1
1 1082763687695 1
1 1082763687698 1
1 1082763687699 1
1 1082763687741 1
1 1082763687742 4
1 1082763687743 1
1 1082763687745 1
1 1082763687746 4
1 1082763687747 1
1 1082763687749 1
1 1082763687750 4
1 1082763687751 1
1 1082763687753 1
1 1082763687754 4
1 1082763687755 1
1 1082763687757 1
1 1082763687758 4
1 1082763687759 1
1 1082763687761 1
1 1082763687762 4
1 1082763687763 1
1 1082763687804 1
1 1082763687805 4
1 1082763687806 1
1 1082763687808 1
1 1082763687809 4
1 1082763687810 1
1 1082763687812 1
1 1082763687813 4
1 1082763687814 1
1 1082763687816 1
1 1082763687817 4
1 1082763687818 1
1 1082763687820 1
1 1082763687821 4
1 1082763687822 1
1 1082763687824 1
1 1082763687825 4
1 1082763687826 1
1 1082763687868 4
1 1082763687869 1
1 1082763687872 4
1 1082763687873 1
1 1082763687876 4
1 1082763687877 1
1 1082763687880 4
1 1082763687881 1
1 1082763687884 4
1 1082763687885 1
1 1082763687888 4
1 1082763687889 1
1 1082763687918 1
1 1082763687919 1
1 1082763687922 1
1 1082763687923 1
1 1082763687926 1
1 1082763687927 1
1 1082763687930 1
1 1082763687931 1
1 1082763687934 1
1 1082763687935 1
1 1082763687938 1
1 1082763687939 1
1 1082763687981 1
1 1082763687982 4
1 1082763687983 1
1 1082763687985 1
1 1082763687986 4
1 1082763687987 1
1 1082763687989 1
1 1082763687990 4
1 1082763687991 1
1 1082763687993 1
1 1082763687994 4
1 1082763687995 1
1 1082763687997 1
1 1082763687998 4
1 1082763687999 1
1 1082763688028 4
1 1082763688029 1
1 1082763688032 4
1 1082763688033 1
1 1082763688036 4
1 1082763688037 1
1 1082763688040 4
1 1082763688041 1
1 1082763688044 4
1 1082763688045 1
1 1082763688048 4
1 1082763688049 1
1 1082763688078 1
1 1082763688079 1
1 1082763688082 1
1 1082763688083 1
1 1082763688086 1
1 1082763688087 1
1 1082763688090 1
1 1082763688091 1
1 1082763688094 1
1 1082763688095 1
1 1082763688098 1
1 1082763688099 1
1 1082763688141 1
1 1082763688142 4
1 1082763688143 1
1 1082763688145 1
1 1082763688146 4
1 1082763688147 1
1 1082763688149 1
1 1082763688150 4
1 1082763688151 1
1 1082763688153 1
1 1082763688154 4
1 1082763688155 1
1 1082763688157 1
1 1082763688158 4
1 1082763688159 1
1 1082763688161 1
1 1082763688162 4
1 1082763688163 1
1 1082763688204 1
1 1082763688205 4
1 1082763688206 1
1 1082763688208 1
1 1082763688209 4
1 1082763688210 1
1 1082763688212 1
1 1082763688213 4
1 1082763688214 1
1 1082763688216 1
1 1082763688217 4
1 1082763688218 1
1 1082763688220 1
1 1082763688221 4
1 1082763688222 1
1 1082763688224 1
1 1082763688225 4
1 1082763688226 1
1 1082763688268 4
1 1082763688269 1
1 1082763688272 4
1 1082763688273 1
1 1082763688276 4
1 1082763688277 1
1 1082763688280 4
1 1082763688281 1
1 1082763688284 4
1 1082763688285 1
1 1082763688288 4
1 1082763688289 1
1 1082763688318 1
1 1082763688319 1
1 1082763688322 1
1 1082763688323 1
1 1082763688326 1
1 1082763688327 1
1 1082763688330 1
1 1082763688331 1
1 1082763688334 1
1 1082763688335 1
1 1082763688338 1
1 1082763688339 1
1 1082763688381 1
1 1082763688382 4
1 1082763688383 1
1 1082763688385 1
1 1082763688386 4
1 1082763688387 1
1 1082763688389 1
1 1082763688390 4
1 1082763688391 1
1 1082763688393 1
1 1082763688394 4
1 1082763688395 1
1 1082763688397 1
1 1082763688398 4
1 1082763688399 1
1 1082763688428 4
1 1082763688429 1
1 1082763688432 4
1 1082763688433 1
1 1082763688436 4
1 1082763688437 1
1 1082763688440 4
1 1082763688441 1
1 1082763688444 4
1 1082763688445 1
1 1082763688448 4
1 1082763688449 1
1 1082763688478 1
1 1082763688479 1
1 1082763688482 1
1 1082763688483 1
1 1082763688486 1
1 1082763688487 1
1 1082763688490 1
1 1082763688491 1
1 1082763688494 1
1 1082763688495 1
1 1082763688498 1
1 1082763688499 1
1 1082763688541 1
1 1082763688542 4
1 1082763688543 1
1 1082763688545 1
1 1082763688546 4
1 1082763688547 1
1 1082763688549 1
1 1082763688550 4
1 1082763688551 1
1 1082763688553 1
1 1082763688554 4
1 1082763688555 1
1 1082763688557 1
1 1082763688558 4
1 1082763688559 1
1 1082763688561 1
1 1082763688562 4
1 1082763688563 1
1 1082763688604 1
1 1082763688605 4
1 1082763688606 1
1 1082763688608 1
1 1082763688609 4
1 1082763688610 1
1 1082763688612 1
1 1082763688613 4
1 1082763688614 1
1 1082763688616 1
1 1082763688617 4
1 1082763688618 1
1 1082763688620 1
1 1082763688621 4
1 1082763688622 1
1 1082763688624 1
1 1082763688625 4
1 1082763688626 1
1 1082763688668 4
1 1082763688669 1
1 1082763688672 4
1 1082763688673 1
1 1082763688676 4
1 1082763688677 1
1 1082763688680 4
1 1082763688681 1
1 1082763688684 4
1 1082763688685 1
1 1082763688688 4
1 1082763688689 1
1 1082763688718 1
1 1082763688719 1
1 1082763688722 1
1 1082763688723 1
1 1082763688726 1
1 1082763688727 1
1 1082763688730 1
1 1082763688731 1
1 1082763688734 1
1 1082763688735 1
1 1082763688738 1
1 1082763688739 1
1 1082763688781 1
1 1082763688782 4
1 1082763688783 1
1 1082763688785 1
1 1082763688786 4
1 1082763688787 1
1 1082763688789 1
1 1082763688790 4
1 1082763688791 1
1 1082763688793 1
1 1082763688794 4
1 1082763688795 1
1 1082763688797 1
1 1082763688798 4
1 1082763688799 1
1 1082763688828 4
1 1082763688829 1
1 1082763688832 4
1 1082763688833 1
1 1082763688836 4
1 1082763688837 1
1 1082763688840 4
1 1082763688841 1
1 1082763688844 4
1 1082763688845 1
1 1082763688848 4
1 1082763688849 1
1 1082763688878 1
1 1082763688879 1
1 1082763688882 1
1 1082763688883 1
1 1082763688886 1
1 1082763688887 1
1 1082763688890 1
1 1082763688891 1
1 1082763688894 1
1 1082763688895 1
1 1082763688898 1
1 1082763688899 1
1 1082763688941 1
1 1082763688942 4
1 1082763688943 1
1 1082763688945 1
1 1082763688946 4
1 1082763688947 1
1 1082763688949 1
1 1082763688950 4
1 1082763688951 1
1 1082763688953 1
1 1082763688954 4
1 1082763688955 1
1 1082763688957 1
1 1082763688958 4
1 1082763688959 1
1 1082763688961 1
1 1082763688962 4
1 1082763688963 1
1 1082763689004 1
1 1082763689005 4
1 1082763689006 1
1 1082763689008 1
1 1082763689009 4
1 1082763689010 1
1 1082763689012 1
1 1082763689013 4
1 1082763689014 1
1 1082763689016 1
1 1082763689017 4
1 1082763689018 1
1 1082763689020 1
1 1082763689021 4
1 1082763689022 1
1 1082763689024 1
1 1082763689025 4
1 1082763689026 1
1 1082763689068 4
1 1082763689069 1
1 1082763689072 4
1 1082763689073 1
1 1082763689076 4
1 1082763689077 1
1 1082763689080 4
1 1082763689081 1
1 1082763689084 4
1 1082763689085 1
1 1082763689088 4
1 1082763689089 1
1 1082763689118 1
1 1082763689119 1
1 1082763689122 1
1 1082763689123 1
1 1082763689126 1
1 1082763689127 1
1 1082763689130 1
1 1082763689131 1
1 1082763689134 1
1 1082763689135 1
1 1082763689138 1
1 1082763689139 1
1 1082763689181 1
1 1082763689182 4
1 1082763689183 1
1 1082763689185 1
1 1082763689186 4
1 1082763689187 1
1 1082763689189 1
1 1082763689190 4
1 1082763689191 1
1 1082763689193 1
1 1082763689194 4
1 1082763689195 1
1 1082763689197 1
1 1082763689198 4
1 1082763689199 1
1 1082763689228 4
1 1082763689229 1
1 1082763689232 4
1 1082763689233 1
1 1082763689236 4
1 1082763689237 1
1 1082763689240 4
1 1082763689241 1
1 1082763689244 4
1 1082763689245 1
1 1082763689248 4
1 1082763689249 1
1 1082763689278 1
1 1082763689279 1
1 1082763689282 1
1 1082763689283 1
1 1082763689286 1
1 1082763689287 1
1 1082763689290 1
1 1082763689291 1
1 1082763689294 1
1 1082763689295 1
1 1082763689298 1
1 1082763689299 1
1 1082763689341 1
1 1082763689342 4
1 1082763689343 1
1 1082763689345 1
1 1082763689346 4
1 1082763689347 1
1 1082763689349 1
1 1082763689350 4
1 1082763689351 1
1 1082763689353 1
1 1082763689354 4
1 1082763689355 1
1 1082763689357 1
1 1082763689358 4
1 1082763689359 1
1 1082763689361 1
1 1082763689362 4
1 1082763689363 1
1 1082763689404 1
1 1082763689405 4
1 1082763689406 1
1 1082763689408 1
1 1082763689409 4
1 1082763689410 1
1 1082763689412 1
1 1082763689413 4
1 1082763689414 1
1 1082763689416 1
1 1082763689417 4
1 1082763689418 1
1 1082763689420 1
1 1082763689421 4
1 1082763689422 1
1 1082763689424 1
1 1082763689425 4
1 1082763689426 1
1 1082763689468 4
1 1082763689469 1
1 1082763689472 4
1 1082763689473 1
1 1082763689476 4
1 1082763689477 1
1 1082763689480 4
1 1082763689481 1
1 1082763689484 4
1 1082763689485 1
1 1082763689488 4
1 1082763689489 1
1 1082763689518 1
1 1082763689519 1
1 1082763689522 1
1 1082763689523 1
1 1082763689526 1
1 1082763689527 1
1 1082763689530 1
1 1082763689531 1
1 1082763689534 1
1 1082763689535 1
1 1082763689538 1
1 1082763689539 1
1 1082763689581 1
1 1082763689582 4
1 1082763689583 1
1 1082763689585 1
1 1082763689586 4
1 1082763689587 1
1 1082763689589 1
1 1082763689590 4
1 1082763689591 1
1 1082763689593 1
1 1082763689594 4
1 1082763689595 1
1 1082763689597 1
1 1082763689598 4
1 1082763689599 1
1 1082763689628 4
1 1082763689629 1
1 1082763689632 4
1 1082763689633 1
1 1082763689636 4
1 1082763689637 1
1 1082763689640 4
1 1082763689641 1
1 1082763689644 4
1 1082763689645 1
1 1082763689648 4
1 1082763689649 1
1 1082763689678 1
1 1082763689679 1
1 1082763689682 1
1 1082763689683 1
1 1082763689686 1
1 1082763689687 1
1 1082763689690 1
1 1082763689691 1
1 1082763689694 1
1 1082763689695 1
1 1082763689698 1
1 1082763689699 1
1 1082763689741 1
1 1082763689742 4
1 1082763689743 1
1 1082763689745 1
1 1082763689746 4
1 1082763689747 1
1 1082763689749 1
1 1082763689750 4
1 1082763689751 1
1 1082763689753 1
1 1082763689754 4
1 1082763689755 1
1 1082763689757 1
1 1082763689758 4
1 1082763689759 1
1 1082763689761 1
1 1082763689762 4
1 1082763689763 1
1 1082763689804 1
1 1082763689805 4
1 1082763689806 1
1 1082763689808 1
1 1082763689809 4
1 1082763689810 1
1 1082763689812 1
1 1082763689813 4
1 1082763689814 1
1 1082763689816 1
1 1082763689817 4
1 1082763689818 1
1 1082763689820 1
1 1082763689821 4
1 1082763689822 1
1 1082763689824 1
1 1082763689825 4
1 1082763689826 1
1 1082763689868 4
1 1082763689869 1
1 1082763689872 4
1 1082763689873 1
1 1082763689876 4
1 1082763689877 1
1 1082763689880 4
1 1082763689881 1
1 1082763689884 4
1 1082763689885 1
1 1082763689888 4
1 1082763689889 1
1 1082763689918 1
1 1082763689919 1
1 1082763689922 1
1 1082763689923 1
1 1082763689926 1
1 1082763689927 1
1 1082763689930 1
1 1082763689931 1
1 1082763689934 1
1 1082763689935 1
1 1082763689938 1
1 1082763689939 1
1 1082763689981 1
1 1082763689982 4
1 1082763689983 1
1 1082763689985 1
1 1082763689986 4
1 1082763689987 1
1 1082763689989 1
1 1082763689990 4
1 1082763689991 1
1 1082763689993 1
1 1082763689994 4
1 1082763689995 1
1 1082763689997 1
1 1082763689998 4
1 1082763689999 1
1 1082763690028 4
1 1082763690029 1
1 1082763690032 4
1 1082763690033 1
1 1082763690036 4
1 1082763690037 1
1 1082763690040 4
1 1082763690041 1
1 1082763690044 4
1 1082763690045 1
1 1082763690048 4
1 1082763690049 1
1 1082763690078 1
1 1082763690079 1
1 1082763690082 1
1 1082763690083 1
1 1082763690086 1
1 1082763690087 1
1 1082763690090 1
1 1082763690091 1
1 1082763690094 1
1 1082763690095 1
1 1082763690098 1
1 1082763690099 1
1 1082763690141 1
1 1082763690142 4
1 1082763690143 1
1 1082763690145 1
1 1082763690146 4
1 1082763690147 1
1 1082763690149 1
1 1082763690150 4
1 1082763690151 1
1 1082763690153 1
1 1082763690154 4
1 1082763690155 1
1 1082763690157 1
1 1082763690158 4
1 1082763690159 1
1 1082763690161 1
1 1082763690162 4
1 1082763690163 1
1 1082763690204 1
1 1082763690205 4
1 1082763690206 1
1 1082763690208 1
1 1082763690209 4
1 1082763690210 1
1 1082763690212 1
1 1082763690213 4
1 1082763690214 1
1 1082763690216 1
1 1082763690217 4
1 1082763690218 1
1 1082763690220 1
1 1082763690221 4
1 1082763690222 1
1 1082763690224 1
1 1082763690225 4
1 1082763690226 1
1 1082763690268 4
1 1082763690269 1
1 1082763690272 4
1 1082763690273 1
1 1082763690276 4
1 1082763690277 1
1 1082763690280 4
1 1082763690281 1
1 1082763690284 4
1 1082763690285 1
1 1082763690288 4
1 1082763690289 1
1 1082763690318 1
1 1082763690319 1
1 1082763690322 1
1 1082763690323 1
1 1082763690326 1
1 1082763690327 1
1 1082763690330 1
1 1082763690331 1
1 1082763690334 1
1 1082763690335 1
1 1082763690338 1
1 1082763690339 1
1 1082763690381 1
1 1082763690382 4
1 1082763690383 1
1 1082763690385 1
1 1082763690386 4
1 1082763690387 1
1 1082763690389 1
1 1082763690390 4
1 1082763690391 1
1 1082763690393 1
1 1082763690394 4
1 1082763690395 1
1 1082763690397 1
1 1082763690398 4
1 1082763690399 1
1 1082763690428 4
1 1082763690429 1
1 1082763690432 4
1 1082763690433 1
1 1082763690436 4
1 1082763690437 1
1 1082763690440 4
1 1082763690441 1
1 1082763690444 4
1 1082763690445 1
1 1082763690448 4
1 1082763690449 1
1 1082763690478 1
1 1082763690479 1
1 1082763690482 1
1 1082763690483 1
1 1082763690486 1
1 1082763690487 1
1 1082763690490 1
1 1082763690491 1
1 1082763690494 1
1 1082763690495 1
1 1082763690498 1
1 1082763690499 1
1 1082763690541 1
1 1082763690542 4
1 1082763690543 1
1 1082763690545 1
1 1082763690546 4
1 1082763690547 1
1 1082763690549 1
1 1082763690550 4
1 1082763690551 1
1 1082763690553 1
1 1082763690554 4
1 1082763690555 1
1 1082763690557 1
1 1082763690558 4
1 1082763690559 1
1 1082763690561 1
1 1082763690562 4
1 1082763690563 1
1 1082763690604 1
1 1082763690605 4
1 1082763690606 1
1 1082763690608 1
1 1082763690609 4
1 1082763690610 1
1 1082763690612 1
1 1082763690613 4
1 1082763690614 1
1 1082763690616 1
1 1082763690617 4
1 1082763690618 1
1 1082763690620 1
1 1082763690621 4
1 1082763690622 1
1 1082763690624 1
1 1082763690625 4
1 1082763690626 1
1 1082763690668 4
1 1082763690669 1
1 1082763690672 4
1 1082763690673 1
1 1082763690676 4
1 1082763690677 1
1 1082763690680 4
1 1082763690681 1
1 1082763690684 4
1 1082763690685 1
1 1082763690688 4
1 1082763690689 1
1 1082763690718 1
1 1082763690719 1
1 1082763690722 1
1 1082763690723 1
1 1082763690726 1
1 1082763690727 1
1 1082763690730 1
1 1082763690731 1
1 1082763690734 1
1 1082763690735 1
1 1082763690738 1
1 1082763690739 1
1 1082763690781 1
1 1082763690782 4
1 1082763690783 1
1 1082763690785 1
1 1082763690786 4
1 1082763690787 1
1 1082763690789 1
1 1082763690790 4
1 1082763690791 1
1 1082763690793 1
1 1082763690794 4
1 1082763690795 1
1 1082763690797 1
1 1082763690798 4
1 1082763690799 1
1 1082763690828 4
1 1082763690829 1
1 1082763690832 4
1 1082763690833 1
1 1082763690836 4
1 1082763690837 1
1 1082763690840 4
1 1082763690841 1
1 1082763690844 4
1 1082763690845 1
1 1082763690848 4
1 1082763690849 1
1 1082763690878 1
1 1082763690879 1
1 1082763690882 1
1 1082763690883 1
1 1082763690886 1
1 1082763690887 1
1 1082763690890 1
1 1082763690891 1
1 1082763690894 1
1 1082763690895 1
1 1082763690898 1
1 1082763690899 1
1 1082763690941 1
1 1082763690942 4
1 1082763690943 1
1 1082763690945 1
1 1082763690946 4
1 1082763690947 1
1 1082763690949 1
1 1082763690950 4
1 1082763690951 1
1 1082763690953 1
1 1082763690954 4
1 1082763690955 1
1 1082763690957 1
1 1082763690958 4
1 1082763690959 1
1 1082763690961 1
1 1082763690962 4
1 1082763690963 1
1 1082763691004 1
1 1082763691005 4
1 1082763691006 1
1 1082763691008 1
1 1082763691009 4
1 1082763691010 1
1 1082763691012 1
1 1082763691013 4
1 1082763691014 1
1 1082763691016 1
1 1082763691017 4
1 1082763691018 1
1 1082763691020 1
1 1082763691021 4
1 1082763691022 1
1 1082763691024 1
1 1082763691025 4
1 1082763691026 1
1 1082763691068 4
1 1082763691069 1
1 1082763691072 4
1 1082763691073 1
1 1082763691076 4
1 1082763691077 1
1 1082763691080 4
1 1082763691081 1
1 1082763691084 4
1 1082763691085 1
1 1082763691088 4
1 1082763691089 1
1 1082763691118 1
1 1082763691119 1
1 1082763691122 1
1 1082763691123 1
1 1082763691126 1
1 1082763691127 1
1 1082763691130 1
1 1082763691131 1
1 1082763691134 1
1 1082763691135 1
1 1082763691138 1
1 1082763691139 1
1 1082763691181 1
1 1082763691182 4
1 1082763691183 1
1 1082763691185 1
1 1082763691186 4
1 1082763691187 1
1 1082763691189 1
1 1082763691190 4
1 1082763691191 1
1 1082763691193 1
1 1082763691194 4
1 1082763691195 1
1 1082763691197 1
1 1082763691198 4
1 1082763691199 1
1 1082763691228 4
1 1082763691229 1
1 1082763691232 4
1 1082763691233 1
1 1082763691236 4
1 1082763691237 1
1 1082763691240 4
1 1082763691241 1
1 1082763691244 4
1 1082763691245 1
1 1082763691248 4
1 1082763691249 1
1 1082763691278 1
1 1082763691279 1
1 1082763691282 1
1 1082763691283 1
1 1082763691286 1
1 1082763691287 1
1 1082763691290 1
1 1082763691291 1
1 1082763691294 1
1 1082763691295 1
1 1082763691298 1
1 1082763691299 1
1 1082763691341 1
1 1082763691342 4
1 1082763691343 1
1 1082763691345 1
1 1082763691346 4
1 1082763691347 1
1 1082763691349 1
1 1082763691350 4
1 1082763691351 1
1 1082763691353 1
1 1082763691354 4
1 1082763691355 1
1 1082763691357 1
1 1082763691358 4
1 1082763691359 1
1 1082763691361 1
1 1082763691362 4
1 1082763691363 1
1 1082763691404 1
1 1082763691405 4
1 1082763691406 1
1 1082763691408 1
1 1082763691409 4
1 1082763691410 1
1 1082763691412 1
1 1082763691413 4
1 1082763691414 1
1 1082763691416 1
1 1082763691417 4
1 1082763691418 1
1 1082763691420 1
1 1082763691421 4
1 1082763691422 1
1 1082763691424 1
1 1082763691425 4
1 1082763691426 1
1 1082763691468 4
1 1082763691469 1
1 1082763691472 4
1 1082763691473 1
1 1082763691476 4
1 1082763691477 1
1 1082763691480 4
1 1082763691481 1
1 1082763691484 4
1 1082763691485 1
1 1082763691488 4
1 1082763691489 1
1 1082763691518 1
1 1082763691519 1
1 1082763691522 1
1 1082763691523 1
1 1082763691526 1
1 1082763691527 1
1 1082763691530 1
1 1082763691531 1
1 1082763691534 1
1 1082763691535 1
1 1082763691538 1
1 1082763691539 1
1 1082763691581 1
1 1082763691582 4
1 1082763691583 1
1 1082763691585 1
1 1082763691586 4
1 1082763691587 1
1 1082763691589 1
1 1082763691590 4
1 1082763691591 1
1 1082763691593 1
1 1082763691594 4
1 1082763691595 1
1 1082763691597 1
1 1082763691598 4
1 1082763691599 1
1 1082763691628 4
1 1082763691629 1
1 1082763691632 4
1 1082763691633 1
1 1082763691636 4
1 1082763691637 1
1 1082763691640 4
1 1082763691641 1
1 1082763691644 4
1 1082763691645 1
1 1082763691648 4
1 1082763691649 1
1 1082763691678 1
1 1082763691679 1
1 1082763691682 1
1 1082763691683 1
1 1082763691686 1
1 1082763691687 1
1 1082763691690 1
1 1082763691691 1
1 1082763691694 1
1 1082763691695 1
1 1082763691698 1
1 1082763691699 1
1 1082763691741 1
1 1082763691742 4
1 1082763691743 1
1 1082763691745 1
1 1082763691746 4
1 1082763691747 1
1 1082763691749 1
1 1082763691750 4
1 1082763691751 1
1 1082763691753 1
1 1082763691754 4
1 1082763691755 1
1 1082763691757 1
1 1082763691758 4
1 1082763691759 1
1 1082763691761 1
1 1082763691762 4
1 1082763691763 1
1 1082763691804 1
1 1082763691805 4
1 1082763691806 1
1 1082763691808 1
1 1082763691809 4
1 1082763691810 1
1 1082763691812 1
1 1082763691813 4
1 1082763691814 1
1 1082763691816 1
1 1082763691817 4
1 1082763691818 1
1 1082763691820 1
1 1082763691821 4
1 1082763691822 1
1 1082763691824 1
1 1082763691825 4
1 1082763691826 1
1 1082763691868 4
1 1082763691869 1
1 1082763691872 4
1 1082763691873 1
1 1082763691876 4
1 1082763691877 1
1 1082763691880 4
1 1082763691881 1
1 1082763691884 4
1 1082763691885 1
1 1082763691888 4
1 1082763691889 1
1 1082763691918 1
1 1082763691919 1
1 1082763691922 1
1 1082763691923 1
1 1082763691926 1
1 1082763691927 1
1 1082763691930 1
1 1082763691931 1
1 1082763691934 1
1 1082763691935 1
1 1082763691938 1
1 1082763691939 1
1 1082763691981 1
1 1082763691982 4
1 1082763691983 1
1 1082763691985 1
1 1082763691986 4
1 1082763691987 1
1 1082763691989 1
1 1082763691990 4
1 1082763691991 1
1 1082763691993 1
1 1082763691994 4
1 1082763691995 1
1 1082763691997 1
1 1082763691998 4
1 1082763691999 1
1 1082763692028 4
1 1082763692029 1
1 1082763692032 4
1 1082763692033 1
1 1082763692036 4
1 1082763692037 1
1 1082763692040 4
1 1082763692041 1
1 1082763692044 4
1 1082763692045 1
1 1082763692048 4
1 1082763692049 1
1 1082763692078 1
1 1082763692079 1
1 1082763692082 1
1 1082763692083 1
1 1082763692086 1
1 1082763692087 1
1 1082763692090 1
1 1082763692091 1
1 1082763692094 1
1 1082763692095 1
1 1082763692098 1
1 1082763692099 1
1 1082763692141 1
1 1082763692142 4
1 1082763692143 1
1 1082763692145 1
1 1082763692146 4
1 1082763692147 1
1 1082763692149 1
1 1082763692150 4
1 1082763692151 1
1 1082763692153 1
1 1082763692154 4
1 1082763692155 1
1 1082763692157 1
1 1082763692158 4
1 1082763692159 1
1 1082763692161 1
1 1082763692162 4
1 1082763692163 1
1 1082763692204 1
1 1082763692205 4
1 1082763692206 1
1 1082763692208 1
1 1082763692209 4
1 1082763692210 1
1 1082763692212 1
1 1082763692213 4
1 1082763692214 1
1 1082763692216 1
1 1082763692217 4
1 1082763692218 1
1 1082763692220 1
1 1082763692221 4
1 1082763692222 1
1 1082763692224 1
1 1082763692225 4
1 1082763692226 1
1 1082763692268 4
1 1082763692269 1
1 1082763692272 4
1 1082763692273 1
1 1082763692276 4
1 1082763692277 1
1 1082763692280 4
1 1082763692281 1
1 1082763692284 4
1 1082763692285 1
1 1082763692288 4
1 1082763692289 1
1 1082763692318 1
1 1082763692319 1
1 1082763692322 1
1 1082763692323 1
1 1082763692326 1
1 1082763692327 1
1 1082763692330 1
1 1082763692331 1
1 1082763692334 1
1 1082763692335 1
1 1082763692338 1
1 1082763692339 1
1 1082763692381 1
1 1082763692382 4
1 1082763692383 1
1 1082763692385 1
1 1082763692386 4
1 1082763692387 1
1 1082763692389 1
1 1082763692390 4
1 1082763692391 1
1 1082763692393 1
1 1082763692394 4
1 1082763692395 1
1 1082763692397 1
1 1082763692398 4
1 1082763692399 1
1 1082763692428 4
1 1082763692429 1
1 1082763692432 4
1 1082763692433 1
1 1082763692436 4
1 1082763692437 1
1 1082763692440 4
1 1082763692441 1
1 1082763692444 4
1 1082763692445 1
1 1082763692448 4
1 1082763692449 1
1 1082763692478 1
1 1082763692479 1
1 1082763692482 1
1 1082763692483 1
1 1082763692486 1
1 1082763692487 1
1 1082763692490 1
1 1082763692491 1
1 1082763692494 1
1 1082763692495 1
1 1082763692498 1
1 1082763692499 1
1 1082763692541 1
1 1082763692542 4
1 1082763692543 1
1 1082763692545 1
1 1082763692546 4
1 1082763692547 1
1 1082763692549 1
1 1082763692550 4
1 1082763692551 1
1 1082763692553 1
1 1082763692554 4
1 1082763692555 1
1 1082763692557 1
1 1082763692558 4
1 1082763692559 1
1 1082763692561 1
1 1082763692562 4
1 1082763692563 1
1 1082763692604 1
1 1082763692605 4
1 1082763692606 1
1 1082763692608 1
1 1082763692609 4
1 1082763692610 1
1 1082763692612 1
1 1082763692613 4
1 1082763692614 1
1 1082763692616 1
1 1082763692617 4
1 1082763692618 1
1 1082763692620 1
1 1082763692621 4
1 1082763692622 1
1 1082763692624 1
1 1082763692625 4
1 1082763692626 1
1 1082763692668 4
1 1082763692669 1
1 1082763692672 4
1 1082763692673 1
1 1082763692676 4
1 1082763692677 1
1 1082763692680 4
1 1082763692681 1
1 1082763692684 4
1 1082763692685 1
1 1082763692688 4
1 1082763692689 1
1 1082763692718 1
1 1082763692719 1
1 1082763692722 1
1 1082763692723 1
1 1082763692726 1
1 1082763692727 1
1 1082763692730 1
1 1082763692731 1
1 1082763692734 1
1 1082763692735 1
1 1082763692738 1
1 1082763692739 1
1 1082763692781 1
1 1082763692782 4
1 1082763692783 1
1 1082763692785 1
1 1082763692786 4
1 1082763692787 1
1 1082763692789 1
1 1082763692790 4
1 1082763692791 1
1 1082763692793 1
1 1082763692794 4
1 1082763692795 1
1 1082763692797 1
1 1082763692798 4
1 1082763692799 1
1 1082763692828 4
1 1082763692829 1
1 1082763692832 4
1 1082763692833 1
1 1082763692836 4
1 1082763692837 1
1 1082763692840 4
1 1082763692841 1
1 1082763692844 4
1 1082763692845 1
1 1082763692848 4
1 1082763692849 1
1 1082763692878 1
1 1082763692879 1
1 1082763692882 1
1 1082763692883 1
1 1082763692886 1
1 1082763692887 1
1 1082763692890 1
1 1082763692891 1
1 1082763692894 1
1 1082763692895 1
1 1082763692898 1
1 1082763692899 1
1 1082763692941 1
1 1082763692942 4
1 1082763692943 1
1 1082763692945 1
1 1082763692946 4
1 1082763692947 1
1 1082763692949 1
1 1082763692950 4
1 1082763692951 1
1 1082763692953 1
1 1082763692954 4
1 1082763692955 1
1 1082763692957 1
1 1082763692958 4
1 1082763692959 1
1 1082763692961 1
1 1082763692962 4
1 1082763692963 1
1 1082763693004 1
1 1082763693005 4
1 1082763693006 1
1 1082763693008 1
1 1082763693009 4
1 1082763693010 1
1 1082763693012 1
1 1082763693013 4
1 1082763693014 1
1 1082763693016 1
1 1082763693017 4
1 1082763693018 1
1 1082763693020 1
1 1082763693021 4
1 1082763693022 1
1 1082763693024 1
1 1082763693025 4
1 1082763693026 1
1 1082763693068 4
1 1082763693069 1
1 1082763693072 4
1 1082763693073 1
1 1082763693076 4
1 1082763693077 1
1 1082763693080 4
1 1082763693081 1
1 1082763693084 4
1 1082763693085 1
1 1082763693088 4
1 1082763693089 1
1 1082763693118 1
1 1082763693119 1
1 1082763693122 1
1 1082763693123 1
1 1082763693126 1
1 1082763693127 1
1 1082763693130 1
1 1082763693131 1
1 1082763693134 1
1 1082763693135 1
1 1082763693138 1
1 1082763693139 1
1 1082763693181 1
1 1082763693182 4
1 1082763693183 1
1 1082763693185 1
1 1082763693186 4
1 1082763693187 1
1 1082763693189 1
1 1082763693190 4
1 1082763693191 1
1 1082763693193 1
1 1082763693194 4
1 1082763693195 1
1 1082763693197 1
1 1082763693198 4
1 1082763693199 1
1 1082763693228 4
1 1082763693229 1
1 1082763693232 4
1 1082763693233 1
1 1082763693236 4
1 1082763693237 1
1 1082763693240 4
1 1082763693241 1
1 1082763693244 4
1 1082763693245 1
1 1082763693248 4
1 1082763693249 1
1 1082763693278 1
1 1082763693279 1
1 1082763693282 1
1 1082763693283 1
1 1082763693286 1
1 1082763693287 1
1 1082763693290 1
1 1082763693291 1
1 1082763693294 1
1 1082763693295 1
1 1082763693298 1
1 1082763693299 1
1 1082763693341 1
1 1082763693342 4
1 1082763693343 1
1 1082763693345 1
1 1082763693346 4
1 1082763693347 1
1 1082763693349 1
1 1082763693350 4
1 1082763693351 1
1 1082763693353 1
1 1082763693354 4
1 1082763693355 1
1 1082763693357 1
1 1082763693358 4
1 1082763693359 1
1 1082763693361 1
1 1082763693362 4
1 1082763693363 1
1 1082763693404 1
1 1082763693405 4
1 1082763693406 1
1 1082763693408 1
1 1082763693409 4
1 1082763693410 1
1 1082763693412 1
1 1082763693413 4
1 1082763693414 1
1 1082763693416 1
1 1082763693417 4
1 1082763693418 1
1 1082763693420 1
1 1082763693421 4
1 1082763693422 1
1 1082763693424 1
1 1082763693425 4
1 1082763693426 1
1 1082763693468 4
1 1082763693469 1
1 1082763693472 4
1 1082763693473 1
1 1082763693476 4
1 1082763693477 1
1 1082763693480 4
1 1082763693481 1
1 1082763693484 4
1 1082763693485 1
1 1082763693488 4
1 1082763693489 1
1 1082763693518 1
1 1082763693519 1
1 1082763693522 1
1 1082763693523 1
1 1082763693526 1
1 1082763693527 1
1 1082763693530 1
1 1082763693531 1
1 1082763693534 1
1 1082763693535 1
1 1082763693538 1
1 1082763693539 1
1 1082763693581 1
1 1082763693582 4
1 1082763693583 1
1 1082763693585 1
1 1082763693586 4
1 1082763693587 1
1 1082763693589 1
1 1082763693590 4
1 1082763693591 1
1 1082763693593 1
1 1082763693594 4
1 1082763693595 1
1 1082763693597 1
1 1082763693598 4
1 1082763693599 1
1 1082763693628 4
1 1082763693629 1
1 1082763693632 4
1 1082763693633 1
1 1082763693636 4
1 1082763693637 1
1 1082763693640 4
1 1082763693641 1
1 1082763693644 4
1 1082763693645 1
1 1082763693648 4
1 1082763693649 1
1 1082763693678 1
1 1082763693679 1
1 1082763693682 1
1 1082763693683 1
1 1082763693686 1
1 1082763693687 1
1 1082763693690 1
1 1082763693691 1
1 1082763693694 1
1 1082763693695 1
1 1082763693698 1
1 1082763693699 1
1 1082763693741 1
1 1082763693742 4
1 1082763693743 1
1 1082763693745 1
1 1082763693746 4
1 1082763693747 1
1 1082763693749 1
1 1082763693750 4
1 1082763693751 1
1 1082763693753 1
1 1082763693754 4
1 1082763693755 1
1 1082763693757 1
1 1082763693758 4
1 1082763693759 1
1 1082763693761 1
1 1082763693762 4
1 1082763693763 1
1 1082763693804 1
1 1082763693805 4
1 1082763693806 1
1 1082763693808 1
1 1082763693809 4
1 1082763693810 1
1 1082763693812 1
1 1082763693813 4
1 1082763693814 1
1 1082763693816 1
1 1082763693817 4
1 1082763693818 1
1 1082763693820 1
1 1082763693821 4
1 1082763693822 1
1 1082763693824 1
1 1082763693825 4
1 1082763693826 1
1 1082763693868 4
1 1082763693869 1
1 1082763693872 4
1 1082763693873 1
1 1082763693876 4
1 1082763693877 1
1 1082763693880 4
1 1082763693881 1
1 1082763693884 4
1 1082763693885 1
1 1082763693888 4
1 1082763693889 1
1 1082763693918 1
1 1082763693919 1
1 1082763693922 1
1 1082763693923 1
1 1082763693926 1
1 1082763693927 1
1 1082763693930 1
1 1082763693931 1
1 1082763693934 1
1 1082763693935 1
1 1082763693938 1
1 1082763693939 1
1 1082763693981 1
1 1082763693982 4
1 1082763693983 1
1 1082763693985 1
1 1082763693986 4
1 1082763693987 1
1 1082763693989 1
1 1082763693990 4
1 1082763693991 1
1 1082763693993 1
1 1082763693994 4
1 1082763693995 1
1 1082763693997 1
1 1082763693998 4
1 1082763693999 1
1 1082763694028 4
1 1082763694029 1
1 1082763694032 4
1 1082763694033 1
1 1082763694036 4
1 1082763694037 1
1 1082763694040 4
1 1082763694041 1
1 1082763694044 4
1 1082763694045 1
1 1082763694048 4
1 1082763694049 1
1 1082763694078 1
1 1082763694079 1
1 1082763694082 1
1 1082763694083 1
1 1082763694086 1
1 1082763694087 1
1 1082763694090 1
1 1082763694091 1
1 1082763694094 1
1 1082763694095 1
1 1082763694098 1
1 1082763694099 1
1 1082763694141 1
1 1082763694142 4
1 1082763694143 1
1 1082763694145 1
1 1082763694146 4
1 1082763694147 1
1 1082763694149 1
1 1082763694150 4
1 1082763694151 1
1 1082763694153 1
1 1082763694154 4
1 1082763694155 1
1 1082763694157 1
1 1082763694158 4
1 1082763694159 1
1 1082763694161 1
1 1082763694162 4
1 1082763694163 1
1 1082763694204 1
1 1082763694205 4
1 1082763694206 1
1 1082763694208 1
1 1082763694209 4
1 1082763694210 1
1 1082763694212 1
1 1082763694213 4
1 1082763694214 1
1 1082763694216 1
1 1082763694217 4
1 1082763694218 1
1 1082763694220 1
1 1082763694221 4
1 1082763694222 1
1 1082763694224 1
1 1082763694225 4
1 1082763694226 1
1 1082763694268 4
1 1082763694269 1
1 1082763694272 4
1 1082763694273 1
1 1082763694276 4
1 1082763694277 1
1 1082763694280 4
1 1082763694281 1
1 1082763694284 4
1 1082763694285 1
1 1082763694288 4
1 1082763694289 1
1 1082763694318 1
1 1082763694319 1
1 1082763694322 1
1 1082763694323 1
1 1082763694326 1
1 1082763694327 1
1 1082763694330 1
1 1082763694331 1
1 1082763694334 1
1 1082763694335 1
1 1082763694338 1
1 1082763694339 1
1 1082763694381 1
1 1082763694382 4
1 1082763694383 1
1 1082763694385 1
1 1082763694386 4
1 1082763694387 1
1 1082763694389 1
1 1082763694390 4
1 1082763694391 1
1 1082763694393 1
1 1082763694394 4
1 1082763694395 1
1 1082763694397 1
1 1082763694398 4
1 1082763694399 1
1 1082763694428 4
1 1082763694429 1
1 1082763694432 4
1 1082763694433 1
1 1082763694436 4
1 1082763694437 1
1 1082763694440 4
1 1082763694441 1
1 1082763694444 4
1 1082763694445 1
1 1082763694448 4
1 1082763694449 1
1 1082763694478 1
1 1082763694479 1
1 1082763694482 1
1 1082763694483 1
1 1082763694486 1
1 1082763694487 1
1 1082763694490 1
1 1082763694491 1
1 1082763694494 1
1 1082763694495 1
1 1082763694498 1
1 1082763694499 1
1 1082763694541 1
1 1082763694542 4
1 1082763694543 1
1 1082763694545 1
1 1082763694546 4
1 1082763694547 1
1 1082763694549 1
1 1082763694550 4
1 1082763694551 1
1 1082763694553 1
1 1082763694554 4
1 1082763694555 1
1 1082763694557 1
1 1082763694558 4
1 1082763694559 1
1 1082763694561 1
1 1082763694562 4
1 1082763694563 1
1 1082763694604 1
1 1082763694605 4
1 1082763694606 1
1 1082763694608 1
1 1082763694609 4
1 1082763694610 1
1 1082763694612 1
1 1082763694613 4
1 1082763694614 1
1 1082763694616 1
1 1082763694617 4
1 1082763694618 1
1 1082763694620 1
1 1082763694621 4
1 1082763694622 1
1 1082763694624 1
1 1082763694625 4
1 1082763694626 1
1 1082763694668 4
1 1082763694669 1
1 1082763694672 4
1 1082763694673 1
1 1082763694676 4
1 1082763694677 1
1 1082763694680 4
1 1082763694681 1
1 1082763694684 4
1 1082763694685 1
1 1082763694688 4
1 1082763694689 1
1 1082763694718 1
1 1082763694719 1
1 1082763694722 1
1 1082763694723 1
1 1082763694726 1
1 1082763694727 1
1 1082763694730 1
1 1082763694731 1
1 1082763694734 1
1 1082763694735 1
1 1082763694738 1
1 1082763694739 1
1 1082763694781 1
1 1082763694782 4
1 1082763694783 1
1 1082763694785 1
1 1082763694786 4
1 1082763694787 1
1 1082763694789 1
1 1082763694790 4
1 1082763694791 1
1 1082763694793 1
1 1082763694794 4
1 1082763694795 1
1 1082763694797 1
1 1082763694798 4
1 1082763694799 1
1 1082763694828 4
1 1082763694829 1
1 1082763694832 4
1 1082763694833 1
1 1082763694836 4
1 1082763694837 1
1 1082763694840 4
1 1082763694841 1
1 1082763694844 4
1 1082763694845 1
1 1082763694848 4
1 1082763694849 1
1 1082763694878 1
1 1082763694879 1
1 1082763694882 1
1 1082763694883 1
1 1082763694886 1
1 1082763694887 1
1 1082763694890 1
1 1082763694891 1
1 1082763694894 1
1 1082763694895 1
1 1082763694898 1
1 1082763694899 1
1 1082763694941 1
1 1082763694942 4
1 1082763694943 1
1 1082763694945 1
1 1082763694946 4
1 1082763694947 1
1 1082763694949 1
1 1082763694950 4
1 1082763694951 1
1 1082763694953 1
1 1082763694954 4
1 1082763694955 1
1 1082763694957 1
1 1082763694958 4
1 1082763694959 1
1 1082763694961 1
1 1082763694962 4
1 1082763694963 1
1 1082763695004 1
1 1082763695005 4
1 1082763695006 1
1 1082763695008 1
1 1082763695009 4
1 1082763695010 1
1 1082763695012 1
1 1082763695013 4
1 1082763695014 1
1 1082763695016 1
1 1082763695017 4
1 1082763695018 1
1 1082763695020 1
1 1082763695021 4
1 1082763695022 1
1 1082763695024 1
1 1082763695025 4
1 1082763695026 1
1 1082763695068 4
1 1082763695069 1
1 1082763695072 4
1 1082763695073 1
1 1082763695076 4
1 1082763695077 1
1 1082763695080 4
1 1082763695081 1
1 1082763695084 4
1 1082763695085 1
1 1082763695088 4
1 1082763695089 1
1 1082763695118 1
1 1082763695119 1
1 1082763695122 1
1 1082763695123 1
1 1082763695126 1
1 1082763695127 1
1 1082763695130 1
1 1082763695131 1
1 1082763695134 1
1 1082763695135 1
1 1082763695138 1
1 1082763695139 1
1 1082763695181 1
1 1082763695182 4
1 1082763695183 1
1 1082763695185 1
1 1082763695186 4
1 1082763695187 1
1 1082763695189 1
1 1082763695190 4
1 1082763695191 1
1 1082763695193 1
1 1082763695194 4
1 1082763695195 1
1 1082763695197 1
1 1082763695198 4
1 1082763695199 1
1 1082763695228 4
1 1082763695229 1
1 1082763695232 4
1 1082763695233 1
1 1082763695236 4
1 1082763695237 1
1 1082763695240 4
1 1082763695241 1
1 1082763695244 4
1 1082763695245 1
1 1082763695248 4
1 1082763695249 1
1 1082763695278 1
1 1082763695279 1
1 1082763695282 1
1 1082763695283 1
1 1082763695286 1
1 1082763695287 1
1 1082763695290 1
1 1082763695291 1
1 1082763695294 1
1 1082763695295 1
1 1082763695298 1
1 1082763695299 1
1 1082763695341 1
1 1082763695342 4
1 1082763695343 1
1 1082763695345 1
1 1082763695346 4
1 1082763695347 1
1 1082763695349 1
1 1082763695350 4
1 1082763695351 1
1 1082763695353 1
1 1082763695354 4
1 1082763695355 1
1 1082763695357 1
1 1082763695358 4
1 1082763695359 1
1 1082763695361 1
1 1082763695362 4
1 1082763695363 1
1 1082763695404 1
1 1082763695405 4
1 1082763695406 1
1 1082763695408 1
1 1082763695409 4
1 1082763695410 1
1 1082763695412 1
1 1082763695413 4
1 1082763695414 1
1 1082763695416 1
1 1082763695417 4
1 1082763695418 1
1 1082763695420 1
1 1082763695421 4
1 1082763695422 1
1 1082763695424 1
1 1082763695425 4
1 1082763695426 1
1 1082763695468 4
1 1082763695469 1
1 1082763695472 4
1 1082763695473 1
1 1082763695476 4
1 1082763695477 1
1 1082763695480 4
1 1082763695481 1
1 1082763695484 4
1 1082763695485 1
1 1082763695488 4
1 1082763695489 1
1 1082763695518 1
1 1082763695519 1
1 1082763695522 1
1 1082763695523 1
1 1082763695526 1
1 1082763695527 1
1 1082763695530 1
1 1082763695531 1
1 1082763695534 1
1 1082763695535 1
1 1082763695538 1
1 1082763695539 1
1 1082763695581 1
1 1082763695582 4
1 1082763695583 1
1 1082763695585 1
1 1082763695586 4
1 1082763695587 1
1 1082763695589 1
1 1082763695590 4
1 1082763695591 1
1 1082763695593 1
1 1082763695594 4
1 1082763695595 1
1 1082763695597 1
1 1082763695598 4
1 1082763695599 1
1 1082763695628 4
1 1082763695629 1
1 1082763695632 4
1 1082763695633 1
1 1082763695636 4
1 1082763695637 1
1 1082763695640 4
1 1082763695641 1
1 1082763695644 4
1 1082763695645 1
1 1082763695648 4
1 1082763695649 1
1 1082763695678 1
1 1082763695679 1
1 1082763695682 1
1 1082763695683 1
1 1082763695686 1
1 1082763695687 1
1 1082763695690 1
1 1082763695691 1
1 1082763695694 1
1 1082763695695 1
1 1082763695698 1
1 1082763695699 1
1 1082763695741 1
1 1082763695742 4
1 1082763695743 1
1 1082763695745 1
1 1082763695746 4
1 1082763695747 1
1 1082763695749 1
1 1082763695750 4
1 1082763695751 1
1 1082763695753 1
1 1082763695754 4
1 1082763695755 1
1 1082763695757 1
1 1082763695758 4
1 1082763695759 1
1 1082763695761 1
1 1082763695762 4
1 1082763695763 1
1 1082763695804 1
1 1082763695805 4
1 1082763695806 1
1 1082763695808 1
1 1082763695809 4
1 1082763695810 1
1 1082763695812 1
1 1082763695813 4
1 1082763695814 1
1 1082763695816 1
1 1082763695817 4
1 1082763695818 1
1 1082763695820 1
1 1082763695821 4
1 1082763695822 1
1 1082763695824 1
1 1082763695825 4
1 1082763695826 1
1 1082763695868 4
1 1082763695869 1
1 1082763695872 4
1 1082763695873 1
1 1082763695876 4
1 1082763695877 1
1 1082763695880 4
1 1082763695881 1
1 1082763695884 4
1 1082763695885 1
1 1082763695888 4
1 1082763695889 1
1 1082763695918 1
1 1082763695919 1
1 1082763695922 1
1 1082763695923 1
1 1082763695926 1
1 1082763695927 1
1 1082763695930 1
1 1082763695931 1
1 1082763695934 1
1 1082763695935 1
1 1082763695938 1
1 1082763695939 1
1 1082763695981 1
1 1082763695982 4
1 1082763695983 1
1 1082763695985 1
1 1082763695986 4
1 1082763695987 1
1 1082763695989 1
1 1082763695990 4
1 1082763695991 1
1 1082763695993 1
1 1082763695994 4
1 1082763695995 1
1 1082763695997 1
1 1082763695998 4
1 1082763695999 1
1 1082763696028 4
1 1082763696029 1
1 1082763696032 4
1 1082763696033 1
1 1082763696036 4
1 1082763696037 1
1 1082763696040 4
1 1082763696041 1
1 1082763696044 4
1 1082763696045 1
1 1082763696048 4
1 1082763696049 1
1 1082763696078 1
1 1082763696079 1
1 1082763696082 1
1 1082763696083 1
1 1082763696086 1
1 1082763696087 1
1 1082763696090 1
1 1082763696091 1
1 1082763696094 1
1 1082763696095 1
1 1082763696098 1
1 1082763696099 1
1 1082763696141 1
1 1082763696142 4
1 1082763696143 1
1 1082763696145 1
1 1082763696146 4
1 1082763696147 1
1 1082763696149 1
1 1082763696150 4
1 1082763696151 1
1 1082763696153 1
1 1082763696154 4
1 1082763696155 1
1 1082763696157 1
1 1082763696158 4
1 1082763696159 1
1 1082763696161 1
1 1082763696162 4
1 1082763696163 1
1 1082763696204 1
1 1082763696205 4
1 1082763696206 1
1 1082763696208 1
1 1082763696209 4
1 1082763696210 1
1 1082763696212 1
1 1082763696213 4
1 1082763696214 1
1 1082763696216 1
1 1082763696217 4
1 1082763696218 1
1 1082763696220 1
1 1082763696221 4
1 1082763696222 1
1 1082763696224 1
1 1082763696225 4
1 1082763696226 1
1 1082763696268 4
1 1082763696269 1
1 1082763696272 4
1 1082763696273 1
1 1082763696276 4
1 1082763696277 1
1 1082763696280 4
1 1082763696281 1
1 1082763696284 4
1 1082763696285 1
1 1082763696288 4
1 1082763696289 1
1 1082763696318 1
1 1082763696319 1
1 1082763696322 1
1 1082763696323 1
1 1082763696326 1
1 1082763696327 1
1 1082763696330 1
1 1082763696331 1
1 1082763696334 1
1 1082763696335 1
1 1082763696338 1
1 1082763696339 1
1 1082763696381 1
1 1082763696382 4
1 1082763696383 1
1 1082763696385 1
1 1082763696386 4
1 1082763696387 1
1 1082763696389 1
1 1082763696390 4
1 1082763696391 1
1 1082763696393 1
1 1082763696394 4
1 1082763696395 1
1 1082763696397 1
1 1082763696398 4
1 1082763696399 1
1 1082763696428 4
1 1082763696429 1
1 1082763696432 4
1 1082763696433 1
1 1082763696436 4
1 1082763696437 1
1 1082763696440 4
1 1082763696441 1
1 1082763696444 4
1 1082763696445 1
1 1082763696448 4
1 1082763696449 1
1 1082763696478 1
1 1082763696479 1
1 1082763696482 1
1 1082763696483 1
1 1082763696486 1
1 1082763696487 1
1 1082763696490 1
1 1082763696491 1
1 1082763696494 1
1 1082763696495 1
1 1082763696498 1
1 1082763696499 1
1 1082763696541 1
1 1082763696542 4
1 1082763696543 1
1 1082763696545 1
1 1082763696546 4
1 1082763696547 1
1 1082763696549 1
1 1082763696550 4
1 1082763696551 1
1 1082763696553 1
1 1082763696554 4
1 1082763696555 1
1 1082763696557 1
1 1082763696558 4
1 1082763696559 1
1 1082763696561 1
1 1082763696562 4
1 1082763696563 1
1 1082763696604 1
1 1082763696605 4
1 1082763696606 1
1 1082763696608 1
1 1082763696609 4
1 1082763696610 1
1 1082763696612 1
1 1082763696613 4
1 1082763696614 1
1 1082763696616 1
1 1082763696617 4
1 1082763696618 1
1 1082763696620 1
1 1082763696621 4
1 1082763696622 1
1 1082763696624 1
1 1082763696625 4
1 1082763696626 1
1 1082763696668 4
1 1082763696669 1
1 1082763696672 4
1 1082763696673 1
1 1082763696676 4
1 1082763696677 1
1 1082763696680 4
1 1082763696681 1
1 1082763696684 4
1 1082763696685 1
1 1082763696688 4
1 1082763696689 1
1 1082763696718 1
1 1082763696719 1
1 1082763696722 1
1 1082763696723 1
1 1082763696726 1
1 1082763696727 1
1 1082763696730 1
1 1082763696731 1
1 1082763696734 1
1 1082763696735 1
1 1082763696738 1
1 1082763696739 1
1 1082763696781 1
1 1082763696782 4
1 1082763696783 1
1 1082763696785 1
1 1082763696786 4
1 1082763696787 1
1 1082763696789 1
1 1082763696790 4
1 1082763696791 1
1 1082763696793 1
1 1082763696794 4
1 1082763696795 1
1 1082763696797 1
1 1082763696798 4
1 1082763696799 1
1 1082763696828 4
1 1082763696829 1
1 1082763696832 4
1 1082763696833 1
1 1082763696836 4
1 1082763696837 1
1 1082763696840 4
1 1082763696841 1
1 1082763696844 4
1 1082763696845 1
1 1082763696848 4
1 1082763696849 1
1 1082763696878 1
1 1082763696879 1
1 1082763696882 1
1 1082763696883 1
1 1082763696886 1
1 1082763696887 1
1 1082763696890 1
1 1082763696891 1
1 1082763696894 1
1 1082763696895 1
1 1082763696898 1
1 1082763696899 1
1 1082763696941 1
1 1082763696942 4
1 1082763696943 1
1 1082763696945 1
1 1082763696946 4
1 1082763696947 1
1 1082763696949 1
1 1082763696950 4
1 1082763696951 1
1 1082763696953 1
1 1082763696954 4
1 1082763696955 1
1 1082763696957 1
1 1082763696958 4
1 1082763696959 1
1 1082763696961 1
1 1082763696962 4
1 1082763696963 1
1 1082763697004 1
1 1082763697005 4
1 1082763697006 1
1 1082763697008 1
1 1082763697009 4
1 1082763697010 1
1 1082763697012 1
1 1082763697013 4
1 1082763697014 1
1 1082763697016 1
1 1082763697017 4
1 1082763697018 1
1 1082763697020 1
1 1082763697021 4
1 1082763697022 1
1 1082763697024 1
1 1082763697025 4
1 1082763697026 1
1 1082763697068 4
1 1082763697069 1
1 1082763697072 4
1 1082763697073 1
1 1082763697076 4
1 1082763697077 1
1 1082763697080 4
1 1082763697081 1
1 1082763697084 4
1 1082763697085 1
1 1082763697088 4
1 1082763697089 1
1 1082763697118 1
1 1082763697119 1
1 1082763697122 1
1 1082763697123 1
1 1082763697126 1
1 1082763697127 1
1 1082763697130 1
1 1082763697131 1
1 1082763697134 1
1 1082763697135 1
1 1082763697138 1
1 1082763697139 1
1 1082763697181 1
1 1082763697182 4
1 1082763697183 1
1 1082763697185 1
1 1082763697186 4
1 1082763697187 1
1 1082763697189 1
1 1082763697190 4
1 1082763697191 1
1 1082763697193 1
1 1082763697194 4
1 1082763697195 1
1 1082763697197 1
1 1082763697198 4
1 1082763697199 1
1 1082763697228 4
1 1082763697229 1
1 1082763697232 4
1 1082763697233 1
1 1082763697236 4
1 1082763697237 1
1 1082763697240 4
1 1082763697241 1
1 1082763697244 4
1 1082763697245 1
1 1082763697248 4
1 1082763697249 1
1 1082763697278 1
1 1082763697279 1
1 1082763697282 1
1 1082763697283 1
1 1082763697286 1
1 1082763697287 1
1 1082763697290 1
1 1082763697291 1
1 1082763697294 1
1 1082763697295 1
1 1082763697298 1
1 1082763697299 1
1 1082763697341 1
1 1082763697342 4
1 1082763697343 1
1 1082763697345 1
1 1082763697346 4
1 1082763697347 1
1 1082763697349 1
1 1082763697350 4
1 1082763697351 1
1 1082763697353 1
1 1082763697354 4
1 1082763697355 1
1 1082763697357 1
1 1082763697358 4
1 1082763697359 1
1 1082763697361 1
1 1082763697362 4
1 1082763697363 1
1 1082763697404 1
1 1082763697405 4
1 1082763697406 1
1 1082763697408 1
1 1082763697409 4
1 1082763697410 1
1 1082763697412 1
1 1082763697413 4
1 1082763697414 1
1 1082763697416 1
1 1082763697417 4
1 1082763697418 1
1 1082763697420 1
1 1082763697421 4
1 1082763697422 1
1 1082763697424 1
1 1082763697425 4
1 1082763697426 1
1 1082763697468 4
1 1082763697469 1
1 1082763697472 4
1 1082763697473 1
1 1082763697476 4
1 1082763697477 1
1 1082763697480 4
1 1082763697481 1
1 1082763697484 4
1 1082763697485 1
1 1082763697488 4
1 1082763697489 1
1 1082763697518 1
1 1082763697519 1
1 1082763697522 1
1 1082763697523 1
1 1082763697526 1
1 1082763697527 1
1 1082763697530 1
1 1082763697531 1
1 1082763697534 1
1 1082763697535 1
1 1082763697538 1
1 1082763697539 1
1 1082763697581 1
1 1082763697582 4
1 1082763697583 1
1 1082763697585 1
1 1082763697586 4
1 1082763697587 1
1 1082763697589 1
1 1082763697590 4
1 1082763697591 1
1 1082763697593 1
1 1082763697594 4
1 1082763697595 1
1 1082763697597 1
1 1082763697598 4
1 1082763697599 1
1 1082763697628 4
1 1082763697629 1
1 1082763697632 4
1 1082763697633 1
1 1082763697636 4
1 1082763697637 1
1 1082763697640 4
1 1082763697641 1
1 1082763697644 4
1 1082763697645 1
1 1082763697648 4
1 1082763697649 1
1 1082763697678 1
1 1082763697679 1
1 1082763697682 1
1 1082763697683 1
1 1082763697686 1
1 1082763697687 1
1 1082763697690 1
1 1082763697691 1
1 1082763697694 1
1 1082763697695 1
1 1082763697698 1
1 1082763697699 1
1 1082763697741 1
1 1082763697742 4
1 1082763697743 1
1 1082763697745 1
1 1082763697746 4
1 1082763697747 1
1 1082763697749 1
1 1082763697750 4
1 1082763697751 1
1 1082763697753 1
1 1082763697754 4
1 1082763697755 1
1 1082763697757 1
1 1082763697758 4
1 1082763697759 1
1 1082763697761 1
1 1082763697762 4
1 1082763697763 1
1 1082763697804 1
1 1082763697805 4
1 1082763697806 1
1 1082763697808 1
1 1082763697809 4
1 1082763697810 1
1 1082763697812 1
1 1082763697813 4
1 1082763697814 1
1 1082763697816 1
1 1082763697817 4
1 1082763697818 1
1 1082763697820 1
1 1082763697821 4
1 1082763697822 1
1 1082763697824 1
1 1082763697825 4
1 1082763697826 1
1 1082763697868 4
1 1082763697869 1
1 1082763697872 4
1 1082763697873 1
1 1082763697876 4
1 1082763697877 1
1 1082763697880 4
1 1082763697881 1
1 1082763697884 4
1 1082763697885 1
1 1082763697888 4
1 1082763697889 1
1 1082763697918 1
1 1082763697919 1
1 1082763697922 1
1 1082763697923 1
1 1082763697926 1
1 1082763697927 1
1 1082763697930 1
1 1082763697931 1
1 1082763697934 1
1 1082763697935 1
1 1082763697938 1
1 1082763697939 1
1 1082763697981 1
1 1082763697982 4
1 1082763697983 1
1 1082763697985 1
1 1082763697986 4
1 1082763697987 1
1 1082763697989 1
1 1082763697990 4
1 1082763697991 1
1 1082763697993 1
1 1082763697994 4
1 1082763697995 1
1 1082763697997 1
1 1082763697998 4
1 1082763697999 1
1 1082763698028 4
1 1082763698029 1
1 1082763698032 4
1 1082763698033 1
1 1082763698036 4
1 1082763698037 1
1 1082763698040 4
1 1082763698041 1
1 1082763698044 4
1 1082763698045 1
1 1082763698048 4
1 1082763698049 1
1 1082763698078 1
1 1082763698079 1
1 1082763698082 1
1 1082763698083 1
1 1082763698086 1
1 1082763698087 1
1 1082763698090 1
1 1082763698091 1
1 1082763698094 1
1 1082763698095 1
1 1082763698098 1
1 1082763698099 1
1 1082763698141 1
1 1082763698142 4
1 1082763698143 1
1 1082763698145 1
1 1082763698146 4
1 1082763698147 1
1 1082763698149 1
1 1082763698150 4
1 1082763698151 1
1 1082763698153 1
1 1082763698154 4
1 1082763698155 1
1 1082763698157 1
1 1082763698158 4
1 1082763698159 1
1 1082763698161 1
1 1082763698162 4
1 1082763698163 1
1 1082763698204 1
1 1082763698205 4
1 1082763698206 1
1 1082763698208 1
1 1082763698209 4
1 1082763698210 1
1 1082763698212 1
1 1082763698213 4
1 1082763698214 1
1 1082763698216 1
1 1082763698217 4
1 1082763698218 1
1 1082763698220 1
1 1082763698221 4
1 1082763698222 1
1 1082763698224 1
1 1082763698225 4
1 1082763698226 1
1 1082763698268 4
1 1082763698269 1
1 1082763698272 4
1 1082763698273 1
1 1082763698276 4
1 1082763698277 1
1 1082763698280 4
1 1082763698281 1
1 1082763698284 4
1 1082763698285 1
1 1082763698288 4
1 1082763698289 1
1 1082763698318 1
1 1082763698319 1
1 1082763698322 1
1 1082763698323 1
1 1082763698326 1
1 1082763698327 1
1 1082763698330 1
1 1082763698331 1
1 1082763698334 1
1 1082763698335 1
1 1082763698338 1
1 1082763698339 1
1 1082763698381 1
1 1082763698382 4
1 1082763698383 1
1 1082763698385 1
1 1082763698386 4
1 1082763698387 1
1 1082763698389 1
1 1082763698390 4
1 1082763698391 1
1 1082763698393 1
1 1082763698394 4
1 1082763698395 1
1 1082763698397 1
1 1082763698398 4
1 1082763698399 1
1 1082763698428 4
1 1082763698429 1
1 1082763698432 4
1 1082763698433 1
1 1082763698436 4
1 1082763698437 1
1 1082763698440 4
1 1082763698441 1
1 1082763698444 4
1 1082763698445 1
1 1082763698448 4
1 1082763698449 1
1 1082763698478 1
1 1082763698479 1
1 1082763698482 1
1 1082763698483 1
1 1082763698486 1
1 1082763698487 1
1 1082763698490 1
1 1082763698491 1
1 1082763698494 1
1 1082763698495 1
1 1082763698498 1
1 1082763698499 1
1 1082763698541 1
1 1082763698542 4
1 1082763698543 1
1 1082763698545 1
1 1082763698546 4
1 1082763698547 1
1 1082763698549 1
1 1082763698550 4
1 1082763698551 1
1 1082763698553 1
1 1082763698554 4
1 1082763698555 1
1 1082763698557 1
1 1082763698558 4
1 1082763698559 1
1 1082763698561 1
1 1082763698562 4
1 1082763698563 1
1 1082763698604 1
1 1082763698605 4
1 1082763698606 1
1 1082763698608 1
1 1082763698609 4
1 1082763698610 1
1 1082763698612 1
1 1082763698613 4
1 1082763698614 1
1 1082763698616 1
1 1082763698617 4
1 1082763698618 1
1 1082763698620 1
1 1082763698621 4
1 1082763698622 1
1 1082763698624 1
1 1082763698625 4
1 1082763698626 1
1 1082763698668 4
1 1082763698669 1
1 1082763698672 4
1 1082763698673 1
1 1082763698676 4
1 1082763698677 1
1 1082763698680 4
1 1082763698681 1
1 1082763698684 4
1 1082763698685 1
1 1082763698688 4
1 1082763698689 1
1 1082763698718 1
1 1082763698719 1
1 1082763698722 1
1 1082763698723 1
1 1082763698726 1
1 1082763698727 1
1 1082763698730 1
1 1082763698731 1
1 1082763698734 1
1 1082763698735 1
1 1082763698738 1
1 1082763698739 1
1 1082763698781 1
1 1082763698782 4
1 1082763698783 1
1 1082763698785 1
1 1082763698786 4
1 1082763698787 1
1 1082763698789 1
1 1082763698790 4
1 1082763698791 1
1 1082763698793 1
1 1082763698794 4
1 1082763698795 1
1 1082763698797 1
1 1082763698798 4
1 1082763698799 1
1 1082763698828 4
1 1082763698829 1
1 1082763698832 4
1 1082763698833 1
1 1082763698836 4
1 1082763698837 1
1 1082763698840 4
1 1082763698841 1
1 1082763698844 4
1 1082763698845 1
1 1082763698848 4
1 1082763698849 1
1 1082763698878 1
1 1082763698879 1
1 1082763698882 1
1 1082763698883 1
1 1082763698886 1
1 1082763698887 1
1 1082763698890 1
1 1082763698891 1
1 1082763698894 1
1 1082763698895 1
1 1082763698898 1
1 1082763698899 1
1 1082763698941 1
1 1082763698942 4
1 1082763698943 1
1 1082763698945 1
1 1082763698946 4
1 1082763698947 1
1 1082763698949 1
1 1082763698950 4
1 1082763698951 1
1 1082763698953 1
1 1082763698954 4
1 1082763698955 1
1 1082763698957 1
1 1082763698958 4
1 1082763698959 1
1 1082763698961 1
1 1082763698962 4
1 1082763698963 1
1 1082763699004 1
1 1082763699005 4
1 1082763699006 1
1 1082763699008 1
1 1082763699009 4
1 1082763699010 1
1 1082763699012 1
1 1082763699013 4
1 1082763699014 1
1 1082763699016 1
1 1082763699017 4
1 1082763699018 1
1 1082763699020 1
1 1082763699021 4
1 1082763699022 1
1 1082763699024 1
1 1082763699025 4
1 1082763699026 1
1 1082763699068 4
1 1082763699069 1
1 1082763699072 4
1 1082763699073 1
1 1082763699076 4
1 1082763699077 1
1 1082763699080 4
1 1082763699081 1
1 1082763699084 4
1 1082763699085 1
1 1082763699088 4
1 1082763699089 1
1 1082763699118 1
1 1082763699119 1
1 1082763699122 1
1 1082763699123 1
1 1082763699126 1
1 1082763699127 1
1 1082763699130 1
1 1082763699131 1
1 1082763699134 1
1 1082763699135 1
1 1082763699138 1
1 1082763699139 1
1 1082763699181 1
1 1082763699182 4
1 1082763699183 1
1 1082763699185 1
1 1082763699186 4
1 1082763699187 1
1 1082763699189 1
1 1082763699190 4
1 1082763699191 1
1 1082763699193 1
1 1082763699194 4
1 1082763699195 1
1 1082763699197 1
1 1082763699198 4
1 1082763699199 1
1 1082763699228 4
1 1082763699229 1
1 1082763699232 4
1 1082763699233 1
1 1082763699236 4
1 1082763699237 1
1 1082763699240 4
1 1082763699241 1
1 1082763699244 4
1 1082763699245 1
1 1082763699248 4
1 1082763699249 1
1 1082763699278 1
1 1082763699279 1
1 1082763699282 1
1 1082763699283 1
1 1082763699286 1
1 1082763699287 1
1 1082763699290 1
1 1082763699291 1
1 1082763699294 1
1 1082763699295 1
1 1082763699298 1
1 1082763699299 1
1 1082763699341 1
1 1082763699342 4
1 1082763699343 1
1 1082763699345 1
1 1082763699346 4
1 1082763699347 1
1 1082763699349 1
1 1082763699350 4
1 1082763699351 1
1 1082763699353 1
1 1082763699354 4
1 1082763699355 1
1 1082763699357 1
1 1082763699358 4
1 1082763699359 1
1 1082763699361 1
1 1082763699362 4
1 1082763699363 1
1 1082763699404 1
1 1082763699405 4
1 1082763699406 1
1 1082763699408 1
1 1082763699409 4
1 1082763699410 1
1 1082763699412 1
1 1082763699413 4
1 1082763699414 1
1 1082763699416 1
1 1082763699417 4
1 1082763699418 1
1 1082763699420 1
1 1082763699421 4
1 1082763699422 1
1 1082763699424 1
1 1082763699425 4
1 1082763699426 1
1 1082763699468 4
1 1082763699469 1
1 1082763699472 4
1 1082763699473 1
1 1082763699476 4
1 1082763699477 1
1 1082763699480 4
1 1082763699481 1
1 1082763699484 4
1 1082763699485 1
1 1082763699488 4
1 1082763699489 1
1 1082763699518 1
1 1082763699519 1
1 1082763699522 1
1 1082763699523 1
1 1082763699526 1
1 1082763699527 1
1 1082763699530 1
1 1082763699531 1
1 1082763699534 1
1 1082763699535 1
1 1082763699538 1
1 1082763699539 1
1 1082763699581 1
1 1082763699582 4
1 1082763699583 1
1 1082763699585 1
1 1082763699586 4
1 1082763699587 1
1 1082763699589 1
1 1082763699590 4
1 1082763699591 1
1 1082763699593 1
1 1082763699594 4
1 1082763699595 1
1 1082763699597 1
1 1082763699598 4
1 1082763699599 1
1 1082763699628 4
1 1082763699629 1
1 1082763699632 4
1 1082763699633 1
1 1082763699636 4
1 1082763699637 1
1 1082763699640 4
1 1082763699641 1
1 1082763699644 4
1 1082763699645 1
1 1082763699648 4
1 1082763699649 1
1 1082763699678 1
1 1082763699679 1
1 1082763699682 1
1 1082763699683 1
1 1082763699686 1
1 1082763699687 1
1 1082763699690 1
1 1082763699691 1
1 1082763699694 1
1 1082763699695 1
1 1082763699698 1
1 1082763699699 1
1 1082763699741 1
1 1082763699742 4
1 1082763699743 1
1 1082763699745 1
1 1082763699746 4
1 1082763699747 1
1 1082763699749 1
1 1082763699750 4
1 1082763699751 1
1 1082763699753 1
1 1082763699754 4
1 1082763699755 1
1 1082763699757 1
1 1082763699758 4
1 1082763699759 1
1 1082763699761 1
1 1082763699762 4
1 1082763699763 1
1 1082763699804 1
1 1082763699805 4
1 1082763699806 1
1 1082763699808 1
1 1082763699809 4
1 1082763699810 1
1 1082763699812 1
1 1082763699813 4
1 1082763699814 1
1 1082763699816 1
1 1082763699817 4
1 1082763699818 1
1 1082763699820 1
1 1082763699821 4
1 1082763699822 1
1 1082763699824 1
1 1082763699825 4
1 1082763699826 1
1 1082763699868 4
1 1082763699869 1
1 1082763699872 4
1 1082763699873 1
1 1082763699876 4
1 1082763699877 1
1 1082763699880 4
1 1082763699881 1
1 1082763699884 4
1 1082763699885 1
1 1082763699888 4
1 1082763699889 1
1 1082763699918 1
1 1082763699919 1
1 1082763699922 1
1 1082763699923 1
1 1082763699926 1
1 1082763699927 1
1 1082763699930 1
1 1082763699931 1
1 1082763699934 1
1 1082763699935 1
1 1082763699938 1
1 1082763699939 1
1 1082763699981 1
1 1082763699982 4
1 1082763699983 1
1 1082763699985 1
1 1082763699986 4
1 1082763699987 1
1 1082763699989 1
1 1082763699990 4
1 1082763699991 1
1 1082763699993 1
1 1082763699994 4
1 1082763699995 1
1 1082763699997 1
1 1082763699998 4
1 1082763699999 1
1 1082763700028 4
1 1082763700029 1
1 1082763700032 4
1 1082763700033 1
1 1082763700036 4
1 1082763700037 1
1 1082763700040 4
1 1082763700041 1
1 1082763700044 4
1 1082763700045 1
1 1082763700048 4
1 1082763700049 1
1 1082763700078 1
1 1082763700079 1
1 1082763700082 1
1 1082763700083 1
1 1082763700086 1
1 1082763700087 1
1 1082763700090 1
1 1082763700091 1
1 1082763700094 1
1 1082763700095 1
1 1082763700098 1
1 1082763700099 1
1 1082763700141 1
1 1082763700142 4
1 1082763700143 1
1 1082763700145 1
1 1082763700146 4
1 1082763700147 1
1 1082763700149 1
1 1082763700150 4
1 1082763700151 1
1 1082763700153 1
1 1082763700154 4
1 1082763700155 1
1 1082763700157 1
1 1082763700158 4
1 1082763700159 1
1 1082763700161 1
1 1082763700162 4
1 1082763700163 1
1 1082763700204 1
1 1082763700205 4
1 1082763700206 1
1 1082763700208 1
1 1082763700209 4
1 1082763700210 1
1 1082763700212 1
1 1082763700213 4
1 1082763700214 1
1 1082763700216 1
1 1082763700217 4
1 1082763700218 1
1 1082763700220 1
1 1082763700221 4
1 1082763700222 1
1 1082763700224 1
1 1082763700225 4
1 1082763700226 1
1 1082763700268 4
1 1082763700269 1
1 1082763700272 4
1 1082763700273 1
1 1082763700276 4
1 1082763700277 1
1 1082763700280 4
1 1082763700281 1
1 1082763700284 4
1 1082763700285 1
1 1082763700288 4
1 1082763700289 1
1 1082763700318 1
1 1082763700319 1
1 1082763700322 1
1 1082763700323 1
1 1082763700326 1
1 1082763700327 1
1 1082763700330 1
1 1082763700331 1
1 1082763700334 1
1 1082763700335 1
1 1082763700338 1
1 1082763700339 1
1 1082763700381 1
1 1082763700382 4
1 1082763700383 1
1 1082763700385 1
1 1082763700386 4
1 1082763700387 1
1 1082763700389 1
1 1082763700390 4
1 1082763700391 1
1 1082763700393 1
1 1082763700394 4
1 1082763700395 1
1 1082763700397 1
1 1082763700398 4
1 1082763700399 1
1 1082763700428 4
1 1082763700429 1
1 1082763700432 4
1 1082763700433 1
1 1082763700436 4
1 1082763700437 1
1 1082763700440 4
1 1082763700441 1
1 1082763700444 4
1 1082763700445 1
1 1082763700448 4
1 1082763700449 1
1 1082763700478 1
1 1082763700479 1
1 1082763700482 1
1 1082763700483 1
1 1082763700486 1
1 1082763700487 1
1 1082763700490 1
1 1082763700491 1
1 1082763700494 1
1 1082763700495 1
1 1082763700498 1
1 1082763700499 1
1 1082763700541 1
1 1082763700542 4
1 1082763700543 1
1 1082763700545 1
1 1082763700546 4
1 1082763700547 1
1 1082763700549 1
1 1082763700550 4
1 1082763700551 1
1 1082763700553 1
1 1082763700554 4
1 1082763700555 1
1 1082763700557 1
1 1082763700558 4
1 1082763700559 1
1 1082763700561 1
1 1082763700562 4
1 1082763700563 1
1 1082763700604 1
1 1082763700605 4
1 1082763700606 1
1 1082763700608 1
1 1082763700609 4
1 1082763700610 1
1 1082763700612 1
1 1082763700613 4
1 1082763700614 1
1 1082763700616 1
1 1082763700617 4
1 1082763700618 1
1 1082763700620 1
1 1082763700621 4
1 1082763700622 1
1 1082763700624 1
1 1082763700625 4
1 1082763700626 1
1 1082763700668 4
1 1082763700669 1
1 1082763700672 4
1 1082763700673 1
1 1082763700676 4
1 1082763700677 1
1 1082763700680 4
1 1082763700681 1
1 1082763700684 4
1 1082763700685 1
1 1082763700688 4
1 1082763700689 1
1 1082763700718 1
1 1082763700719 1
1 1082763700722 1
1 1082763700723 1
1 1082763700726 1
1 1082763700727 1
1 1082763700730 1
1 1082763700731 1
1 1082763700734 1
1 1082763700735 1
1 1082763700738 1
1 1082763700739 1
1 1082763700781 1
1 1082763700782 4
1 1082763700783 1
1 1082763700785 1
1 1082763700786 4
1 1082763700787 1
1 1082763700789 1
1 1082763700790 4
1 1082763700791 1
1 1082763700793 1
1 1082763700794 4
1 1082763700795 1
1 1082763700797 1
1 1082763700798 4
1 1082763700799 1
1 1082763700828 4
1 1082763700829 1
1 1082763700832 4
1 1082763700833 1
1 1082763700836 4
1 1082763700837 1
1 1082763700840 4
1 1082763700841 1
1 1082763700844 4
1 1082763700845 1
1 1082763700848 4
1 1082763700849 1
1 1082763700878 1
1 1082763700879 1
1 1082763700882 1
1 1082763700883 1
1 1082763700886 1
1 1082763700887 1
1 1082763700890 1
1 1082763700891 1
1 1082763700894 1
1 1082763700895 1
1 1082763700898 1
1 1082763700899 1
1 1082763700941 1
1 1082763700942 4
1 1082763700943 1
1 1082763700945 1
1 1082763700946 4
1 1082763700947 1
1 1082763700949 1
1 1082763700950 4
1 1082763700951 1
1 1082763700953 1
1 1082763700954 4
1 1082763700955 1
1 1082763700957 1
1 1082763700958 4
1 1082763700959 1
1 1082763700961 1
1 1082763700962 4
1 1082763700963 1
1 1082763701004 1
1 1082763701005 4
1 1082763701006 1
1 1082763701008 1
1 1082763701009 4
1 1082763701010 1
1 1082763701012 1
1 1082763701013 4
1 1082763701014 1
1 1082763701016 1
1 1082763701017 4
1 1082763701018 1
1 1082763701020 1
1 1082763701021 4
1 1082763701022 1
1 1082763701024 1
1 1082763701025 4
1 1082763701026 1
1 1082763701068 4
1 1082763701069 1
1 1082763701072 4
1 1082763701073 1
1 1082763701076 4
1 1082763701077 1
1 1082763701080 4
1 1082763701081 1
1 1082763701084 4
1 1082763701085 1
1 1082763701088 4
1 1082763701089 1
1 1082763701118 1
1 1082763701119 1
1 1082763701122 1
1 1082763701123 1
1 1082763701126 1
1 1082763701127 1
1 1082763701130 1
1 1082763701131 1
1 1082763701134 1
1 1082763701135 1
1 1082763701138 1
1 1082763701139 1
1 1082763701181 1
1 1082763701182 4
1 1082763701183 1
1 1082763701185 1
1 1082763701186 4
1 1082763701187 1
1 1082763701189 1
1 1082763701190 4
1 1082763701191 1
1 1082763701193 1
1 1082763701194 4
1 1082763701195 1
1 1082763701197 1
1 1082763701198 4
1 1082763701199 1
1 1082763701228 4
1 1082763701229 1
1 1082763701232 4
1 1082763701233 1
1 1082763701236 4
1 1082763701237 1
1 1082763701240 4
1 1082763701241 1
1 1082763701244 4
1 1082763701245 1
1 1082763701248 4
1 1082763701249 1
1 1082763701278 1
1 1082763701279 1
1 1082763701282 1
1 1082763701283 1
1 1082763701286 1
1 1082763701287 1
1 1082763701290 1
1 1082763701291 1
1 1082763701294 1
1 1082763701295 1
1 1082763701298 1
1 1082763701299 1
1 1082763701341 1
1 1082763701342 4
1 1082763701343 1
1 1082763701345 1
1 1082763701346 4
1 1082763701347 1
1 1082763701349 1
1 1082763701350 4
1 1082763701351 1
1 1082763701353 1
1 1082763701354 4
1 1082763701355 1
1 1082763701357 1
1 1082763701358 4
1 1082763701359 1
1 1082763701361 1
1 1082763701362 4
1 1082763701363 1
1 1082763701404 1
1 1082763701405 4
1 1082763701406 1
1 1082763701408 1
1 1082763701409 4
1 1082763701410 1
1 1082763701412 1
1 1082763701413 4
1 1082763701414 1
1 1082763701416 1
1 1082763701417 4
1 1082763701418 1
1 1082763701420 1
1 1082763701421 4
1 1082763701422 1
1 1082763701424 1
1 1082763701425 4
1 1082763701426 1
1 1082763701468 4
1 1082763701469 1
1 1082763701472 4
1 1082763701473 1
1 1082763701476 4
1 1082763701477 1
1 1082763701480 4
1 1082763701481 1
1 1082763701484 4
1 1082763701485 1
1 1082763701488 4
1 1082763701489 1
1 1082763701518 1
1 1082763701519 1
1 1082763701522 1
1 1082763701523 1
1 1082763701526 1
1 1082763701527 1
1 1082763701530 1
1 1082763701531 1
1 1082763701534 1
1 1082763701535 1
1 1082763701538 1
1 1082763701539 1
1 1082763701581 1
1 1082763701582 4
1 1082763701583 1
1 1082763701585 1
1 1082763701586 4
1 1082763701587 1
1 1082763701589 1
1 1082763701590 4
1 1082763701591 1
1 1082763701593 1
1 1082763701594 4
1 1082763701595 1
1 1082763701597 1
1 1082763701598 4
1 1082763701599 1
1 1082763701628 4
1 1082763701629 1
1 1082763701632 4
1 1082763701633 1
1 1082763701636 4
1 1082763701637 1
1 1082763701640 4
1 1082763701641 1
1 1082763701644 4
1 1082763701645 1
1 1082763701648 4
1 1082763701649 1
1 1082763701678 1
1 1082763701679 1
1 1082763701682 1
1 1082763701683 1
1 1082763701686 1
1 1082763701687 1
1 1082763701690 1
1 1082763701691 1
1 1082763701694 1
1 1082763701695 1
1 1082763701698 1
1 1082763701699 1
1 1082763701741 1
1 1082763701742 4
1 1082763701743 1
1 1082763701745 1
1 1082763701746 4
1 1082763701747 1
1 1082763701749 1
1 1082763701750 4
1 1082763701751 1
1 1082763701753 1
1 1082763701754 4
1 1082763701755 1
1 1082763701757 1
1 1082763701758 4
1 1082763701759 1
1 1082763701761 1
1 1082763701762 4
1 1082763701763 1
1 1082763701804 1
1 1082763701805 4
1 1082763701806 1
1 1082763701808 1
1 1082763701809 4
1 1082763701810 1
1 1082763701812 1
1 1082763701813 4
1 1082763701814 1
1 1082763701816 1
1 1082763701817 4
1 1082763701818 1
1 1082763701820 1
1 1082763701821 4
1 1082763701822 1
1 1082763701824 1
1 1082763701825 4
1 1082763701826 1
1 1082763701868 4
1 1082763701869 1
1 1082763701872 4
1 1082763701873 1
1 1082763701876 4
1 1082763701877 1
1 1082763701880 4
1 1082763701881 1
1 1082763701884 4
1 1082763701885 1
1 1082763701888 4
1 1082763701889 1
1 1082763701918 1
1 1082763701919 1
1 1082763701922 1
1 1082763701923 1
1 1082763701926 1
1 1082763701927 1
1 1082763701930 1
1 1082763701931 1
1 1082763701934 1
1 1082763701935 1
1 1082763701938 1
1 1082763701939 1
1 1082763701981 1
1 1082763701982 4
1 1082763701983 1
1 1082763701985 1
1 1082763701986 4
1 1082763701987 1
1 1082763701989 1
1 1082763701990 4
1 1082763701991 1
1 1082763701993 1
1 1082763701994 4
1 1082763701995 1
1 1082763701997 1
1 1082763701998 4
1 1082763701999 1
1 1082763702028 4
1 1082763702029 1
1 1082763702032 4
1 1082763702033 1
1 1082763702036 4
1 1082763702037 1
1 1082763702040 4
1 1082763702041 1
1 1082763702044 4
1 1082763702045 1
1 1082763702048 4
1 1082763702049 1
1 1082763702078 1
1 1082763702079 1
1 1082763702082 1
1 1082763702083 1
1 1082763702086 1
1 1082763702087 1
1 1082763702090 1
1 1082763702091 1
1 1082763702094 1
1 1082763702095 1
1 1082763702098 1
1 1082763702099 1
1 1082763702141 1
1 1082763702142 4
1 1082763702143 1
1 1082763702145 1
1 1082763702146 4
1 1082763702147 1
1 1082763702149 1
1 1082763702150 4
1 1082763702151 1
1 1082763702153 1
1 1082763702154 4
1 1082763702155 1
1 1082763702157 1
1 1082763702158 4
1 1082763702159 1
1 1082763702161 1
1 1082763702162 4
1 1082763702163 1
1 1082763702204 1
1 1082763702205 4
1 1082763702206 1
1 1082763702208 1
1 1082763702209 4
1 1082763702210 1
1 1082763702212 1
1 1082763702213 4
1 1082763702214 1
1 1082763702216 1
1 1082763702217 4
1 1082763702218 1
1 1082763702220 1
1 1082763702221 4
1 1082763702222 1
1 1082763702224 1
1 1082763702225 4
1 1082763702226 1
1 1082763702268 4
1 1082763702269 1
1 1082763702272 4
1 1082763702273 1
1 1082763702276 4
1 1082763702277 1
1 1082763702280 4
1 1082763702281 1
1 1082763702284 4
1 1082763702285 1
1 1082763702288 4
1 1082763702289 1
1 1082763702318 1
1 1082763702319 1
1 1082763702322 1
1 1082763702323 1
1 1082763702326 1
1 1082763702327 1
1 1082763702330 1
1 1082763702331 1
1 1082763702334 1
1 1082763702335 1
1 1082763702338 1
1 1082763702339 1
1 1082763702381 1
1 1082763702382 4
1 1082763702383 1
1 1082763702385 1
1 1082763702386 4
1 1082763702387 1
1 1082763702389 1
1 1082763702390 4
1 1082763702391 1
1 1082763702393 1
1 1082763702394 4
1 1082763702395 1
1 1082763702397 1
1 1082763702398 4
1 1082763702399 1
1 1082763702428 4
1 1082763702429 1
1 1082763702432 4
1 1082763702433 1
1 1082763702436 4
1 1082763702437 1
1 1082763702440 4
1 1082763702441 1
1 1082763702444 4
1 1082763702445 1
1 1082763702448 4
1 1082763702449 1
1 1082763702478 1
1 1082763702479 1
1 1082763702482 1
1 1082763702483 1
1 1082763702486 1
1 1082763702487 1
1 1082763702490 1
1 1082763702491 1
1 1082763702494 1
1 1082763702495 1
1 1082763702498 1
1 1082763702499 1
1 1082763702541 1
1 1082763702542 4
1 1082763702543 1
1 1082763702545 1
1 1082763702546 4
1 1082763702547 1
1 1082763702549 1
1 1082763702550 4
1 1082763702551 1
1 1082763702553 1
1 1082763702554 4
1 1082763702555 1
1 1082763702557 1
1 1082763702558 4
1 1082763702559 1
1 1082763702561 1
1 1082763702562 4
1 1082763702563 1
1 1082763702604 1
1 1082763702605 4
1 1082763702606 1
1 1082763702608 1
1 1082763702609 4
1 1082763702610 1
1 1082763702612 1
1 1082763702613 4
1 1082763702614 1
1 1082763702616 1
1 1082763702617 4
1 1082763702618 1
1 1082763702620 1
1 1082763702621 4
1 1082763702622 1
1 1082763702624 1
1 1082763702625 4
1 1082763702626 1
1 1082763702668 4
1 1082763702669 1
1 1082763702672 4
1 1082763702673 1
1 1082763702676 4
1 1082763702677 1
1 1082763702680 4
1 1082763702681 1
1 1082763702684 4
1 1082763702685 1
1 1082763702688 4
1 1082763702689 1
1 1082763702718 1
1 1082763702719 1
1 1082763702722 1
1 1082763702723 1
1 1082763702726 1
1 1082763702727 1
1 1082763702730 1
1 1082763702731 1
1 1082763702734 1
1 1082763702735 1
1 1082763702738 1
1 1082763702739 1
1 1082763702781 1
1 1082763702782 4
1 1082763702783 1
1 1082763702785 1
1 1082763702786 4
1 1082763702787 1
1 1082763702789 1
1 1082763702790 4
1 1082763702791 1
1 1082763702793 1
1 1082763702794 4
1 1082763702795 1
1 1082763702797 1
1 1082763702798 4
1 1082763702799 1
1 1082763702828 4
1 1082763702829 1
1 1082763702832 4
1 1082763702833 1
1 1082763702836 4
1 1082763702837 1
1 1082763702840 4
1 1082763702841 1
1 1082763702844 4
1 1082763702845 1
1 1082763702848 4
1 1082763702849 1
1 1082763702878 1
1 1082763702879 1
1 1082763702882 1
1 1082763702883 1
1 1082763702886 1
1 1082763702887 1
1 1082763702890 1
1 1082763702891 1
1 1082763702894 1
1 1082763702895 1
1 1082763702898 1
1 1082763702899 1
1 1082763702941 1
1 1082763702942 4
1 1082763702943 1
1 1082763702945 1
1 1082763702946 4
1 1082763702947 1
1 1082763702949 1
1 1082763702950 4
1 1082763702951 1
1 1082763702953 1
1 1082763702954 4
1 1082763702955 1
1 1082763702957 1
1 1082763702958 4
1 1082763702959 1
1 1082763702961 1
1 1082763702962 4
1 1082763702963 1
1 1082763703004 1
1 1082763703005 4
1 1082763703006 1
1 1082763703008 1
1 1082763703009 4
1 1082763703010 1
1 1082763703012 1
1 1082763703013 4
1 1082763703014 1
1 1082763703016 1
1 1082763703017 4
1 1082763703018 1
1 1082763703020 1
1 1082763703021 4
1 1082763703022 1
1 1082763703024 1
1 1082763703025 4
1 1082763703026 1
1 1082763703068 4
1 1082763703069 1
1 1082763703072 4
1 1082763703073 1
1 1082763703076 4
1 1082763703077 1
1 1082763703080 4
1 1082763703081 1
1 1082763703084 4
1 1082763703085 1
1 1082763703088 4
1 1082763703089 1
1 1082763703118 1
1 1082763703119 1
1 1082763703122 1
1 1082763703123 1
1 1082763703126 1
1 1082763703127 1
1 1082763703130 1
1 1082763703131 1
1 1082763703134 1
1 1082763703135 1
1 1082763703138 1
1 1082763703139 1
1 1082763703181 1
1 1082763703182 4
1 1082763703183 1
1 1082763703185 1
1 1082763703186 4
1 1082763703187 1
1 1082763703189 1
1 1082763703190 4
1 1082763703191 1
1 1082763703193 1
1 1082763703194 4
1 1082763703195 1
1 1082763703197 1
1 1082763703198 4
1 1082763703199 1
1 1082763703228 4
1 1082763703229 1
1 1082763703232 4
1 1082763703233 1
1 1082763703236 4
1 1082763703237 1
1 1082763703240 4
1 1082763703241 1
1 1082763703244 4
1 1082763703245 1
1 1082763703248 4
1 1082763703249 1
1 1082763703278 1
1 1082763703279 1
1 1082763703282 1
1 1082763703283 1
1 1082763703286 1
1 1082763703287 1
1 1082763703290 1
1 1082763703291 1
1 1082763703294 1
1 1082763703295 1
1 1082763703298 1
1 1082763703299 1
1 1082763703341 1
1 1082763703342 4
1 1082763703343 1
1 1082763703345 1
1 1082763703346 4
1 1082763703347 1
1 1082763703349 1
1 1082763703350 4
1 1082763703351 1
1 1082763703353 1
1 1082763703354 4
1 1082763703355 1
1 1082763703357 1
1 1082763703358 4
1 1082763703359 1
1 1082763703361 1
1 1082763703362 4
1 1082763703363 1
1 1082763703404 1
1 1082763703405 4
1 1082763703406 1
1 1082763703408 1
1 1082763703409 4
1 1082763703410 1
1 1082763703412 1
1 1082763703413 4
1 1082763703414 1
1 1082763703416 1
1 1082763703417 4
1 1082763703418 1
1 1082763703420 1
1 1082763703421 4
1 1082763703422 1
1 1082763703424 1
1 1082763703425 4
1 1082763703426 1
1 1082763703468 4
1 1082763703469 1
1 1082763703472 4
1 1082763703473 1
1 1082763703476 4
1 1082763703477 1
1 1082763703480 4
1 1082763703481 1
1 1082763703484 4
1 1082763703485 1
1 1082763703488 4
1 1082763703489 1
1 1082763703518 1
1 1082763703519 1
1 1082763703522 1
1 1082763703523 1
1 1082763703526 1
1 1082763703527 1
1 1082763703530 1
1 1082763703531 1
1 1082763703534 1
1 1082763703535 1
1 1082763703538 1
1 1082763703539 1
1 1082763703581 1
1 1082763703582 4
1 1082763703583 1
1 1082763703585 1
1 1082763703586 4
1 1082763703587 1
1 1082763703589 1
1 1082763703590 4
1 1082763703591 1
1 1082763703593 1
1 1082763703594 4
1 1082763703595 1
1 1082763703597 1
1 1082763703598 4
1 1082763703599 1
1 1082763703628 4
1 1082763703629 1
1 1082763703632 4
1 1082763703633 1
1 1082763703636 4
1 1082763703637 1
1 1082763703640 4
1 1082763703641 1
1 1082763703644 4
1 1082763703645 1
1 1082763703648 4
1 1082763703649 1
1 1082763703678 1
1 1082763703679 1
1 1082763703682 1
1 1082763703683 1
1 1082763703686 1
1 1082763703687 1
1 1082763703690 1
1 1082763703691 1
1 1082763703694 1
1 1082763703695 1
1 1082763703698 1
1 1082763703699 1
1 1082763703741 1
1 1082763703742 4
1 1082763703743 1
1 1082763703745 1
1 1082763703746 4
1 1082763703747 1
1 1082763703749 1
1 1082763703750 4
1 1082763703751 1
1 1082763703753 1
1 1082763703754 4
1 1082763703755 1
1 1082763703757 1
1 1082763703758 4
1 1082763703759 1
1 1082763703761 1
1 1082763703762 4
1 1082763703763 1
1 1082763703804 1
1 1082763703805 4
1 1082763703806 1
1 1082763703808 1
1 1082763703809 4
1 1082763703810 1
1 1082763703812 1
1 1082763703813 4
1 1082763703814 1
1 1082763703816 1
1 1082763703817 4
1 1082763703818 1
1 1082763703820 1
1 1082763703821 4
1 1082763703822 1
1 1082763703824 1
1 1082763703825 4
1 1082763703826 1
1 1082763703868 4
1 1082763703869 1
1 1082763703872 4
1 1082763703873 1
1 1082763703876 4
1 1082763703877 1
1 1082763703880 4
1 1082763703881 1
1 1082763703884 4
1 1082763703885 1
1 1082763703888 4
1 1082763703889 1
1 1082763703918 1
1 1082763703919 1
1 1082763703922 1
1 1082763703923 1
1 1082763703926 1
1 1082763703927 1
1 1082763703930 1
1 1082763703931 1
1 1082763703934 1
1 1082763703935 1
1 1082763703938 1
1 1082763703939 1
1 1082763703981 1
1 1082763703982 4
1 1082763703983 1
1 1082763703985 1
1 1082763703986 4
1 1082763703987 1
1 1082763703989 1
1 1082763703990 4
1 1082763703991 1
1 1082763703993 1
1 1082763703994 4
1 1082763703995 1
1 1082763703997 1
1 1082763703998 4
1 1082763703999 1
1 1082763704028 4
1 1082763704029 1
1 1082763704032 4
1 1082763704033 1
1 1082763704036 4
1 1082763704037 1
1 1082763704040 4
1 1082763704041 1
1 1082763704044 4
1 1082763704045 1
1 1082763704048 4
1 1082763704049 1
1 1082763704078 1
1 1082763704079 1
1 1082763704082 1
1 1082763704083 1
1 1082763704086 1
1 1082763704087 1
1 1082763704090 1
1 1082763704091 1
1 1082763704094 1
1 1082763704095 1
1 1082763704098 1
1 1082763704099 1
1 1082763704141 1
1 1082763704142 4
1 1082763704143 1
1 1082763704145 1
1 1082763704146 4
1 1082763704147 1
1 1082763704149 1
1 1082763704150 4
1 1082763704151 1
1 1082763704153 1
1 1082763704154 4
1 1082763704155 1
1 1082763704157 1
1 1082763704158 4
1 1082763704159 1
1 1082763704161 1
1 1082763704162 4
1 1082763704163 1
1 1082763704204 1
1 1082763704205 4
1 1082763704206 1
1 1082763704208 1
1 1082763704209 4
1 1082763704210 1
1 1082763704212 1
1 1082763704213 4
1 1082763704214 1
1 1082763704216 1
1 1082763704217 4
1 1082763704218 1
1 1082763704220 1
1 1082763704221 4
1 1082763704222 1
1 1082763704224 1
1 1082763704225 4
1 1082763704226 1
1 1082763704268 4
1 1082763704269 1
1 1082763704272 4
1 1082763704273 1
1 1082763704276 4
1 1082763704277 1
1 1082763704280 4
1 1082763704281 1
1 1082763704284 4
1 1082763704285 1
1 1082763704288 4
1 1082763704289 1
1 1082763704318 1
1 1082763704319 1
1 1082763704322 1
1 1082763704323 1
1 1082763704326 1
1 1082763704327 1
1 1082763704330 1
1 1082763704331 1
1 1082763704334 1
1 1082763704335 1
1 1082763704338 1
1 1082763704339 1
1 1082763704381 1
1 1082763704382 4
1 1082763704383 1
1 1082763704385 1
1 1082763704386 4
1 1082763704387 1
1 1082763704389 1
1 1082763704390 4
1 1082763704391 1
1 1082763704393 1
1 1082763704394 4
1 1082763704395 1
1 1082763704397 1
1 1082763704398 4
1 1082763704399 1
1 1082763704428 4
1 1082763704429 1
1 1082763704432 4
1 1082763704433 1
1 1082763704436 4
1 1082763704437 1
1 1082763704440 4
1 1082763704441 1
1 1082763704444 4
1 1082763704445 1
1 1082763704448 4
1 1082763704449 1
1 1082763704478 1
1 1082763704479 1
1 1082763704482 1
1 1082763704483 1
1 1082763704486 1
1 1082763704487 1
1 1082763704490 1
1 1082763704491 1
1 1082763704494 1
1 1082763704495 1
1 1082763704498 1
1 1082763704499 1
1 1082763704541 1
1 1082763704542 4
1 1082763704543 1
1 1082763704545 1
1 1082763704546 4
1 1082763704547 1
1 1082763704549 1
1 1082763704550 4
1 1082763704551 1
1 1082763704553 1
1 1082763704554 4
1 1082763704555 1
1 1082763704557 1
1 1082763704558 4
1 1082763704559 1
1 1082763704561 1
1 1082763704562 4
1 1082763704563 1
1 1082763704604 1
1 1082763704605 4
1 1082763704606 1
1 1082763704608 1
1 1082763704609 4
1 1082763704610 1
1 1082763704612 1
1 1082763704613 4
1 1082763704614 1
1 1082763704616 1
1 1082763704617 4
1 1082763704618 1
1 1082763704620 1
1 1082763704621 4
1 1082763704622 1
1 1082763704624 1
1 1082763704625 4
1 1082763704626 1
1 1082763704668 4
1 1082763704669 1
1 1082763704672 4
1 1082763704673 1
1 1082763704676 4
1 1082763704677 1
1 1082763704680 4
1 1082763704681 1
1 1082763704684 4
1 1082763704685 1
1 1082763704688 4
1 1082763704689 1
1 1082763704718 1
1 1082763704719 1
1 1082763704722 1
1 1082763704723 1
1 1082763704726 1
1 1082763704727 1
1 1082763704730 1
1 1082763704731 1
1 1082763704734 1
1 1082763704735 1
1 1082763704738 1
1 1082763704739 1
1 1082763704781 1
1 1082763704782 4
1 1082763704783 1
1 1082763704785 1
1 1082763704786 4
1 1082763704787 1
1 1082763704789 1
1 1082763704790 4
1 1082763704791 1
1 1082763704793 1
1 1082763704794 4
1 1082763704795 1
1 1082763704797 1
1 1082763704798 4
1 1082763704799 1
1 1082763704828 4
1 1082763704829 1
1 1082763704832 4
1 1082763704833 1
1 1082763704836 4
1 1082763704837 1
1 1082763704840 4
1 1082763704841 1
1 1082763704844 4
1 1082763704845 1
1 1082763704848 4
1 1082763704849 1
1 1082763704878 1
1 1082763704879 1
1 1082763704882 1
1 1082763704883 1
1 1082763704886 1
1 1082763704887 1
1 1082763704890 1
1 1082763704891 1
1 1082763704894 1
1 1082763704895 1
1 1082763704898 1
1 1082763704899 1
1 1082763704941 1
1 1082763704942 4
1 1082763704943 1
1 1082763704945 1
1 1082763704946 4
1 1082763704947 1
1 1082763704949 1
1 1082763704950 4
1 1082763704951 1
1 1082763704953 1
1 1082763704954 4
1 1082763704955 1
1 1082763704957 1
1 1082763704958 4
1 1082763704959 1
1 1082763704961 1
1 1082763704962 4
1 1082763704963 1
1 1082763705004 1
1 1082763705005 4
1 1082763705006 1
1 1082763705008 1
1 1082763705009 4
1 1082763705010 1
1 1082763705012 1
1 1082763705013 4
1 1082763705014 1
1 1082763705016 1
1 1082763705017 4
1 1082763705018 1
1 1082763705020 1
1 1082763705021 4
1 1082763705022 1
1 1082763705024 1
1 1082763705025 4
1 1082763705026 1
1 1082763705068 4
1 1082763705069 1
1 1082763705072 4
1 1082763705073 1
1 1082763705076 4
1 1082763705077 1
1 1082763705080 4
1 1082763705081 1
1 1082763705084 4
1 1082763705085 1
1 1082763705088 4
1 1082763705089 1
1 1082763705118 1
1 1082763705119 1
1 1082763705122 1
1 1082763705123 1
1 1082763705126 1
1 1082763705127 1
1 1082763705130 1
1 1082763705131 1
1 1082763705134 1
1 1082763705135 1
1 1082763705138 1
1 1082763705139 1
1 1082763705181 1
1 1082763705182 4
1 1082763705183 1
1 1082763705185 1
1 1082763705186 4
1 1082763705187 1
1 1082763705189 1
1 1082763705190 4
1 1082763705191 1
1 1082763705193 1
1 1082763705194 4
1 1082763705195 1
1 1082763705197 1
1 1082763705198 4
1 1082763705199 1
1 1082763705228 4
1 1082763705229 1
1 1082763705232 4
1 1082763705233 1
1 1082763705236 4
1 1082763705237 1
1 1082763705240 4
1 1082763705241 1
1 1082763705244 4
1 1082763705245 1
1 1082763705248 4
1 1082763705249 1
1 1082763705278 1
1 1082763705279 1
1 1082763705282 1
1 1082763705283 1
1 1082763705286 1
1 1082763705287 1
1 1082763705290 1
1 1082763705291 1
1 1082763705294 1
1 1082763705295 1
1 1082763705298 1
1 1082763705299 1
1 1082763705341 1
1 1082763705342 4
1 1082763705343 1
1 1082763705345 1
1 1082763705346 4
1 1082763705347 1
1 1082763705349 1
1 1082763705350 4
1 1082763705351 1
1 1082763705353 1
1 1082763705354 4
1 1082763705355 1
1 1082763705357 1
1 1082763705358 4
1 1082763705359 1
1 1082763705361 1
1 1082763705362 4
1 1082763705363 1
1 1082763705404 1
1 1082763705405 4
1 1082763705406 1
1 1082763705408 1
1 1082763705409 4
1 1082763705410 1
1 1082763705412 1
1 1082763705413 4
1 1082763705414 1
1 1082763705416 1
1 1082763705417 4
1 1082763705418 1
1 1082763705420 1
1 1082763705421 4
1 1082763705422 1
1 1082763705424 1
1 1082763705425 4
1 1082763705426 1
1 1082763705468 4
1 1082763705469 1
1 1082763705472 4
1 1082763705473 1
1 1082763705476 4
1 1082763705477 1
1 1082763705480 4
1 1082763705481 1
1 1082763705484 4
1 1082763705485 1
1 1082763705488 4
1 1082763705489 1
1 1082763705518 1
1 1082763705519 1
1 1082763705522 1
1 1082763705523 1
1 1082763705526 1
1 1082763705527 1
1 1082763705530 1
1 1082763705531 1
1 1082763705534 1
1 1082763705535 1
1 1082763705538 1
1 1082763705539 1
1 1082763705581 1
1 1082763705582 4
1 1082763705583 1
1 1082763705585 1
1 1082763705586 4
1 1082763705587 1
1 1082763705589 1
1 1082763705590 4
1 1082763705591 1
1 1082763705593 1
1 1082763705594 4
1 1082763705595 1
1 1082763705597 1
1 1082763705598 4
1 1082763705599 1
1 1082763705628 4
1 1082763705629 1
1 1082763705632 4
1 1082763705633 1
1 1082763705636 4
1 1082763705637 1
1 1082763705640 4
1 1082763705641 1
1 1082763705644 4
1 1082763705645 1
1 1082763705648 4
1 1082763705649 1
1 1082763705678 1
1 1082763705679 1
1 1082763705682 1
1 1082763705683 1
1 1082763705686 1
1 1082763705687 1
1 1082763705690 1
1 1082763705691 1
1 1082763705694 1
1 1082763705695 1
1 1082763705698 1
1 1082763705699 1
1 1082763705741 1
1 1082763705742 4
1 1082763705743 1
1 1082763705745 1
1 1082763705746 4
1 1082763705747 1
1 1082763705749 1
1 1082763705750 4
1 1082763705751 1
1 1082763705753 1
1 1082763705754 4
1 1082763705755 1
1 1082763705757 1
1 1082763705758 4
1 1082763705759 1
1 1082763705761 1
1 1082763705762 4
1 1082763705763 1
1 1082763705804 1
1 1082763705805 4
1 1082763705806 1
1 1082763705808 1
1 1082763705809 4
1 1082763705810 1
1 1082763705812 1
1 1082763705813 4
1 1082763705814 1
1 1082763705816 1
1 1082763705817 4
1 1082763705818 1
1 1082763705820 1
1 1082763705821 4
1 1082763705822 1
1 1082763705824 1
1 1082763705825 4
1 1082763705826 1
1 1082763705868 4
1 1082763705869 1
1 1082763705872 4
1 1082763705873 1
1 1082763705876 4
1 1082763705877 1
1 1082763705880 4
1 1082763705881 1
1 1082763705884 4
1 1082763705885 1
1 1082763705888 4
1 1082763705889 1
1 1082763705918 1
1 1082763705919 1
1 1082763705922 1
1 1082763705923 1
1 1082763705926 1
1 1082763705927 1
1 1082763705930 1
1 1082763705931 1
1 1082763705934 1
1 1082763705935 1
1 1082763705938 1
1 1082763705939 1
1 1082763705981 1
1 1082763705982 4
1 1082763705983 1
1 1082763705985 1
1 1082763705986 4
1 1082763705987 1
1 1082763705989 1
1 1082763705990 4
1 1082763705991 1
1 1082763705993 1
1 1082763705994 4
1 1082763705995 1
1 1082763705997 1
1 1082763705998 4
1 1082763705999 1
1 1082763706028 4
1 1082763706029 1
1 1082763706032 4
1 1082763706033 1
1 1082763706036 4
1 1082763706037 1
1 1082763706040 4
1 1082763706041 1
1 1082763706044 4
1 1082763706045 1
1 1082763706048 4
1 1082763706049 1
1 1082763706078 1
1 1082763706079 1
1 1082763706082 1
1 1082763706083 1
1 1082763706086 1
1 1082763706087 1
1 1082763706090 1
1 1082763706091 1
1 1082763706094 1
1 1082763706095 1
1 1082763706098 1
1 1082763706099 1
1 1082763706141 1
1 1082763706142 4
1 1082763706143 1
1 1082763706145 1
1 1082763706146 4
1 1082763706147 1
1 1082763706149 1
1 1082763706150 4
1 1082763706151 1
1 1082763706153 1
1 1082763706154 4
1 1082763706155 1
1 1082763706157 1
1 1082763706158 4
1 1082763706159 1
1 1082763706161 1
1 1082763706162 4
1 1082763706163 1
1 1082763706204 1
1 1082763706205 4
1 1082763706206 1
1 1082763706208 1
1 1082763706209 4
1 1082763706210 1
1 1082763706212 1
1 1082763706213 4
1 1082763706214 1
1 1082763706216 1
1 1082763706217 4
1 1082763706218 1
1 1082763706220 1
1 1082763706221 4
1 1082763706222 1
1 1082763706224 1
1 1082763706225 4
1 1082763706226 1
1 1082763706268 4
1 1082763706269 1
1 1082763706272 4
1 1082763706273 1
1 1082763706276 4
1 1082763706277 1
1 1082763706280 4
1 1082763706281 1
1 1082763706284 4
1 1082763706285 1
1 1082763706288 4
1 1082763706289 1
1 1082763706318 1
1 1082763706319 1
1 1082763706322 1
1 1082763706323 1
1 1082763706326 1
1 1082763706327 1
1 1082763706330 1
1 1082763706331 1
1 1082763706334 1
1 1082763706335 1
1 1082763706338 1
1 1082763706339 1
1 1082763706381 1
1 1082763706382 4
1 1082763706383 1
1 1082763706385 1
1 1082763706386 4
1 1082763706387 1
1 1082763706389 1
1 1082763706390 4
1 1082763706391 1
1 1082763706393 1
1 1082763706394 4
1 1082763706395 1
1 1082763706397 1
1 1082763706398 4
1 1082763706399 1
1 1082763706428 4
1 1082763706429 1
1 1082763706432 4
1 1082763706433 1
1 1082763706436 4
1 1082763706437 1
1 1082763706440 4
1 1082763706441 1
1 1082763706444 4
1 1082763706445 1
1 1082763706448 4
1 1082763706449 1
1 1082763706478 1
1 1082763706479 1
1 1082763706482 1
1 1082763706483 1
1 1082763706486 1
1 1082763706487 1
1 1082763706490 1
1 1082763706491 1
1 1082763706494 1
1 1082763706495 1
1 1082763706498 1
1 1082763706499 1
1 1082763706541 1
1 1082763706542 4
1 1082763706543 1
1 1082763706545 1
1 1082763706546 4
1 1082763706547 1
1 1082763706549 1
1 1082763706550 4
1 1082763706551 1
1 1082763706553 1
1 1082763706554 4
1 1082763706555 1
1 1082763706557 1
1 1082763706558 4
1 1082763706559 1
1 1082763706561 1
1 1082763706562 4
1 1082763706563 1
1 1082763706604 1
1 1082763706605 4
1 1082763706606 1
1 1082763706608 1
1 1082763706609 4
1 1082763706610 1
1 1082763706612 1
1 1082763706613 4
1 1082763706614 1
1 1082763706616 1
1 1082763706617 4
1 1082763706618 1
1 1082763706620 1
1 1082763706621 4
1 1082763706622 1
1 1082763706624 1
1 1082763706625 4
1 1082763706626 1
1 1082763706668 4
1 1082763706669 1
1 1082763706672 4
1 1082763706673 1
1 1082763706676 4
1 1082763706677 1
1 1082763706680 4
1 1082763706681 1
1 1082763706684 4
1 1082763706685 1
1 1082763706688 4
1 1082763706689 1
1 1082763706718 1
1 1082763706719 1
1 1082763706722 1
1 1082763706723 1
1 1082763706726 1
1 1082763706727 1
1 1082763706730 1
1 1082763706731 1
1 1082763706734 1
1 1082763706735 1
1 1082763706738 1
1 1082763706739 1
1 1082763706781 1
1 1082763706782 4
1 1082763706783 1
1 1082763706785 1
1 1082763706786 4
1 1082763706787 1
1 1082763706789 1
1 1082763706790 4
1 1082763706791 1
1 1082763706793 1
1 1082763706794 4
1 1082763706795 1
1 1082763706797 1
1 1082763706798 4
1 1082763706799 1
1 1082763706828 4
1 1082763706829 1
1 1082763706832 4
1 1082763706833 1
1 1082763706836 4
1 1082763706837 1
1 1082763706840 4
1 1082763706841 1
1 1082763706844 4
1 1082763706845 1
1 1082763706848 4
1 1082763706849 1
1 1082763706878 1
1 1082763706879 1
1 1082763706882 1
1 1082763706883 1
1 1082763706886 1
1 1082763706887 1
1 1082763706890 1
1 1082763706891 1
1 1082763706894 1
1 1082763706895 1
1 1082763706898 1
1 1082763706899 1
1 1082763706941 1
1 1082763706942 4
1 1082763706943 1
1 1082763706945 1
1 1082763706946 4
1 1082763706947 1
1 1082763706949 1
1 1082763706950 4
1 1082763706951 1
1 1082763706953 1
1 1082763706954 4
1 1082763706955 1
1 1082763706957 1
1 1082763706958 4
1 1082763706959 1
1 1082763706961 1
1 1082763706962 4
1 1082763706963 1
1 1082763707004 1
1 1082763707005 4
1 1082763707006 1
1 1082763707008 1
1 1082763707009 4
1 1082763707010 1
1 1082763707012 1
1 1082763707013 4
1 1082763707014 1
1 1082763707016 1
1 1082763707017 4
1 1082763707018 1
1 1082763707020 1
1 1082763707021 4
1 1082763707022 1
1 1082763707024 1
1 1082763707025 4
1 1082763707026 1
1 1082763707068 4
1 1082763707069 1
1 1082763707072 4
1 1082763707073 1
1 1082763707076 4
1 1082763707077 1
1 1082763707080 4
1 1082763707081 1
1 1082763707084 4
1 1082763707085 1
1 1082763707088 4
1 1082763707089 1
1 1082763707118 1
1 1082763707119 1
1 1082763707122 1
1 1082763707123 1
1 1082763707126 1
1 1082763707127 1
1 1082763707130 1
1 1082763707131 1
1 1082763707134 1
1 1082763707135 1
1 1082763707138 1
1 1082763707139 1
1 1082763707181 1
1 1082763707182 4
1 1082763707183 1
1 1082763707185 1
1 1082763707186 4
1 1082763707187 1
1 1082763707189 1
1 1082763707190 4
1 1082763707191 1
1 1082763707193 1
1 1082763707194 4
1 1082763707195 1
1 1082763707197 1
1 1082763707198 4
1 1082763707199 1
1 1082763707228 4
1 1082763707229 1
1 1082763707232 4
1 1082763707233 1
1 1082763707236 4
1 1082763707237 1
1 1082763707240 4
1 1082763707241 1
1 1082763707244 4
1 1082763707245 1
1 1082763707248 4
1 1082763707249 1
1 1082763707278 1
1 1082763707279 1
1 1082763707282 1
1 1082763707283 1
1 1082763707286 1
1 1082763707287 1
1 1082763707290 1
1 1082763707291 1
1 1082763707294 1
1 1082763707295 1
1 1082763707298 1
1 1082763707299 1
1 1082763707341 1
1 1082763707342 4
1 1082763707343 1
1 1082763707345 1
1 1082763707346 4
1 1082763707347 1
1 1082763707349 1
1 1082763707350 4
1 1082763707351 1
1 1082763707353 1
1 1082763707354 4
1 1082763707355 1
1 1082763707357 1
1 1082763707358 4
1 1082763707359 1
1 1082763707361 1
1 1082763707362 4
1 1082763707363 1
1 1082763707404 1
1 1082763707405 4
1 1082763707406 1
1 1082763707408 1
1 1082763707409 4
1 1082763707410 1
1 1082763707412 1
1 1082763707413 4
1 1082763707414 1
1 1082763707416 1
1 1082763707417 4
1 1082763707418 1
1 1082763707420 1
1 1082763707421 4
1 1082763707422 1
1 1082763707424 1
1 1082763707425 4
1 1082763707426 1
1 1082763707468 4
1 1082763707469 1
1 1082763707472 4
1 1082763707473 1
1 1082763707476 4
1 1082763707477 1
1 1082763707480 4
1 1082763707481 1
1 1082763707484 4
1 1082763707485 1
1 1082763707488 4
1 1082763707489 1
1 1082763707518 1
1 1082763707519 1
1 1082763707522 1
1 1082763707523 1
1 1082763707526 1
1 1082763707527 1
1 1082763707530 1
1 1082763707531 1
1 1082763707534 1
1 1082763707535 1
1 1082763707538 1
1 1082763707539 1
1 1082763707581 1
1 1082763707582 4
1 1082763707583 1
1 1082763707585 1
1 1082763707586 4
1 1082763707587 1
1 1082763707589 1
1 1082763707590 4
1 1082763707591 1
1 1082763707593 1
1 1082763707594 4
1 1082763707595 1
1 1082763707597 1
1 1082763707598 4
1 1082763707599 1
1 1082763707628 4
1 1082763707629 1
1 1082763707632 4
1 1082763707633 1
1 1082763707636 4
1 1082763707637 1
1 1082763707640 4
1 1082763707641 1
1 1082763707644 4
1 1082763707645 1
1 1082763707648 4
1 1082763707649 1
1 1082763707678 1
1 1082763707679 1
1 1082763707682 1
1 1082763707683 1
1 1082763707686 1
1 1082763707687 1
1 1082763707690 1
1 1082763707691 1
1 1082763707694 1
1 1082763707695 1
1 1082763707698 1
1 1082763707699 1
1 1082763707741 1
1 1082763707742 4
1 1082763707743 1
1 1082763707745 1
1 1082763707746 4
1 1082763707747 1
1 1082763707749 1
1 1082763707750 4
1 1082763707751 1
1 1082763707753 1
1 1082763707754 4
1 1082763707755 1
1 1082763707757 1
1 1082763707758 4
1 1082763707759 1
1 1082763707761 1
1 1082763707762 4
1 1082763707763 1
1 1082763707804 1
1 1082763707805 4
1 1082763707806 1
1 1082763707808 1
1 1082763707809 4
1 1082763707810 1
1 1082763707812 1
1 1082763707813 4
1 1082763707814 1
1 1082763707816 1
1 1082763707817 4
1 1082763707818 1
1 1082763707820 1
1 1082763707821 4
1 1082763707822 1
1 1082763707824 1
1 1082763707825 4
1 1082763707826 1
1 1082763707868 4
1 1082763707869 1
1 1082763707872 4
1 1082763707873 1
1 1082763707876 4
1 1082763707877 1
1 1082763707880 4
1 1082763707881 1
1 1082763707884 4
1 1082763707885 1
1 1082763707888 4
1 1082763707889 1
1 1082763707918 1
1 1082763707919 1
1 1082763707922 1
1 1082763707923 1
1 1082763707926 1
1 1082763707927 1
1 1082763707930 1
1 1082763707931 1
1 1082763707934 1
1 1082763707935 1
1 1082763707938 1
1 1082763707939 1
1 1082763707981 1
1 1082763707982 4
1 1082763707983 1
1 1082763707985 1
1 1082763707986 4
1 1082763707987 1
1 1082763707989 1
1 1082763707990 4
1 1082763707991 1
1 1082763707993 1
1 1082763707994 4
1 1082763707995 1
1 1082763707997 1
1 1082763707998 4
1 1082763707999 1
1 1082763708028 4
1 1082763708029 1
1 1082763708032 4
1 1082763708033 1
1 1082763708036 4
1 1082763708037 1
1 1082763708040 4
1 1082763708041 1
1 1082763708044 4
1 1082763708045 1
1 1082763708048 4
1 1082763708049 1
1 1082763708078 1
1 1082763708079 1
1 1082763708082 1
1 1082763708083 1
1 1082763708086 1
1 1082763708087 1
1 1082763708090 1
1 1082763708091 1
1 1082763708094 1
1 1082763708095 1
1 1082763708098 1
1 1082763708099 1
1 1082763708141 1
1 1082763708142 4
1 1082763708143 1
1 1082763708145 1
1 1082763708146 4
1 1082763708147 1
1 1082763708149 1
1 1082763708150 4
1 1082763708151 1
1 1082763708153 1
1 1082763708154 4
1 1082763708155 1
1 1082763708157 1
1 1082763708158 4
1 1082763708159 1
1 1082763708161 1
1 1082763708162 4
1 1082763708163 1
1 1082763708204 1
1 1082763708205 4
1 1082763708206 1
1 1082763708208 1
1 1082763708209 4
1 1082763708210 1
1 1082763708212 1
1 1082763708213 4
1 1082763708214 1
1 1082763708216 1
1 1082763708217 4
1 1082763708218 1
1 1082763708220 1
1 1082763708221 4
1 1082763708222 1
1 1082763708224 1
1 1082763708225 4
1 1082763708226 1
1 1082763708268 4
1 1082763708269 1
1 1082763708272 4
1 1082763708273 1
1 1082763708276 4
1 1082763708277 1
1 1082763708280 4
1 1082763708281 1
1 1082763708284 4
1 1082763708285 1
1 1082763708288 4
1 1082763708289 1
1 1082763708318 1
1 1082763708319 1
1 1082763708322 1
1 1082763708323 1
1 1082763708326 1
1 1082763708327 1
1 1082763708330 1
1 1082763708331 1
1 1082763708334 1
1 1082763708335 1
1 1082763708338 1
1 1082763708339 1
1 1082763708381 1
1 1082763708382 4
1 1082763708383 1
1 1082763708385 1
1 1082763708386 4
1 1082763708387 1
1 1082763708389 1
1 1082763708390 4
1 1082763708391 1
1 1082763708393 1
1 1082763708394 4
1 1082763708395 1
1 1082763708397 1
1 1082763708398 4
1 1082763708399 1
1 1082763708428 4
1 1082763708429 1
1 1082763708432 4
1 1082763708433 1
1 1082763708436 4
1 1082763708437 1
1 1082763708440 4
1 1082763708441 1
1 1082763708444 4
1 1082763708445 1
1 1082763708448 4
1 1082763708449 1
1 1082763708478 1
1 1082763708479 1
1 1082763708482 1
1 1082763708483 1
1 1082763708486 1
1 1082763708487 1
1 1082763708490 1
1 1082763708491 1
1 1082763708494 1
1 1082763708495 1
1 1082763708498 1
1 1082763708499 1
1 1082763708541 1
1 1082763708542 4
1 1082763708543 1
1 1082763708545 1
1 1082763708546 4
1 1082763708547 1
1 1082763708549 1
1 1082763708550 4
1 1082763708551 1
1 1082763708553 1
1 1082763708554 4
1 1082763708555 1
1 1082763708557 1
1 1082763708558 4
1 1082763708559 1
1 1082763708561 1
1 1082763708562 4
1 1082763708563 1
1 1082763708604 1
1 1082763708605 4
1 1082763708606 1
1 1082763708608 1
1 1082763708609 4
1 1082763708610 1
1 1082763708612 1
1 1082763708613 4
1 1082763708614 1
1 1082763708616 1
1 1082763708617 4
1 1082763708618 1
1 1082763708620 1
1 1082763708621 4
1 1082763708622 1
1 1082763708624 1
1 1082763708625 4
1 1082763708626 1
1 1082763708668 4
1 1082763708669 1
1 1082763708672 4
1 1082763708673 1
1 1082763708676 4
1 1082763708677 1
1 1082763708680 4
1 1082763708681 1
1 1082763708684 4
1 1082763708685 1
1 1082763708688 4
1 1082763708689 1
1 1082763708718 1
1 1082763708719 1
1 1082763708722 1
1 1082763708723 1
1 1082763708726 1
1 1082763708727 1
1 1082763708730 1
1 1082763708731 1
1 1082763708734 1
1 1082763708735 1
1 1082763708738 1
1 1082763708739 1
1 1082763708781 1
1 1082763708782 4
1 1082763708783 1
1 1082763708785 1
1 1082763708786 4
1 1082763708787 1
1 1082763708789 1
1 1082763708790 4
1 1082763708791 1
1 1082763708793 1
1 1082763708794 4
1 1082763708795 1
1 1082763708797 1
1 1082763708798 4
1 1082763708799 1
1 1082763708828 4
1 1082763708829 1
1 1082763708832 4
1 1082763708833 1
1 1082763708836 4
1 1082763708837 1
1 1082763708840 4
1 1082763708841 1
1 1082763708844 4
1 1082763708845 1
1 1082763708848 4
1 1082763708849 1
1 1082763708878 1
1 1082763708879 1
1 1082763708882 1
1 1082763708883 1
1 1082763708886 1
1 1082763708887 1
1 1082763708890 1
1 1082763708891 1
1 1082763708894 1
1 1082763708895 1
1 1082763708898 1
1 1082763708899 1
1 1082763708941 1
1 1082763708942 4
1 1082763708943 1
1 1082763708945 1
1 1082763708946 4
1 1082763708947 1
1 1082763708949 1
1 1082763708950 4
1 1082763708951 1
1 1082763708953 1
1 1082763708954 4
1 1082763708955 1
1 1082763708957 1
1 1082763708958 4
1 1082763708959 1
1 1082763708961 1
1 1082763708962 4
1 1082763708963 1
1 1082763709004 1
1 1082763709005 4
1 1082763709006 1
1 1082763709008 1
1 1082763709009 4
1 1082763709010 1
1 1082763709012 1
1 1082763709013 4
1 1082763709014 1
1 1082763709016 1
1 1082763709017 4
1 1082763709018 1
1 1082763709020 1
1 1082763709021 4
1 1082763709022 1
1 1082763709024 1
1 1082763709025 4
1 1082763709026 1
1 1082763709068 4
1 1082763709069 1
1 1082763709072 4
1 1082763709073 1
1 1082763709076 4
1 1082763709077 1
1 1082763709080 4
1 1082763709081 1
1 1082763709084 4
1 1082763709085 1
1 1082763709088 4
1 1082763709089 1
1 1082763709118 1
1 1082763709119 1
1 1082763709122 1
1 1082763709123 1
1 1082763709126 1
1 1082763709127 1
1 1082763709130 1
1 1082763709131 1
1 1082763709134 1
1 1082763709135 1
1 1082763709138 1
1 1082763709139 1
1 1082763709181 1
1 1082763709182 4
1 1082763709183 1
1 1082763709185 1
1 1082763709186 4
1 1082763709187 1
1 1082763709189 1
1 1082763709190 4
1 1082763709191 1
1 1082763709193 1
1 1082763709194 4
1 1082763709195 1
1 1082763709197 1
1 1082763709198 4
1 1082763709199 1
1 1082763709228 4
1 1082763709229 1
1 1082763709232 4
1 1082763709233 1
1 1082763709236 4
1 1082763709237 1
1 1082763709240 4
1 1082763709241 1
1 1082763709244 4
1 1082763709245 1
1 1082763709248 4
1 1082763709249 1
1 1082763709278 1
1 1082763709279 1
1 1082763709282 1
1 1082763709283 1
1 1082763709286 1
1 1082763709287 1
1 1082763709290 1
1 1082763709291 1
1 1082763709294 1
1 1082763709295 1
1 1082763709298 1
1 1082763709299 1
1 1082763709341 1
1 1082763709342 4
1 1082763709343 1
1 1082763709345 1
1 1082763709346 4
1 1082763709347 1
1 1082763709349 1
1 1082763709350 4
1 1082763709351 1
1 1082763709353 1
1 1082763709354 4
1 1082763709355 1
1 1082763709357 1
1 1082763709358 4
1 1082763709359 1
1 1082763709361 1
1 1082763709362 4
1 1082763709363 1
1 1082763709404 1
1 1082763709405 4
1 1082763709406 1
1 1082763709408 1
1 1082763709409 4
1 1082763709410 1
1 1082763709412 1
1 1082763709413 4
1 1082763709414 1
1 1082763709416 1
1 1082763709417 4
1 1082763709418 1
1 1082763709420 1
1 1082763709421 4
1 1082763709422 1
1 1082763709424 1
1 1082763709425 4
1 1082763709426 1
1 1082763709468 4
1 1082763709469 1
1 1082763709472 4
1 1082763709473 1
1 1082763709476 4
1 1082763709477 1
1 1082763709480 4
1 1082763709481 1
1 1082763709484 4
1 1082763709485 1
1 1082763709488 4
1 1082763709489 1
1 1082763709518 1
1 1082763709519 1
1 1082763709522 1
1 1082763709523 1
1 1082763709526 1
1 1082763709527 1
1 1082763709530 1
1 1082763709531 1
1 1082763709534 1
1 1082763709535 1
1 1082763709538 1
1 1082763709539 1
1 1082763709581 1
1 1082763709582 4
1 1082763709583 1
1 1082763709585 1
1 1082763709586 4
1 1082763709587 1
1 1082763709589 1
1 1082763709590 4
1 1082763709591 1
1 1082763709593 1
1 1082763709594 4
1 1082763709595 1
1 1082763709597 1
1 1082763709598 4
1 1082763709599 1
1 1082763709628 4
1 1082763709629 1
1 1082763709632 4
1 1082763709633 1
1 1082763709636 4
1 1082763709637 1
1 1082763709640 4
1 1082763709641 1
1 1082763709644 4
1 1082763709645 1
1 1082763709648 4
1 1082763709649 1
1 1082763709678 1
1 1082763709679 1
1 1082763709682 1
1 1082763709683 1
1 1082763709686 1
1 1082763709687 1
1 1082763709690 1
1 1082763709691 1
1 1082763709694 1
1 1082763709695 1
1 1082763709698 1
1 1082763709699 1
1 1082763709741 1
1 1082763709742 4
1 1082763709743 1
1 1082763709745 1
1 1082763709746 4
1 1082763709747 1
1 1082763709749 1
1 1082763709750 4
1 1082763709751 1
1 1082763709753 1
1 1082763709754 4
1 1082763709755 1
1 1082763709757 1
1 1082763709758 4
1 1082763709759 1
1 1082763709761 1
1 1082763709762 4
1 1082763709763 1
1 1082763709804 1
1 1082763709805 4
1 1082763709806 1
1 1082763709808 1
1 1082763709809 4
1 1082763709810 1
1 1082763709812 1
1 1082763709813 4
1 1082763709814 1
1 1082763709816 1
1 1082763709817 4
1 1082763709818 1
1 1082763709820 1
1 1082763709821 4
1 1082763709822 1
1 1082763709824 1
1 1082763709825 4
1 1082763709826 1
1 1082763709868 4
1 1082763709869 1
1 1082763709872 4
1 1082763709873 1
1 1082763709876 4
1 1082763709877 1
1 1082763709880 4
1 1082763709881 1
1 1082763709884 4
1 1082763709885 1
1 1082763709888 4
1 1082763709889 1
1 1082763709918 1
1 1082763709919 1
1 1082763709922 1
1 1082763709923 1
1 1082763709926 1
1 1082763709927 1
1 1082763709930 1
1 1082763709931 1
1 1082763709934 1
1 1082763709935 1
1 1082763709938 1
1 1082763709939 1
1 1082763709981 1
1 1082763709982 4
1 1082763709983 1
1 1082763709985 1
1 1082763709986 4
1 1082763709987 1
1 1082763709989 1
1 1082763709990 4
1 1082763709991 1
1 1082763709993 1
1 1082763709994 4
1 1082763709995 1
1 1082763709997 1
1 1082763709998 4
1 1082763709999 1
1 1082763710028 4
1 1082763710029 1
1 1082763710032 4
1 1082763710033 1
1 1082763710036 4
1 1082763710037 1
1 1082763710040 4
1 1082763710041 1
1 1082763710044 4
1 1082763710045 1
1 1082763710048 4
1 1082763710049 1
1 1082763710078 1
1 1082763710079 1
1 1082763710082 1
1 1082763710083 1
1 1082763710086 1
1 1082763710087 1
1 1082763710090 1
1 1082763710091 1
1 1082763710094 1
1 1082763710095 1
1 1082763710098 1
1 1082763710099 1
1 1082763710141 1
1 1082763710142 4
1 1082763710143 1
1 1082763710145 1
1 1082763710146 4
1 1082763710147 1
1 1082763710149 1
1 1082763710150 4
1 1082763710151 1
1 1082763710153 1
1 1082763710154 4
1 1082763710155 1
1 1082763710157 1
1 1082763710158 4
1 1082763710159 1
1 1082763710161 1
1 1082763710162 4
1 1082763710163 1
1 1082763710204 1
1 1082763710205 4
1 1082763710206 1
1 1082763710208 1
1 1082763710209 4
1 1082763710210 1
1 1082763710212 1
1 1082763710213 4
1 1082763710214 1
1 1082763710216 1
1 1082763710217 4
1 1082763710218 1
1 1082763710220 1
1 1082763710221 4
1 1082763710222 1
1 1082763710224 1
1 1082763710225 4
1 1082763710226 1
1 1082763710268 4
1 1082763710269 1
1 1082763710272 4
1 1082763710273 1
1 1082763710276 4
1 1082763710277 1
1 1082763710280 4
1 1082763710281 1
1 1082763710284 4
1 1082763710285 1
1 1082763710288 4
1 1082763710289 1
1 1082763710318 1
1 1082763710319 1
1 1082763710322 1
1 1082763710323 1
1 1082763710326 1
1 1082763710327 1
1 1082763710330 1
1 1082763710331 1
1 1082763710334 1
1 1082763710335 1
1 1082763710338 1
1 1082763710339 1
1 1082763710381 1
1 1082763710382 4
1 1082763710383 1
1 1082763710385 1
1 1082763710386 4
1 1082763710387 1
1 1082763710389 1
1 1082763710390 4
1 1082763710391 1
1 1082763710393 1
1 1082763710394 4
1 1082763710395 1
1 1082763710397 1
1 1082763710398 4
1 1082763710399 1
1 1082763710428 4
1 1082763710429 1
1 1082763710432 4
1 1082763710433 1
1 1082763710436 4
1 1082763710437 1
1 1082763710440 4
1 1082763710441 1
1 1082763710444 4
1 1082763710445 1
1 1082763710448 4
1 1082763710449 1
1 1082763710478 1
1 1082763710479 1
1 1082763710482 1
1 1082763710483 1
1 1082763710486 1
1 1082763710487 1
1 1082763710490 1
1 1082763710491 1
1 1082763710494 1
1 1082763710495 1
1 1082763710498 1
1 1082763710499 1
1 1082763710541 1
1 1082763710542 4
1 1082763710543 1
1 1082763710545 1
1 1082763710546 4
1 1082763710547 1
1 1082763710549 1
1 1082763710550 4
1 1082763710551 1
1 1082763710553 1
1 1082763710554 4
1 1082763710555 1
1 1082763710557 1
1 1082763710558 4
1 1082763710559 1
1 1082763710561 1
1 1082763710562 4
1 1082763710563 1
1 1082763710604 1
1 1082763710605 4
1 1082763710606 1
1 1082763710608 1
1 1082763710609 4
1 1082763710610 1
1 1082763710612 1
1 1082763710613 4
1 1082763710614 1
1 1082763710616 1
1 1082763710617 4
1 1082763710618 1
1 1082763710620 1
1 1082763710621 4
1 1082763710622 1
1 1082763710624 1
1 1082763710625 4
1 1082763710626 1
1 1082763710668 4
1 1082763710669 1
1 1082763710672 4
1 1082763710673 1
1 1082763710676 4
1 1082763710677 1
1 1082763710680 4
1 1082763710681 1
1 1082763710684 4
1 1082763710685 1
1 1082763710688 4
1 1082763710689 1
1 1082763710718 1
1 1082763710719 1
1 1082763710722 1
1 1082763710723 1
1 1082763710726 1
1 1082763710727 1
1 1082763710730 1
1 1082763710731 1
1 1082763710734 1
1 1082763710735 1
1 1082763710738 1
1 1082763710739 1
1 1082763710781 1
1 1082763710782 4
1 1082763710783 1
1 1082763710785 1
1 1082763710786 4
1 1082763710787 1
1 1082763710789 1
1 1082763710790 4
1 1082763710791 1
1 1082763710793 1
1 1082763710794 4
1 1082763710795 1
1 1082763710797 1
1 1082763710798 4
1 1082763710799 1
1 1082763710828 4
1 1082763710829 1
1 1082763710832 4
1 1082763710833 1
1 1082763710836 4
1 1082763710837 1
1 1082763710840 4
1 1082763710841 1
1 1082763710844 4
1 1082763710845 1
1 1082763710848 4
1 1082763710849 1
1 1082763710878 1
1 1082763710879 1
1 1082763710882 1
1 1082763710883 1
1 1082763710886 1
1 1082763710887 1
1 1082763710890 1
1 1082763710891 1
1 1082763710894 1
1 1082763710895 1
1 1082763710898 1
1 1082763710899 1
1 1082763710941 1
1 1082763710942 4
1 1082763710943 1
1 1082763710945 1
1 1082763710946 4
1 1082763710947 1
1 1082763710949 1
1 1082763710950 4
1 1082763710951 1
1 1082763710953 1
1 1082763710954 4
1 1082763710955 1
1 1082763710957 1
1 1082763710958 4
1 1082763710959 1
1 1082763710961 1
1 1082763710962 4
1 1082763710963 1
1 1082763711004 1
1 1082763711005 4
1 1082763711006 1
1 1082763711008 1
1 1082763711009 4
1 1082763711010 1
1 1082763711012 1
1 1082763711013 4
1 1082763711014 1
1 1082763711016 1
1 1082763711017 4
1 1082763711018 1
1 1082763711020 1
1 1082763711021 4
1 1082763711022 1
1 1082763711024 1
1 1082763711025 4
1 1082763711026 1
1 1082763711068 4
1 1082763711069 1
1 1082763711072 4
1 1082763711073 1
1 1082763711076 4
1 1082763711077 1
1 1082763711080 4
1 1082763711081 1
1 1082763711084 4
1 1082763711085 1
1 1082763711088 4
1 1082763711089 1
1 1082763711118 1
1 1082763711119 1
1 1082763711122 1
1 1082763711123 1
1 1082763711126 1
1 1082763711127 1
1 1082763711130 1
1 1082763711131 1
1 1082763711134 1
1 1082763711135 1
1 1082763711138 1
1 1082763711139 1
1 1082763711181 1
1 1082763711182 4
1 1082763711183 1
1 1082763711185 1
1 1082763711186 4
1 1082763711187 1
1 1082763711189 1
1 1082763711190 4
1 1082763711191 1
1 1082763711193 1
1 1082763711194 4
1 1082763711195 1
1 1082763711197 1
1 1082763711198 4
1 1082763711199 1
1 1082763711228 4
1 1082763711229 1
1 1082763711232 4
1 1082763711233 1
1 1082763711236 4
1 1082763711237 1
1 1082763711240 4
1 1082763711241 1
1 1082763711244 4
1 1082763711245 1
1 1082763711248 4
1 1082763711249 1
1 1082763711278 1
1 1082763711279 1
1 1082763711282 1
1 1082763711283 1
1 1082763711286 1
1 1082763711287 1
1 1082763711290 1
1 1082763711291 1
1 1082763711294 1
1 1082763711295 1
1 1082763711298 1
1 1082763711299 1
1 1082763711341 1
1 1082763711342 4
1 1082763711343 1
1 1082763711345 1
1 1082763711346 4
1 1082763711347 1
1 1082763711349 1
1 1082763711350 4
1 1082763711351 1
1 1082763711353 1
1 1082763711354 4
1 1082763711355 1
1 1082763711357 1
1 1082763711358 4
1 1082763711359 1
1 1082763711361 1
1 1082763711362 4
1 1082763711363 1
1 1082763711404 1
1 1082763711405 4
1 1082763711406 1
1 1082763711408 1
1 1082763711409 4
1 1082763711410 1
1 1082763711412 1
1 1082763711413 4
1 1082763711414 1
1 1082763711416 1
1 1082763711417 4
1 1082763711418 1
1 1082763711420 1
1 1082763711421 4
1 1082763711422 1
1 1082763711424 1
1 1082763711425 4
1 1082763711426 1
1 1082763711468 4
1 1082763711469 1
1 1082763711472 4
1 1082763711473 1
1 1082763711476 4
1 1082763711477 1
1 1082763711480 4
1 1082763711481 1
1 1082763711484 4
1 1082763711485 1
1 1082763711488 4
1 1082763711489 1
1 1082763711518 1
1 1082763711519 1
1 1082763711522 1
1 1082763711523 1
1 1082763711526 1
1 1082763711527 1
1 1082763711530 1
1 1082763711531 1
1 1082763711534 1
1 1082763711535 1
1 1082763711538 1
1 1082763711539 1
1 1082763711581 1
1 1082763711582 4
1 1082763711583 1
1 1082763711585 1
1 1082763711586 4
1 1082763711587 1
1 1082763711589 1
1 1082763711590 4
1 1082763711591 1
1 1082763711593 1
1 1082763711594 4
1 1082763711595 1
1 1082763711597 1
1 1082763711598 4
1 1082763711599 1
1 1082763711628 4
1 1082763711629 1
1 1082763711632 4
1 1082763711633 1
1 1082763711636 4
1 1082763711637 1
1 1082763711640 4
1 1082763711641 1
1 1082763711644 4
1 1082763711645 1
1 1082763711648 4
1 1082763711649 1
1 1082763711678 1
1 1082763711679 1
1 1082763711682 1
1 1082763711683 1
1 1082763711686 1
1 1082763711687 1
1 1082763711690 1
1 1082763711691 1
1 1082763711694 1
1 1082763711695 1
1 1082763711698 1
1 1082763711699 1
1 1082763711741 1
1 1082763711742 4
1 1082763711743 1
1 1082763711745 1
1 1082763711746 4
1 1082763711747 1
1 1082763711749 1
1 1082763711750 4
1 1082763711751 1
1 1082763711753 1
1 1082763711754 4
1 1082763711755 1
1 1082763711757 1
1 1082763711758 4
1 1082763711759 1
1 1082763711761 1
1 1082763711762 4
1 1082763711763 1
1 1082763711804 1
1 1082763711805 4
1 1082763711806 1
1 1082763711808 1
1 1082763711809 4
1 1082763711810 1
1 1082763711812 1
1 1082763711813 4
1 1082763711814 1
1 1082763711816 1
1 1082763711817 4
1 1082763711818 1
1 1082763711820 1
1 1082763711821 4
1 1082763711822 1
1 1082763711824 1
1 1082763711825 4
1 1082763711826 1
1 1082763711868 4
1 1082763711869 1
1 1082763711872 4
1 1082763711873 1
1 1082763711876 4
1 1082763711877 1
1 1082763711880 4
1 1082763711881 1
1 1082763711884 4
1 1082763711885 1
1 1082763711888 4
1 1082763711889 1
1 1082763711918 1
1 1082763711919 1
1 1082763711922 1
1 1082763711923 1
1 1082763711926 1
1 1082763711927 1
1 1082763711930 1
1 1082763711931 1
1 1082763711934 1
1 1082763711935 1
1 1082763711938 1
1 1082763711939 1
1 1082763711981 1
1 1082763711982 4
1 1082763711983 1
1 1082763711985 1
1 1082763711986 4
1 1082763711987 1
1 1082763711989 1
1 1082763711990 4
1 1082763711991 1
1 1082763711993 1
1 1082763711994 4
1 1082763711995 1
1 1082763711997 1
1 1082763711998 4
1 1082763711999 1
1 1082763712028 4
1 1082763712029 1
1 1082763712032 4
1 1082763712033 1
1 1082763712036 4
1 1082763712037 1
1 1082763712040 4
1 1082763712041 1
1 1082763712044 4
1 1082763712045 1
1 1082763712048 4
1 1082763712049 1
1 1082763712078 1
1 1082763712079 1
1 1082763712082 1
1 1082763712083 1
1 1082763712086 1
1 1082763712087 1
1 1082763712090 1
1 1082763712091 1
1 1082763712094 1
1 1082763712095 1
1 1082763712098 1
1 1082763712099 1
1 1082763712141 1
1 1082763712142 4
1 1082763712143 1
1 1082763712145 1
1 1082763712146 4
1 1082763712147 1
1 1082763712149 1
1 1082763712150 4
1 1082763712151 1
1 1082763712153 1
1 1082763712154 4
1 1082763712155 1
1 1082763712157 1
1 1082763712158 4
1 1082763712159 1
1 1082763712161 1
1 1082763712162 4
1 1082763712163 1
1 1082763712204 1
1 1082763712205 4
1 1082763712206 1
1 1082763712208 1
1 1082763712209 4
1 1082763712210 1
1 1082763712212 1
1 1082763712213 4
1 1082763712214 1
1 1082763712216 1
1 1082763712217 4
1 1082763712218 1
1 1082763712220 1
1 1082763712221 4
1 1082763712222 1
1 1082763712224 1
1 1082763712225 4
1 1082763712226 1
1 1082763712268 4
1 1082763712269 1
1 1082763712272 4
1 1082763712273 1
1 1082763712276 4
1 1082763712277 1
1 1082763712280 4
1 1082763712281 1
1 1082763712284 4
1 1082763712285 1
1 1082763712288 4
1 1082763712289 1
1 1082763712318 1
1 1082763712319 1
1 1082763712322 1
1 1082763712323 1
1 1082763712326 1
1 1082763712327 1
1 1082763712330 1
1 1082763712331 1
1 1082763712334 1
1 1082763712335 1
1 1082763712338 1
1 1082763712339 1
1 1082763712381 1
1 1082763712382 4
1 1082763712383 1
1 1082763712385 1
1 1082763712386 4
1 1082763712387 1
1 1082763712389 1
1 1082763712390 4
1 1082763712391 1
1 1082763712393 1
1 1082763712394 4
1 1082763712395 1
1 1082763712397 1
1 1082763712398 4
1 1082763712399 1
1 1082763712428 4
1 1082763712429 1
1 1082763712432 4
1 1082763712433 1
1 1082763712436 4
1 1082763712437 1
1 1082763712440 4
1 1082763712441 1
1 1082763712444 4
1 1082763712445 1
1 1082763712448 4
1 1082763712449 1
1 1082763712478 1
1 1082763712479 1
1 1082763712482 1
1 1082763712483 1
1 1082763712486 1
1 1082763712487 1
1 1082763712490 1
1 1082763712491 1
1 1082763712494 1
1 1082763712495 1
1 1082763712498 1
1 1082763712499 1
1 1082763712541 1
1 1082763712542 4
1 1082763712543 1
1 1082763712545 1
1 1082763712546 4
1 1082763712547 1
1 1082763712549 1
1 1082763712550 4
1 1082763712551 1
1 1082763712553 1
1 1082763712554 4
1 1082763712555 1
1 1082763712557 1
1 1082763712558 4
1 1082763712559 1
1 1082763712561 1
1 1082763712562 4
1 1082763712563 1
1 1082763712604 1
1 1082763712605 4
1 1082763712606 1
1 1082763712608 1
1 1082763712609 4
1 1082763712610 1
1 1082763712612 1
1 1082763712613 4
1 1082763712614 1
1 1082763712616 1
1 1082763712617 4
1 1082763712618 1
1 1082763712620 1
1 1082763712621 4
1 1082763712622 1
1 1082763712624 1
1 1082763712625 4
1 1082763712626 1
1 1082763712668 4
1 1082763712669 1
1 1082763712672 4
1 1082763712673 1
1 1082763712676 4
1 1082763712677 1
1 1082763712680 4
1 1082763712681 1
1 1082763712684 4
1 1082763712685 1
1 1082763712688 4
1 1082763712689 1
1 1082763712718 1
1 1082763712719 1
1 1082763712722 1
1 1082763712723 1
1 1082763712726 1
1 1082763712727 1
1 1082763712730 1
1 1082763712731 1
1 1082763712734 1
1 1082763712735 1
1 1082763712738 1
1 1082763712739 1
1 1082763712781 1
1 1082763712782 4
1 1082763712783 1
1 1082763712785 1
1 1082763712786 4
1 1082763712787 1
1 1082763712789 1
1 1082763712790 4
1 1082763712791 1
1 1082763712793 1
1 1082763712794 4
1 1082763712795 1
1 1082763712797 1
1 1082763712798 4
1 1082763712799 1
1 1082763712828 4
1 1082763712829 1
1 1082763712832 4
1 1082763712833 1
1 1082763712836 4
1 1082763712837 1
1 1082763712840 4
1 1082763712841 1
1 1082763712844 4
1 1082763712845 1
1 1082763712848 4
1 1082763712849 1
1 1082763712878 1
1 1082763712879 1
1 1082763712882 1
1 1082763712883 1
1 1082763712886 1
1 1082763712887 1
1 1082763712890 1
1 1082763712891 1
1 1082763712894 1
1 1082763712895 1
1 1082763712898 1
1 1082763712899 1
1 1082763712941 1
1 1082763712942 4
1 1082763712943 1
1 1082763712945 1
1 1082763712946 4
1 1082763712947 1
1 1082763712949 1
1 1082763712950 4
1 1082763712951 1
1 1082763712953 1
1 1082763712954 4
1 1082763712955 1
1 1082763712957 1
1 1082763712958 4
1 1082763712959 1
1 1082763712961 1
1 1082763712962 4
1 1082763712963 1
1 1082763713004 1
1 1082763713005 4
1 1082763713006 1
1 1082763713008 1
1 1082763713009 4
1 1082763713010 1
1 1082763713012 1
1 1082763713013 4
1 1082763713014 1
1 1082763713016 1
1 1082763713017 4
1 1082763713018 1
1 1082763713020 1
1 1082763713021 4
1 1082763713022 1
1 1082763713024 1
1 1082763713025 4
1 1082763713026 1
1 1082763713068 4
1 1082763713069 1
1 1082763713072 4
1 1082763713073 1
1 1082763713076 4
1 1082763713077 1
1 1082763713080 4
1 1082763713081 1
1 1082763713084 4
1 1082763713085 1
1 1082763713088 4
1 1082763713089 1
1 1082763713118 1
1 1082763713119 1
1 1082763713122 1
1 1082763713123 1
1 1082763713126 1
1 1082763713127 1
1 1082763713130 1
1 1082763713131 1
1 1082763713134 1
1 1082763713135 1
1 1082763713138 1
1 1082763713139 1
1 1082763713181 1
1 1082763713182 4
1 1082763713183 1
1 1082763713185 1
1 1082763713186 4
1 1082763713187 1
1 1082763713189 1
1 1082763713190 4
1 1082763713191 1
1 1082763713193 1
1 1082763713194 4
1 1082763713195 1
1 1082763713197 1
1 1082763713198 4
1 1082763713199 1
1 1082763713228 4
1 1082763713229 1
1 1082763713232 4
1 1082763713233 1
1 1082763713236 4
1 1082763713237 1
1 1082763713240 4
1 1082763713241 1
1 1082763713244 4
1 1082763713245 1
1 1082763713248 4
1 1082763713249 1
1 1082763713278 1
1 1082763713279 1
1 1082763713282 1
1 1082763713283 1
1 1082763713286 1
1 1082763713287 1
1 1082763713290 1
1 1082763713291 1
1 1082763713294 1
1 1082763713295 1
1 1082763713298 1
1 1082763713299 1
1 1082763713341 1
1 1082763713342 4
1 1082763713343 1
1 1082763713345 1
1 1082763713346 4
1 1082763713347 1
1 1082763713349 1
1 1082763713350 4
1 1082763713351 1
1 1082763713353 1
1 1082763713354 4
1 1082763713355 1
1 1082763713357 1
1 1082763713358 4
1 1082763713359 1
1 1082763713361 1
1 1082763713362 4
1 1082763713363 1
1 1082763713404 1
1 1082763713405 4
1 1082763713406 1
1 1082763713408 1
1 1082763713409 4
1 1082763713410 1
1 1082763713412 1
1 1082763713413 4
1 1082763713414 1
1 1082763713416 1
1 1082763713417 4
1 1082763713418 1
1 1082763713420 1
1 1082763713421 4
1 1082763713422 1
1 1082763713424 1
1 1082763713425 4
1 1082763713426 1
1 1082763713468 4
1 1082763713469 1
1 1082763713472 4
1 1082763713473 1
1 1082763713476 4
1 1082763713477 1
1 1082763713480 4
1 1082763713481 1
1 1082763713484 4
1 1082763713485 1
1 1082763713488 4
1 1082763713489 1
1 1082763713518 1
1 1082763713519 1
1 1082763713522 1
1 1082763713523 1
1 1082763713526 1
1 1082763713527 1
1 1082763713530 1
1 1082763713531 1
1 1082763713534 1
1 1082763713535 1
1 1082763713538 1
1 1082763713539 1
1 1082763713581 1
1 1082763713582 4
1 1082763713583 1
1 1082763713585 1
1 1082763713586 4
1 1082763713587 1
1 1082763713589 1
1 1082763713590 4
1 1082763713591 1
1 1082763713593 1
1 1082763713594 4
1 1082763713595 1
1 1082763713597 1
1 1082763713598 4
1 1082763713599 1
