1 1089760051214 4
1 1089760051215 4
1 1089760051244 4
1 1089760051245 4
1 1089760051274 4
1 1089760051275 4
1 1089760051304 4
1 1089760051305 4
1 1089760051334 4
1 1089760051335 4
1 1089760051364 4
1 1089760051365 4
1 1089760051384 4
1 1089760051385 4
1 1089760051432 4
1 1089760051433 4
1 1089760051436 4
1 1089760051437 4
1 1089760051508 4
1 1089760051509 4
1 1089760051512 4
1 1089760051513 4
1 1089760051550 4
1 1089760051551 4
1 1089760051562 4
1 1089760051563 4
1 1089760051592 4
1 1089760051593 4
1 1089760051610 4
1 1089760051611 4
1 1089760051640 4
1 1089760051641 4
1 1089760051658 4
1 1089760051659 4
1 1089760051710 4
1 1089760051711 4
2 1089760038640 16
2 1089760050390 7
2 1089760050391 1
2 1089760051228 4
2 1089760051229 4
2 1089760051258 4
2 1089760051259 4
2 1089760051288 4
2 1089760051289 4
2 1089760051318 4
2 1089760051319 4
2 1089760051348 4
2 1089760051349 4
2 1089760051378 4
2 1089760051379 4
2 1089760051404 4
2 1089760051405 4
2 1089760051410 4
2 1089760051411 4
2 1089760051446 4
2 1089760051447 4
2 1089760051470 4
2 1089760051471 4
2 1089760051482 4
2 1089760051483 4
2 1089760051490 4
2 1089760051491 4
2 1089760051578 4
2 1089760051579 4
2 1089760051600 4
2 1089760051601 4
2 1089760051634 4
2 1089760051635 4
2 1089760051668 4
2 1089760051669 4
2 1089760051678 4
2 1089760051679 4
2 1089760051710 4
2 1089760051711 4
2 1089760051712 1
2 1089760051759 1
2 1089760052039 1
2 1089760052146 1
2 1089760052166 1
2 1089760052174 1
2 1089760052182 1
2 1089760052198 1
2 1089760054136 7
3 1089760035052 8
3 1089760035053 10
3 1089760038294 18
3 1089760039620 4
3 1089760039623 5
3 1089760049350 9
3 1089760051228 4
3 1089760051229 4
3 1089760051258 4
3 1089760051259 4
3 1089760051288 4
3 1089760051289 4
3 1089760051318 4
3 1089760051319 4
3 1089760051348 4
3 1089760051349 4
3 1089760051378 4
3 1089760051379 4
3 1089760051408 4
3 1089760051409 4
3 1089760051412 4
3 1089760051413 4
3 1089760051464 4
3 1089760051465 4
3 1089760051468 4
3 1089760051469 4
3 1089760051482 4
3 1089760051483 4
3 1089760051566 4
3 1089760051567 4
3 1089760051570 4
3 1089760051571 4
3 1089760051634 4
3 1089760051635 4
3 1089760051638 4
3 1089760051639 4
3 1089760051642 4
3 1089760051643 4
3 1089760051694 4
3 1089760051695 4
3 1089760051698 4
3 1089760051699 4
3 1089760051715 2
3 1089760051731 1
3 1089760051771 1
3 1089760051818 1
3 1089760051874 1
3 1089760051876 1
3 1089760051961 1
3 1089760051975 1
3 1089760051982 1
3 1089760052022 1
3 1089760052048 1
3 1089760052056 1
3 1089760052120 1
3 1089760052190 2
3 1089760052192 1
3 1089760052212 1
3 1089760052342 7
3 1089760053963 8
4 1089760034945 6
4 1089760035437 24
4 1089760035672 14
4 1089760036537 22
4 1089760036548 16
4 1089760036914 8
4 1089760036926 14
4 1089760037067 12
4 1089760037673 16
4 1089760037837 22
4 1089760037872 14
4 1089760037887 10
4 1089760038059 12
4 1089760038061 12
4 1089760038774 16
4 1089760038778 18
4 1089760038804 8
4 1089760039299 3
4 1089760040767 4
4 1089760040769 8
4 1089760041462 7
4 1089760044075 10
4 1089760044076 1
4 1089760044105 14
4 1089760045212 4
4 1089760045247 7
4 1089760045669 6
4 1089760047488 8
4 1089760047988 11
4 1089760048091 7
4 1089760048138 5
4 1089760048643 6
4 1089760048649 1
4 1089760048650 5
4 1089760050790 3
4 1089760050791 5
4 1089760050802 9
4 1089760050879 6
4 1089760051216 4
4 1089760051217 4
4 1089760051246 4
4 1089760051247 4
4 1089760051276 4
4 1089760051277 4
4 1089760051306 4
4 1089760051307 4
4 1089760051336 4
4 1089760051337 4
4 1089760051366 4
4 1089760051367 4
4 1089760051414 4
4 1089760051415 4
4 1089760051416 4
4 1089760051417 4
4 1089760051440 4
4 1089760051441 4
4 1089760051462 4
4 1089760051463 4
4 1089760051480 4
4 1089760051481 4
4 1089760051538 4
4 1089760051539 4
4 1089760051556 4
4 1089760051557 4
4 1089760051576 4
4 1089760051577 4
4 1089760051582 4
4 1089760051583 4
4 1089760051604 4
4 1089760051605 4
4 1089760051688 4
4 1089760051689 4
4 1089760051694 4
4 1089760051695 4
4 1089760051698 4
4 1089760051699 4
4 1089760051718 1
4 1089760051722 2
4 1089760051729 1
4 1089760051731 1
4 1089760051736 1
4 1089760051737 1
4 1089760051740 1
4 1089760051741 2
4 1089760051749 1
4 1089760051755 2
4 1089760051756 1
4 1089760051758 1
4 1089760051763 1
4 1089760051767 1
4 1089760051768 1
4 1089760051769 2
4 1089760051770 1
4 1089760051776 1
4 1089760051778 1
4 1089760051788 1
4 1089760051793 2
4 1089760051798 2
4 1089760051803 1
4 1089760051810 1
4 1089760051815 1
4 1089760051816 1
4 1089760051821 1
4 1089760051823 2
4 1089760051826 1
4 1089760051843 1
4 1089760051847 1
4 1089760051855 1
4 1089760051856 1
4 1089760051860 1
4 1089760051869 1
4 1089760051877 1
4 1089760051887 1
4 1089760051891 1
4 1089760051893 1
4 1089760051896 1
4 1089760051898 1
4 1089760051899 1
4 1089760051902 3
4 1089760051906 1
4 1089760051909 1
4 1089760051921 1
4 1089760051923 1
4 1089760051938 1
4 1089760051939 1
4 1089760051942 2
4 1089760051944 1
4 1089760051953 1
4 1089760051957 1
4 1089760051963 1
4 1089760051965 1
4 1089760051969 1
4 1089760051971 1
4 1089760051975 2
4 1089760051980 1
4 1089760051984 1
4 1089760051985 1
4 1089760051990 1
4 1089760052013 2
4 1089760052018 1
4 1089760052026 2
4 1089760052027 1
4 1089760052028 1
4 1089760052031 2
4 1089760052038 1
4 1089760052040 1
4 1089760052045 1
4 1089760052052 2
4 1089760052055 1
4 1089760052057 1
4 1089760052068 1
4 1089760052069 1
4 1089760052076 1
4 1089760052079 1
4 1089760052082 1
4 1089760052088 1
4 1089760052097 2
4 1089760052099 1
4 1089760052119 1
4 1089760052125 1
4 1089760052127 1
4 1089760052141 1
4 1089760052153 1
4 1089760052154 1
4 1089760052156 1
4 1089760052157 1
4 1089760052159 1
4 1089760052160 2
4 1089760052161 1
4 1089760052165 1
4 1089760052167 1
4 1089760052171 1
4 1089760052173 1
4 1089760052174 1
4 1089760052176 1
4 1089760052179 1
4 1089760052190 2
4 1089760052191 1
4 1089760052195 1
4 1089760052200 1
4 1089760052201 1
4 1089760052204 1
4 1089760052211 1
4 1089760052215 1
4 1089760052219 2
4 1089760052221 1
4 1089760052222 1
4 1089760052288 2
4 1089760052534 10
4 1089760052652 6
4 1089760053084 10
4 1089760053090 7
4 1089760053273 3
4 1089760053279 6
4 1089760053349 5
4 1089760053652 7
4 1089760053734 10
4 1089760053752 6
4 1089760053759 4
4 1089760053845 5
4 1089760053846 5
4 1089760054203 7
4 1089760054205 8
4 1089760054218 3
5 1089760034880 12
5 1089760034886 18
5 1089760034888 24
5 1089760034893 12
5 1089760035120 22
5 1089760035121 12
5 1089760035128 34
5 1089760035135 6
5 1089760035360 14
5 1089760035364 16
5 1089760035366 16
5 1089760035367 12
5 1089760035369 12
5 1089760035371 30
5 1089760035373 22
5 1089760035374 12
5 1089760035600 6
5 1089760035601 10
5 1089760035610 10
5 1089760035611 16
5 1089760035613 14
5 1089760035843 12
5 1089760035845 14
5 1089760035847 32
5 1089760035850 16
5 1089760035852 24
5 1089760035853 26
5 1089760036080 10
5 1089760036081 4
5 1089760036089 16
5 1089760036090 16
5 1089760036093 20
5 1089760036094 10
5 1089760036448 10
5 1089760036449 12
5 1089760036452 8
5 1089760036457 26
5 1089760036458 8
5 1089760036496 14
5 1089760036498 10
5 1089760036499 6
5 1089760036504 8
5 1089760036505 24
5 1089760036507 10
5 1089760036511 8
5 1089760036531 34
5 1089760036535 12
5 1089760036536 20
5 1089760036538 16
5 1089760036541 14
5 1089760036542 8
5 1089760036543 8
5 1089760037120 18
5 1089760037125 18
5 1089760037128 24
5 1089760037129 6
5 1089760037130 16
5 1089760037132 24
5 1089760037134 22
5 1089760037135 18
5 1089760037265 12
5 1089760037266 12
5 1089760037267 24
5 1089760037270 6
5 1089760037271 20
5 1089760037272 16
5 1089760037276 8
5 1089760037278 14
5 1089760037279 28
5 1089760037808 24
5 1089760037812 8
5 1089760037813 34
5 1089760037814 12
5 1089760037815 18
5 1089760037816 14
5 1089760037818 10
5 1089760037823 12
5 1089760038002 12
5 1089760038004 22
5 1089760038007 10
5 1089760038010 18
5 1089760038011 36
5 1089760038012 12
5 1089760038013 30
5 1089760038016 14
5 1089760038017 30
5 1089760038023 8
5 1089760038031 14
5 1089760038176 8
5 1089760038178 18
5 1089760038184 18
5 1089760038189 14
5 1089760038242 12
5 1089760038246 36
5 1089760038247 8
5 1089760038250 22
5 1089760038255 6
5 1089760039104 6
5 1089760039121 10
5 1089760039126 10
5 1089760039127 2
5 1089760039144 6
5 1089760039824 5
5 1089760039825 6
5 1089760039829 6
5 1089760039849 9
5 1089760039851 8
5 1089760039852 7
5 1089760039871 3
5 1089760040536 7
5 1089760040548 3
5 1089760040549 5
5 1089760040554 9
5 1089760040559 3
5 1089760040560 3
5 1089760040565 6
5 1089760040566 1
5 1089760040572 15
5 1089760040578 5
5 1089760040579 15
5 1089760040582 6
5 1089760041246 3
5 1089760041249 5
5 1089760041275 5
5 1089760041280 8
5 1089760041285 7
5 1089760041985 6
5 1089760041989 7
5 1089760041996 4
5 1089760041997 6
5 1089760041998 2
5 1089760042005 3
5 1089760042006 5
5 1089760042010 3
5 1089760042011 4
5 1089760042013 5
5 1089760042014 7
5 1089760042015 7
5 1089760042705 5
5 1089760042708 2
5 1089760042732 8
5 1089760042734 5
5 1089760042735 7
5 1089760042743 10
5 1089760042746 5
5 1089760043803 5
5 1089760043806 6
5 1089760043814 4
5 1089760043829 7
5 1089760043831 6
5 1089760043833 4
5 1089760043946 7
5 1089760043954 3
5 1089760043955 3
5 1089760043956 1
5 1089760043957 2
5 1089760043973 4
5 1089760043975 4
5 1089760043977 1
5 1089760043978 7
5 1089760043983 5
5 1089760043996 4
5 1089760044057 9
5 1089760044058 8
5 1089760044068 6
5 1089760044071 3
5 1089760044072 8
5 1089760044078 8
5 1089760044086 8
5 1089760044089 4
5 1089760044092 4
5 1089760045828 9
5 1089760045844 9
5 1089760045852 4
5 1089760045853 8
5 1089760045855 3
5 1089760045860 8
5 1089760045864 6
5 1089760045865 6
5 1089760045869 11
5 1089760045872 9
5 1089760046264 6
5 1089760046268 6
5 1089760046269 12
5 1089760046280 3
5 1089760046281 5
5 1089760046282 5
5 1089760046285 8
5 1089760046297 4
5 1089760046304 8
5 1089760046307 7
5 1089760046308 7
5 1089760047898 12
5 1089760047910 4
5 1089760047913 7
5 1089760047914 10
5 1089760047916 6
5 1089760047921 9
5 1089760047925 8
5 1089760047928 5
5 1089760047944 6
5 1089760048477 6
5 1089760048481 11
5 1089760048489 5
5 1089760048498 9
5 1089760048501 6
5 1089760048502 8
5 1089760048503 5
5 1089760048506 6
5 1089760048508 8
5 1089760048509 7
5 1089760048517 7
5 1089760048520 6
5 1089760048521 6
5 1089760048522 4
5 1089760048538 4
5 1089760048563 4
5 1089760048564 4
5 1089760048994 4
5 1089760048999 9
5 1089760049018 9
5 1089760049033 7
5 1089760049193 7
5 1089760049205 5
5 1089760049206 8
5 1089760049207 13
5 1089760049210 4
5 1089760049217 13
5 1089760049218 4
5 1089760049234 3
5 1089760051208 4
5 1089760051209 4
5 1089760051238 4
5 1089760051239 4
5 1089760051268 4
5 1089760051269 4
5 1089760051298 4
5 1089760051299 4
5 1089760051328 4
5 1089760051329 4
5 1089760051358 4
5 1089760051359 4
5 1089760051404 4
5 1089760051405 4
5 1089760051410 4
5 1089760051411 4
5 1089760051414 4
5 1089760051415 4
5 1089760051488 4
5 1089760051489 4
5 1089760051506 4
5 1089760051507 4
5 1089760051574 4
5 1089760051575 4
5 1089760051598 4
5 1089760051599 4
5 1089760051600 4
5 1089760051601 4
5 1089760051620 4
5 1089760051621 4
5 1089760051628 4
5 1089760051629 4
5 1089760051713 3
5 1089760051715 2
5 1089760051716 3
5 1089760051718 2
5 1089760051719 2
5 1089760051720 2
5 1089760051721 1
5 1089760051722 1
5 1089760051723 2
5 1089760051724 1
5 1089760051725 2
5 1089760051727 2
5 1089760051728 1
5 1089760051729 1
5 1089760051730 1
5 1089760051731 4
5 1089760051732 1
5 1089760051733 1
5 1089760051735 3
5 1089760051737 3
5 1089760051738 1
5 1089760051739 1
5 1089760051740 3
5 1089760051741 2
5 1089760051742 1
5 1089760051743 3
5 1089760051744 1
5 1089760051749 2
5 1089760051751 2
5 1089760051752 1
5 1089760051753 1
5 1089760051754 1
5 1089760051755 1
5 1089760051757 1
5 1089760051758 2
5 1089760051759 3
5 1089760051760 2
5 1089760051761 1
5 1089760051762 2
5 1089760051763 2
5 1089760051765 1
5 1089760051766 2
5 1089760051767 5
5 1089760051768 1
5 1089760051769 1
5 1089760051770 1
5 1089760051771 2
5 1089760051772 1
5 1089760051773 3
5 1089760051774 1
5 1089760051775 1
5 1089760051776 2
5 1089760051777 1
5 1089760051778 1
5 1089760051780 2
5 1089760051781 2
5 1089760051783 2
5 1089760051784 1
5 1089760051785 2
5 1089760051787 2
5 1089760051788 5
5 1089760051789 2
5 1089760051790 4
5 1089760051791 1
5 1089760051792 5
5 1089760051793 2
5 1089760051794 3
5 1089760051795 1
5 1089760051796 2
5 1089760051797 1
5 1089760051798 1
5 1089760051799 1
5 1089760051800 2
5 1089760051801 2
5 1089760051802 4
5 1089760051803 2
5 1089760051804 2
5 1089760051805 2
5 1089760051806 3
5 1089760051807 2
5 1089760051808 2
5 1089760051809 1
5 1089760051810 2
5 1089760051811 2
5 1089760051812 6
5 1089760051813 1
5 1089760051815 2
5 1089760051816 1
5 1089760051817 2
5 1089760051818 2
5 1089760051819 1
5 1089760051820 2
5 1089760051821 2
5 1089760051822 1
5 1089760051823 2
5 1089760051824 1
5 1089760051825 1
5 1089760051826 2
5 1089760051827 1
5 1089760051829 3
5 1089760051830 3
5 1089760051831 3
5 1089760051832 3
5 1089760051833 3
5 1089760051834 4
5 1089760051835 1
5 1089760051836 1
5 1089760051837 1
5 1089760051838 4
5 1089760051839 1
5 1089760051841 2
5 1089760051842 4
5 1089760051843 4
5 1089760051844 1
5 1089760051845 2
5 1089760051847 2
5 1089760051848 1
5 1089760051849 1
5 1089760051850 1
5 1089760051851 2
5 1089760051852 4
5 1089760051853 2
5 1089760051854 1
5 1089760051856 3
5 1089760051857 4
5 1089760051858 2
5 1089760051859 1
5 1089760051860 1
5 1089760051861 3
5 1089760051862 2
5 1089760051863 2
5 1089760051864 3
5 1089760051865 2
5 1089760051866 3
5 1089760051867 2
5 1089760051868 2
5 1089760051869 2
5 1089760051870 2
5 1089760051871 2
5 1089760051872 2
5 1089760051873 1
5 1089760051874 1
5 1089760051875 1
5 1089760051876 2
5 1089760051879 2
5 1089760051880 2
5 1089760051881 2
5 1089760051883 1
5 1089760051884 3
5 1089760051886 2
5 1089760051887 3
5 1089760051890 2
5 1089760051891 1
5 1089760051892 2
5 1089760051893 1
5 1089760051895 2
5 1089760051896 1
5 1089760051897 2
5 1089760051898 1
5 1089760051899 1
5 1089760051900 1
5 1089760051901 2
5 1089760051902 1
5 1089760051903 4
5 1089760051904 1
5 1089760051906 2
5 1089760051907 1
5 1089760051908 2
5 1089760051909 2
5 1089760051910 2
5 1089760051911 1
5 1089760051912 1
5 1089760051914 2
5 1089760051915 4
5 1089760051916 3
5 1089760051917 1
5 1089760051918 2
5 1089760051919 2
5 1089760051921 1
5 1089760051923 4
5 1089760051924 2
5 1089760051925 1
5 1089760051926 6
5 1089760051927 2
5 1089760051928 1
5 1089760051930 1
5 1089760051931 3
5 1089760051932 2
5 1089760051933 1
5 1089760051935 2
5 1089760051936 5
5 1089760051937 2
5 1089760051938 1
5 1089760051939 1
5 1089760051940 2
5 1089760051941 2
5 1089760051942 2
5 1089760051943 1
5 1089760051944 5
5 1089760051945 2
5 1089760051946 3
5 1089760051947 2
5 1089760051948 1
5 1089760051949 1
5 1089760051950 2
5 1089760051952 1
5 1089760051953 1
5 1089760051954 3
5 1089760051955 1
5 1089760051956 3
5 1089760051957 1
5 1089760051958 1
5 1089760051959 1
5 1089760051960 1
5 1089760051961 2
5 1089760051962 2
5 1089760051963 1
5 1089760051964 2
5 1089760051965 1
5 1089760051966 2
5 1089760051967 1
5 1089760051968 2
5 1089760051969 5
5 1089760051970 2
5 1089760051972 1
5 1089760051973 3
5 1089760051974 2
5 1089760051976 1
5 1089760051980 4
5 1089760051981 4
5 1089760051982 2
5 1089760051983 1
5 1089760051984 2
5 1089760051985 4
5 1089760051986 1
5 1089760051988 1
5 1089760051989 1
5 1089760051990 1
5 1089760051991 1
5 1089760051992 2
5 1089760051993 3
5 1089760051994 3
5 1089760051995 3
5 1089760051996 2
5 1089760051997 1
5 1089760051999 2
5 1089760052000 2
5 1089760052002 1
5 1089760052003 1
5 1089760052004 1
5 1089760052005 2
5 1089760052007 1
5 1089760052008 1
5 1089760052009 1
5 1089760052010 1
5 1089760052011 2
5 1089760052012 2
5 1089760052013 3
5 1089760052014 1
5 1089760052015 3
5 1089760052016 4
5 1089760052017 1
5 1089760052019 1
5 1089760052021 4
5 1089760052022 3
5 1089760052023 2
5 1089760052024 1
5 1089760052025 4
5 1089760052026 3
5 1089760052027 1
5 1089760052028 3
5 1089760052030 3
5 1089760052033 2
5 1089760052034 3
5 1089760052035 2
5 1089760052036 1
5 1089760052037 2
5 1089760052041 3
5 1089760052042 1
5 1089760052043 1
5 1089760052044 1
5 1089760052046 1
5 1089760052048 2
5 1089760052049 1
5 1089760052050 1
5 1089760052051 1
5 1089760052052 2
5 1089760052053 2
5 1089760052054 1
5 1089760052055 1
5 1089760052056 3
5 1089760052057 2
5 1089760052058 1
5 1089760052059 2
5 1089760052060 1
5 1089760052061 1
5 1089760052062 3
5 1089760052063 1
5 1089760052064 1
5 1089760052065 3
5 1089760052066 3
5 1089760052067 1
5 1089760052068 1
5 1089760052069 1
5 1089760052070 2
5 1089760052073 1
5 1089760052074 2
5 1089760052075 2
5 1089760052076 3
5 1089760052077 2
5 1089760052078 2
5 1089760052079 1
5 1089760052080 1
5 1089760052081 2
5 1089760052082 1
5 1089760052083 2
5 1089760052085 2
5 1089760052087 2
5 1089760052088 2
5 1089760052090 2
5 1089760052092 3
5 1089760052093 1
5 1089760052094 1
5 1089760052095 1
5 1089760052096 1
5 1089760052099 2
5 1089760052100 2
5 1089760052101 1
5 1089760052102 3
5 1089760052103 3
5 1089760052104 2
5 1089760052105 1
5 1089760052106 1
5 1089760052108 1
5 1089760052109 2
5 1089760052111 5
5 1089760052113 2
5 1089760052114 2
5 1089760052115 3
5 1089760052117 1
5 1089760052118 3
5 1089760052119 2
5 1089760052121 2
5 1089760052122 1
5 1089760052123 5
5 1089760052124 4
5 1089760052126 1
5 1089760052127 2
5 1089760052128 4
5 1089760052129 1
5 1089760052130 4
5 1089760052131 1
5 1089760052132 3
5 1089760052133 2
5 1089760052134 2
5 1089760052136 1
5 1089760052138 6
5 1089760052139 2
5 1089760052140 2
5 1089760052141 2
5 1089760052142 1
5 1089760052143 1
5 1089760052144 2
5 1089760052147 3
5 1089760052148 3
5 1089760052150 1
5 1089760052151 4
5 1089760052152 3
5 1089760052153 2
5 1089760052155 1
5 1089760052156 1
5 1089760052157 2
5 1089760052158 3
5 1089760052159 1
5 1089760052160 5
5 1089760052161 1
5 1089760052164 1
5 1089760052165 4
5 1089760052166 1
5 1089760052168 2
5 1089760052169 3
5 1089760052170 2
5 1089760052171 3
5 1089760052177 2
5 1089760052178 5
5 1089760052179 1
5 1089760052181 4
5 1089760052182 2
5 1089760052183 4
5 1089760052184 1
5 1089760052185 2
5 1089760052186 2
5 1089760052187 2
5 1089760052190 1
5 1089760052191 1
5 1089760052192 3
5 1089760052193 1
5 1089760052194 1
5 1089760052195 1
5 1089760052196 4
5 1089760052197 1
5 1089760052198 3
5 1089760052199 2
5 1089760052200 2
5 1089760052202 1
5 1089760052203 1
5 1089760052204 2
5 1089760052205 3
5 1089760052206 1
5 1089760052208 1
5 1089760052209 2
5 1089760052210 1
5 1089760052211 2
5 1089760052212 1
5 1089760052213 3
5 1089760052214 2
5 1089760052217 1
5 1089760052219 2
5 1089760052220 1
5 1089760052221 1
5 1089760052222 3
5 1089760052256 5
5 1089760052259 8
5 1089760052260 7
5 1089760052262 5
5 1089760052376 10
5 1089760052380 15
5 1089760052383 2
5 1089760052496 6
5 1089760052498 7
5 1089760052499 12
5 1089760052500 5
5 1089760052501 14
5 1089760052502 10
5 1089760052503 5
5 1089760052616 6
5 1089760052621 11
5 1089760052622 6
5 1089760052737 5
5 1089760052738 6
5 1089760052739 10
5 1089760052741 7
5 1089760052742 21
5 1089760052856 5
5 1089760052860 7
5 1089760052861 7
5 1089760052862 9
5 1089760052863 4
5 1089760053040 9
5 1089760053042 3
5 1089760053044 11
5 1089760053045 3
5 1089760053064 6
5 1089760053065 6
5 1089760053068 13
5 1089760053069 4
5 1089760053071 3
5 1089760053081 9
5 1089760053083 5
5 1089760053084 9
5 1089760053085 7
5 1089760053086 6
5 1089760053087 6
5 1089760053376 8
5 1089760053378 8
5 1089760053380 9
5 1089760053381 7
5 1089760053382 6
5 1089760053383 18
5 1089760053448 5
5 1089760053449 16
5 1089760053451 11
5 1089760053452 7
5 1089760053454 3
5 1089760053455 13
5 1089760053720 11
5 1089760053722 13
5 1089760053723 13
5 1089760053724 6
5 1089760053725 4
5 1089760053727 5
5 1089760053817 5
5 1089760053818 10
5 1089760053819 4
5 1089760053821 20
5 1089760053822 18
5 1089760053824 19
5 1089760053827 3
5 1089760053831 6
5 1089760053904 3
5 1089760053905 8
5 1089760053908 8
5 1089760053910 6
5 1089760053937 5
5 1089760053939 19
5 1089760053941 10
5 1089760053943 2
6 1089760034976 15
6 1089760034977 48
6 1089760034978 43
6 1089760034979 168
6 1089760034980 43
6 1089760034981 165
6 1089760034982 54
6 1089760034983 6
6 1089760034985 51
6 1089760034986 95
6 1089760034987 54
6 1089760034988 30
6 1089760034989 28
6 1089760034990 29
6 1089760034991 194
6 1089760035216 54
6 1089760035217 22
6 1089760035218 284
6 1089760035219 32
6 1089760035220 134
6 1089760035221 150
6 1089760035222 252
6 1089760035223 8
6 1089760035224 20
6 1089760035225 18
6 1089760035226 81
6 1089760035227 49
6 1089760035228 205
6 1089760035229 22
6 1089760035230 32
6 1089760035231 30
6 1089760035456 14
6 1089760035457 52
6 1089760035458 46
6 1089760035459 44
6 1089760035460 99
6 1089760035461 403
6 1089760035462 137
6 1089760035463 114
6 1089760035464 362
6 1089760035465 251
6 1089760035466 14
6 1089760035467 27
6 1089760035468 153
6 1089760035469 46
6 1089760035470 23
6 1089760035471 10
6 1089760035696 57
6 1089760035697 53
6 1089760035698 56
6 1089760035699 54
6 1089760035700 46
6 1089760035701 52
6 1089760035702 14
6 1089760035703 114
6 1089760035704 65
6 1089760035705 71
6 1089760035706 12
6 1089760035707 227
6 1089760035708 24
6 1089760035709 40
6 1089760035710 333
6 1089760035711 71
6 1089760035936 149
6 1089760035937 22
6 1089760035938 123
6 1089760035939 156
6 1089760035940 347
6 1089760035941 116
6 1089760035942 207
6 1089760035943 67
6 1089760035944 191
6 1089760035945 26
6 1089760035946 973
6 1089760035947 30
6 1089760035948 214
6 1089760035950 24
6 1089760035951 12
6 1089760036176 164
6 1089760036177 49
6 1089760036178 60
6 1089760036179 108
6 1089760036180 470
6 1089760036181 77
6 1089760036182 43
6 1089760036183 32
6 1089760036184 26
6 1089760036185 44
6 1089760036186 22
6 1089760036187 26
6 1089760036188 35
6 1089760036189 707
6 1089760036190 285
6 1089760036191 55
6 1089760036624 50
6 1089760036625 79
6 1089760036626 194
6 1089760036627 60
6 1089760036628 14
6 1089760036629 52
6 1089760036630 14
6 1089760036631 24
6 1089760036632 54
6 1089760036633 56
6 1089760036634 118
6 1089760036635 36
6 1089760036636 34
6 1089760036637 16
6 1089760036638 361
6 1089760036639 428
6 1089760036688 226
6 1089760036689 36
6 1089760036690 73
6 1089760036691 85
6 1089760036692 120
6 1089760036693 18
6 1089760036694 222
6 1089760036695 1950
6 1089760036696 34
6 1089760036697 14
6 1089760036698 102
6 1089760036699 10
6 1089760036700 6
6 1089760036701 22
6 1089760036702 28
6 1089760036703 42
6 1089760037280 38
6 1089760037281 42
6 1089760037282 8
6 1089760037283 22
6 1089760037284 113
6 1089760037285 153
6 1089760037286 66
6 1089760037287 39
6 1089760037288 4
6 1089760037289 441
6 1089760037290 28
6 1089760037291 28
6 1089760037292 62
6 1089760037293 69
6 1089760037294 251
6 1089760037295 61
6 1089760037360 38
6 1089760037361 10
6 1089760037362 18
6 1089760037363 46
6 1089760037365 24
6 1089760037366 42
6 1089760037367 350
6 1089760037368 60
6 1089760037369 98
6 1089760037370 20
6 1089760037371 14
6 1089760037372 22
6 1089760037373 54
6 1089760037374 22
6 1089760037375 28
6 1089760037392 32
6 1089760037393 40
6 1089760037394 46
6 1089760037395 127
6 1089760037396 166
6 1089760037397 46
6 1089760037398 82
6 1089760037399 53
6 1089760037400 285
6 1089760037402 317
6 1089760037403 32
6 1089760037404 32
6 1089760037405 32
6 1089760037407 71
6 1089760037776 56
6 1089760037777 82
6 1089760037778 71
6 1089760037779 104
6 1089760037780 167
6 1089760037781 307
6 1089760037782 156
6 1089760037783 44
6 1089760037784 64
6 1089760037785 70
6 1089760037786 1373
6 1089760037787 71
6 1089760037788 226
6 1089760037789 455
6 1089760037790 152
6 1089760037791 50
6 1089760037824 398
6 1089760037825 91
6 1089760037826 74
6 1089760037827 208
6 1089760037828 76
6 1089760037829 64
6 1089760037830 98
6 1089760037831 104
6 1089760037832 353
6 1089760037833 56
6 1089760037834 42
6 1089760037835 214
6 1089760037836 62
6 1089760037837 294
6 1089760037838 702
6 1089760037839 171
6 1089760038320 276
6 1089760038321 60
6 1089760038322 66
6 1089760038323 66
6 1089760038324 81
6 1089760038325 406
6 1089760038326 364
6 1089760038327 62
6 1089760038328 153
6 1089760038329 112
6 1089760038330 81
6 1089760038331 168
6 1089760038332 117
6 1089760038333 168
6 1089760038334 426
6 1089760038335 724
6 1089760038352 260
6 1089760038353 60
6 1089760038354 115
6 1089760038355 187
6 1089760038356 947
6 1089760038357 84
6 1089760038358 235
6 1089760038359 331
6 1089760038360 60
6 1089760038361 70
6 1089760038362 177
6 1089760038363 60
6 1089760038364 88
6 1089760038365 63
6 1089760038366 259
6 1089760038367 186
6 1089760038512 206
6 1089760038513 40
6 1089760038514 38
6 1089760038515 306
6 1089760038516 63
6 1089760038517 67
6 1089760038518 151
6 1089760038519 54
6 1089760038520 431
6 1089760038521 895
6 1089760038522 60
6 1089760038523 175
6 1089760038524 52
6 1089760038525 60
6 1089760038526 46
6 1089760038527 68
6 1089760039391 6
6 1089760039392 1
6 1089760039394 24
6 1089760039396 22
6 1089760039397 8
6 1089760039399 7
6 1089760039400 99
6 1089760039401 4
6 1089760039402 5
6 1089760039403 5
6 1089760039404 184
6 1089760039405 7
6 1089760039407 24
6 1089760039408 217
6 1089760039409 3
6 1089760039410 133
6 1089760039411 10
6 1089760039417 37
6 1089760039418 15
6 1089760039419 349
6 1089760039420 10
6 1089760039422 9
6 1089760039423 13
6 1089760039424 8
6 1089760039425 3
6 1089760039426 7
6 1089760039427 24
6 1089760039428 36
6 1089760039429 247
6 1089760039431 9
6 1089760039432 158
6 1089760039434 6
6 1089760039435 6
6 1089760039437 8
6 1089760040111 7
6 1089760040112 9
6 1089760040113 10
6 1089760040115 4
6 1089760040116 12
6 1089760040117 15
6 1089760040118 7
6 1089760040119 167
6 1089760040120 55
6 1089760040121 1
6 1089760040122 9
6 1089760040123 4
6 1089760040124 2
6 1089760040125 242
6 1089760040126 3
6 1089760040127 2
6 1089760040128 60
6 1089760040129 14
6 1089760040130 202
6 1089760040134 4
6 1089760040135 9
6 1089760040136 470
6 1089760040138 4
6 1089760040139 1
6 1089760040140 20
6 1089760040141 14
6 1089760040142 3
6 1089760040143 11
6 1089760040144 8
6 1089760040145 5
6 1089760040146 5
6 1089760040147 22
6 1089760040149 8
6 1089760040150 9
6 1089760040151 4
6 1089760040153 28
6 1089760040154 54
6 1089760040156 5
6 1089760040157 498
6 1089760040823 18
6 1089760040824 13
6 1089760040825 150
6 1089760040826 68
6 1089760040827 29
6 1089760040828 8
6 1089760040829 30
6 1089760040830 97
6 1089760040831 461
6 1089760040832 67
6 1089760040833 13
6 1089760040834 106
6 1089760040835 6
6 1089760040837 10
6 1089760040838 23
6 1089760040839 85
6 1089760040840 15
6 1089760040841 6
6 1089760040842 22
6 1089760040843 2
6 1089760040844 32
6 1089760040845 12
6 1089760040846 11
6 1089760040847 10
6 1089760040848 10
6 1089760040849 1
6 1089760040850 16
6 1089760040851 15
6 1089760040852 10
6 1089760040856 11
6 1089760040857 6
6 1089760040858 170
6 1089760040861 8
6 1089760040862 104
6 1089760040863 11
6 1089760040864 4
6 1089760040865 2
6 1089760040866 9
6 1089760040867 4
6 1089760041535 5
6 1089760041536 7
6 1089760041538 4
6 1089760041539 7
6 1089760041541 11
6 1089760041542 24
6 1089760041544 140
6 1089760041545 21
6 1089760041546 40
6 1089760041547 13
6 1089760041548 31
6 1089760041549 65
6 1089760041550 54
6 1089760041552 3
6 1089760041553 172
6 1089760041554 131
6 1089760041555 1
6 1089760041556 4
6 1089760041557 13
6 1089760041558 10
6 1089760041559 45
6 1089760041560 58
6 1089760041561 129
6 1089760041562 11
6 1089760041563 19
6 1089760041564 13
6 1089760041567 13
6 1089760041568 7
6 1089760041569 15
6 1089760041570 11
6 1089760041571 42
6 1089760041572 8
6 1089760041574 12
6 1089760041575 15
6 1089760041576 2
6 1089760041578 16
6 1089760041579 24
6 1089760041580 23
6 1089760041581 120
6 1089760041582 17
6 1089760041583 54
6 1089760042260 129
6 1089760042261 17
6 1089760042262 5
6 1089760042263 5
6 1089760042265 13
6 1089760042266 28
6 1089760042267 50
6 1089760042268 69
6 1089760042269 43
6 1089760042270 13
6 1089760042272 156
6 1089760042273 13
6 1089760042274 19
6 1089760042275 11
6 1089760042276 175
6 1089760042277 29
6 1089760042278 73
6 1089760042280 184
6 1089760042281 1049
6 1089760042282 7
6 1089760042283 57
6 1089760042284 17
6 1089760042286 25
6 1089760042287 8
6 1089760042290 3
6 1089760042291 21
6 1089760042292 90
6 1089760042293 69
6 1089760042294 88
6 1089760042295 978
6 1089760042296 12
6 1089760042297 7
6 1089760042298 243
6 1089760042301 15
6 1089760042302 4
6 1089760042307 7
6 1089760042308 17
6 1089760042309 5
6 1089760042310 3
6 1089760042991 225
6 1089760042992 7
6 1089760042993 5
6 1089760042994 13
6 1089760042996 10
6 1089760042997 271
6 1089760042999 12
6 1089760043000 28
6 1089760043001 44
6 1089760043002 5
6 1089760043003 84
6 1089760043004 255
6 1089760043005 107
6 1089760043006 127
6 1089760043007 6
6 1089760043009 3
6 1089760043010 4
6 1089760043011 107
6 1089760043013 15
6 1089760043014 11
6 1089760043016 8
6 1089760043017 5
6 1089760043018 10
6 1089760043019 106
6 1089760043020 31
6 1089760043021 2
6 1089760043022 7
6 1089760043024 133
6 1089760043025 4
6 1089760043026 24
6 1089760043027 32
6 1089760043030 12
6 1089760043031 17
6 1089760043032 6
6 1089760043033 19
6 1089760043034 7
6 1089760043035 18
6 1089760043038 20
6 1089760043039 45
6 1089760044334 20
6 1089760044335 16
6 1089760044336 2
6 1089760044338 10
6 1089760044339 9
6 1089760044340 3
6 1089760044341 8
6 1089760044342 452
6 1089760044343 10
6 1089760044344 23
6 1089760044345 16
6 1089760044346 8
6 1089760044349 13
6 1089760044351 24
6 1089760044352 10
6 1089760044355 197
6 1089760044356 6
6 1089760044357 6
6 1089760044358 22
6 1089760044359 893
6 1089760044360 1
6 1089760044361 16
6 1089760044362 10
6 1089760044363 9
6 1089760044364 10
6 1089760044365 17
6 1089760044366 6
6 1089760044367 6
6 1089760044368 8
6 1089760044369 10
6 1089760044370 22
6 1089760044371 3
6 1089760044372 14
6 1089760044374 3
6 1089760044375 10
6 1089760044377 7
6 1089760044378 8
6 1089760044379 8
6 1089760044381 5
6 1089760044529 14
6 1089760044530 4
6 1089760044531 9
6 1089760044532 14
6 1089760044533 22
6 1089760044535 14
6 1089760044536 9
6 1089760044538 9
6 1089760044540 11
6 1089760044541 11
6 1089760044542 9
6 1089760044543 16
6 1089760044544 8
6 1089760044547 11
6 1089760044548 23
6 1089760044550 9
6 1089760044551 8
6 1089760044553 8
6 1089760044554 21
6 1089760044555 14
6 1089760044557 9
6 1089760044560 9
6 1089760044561 8
6 1089760044562 2
6 1089760044563 46
6 1089760044567 4
6 1089760044569 7
6 1089760044570 7
6 1089760044571 1
6 1089760044572 76
6 1089760044574 21
6 1089760044576 17
6 1089760046309 6
6 1089760046310 17
6 1089760046313 9
6 1089760046314 9
6 1089760046316 6
6 1089760046320 14
6 1089760046322 6
6 1089760046323 6
6 1089760046324 38
6 1089760046325 1
6 1089760046326 14
6 1089760046327 179
6 1089760046328 17
6 1089760046329 5
6 1089760046330 9
6 1089760046331 13
6 1089760046334 3
6 1089760046336 12
6 1089760046337 10
6 1089760046338 12
6 1089760046339 14
6 1089760046340 3
6 1089760046341 129
6 1089760046342 16
6 1089760046343 4
6 1089760046345 5
6 1089760046346 12
6 1089760046348 5
6 1089760046349 5
6 1089760046350 18
6 1089760046352 7
6 1089760046353 10
6 1089760046355 17
6 1089760046356 6
6 1089760046551 41
6 1089760046552 19
6 1089760046553 66
6 1089760046556 224
6 1089760046557 3
6 1089760046558 5
6 1089760046559 16
6 1089760046560 7
6 1089760046561 21
6 1089760046565 6
6 1089760046567 1
6 1089760046568 10
6 1089760046569 80
6 1089760046570 7
6 1089760046571 6
6 1089760046572 14
6 1089760046573 11
6 1089760046574 14
6 1089760046575 1045
6 1089760046576 11
6 1089760046577 9
6 1089760046578 13
6 1089760046579 3
6 1089760046580 4
6 1089760046581 12
6 1089760046582 5
6 1089760046585 6
6 1089760046586 4
6 1089760046587 4
6 1089760046588 9
6 1089760046589 8
6 1089760046590 13
6 1089760046591 9
6 1089760046592 14
6 1089760046593 3
6 1089760046594 22
6 1089760046595 1
6 1089760046596 8
6 1089760046598 8
6 1089760046599 162
6 1089760046649 5
6 1089760046650 89
6 1089760046651 7
6 1089760046653 9
6 1089760046654 216
6 1089760046655 5
6 1089760046656 15
6 1089760046657 140
6 1089760046658 8
6 1089760046659 411
6 1089760046660 10
6 1089760046661 17
6 1089760046662 3
6 1089760046663 13
6 1089760046664 17
6 1089760046665 16
6 1089760046666 4
6 1089760046667 10
6 1089760046668 7
6 1089760046669 5
6 1089760046670 14
6 1089760046672 9
6 1089760046673 11
6 1089760046674 18
6 1089760046677 3
6 1089760046678 12
6 1089760046679 6
6 1089760046680 7
6 1089760046681 28
6 1089760046682 13
6 1089760046683 22
6 1089760046684 6
6 1089760046686 5
6 1089760046687 6
6 1089760046688 143
6 1089760046692 7
6 1089760046693 7
6 1089760046694 4
6 1089760047803 18
6 1089760047804 21
6 1089760047805 27
6 1089760047806 1783
6 1089760047807 77
6 1089760047808 36
6 1089760047809 19
6 1089760047810 73
6 1089760047811 100
6 1089760047812 16
6 1089760047813 19
6 1089760047814 22
6 1089760047815 29
6 1089760047816 41
6 1089760047817 22
6 1089760047818 13
6 1089760047819 9
6 1089760047820 85
6 1089760047821 25
6 1089760047822 24
6 1089760047823 11
6 1089760047824 129
6 1089760047825 228
6 1089760047826 130
6 1089760047827 84
6 1089760047828 31
6 1089760047829 169
6 1089760047830 25
6 1089760047831 140
6 1089760047832 30
6 1089760047833 76
6 1089760047834 229
6 1089760047835 17
6 1089760047836 10
6 1089760047837 19
6 1089760047838 20
6 1089760047839 20
6 1089760047840 23
6 1089760047841 19
6 1089760047842 26
6 1089760047843 21
6 1089760047844 25
6 1089760047845 20
6 1089760047846 25
6 1089760047847 12
6 1089760047848 239
6 1089760047849 14
6 1089760047850 4
6 1089760047947 9
6 1089760047948 243
6 1089760047949 20
6 1089760047950 23
6 1089760047951 23
6 1089760047952 149
6 1089760047953 17
6 1089760047954 24
6 1089760047955 26
6 1089760047956 64
6 1089760047957 25
6 1089760047958 24
6 1089760047959 811
6 1089760047960 16
6 1089760047961 100
6 1089760047962 38
6 1089760047963 104
6 1089760047964 19
6 1089760047965 201
6 1089760047966 21
6 1089760047967 22
6 1089760047968 17
6 1089760047969 20
6 1089760047970 30
6 1089760047971 360
6 1089760047972 28
6 1089760047973 726
6 1089760047974 15
6 1089760047975 17
6 1089760047976 509
6 1089760047977 19
6 1089760047978 3
6 1089760047979 15
6 1089760047980 14
6 1089760047981 21
6 1089760047982 22
6 1089760047983 23
6 1089760047984 140
6 1089760047985 3
6 1089760047986 15
6 1089760047987 27
6 1089760047988 15
6 1089760047989 20
6 1089760047990 29
6 1089760047991 27
6 1089760047992 21
6 1089760047993 24
6 1089760047994 5
6 1089760049429 9
6 1089760049430 19
6 1089760049431 12
6 1089760049432 25
6 1089760049433 91
6 1089760049434 123
6 1089760049435 92
6 1089760049436 24
6 1089760049437 118
6 1089760049438 27
6 1089760049439 18
6 1089760049440 137
6 1089760049441 28
6 1089760049442 249
6 1089760049443 3
6 1089760049444 14
6 1089760049445 23
6 1089760049446 18
6 1089760049447 186
6 1089760049448 139
6 1089760049449 518
6 1089760049450 234
6 1089760049451 398
6 1089760049452 303
6 1089760049453 52
6 1089760049454 21
6 1089760049455 14
6 1089760049456 21
6 1089760049457 160
6 1089760049458 21
6 1089760049459 31
6 1089760049460 27
6 1089760049461 10
6 1089760049462 16
6 1089760049463 22
6 1089760049464 21
6 1089760049465 24
6 1089760049466 23
6 1089760049467 198
6 1089760049468 189
6 1089760049469 510
6 1089760049470 155
6 1089760049471 30
6 1089760049472 292
6 1089760049473 270
6 1089760049474 53
6 1089760049475 58
6 1089760049476 224
6 1089760049477 64
6 1089760049478 28
6 1089760049479 10
6 1089760049526 11
6 1089760049527 14
6 1089760049528 17
6 1089760049529 178
6 1089760049530 30
6 1089760049531 158
6 1089760049532 95
6 1089760049533 9
6 1089760049534 107
6 1089760049535 886
6 1089760049536 31
6 1089760049537 17
6 1089760049538 10
6 1089760049539 28
6 1089760049540 45
6 1089760049541 287
6 1089760049542 1223
6 1089760049543 18
6 1089760049544 43
6 1089760049545 19
6 1089760049546 65
6 1089760049547 36
6 1089760049548 1222
6 1089760049549 22
6 1089760049550 22
6 1089760049551 21
6 1089760049552 21
6 1089760049553 196
6 1089760049554 19
6 1089760049555 107
6 1089760049556 193
6 1089760049557 22
6 1089760049558 258
6 1089760049559 622
6 1089760049560 18
6 1089760049561 351
6 1089760049562 769
6 1089760049563 23
6 1089760049564 27
6 1089760049565 13
6 1089760049566 17
6 1089760049567 19
6 1089760049568 19
6 1089760049569 57
6 1089760049570 45
6 1089760049571 36
6 1089760049572 31
6 1089760049573 18
6 1089760050007 226
6 1089760050008 5
6 1089760050009 16
6 1089760050010 17
6 1089760050011 18
6 1089760050012 22
6 1089760050013 15
6 1089760050014 25
6 1089760050015 24
6 1089760050016 148
6 1089760050017 63
6 1089760050018 133
6 1089760050019 15
6 1089760050020 109
6 1089760050021 23
6 1089760050022 154
6 1089760050023 24
6 1089760050024 16
6 1089760050025 55
6 1089760050026 443
6 1089760050027 35
6 1089760050028 70
6 1089760050029 38
6 1089760050030 99
6 1089760050031 97
6 1089760050032 68
6 1089760050033 18
6 1089760050034 41
6 1089760050035 44
6 1089760050036 22
6 1089760050037 19
6 1089760050038 9
6 1089760050039 30
6 1089760050040 24
6 1089760050041 14
6 1089760050042 496
6 1089760050043 264
6 1089760050044 14
6 1089760050045 300
6 1089760050046 11
6 1089760050047 24
6 1089760050048 77
6 1089760050049 38
6 1089760050050 15
6 1089760050051 16
6 1089760050052 709
6 1089760050053 105
6 1089760050054 14
6 1089760051220 4
6 1089760051221 4
6 1089760051250 4
6 1089760051251 4
6 1089760051280 4
6 1089760051281 4
6 1089760051310 4
6 1089760051311 4
6 1089760051340 4
6 1089760051341 4
6 1089760051370 4
6 1089760051371 4
6 1089760051426 4
6 1089760051427 4
6 1089760051434 4
6 1089760051435 4
6 1089760051508 4
6 1089760051509 4
6 1089760051518 4
6 1089760051519 4
6 1089760051522 4
6 1089760051523 4
6 1089760051570 4
6 1089760051571 4
6 1089760051576 4
6 1089760051577 4
6 1089760051638 4
6 1089760051639 4
6 1089760051642 4
6 1089760051643 4
6 1089760051662 4
6 1089760051663 4
6 1089760051712 91
6 1089760051713 15
6 1089760051714 216
6 1089760051715 9
6 1089760051716 59
6 1089760051717 21
6 1089760051718 493
6 1089760051719 14
6 1089760051720 152
6 1089760051721 21
6 1089760051722 28
6 1089760051723 29
6 1089760051724 21
6 1089760051725 18
6 1089760051726 14
6 1089760051727 648
6 1089760051728 29
6 1089760051729 9
6 1089760051730 52
6 1089760051731 14
6 1089760051732 21
6 1089760051733 35
6 1089760051734 48
6 1089760051735 21
6 1089760051736 15
6 1089760051737 20
6 1089760051738 20
6 1089760051739 166
6 1089760051740 778
6 1089760051741 12
6 1089760051742 1536
6 1089760051743 24
6 1089760051744 36
6 1089760051745 11
6 1089760051746 14
6 1089760051747 158
6 1089760051748 17
6 1089760051749 54
6 1089760051750 26
6 1089760051751 110
6 1089760051752 16
6 1089760051753 11
6 1089760051754 21
6 1089760051755 108
6 1089760051756 11
6 1089760051757 14
6 1089760051758 21
6 1089760051759 28
6 1089760051760 17
6 1089760051761 17
6 1089760051762 18
6 1089760051763 392
6 1089760051764 26
6 1089760051765 12
6 1089760051766 26
6 1089760051767 17
6 1089760051768 25
6 1089760051769 174
6 1089760051770 16
6 1089760051771 28
6 1089760051772 15
6 1089760051773 76
6 1089760051774 13
6 1089760051775 390
6 1089760051776 15
6 1089760051777 78
6 1089760051778 18
6 1089760051779 87
6 1089760051780 14
6 1089760051781 25
6 1089760051782 44
6 1089760051783 15
6 1089760051784 25
6 1089760051785 764
6 1089760051786 171
6 1089760051787 141
6 1089760051788 14
6 1089760051789 17
6 1089760051790 170
6 1089760051791 44
6 1089760051792 10
6 1089760051793 22
6 1089760051794 1759
6 1089760051795 18
6 1089760051796 20
6 1089760051797 55
6 1089760051798 49
6 1089760051799 134
6 1089760051800 19
6 1089760051801 18
6 1089760051802 5
6 1089760051803 17
6 1089760051804 13
6 1089760051805 18
6 1089760051806 24
6 1089760051807 20
6 1089760051808 15
6 1089760051809 24
6 1089760051810 29
6 1089760051811 18
6 1089760051812 177
6 1089760051813 226
6 1089760051814 14
6 1089760051815 673
6 1089760051816 109
6 1089760051817 20
6 1089760051818 31
6 1089760051819 15
6 1089760051820 191
6 1089760051821 82
6 1089760051822 166
6 1089760051823 27
6 1089760051824 29
6 1089760051825 253
6 1089760051826 23
6 1089760051827 70
6 1089760051828 25
6 1089760051829 17
6 1089760051830 19
6 1089760051831 194
6 1089760051832 24
6 1089760051833 25
6 1089760051834 52
6 1089760051835 26
6 1089760051836 113
6 1089760051837 13
6 1089760051838 13
6 1089760051839 15
6 1089760051840 131
6 1089760051841 292
6 1089760051842 22
6 1089760051843 28
6 1089760051844 36
6 1089760051845 12
6 1089760051846 367
6 1089760051847 61
6 1089760051848 15
6 1089760051849 565
6 1089760051850 29
6 1089760051851 31
6 1089760051852 39
6 1089760051853 192
6 1089760051854 11
6 1089760051855 14
6 1089760051856 50
6 1089760051857 29
6 1089760051858 22
6 1089760051859 21
6 1089760051860 18
6 1089760051861 31
6 1089760051862 95
6 1089760051863 17
6 1089760051864 19
6 1089760051865 23
6 1089760051866 26
6 1089760051867 15
6 1089760051868 225
6 1089760051869 15
6 1089760051870 12
6 1089760051871 329
6 1089760051872 15
6 1089760051873 20
6 1089760051874 28
6 1089760051875 56
6 1089760051876 348
6 1089760051877 24
6 1089760051878 17
6 1089760051879 15
6 1089760051880 21
6 1089760051881 43
6 1089760051882 27
6 1089760051883 153
6 1089760051884 296
6 1089760051885 552
6 1089760051886 13
6 1089760051887 20
6 1089760051888 138
6 1089760051889 17
6 1089760051890 104
6 1089760051891 23
6 1089760051892 15
6 1089760051893 25
6 1089760051894 23
6 1089760051895 13
6 1089760051896 142
6 1089760051897 54
6 1089760051898 454
6 1089760051899 66
6 1089760051900 18
6 1089760051901 22
6 1089760051902 13
6 1089760051903 225
6 1089760051904 947
6 1089760051905 100
6 1089760051906 161
6 1089760051907 66
6 1089760051908 14
6 1089760051909 16
6 1089760051910 15
6 1089760051911 19
6 1089760051912 17
6 1089760051913 12
6 1089760051914 525
6 1089760051915 12
6 1089760051916 113
6 1089760051917 243
6 1089760051918 20
6 1089760051919 23
6 1089760051920 12
6 1089760051921 19
6 1089760051922 20
6 1089760051923 135
6 1089760051924 23
6 1089760051925 14
6 1089760051926 13
6 1089760051927 12
6 1089760051928 24
6 1089760051929 18
6 1089760051930 17
6 1089760051931 340
6 1089760051932 18
6 1089760051933 14
6 1089760051934 22
6 1089760051935 126
6 1089760051936 19
6 1089760051937 16
6 1089760051938 26
6 1089760051939 147
6 1089760051940 22
6 1089760051941 20
6 1089760051942 54
6 1089760051943 14
6 1089760051944 116
6 1089760051945 15
6 1089760051946 24
6 1089760051947 20
6 1089760051948 24
6 1089760051949 22
6 1089760051950 87
6 1089760051951 54
6 1089760051952 9
6 1089760051953 16
6 1089760051954 60
6 1089760051955 20
6 1089760051956 20
6 1089760051957 16
6 1089760051958 20
6 1089760051959 38
6 1089760051960 23
6 1089760051961 17
6 1089760051962 151
6 1089760051963 11
6 1089760051964 611
6 1089760051965 18
6 1089760051966 31
6 1089760051967 11
6 1089760051968 28
6 1089760051969 17
6 1089760051970 103
6 1089760051971 12
6 1089760051972 22
6 1089760051973 14
6 1089760051974 14
6 1089760051975 161
6 1089760051976 19
6 1089760051977 26
6 1089760051978 141
6 1089760051979 30
6 1089760051980 33
6 1089760051981 23
6 1089760051982 25
6 1089760051983 17
6 1089760051984 129
6 1089760051985 33
6 1089760051986 31
6 1089760051987 121
6 1089760051988 13
6 1089760051989 20
6 1089760051990 28
6 1089760051991 1110
6 1089760051992 169
6 1089760051993 23
6 1089760051994 17
6 1089760051995 21
6 1089760051996 17
6 1089760051997 1345
6 1089760051998 130
6 1089760051999 23
6 1089760052000 1672
6 1089760052001 41
6 1089760052002 27
6 1089760052003 342
6 1089760052004 74
6 1089760052005 144
6 1089760052006 252
6 1089760052007 23
6 1089760052008 43
6 1089760052009 24
6 1089760052010 14
6 1089760052011 24
6 1089760052012 192
6 1089760052013 152
6 1089760052014 24
6 1089760052015 12
6 1089760052016 18
6 1089760052017 14
6 1089760052018 10
6 1089760052019 194
6 1089760052020 140
6 1089760052021 15
6 1089760052022 22
6 1089760052023 74
6 1089760052024 166
6 1089760052025 17
6 1089760052026 20
6 1089760052027 14
6 1089760052028 13
6 1089760052029 483
6 1089760052030 165
6 1089760052031 17
6 1089760052032 234
6 1089760052033 14
6 1089760052034 24
6 1089760052035 18
6 1089760052036 131
6 1089760052037 137
6 1089760052038 32
6 1089760052039 21
6 1089760052040 19
6 1089760052041 17
6 1089760052042 17
6 1089760052043 632
6 1089760052044 32
6 1089760052045 100
6 1089760052046 10
6 1089760052047 20
6 1089760052048 19
6 1089760052049 16
6 1089760052050 21
6 1089760052051 37
6 1089760052052 16
6 1089760052053 18
6 1089760052054 326
6 1089760052055 15
6 1089760052056 17
6 1089760052057 335
6 1089760052058 362
6 1089760052059 21
6 1089760052060 51
6 1089760052061 86
6 1089760052062 17
6 1089760052063 198
6 1089760052064 195
6 1089760052065 333
6 1089760052066 9
6 1089760052067 150
6 1089760052068 124
6 1089760052069 23
6 1089760052070 14
6 1089760052071 21
6 1089760052072 159
6 1089760052073 131
6 1089760052074 37
6 1089760052075 33
6 1089760052076 333
6 1089760052077 17
6 1089760052078 12
6 1089760052079 12
6 1089760052080 183
6 1089760052081 109
6 1089760052082 29
6 1089760052083 21
6 1089760052084 22
6 1089760052085 18
6 1089760052086 17
6 1089760052087 17
6 1089760052088 19
6 1089760052089 29
6 1089760052090 13
6 1089760052091 22
6 1089760052092 22
6 1089760052093 22
6 1089760052094 25
6 1089760052095 13
6 1089760052096 26
6 1089760052097 20
6 1089760052098 20
6 1089760052099 19
6 1089760052100 20
6 1089760052101 25
6 1089760052102 19
6 1089760052103 42
6 1089760052104 15
6 1089760052105 15
6 1089760052106 23
6 1089760052107 18
6 1089760052108 17
6 1089760052109 11
6 1089760052110 20
6 1089760052111 77
6 1089760052112 14
6 1089760052113 135
6 1089760052114 17
6 1089760052115 77
6 1089760052116 17
6 1089760052117 15
6 1089760052118 759
6 1089760052119 191
6 1089760052120 12
6 1089760052121 43
6 1089760052122 11
6 1089760052123 24
6 1089760052124 22
6 1089760052125 13
6 1089760052126 79
6 1089760052127 22
6 1089760052128 14
6 1089760052129 98
6 1089760052130 428
6 1089760052131 389
6 1089760052132 20
6 1089760052133 29
6 1089760052134 15
6 1089760052135 22
6 1089760052136 20
6 1089760052137 229
6 1089760052138 16
6 1089760052139 235
6 1089760052140 19
6 1089760052141 23
6 1089760052142 14
6 1089760052143 17
6 1089760052144 26
6 1089760052145 21
6 1089760052146 12
6 1089760052147 16
6 1089760052148 19
6 1089760052149 83
6 1089760052150 21
6 1089760052151 19
6 1089760052152 213
6 1089760052153 41
6 1089760052154 51
6 1089760052155 15
6 1089760052156 116
6 1089760052157 25
6 1089760052158 12
6 1089760052159 28
6 1089760052160 18
6 1089760052161 15
6 1089760052162 37
6 1089760052163 22
6 1089760052164 26
6 1089760052165 13
6 1089760052166 190
6 1089760052167 59
6 1089760052168 16
6 1089760052169 121
6 1089760052170 48
6 1089760052171 18
6 1089760052172 341
6 1089760052173 7
6 1089760052174 19
6 1089760052175 77
6 1089760052176 16
6 1089760052177 396
6 1089760052178 23
6 1089760052179 81
6 1089760052180 32
6 1089760052181 31
6 1089760052182 26
6 1089760052183 20
6 1089760052184 23
6 1089760052185 37
6 1089760052186 227
6 1089760052187 146
6 1089760052188 74
6 1089760052189 21
6 1089760052190 353
6 1089760052191 17
6 1089760052192 19
6 1089760052193 32
6 1089760052194 28
6 1089760052195 21
6 1089760052196 25
6 1089760052197 187
6 1089760052198 130
6 1089760052199 90
6 1089760052200 17
6 1089760052201 30
6 1089760052202 20
6 1089760052203 18
6 1089760052204 170
6 1089760052205 20
6 1089760052206 30
6 1089760052207 23
6 1089760052208 47
6 1089760052209 29
6 1089760052210 19
6 1089760052211 36
6 1089760052212 173
6 1089760052213 179
6 1089760052214 10
6 1089760052215 18
6 1089760052216 1922
6 1089760052217 21
6 1089760052218 71
6 1089760052219 164
6 1089760052220 28
6 1089760052221 15
6 1089760052222 179
6 1089760052223 14
6 1089760052304 127
6 1089760052305 257
6 1089760052306 48
6 1089760052307 59
6 1089760052308 13
6 1089760052309 27
6 1089760052310 26
6 1089760052311 138
6 1089760052424 476
6 1089760052425 31
6 1089760052426 156
6 1089760052427 44
6 1089760052428 80
6 1089760052429 116
6 1089760052430 15
6 1089760052431 38
6 1089760052544 21
6 1089760052545 171
6 1089760052546 197
6 1089760052547 60
6 1089760052548 32
6 1089760052549 19
6 1089760052550 2046
6 1089760052551 76
6 1089760052664 343
6 1089760052665 114
6 1089760052666 27
6 1089760052667 23
6 1089760052668 125
6 1089760052669 20
6 1089760052670 22
6 1089760052671 38
6 1089760052784 96
6 1089760052785 55
6 1089760052786 222
6 1089760052787 47
6 1089760052788 17
6 1089760052789 23
6 1089760052790 299
6 1089760052791 11
6 1089760052904 28
6 1089760052905 24
6 1089760052906 27
6 1089760052907 29
6 1089760052908 381
6 1089760052909 19
6 1089760052910 31
6 1089760052911 28
6 1089760053128 25
6 1089760053129 31
6 1089760053130 361
6 1089760053131 14
6 1089760053132 110
6 1089760053133 73
6 1089760053134 15
6 1089760053135 20
6 1089760053160 25
6 1089760053161 18
6 1089760053162 112
6 1089760053163 24
6 1089760053164 12
6 1089760053165 17
6 1089760053166 8
6 1089760053167 28
6 1089760053456 24
6 1089760053457 30
6 1089760053458 31
6 1089760053459 110
6 1089760053460 20
6 1089760053461 14
6 1089760053462 23
6 1089760053463 16
6 1089760053496 15
6 1089760053497 103
6 1089760053498 10
6 1089760053499 32
6 1089760053500 127
6 1089760053501 14
6 1089760053502 394
6 1089760053503 22
6 1089760053512 26
6 1089760053513 28
6 1089760053514 77
6 1089760053515 24
6 1089760053516 252
6 1089760053517 22
6 1089760053518 314
6 1089760053519 10
6 1089760053704 31
6 1089760053705 232
6 1089760053706 32
6 1089760053707 27
6 1089760053708 54
6 1089760053709 23
6 1089760053710 37
6 1089760053711 823
6 1089760053728 149
6 1089760053729 39
6 1089760053730 37
6 1089760053731 33
6 1089760053732 161
6 1089760053733 23
6 1089760053734 33
6 1089760053735 28
6 1089760053976 95
6 1089760053977 64
6 1089760053978 23
6 1089760053979 32
6 1089760053980 385
6 1089760053981 31
6 1089760053982 38
6 1089760053983 63
6 1089760053992 1314
6 1089760053993 29
6 1089760053994 35
6 1089760053995 102
6 1089760053996 33
6 1089760053997 264
6 1089760053998 34
6 1089760053999 214
6 1089760054072 404
6 1089760054073 31
6 1089760054074 31
6 1089760054075 28
6 1089760054076 29
6 1089760054077 47
6 1089760054078 30
6 1089760054079 76
7 1089760034832 40
7 1089760034833 20
7 1089760034834 33
7 1089760034835 104
7 1089760034836 93
7 1089760034837 26
7 1089760034838 18
7 1089760034839 58
7 1089760034840 202
7 1089760034841 91
7 1089760034842 277
7 1089760034843 64
7 1089760034844 30
7 1089760034845 108
7 1089760034846 40
7 1089760034847 29
7 1089760035072 529
7 1089760035073 18
7 1089760035074 43
7 1089760035075 122
7 1089760035076 30
7 1089760035077 191
7 1089760035078 41
7 1089760035079 24
7 1089760035080 224
7 1089760035081 146
7 1089760035082 43
7 1089760035083 35
7 1089760035084 16
7 1089760035085 24
7 1089760035086 111
7 1089760035087 36
7 1089760035312 22
7 1089760035313 73
7 1089760035314 144
7 1089760035315 39
7 1089760035316 336
7 1089760035317 57
7 1089760035318 115
7 1089760035319 107
7 1089760035320 20
7 1089760035321 26
7 1089760035322 210
7 1089760035323 200
7 1089760035324 54
7 1089760035325 81
7 1089760035326 43
7 1089760035327 22
7 1089760035552 34
7 1089760035553 47
7 1089760035554 378
7 1089760035555 29
7 1089760035556 114
7 1089760035557 111
7 1089760035558 24
7 1089760035559 30
7 1089760035560 28
7 1089760035561 426
7 1089760035562 54
7 1089760035563 286
7 1089760035564 26
7 1089760035565 16
7 1089760035566 107
7 1089760035567 30
7 1089760035792 28
7 1089760035793 45
7 1089760035794 82
7 1089760035795 197
7 1089760035796 152
7 1089760035797 191
7 1089760035798 115
7 1089760035799 49
7 1089760035800 46
7 1089760035801 140
7 1089760035802 30
7 1089760035803 28
7 1089760035804 46
7 1089760035805 335
7 1089760035806 193
7 1089760035807 74
7 1089760036032 19
7 1089760036033 27
7 1089760036034 23
7 1089760036035 20
7 1089760036036 236
7 1089760036037 27
7 1089760036038 28
7 1089760036039 79
7 1089760036040 175
7 1089760036041 307
7 1089760036042 79
7 1089760036043 38
7 1089760036044 155
7 1089760036045 22
7 1089760036046 32
7 1089760036047 100
7 1089760036320 211
7 1089760036321 31
7 1089760036322 32
7 1089760036323 36
7 1089760036324 26
7 1089760036325 8
7 1089760036326 71
7 1089760036327 49
7 1089760036328 230
7 1089760036329 26
7 1089760036330 74
7 1089760036331 145
7 1089760036332 1522
7 1089760036333 26
7 1089760036334 23
7 1089760036335 160
7 1089760036400 30
7 1089760036401 186
7 1089760036402 14
7 1089760036403 18
7 1089760036404 43
7 1089760036405 94
7 1089760036406 26
7 1089760036407 20
7 1089760036408 87
7 1089760036409 28
7 1089760036410 29
7 1089760036411 106
7 1089760036412 376
7 1089760036413 53
7 1089760036414 20
7 1089760036415 24
7 1089760036448 296
7 1089760036449 23
7 1089760036450 97
7 1089760036451 22
7 1089760036452 30
7 1089760036453 70
7 1089760036454 235
7 1089760036455 24
7 1089760036456 35
7 1089760036457 568
7 1089760036458 20
7 1089760036459 24
7 1089760036460 242
7 1089760036461 99
7 1089760036462 162
7 1089760036463 86
7 1089760036464 20
7 1089760036465 16
7 1089760036466 20
7 1089760036467 91
7 1089760036468 22
7 1089760036469 90
7 1089760036470 45
7 1089760036471 26
7 1089760036472 26
7 1089760036473 64
7 1089760036474 60
7 1089760036475 35
7 1089760036476 18
7 1089760036477 29
7 1089760036478 24
7 1089760036479 45
7 1089760036864 57
7 1089760036865 176
7 1089760036866 343
7 1089760036867 152
7 1089760036868 57
7 1089760036869 145
7 1089760036870 27
7 1089760036871 181
7 1089760036872 492
7 1089760036873 235
7 1089760036874 22
7 1089760036875 255
7 1089760036876 40
7 1089760036877 30
7 1089760036878 36
7 1089760036879 14
7 1089760037440 28
7 1089760037441 24
7 1089760037442 40
7 1089760037443 163
7 1089760037444 22
7 1089760037445 34
7 1089760037446 99
7 1089760037447 29
7 1089760037448 26
7 1089760037449 39
7 1089760037450 106
7 1089760037451 35
7 1089760037452 26
7 1089760037453 164
7 1089760037454 158
7 1089760037455 80
7 1089760037760 8
7 1089760037761 2
7 1089760037762 12
7 1089760037763 16
7 1089760037764 95
7 1089760037765 12
7 1089760037766 12
7 1089760037767 10
7 1089760037768 14
7 1089760037769 8
7 1089760037770 10
7 1089760037771 12
7 1089760037772 16
7 1089760037773 6
7 1089760037774 20
7 1089760037775 12
7 1089760037792 8
7 1089760037793 18
7 1089760037794 8
7 1089760037795 8
7 1089760037796 8
7 1089760037797 20
7 1089760037798 8
7 1089760037799 10
7 1089760037800 6
7 1089760037801 12
7 1089760037802 12
7 1089760037803 12
7 1089760037804 10
7 1089760037805 10
7 1089760037806 12
7 1089760037807 23
7 1089760037904 10
7 1089760037905 6
7 1089760037906 10
7 1089760037907 2
7 1089760037908 14
7 1089760037909 16
7 1089760037910 22
7 1089760037911 365
7 1089760037912 2
7 1089760037913 4
7 1089760037914 78
7 1089760037915 12
7 1089760037916 12
7 1089760037917 10
7 1089760037918 16
7 1089760037919 10
7 1089760038176 4
7 1089760038177 14
7 1089760038178 8
7 1089760038179 62
7 1089760038180 10
7 1089760038181 4
7 1089760038182 31
7 1089760038183 10
7 1089760038184 164
7 1089760038185 25
7 1089760038186 62
7 1089760038187 10
7 1089760038188 18
7 1089760038189 12
7 1089760038190 4
7 1089760038191 16
7 1089760038400 12
7 1089760038401 10
7 1089760038402 8
7 1089760038403 14
7 1089760038404 14
7 1089760038405 12
7 1089760038406 16
7 1089760038407 4
7 1089760038408 14
7 1089760038409 12
7 1089760038410 10
7 1089760038411 10
7 1089760038412 4
7 1089760038413 6
7 1089760038414 12
7 1089760038415 63
7 1089760038496 8
7 1089760038497 24
7 1089760038498 6
7 1089760038499 12
7 1089760038500 8
7 1089760038501 16
7 1089760038502 40
7 1089760038503 14
7 1089760038504 8
7 1089760038505 4
7 1089760038506 14
7 1089760038507 12
7 1089760038508 8
7 1089760038509 8
7 1089760038510 12
7 1089760038511 16
7 1089760038784 6
7 1089760038785 14
7 1089760038786 12
7 1089760038787 10
7 1089760038788 14
7 1089760038789 131
7 1089760038790 12
7 1089760038791 6
7 1089760038792 8
7 1089760038793 10
7 1089760038794 4
7 1089760038795 4
7 1089760038796 8
7 1089760038797 10
7 1089760038798 14
7 1089760038799 4
7 1089760038896 12
7 1089760038897 6
7 1089760038898 10
7 1089760038899 172
7 1089760038900 8
7 1089760038901 8
7 1089760038902 18
7 1089760038903 10
7 1089760038904 8
7 1089760038905 14
7 1089760038906 8
7 1089760038907 10
7 1089760038908 16
7 1089760038909 160
7 1089760038910 16
7 1089760038911 18
7 1089760038960 5
7 1089760038961 25
7 1089760038962 14
7 1089760038963 35
7 1089760038964 108
7 1089760038965 53
7 1089760038966 48
7 1089760038967 143
7 1089760038968 14
7 1089760038969 18
7 1089760038970 47
7 1089760038971 17
7 1089760038972 118
7 1089760038973 13
7 1089760038974 15
7 1089760038975 119
7 1089760038976 18
7 1089760038977 22
7 1089760038978 39
7 1089760038979 43
7 1089760038980 6
7 1089760038981 35
7 1089760038982 37
7 1089760038983 21
7 1089760038984 6
7 1089760038985 165
7 1089760038986 147
7 1089760038987 11
7 1089760038988 27
7 1089760038989 43
7 1089760038990 11
7 1089760038991 17
7 1089760038992 19
7 1089760038993 752
7 1089760038994 38
7 1089760038995 24
7 1089760038996 28
7 1089760038997 17
7 1089760038998 567
7 1089760038999 122
7 1089760039000 51
7 1089760039001 32
7 1089760039002 18
7 1089760039003 84
7 1089760039004 72
7 1089760039005 19
7 1089760039678 2
7 1089760039679 20
7 1089760039680 3
7 1089760039681 335
7 1089760039682 20
7 1089760039683 36
7 1089760039684 22
7 1089760039685 21
7 1089760039686 6
7 1089760039687 11
7 1089760039688 28
7 1089760039689 117
7 1089760039690 255
7 1089760039691 291
7 1089760039692 33
7 1089760039693 56
7 1089760039694 13
7 1089760039695 58
7 1089760039696 17
7 1089760039697 250
7 1089760039698 25
7 1089760039699 21
7 1089760039700 18
7 1089760039701 133
7 1089760039702 15
7 1089760039703 114
7 1089760039704 79
7 1089760039705 21
7 1089760039706 56
7 1089760039707 5
7 1089760039708 141
7 1089760039709 15
7 1089760039710 256
7 1089760039711 10
7 1089760039712 35
7 1089760039713 16
7 1089760039714 264
7 1089760039715 28
7 1089760039716 9
7 1089760039717 16
7 1089760039718 25
7 1089760039719 24
7 1089760039720 225
7 1089760039721 399
7 1089760039722 345
7 1089760039723 28
7 1089760039724 27
7 1089760039725 106
7 1089760039726 5
7 1089760040396 20
7 1089760040397 94
7 1089760040398 26
7 1089760040399 628
7 1089760040400 497
7 1089760040401 21
7 1089760040402 18
7 1089760040403 254
7 1089760040404 54
7 1089760040405 21
7 1089760040406 3
7 1089760040407 9
7 1089760040408 22
7 1089760040409 112
7 1089760040410 17
7 1089760040411 49
7 1089760040412 148
7 1089760040413 20
7 1089760040414 88
7 1089760040415 252
7 1089760040416 92
7 1089760040417 51
7 1089760040418 17
7 1089760040419 17
7 1089760040420 147
7 1089760040421 195
7 1089760040422 17
7 1089760040423 25
7 1089760040424 68
7 1089760040425 32
7 1089760040426 47
7 1089760040427 719
7 1089760040428 443
7 1089760040429 89
7 1089760040430 1372
7 1089760040431 18
7 1089760040432 119
7 1089760040433 145
7 1089760040434 152
7 1089760040435 206
7 1089760040436 144
7 1089760040437 166
7 1089760040438 301
7 1089760040439 21
7 1089760040440 364
7 1089760040441 15
7 1089760041107 9
7 1089760041108 16
7 1089760041109 14
7 1089760041110 27
7 1089760041111 145
7 1089760041112 209
7 1089760041113 5
7 1089760041114 14
7 1089760041115 279
7 1089760041116 40
7 1089760041117 12
7 1089760041118 9
7 1089760041119 21
7 1089760041120 60
7 1089760041121 244
7 1089760041122 15
7 1089760041123 196
7 1089760041124 69
7 1089760041125 22
7 1089760041126 154
7 1089760041127 168
7 1089760041128 136
7 1089760041129 64
7 1089760041130 73
7 1089760041131 61
7 1089760041132 9
7 1089760041133 273
7 1089760041134 28
7 1089760041135 80
7 1089760041136 163
7 1089760041137 104
7 1089760041138 30
7 1089760041139 23
7 1089760041140 13
7 1089760041141 236
7 1089760041142 61
7 1089760041143 49
7 1089760041144 50
7 1089760041145 26
7 1089760041146 69
7 1089760041147 19
7 1089760041148 173
7 1089760041149 917
7 1089760041150 16
7 1089760041151 17
7 1089760041152 375
7 1089760041153 15
7 1089760041829 49
7 1089760041830 329
7 1089760041831 11
7 1089760041832 190
7 1089760041833 213
7 1089760041834 17
7 1089760041835 24
7 1089760041836 20
7 1089760041837 120
7 1089760041838 18
7 1089760041839 16
7 1089760041840 194
7 1089760041841 30
7 1089760041842 23
7 1089760041843 147
7 1089760041844 148
7 1089760041846 608
7 1089760041847 9
7 1089760041848 62
7 1089760041849 24
7 1089760041850 20
7 1089760041851 151
7 1089760041852 546
7 1089760041853 436
7 1089760041854 325
7 1089760041855 38
7 1089760041856 119
7 1089760041857 503
7 1089760041858 19
7 1089760041859 314
7 1089760041860 22
7 1089760041861 215
7 1089760041862 43
7 1089760041863 9
7 1089760041864 10
7 1089760041865 122
7 1089760041866 160
7 1089760041867 24
7 1089760041868 16
7 1089760041869 20
7 1089760041870 45
7 1089760041871 160
7 1089760041872 49
7 1089760041873 42
7 1089760041874 44
7 1089760042559 4
7 1089760042560 12
7 1089760042561 14
7 1089760042562 314
7 1089760042563 15
7 1089760042564 195
7 1089760042565 17
7 1089760042566 36
7 1089760042567 122
7 1089760042568 11
7 1089760042569 20
7 1089760042570 106
7 1089760042571 36
7 1089760042572 35
7 1089760042573 16
7 1089760042574 51
7 1089760042575 165
7 1089760042576 9
7 1089760042577 212
7 1089760042578 18
7 1089760042579 10
7 1089760042580 28
7 1089760042581 24
7 1089760042582 18
7 1089760042583 34
7 1089760042584 382
7 1089760042585 76
7 1089760042586 28
7 1089760042587 212
7 1089760042588 58
7 1089760042589 20
7 1089760042590 268
7 1089760042591 31
7 1089760042592 13
7 1089760042593 116
7 1089760042594 203
7 1089760042595 13
7 1089760042596 77
7 1089760042597 18
7 1089760042598 19
7 1089760042599 21
7 1089760042600 242
7 1089760042601 5
7 1089760042602 27
7 1089760042603 74
7 1089760042604 31
7 1089760042605 202
7 1089760042606 21
7 1089760042607 20
7 1089760042608 121
7 1089760043421 36
7 1089760043422 506
7 1089760043423 33
7 1089760043424 30
7 1089760043425 95
7 1089760043426 159
7 1089760043427 46
7 1089760043428 28
7 1089760043429 47
7 1089760043430 28
7 1089760043431 65
7 1089760043432 35
7 1089760043433 57
7 1089760043434 16
7 1089760043435 24
7 1089760043436 14
7 1089760043437 15
7 1089760043438 15
7 1089760043440 22
7 1089760043441 149
7 1089760043442 14
7 1089760043443 21
7 1089760043444 19
7 1089760043445 21
7 1089760043446 22
7 1089760043447 20
7 1089760043448 20
7 1089760043449 21
7 1089760043450 29
7 1089760043451 8
7 1089760043452 23
7 1089760043453 22
7 1089760043454 11
7 1089760043455 88
7 1089760043456 14
7 1089760043457 27
7 1089760043458 33
7 1089760043459 18
7 1089760043460 18
7 1089760043461 14
7 1089760043462 20
7 1089760043464 38
7 1089760043465 84
7 1089760043466 35
7 1089760043467 40
7 1089760043468 22
7 1089760043469 10
7 1089760043657 57
7 1089760043658 89
7 1089760043659 28
7 1089760043660 34
7 1089760043661 67
7 1089760043662 21
7 1089760043663 13
7 1089760043664 31
7 1089760043665 442
7 1089760043666 15
7 1089760043667 17
7 1089760043668 21
7 1089760043669 22
7 1089760043670 74
7 1089760043671 21
7 1089760043672 42
7 1089760043673 18
7 1089760043674 434
7 1089760043675 123
7 1089760043676 97
7 1089760043677 29
7 1089760043678 82
7 1089760043679 38
7 1089760043680 9
7 1089760043681 21
7 1089760043682 18
7 1089760043683 26
7 1089760043684 4
7 1089760043685 1108
7 1089760043686 23
7 1089760043687 18
7 1089760043688 20
7 1089760043689 36
7 1089760043690 113
7 1089760043691 20
7 1089760043692 149
7 1089760043693 142
7 1089760043694 77
7 1089760043695 59
7 1089760043696 14
7 1089760043697 58
7 1089760043698 67
7 1089760043699 12
7 1089760043700 6
7 1089760043701 54
7 1089760043702 99
7 1089760043703 215
7 1089760043704 15
7 1089760043705 24
7 1089760043706 6
7 1089760043802 6
7 1089760043803 15
7 1089760043804 103
7 1089760043805 106
7 1089760043806 17
7 1089760043807 15
7 1089760043808 182
7 1089760043809 9
7 1089760043810 20
7 1089760043811 20
7 1089760043812 13
7 1089760043813 23
7 1089760043814 12
7 1089760043815 182
7 1089760043816 16
7 1089760043817 10
7 1089760043818 18
7 1089760043819 159
7 1089760043820 27
7 1089760043821 12
7 1089760043822 13
7 1089760043823 13
7 1089760043824 36
7 1089760043825 212
7 1089760043826 20
7 1089760043827 419
7 1089760043828 12
7 1089760043829 20
7 1089760043830 28
7 1089760043831 30
7 1089760043832 43
7 1089760043833 27
7 1089760043834 21
7 1089760043835 16
7 1089760043836 12
7 1089760043837 33
7 1089760043838 134
7 1089760043839 185
7 1089760043840 16
7 1089760043841 133
7 1089760043842 31
7 1089760043843 21
7 1089760043844 19
7 1089760043845 13
7 1089760043846 416
7 1089760043847 38
7 1089760043848 199
7 1089760043849 426
7 1089760043850 45
7 1089760043851 39
7 1089760043852 22
7 1089760043853 284
7 1089760043854 10
7 1089760043855 26
7 1089760043856 481
7 1089760043857 23
7 1089760043858 134
7 1089760043859 18
7 1089760043860 159
7 1089760043861 67
7 1089760043862 118
7 1089760043863 118
7 1089760043864 34
7 1089760043865 50
7 1089760043866 226
7 1089760043867 512
7 1089760043868 31
7 1089760043869 11
7 1089760043870 64
7 1089760043871 30
7 1089760043872 225
7 1089760043873 22
7 1089760043874 62
7 1089760043875 78
7 1089760043876 27
7 1089760043877 12
7 1089760043878 15
7 1089760043879 25
7 1089760043880 19
7 1089760043881 24
7 1089760043882 184
7 1089760043883 356
7 1089760043884 18
7 1089760043885 142
7 1089760043886 20
7 1089760043887 23
7 1089760043888 133
7 1089760043889 38
7 1089760043890 268
7 1089760043891 12
7 1089760043892 15
7 1089760043893 55
7 1089760043894 30
7 1089760043895 352
7 1089760043896 39
7 1089760045058 405
7 1089760045059 12
7 1089760045060 16
7 1089760045061 195
7 1089760045062 264
7 1089760045063 19
7 1089760045064 153
7 1089760045065 13
7 1089760045066 342
7 1089760045067 18
7 1089760045068 200
7 1089760045069 141
7 1089760045070 31
7 1089760045071 17
7 1089760045072 6
7 1089760045073 29
7 1089760045074 19
7 1089760045075 248
7 1089760045076 190
7 1089760045077 22
7 1089760045078 35
7 1089760045079 197
7 1089760045080 29
7 1089760045081 135
7 1089760045082 13
7 1089760045083 12
7 1089760045084 152
7 1089760045085 21
7 1089760045086 369
7 1089760045087 211
7 1089760045088 191
7 1089760045089 33
7 1089760045090 15
7 1089760045091 130
7 1089760045092 34
7 1089760045093 11
7 1089760045094 24
7 1089760045095 316
7 1089760045096 18
7 1089760045097 19
7 1089760045098 14
7 1089760045099 159
7 1089760045100 167
7 1089760045101 10
7 1089760045102 272
7 1089760045103 279
7 1089760045104 14
7 1089760045105 532
7 1089760046790 1
7 1089760046791 25
7 1089760046792 19
7 1089760046793 18
7 1089760046794 10
7 1089760046795 13
7 1089760046796 333
7 1089760046797 24
7 1089760046798 31
7 1089760046799 23
7 1089760046800 159
7 1089760046801 18
7 1089760046802 269
7 1089760046803 41
7 1089760046804 11
7 1089760046805 6
7 1089760046806 145
7 1089760046807 203
7 1089760046808 13
7 1089760046809 19
7 1089760046810 160
7 1089760046811 23
7 1089760046812 22
7 1089760046813 294
7 1089760046814 145
7 1089760046815 114
7 1089760046816 39
7 1089760046817 678
7 1089760046818 573
7 1089760046819 182
7 1089760046820 19
7 1089760046821 21
7 1089760046822 9
7 1089760046823 156
7 1089760046824 14
7 1089760046825 14
7 1089760046826 21
7 1089760046827 194
7 1089760046828 4
7 1089760046829 202
7 1089760046830 8
7 1089760046831 21
7 1089760046832 76
7 1089760046833 141
7 1089760046834 15
7 1089760046835 21
7 1089760046836 9
7 1089760046837 21
7 1089760046838 27
7 1089760046839 1
7 1089760047755 5
7 1089760047756 93
7 1089760047757 12
7 1089760047758 1
7 1089760047760 10
7 1089760047762 5
7 1089760047763 15
7 1089760047764 13
7 1089760047765 8
7 1089760047766 16
7 1089760047767 2
7 1089760047768 489
7 1089760047769 10
7 1089760047770 6
7 1089760047771 10
7 1089760047772 140
7 1089760047773 5
7 1089760047774 7
7 1089760047775 5
7 1089760047776 4
7 1089760047777 18
7 1089760047778 5
7 1089760047780 13
7 1089760047781 3
7 1089760047782 5
7 1089760047783 6
7 1089760047784 6
7 1089760047785 5
7 1089760047786 14
7 1089760047787 6
7 1089760047788 12
7 1089760047789 5
7 1089760047790 5
7 1089760047791 7
7 1089760047792 15
7 1089760047794 7
7 1089760047795 5
7 1089760047796 19
7 1089760047798 5
7 1089760047799 16
7 1089760047800 2
7 1089760047802 11
7 1089760047851 9
7 1089760047852 4
7 1089760047854 9
7 1089760047855 12
7 1089760047856 5
7 1089760047857 89
7 1089760047858 198
7 1089760047860 6
7 1089760047861 4
7 1089760047862 8
7 1089760047864 91
7 1089760047866 72
7 1089760047867 12
7 1089760047869 31
7 1089760047870 7
7 1089760047871 4
7 1089760047873 18
7 1089760047874 13
7 1089760047875 1
7 1089760047876 5
7 1089760047877 6
7 1089760047878 15
7 1089760047879 16
7 1089760047880 15
7 1089760047881 13
7 1089760047882 9
7 1089760047883 10
7 1089760047884 4
7 1089760047885 5
7 1089760047886 40
7 1089760047887 6
7 1089760047888 3
7 1089760047889 18
7 1089760047890 14
7 1089760047891 10
7 1089760047892 37
7 1089760047893 4
7 1089760047894 13
7 1089760047895 10
7 1089760047896 9
7 1089760047897 6
7 1089760048186 14
7 1089760048187 10
7 1089760048190 19
7 1089760048191 15
7 1089760048192 5
7 1089760048193 7
7 1089760048194 6
7 1089760048195 5
7 1089760048197 5
7 1089760048199 7
7 1089760048200 3
7 1089760048201 16
7 1089760048202 7
7 1089760048203 107
7 1089760048205 8
7 1089760048206 10
7 1089760048207 34
7 1089760048208 12
7 1089760048209 13
7 1089760048210 14
7 1089760048211 7
7 1089760048216 2
7 1089760048217 138
7 1089760048218 9
7 1089760048219 9
7 1089760048220 2
7 1089760048221 5
7 1089760048222 27
7 1089760048223 11
7 1089760048224 6
7 1089760048225 14
7 1089760048227 3
7 1089760048228 12
7 1089760048229 65
7 1089760048230 13
7 1089760048231 63
7 1089760048232 9
7 1089760048233 6
7 1089760048234 9
7 1089760048235 2
7 1089760048993 6
7 1089760048994 2
7 1089760048996 5
7 1089760048997 5
7 1089760048998 9
7 1089760048999 2
7 1089760049000 4
7 1089760049001 119
7 1089760049002 13
7 1089760049003 8
7 1089760049004 4
7 1089760049005 11
7 1089760049006 12
7 1089760049007 1
7 1089760049008 4
7 1089760049009 4
7 1089760049011 5
7 1089760049012 156
7 1089760049013 1
7 1089760049014 8
7 1089760049015 8
7 1089760049016 15
7 1089760049017 123
7 1089760049018 1
7 1089760049019 11
7 1089760049020 12
7 1089760049021 9
7 1089760049022 2
7 1089760049023 8
7 1089760049024 7
7 1089760049025 148
7 1089760049026 10
7 1089760049027 239
7 1089760049028 5
7 1089760049030 19
7 1089760049031 13
7 1089760049032 11
7 1089760049033 18
7 1089760049034 22
7 1089760049035 39
7 1089760049038 179
7 1089760049039 13
7 1089760049040 7
7 1089760049041 22
7 1089760049669 25
7 1089760049670 26
7 1089760049671 200
7 1089760049672 7
7 1089760049673 5
7 1089760049674 5
7 1089760049675 3
7 1089760049676 6
7 1089760049677 4
7 1089760049679 16
7 1089760049680 6
7 1089760049681 11
7 1089760049682 11
7 1089760049683 324
7 1089760049684 15
7 1089760049685 8
7 1089760049686 9
7 1089760049687 8
7 1089760049688 13
7 1089760049689 8
7 1089760049690 7
7 1089760049692 11
7 1089760049693 11
7 1089760049694 15
7 1089760049695 8
7 1089760049696 14
7 1089760049697 99
7 1089760049698 7
7 1089760049699 3
7 1089760049700 25
7 1089760049701 9
7 1089760049702 13
7 1089760049703 22
7 1089760049704 63
7 1089760049705 2
7 1089760049706 2
7 1089760049707 16
7 1089760049709 5
7 1089760049710 7
7 1089760049711 13
7 1089760049712 8
7 1089760049713 6
7 1089760049714 10
7 1089760049959 4
7 1089760049960 9
7 1089760049961 3
7 1089760049962 5
7 1089760049964 12
7 1089760049965 6
7 1089760049966 5
7 1089760049967 4
7 1089760049968 3
7 1089760049969 14
7 1089760049971 16
7 1089760049972 13
7 1089760049973 10
7 1089760049974 11
7 1089760049975 17
7 1089760049977 7
7 1089760049978 11
7 1089760049979 6
7 1089760049981 3
7 1089760049982 9
7 1089760049983 6
7 1089760049984 8
7 1089760049985 13
7 1089760049986 7
7 1089760049987 6
7 1089760049989 4
7 1089760049990 34
7 1089760049991 10
7 1089760049992 10
7 1089760049993 8
7 1089760049994 11
7 1089760049995 121
7 1089760049996 6
7 1089760049997 12
7 1089760049998 1
7 1089760049999 4
7 1089760050000 4
7 1089760050001 14
7 1089760050002 9
7 1089760050003 92
7 1089760050004 7
7 1089760050005 15
7 1089760050006 19
7 1089760050007 4
7 1089760050819 1
7 1089760050820 8
7 1089760050821 5
7 1089760050822 5
7 1089760050823 6
7 1089760050824 20
7 1089760050825 7
7 1089760050826 13
7 1089760050827 3
7 1089760050828 13
7 1089760050829 4
7 1089760050830 69
7 1089760050831 5
7 1089760050832 8
7 1089760050833 13
7 1089760050834 8
7 1089760050835 9
7 1089760050836 5
7 1089760050837 6
7 1089760050838 2
7 1089760050839 4
7 1089760050840 11
7 1089760050842 10
7 1089760050843 14
7 1089760050844 9
7 1089760050845 1
7 1089760050846 18
7 1089760050847 10
7 1089760050848 12
7 1089760050849 3
7 1089760050850 5
7 1089760050852 18
7 1089760050856 18
7 1089760050857 14
7 1089760050858 3
7 1089760050859 15
7 1089760050860 4
7 1089760050861 11
7 1089760050862 19
7 1089760050863 13
7 1089760050864 7
7 1089760050865 11
7 1089760050866 1
7 1089760051152 2
7 1089760051153 25
7 1089760051154 19
7 1089760051155 9
7 1089760051156 7
7 1089760051157 2
7 1089760051158 6
7 1089760051159 7
7 1089760051161 16
7 1089760051162 7
7 1089760051163 26
7 1089760051164 13
7 1089760051165 3
7 1089760051166 7
7 1089760051167 3
7 1089760051168 9
7 1089760051169 7
7 1089760051170 15
7 1089760051171 8
7 1089760051173 9
7 1089760051175 18
7 1089760051176 85
7 1089760051177 2
7 1089760051178 5
7 1089760051179 12
7 1089760051180 17
7 1089760051181 4
7 1089760051182 12
7 1089760051183 2
7 1089760051184 9
7 1089760051185 7
7 1089760051186 16
7 1089760051187 4
7 1089760051188 6
7 1089760051189 12
7 1089760051190 21
7 1089760051191 15
7 1089760051192 14
7 1089760051193 19
7 1089760051194 3
7 1089760051195 10
7 1089760051196 7
7 1089760051197 19
7 1089760051198 13
7 1089760051199 11
7 1089760051202 4
7 1089760051203 4
7 1089760051232 4
7 1089760051233 4
7 1089760051262 4
7 1089760051263 4
7 1089760051292 4
7 1089760051293 4
7 1089760051322 4
7 1089760051323 4
7 1089760051352 4
7 1089760051353 4
7 1089760051388 4
7 1089760051389 4
7 1089760051398 4
7 1089760051399 4
7 1089760051404 4
7 1089760051405 4
7 1089760051406 4
7 1089760051407 196
7 1089760051456 4
7 1089760051457 256
7 1089760051528 4
7 1089760051529 4
7 1089760051568 4
7 1089760051569 4
7 1089760051572 4
7 1089760051573 4
7 1089760051586 4
7 1089760051587 4
7 1089760051620 4
7 1089760051621 4
7 1089760051648 4
7 1089760051649 4
7 1089760051660 4
7 1089760051661 4
7 1089760051696 4
7 1089760051697 4
7 1089760051710 4
7 1089760051711 6
7 1089760051712 127
7 1089760051713 20
7 1089760051714 27
7 1089760051715 327
7 1089760051716 90
7 1089760051717 64
7 1089760051718 26
7 1089760051719 283
7 1089760051720 34
7 1089760051721 113
7 1089760051722 57
7 1089760051723 80
7 1089760051724 1145
7 1089760051725 27
7 1089760051726 25
7 1089760051727 50
7 1089760051728 159
7 1089760051729 28
7 1089760051730 33
7 1089760051731 26
7 1089760051732 53
7 1089760051733 45
7 1089760051734 17
7 1089760051735 65
7 1089760051736 32
7 1089760051737 523
7 1089760051738 46
7 1089760051739 50
7 1089760051740 173
7 1089760051741 191
7 1089760051742 38
7 1089760051743 198
7 1089760051744 22
7 1089760051745 26
7 1089760051746 215
7 1089760051747 26
7 1089760051748 34
7 1089760051749 59
7 1089760051750 294
7 1089760051751 369
7 1089760051752 42
7 1089760051753 694
7 1089760051754 107
7 1089760051755 56
7 1089760051756 45
7 1089760051757 81
7 1089760051758 38
7 1089760051759 26
7 1089760051760 85
7 1089760051761 330
7 1089760051762 682
7 1089760051763 26
7 1089760051764 29
7 1089760051765 42
7 1089760051766 1137
7 1089760051767 83
7 1089760051768 29
7 1089760051769 23
7 1089760051770 29
7 1089760051771 56
7 1089760051772 270
7 1089760051773 569
7 1089760051774 61
7 1089760051775 91
7 1089760051776 37
7 1089760051777 24
7 1089760051778 113
7 1089760051779 41
7 1089760051780 292
7 1089760051781 36
7 1089760051782 27
7 1089760051783 25
7 1089760051784 25
7 1089760051785 140
7 1089760051786 58
7 1089760051787 472
7 1089760051788 262
7 1089760051789 637
7 1089760051790 157
7 1089760051791 59
7 1089760051792 253
7 1089760051793 92
7 1089760051794 146
7 1089760051795 96
7 1089760051796 125
7 1089760051797 41
7 1089760051798 28
7 1089760051799 109
7 1089760051800 37
7 1089760051801 24
7 1089760051802 145
7 1089760051803 148
7 1089760051804 34
7 1089760051805 22
7 1089760051806 106
7 1089760051807 107
7 1089760051808 117
7 1089760051809 69
7 1089760051810 33
7 1089760051811 65
7 1089760051812 25
7 1089760051813 21
7 1089760051814 28
7 1089760051815 192
7 1089760051816 76
7 1089760051817 53
7 1089760051818 26
7 1089760051819 158
7 1089760051820 86
7 1089760051821 29
7 1089760051822 28
7 1089760051823 30
7 1089760051824 464
7 1089760051825 30
7 1089760051826 30
7 1089760051827 20
7 1089760051828 39
7 1089760051829 536
7 1089760051830 43
7 1089760051831 55
7 1089760051832 84
7 1089760051833 18
7 1089760051834 150
7 1089760051835 44
7 1089760051836 50
7 1089760051837 197
7 1089760051838 11
7 1089760051839 25
7 1089760051840 52
7 1089760051841 35
7 1089760051842 150
7 1089760051843 83
7 1089760051844 68
7 1089760051845 18
7 1089760051846 256
7 1089760051847 39
7 1089760051848 28
7 1089760051849 586
7 1089760051850 206
7 1089760051851 192
7 1089760051852 27
7 1089760051853 27
7 1089760051854 36
7 1089760051855 30
7 1089760051856 43
7 1089760051857 190
7 1089760051858 294
7 1089760051859 48
7 1089760051860 201
7 1089760051861 41
7 1089760051862 51
7 1089760051863 198
7 1089760051864 118
7 1089760051865 29
7 1089760051866 182
7 1089760051867 123
7 1089760051868 42
7 1089760051869 161
7 1089760051870 42
7 1089760051871 28
7 1089760051872 35
7 1089760051873 32
7 1089760051874 90
7 1089760051875 488
7 1089760051876 206
7 1089760051877 66
7 1089760051878 72
7 1089760051879 110
7 1089760051880 75
7 1089760051881 158
7 1089760051882 729
7 1089760051883 53
7 1089760051884 214
7 1089760051885 59
7 1089760051886 216
7 1089760051887 79
7 1089760051888 254
7 1089760051889 51
7 1089760051890 27
7 1089760051891 19
7 1089760051892 124
7 1089760051893 31
7 1089760051894 406
7 1089760051895 150
7 1089760051896 29
7 1089760051897 25
7 1089760051898 405
7 1089760051899 46
7 1089760051900 22
7 1089760051901 281
7 1089760051902 50
7 1089760051903 33
7 1089760051904 24
7 1089760051905 35
7 1089760051906 41
7 1089760051907 103
7 1089760051908 162
7 1089760051909 19
7 1089760051910 24
7 1089760051911 99
7 1089760051912 208
7 1089760051913 99
7 1089760051914 207
7 1089760051915 145
7 1089760051916 49
7 1089760051917 144
7 1089760051918 112
7 1089760051919 167
7 1089760051920 85
7 1089760051921 176
7 1089760051922 147
7 1089760051923 221
7 1089760051924 176
7 1089760051925 20
7 1089760051926 34
7 1089760051927 79
7 1089760051928 645
7 1089760051929 136
7 1089760051930 30
7 1089760051931 67
7 1089760051932 64
7 1089760051933 154
7 1089760051934 312
7 1089760051935 37
7 1089760051936 480
7 1089760051937 202
7 1089760051938 214
7 1089760051939 52
7 1089760051940 111
7 1089760051941 34
7 1089760051942 75
7 1089760051943 115
7 1089760051944 48
7 1089760051945 43
7 1089760051946 259
7 1089760051947 53
7 1089760051948 140
7 1089760051949 18
7 1089760051950 93
7 1089760051951 467
7 1089760051952 246
7 1089760051953 32
7 1089760051954 51
7 1089760051955 222
7 1089760051956 179
7 1089760051957 27
7 1089760051958 33
7 1089760051959 1488
7 1089760051960 72
7 1089760051961 157
7 1089760051962 113
7 1089760051963 32
7 1089760051964 409
7 1089760051965 34
7 1089760051966 659
7 1089760051967 75
7 1089760051968 29
7 1089760051969 66
7 1089760051970 41
7 1089760051971 23
7 1089760051972 136
7 1089760051973 32
7 1089760051974 223
7 1089760051975 20
7 1089760051976 202
7 1089760051977 148
7 1089760051978 518
7 1089760051979 269
7 1089760051980 321
7 1089760051981 30
7 1089760051982 29
7 1089760051983 41
7 1089760051984 27
7 1089760051985 30
7 1089760051986 198
7 1089760051987 26
7 1089760051988 42
7 1089760051989 38
7 1089760051990 76
7 1089760051991 19
7 1089760051992 15
7 1089760051993 37
7 1089760051994 50
7 1089760051995 36
7 1089760051996 340
7 1089760051997 214
7 1089760051998 121
7 1089760051999 28
7 1089760052000 36
7 1089760052001 58
7 1089760052002 55
7 1089760052003 264
7 1089760052004 344
7 1089760052005 302
7 1089760052006 30
7 1089760052007 58
7 1089760052008 37
7 1089760052009 126
7 1089760052010 24
7 1089760052011 27
7 1089760052012 25
7 1089760052013 32
7 1089760052014 318
7 1089760052015 37
7 1089760052016 80
7 1089760052017 62
7 1089760052018 47
7 1089760052019 23
7 1089760052020 376
7 1089760052021 810
7 1089760052022 37
7 1089760052023 33
7 1089760052024 211
7 1089760052025 38
7 1089760052026 125
7 1089760052027 111
7 1089760052028 37
7 1089760052029 32
7 1089760052030 37
7 1089760052031 22
7 1089760052032 35
7 1089760052033 107
7 1089760052034 49
7 1089760052035 19
7 1089760052036 138
7 1089760052037 151
7 1089760052038 102
7 1089760052039 24
7 1089760052040 94
7 1089760052041 31
7 1089760052042 29
7 1089760052043 858
7 1089760052044 268
7 1089760052045 53
7 1089760052046 177
7 1089760052047 195
7 1089760052048 35
7 1089760052049 72
7 1089760052050 38
7 1089760052051 20
7 1089760052052 33
7 1089760052053 114
7 1089760052054 91
7 1089760052055 46
7 1089760052056 509
7 1089760052057 135
7 1089760052058 217
7 1089760052059 325
7 1089760052060 163
7 1089760052061 538
7 1089760052062 50
7 1089760052063 74
7 1089760052064 244
7 1089760052065 39
7 1089760052066 32
7 1089760052067 25
7 1089760052068 675
7 1089760052069 518
7 1089760052070 212
7 1089760052071 111
7 1089760052072 29
7 1089760052073 102
7 1089760052074 592
7 1089760052075 614
7 1089760052076 221
7 1089760052077 181
7 1089760052078 30
7 1089760052079 476
7 1089760052080 32
7 1089760052081 26
7 1089760052082 740
7 1089760052083 44
7 1089760052084 274
7 1089760052085 36
7 1089760052086 580
7 1089760052087 85
7 1089760052088 178
7 1089760052089 304
7 1089760052090 447
7 1089760052091 32
7 1089760052092 55
7 1089760052093 166
7 1089760052094 584
7 1089760052095 38
7 1089760052096 152
7 1089760052097 138
7 1089760052098 29
7 1089760052099 28
7 1089760052100 754
7 1089760052101 354
7 1089760052102 33
7 1089760052103 43
7 1089760052104 249
7 1089760052105 227
7 1089760052106 395
7 1089760052107 868
7 1089760052108 46
7 1089760052109 35
7 1089760052110 204
7 1089760052111 24
7 1089760052112 124
7 1089760052113 112
7 1089760052114 41
7 1089760052115 353
7 1089760052116 40
7 1089760052117 356
7 1089760052118 73
7 1089760052119 46
7 1089760052120 30
7 1089760052121 42
7 1089760052122 42
7 1089760052123 233
7 1089760052124 34
7 1089760052125 28
7 1089760052126 48
7 1089760052127 25
7 1089760052128 54
7 1089760052129 57
7 1089760052130 258
7 1089760052131 168
7 1089760052132 44
7 1089760052133 287
7 1089760052134 181
7 1089760052135 279
7 1089760052136 554
7 1089760052137 119
7 1089760052138 37
7 1089760052139 44
7 1089760052140 33
7 1089760052141 47
7 1089760052142 87
7 1089760052143 108
7 1089760052144 315
7 1089760052145 34
7 1089760052146 26
7 1089760052147 110
7 1089760052148 346
7 1089760052149 792
7 1089760052150 255
7 1089760052151 44
7 1089760052152 87
7 1089760052153 62
7 1089760052154 114
7 1089760052155 165
7 1089760052156 146
7 1089760052157 168
7 1089760052158 193
7 1089760052159 137
7 1089760052160 28
7 1089760052161 19
7 1089760052162 22
7 1089760052163 241
7 1089760052164 366
7 1089760052165 110
7 1089760052166 55
7 1089760052167 53
7 1089760052168 77
7 1089760052169 190
7 1089760052170 87
7 1089760052171 237
7 1089760052172 39
7 1089760052173 33
7 1089760052174 32
7 1089760052175 643
7 1089760052176 355
7 1089760052177 686
7 1089760052178 232
7 1089760052179 45
7 1089760052180 435
7 1089760052181 109
7 1089760052182 146
7 1089760052183 26
7 1089760052184 100
7 1089760052185 89
7 1089760052186 98
7 1089760052187 28
7 1089760052188 68
7 1089760052189 220
7 1089760052190 42
7 1089760052191 35
7 1089760052192 214
7 1089760052193 83
7 1089760052194 360
7 1089760052195 403
7 1089760052196 512
7 1089760052197 28
7 1089760052198 183
7 1089760052199 106
7 1089760052200 150
7 1089760052201 88
7 1089760052202 23
7 1089760052203 173
7 1089760052204 439
7 1089760052205 49
7 1089760052206 21
7 1089760052207 27
7 1089760052208 29
7 1089760052209 191
7 1089760052210 247
7 1089760052211 71
7 1089760052212 207
7 1089760052213 126
7 1089760052214 181
7 1089760052215 35
7 1089760052216 47
7 1089760052217 219
7 1089760052218 541
7 1089760052219 54
7 1089760052220 99
7 1089760052221 640
7 1089760052222 77
7 1089760052223 267
7 1089760052232 17
7 1089760052233 84
7 1089760052234 25
7 1089760052235 15
7 1089760052236 107
7 1089760052237 32
7 1089760052238 19
7 1089760052239 21
7 1089760052352 11
7 1089760052353 14
7 1089760052354 1083
7 1089760052355 177
7 1089760052356 155
7 1089760052357 15
7 1089760052358 222
7 1089760052359 16
7 1089760052472 185
7 1089760052473 18
7 1089760052474 17
7 1089760052475 11
7 1089760052476 13
7 1089760052477 648
7 1089760052478 162
7 1089760052479 15
7 1089760052592 126
7 1089760052593 262
7 1089760052594 145
7 1089760052595 16
7 1089760052596 18
7 1089760052597 266
7 1089760052598 23
7 1089760052599 262
7 1089760052712 14
7 1089760052713 15
7 1089760052714 9
7 1089760052715 15
7 1089760052716 66
7 1089760052717 136
7 1089760052718 57
7 1089760052719 204
7 1089760052832 65
7 1089760052833 13
7 1089760052834 65
7 1089760052835 15
7 1089760052836 122
7 1089760052837 12
7 1089760052838 250
7 1089760052839 139
7 1089760052976 18
7 1089760052977 27
7 1089760052978 8
7 1089760052979 151
7 1089760052980 36
7 1089760052981 22
7 1089760052982 30
7 1089760052983 49
7 1089760053016 17
7 1089760053017 7
7 1089760053018 17
7 1089760053019 13
7 1089760053020 16
7 1089760053021 16
7 1089760053022 17
7 1089760053023 36
7 1089760053040 13
7 1089760053041 11
7 1089760053042 190
7 1089760053043 15
7 1089760053044 262
7 1089760053045 10
7 1089760053046 70
7 1089760053047 367
7 1089760053048 55
7 1089760053049 15
7 1089760053050 29
7 1089760053051 56
7 1089760053052 13
7 1089760053053 13
7 1089760053054 13
7 1089760053055 55
7 1089760053248 56
7 1089760053249 13
7 1089760053250 20
7 1089760053251 12
7 1089760053252 18
7 1089760053253 17
7 1089760053254 328
7 1089760053255 15
7 1089760053536 17
7 1089760053537 27
7 1089760053538 16
7 1089760053539 11
7 1089760053540 265
7 1089760053541 275
7 1089760053542 16
7 1089760053543 162
7 1089760053696 1
7 1089760053697 155
7 1089760053698 8
7 1089760053699 4
7 1089760053700 6
7 1089760053701 4
7 1089760053702 4
7 1089760053703 10
7 1089760053712 7
7 1089760053713 2
7 1089760053714 8
7 1089760053715 3
7 1089760053716 2
7 1089760053717 4
7 1089760053718 4
7 1089760053719 7
7 1089760053768 4
7 1089760053769 2
7 1089760053770 7
7 1089760053771 12
7 1089760053773 7
7 1089760053774 5
7 1089760053775 5
7 1089760053904 4
7 1089760053905 14
7 1089760053906 2
7 1089760053907 2
7 1089760053908 8
7 1089760053909 3
7 1089760053910 7
7 1089760053911 4
7 1089760054016 5
7 1089760054017 4
7 1089760054018 5
7 1089760054019 3
7 1089760054020 5
7 1089760054021 3
7 1089760054022 1
7 1089760054023 143
7 1089760054064 5
7 1089760054065 2
7 1089760054066 4
7 1089760054067 5
7 1089760054068 1
7 1089760054069 5
7 1089760054070 2
7 1089760054071 6
7 1089760054208 3
7 1089760054209 4
7 1089760054210 5
7 1089760054211 3
7 1089760054212 1
7 1089760054213 1
7 1089760054214 483
7 1089760054215 3
7 1089760054264 2
7 1089760054265 5
7 1089760054267 6
7 1089760054268 5
7 1089760054269 2
7 1089760054270 8
7 1089760054271 8
8 1089760035040 2
8 1089760035041 4
8 1089760035042 2
8 1089760035043 2
8 1089760035044 2
8 1089760035045 2
8 1089760035046 4
8 1089760035047 2
8 1089760035048 2
8 1089760035049 17
8 1089760035050 4
8 1089760035051 2
8 1089760035052 2
8 1089760035054 2
8 1089760035280 2
8 1089760035281 2
8 1089760035283 4
8 1089760035284 2
8 1089760035285 2
8 1089760035286 6
8 1089760035287 2
8 1089760035288 4
8 1089760035289 2
8 1089760035290 2
8 1089760035291 2
8 1089760035292 4
8 1089760035293 6
8 1089760035295 4
8 1089760035520 4
8 1089760035521 6
8 1089760035522 4
8 1089760035523 4
8 1089760035524 2
8 1089760035525 6
8 1089760035527 2
8 1089760035528 2
8 1089760035529 2
8 1089760035531 68
8 1089760035533 4
8 1089760035535 4
8 1089760035760 4
8 1089760035761 2
8 1089760035762 6
8 1089760035763 2
8 1089760035764 2
8 1089760035766 4
8 1089760035767 4
8 1089760035768 2
8 1089760035769 2
8 1089760035770 4
8 1089760035771 4
8 1089760035773 2
8 1089760035774 2
8 1089760035775 4
8 1089760036000 4
8 1089760036001 2
8 1089760036003 4
8 1089760036004 6
8 1089760036005 2
8 1089760036006 4
8 1089760036007 2
8 1089760036008 4
8 1089760036009 2
8 1089760036010 2
8 1089760036011 2
8 1089760036012 2
8 1089760036013 66
8 1089760036014 6
8 1089760036015 4
8 1089760036240 4
8 1089760036241 2
8 1089760036245 2
8 1089760036248 2
8 1089760036249 2
8 1089760036250 2
8 1089760036251 2
8 1089760036252 6
8 1089760036253 4
8 1089760036255 2
8 1089760036352 6
8 1089760036353 2
8 1089760036354 2
8 1089760036355 4
8 1089760036356 2
8 1089760036357 4
8 1089760036358 2
8 1089760036359 2
8 1089760036362 4
8 1089760036363 6
8 1089760036364 6
8 1089760036365 4
8 1089760036367 2
8 1089760036448 6
8 1089760036449 2
8 1089760036450 4
8 1089760036452 8
8 1089760036453 6
8 1089760036454 6
8 1089760036455 2
8 1089760036457 2
8 1089760036458 4
8 1089760036459 8
8 1089760036460 2
8 1089760036462 2
8 1089760037056 8
8 1089760037058 4
8 1089760037059 2
8 1089760037060 6
8 1089760037061 6
8 1089760037062 2
8 1089760037063 2
8 1089760037064 2
8 1089760037065 4
8 1089760037066 2
8 1089760037067 2
8 1089760037068 4
8 1089760037069 2
8 1089760037070 2
8 1089760037072 2
8 1089760037073 2
8 1089760037074 2
8 1089760037076 4
8 1089760037077 2
8 1089760037078 4
8 1089760037079 6
8 1089760037080 4
8 1089760037081 4
8 1089760037082 6
8 1089760037083 2
8 1089760037084 4
8 1089760037085 2
8 1089760037086 2
8 1089760037087 2
8 1089760037168 2
8 1089760037169 4
8 1089760037172 4
8 1089760037173 2
8 1089760037174 4
8 1089760037175 2
8 1089760037176 6
8 1089760037177 4
8 1089760037178 4
8 1089760037179 4
8 1089760037181 4
8 1089760037183 6
8 1089760037328 6
8 1089760037329 2
8 1089760037330 2
8 1089760037332 4
8 1089760037333 4
8 1089760037334 4
8 1089760037336 44
8 1089760037337 4
8 1089760037339 4
8 1089760037341 6
8 1089760037342 4
8 1089760037343 2
8 1089760038199 2
8 1089760038800 4
8 1089760038802 2
8 1089760038815 2
8 1089760039584 4
8 1089760039588 6
8 1089760039589 8
8 1089760039591 5
8 1089760039593 5
8 1089760039596 6
8 1089760039599 6
8 1089760039603 5
8 1089760039604 174
8 1089760039606 4
8 1089760039608 142
8 1089760039609 2
8 1089760039611 3
8 1089760039615 6
8 1089760039616 1
8 1089760039620 2
8 1089760039627 4
8 1089760040302 4
8 1089760040306 6
8 1089760040311 5
8 1089760040312 3
8 1089760040317 6
8 1089760040319 3
8 1089760040321 2
8 1089760040322 4
8 1089760040323 12
8 1089760040326 4
8 1089760040328 1
8 1089760040329 6
8 1089760040332 3
8 1089760040334 2
8 1089760040335 4
8 1089760040338 8
8 1089760040340 3
8 1089760040343 5
8 1089760040349 3
8 1089760040350 1
8 1089760041011 9
8 1089760041012 7
8 1089760041013 3
8 1089760041014 3
8 1089760041016 4
8 1089760041018 4
8 1089760041019 4
8 1089760041020 6
8 1089760041022 3
8 1089760041026 53
8 1089760041027 38
8 1089760041033 4
8 1089760041038 8
8 1089760041040 4
8 1089760041046 4
8 1089760041048 2
8 1089760041052 4
8 1089760041053 2
8 1089760041054 9
8 1089760041057 4
8 1089760041058 6
8 1089760041729 3
8 1089760041730 8
8 1089760041731 3
8 1089760041732 264
8 1089760041735 4
8 1089760041736 5
8 1089760041737 4
8 1089760041738 2
8 1089760041740 5
8 1089760041746 5
8 1089760041748 2
8 1089760041749 4
8 1089760041751 5
8 1089760041753 106
8 1089760041757 6
8 1089760041760 72
8 1089760041761 5
8 1089760041764 5
8 1089760041765 31
8 1089760041771 182
8 1089760041775 8
8 1089760041776 4
8 1089760041778 3
8 1089760042462 1
8 1089760042463 7
8 1089760042464 7
8 1089760042470 1
8 1089760042472 8
8 1089760042474 4
8 1089760042475 5
8 1089760042476 9
8 1089760042479 159
8 1089760042480 3
8 1089760042481 2
8 1089760042483 2
8 1089760042487 5
8 1089760042491 3
8 1089760042492 6
8 1089760042495 5
8 1089760042499 47
8 1089760042501 3
8 1089760042502 3
8 1089760042504 10
8 1089760042505 7
8 1089760042506 4
8 1089760042507 20
8 1089760042508 2
8 1089760043181 114
8 1089760043182 7
8 1089760043185 6
8 1089760043197 1
8 1089760043198 270
8 1089760043206 8
8 1089760043210 4
8 1089760043213 145
8 1089760043217 3
8 1089760043218 4
8 1089760043219 2
8 1089760043220 14
8 1089760043221 5
8 1089760043223 10
8 1089760043227 4
8 1089760043517 1
8 1089760043518 6
8 1089760043519 4
8 1089760043521 5
8 1089760043525 1
8 1089760043526 4
8 1089760043527 10
8 1089760043528 7
8 1089760043531 3
8 1089760043533 4
8 1089760043534 5
8 1089760043537 4
8 1089760043548 1
8 1089760043549 5
8 1089760043550 4
8 1089760043551 2
8 1089760043552 2
8 1089760043553 1
8 1089760043554 1
8 1089760043555 11
8 1089760043556 2
8 1089760043557 3
8 1089760043559 3
8 1089760043563 4
8 1089760043802 3
8 1089760043803 7
8 1089760043805 6
8 1089760043809 10
8 1089760043810 2
8 1089760043811 6
8 1089760043814 3
8 1089760043815 8
8 1089760043816 5
8 1089760043817 8
8 1089760043818 3
8 1089760043819 3
8 1089760043820 7
8 1089760043821 2
8 1089760043824 2
8 1089760043825 4
8 1089760043830 3
8 1089760043832 2
8 1089760043833 4
8 1089760043834 6
8 1089760043835 3
8 1089760043836 9
8 1089760043837 3
8 1089760043843 4
8 1089760045635 70
8 1089760045637 7
8 1089760045642 4
8 1089760045644 5
8 1089760045647 11
8 1089760045648 5
8 1089760045650 7
8 1089760045652 3
8 1089760045653 47
8 1089760045657 762
8 1089760045658 4
8 1089760045662 8
8 1089760045666 5
8 1089760045667 2
8 1089760045669 2
8 1089760045671 3
8 1089760045672 6
8 1089760045675 3
8 1089760045679 3
8 1089760045684 3
8 1089760045687 7
8 1089760045690 6
8 1089760045695 12
8 1089760045700 4
8 1089760045701 1
8 1089760045702 5
8 1089760045703 1
8 1089760045704 8
8 1089760045705 7
8 1089760045707 2
8 1089760045709 8
8 1089760045711 10
8 1089760045713 4
8 1089760045714 4
8 1089760045715 6
8 1089760045718 4
8 1089760045719 128
8 1089760045720 5
8 1089760045722 5
8 1089760045725 3
8 1089760045727 7
8 1089760045975 3
8 1089760045976 6
8 1089760045977 3
8 1089760045986 5
8 1089760045987 1
8 1089760045988 4
8 1089760045990 4
8 1089760045991 2
8 1089760045993 4
8 1089760045996 7
8 1089760045997 3
8 1089760045998 7
8 1089760045999 3
8 1089760046000 3
8 1089760046001 1
8 1089760046003 9
8 1089760046004 6
8 1089760046006 3
8 1089760046011 6
8 1089760046013 3
8 1089760046017 4
8 1089760046018 3
8 1089760046019 4
8 1089760046452 4
8 1089760046453 2
8 1089760046454 13
8 1089760046455 7
8 1089760046459 3
8 1089760046464 7
8 1089760046465 1
8 1089760046466 3
8 1089760046468 3
8 1089760046470 2
8 1089760046472 3
8 1089760046474 3
8 1089760046477 4
8 1089760046480 2
8 1089760046481 1
8 1089760046482 9
8 1089760046486 7
8 1089760046487 4
8 1089760046488 4
8 1089760046492 2
8 1089760046494 8
8 1089760046496 4
8 1089760046498 4
8 1089760046499 5
8 1089760049063 3
8 1089760050868 5
8 1089760050869 1
8 1089760050872 1
8 1089760050912 1
8 1089760051228 4
8 1089760051229 4
8 1089760051258 4
8 1089760051259 4
8 1089760051288 4
8 1089760051289 4
8 1089760051318 4
8 1089760051319 4
8 1089760051348 4
8 1089760051349 4
8 1089760051378 4
8 1089760051379 4
8 1089760051392 4
8 1089760051393 4
8 1089760051404 4
8 1089760051405 4
8 1089760051480 4
8 1089760051481 4
8 1089760051482 4
8 1089760051483 4
8 1089760051494 4
8 1089760051495 4
8 1089760051514 4
8 1089760051515 335
8 1089760051622 4
8 1089760051623 4
8 1089760051662 4
8 1089760051663 4
8 1089760051682 4
8 1089760051683 4
8 1089760051698 4
8 1089760051699 4
8 1089760051712 6
8 1089760051713 4
8 1089760051714 5
8 1089760051715 6
8 1089760051716 6
8 1089760051717 3
8 1089760051718 3
8 1089760051719 1
8 1089760051720 2
8 1089760051721 1
8 1089760051722 3
8 1089760051723 3
8 1089760051724 1
8 1089760051725 2
8 1089760051726 2
8 1089760051727 1
8 1089760051728 2
8 1089760051729 1
8 1089760051730 4
8 1089760051731 4
8 1089760051732 3
8 1089760051733 3
8 1089760051734 4
8 1089760051735 45
8 1089760051736 98
8 1089760051737 4
8 1089760051738 7
8 1089760051739 3
8 1089760051740 2
8 1089760051741 2
8 1089760051742 3
8 1089760051743 1
8 1089760051744 1
8 1089760051745 1
8 1089760051746 4
8 1089760051747 5
8 1089760051748 1
8 1089760051749 2
8 1089760051750 2
8 1089760051751 2
8 1089760051752 2
8 1089760051753 5
8 1089760051754 8
8 1089760051755 2
8 1089760051756 124
8 1089760051757 3
8 1089760051758 4
8 1089760051759 2
8 1089760051760 2
8 1089760051761 4
8 1089760051762 4
8 1089760051763 1
8 1089760051764 1
8 1089760051765 2
8 1089760051766 3
8 1089760051767 4
8 1089760051768 3
8 1089760051769 5
8 1089760051770 2
8 1089760051771 4
8 1089760051772 1
8 1089760051773 5
8 1089760051774 2
8 1089760051775 5
8 1089760051776 1
8 1089760051777 5
8 1089760051778 1
8 1089760051779 1
8 1089760051780 3
8 1089760051781 2
8 1089760051782 5
8 1089760051783 4
8 1089760051784 4
8 1089760051785 4
8 1089760051786 4
8 1089760051788 2
8 1089760051789 3
8 1089760051790 1
8 1089760051791 4
8 1089760051792 63
8 1089760051793 63
8 1089760051794 2
8 1089760051795 3
8 1089760051796 5
8 1089760051797 6
8 1089760051798 3
8 1089760051799 4
8 1089760051800 4
8 1089760051801 53
8 1089760051802 3
8 1089760051803 1
8 1089760051804 3
8 1089760051805 2
8 1089760051806 3
8 1089760051807 2
8 1089760051808 4
8 1089760051809 3
8 1089760051810 7
8 1089760051811 1
8 1089760051813 2
8 1089760051814 6
8 1089760051815 2
8 1089760051816 4
8 1089760051817 4
8 1089760051818 4
8 1089760051819 3
8 1089760051820 2
8 1089760051821 3
8 1089760051822 2
8 1089760051823 2
8 1089760051824 2
8 1089760051825 6
8 1089760051826 3
8 1089760051827 2
8 1089760051828 74
8 1089760051829 3
8 1089760051830 10
8 1089760051831 1
8 1089760051832 2
8 1089760051833 3
8 1089760051834 122
8 1089760051835 1
8 1089760051836 4
8 1089760051837 2
8 1089760051838 3
8 1089760051839 4
8 1089760051840 4
8 1089760051841 6
8 1089760051842 2
8 1089760051843 3
8 1089760051844 2
8 1089760051845 5
8 1089760051846 1
8 1089760051847 1
8 1089760051848 2
8 1089760051849 5
8 1089760051850 3
8 1089760051851 3
8 1089760051852 3
8 1089760051854 8
8 1089760051855 2
8 1089760051856 2
8 1089760051857 3
8 1089760051858 1
8 1089760051859 1
8 1089760051860 2
8 1089760051861 6
8 1089760051862 3
8 1089760051863 48
8 1089760051864 1
8 1089760051865 1
8 1089760051866 4
8 1089760051867 2
8 1089760051868 2
8 1089760051869 2
8 1089760051870 3
8 1089760051871 3
8 1089760051872 5
8 1089760051873 3
8 1089760051874 2
8 1089760051875 1
8 1089760051876 4
8 1089760051877 1
8 1089760051878 8
8 1089760051879 2
8 1089760051880 2
8 1089760051881 2
8 1089760051882 4
8 1089760051883 3
8 1089760051884 5
8 1089760051885 4
8 1089760051886 2
8 1089760051887 4
8 1089760051888 1
8 1089760051889 5
8 1089760051890 3
8 1089760051891 2
8 1089760051892 9
8 1089760051893 2
8 1089760051894 182
8 1089760051895 8
8 1089760051897 5
8 1089760051898 2
8 1089760051899 1
8 1089760051900 2
8 1089760051901 6
8 1089760051902 3
8 1089760051903 4
8 1089760051904 232
8 1089760051905 1
8 1089760051906 1
8 1089760051907 2
8 1089760051908 1
8 1089760051909 96
8 1089760051910 4
8 1089760051911 1
8 1089760051912 6
8 1089760051913 132
8 1089760051914 3
8 1089760051915 2
8 1089760051916 1
8 1089760051917 3
8 1089760051918 3
8 1089760051919 1
8 1089760051920 1
8 1089760051921 1
8 1089760051922 2
8 1089760051923 4
8 1089760051924 1
8 1089760051925 5
8 1089760051926 1
8 1089760051927 3
8 1089760051928 1
8 1089760051929 2
8 1089760051930 4
8 1089760051931 4
8 1089760051932 2
8 1089760051934 2
8 1089760051935 4
8 1089760051936 4
8 1089760051937 4
8 1089760051938 3
8 1089760051939 2
8 1089760051940 3
8 1089760051941 2
8 1089760051942 3
8 1089760051943 5
8 1089760051945 5
8 1089760051946 1
8 1089760051947 3
8 1089760051948 2
8 1089760051949 2
8 1089760051950 2
8 1089760051951 2
8 1089760051952 5
8 1089760051953 3
8 1089760051955 4
8 1089760051956 1
8 1089760051957 6
8 1089760051958 2
8 1089760051959 2
8 1089760051960 5
8 1089760051961 6
8 1089760051962 2
8 1089760051963 4
8 1089760051964 6
8 1089760051965 83
8 1089760051966 3
8 1089760051967 1
8 1089760051968 3
8 1089760051969 3
8 1089760051970 4
8 1089760051971 2
8 1089760051972 1
8 1089760051973 1
8 1089760051974 2
8 1089760051975 2
8 1089760051976 2
8 1089760051977 2
8 1089760051978 4
8 1089760051979 1
8 1089760051980 4
8 1089760051981 1
8 1089760051983 2
8 1089760051984 2
8 1089760051985 2
8 1089760051986 3
8 1089760051987 1
8 1089760051988 1
8 1089760051989 1
8 1089760051991 7
8 1089760051993 1
8 1089760051994 1
8 1089760051995 4
8 1089760051996 5
8 1089760051997 6
8 1089760051998 3
8 1089760051999 3
8 1089760052000 4
8 1089760052001 3
8 1089760052002 2
8 1089760052004 4
8 1089760052005 1
8 1089760052006 3
8 1089760052008 3
8 1089760052009 4
8 1089760052010 3
8 1089760052011 8
8 1089760052012 7
8 1089760052013 4
8 1089760052014 3
8 1089760052015 5
8 1089760052016 2
8 1089760052017 4
8 1089760052018 48
8 1089760052019 2
8 1089760052020 2
8 1089760052021 2
8 1089760052022 2
8 1089760052023 1
8 1089760052024 7
8 1089760052025 1
8 1089760052026 2
8 1089760052027 1
8 1089760052028 4
8 1089760052029 2
8 1089760052031 1
8 1089760052032 5
8 1089760052033 3
8 1089760052034 4
8 1089760052035 2
8 1089760052036 5
8 1089760052037 2
8 1089760052038 3
8 1089760052039 2
8 1089760052040 3
8 1089760052041 4
8 1089760052042 3
8 1089760052043 1
8 1089760052044 2
8 1089760052046 3
8 1089760052047 4
8 1089760052048 2
8 1089760052050 3
8 1089760052051 2
8 1089760052052 2
8 1089760052053 3
8 1089760052054 304
8 1089760052055 3
8 1089760052056 3
8 1089760052057 4
8 1089760052059 2
8 1089760052060 6
8 1089760052061 5
8 1089760052062 5
8 1089760052063 4
8 1089760052064 1
8 1089760052066 2
8 1089760052067 4
8 1089760052068 2
8 1089760052069 3
8 1089760052070 2
8 1089760052071 5
8 1089760052072 1
8 1089760052073 1
8 1089760052074 4
8 1089760052075 1
8 1089760052076 1
8 1089760052077 2
8 1089760052078 3
8 1089760052079 1
8 1089760052080 2
8 1089760052081 2
8 1089760052082 1
8 1089760052083 2
8 1089760052084 1
8 1089760052085 2
8 1089760052087 2
8 1089760052089 1
8 1089760052090 1
8 1089760052091 2
8 1089760052092 3
8 1089760052093 1
8 1089760052094 2
8 1089760052097 2
8 1089760052098 4
8 1089760052099 2
8 1089760052100 3
8 1089760052101 1
8 1089760052102 2
8 1089760052103 2
8 1089760052104 2
8 1089760052106 2
8 1089760052107 2
8 1089760052109 3
8 1089760052110 1
8 1089760052112 2
8 1089760052113 1
8 1089760052114 1
8 1089760052116 2
8 1089760052117 5
8 1089760052118 2
8 1089760052121 2
8 1089760052122 2
8 1089760052124 1
8 1089760052125 1
8 1089760052126 4
8 1089760052127 1
8 1089760052128 1
8 1089760052129 1
8 1089760052130 1
8 1089760052131 3
8 1089760052132 1
8 1089760052133 2
8 1089760052134 1
8 1089760052135 1
8 1089760052136 1
8 1089760052137 1
8 1089760052138 1
8 1089760052141 3
8 1089760052146 3
8 1089760052147 1
8 1089760052148 3
8 1089760052149 2
8 1089760052151 2
8 1089760052153 1
8 1089760052154 1
8 1089760052155 2
8 1089760052156 2
8 1089760052157 2
8 1089760052159 2
8 1089760052161 1
8 1089760052163 2
8 1089760052164 1
8 1089760052165 2
8 1089760052166 4
8 1089760052169 2
8 1089760052172 1
8 1089760052173 1
8 1089760052175 1
8 1089760052179 2
8 1089760052180 3
8 1089760052181 1
8 1089760052182 2
8 1089760052183 1
8 1089760052184 3
8 1089760052185 1
8 1089760052187 1
8 1089760052188 67
8 1089760052190 1
8 1089760052195 2
8 1089760052196 4
8 1089760052197 1
8 1089760052200 2
8 1089760052201 3
8 1089760052202 2
8 1089760052204 1
8 1089760052205 1
8 1089760052206 1
8 1089760052211 1
8 1089760052212 1
8 1089760052214 2
8 1089760052215 2
8 1089760052216 1
8 1089760052217 2
8 1089760052218 2
8 1089760052220 2
8 1089760052221 1
8 1089760052223 1
8 1089760052459 1
8 1089760052462 1
8 1089760052576 1
8 1089760052578 2
8 1089760052993 1
8 1089760053344 1
8 1089760053346 1
8 1089760053405 1
9 1089760034887 2
9 1089760035601 2
9 1089760039124 1
9 1089760041250 2
9 1089760051208 4
9 1089760051209 4
9 1089760051238 4
9 1089760051239 4
9 1089760051268 4
9 1089760051269 4
9 1089760051298 4
9 1089760051299 4
9 1089760051328 4
9 1089760051329 4
9 1089760051358 4
9 1089760051359 4
9 1089760051436 4
9 1089760051437 4
9 1089760051452 4
9 1089760051453 4
9 1089760051462 4
9 1089760051463 4
9 1089760051468 4
9 1089760051469 4
9 1089760051560 4
9 1089760051561 4
9 1089760051572 4
9 1089760051573 4
9 1089760051612 4
9 1089760051613 4
9 1089760051614 4
9 1089760051615 4
9 1089760051664 4
9 1089760051665 4
9 1089760051680 4
9 1089760051681 4
9 1089760051710 4
9 1089760051711 4
9 1089760051746 1
9 1089760051755 1
9 1089760051784 1
