1 1089760051206 4
1 1089760051207 4
1 1089760051236 4
1 1089760051237 4
1 1089760051266 4
1 1089760051267 4
1 1089760051296 4
1 1089760051297 4
1 1089760051326 4
1 1089760051327 4
1 1089760051356 4
1 1089760051357 4
1 1089760051390 4
1 1089760051391 4
1 1089760051424 4
1 1089760051425 4
1 1089760051434 4
1 1089760051435 4
1 1089760051438 4
1 1089760051439 4
1 1089760051480 4
1 1089760051481 4
1 1089760051526 4
1 1089760051527 4
1 1089760051568 4
1 1089760051569 4
1 1089760051614 4
1 1089760051615 4
1 1089760051632 4
1 1089760051633 4
1 1089760051662 4
1 1089760051663 4
1 1089760051706 4
1 1089760051707 4
2 1089760051220 4
2 1089760051221 4
2 1089760051250 4
2 1089760051251 4
2 1089760051280 4
2 1089760051281 4
2 1089760051310 4
2 1089760051311 4
2 1089760051340 4
2 1089760051341 4
2 1089760051370 4
2 1089760051371 4
2 1089760051392 4
2 1089760051393 4
2 1089760051424 4
2 1089760051425 4
2 1089760051426 4
2 1089760051427 4
2 1089760051464 4
2 1089760051465 4
2 1089760051512 4
2 1089760051513 4
2 1089760051536 4
2 1089760051537 4
2 1089760051564 4
2 1089760051565 4
2 1089760051604 4
2 1089760051605 4
2 1089760051610 4
2 1089760051611 4
2 1089760051654 4
2 1089760051655 4
2 1089760051662 4
2 1089760051663 4
3 1089760036291 14
3 1089760037059 6
3 1089760038758 20
3 1089760043333 7
3 1089760045643 3
3 1089760050742 4
3 1089760050743 6
3 1089760051220 4
3 1089760051221 4
3 1089760051250 4
3 1089760051251 4
3 1089760051280 4
3 1089760051281 4
3 1089760051310 4
3 1089760051311 4
3 1089760051340 4
3 1089760051341 4
3 1089760051370 4
3 1089760051371 4
3 1089760051384 4
3 1089760051385 4
3 1089760051418 4
3 1089760051419 4
3 1089760051436 4
3 1089760051437 4
3 1089760051450 4
3 1089760051451 4
3 1089760051480 4
3 1089760051481 4
3 1089760051512 4
3 1089760051513 4
3 1089760051576 4
3 1089760051577 4
3 1089760051602 4
3 1089760051603 4
3 1089760051604 4
3 1089760051605 4
3 1089760051646 4
3 1089760051647 4
3 1089760051692 4
3 1089760051693 4
3 1089760051718 1
3 1089760051728 1
3 1089760051735 1
3 1089760051741 1
3 1089760051744 1
3 1089760051902 1
3 1089760051918 1
3 1089760051923 1
3 1089760051993 1
3 1089760052021 1
3 1089760052034 1
3 1089760052126 1
3 1089760052128 1
3 1089760052129 1
3 1089760052150 1
3 1089760052160 1
3 1089760052162 1
3 1089760052195 1
3 1089760052209 2
3 1089760052961 6
3 1089760053345 2
3 1089760054195 8
4 1089760035128 10
4 1089760035360 10
4 1089760035365 14
4 1089760036081 10
4 1089760036085 10
4 1089760036087 22
4 1089760036452 22
4 1089760036454 10
4 1089760036455 12
4 1089760036786 10
4 1089760036983 16
4 1089760037541 24
4 1089760037550 10
4 1089760037640 20
4 1089760037995 16
4 1089760038373 6
4 1089760038378 8
4 1089760038381 22
4 1089760038754 20
4 1089760038762 10
4 1089760039852 5
4 1089760040536 5
4 1089760040553 7
4 1089760042706 5
4 1089760042719 5
4 1089760042727 11
4 1089760043815 1
4 1089760043816 10
4 1089760043821 5
4 1089760043823 6
4 1089760044827 5
4 1089760045417 8
4 1089760047097 12
4 1089760047126 5
4 1089760047393 10
4 1089760048455 8
4 1089760049588 3
4 1089760049604 4
4 1089760049614 5
4 1089760049615 6
4 1089760050730 6
4 1089760050731 4
4 1089760050754 1
4 1089760050755 4
4 1089760051208 4
4 1089760051209 4
4 1089760051238 4
4 1089760051239 4
4 1089760051268 4
4 1089760051269 4
4 1089760051298 4
4 1089760051299 4
4 1089760051328 4
4 1089760051329 4
4 1089760051358 4
4 1089760051359 4
4 1089760051382 4
4 1089760051383 4
4 1089760051396 4
4 1089760051397 4
4 1089760051404 4
4 1089760051405 4
4 1089760051446 4
4 1089760051447 4
4 1089760051452 4
4 1089760051453 4
4 1089760051470 4
4 1089760051471 4
4 1089760051534 4
4 1089760051535 4
4 1089760051540 4
4 1089760051541 4
4 1089760051548 4
4 1089760051549 4
4 1089760051552 4
4 1089760051553 4
4 1089760051568 4
4 1089760051569 4
4 1089760051596 4
4 1089760051597 4
4 1089760051644 4
4 1089760051645 4
4 1089760051692 4
4 1089760051693 4
4 1089760051713 1
4 1089760051719 1
4 1089760051721 1
4 1089760051722 1
4 1089760051726 1
4 1089760051736 1
4 1089760051742 1
4 1089760051747 1
4 1089760051750 1
4 1089760051755 1
4 1089760051757 1
4 1089760051759 1
4 1089760051763 1
4 1089760051764 1
4 1089760051765 1
4 1089760051769 1
4 1089760051770 1
4 1089760051774 1
4 1089760051776 1
4 1089760051778 1
4 1089760051781 1
4 1089760051788 1
4 1089760051791 1
4 1089760051803 1
4 1089760051820 1
4 1089760051822 1
4 1089760051833 1
4 1089760051835 1
4 1089760051839 1
4 1089760051840 2
4 1089760051843 1
4 1089760051844 1
4 1089760051845 1
4 1089760051849 1
4 1089760051850 1
4 1089760051851 2
4 1089760051852 1
4 1089760051853 1
4 1089760051861 1
4 1089760051863 2
4 1089760051864 1
4 1089760051865 1
4 1089760051866 1
4 1089760051869 1
4 1089760051870 1
4 1089760051873 1
4 1089760051882 1
4 1089760051892 1
4 1089760051894 1
4 1089760051899 2
4 1089760051919 1
4 1089760051939 1
4 1089760051941 1
4 1089760051943 1
4 1089760051948 1
4 1089760051949 1
4 1089760051951 1
4 1089760051952 1
4 1089760051962 1
4 1089760051969 1
4 1089760051975 1
4 1089760051976 1
4 1089760051994 2
4 1089760051997 1
4 1089760052001 1
4 1089760052011 1
4 1089760052012 1
4 1089760052014 1
4 1089760052017 1
4 1089760052024 1
4 1089760052029 1
4 1089760052030 3
4 1089760052031 1
4 1089760052035 1
4 1089760052036 1
4 1089760052041 1
4 1089760052045 2
4 1089760052047 1
4 1089760052052 2
4 1089760052053 1
4 1089760052057 2
4 1089760052068 1
4 1089760052075 1
4 1089760052076 1
4 1089760052085 1
4 1089760052086 3
4 1089760052090 1
4 1089760052093 2
4 1089760052095 1
4 1089760052111 1
4 1089760052113 1
4 1089760052122 1
4 1089760052125 1
4 1089760052126 1
4 1089760052138 1
4 1089760052142 1
4 1089760052144 1
4 1089760052146 1
4 1089760052147 1
4 1089760052153 1
4 1089760052155 1
4 1089760052158 1
4 1089760052160 3
4 1089760052166 1
4 1089760052169 1
4 1089760052171 1
4 1089760052174 2
4 1089760052176 1
4 1089760052177 1
4 1089760052178 1
4 1089760052180 1
4 1089760052181 1
4 1089760052185 1
4 1089760052189 1
4 1089760052192 1
4 1089760052193 1
4 1089760052195 1
4 1089760052197 1
4 1089760052203 1
4 1089760052208 2
4 1089760052213 2
4 1089760052215 2
4 1089760052380 4
4 1089760052496 4
4 1089760052498 6
4 1089760052856 4
4 1089760052858 4
4 1089760052859 10
4 1089760053042 10
4 1089760053043 9
4 1089760053209 4
4 1089760053307 7
4 1089760053586 11
4 1089760053591 4
4 1089760053636 9
4 1089760053813 7
4 1089760054002 2
4 1089760054005 3
4 1089760054006 10
4 1089760054193 9
4 1089760054197 4
5 1089760034819 10
5 1089760034820 6
5 1089760034824 16
5 1089760034828 16
5 1089760034829 12
5 1089760034830 16
5 1089760035056 18
5 1089760035063 18
5 1089760035064 16
5 1089760035065 10
5 1089760035067 22
5 1089760035070 14
5 1089760035297 12
5 1089760035300 10
5 1089760035301 12
5 1089760035304 12
5 1089760035305 10
5 1089760035310 30
5 1089760035544 30
5 1089760035545 12
5 1089760035547 12
5 1089760035550 8
5 1089760035551 10
5 1089760035781 10
5 1089760035784 14
5 1089760035786 18
5 1089760035787 46
5 1089760035788 22
5 1089760035789 34
5 1089760035790 18
5 1089760035791 20
5 1089760036017 14
5 1089760036022 10
5 1089760036025 10
5 1089760036027 10
5 1089760036030 12
5 1089760036031 22
5 1089760036308 16
5 1089760036309 10
5 1089760036310 24
5 1089760036312 18
5 1089760036313 28
5 1089760036314 14
5 1089760036316 14
5 1089760036318 26
5 1089760036368 10
5 1089760036369 8
5 1089760036375 6
5 1089760036376 14
5 1089760036608 22
5 1089760036612 4
5 1089760036613 8
5 1089760036614 14
5 1089760036617 18
5 1089760036620 36
5 1089760036623 20
5 1089760037280 12
5 1089760037281 20
5 1089760037283 50
5 1089760037284 10
5 1089760037285 10
5 1089760037288 22
5 1089760037291 16
5 1089760037345 22
5 1089760037349 26
5 1089760037350 20
5 1089760037351 24
5 1089760037352 12
5 1089760037355 22
5 1089760037356 18
5 1089760037359 16
5 1089760037504 6
5 1089760037511 14
5 1089760037513 16
5 1089760037514 18
5 1089760037515 12
5 1089760037517 8
5 1089760037519 12
5 1089760037904 40
5 1089760037906 8
5 1089760037907 16
5 1089760037909 12
5 1089760037911 16
5 1089760037916 36
5 1089760037917 36
5 1089760038051 24
5 1089760038053 16
5 1089760038056 20
5 1089760038058 10
5 1089760038061 6
5 1089760038062 30
5 1089760038274 12
5 1089760038278 14
5 1089760038284 16
5 1089760038287 22
5 1089760038560 36
5 1089760038561 40
5 1089760038562 20
5 1089760038563 16
5 1089760038564 6
5 1089760038565 40
5 1089760038567 20
5 1089760038568 22
5 1089760038569 44
5 1089760038570 14
5 1089760038571 14
5 1089760038572 28
5 1089760038573 34
5 1089760038574 36
5 1089760038575 24
5 1089760038922 2
5 1089760038923 3
5 1089760038926 3
5 1089760038936 8
5 1089760038948 10
5 1089760038952 6
5 1089760038956 5
5 1089760039633 14
5 1089760039653 9
5 1089760039656 8
5 1089760039659 6
5 1089760039665 12
5 1089760039675 7
5 1089760040354 6
5 1089760040363 5
5 1089760040366 7
5 1089760040373 6
5 1089760040376 3
5 1089760040377 2
5 1089760040390 15
5 1089760041085 7
5 1089760041086 9
5 1089760041087 6
5 1089760041094 6
5 1089760041101 4
5 1089760041104 5
5 1089760041795 5
5 1089760041803 7
5 1089760041810 6
5 1089760041812 3
5 1089760041813 9
5 1089760041814 7
5 1089760041815 7
5 1089760041818 12
5 1089760041819 5
5 1089760041821 12
5 1089760041824 9
5 1089760041828 10
5 1089760042514 7
5 1089760042529 5
5 1089760042540 5
5 1089760042545 5
5 1089760042554 6
5 1089760042556 4
5 1089760042557 7
5 1089760043385 8
5 1089760043389 5
5 1089760043390 1
5 1089760043391 9
5 1089760043400 10
5 1089760043401 3
5 1089760043402 10
5 1089760043406 7
5 1089760043412 7
5 1089760043417 14
5 1089760043566 5
5 1089760043569 4
5 1089760043585 3
5 1089760043587 7
5 1089760044288 11
5 1089760044298 2
5 1089760044300 1
5 1089760044301 3
5 1089760044303 11
5 1089760044314 5
5 1089760044315 4
5 1089760044322 7
5 1089760044323 5
5 1089760044324 6
5 1089760044331 11
5 1089760046309 7
5 1089760046314 10
5 1089760046318 14
5 1089760046319 11
5 1089760046321 5
5 1089760046326 5
5 1089760046332 5
5 1089760046333 7
5 1089760046342 8
5 1089760046504 1
5 1089760046505 10
5 1089760046517 12
5 1089760046518 1
5 1089760046522 16
5 1089760046523 1
5 1089760046524 2
5 1089760046525 5
5 1089760046526 6
5 1089760046536 9
5 1089760046537 2
5 1089760046539 9
5 1089760046547 8
5 1089760046984 4
5 1089760047006 5
5 1089760047007 2
5 1089760047014 8
5 1089760047015 2
5 1089760047016 7
5 1089760047020 6
5 1089760047026 4
5 1089760047031 6
5 1089760048187 5
5 1089760048188 7
5 1089760048189 8
5 1089760048193 3
5 1089760048194 1
5 1089760048198 8
5 1089760048202 6
5 1089760048209 8
5 1089760048224 8
5 1089760048225 14
5 1089760048226 4
5 1089760048227 13
5 1089760048228 1
5 1089760048622 13
5 1089760048627 8
5 1089760048637 10
5 1089760048641 5
5 1089760048650 3
5 1089760048652 8
5 1089760048653 8
5 1089760049290 6
5 1089760049303 7
5 1089760049319 8
5 1089760049330 11
5 1089760050148 7
5 1089760050151 13
5 1089760050152 12
5 1089760050153 5
5 1089760050154 9
5 1089760050156 2
5 1089760050157 8
5 1089760050158 2
5 1089760050159 6
5 1089760050163 3
5 1089760050164 2
5 1089760050165 4
5 1089760050166 7
5 1089760050167 8
5 1089760050172 12
5 1089760050173 5
5 1089760050174 4
5 1089760050176 14
5 1089760050177 9
5 1089760050178 12
5 1089760050181 12
5 1089760050183 7
5 1089760050184 1
5 1089760050185 5
5 1089760050187 8
5 1089760050189 5
5 1089760050190 12
5 1089760050191 8
5 1089760050192 10
5 1089760050194 13
5 1089760050195 4
5 1089760051200 4
5 1089760051201 4
5 1089760051230 4
5 1089760051231 4
5 1089760051260 4
5 1089760051261 4
5 1089760051290 4
5 1089760051291 4
5 1089760051320 4
5 1089760051321 4
5 1089760051350 4
5 1089760051351 4
5 1089760051386 4
5 1089760051387 4
5 1089760051394 4
5 1089760051395 4
5 1089760051424 4
5 1089760051425 4
5 1089760051508 4
5 1089760051509 4
5 1089760051516 4
5 1089760051517 4
5 1089760051536 4
5 1089760051537 4
5 1089760051586 4
5 1089760051587 4
5 1089760051604 4
5 1089760051605 4
5 1089760051632 4
5 1089760051633 4
5 1089760051668 4
5 1089760051669 4
5 1089760051712 2
5 1089760051713 3
5 1089760051714 3
5 1089760051715 2
5 1089760051716 1
5 1089760051717 2
5 1089760051718 1
5 1089760051719 4
5 1089760051720 3
5 1089760051721 2
5 1089760051723 2
5 1089760051724 2
5 1089760051725 2
5 1089760051726 2
5 1089760051727 1
5 1089760051728 5
5 1089760051729 3
5 1089760051731 4
5 1089760051732 1
5 1089760051733 2
5 1089760051734 1
5 1089760051735 2
5 1089760051736 1
5 1089760051737 4
5 1089760051738 2
5 1089760051739 3
5 1089760051741 3
5 1089760051742 3
5 1089760051744 3
5 1089760051745 1
5 1089760051746 6
5 1089760051747 2
5 1089760051749 4
5 1089760051750 2
5 1089760051752 2
5 1089760051754 2
5 1089760051755 2
5 1089760051756 2
5 1089760051757 3
5 1089760051758 1
5 1089760051759 5
5 1089760051760 1
5 1089760051761 1
5 1089760051762 2
5 1089760051763 1
5 1089760051764 3
5 1089760051765 1
5 1089760051766 4
5 1089760051767 1
5 1089760051768 2
5 1089760051769 1
5 1089760051770 2
5 1089760051771 3
5 1089760051772 3
5 1089760051773 2
5 1089760051774 1
5 1089760051776 2
5 1089760051777 3
5 1089760051778 1
5 1089760051780 4
5 1089760051782 4
5 1089760051783 2
5 1089760051784 2
5 1089760051785 1
5 1089760051786 6
5 1089760051787 7
5 1089760051788 2
5 1089760051789 5
5 1089760051790 2
5 1089760051791 3
5 1089760051792 3
5 1089760051793 2
5 1089760051794 4
5 1089760051795 1
5 1089760051796 4
5 1089760051798 1
5 1089760051799 1
5 1089760051800 3
5 1089760051801 3
5 1089760051802 8
5 1089760051804 2
5 1089760051805 1
5 1089760051807 6
5 1089760051808 2
5 1089760051809 2
5 1089760051811 1
5 1089760051812 1
5 1089760051813 1
5 1089760051814 4
5 1089760051815 2
5 1089760051816 3
5 1089760051817 2
5 1089760051818 2
5 1089760051819 2
5 1089760051820 6
5 1089760051821 3
5 1089760051822 1
5 1089760051823 2
5 1089760051824 1
5 1089760051826 2
5 1089760051827 2
5 1089760051828 2
5 1089760051829 1
5 1089760051831 2
5 1089760051832 4
5 1089760051833 1
5 1089760051834 3
5 1089760051835 2
5 1089760051836 3
5 1089760051837 3
5 1089760051838 1
5 1089760051839 4
5 1089760051840 5
5 1089760051841 2
5 1089760051842 1
5 1089760051843 5
5 1089760051845 3
5 1089760051847 2
5 1089760051848 1
5 1089760051849 2
5 1089760051850 3
5 1089760051851 2
5 1089760051852 3
5 1089760051853 1
5 1089760051854 1
5 1089760051855 1
5 1089760051856 2
5 1089760051859 6
5 1089760051860 1
5 1089760051861 4
5 1089760051862 4
5 1089760051863 2
5 1089760051864 5
5 1089760051865 2
5 1089760051866 2
5 1089760051867 5
5 1089760051869 4
5 1089760051870 4
5 1089760051871 2
5 1089760051872 4
5 1089760051873 1
5 1089760051874 1
5 1089760051875 3
5 1089760051876 3
5 1089760051877 2
5 1089760051878 1
5 1089760051879 1
5 1089760051882 1
5 1089760051883 2
5 1089760051884 3
5 1089760051885 2
5 1089760051886 2
5 1089760051887 2
5 1089760051888 5
5 1089760051889 1
5 1089760051890 2
5 1089760051891 1
5 1089760051892 4
5 1089760051893 2
5 1089760051894 1
5 1089760051895 2
5 1089760051896 2
5 1089760051897 1
5 1089760051898 2
5 1089760051899 1
5 1089760051900 1
5 1089760051901 1
5 1089760051902 2
5 1089760051903 7
5 1089760051904 2
5 1089760051905 3
5 1089760051906 3
5 1089760051907 4
5 1089760051908 2
5 1089760051909 1
5 1089760051911 1
5 1089760051913 3
5 1089760051914 1
5 1089760051915 1
5 1089760051916 3
5 1089760051917 3
5 1089760051918 2
5 1089760051919 1
5 1089760051920 1
5 1089760051922 4
5 1089760051924 2
5 1089760051925 5
5 1089760051926 3
5 1089760051927 4
5 1089760051928 4
5 1089760051929 2
5 1089760051930 1
5 1089760051931 3
5 1089760051932 1
5 1089760051933 4
5 1089760051934 1
5 1089760051936 1
5 1089760051937 2
5 1089760051938 1
5 1089760051939 3
5 1089760051940 1
5 1089760051941 1
5 1089760051942 3
5 1089760051943 2
5 1089760051944 1
5 1089760051945 3
5 1089760051946 2
5 1089760051947 3
5 1089760051948 2
5 1089760051949 3
5 1089760051950 1
5 1089760051951 3
5 1089760051952 3
5 1089760051953 2
5 1089760051955 1
5 1089760051956 3
5 1089760051957 3
5 1089760051958 3
5 1089760051959 3
5 1089760051960 2
5 1089760051961 4
5 1089760051962 3
5 1089760051963 3
5 1089760051964 4
5 1089760051965 1
5 1089760051966 1
5 1089760051967 1
5 1089760051968 1
5 1089760051969 2
5 1089760051970 3
5 1089760051971 2
5 1089760051972 3
5 1089760051973 1
5 1089760051975 1
5 1089760051976 1
5 1089760051977 2
5 1089760051978 3
5 1089760051979 2
5 1089760051980 1
5 1089760051981 4
5 1089760051983 1
5 1089760051984 2
5 1089760051986 3
5 1089760051987 3
5 1089760051988 2
5 1089760051990 1
5 1089760051991 2
5 1089760051992 2
5 1089760051993 2
5 1089760051994 3
5 1089760051995 2
5 1089760051996 3
5 1089760051998 2
5 1089760051999 6
5 1089760052000 1
5 1089760052001 4
5 1089760052003 1
5 1089760052004 2
5 1089760052005 2
5 1089760052006 2
5 1089760052007 1
5 1089760052008 4
5 1089760052009 1
5 1089760052010 1
5 1089760052011 1
5 1089760052012 3
5 1089760052014 1
5 1089760052015 2
5 1089760052016 2
5 1089760052017 4
5 1089760052018 5
5 1089760052019 1
5 1089760052020 2
5 1089760052021 1
5 1089760052022 2
5 1089760052023 5
5 1089760052024 3
5 1089760052025 4
5 1089760052026 1
5 1089760052029 1
5 1089760052030 1
5 1089760052031 1
5 1089760052032 3
5 1089760052036 4
5 1089760052037 1
5 1089760052038 8
5 1089760052039 2
5 1089760052040 4
5 1089760052041 2
5 1089760052042 3
5 1089760052043 1
5 1089760052044 2
5 1089760052045 2
5 1089760052047 4
5 1089760052048 2
5 1089760052049 3
5 1089760052050 3
5 1089760052051 1
5 1089760052052 2
5 1089760052053 3
5 1089760052054 1
5 1089760052055 4
5 1089760052057 3
5 1089760052058 4
5 1089760052059 5
5 1089760052060 2
5 1089760052061 1
5 1089760052062 4
5 1089760052063 1
5 1089760052064 2
5 1089760052065 2
5 1089760052066 3
5 1089760052067 1
5 1089760052068 3
5 1089760052069 2
5 1089760052070 3
5 1089760052071 1
5 1089760052072 2
5 1089760052073 3
5 1089760052074 2
5 1089760052075 2
5 1089760052076 2
5 1089760052077 4
5 1089760052078 2
5 1089760052079 4
5 1089760052080 2
5 1089760052081 1
5 1089760052082 3
5 1089760052083 3
5 1089760052084 5
5 1089760052086 2
5 1089760052087 1
5 1089760052088 2
5 1089760052089 2
5 1089760052090 3
5 1089760052091 1
5 1089760052092 1
5 1089760052093 3
5 1089760052094 1
5 1089760052095 4
5 1089760052096 2
5 1089760052097 2
5 1089760052098 1
5 1089760052099 1
5 1089760052100 1
5 1089760052101 2
5 1089760052102 1
5 1089760052103 2
5 1089760052104 3
5 1089760052106 2
5 1089760052107 2
5 1089760052108 1
5 1089760052109 2
5 1089760052110 2
5 1089760052111 3
5 1089760052113 3
5 1089760052114 2
5 1089760052115 2
5 1089760052116 1
5 1089760052117 2
5 1089760052118 3
5 1089760052119 1
5 1089760052120 4
5 1089760052121 1
5 1089760052122 2
5 1089760052123 1
5 1089760052124 4
5 1089760052125 3
5 1089760052126 4
5 1089760052127 2
5 1089760052128 4
5 1089760052129 2
5 1089760052130 5
5 1089760052131 8
5 1089760052132 2
5 1089760052133 1
5 1089760052134 4
5 1089760052135 3
5 1089760052136 1
5 1089760052137 1
5 1089760052138 3
5 1089760052139 4
5 1089760052140 3
5 1089760052142 2
5 1089760052143 2
5 1089760052144 2
5 1089760052145 1
5 1089760052146 1
5 1089760052147 1
5 1089760052148 7
5 1089760052149 3
5 1089760052150 1
5 1089760052151 2
5 1089760052153 9
5 1089760052155 1
5 1089760052156 2
5 1089760052157 2
5 1089760052159 4
5 1089760052161 4
5 1089760052162 4
5 1089760052163 4
5 1089760052164 7
5 1089760052165 2
5 1089760052166 3
5 1089760052168 3
5 1089760052169 2
5 1089760052171 1
5 1089760052172 3
5 1089760052173 2
5 1089760052175 2
5 1089760052176 2
5 1089760052177 1
5 1089760052178 1
5 1089760052179 4
5 1089760052180 3
5 1089760052181 3
5 1089760052182 3
5 1089760052184 2
5 1089760052185 5
5 1089760052186 2
5 1089760052187 1
5 1089760052189 5
5 1089760052190 1
5 1089760052191 1
5 1089760052192 2
5 1089760052195 4
5 1089760052196 2
5 1089760052197 2
5 1089760052198 1
5 1089760052199 1
5 1089760052200 2
5 1089760052201 3
5 1089760052202 1
5 1089760052203 2
5 1089760052204 2
5 1089760052205 3
5 1089760052206 4
5 1089760052207 2
5 1089760052208 2
5 1089760052210 1
5 1089760052211 2
5 1089760052212 2
5 1089760052213 1
5 1089760052216 1
5 1089760052220 5
5 1089760052222 2
5 1089760052223 1
5 1089760052225 4
5 1089760052226 2
5 1089760052228 7
5 1089760052230 12
5 1089760052231 4
5 1089760052344 8
5 1089760052347 8
5 1089760052348 11
5 1089760052349 10
5 1089760052351 6
5 1089760052464 5
5 1089760052466 9
5 1089760052468 9
5 1089760052471 14
5 1089760052588 12
5 1089760052589 5
5 1089760052591 7
5 1089760052706 4
5 1089760052708 6
5 1089760052709 22
5 1089760052710 25
5 1089760052711 17
5 1089760052824 6
5 1089760052827 4
5 1089760052828 4
5 1089760052829 4
5 1089760052831 11
5 1089760052970 11
5 1089760052971 8
5 1089760052972 20
5 1089760052973 6
5 1089760052974 6
5 1089760052975 11
5 1089760053000 7
5 1089760053003 2
5 1089760053004 6
5 1089760053120 10
5 1089760053122 4
5 1089760053123 6
5 1089760053124 8
5 1089760053126 11
5 1089760053127 9
5 1089760053456 14
5 1089760053457 17
5 1089760053458 8
5 1089760053460 10
5 1089760053461 7
5 1089760053488 10
5 1089760053490 7
5 1089760053491 19
5 1089760053492 5
5 1089760053493 10
5 1089760053494 8
5 1089760053495 7
5 1089760053568 2
5 1089760053571 6
5 1089760053572 7
5 1089760053573 13
5 1089760053574 3
5 1089760053575 5
5 1089760053768 11
5 1089760053769 10
5 1089760053770 5
5 1089760053771 7
5 1089760053774 21
5 1089760053841 11
5 1089760053842 7
5 1089760053844 9
5 1089760053845 4
5 1089760053846 2
5 1089760053847 13
5 1089760053953 5
5 1089760053955 6
5 1089760053958 7
5 1089760053959 10
5 1089760054096 31
5 1089760054097 11
5 1089760054098 13
5 1089760054099 6
5 1089760054100 21
5 1089760054101 12
5 1089760054102 27
5 1089760054103 23
6 1089760034912 28
6 1089760034913 152
6 1089760034914 61
6 1089760034915 34
6 1089760034916 6
6 1089760034917 284
6 1089760034918 422
6 1089760034919 566
6 1089760034920 250
6 1089760034921 27
6 1089760034922 44
6 1089760034923 43
6 1089760034925 42
6 1089760034926 46
6 1089760034927 48
6 1089760035152 158
6 1089760035153 47
6 1089760035154 185
6 1089760035155 34
6 1089760035156 35
6 1089760035157 132
6 1089760035158 22
6 1089760035159 14
6 1089760035160 1905
6 1089760035161 12
6 1089760035162 65
6 1089760035163 10
6 1089760035164 77
6 1089760035165 215
6 1089760035166 28
6 1089760035167 46
6 1089760035392 189
6 1089760035393 56
6 1089760035394 32
6 1089760035395 20
6 1089760035396 14
6 1089760035397 10
6 1089760035398 182
6 1089760035399 641
6 1089760035400 40
6 1089760035401 10
6 1089760035402 18
6 1089760035403 93
6 1089760035404 50
6 1089760035405 50
6 1089760035406 169
6 1089760035407 18
6 1089760035632 51
6 1089760035633 135
6 1089760035634 36
6 1089760035635 102
6 1089760035636 10
6 1089760035637 109
6 1089760035638 175
6 1089760035639 28
6 1089760035640 38
6 1089760035641 402
6 1089760035642 386
6 1089760035644 47
6 1089760035645 50
6 1089760035646 53
6 1089760035647 32
6 1089760035872 6
6 1089760035873 419
6 1089760035875 131
6 1089760035876 25
6 1089760035877 181
6 1089760035878 85
6 1089760035879 301
6 1089760035880 174
6 1089760035881 19
6 1089760035882 48
6 1089760035883 46
6 1089760035884 95
6 1089760035885 26
6 1089760035886 72
6 1089760035887 32
6 1089760036112 12
6 1089760036113 358
6 1089760036114 34
6 1089760036115 53
6 1089760036116 157
6 1089760036117 93
6 1089760036118 10
6 1089760036119 36
6 1089760036120 10
6 1089760036121 22
6 1089760036122 58
6 1089760036123 65
6 1089760036124 85
6 1089760036125 74
6 1089760036126 184
6 1089760036127 60
6 1089760036273 48
6 1089760036274 30
6 1089760036275 14
6 1089760036276 26
6 1089760036277 75
6 1089760036278 20
6 1089760036279 40
6 1089760036280 10
6 1089760036281 46
6 1089760036282 12
6 1089760036283 12
6 1089760036284 54
6 1089760036285 32
6 1089760036286 24
6 1089760036432 44
6 1089760036433 18
6 1089760036434 73
6 1089760036435 89
6 1089760036436 107
6 1089760036437 147
6 1089760036438 22
6 1089760036439 46
6 1089760036440 105
6 1089760036441 194
6 1089760036442 40
6 1089760036443 34
6 1089760036444 58
6 1089760036445 256
6 1089760036446 224
6 1089760036447 32
6 1089760036528 42
6 1089760036529 32
6 1089760036530 50
6 1089760036531 155
6 1089760036532 42
6 1089760036533 44
6 1089760036534 128
6 1089760036536 16
6 1089760036537 54
6 1089760036538 12
6 1089760036540 56
6 1089760036541 189
6 1089760036542 34
6 1089760036543 12
6 1089760037104 157
6 1089760037105 121
6 1089760037106 4
6 1089760037107 28
6 1089760037108 74
6 1089760037109 737
6 1089760037110 182
6 1089760037111 14
6 1089760037112 44
6 1089760037113 30
6 1089760037114 34
6 1089760037115 1276
6 1089760037116 266
6 1089760037117 313
6 1089760037118 18
6 1089760037119 18
6 1089760037328 262
6 1089760037329 46
6 1089760037330 16
6 1089760037331 30
6 1089760037332 85
6 1089760037333 144
6 1089760037334 32
6 1089760037335 14
6 1089760037336 34
6 1089760037337 54
6 1089760037338 111
6 1089760037339 51
6 1089760037340 106
6 1089760037341 97
6 1089760037342 188
6 1089760037343 26
6 1089760037504 338
6 1089760037505 16
6 1089760037506 32
6 1089760037507 144
6 1089760037508 71
6 1089760037509 20
6 1089760037510 14
6 1089760037511 42
6 1089760037512 48
6 1089760037513 605
6 1089760037514 24
6 1089760037515 197
6 1089760037516 20
6 1089760037517 40
6 1089760037518 8
6 1089760037519 38
6 1089760037792 603
6 1089760037793 161
6 1089760037794 54
6 1089760037795 223
6 1089760037796 70
6 1089760037797 283
6 1089760037798 148
6 1089760037799 64
6 1089760037800 56
6 1089760037801 297
6 1089760037802 770
6 1089760037803 46
6 1089760037804 948
6 1089760037805 50
6 1089760037806 195
6 1089760037807 1060
6 1089760038336 111
6 1089760038337 68
6 1089760038338 66
6 1089760038339 60
6 1089760038340 93
6 1089760038341 78
6 1089760038342 700
6 1089760038343 113
6 1089760038344 880
6 1089760038345 54
6 1089760038346 1396
6 1089760038347 73
6 1089760038348 48
6 1089760038349 56
6 1089760038350 119
6 1089760038351 460
6 1089760038368 68
6 1089760038369 61
6 1089760038370 716
6 1089760038371 68
6 1089760038372 68
6 1089760038373 43
6 1089760038374 136
6 1089760038375 127
6 1089760038376 113
6 1089760038377 122
6 1089760038378 417
6 1089760038379 125
6 1089760038380 60
6 1089760038381 128
6 1089760038382 455
6 1089760038383 58
6 1089760038384 121
6 1089760038385 415
6 1089760038386 676
6 1089760038387 72
6 1089760038388 51
6 1089760038389 83
6 1089760038390 260
6 1089760038391 187
6 1089760038392 56
6 1089760038393 507
6 1089760038394 226
6 1089760038395 520
6 1089760038396 64
6 1089760038397 102
6 1089760038398 62
6 1089760038399 113
6 1089760039198 15
6 1089760039199 7
6 1089760039200 13
6 1089760039201 6
6 1089760039202 6
6 1089760039203 8
6 1089760039204 5
6 1089760039205 9
6 1089760039206 18
6 1089760039208 4
6 1089760039210 4
6 1089760039212 18
6 1089760039213 5
6 1089760039214 10
6 1089760039215 10
6 1089760039216 17
6 1089760039217 11
6 1089760039218 6
6 1089760039219 11
6 1089760039220 25
6 1089760039221 4
6 1089760039222 321
6 1089760039223 9
6 1089760039224 10
6 1089760039225 36
6 1089760039226 154
6 1089760039227 31
6 1089760039230 20
6 1089760039231 21
6 1089760039232 9
6 1089760039237 6
6 1089760039238 16
6 1089760039240 5
6 1089760039241 44
6 1089760039242 24
6 1089760039243 32
6 1089760039244 16
6 1089760039245 58
6 1089760039920 94
6 1089760039921 13
6 1089760039922 14
6 1089760039925 3
6 1089760039926 15
6 1089760039927 19
6 1089760039928 7
6 1089760039929 18
6 1089760039930 6
6 1089760039931 626
6 1089760039932 255
6 1089760039933 3
6 1089760039935 8
6 1089760039936 13
6 1089760039937 15
6 1089760039938 9
6 1089760039939 6
6 1089760039941 7
6 1089760039942 13
6 1089760039944 297
6 1089760039945 5
6 1089760039946 4
6 1089760039947 10
6 1089760039950 1
6 1089760039951 47
6 1089760039952 2
6 1089760039953 17
6 1089760039955 7
6 1089760039956 20
6 1089760039957 15
6 1089760039958 10
6 1089760039959 11
6 1089760039960 10
6 1089760039963 4
6 1089760039965 18
6 1089760039966 8
6 1089760040632 13
6 1089760040633 7
6 1089760040634 48
6 1089760040635 21
6 1089760040636 5
6 1089760040637 16
6 1089760040638 4
6 1089760040639 6
6 1089760040640 34
6 1089760040641 16
6 1089760040643 1
6 1089760040644 2
6 1089760040645 248
6 1089760040646 2
6 1089760040648 9
6 1089760040649 10
6 1089760040650 9
6 1089760040652 9
6 1089760040653 24
6 1089760040654 47
6 1089760040655 23
6 1089760040656 555
6 1089760040659 562
6 1089760040663 14
6 1089760040664 88
6 1089760040666 15
6 1089760040667 40
6 1089760040669 27
6 1089760040670 63
6 1089760040671 54
6 1089760040672 3
6 1089760040673 34
6 1089760040674 9
6 1089760040675 9
6 1089760040676 8
6 1089760040677 3
6 1089760040679 5
6 1089760041341 6
6 1089760041342 4
6 1089760041344 7
6 1089760041345 157
6 1089760041346 28
6 1089760041347 2
6 1089760041348 13
6 1089760041349 23
6 1089760041350 889
6 1089760041351 36
6 1089760041352 23
6 1089760041354 5
6 1089760041356 296
6 1089760041357 12
6 1089760041358 103
6 1089760041359 4
6 1089760041360 10
6 1089760041361 5
6 1089760041362 13
6 1089760041363 6
6 1089760041364 6
6 1089760041365 3
6 1089760041366 10
6 1089760041367 22
6 1089760041368 18
6 1089760041369 5
6 1089760041370 12
6 1089760041371 33
6 1089760041372 15
6 1089760041377 8
6 1089760041379 3
6 1089760041380 10
6 1089760041382 10
6 1089760041383 16
6 1089760041384 17
6 1089760041385 6
6 1089760041388 13
6 1089760041390 32
6 1089760042074 4
6 1089760042075 6
6 1089760042076 128
6 1089760042077 16
6 1089760042081 18
6 1089760042082 13
6 1089760042083 12
6 1089760042085 4
6 1089760042087 14
6 1089760042089 103
6 1089760042090 15
6 1089760042091 9
6 1089760042092 17
6 1089760042093 16
6 1089760042094 10
6 1089760042095 4
6 1089760042096 8
6 1089760042097 24
6 1089760042098 3
6 1089760042099 10
6 1089760042101 149
6 1089760042102 13
6 1089760042103 7
6 1089760042104 8
6 1089760042105 3
6 1089760042106 12
6 1089760042107 20
6 1089760042108 14
6 1089760042109 2
6 1089760042110 129
6 1089760042112 5
6 1089760042113 13
6 1089760042114 27
6 1089760042115 15
6 1089760042116 23
6 1089760042118 158
6 1089760042119 113
6 1089760042802 26
6 1089760042803 16
6 1089760042804 186
6 1089760042805 19
6 1089760042806 2
6 1089760042807 16
6 1089760042808 93
6 1089760042809 78
6 1089760042810 15
6 1089760042813 22
6 1089760042814 8
6 1089760042815 23
6 1089760042816 20
6 1089760042818 12
6 1089760042820 5
6 1089760042821 140
6 1089760042822 4
6 1089760042823 227
6 1089760042824 5
6 1089760042827 323
6 1089760042828 5
6 1089760042829 5
6 1089760042830 22
6 1089760042831 9
6 1089760042832 12
6 1089760042833 6
6 1089760042834 10
6 1089760042835 166
6 1089760042836 10
6 1089760042837 7
6 1089760042838 40
6 1089760042839 28
6 1089760042840 2
6 1089760042841 14
6 1089760042842 45
6 1089760042843 7
6 1089760042846 11
6 1089760043280 6
6 1089760043281 13
6 1089760043282 10
6 1089760043283 9
6 1089760043285 14
6 1089760043286 3
6 1089760043288 10
6 1089760043289 7
6 1089760043290 6
6 1089760043293 13
6 1089760043294 14
6 1089760043295 20
6 1089760043296 4
6 1089760043298 4
6 1089760043299 9
6 1089760043300 7
6 1089760043302 7
6 1089760043304 12
6 1089760043305 3
6 1089760043306 10
6 1089760043308 9
6 1089760043309 4
6 1089760043311 4
6 1089760043312 8
6 1089760043313 8
6 1089760043314 6
6 1089760043315 13
6 1089760043316 20
6 1089760043320 302
6 1089760043321 4
6 1089760043753 4
6 1089760043754 9
6 1089760043755 18
6 1089760043756 3
6 1089760043757 4
6 1089760043759 11
6 1089760043760 10
6 1089760043761 20
6 1089760043762 5
6 1089760043763 7
6 1089760043764 3
6 1089760043765 4
6 1089760043766 6
6 1089760043767 2
6 1089760043768 16
6 1089760043770 10
6 1089760043771 14
6 1089760043772 7
6 1089760043775 13
6 1089760043776 12
6 1089760043777 18
6 1089760043778 10
6 1089760043779 7
6 1089760043780 128
6 1089760043781 10
6 1089760043782 13
6 1089760043783 97
6 1089760043784 7
6 1089760043785 8
6 1089760043787 94
6 1089760043788 14
6 1089760043789 58
6 1089760043790 10
6 1089760043791 6
6 1089760043792 8
6 1089760043793 23
6 1089760043794 7
6 1089760043795 1
6 1089760043796 105
6 1089760043797 5
6 1089760043798 6
6 1089760043799 107
6 1089760043800 1
6 1089760043801 530
6 1089760044045 4
6 1089760044046 3
6 1089760044047 9
6 1089760044048 13
6 1089760044049 2
6 1089760044050 15
6 1089760044051 8
6 1089760044052 4
6 1089760044053 19
6 1089760044054 24
6 1089760044055 19
6 1089760044056 12
6 1089760044057 15
6 1089760044058 5
6 1089760044059 7
6 1089760044060 10
6 1089760044061 12
6 1089760044062 137
6 1089760044063 7
6 1089760044064 138
6 1089760044065 4
6 1089760044066 9
6 1089760044067 11
6 1089760044072 4
6 1089760044073 19
6 1089760044074 8
6 1089760044076 17
6 1089760044078 3
6 1089760044079 9
6 1089760044083 18
6 1089760044084 21
6 1089760044085 54
6 1089760044086 6
6 1089760044087 4
6 1089760044088 9
6 1089760044089 5
6 1089760044090 13
6 1089760044091 4
6 1089760044092 7
6 1089760045779 5
6 1089760045780 5
6 1089760045781 17
6 1089760045782 8
6 1089760045783 7
6 1089760045784 3
6 1089760045786 7
6 1089760045787 101
6 1089760045789 2
6 1089760045790 19
6 1089760045791 17
6 1089760045792 18
6 1089760045793 13
6 1089760045794 2
6 1089760045795 230
6 1089760045796 11
6 1089760045797 4
6 1089760045798 10
6 1089760045799 22
6 1089760045802 15
6 1089760045803 15
6 1089760045804 5
6 1089760045805 14
6 1089760045806 3
6 1089760045807 7
6 1089760045808 2
6 1089760045809 9
6 1089760045810 10
6 1089760045813 6
6 1089760045814 13
6 1089760045815 9
6 1089760045816 19
6 1089760045817 11
6 1089760045818 17
6 1089760045819 14
6 1089760045820 154
6 1089760045821 76
6 1089760045822 10
6 1089760045823 3
6 1089760045826 6
6 1089760045827 5
6 1089760046452 14
6 1089760046454 16
6 1089760046455 22
6 1089760046456 5
6 1089760046457 18
6 1089760046459 15
6 1089760046462 5
6 1089760046463 12
6 1089760046464 6
6 1089760046465 6
6 1089760046466 7
6 1089760046467 8
6 1089760046468 13
6 1089760046469 14
6 1089760046470 17
6 1089760046472 263
6 1089760046473 10
6 1089760046474 8
6 1089760046477 189
6 1089760046478 6
6 1089760046479 3
6 1089760046480 13
6 1089760046481 10
6 1089760046482 10
6 1089760046483 6
6 1089760046484 7
6 1089760046485 4
6 1089760046486 6
6 1089760046487 12
6 1089760046488 10
6 1089760046489 7
6 1089760046490 20
6 1089760046491 15
6 1089760046492 14
6 1089760046495 8
6 1089760046496 11
6 1089760046497 20
6 1089760046498 16
6 1089760046501 9
6 1089760046983 14
6 1089760046984 9
6 1089760046985 6
6 1089760046987 6
6 1089760046988 7
6 1089760046989 5
6 1089760046990 3
6 1089760046991 20
6 1089760046992 5
6 1089760046993 7
6 1089760046994 5
6 1089760046995 23
6 1089760046996 9
6 1089760046997 14
6 1089760046998 12
6 1089760047001 20
6 1089760047002 4
6 1089760047003 3
6 1089760047005 444
6 1089760047007 8
6 1089760047008 8
6 1089760047009 7
6 1089760047010 44
6 1089760047012 677
6 1089760047013 17
6 1089760047014 134
6 1089760047015 7
6 1089760047017 33
6 1089760047018 14
6 1089760047019 7
6 1089760047020 5
6 1089760047022 11
6 1089760047023 6
6 1089760047024 9
6 1089760047025 424
6 1089760047026 2
6 1089760047028 22
6 1089760047029 12
6 1089760047030 9
6 1089760047032 27
6 1089760047850 7
6 1089760047851 26
6 1089760047852 56
6 1089760047853 25
6 1089760047854 23
6 1089760047855 17
6 1089760047856 22
6 1089760047857 23
6 1089760047858 16
6 1089760047859 16
6 1089760047860 20
6 1089760047861 21
6 1089760047862 59
6 1089760047863 27
6 1089760047864 25
6 1089760047865 22
6 1089760047866 235
6 1089760047867 14
6 1089760047868 27
6 1089760047869 23
6 1089760047870 22
6 1089760047871 20
6 1089760047872 28
6 1089760047873 15
6 1089760047874 492
6 1089760047875 20
6 1089760047876 316
6 1089760047877 19
6 1089760047878 16
6 1089760047879 413
6 1089760047880 14
6 1089760047881 16
6 1089760047882 12
6 1089760047883 13
6 1089760047884 17
6 1089760047885 26
6 1089760047886 19
6 1089760047887 15
6 1089760047888 26
6 1089760047889 9
6 1089760047890 22
6 1089760047891 17
6 1089760047892 16
6 1089760047893 26
6 1089760047894 58
6 1089760047895 20
6 1089760047896 157
6 1089760047897 10
6 1089760049479 39
6 1089760049480 25
6 1089760049481 137
6 1089760049482 31
6 1089760049483 284
6 1089760049484 17
6 1089760049485 24
6 1089760049486 514
6 1089760049487 12
6 1089760049488 31
6 1089760049489 38
6 1089760049490 545
6 1089760049491 207
6 1089760049492 53
6 1089760049493 62
6 1089760049494 78
6 1089760049495 73
6 1089760049496 846
6 1089760049497 26
6 1089760049498 20
6 1089760049499 13
6 1089760049500 22
6 1089760049501 310
6 1089760049502 23
6 1089760049503 18
6 1089760049504 19
6 1089760049505 19
6 1089760049506 114
6 1089760049507 23
6 1089760049508 76
6 1089760049509 15
6 1089760049510 19
6 1089760049511 47
6 1089760049512 1205
6 1089760049513 256
6 1089760049514 111
6 1089760049515 1450
6 1089760049516 196
6 1089760049517 152
6 1089760049518 266
6 1089760049519 32
6 1089760049520 84
6 1089760049521 149
6 1089760049522 9
6 1089760049523 159
6 1089760049524 21
6 1089760049525 369
6 1089760049526 13
6 1089760049573 1
6 1089760049574 22
6 1089760049575 158
6 1089760049576 25
6 1089760049577 20
6 1089760049578 13
6 1089760049579 19
6 1089760049580 20
6 1089760049581 16
6 1089760049582 15
6 1089760049583 135
6 1089760049584 75
6 1089760049585 428
6 1089760049586 102
6 1089760049587 21
6 1089760049588 220
6 1089760049589 9
6 1089760049590 17
6 1089760049591 14
6 1089760049592 11
6 1089760049593 48
6 1089760049594 26
6 1089760049595 382
6 1089760049596 185
6 1089760049597 101
6 1089760049598 423
6 1089760049599 748
6 1089760049600 19
6 1089760049601 243
6 1089760049602 29
6 1089760049603 26
6 1089760049604 12
6 1089760049605 74
6 1089760049606 140
6 1089760049607 7
6 1089760049608 76
6 1089760049609 20
6 1089760049610 24
6 1089760049611 1160
6 1089760049612 63
6 1089760049613 46
6 1089760049614 19
6 1089760049615 27
6 1089760049616 27
6 1089760049617 11
6 1089760049618 144
6 1089760049619 256
6 1089760049620 531
6 1089760049621 20
6 1089760049622 15
6 1089760049623 25
6 1089760049624 18
6 1089760049625 436
6 1089760049626 280
6 1089760049627 22
6 1089760049628 18
6 1089760049629 23
6 1089760049630 17
6 1089760049631 144
6 1089760049632 19
6 1089760049633 24
6 1089760049634 18
6 1089760049635 17
6 1089760049636 24
6 1089760049637 17
6 1089760049638 28
6 1089760049639 10
6 1089760049640 14
6 1089760049641 526
6 1089760049642 2922
6 1089760049643 25
6 1089760049644 378
6 1089760049645 34
6 1089760049646 85
6 1089760049647 21
6 1089760049648 90
6 1089760049649 23
6 1089760049650 22
6 1089760049651 26
6 1089760049652 24
6 1089760049653 10
6 1089760049654 671
6 1089760049655 24
6 1089760049656 137
6 1089760049657 17
6 1089760049658 123
6 1089760049659 16
6 1089760049660 15
6 1089760049661 21
6 1089760049662 19
6 1089760049663 34
6 1089760049664 197
6 1089760049665 1
6 1089760049666 35
6 1089760049667 32
6 1089760049668 135
6 1089760049669 12
6 1089760051212 4
6 1089760051213 4
6 1089760051242 4
6 1089760051243 4
6 1089760051272 4
6 1089760051273 4
6 1089760051302 4
6 1089760051303 4
6 1089760051332 4
6 1089760051333 4
6 1089760051362 4
6 1089760051363 4
6 1089760051382 4
6 1089760051383 4
6 1089760051402 4
6 1089760051403 4
6 1089760051414 4
6 1089760051415 4
6 1089760051486 4
6 1089760051487 4
6 1089760051514 4
6 1089760051515 4
6 1089760051536 4
6 1089760051537 53
6 1089760051572 4
6 1089760051573 4
6 1089760051640 4
6 1089760051641 4
6 1089760051644 4
6 1089760051645 4
6 1089760051646 4
6 1089760051647 4
6 1089760051712 24
6 1089760051713 25
6 1089760051714 10
6 1089760051715 7
6 1089760051716 14
6 1089760051717 170
6 1089760051718 354
6 1089760051719 13
6 1089760051720 22
6 1089760051721 82
6 1089760051722 106
6 1089760051723 180
6 1089760051724 14
6 1089760051725 15
6 1089760051726 22
6 1089760051727 22
6 1089760051728 75
6 1089760051729 13
6 1089760051730 47
6 1089760051731 540
6 1089760051732 13
6 1089760051733 14
6 1089760051734 204
6 1089760051735 45
6 1089760051736 15
6 1089760051737 44
6 1089760051738 14
6 1089760051739 13
6 1089760051740 39
6 1089760051741 15
6 1089760051742 8
6 1089760051743 68
6 1089760051744 28
6 1089760051745 17
6 1089760051746 248
6 1089760051747 21
6 1089760051748 15
6 1089760051749 100
6 1089760051750 23
6 1089760051751 316
6 1089760051752 34
6 1089760051753 130
6 1089760051754 15
6 1089760051755 35
6 1089760051756 18
6 1089760051757 19
6 1089760051758 14
6 1089760051759 14
6 1089760051760 157
6 1089760051761 10
6 1089760051762 23
6 1089760051763 11
6 1089760051764 15
6 1089760051765 198
6 1089760051766 36
6 1089760051767 1534
6 1089760051768 728
6 1089760051769 104
6 1089760051770 14
6 1089760051771 263
6 1089760051772 21
6 1089760051773 21
6 1089760051774 24
6 1089760051775 15
6 1089760051776 40
6 1089760051777 305
6 1089760051778 16
6 1089760051779 13
6 1089760051780 18
6 1089760051781 369
6 1089760051782 25
6 1089760051783 165
6 1089760051784 26
6 1089760051785 137
6 1089760051786 16
6 1089760051787 13
6 1089760051788 35
6 1089760051789 16
6 1089760051790 16
6 1089760051791 13
6 1089760051792 18
6 1089760051793 37
6 1089760051794 19
6 1089760051795 138
6 1089760051796 18
6 1089760051797 23
6 1089760051798 122
6 1089760051799 171
6 1089760051800 18
6 1089760051801 21
6 1089760051802 16
6 1089760051803 16
6 1089760051804 26
6 1089760051805 56
6 1089760051806 22
6 1089760051807 475
6 1089760051808 21
6 1089760051809 16
6 1089760051810 228
6 1089760051811 15
6 1089760051812 13
6 1089760051813 188
6 1089760051814 33
6 1089760051815 15
6 1089760051816 17
6 1089760051817 166
6 1089760051818 22
6 1089760051819 15
6 1089760051820 103
6 1089760051821 256
6 1089760051822 61
6 1089760051823 25
6 1089760051824 17
6 1089760051825 10
6 1089760051826 68
6 1089760051827 21
6 1089760051828 341
6 1089760051829 17
6 1089760051830 25
6 1089760051831 20
6 1089760051832 14
6 1089760051833 22
6 1089760051834 16
6 1089760051835 15
6 1089760051836 229
6 1089760051837 18
6 1089760051838 27
6 1089760051839 20
6 1089760051840 12
6 1089760051841 19
6 1089760051842 248
6 1089760051843 318
6 1089760051844 19
6 1089760051845 20
6 1089760051846 27
6 1089760051847 62
6 1089760051848 663
6 1089760051849 16
6 1089760051850 16
6 1089760051851 28
6 1089760051852 26
6 1089760051853 45
6 1089760051854 24
6 1089760051855 237
6 1089760051856 21
6 1089760051857 13
6 1089760051858 40
6 1089760051859 30
6 1089760051860 29
6 1089760051861 25
6 1089760051862 17
6 1089760051863 28
6 1089760051864 15
6 1089760051865 604
6 1089760051866 23
6 1089760051867 19
6 1089760051868 16
6 1089760051869 187
6 1089760051870 19
6 1089760051871 16
6 1089760051872 16
6 1089760051873 26
6 1089760051874 15
6 1089760051875 13
6 1089760051876 16
6 1089760051877 28
6 1089760051878 18
6 1089760051879 128
6 1089760051880 16
6 1089760051881 21
6 1089760051882 14
6 1089760051883 13
6 1089760051884 94
6 1089760051885 197
6 1089760051886 32
6 1089760051887 17
6 1089760051888 23
6 1089760051889 133
6 1089760051890 17
6 1089760051891 12
6 1089760051892 17
6 1089760051893 15
6 1089760051894 17
6 1089760051895 15
6 1089760051896 210
6 1089760051897 142
6 1089760051898 19
6 1089760051899 39
6 1089760051900 52
6 1089760051901 17
6 1089760051902 18
6 1089760051903 15
6 1089760051904 18
6 1089760051905 15
6 1089760051906 7
6 1089760051907 217
6 1089760051908 180
6 1089760051909 149
6 1089760051910 12
6 1089760051911 13
6 1089760051912 23
6 1089760051913 16
6 1089760051914 82
6 1089760051915 40
6 1089760051916 9
6 1089760051917 195
6 1089760051918 27
6 1089760051919 31
6 1089760051920 19
6 1089760051921 15
6 1089760051922 27
6 1089760051923 164
6 1089760051924 66
6 1089760051925 21
6 1089760051926 17
6 1089760051927 58
6 1089760051928 20
6 1089760051929 13
6 1089760051930 12
6 1089760051931 213
6 1089760051932 105
6 1089760051933 121
6 1089760051934 40
6 1089760051935 29
6 1089760051936 15
6 1089760051937 123
6 1089760051938 427
6 1089760051939 13
6 1089760051940 820
6 1089760051941 86
6 1089760051942 237
6 1089760051943 19
6 1089760051944 17
6 1089760051945 21
6 1089760051946 16
6 1089760051947 16
6 1089760051948 26
6 1089760051949 37
6 1089760051950 20
6 1089760051951 23
6 1089760051952 244
6 1089760051953 17
6 1089760051954 22
6 1089760051955 19
6 1089760051956 24
6 1089760051957 15
6 1089760051958 169
6 1089760051959 24
6 1089760051960 16
6 1089760051961 26
6 1089760051962 46
6 1089760051963 29
6 1089760051964 10
6 1089760051965 258
6 1089760051966 9
6 1089760051967 120
6 1089760051968 12
6 1089760051969 16
6 1089760051970 16
6 1089760051971 9
6 1089760051972 43
6 1089760051973 15
6 1089760051974 11
6 1089760051975 21
6 1089760051976 30
6 1089760051977 11
6 1089760051978 42
6 1089760051979 10
6 1089760051980 454
6 1089760051981 23
6 1089760051982 41
6 1089760051983 59
6 1089760051984 11
6 1089760051985 12
6 1089760051986 20
6 1089760051987 316
6 1089760051988 49
6 1089760051989 15
6 1089760051990 14
6 1089760051991 430
6 1089760051992 12
6 1089760051993 28
6 1089760051994 25
6 1089760051995 17
6 1089760051996 17
6 1089760051997 21
6 1089760051998 64
6 1089760051999 68
6 1089760052000 15
6 1089760052001 19
6 1089760052002 13
6 1089760052003 14
6 1089760052004 24
6 1089760052005 255
6 1089760052006 16
6 1089760052007 18
6 1089760052008 14
6 1089760052009 20
6 1089760052010 17
6 1089760052011 18
6 1089760052012 22
6 1089760052013 16
6 1089760052014 13
6 1089760052015 22
6 1089760052016 13
6 1089760052017 22
6 1089760052018 444
6 1089760052019 16
6 1089760052020 46
6 1089760052021 16
6 1089760052022 51
6 1089760052023 148
6 1089760052024 11
6 1089760052025 467
6 1089760052026 548
6 1089760052027 14
6 1089760052028 20
6 1089760052029 24
6 1089760052030 18
6 1089760052031 11
6 1089760052032 23
6 1089760052033 22
6 1089760052034 16
6 1089760052035 11
6 1089760052036 18
6 1089760052037 15
6 1089760052038 14
6 1089760052039 179
6 1089760052040 19
6 1089760052041 11
6 1089760052042 16
6 1089760052043 21
6 1089760052044 14
6 1089760052045 19
6 1089760052046 13
6 1089760052047 17
6 1089760052048 47
6 1089760052049 16
6 1089760052050 17
6 1089760052051 22
6 1089760052052 12
6 1089760052053 54
6 1089760052054 39
6 1089760052055 159
6 1089760052056 29
6 1089760052057 447
6 1089760052058 1997
6 1089760052059 17
6 1089760052060 18
6 1089760052061 25
6 1089760052062 20
6 1089760052063 29
6 1089760052064 215
6 1089760052065 183
6 1089760052066 18
6 1089760052067 18
6 1089760052068 24
6 1089760052069 51
6 1089760052070 78
6 1089760052071 159
6 1089760052072 55
6 1089760052073 206
6 1089760052074 33
6 1089760052075 25
6 1089760052076 15
6 1089760052077 11
6 1089760052078 13
6 1089760052079 26
6 1089760052080 112
6 1089760052081 16
6 1089760052082 16
6 1089760052083 58
6 1089760052084 480
6 1089760052085 69
6 1089760052086 20
6 1089760052087 1296
6 1089760052088 9
6 1089760052089 17
6 1089760052090 70
6 1089760052091 473
6 1089760052092 4
6 1089760052093 18
6 1089760052094 14
6 1089760052095 28
6 1089760052096 23
6 1089760052097 38
6 1089760052098 19
6 1089760052099 419
6 1089760052100 189
6 1089760052101 19
6 1089760052102 12
6 1089760052103 202
6 1089760052104 21
6 1089760052105 37
6 1089760052106 48
6 1089760052107 16
6 1089760052108 12
6 1089760052109 10
6 1089760052110 79
6 1089760052111 129
6 1089760052112 36
6 1089760052113 15
6 1089760052114 16
6 1089760052115 171
6 1089760052116 48
6 1089760052117 19
6 1089760052118 13
6 1089760052119 24
6 1089760052120 15
6 1089760052121 18
6 1089760052122 92
6 1089760052123 11
6 1089760052124 18
6 1089760052125 30
6 1089760052126 16
6 1089760052127 17
6 1089760052128 1802
6 1089760052129 17
6 1089760052130 21
6 1089760052131 19
6 1089760052132 16
6 1089760052133 18
6 1089760052134 144
6 1089760052135 17
6 1089760052136 10
6 1089760052137 12
6 1089760052138 172
6 1089760052139 37
6 1089760052140 14
6 1089760052141 31
6 1089760052142 18
6 1089760052143 29
6 1089760052144 15
6 1089760052145 13
6 1089760052146 18
6 1089760052147 133
6 1089760052148 11
6 1089760052149 14
6 1089760052150 34
6 1089760052151 16
6 1089760052152 24
6 1089760052153 12
6 1089760052154 14
6 1089760052155 65
6 1089760052156 17
6 1089760052157 212
6 1089760052158 21
6 1089760052159 47
6 1089760052160 10
6 1089760052161 8
6 1089760052162 14
6 1089760052163 13
6 1089760052164 14
6 1089760052165 14
6 1089760052166 17
6 1089760052167 36
6 1089760052168 39
6 1089760052169 88
6 1089760052170 444
6 1089760052171 115
6 1089760052172 24
6 1089760052173 14
6 1089760052174 16
6 1089760052175 18
6 1089760052176 18
6 1089760052177 21
6 1089760052178 19
6 1089760052179 23
6 1089760052180 16
6 1089760052181 142
6 1089760052182 15
6 1089760052183 19
6 1089760052184 17
6 1089760052185 56
6 1089760052186 21
6 1089760052187 16
6 1089760052188 11
6 1089760052189 16
6 1089760052190 23
6 1089760052191 24
6 1089760052192 18
6 1089760052193 13
6 1089760052194 24
6 1089760052195 459
6 1089760052196 21
6 1089760052197 25
6 1089760052198 70
6 1089760052199 19
6 1089760052200 15
6 1089760052201 20
6 1089760052202 18
6 1089760052203 18
6 1089760052204 14
6 1089760052205 34
6 1089760052206 265
6 1089760052207 20
6 1089760052208 23
6 1089760052209 24
6 1089760052210 17
6 1089760052211 12
6 1089760052212 515
6 1089760052213 17
6 1089760052214 31
6 1089760052215 23
6 1089760052216 23
6 1089760052217 27
6 1089760052218 20
6 1089760052219 23
6 1089760052220 19
6 1089760052221 20
6 1089760052222 18
6 1089760052223 361
6 1089760052272 159
6 1089760052273 130
6 1089760052274 16
6 1089760052275 34
6 1089760052276 21
6 1089760052277 14
6 1089760052278 12
6 1089760052279 115
6 1089760052392 42
6 1089760052393 369
6 1089760052394 42
6 1089760052395 36
6 1089760052396 13
6 1089760052397 11
6 1089760052398 148
6 1089760052399 602
6 1089760052512 220
6 1089760052513 112
6 1089760052514 9
6 1089760052515 20
6 1089760052516 17
6 1089760052517 20
6 1089760052518 31
6 1089760052519 60
6 1089760052632 174
6 1089760052633 29
6 1089760052634 17
6 1089760052635 19
6 1089760052636 26
6 1089760052637 78
6 1089760052638 197
6 1089760052639 147
6 1089760052752 15
6 1089760052753 17
6 1089760052754 17
6 1089760052755 777
6 1089760052756 19
6 1089760052757 33
6 1089760052758 20
6 1089760052759 30
6 1089760052872 21
6 1089760052873 22
6 1089760052874 30
6 1089760052875 15
6 1089760052876 8
6 1089760052877 27
6 1089760052878 31
6 1089760052879 18
6 1089760052952 12
6 1089760052953 19
6 1089760052954 20
6 1089760052955 165
6 1089760052956 21
6 1089760052957 8
6 1089760052958 28
6 1089760052959 8
6 1089760053032 18
6 1089760053033 27
6 1089760053034 24
6 1089760053035 182
6 1089760053036 28
6 1089760053037 31
6 1089760053038 31
6 1089760053039 29
6 1089760053080 24
6 1089760053081 36
6 1089760053082 25
6 1089760053083 18
6 1089760053084 24
6 1089760053085 5
6 1089760053086 258
6 1089760053087 15
6 1089760053368 64
6 1089760053369 9
6 1089760053370 26
6 1089760053371 24
6 1089760053372 22
6 1089760053373 861
6 1089760053374 34
6 1089760053375 11
6 1089760053480 29
6 1089760053481 17
6 1089760053482 30
6 1089760053483 16
6 1089760053484 330
6 1089760053485 21
6 1089760053486 29
6 1089760053487 27
6 1089760053568 224
6 1089760053569 30
6 1089760053570 331
6 1089760053571 20
6 1089760053572 440
6 1089760053573 32
6 1089760053574 22
6 1089760053575 85
6 1089760053712 34
6 1089760053713 52
6 1089760053714 33
6 1089760053715 38
6 1089760053716 153
6 1089760053717 67
6 1089760053718 519
6 1089760053719 31
6 1089760053984 162
6 1089760053985 66
6 1089760053986 113
6 1089760053987 80
6 1089760053988 44
6 1089760053989 35
6 1089760053990 31
6 1089760053991 53
6 1089760054000 30
6 1089760054001 30
6 1089760054002 33
6 1089760054003 211
6 1089760054004 187
6 1089760054005 164
6 1089760054006 36
6 1089760054007 28
6 1089760054008 739
6 1089760054009 31
6 1089760054010 228
6 1089760054011 34
6 1089760054012 314
6 1089760054013 254
6 1089760054014 31
6 1089760054015 27
7 1089760035008 32
7 1089760035009 24
7 1089760035010 26
7 1089760035011 18
7 1089760035012 36
7 1089760035013 597
7 1089760035014 172
7 1089760035015 177
7 1089760035016 26
7 1089760035017 20
7 1089760035018 66
7 1089760035019 26
7 1089760035020 46
7 1089760035021 202
7 1089760035022 26
7 1089760035023 51
7 1089760035248 18
7 1089760035249 109
7 1089760035250 45
7 1089760035251 31
7 1089760035252 72
7 1089760035253 131
7 1089760035254 44
7 1089760035255 710
7 1089760035256 250
7 1089760035257 30
7 1089760035258 1708
7 1089760035259 218
7 1089760035260 21
7 1089760035261 163
7 1089760035262 112
7 1089760035263 51
7 1089760035488 113
7 1089760035489 20
7 1089760035490 21
7 1089760035491 58
7 1089760035492 36
7 1089760035493 32
7 1089760035494 53
7 1089760035495 22
7 1089760035496 26
7 1089760035497 142
7 1089760035498 154
7 1089760035499 197
7 1089760035500 237
7 1089760035501 22
7 1089760035502 962
7 1089760035503 63
7 1089760035728 32
7 1089760035729 30
7 1089760035730 36
7 1089760035731 400
7 1089760035732 45
7 1089760035733 48
7 1089760035734 163
7 1089760035735 18
7 1089760035736 401
7 1089760035737 18
7 1089760035738 208
7 1089760035739 193
7 1089760035740 823
7 1089760035741 30
7 1089760035742 201
7 1089760035743 47
7 1089760035968 65
7 1089760035969 79
7 1089760035970 24
7 1089760035971 21
7 1089760035972 18
7 1089760035973 26
7 1089760035974 539
7 1089760035975 256
7 1089760035976 34
7 1089760035977 18
7 1089760035978 105
7 1089760035979 18
7 1089760035980 40
7 1089760035981 32
7 1089760035982 50
7 1089760035983 204
7 1089760036208 53
7 1089760036209 209
7 1089760036210 214
7 1089760036211 56
7 1089760036212 131
7 1089760036213 36
7 1089760036214 18
7 1089760036215 128
7 1089760036216 23
7 1089760036217 28
7 1089760036218 34
7 1089760036219 29
7 1089760036220 205
7 1089760036221 47
7 1089760036222 652
7 1089760036223 44
7 1089760036816 18
7 1089760036817 44
7 1089760036818 104
7 1089760036819 494
7 1089760036820 26
7 1089760036821 133
7 1089760036822 18
7 1089760036823 590
7 1089760036824 78
7 1089760036825 48
7 1089760036826 36
7 1089760036827 36
7 1089760036828 515
7 1089760036829 65
7 1089760036830 30
7 1089760036831 16
7 1089760036848 56
7 1089760036849 163
7 1089760036850 166
7 1089760036851 454
7 1089760036852 18
7 1089760036853 20
7 1089760036854 495
7 1089760036855 49
7 1089760036856 16
7 1089760036857 32
7 1089760036858 26
7 1089760036859 33
7 1089760036860 30
7 1089760036861 30
7 1089760036862 113
7 1089760036863 68
7 1089760037120 146
7 1089760037121 18
7 1089760037122 24
7 1089760037123 14
7 1089760037124 30
7 1089760037125 24
7 1089760037126 298
7 1089760037127 22
7 1089760037128 24
7 1089760037129 23
7 1089760037130 211
7 1089760037131 28
7 1089760037132 32
7 1089760037133 12
7 1089760037134 40
7 1089760037135 72
7 1089760037136 48
7 1089760037137 37
7 1089760037138 244
7 1089760037139 50
7 1089760037140 59
7 1089760037141 32
7 1089760037142 171
7 1089760037143 177
7 1089760037144 24
7 1089760037145 24
7 1089760037146 68
7 1089760037147 610
7 1089760037148 798
7 1089760037149 188
7 1089760037150 156
7 1089760037151 558
7 1089760037536 24
7 1089760037537 20
7 1089760037538 333
7 1089760037539 32
7 1089760037540 20
7 1089760037541 20
7 1089760037542 107
7 1089760037543 198
7 1089760037544 28
7 1089760037545 87
7 1089760037546 176
7 1089760037547 22
7 1089760037548 512
7 1089760037549 824
7 1089760037550 112
7 1089760037551 26
7 1089760037552 37
7 1089760037553 18
7 1089760037554 20
7 1089760037555 16
7 1089760037556 60
7 1089760037557 794
7 1089760037558 68
7 1089760037559 46
7 1089760037560 33
7 1089760037561 244
7 1089760037562 26
7 1089760037563 80
7 1089760037564 56
7 1089760037565 293
7 1089760037566 23
7 1089760037567 52
7 1089760038320 16
7 1089760038321 8
7 1089760038322 110
7 1089760038323 4
7 1089760038324 16
7 1089760038325 104
7 1089760038326 4
7 1089760038327 6
7 1089760038328 14
7 1089760038329 14
7 1089760038330 10
7 1089760038331 6
7 1089760038332 17
7 1089760038333 14
7 1089760038334 4
7 1089760038335 4
7 1089760038352 39
7 1089760038353 14
7 1089760038354 388
7 1089760038355 26
7 1089760038356 12
7 1089760038357 12
7 1089760038358 2
7 1089760038359 6
7 1089760038360 12
7 1089760038361 41
7 1089760038362 466
7 1089760038363 12
7 1089760038364 8
7 1089760038365 578
7 1089760038366 130
7 1089760038367 14
7 1089760038384 590
7 1089760038385 114
7 1089760038386 6
7 1089760038387 12
7 1089760038388 696
7 1089760038389 15
7 1089760038390 19
7 1089760038391 6
7 1089760038392 69
7 1089760038393 6
7 1089760038394 6
7 1089760038395 22
7 1089760038396 16
7 1089760038397 14
7 1089760038398 21
7 1089760038399 4
7 1089760038672 142
7 1089760038673 6
7 1089760038674 30
7 1089760038675 538
7 1089760038676 14
7 1089760038677 16
7 1089760038678 10
7 1089760038679 6
7 1089760038680 25
7 1089760038681 6
7 1089760038682 14
7 1089760038683 464
7 1089760038684 13
7 1089760038685 8
7 1089760038686 6
7 1089760038687 22
7 1089760038704 14
7 1089760038705 10
7 1089760038706 123
7 1089760038707 10
7 1089760038708 2
7 1089760038709 8
7 1089760038710 8
7 1089760038711 43
7 1089760038712 12
7 1089760038713 118
7 1089760038714 4
7 1089760038715 149
7 1089760038716 12
7 1089760038717 6
7 1089760038718 12
7 1089760038719 160
7 1089760039490 9
7 1089760039491 15
7 1089760039493 25
7 1089760039494 166
7 1089760039495 10
7 1089760039496 68
7 1089760039497 21
7 1089760039498 291
7 1089760039499 26
7 1089760039500 18
7 1089760039501 13
7 1089760039502 18
7 1089760039503 72
7 1089760039504 30
7 1089760039505 60
7 1089760039506 24
7 1089760039507 53
7 1089760039508 18
7 1089760039509 6
7 1089760039510 134
7 1089760039511 18
7 1089760039512 20
7 1089760039513 285
7 1089760039514 13
7 1089760039515 19
7 1089760039516 16
7 1089760039517 22
7 1089760039518 9
7 1089760039519 21
7 1089760039520 18
7 1089760039521 14
7 1089760039522 144
7 1089760039523 25
7 1089760039524 32
7 1089760039525 27
7 1089760039526 106
7 1089760039527 33
7 1089760039528 18
7 1089760039529 23
7 1089760039530 120
7 1089760039531 10
7 1089760039532 46
7 1089760039533 23
7 1089760039534 125
7 1089760039535 5
7 1089760040205 12
7 1089760040206 374
7 1089760040207 117
7 1089760040208 9
7 1089760040209 145
7 1089760040210 147
7 1089760040211 537
7 1089760040212 202
7 1089760040213 18
7 1089760040214 22
7 1089760040215 490
7 1089760040216 449
7 1089760040217 394
7 1089760040218 58
7 1089760040219 17
7 1089760040220 61
7 1089760040221 129
7 1089760040222 223
7 1089760040223 18
7 1089760040224 16
7 1089760040225 22
7 1089760040226 216
7 1089760040227 9
7 1089760040228 187
7 1089760040229 21
7 1089760040230 62
7 1089760040231 179
7 1089760040232 211
7 1089760040233 248
7 1089760040234 204
7 1089760040235 28
7 1089760040236 310
7 1089760040237 9
7 1089760040238 491
7 1089760040239 163
7 1089760040240 12
7 1089760040241 257
7 1089760040242 23
7 1089760040243 503
7 1089760040244 1
7 1089760040245 170
7 1089760040246 101
7 1089760040247 20
7 1089760040248 332
7 1089760040249 25
7 1089760040250 16
7 1089760040251 14
7 1089760040252 311
7 1089760040253 11
7 1089760040916 6
7 1089760040917 213
7 1089760040918 17
7 1089760040919 18
7 1089760040920 19
7 1089760040921 10
7 1089760040922 10
7 1089760040923 11
7 1089760040924 6
7 1089760040925 19
7 1089760040926 35
7 1089760040927 188
7 1089760040928 46
7 1089760040929 100
7 1089760040930 29
7 1089760040931 27
7 1089760040932 194
7 1089760040933 68
7 1089760040934 196
7 1089760040935 21
7 1089760040936 18
7 1089760040937 89
7 1089760040938 19
7 1089760040939 19
7 1089760040940 93
7 1089760040941 31
7 1089760040942 22
7 1089760040943 42
7 1089760040944 28
7 1089760040945 374
7 1089760040946 281
7 1089760040947 28
7 1089760040948 28
7 1089760040949 14
7 1089760040950 53
7 1089760040951 59
7 1089760040952 17
7 1089760040953 371
7 1089760040954 17
7 1089760040955 458
7 1089760040956 51
7 1089760040957 91
7 1089760040958 148
7 1089760040959 179
7 1089760040960 17
7 1089760040961 114
7 1089760040962 178
7 1089760041631 31
7 1089760041632 14
7 1089760041633 195
7 1089760041634 82
7 1089760041635 24
7 1089760041636 22
7 1089760041637 21
7 1089760041638 26
7 1089760041639 18
7 1089760041640 22
7 1089760041641 115
7 1089760041642 34
7 1089760041643 219
7 1089760041644 22
7 1089760041645 11
7 1089760041646 25
7 1089760041647 336
7 1089760041648 166
7 1089760041649 22
7 1089760041650 16
7 1089760041651 8
7 1089760041652 301
7 1089760041653 187
7 1089760041654 365
7 1089760041655 53
7 1089760041656 17
7 1089760041657 11
7 1089760041658 335
7 1089760041659 161
7 1089760041660 260
7 1089760041661 27
7 1089760041662 156
7 1089760041663 16
7 1089760041664 190
7 1089760041665 20
7 1089760041666 28
7 1089760041667 3
7 1089760041668 40
7 1089760041669 17
7 1089760041670 16
7 1089760041671 24
7 1089760041672 36
7 1089760041673 21
7 1089760041674 211
7 1089760041675 27
7 1089760041676 23
7 1089760041677 453
7 1089760041678 21
7 1089760041679 122
7 1089760042361 124
7 1089760042362 203
7 1089760042363 59
7 1089760042364 24
7 1089760042365 29
7 1089760042366 69
7 1089760042367 521
7 1089760042368 20
7 1089760042369 14
7 1089760042370 25
7 1089760042371 31
7 1089760042372 9
7 1089760042373 13
7 1089760042374 341
7 1089760042375 240
7 1089760042376 258
7 1089760042377 25
7 1089760042378 97
7 1089760042379 30
7 1089760042380 15
7 1089760042381 377
7 1089760042382 136
7 1089760042383 276
7 1089760042384 34
7 1089760042385 866
7 1089760042386 192
7 1089760042387 203
7 1089760042388 60
7 1089760042389 13
7 1089760042390 26
7 1089760042391 19
7 1089760042392 19
7 1089760042393 25
7 1089760042394 14
7 1089760042395 195
7 1089760042396 39
7 1089760042397 22
7 1089760042398 40
7 1089760042399 25
7 1089760042400 298
7 1089760042401 68
7 1089760042402 117
7 1089760042403 270
7 1089760042404 211
7 1089760042405 41
7 1089760042406 118
7 1089760042407 40
7 1089760042408 40
7 1089760042409 332
7 1089760042410 27
7 1089760042411 11
7 1089760043088 712
7 1089760043089 73
7 1089760043090 31
7 1089760043091 28
7 1089760043092 31
7 1089760043093 22
7 1089760043094 55
7 1089760043095 17
7 1089760043096 17
7 1089760043097 6
7 1089760043098 150
7 1089760043099 154
7 1089760043100 33
7 1089760043101 42
7 1089760043102 21
7 1089760043103 81
7 1089760043104 235
7 1089760043105 28
7 1089760043106 36
7 1089760043107 339
7 1089760043108 34
7 1089760043109 23
7 1089760043110 350
7 1089760043111 30
7 1089760043112 11
7 1089760043113 45
7 1089760043114 160
7 1089760043115 24
7 1089760043116 3
7 1089760043117 22
7 1089760043118 25
7 1089760043119 15
7 1089760043120 20
7 1089760043121 21
7 1089760043122 11
7 1089760043123 18
7 1089760043124 19
7 1089760043125 14
7 1089760043126 152
7 1089760043127 16
7 1089760043128 8
7 1089760043129 332
7 1089760043130 24
7 1089760043131 59
7 1089760043132 12
7 1089760043133 151
7 1089760043134 466
7 1089760044916 15
7 1089760044917 9
7 1089760044918 23
7 1089760044919 40
7 1089760044920 14
7 1089760044921 32
7 1089760044922 17
7 1089760044923 16
7 1089760044924 7
7 1089760044925 29
7 1089760044926 19
7 1089760044927 8
7 1089760044928 398
7 1089760044929 758
7 1089760044930 115
7 1089760044931 223
7 1089760044932 133
7 1089760044933 47
7 1089760044934 33
7 1089760044935 63
7 1089760044936 13
7 1089760044937 15
7 1089760044938 90
7 1089760044939 52
7 1089760044940 3
7 1089760044941 35
7 1089760044942 26
7 1089760044943 81
7 1089760044944 17
7 1089760044945 21
7 1089760044946 911
7 1089760044947 10
7 1089760044948 19
7 1089760044949 21
7 1089760044950 16
7 1089760044951 18
7 1089760044952 670
7 1089760044953 18
7 1089760044954 366
7 1089760044955 71
7 1089760044956 16
7 1089760044957 177
7 1089760044958 18
7 1089760044959 25
7 1089760044960 144
7 1089760044961 5
7 1089760044962 64
7 1089760044963 168
7 1089760044964 5
7 1089760045009 17
7 1089760045010 16
7 1089760045011 12
7 1089760045012 13
7 1089760045013 28
7 1089760045014 23
7 1089760045015 152
7 1089760045016 23
7 1089760045017 9
7 1089760045018 575
7 1089760045019 14
7 1089760045020 11
7 1089760045021 31
7 1089760045022 7
7 1089760045023 20
7 1089760045024 11
7 1089760045025 150
7 1089760045026 11
7 1089760045027 23
7 1089760045028 133
7 1089760045029 18
7 1089760045030 7
7 1089760045031 26
7 1089760045032 566
7 1089760045033 244
7 1089760045034 24
7 1089760045035 16
7 1089760045036 16
7 1089760045037 30
7 1089760045038 70
7 1089760045039 123
7 1089760045040 40
7 1089760045041 4
7 1089760045042 42
7 1089760045043 961
7 1089760045044 57
7 1089760045045 16
7 1089760045046 35
7 1089760045047 14
7 1089760045048 60
7 1089760045049 129
7 1089760045050 150
7 1089760045051 18
7 1089760045052 17
7 1089760045053 22
7 1089760045054 116
7 1089760045055 189
7 1089760045056 22
7 1089760045057 39
7 1089760045828 33
7 1089760045829 100
7 1089760045830 69
7 1089760045831 263
7 1089760045832 26
7 1089760045833 24
7 1089760045834 48
7 1089760045835 70
7 1089760045836 182
7 1089760045837 16
7 1089760045838 9
7 1089760045839 112
7 1089760045840 31
7 1089760045841 60
7 1089760045842 156
7 1089760045843 17
7 1089760045844 13
7 1089760045845 56
7 1089760045846 18
7 1089760045847 476
7 1089760045848 83
7 1089760045850 202
7 1089760045851 21
7 1089760045852 221
7 1089760045853 50
7 1089760045854 39
7 1089760045855 19
7 1089760045856 20
7 1089760045857 39
7 1089760045858 98
7 1089760045859 386
7 1089760045860 86
7 1089760045861 27
7 1089760045862 52
7 1089760045863 25
7 1089760045864 12
7 1089760045865 10
7 1089760045866 11
7 1089760045867 20
7 1089760045868 513
7 1089760045869 13
7 1089760045870 45
7 1089760045871 229
7 1089760045872 8
7 1089760045873 26
7 1089760045874 62
7 1089760045875 14
7 1089760045876 173
7 1089760045877 62
7 1089760045878 24
7 1089760045879 208
7 1089760045880 304
7 1089760045881 70
7 1089760045882 22
7 1089760045883 93
7 1089760045884 23
7 1089760045885 24
7 1089760045886 355
7 1089760045887 332
7 1089760045888 63
7 1089760045889 533
7 1089760045890 10
7 1089760045891 25
7 1089760045892 19
7 1089760045893 112
7 1089760045894 21
7 1089760045895 27
7 1089760045896 64
7 1089760045897 61
7 1089760045898 38
7 1089760045899 28
7 1089760045900 19
7 1089760045901 108
7 1089760045902 164
7 1089760045903 144
7 1089760045904 66
7 1089760045905 24
7 1089760045906 22
7 1089760045907 124
7 1089760045908 145
7 1089760045909 43
7 1089760045910 19
7 1089760045911 132
7 1089760045912 14
7 1089760045913 14
7 1089760045914 12
7 1089760045915 43
7 1089760045916 23
7 1089760045917 151
7 1089760045918 105
7 1089760045919 18
7 1089760045920 135
7 1089760045921 10
7 1089760045922 36
7 1089760045923 799
7 1089760045924 31
7 1089760045925 17
7 1089760047079 1
7 1089760047080 84
7 1089760047081 18
7 1089760047082 845
7 1089760047083 30
7 1089760047084 24
7 1089760047085 28
7 1089760047086 113
7 1089760047087 48
7 1089760047088 39
7 1089760047089 177
7 1089760047090 15
7 1089760047091 175
7 1089760047092 47
7 1089760047093 20
7 1089760047094 86
7 1089760047095 82
7 1089760047096 116
7 1089760047097 5
7 1089760047098 62
7 1089760047099 17
7 1089760047100 14
7 1089760047101 17
7 1089760047102 134
7 1089760047103 193
7 1089760047104 15
7 1089760047105 287
7 1089760047106 37
7 1089760047107 249
7 1089760047108 25
7 1089760047109 39
7 1089760047110 172
7 1089760047111 32
7 1089760047112 40
7 1089760047113 212
7 1089760047114 14
7 1089760047115 148
7 1089760047116 130
7 1089760047118 17
7 1089760047119 32
7 1089760047120 17
7 1089760047121 81
7 1089760047122 1008
7 1089760047123 23
7 1089760047124 30
7 1089760047125 226
7 1089760047126 5
7 1089760047127 10
7 1089760047128 120
7 1089760047129 42
7 1089760047130 30
7 1089760047131 40
7 1089760047132 22
7 1089760047133 5
7 1089760047134 26
7 1089760047135 24
7 1089760047136 134
7 1089760047137 62
7 1089760047138 91
7 1089760047139 6
7 1089760047140 355
7 1089760047141 86
7 1089760047142 35
7 1089760047143 16
7 1089760047144 146
7 1089760047145 33
7 1089760047146 790
7 1089760047147 110
7 1089760047148 22
7 1089760047149 129
7 1089760047150 376
7 1089760047151 35
7 1089760047152 19
7 1089760047153 15
7 1089760047154 156
7 1089760047155 19
7 1089760047156 12
7 1089760047157 15
7 1089760047158 10
7 1089760047159 113
7 1089760047160 24
7 1089760047161 40
7 1089760047162 17
7 1089760047163 22
7 1089760047164 7
7 1089760047165 105
7 1089760047166 73
7 1089760047167 172
7 1089760047168 269
7 1089760047169 75
7 1089760047170 35
7 1089760047171 17
7 1089760047172 53
7 1089760047173 27
7 1089760047174 128
7 1089760047175 121
7 1089760049430 11
7 1089760049431 67
7 1089760049432 11
7 1089760049434 310
7 1089760049435 5
7 1089760049436 8
7 1089760049437 11
7 1089760049438 3
7 1089760049439 5
7 1089760049442 102
7 1089760049443 65
7 1089760049444 4
7 1089760049445 3
7 1089760049446 34
7 1089760049447 1
7 1089760049448 5
7 1089760049449 3
7 1089760049451 9
7 1089760049453 9
7 1089760049454 4
7 1089760049455 145
7 1089760049456 11
7 1089760049457 11
7 1089760049458 3
7 1089760049459 12
7 1089760049461 153
7 1089760049462 12
7 1089760049463 4
7 1089760049464 8
7 1089760049465 4
7 1089760049466 15
7 1089760049468 12
7 1089760049469 1
7 1089760049470 8
7 1089760049471 8
7 1089760049472 5
7 1089760049473 2
7 1089760049475 3
7 1089760049476 2
7 1089760049477 87
7 1089760049526 2
7 1089760049527 13
7 1089760049528 16
7 1089760049529 11
7 1089760049530 5
7 1089760049531 525
7 1089760049532 6
7 1089760049533 10
7 1089760049534 4
7 1089760049536 5
7 1089760049537 90
7 1089760049538 136
7 1089760049539 12
7 1089760049540 7
7 1089760049542 11
7 1089760049543 20
7 1089760049545 5
7 1089760049547 4
7 1089760049548 7
7 1089760049550 12
7 1089760049551 7
7 1089760049552 12
7 1089760049553 4
7 1089760049554 10
7 1089760049555 11
7 1089760049556 12
7 1089760049557 8
7 1089760049558 6
7 1089760049559 60
7 1089760049560 37
7 1089760049561 4
7 1089760049562 2
7 1089760049563 57
7 1089760049564 6
7 1089760049565 11
7 1089760049566 17
7 1089760049567 79
7 1089760049568 6
7 1089760049569 6
7 1089760049570 8
7 1089760049571 55
7 1089760049572 3
7 1089760049573 19
7 1089760049621 10
7 1089760049622 6
7 1089760049623 4
7 1089760049624 199
7 1089760049626 9
7 1089760049627 90
7 1089760049628 6
7 1089760049629 9
7 1089760049630 7
7 1089760049631 10
7 1089760049632 132
7 1089760049633 3
7 1089760049634 11
7 1089760049635 14
7 1089760049636 172
7 1089760049637 42
7 1089760049639 12
7 1089760049640 368
7 1089760049641 3
7 1089760049642 9
7 1089760049644 81
7 1089760049645 39
7 1089760049646 17
7 1089760049647 3
7 1089760049648 55
7 1089760049649 1
7 1089760049650 118
7 1089760049651 78
7 1089760049653 16
7 1089760049655 6
7 1089760049656 6
7 1089760049657 11
7 1089760049658 2
7 1089760049659 181
7 1089760049660 32
7 1089760049661 8
7 1089760049662 15
7 1089760049663 249
7 1089760049664 403
7 1089760049665 10
7 1089760049666 5
7 1089760049667 5
7 1089760050485 4
7 1089760050486 13
7 1089760050487 322
7 1089760050488 15
7 1089760050489 7
7 1089760050490 8
7 1089760050491 6
7 1089760050492 10
7 1089760050493 2
7 1089760050494 6
7 1089760050495 11
7 1089760050496 43
7 1089760050497 2
7 1089760050498 3
7 1089760050499 6
7 1089760050500 75
7 1089760050501 20
7 1089760050502 6
7 1089760050503 46
7 1089760050504 10
7 1089760050505 4
7 1089760050506 11
7 1089760050507 3
7 1089760050510 12
7 1089760050511 28
7 1089760050512 8
7 1089760050513 4
7 1089760050514 1
7 1089760050515 3
7 1089760050516 14
7 1089760050517 104
7 1089760050518 18
7 1089760050519 43
7 1089760050520 1
7 1089760050521 114
7 1089760050522 4
7 1089760050523 10
7 1089760050524 7
7 1089760050525 25
7 1089760050526 39
7 1089760050527 81
7 1089760050529 4
7 1089760050530 3
7 1089760050531 5
7 1089760050532 24
7 1089760050533 72
7 1089760050534 6
7 1089760050581 6
7 1089760050582 11
7 1089760050583 16
7 1089760050584 16
7 1089760050585 9
7 1089760050587 4
7 1089760050588 1
7 1089760050589 15
7 1089760050590 3
7 1089760050591 100
7 1089760050592 113
7 1089760050593 157
7 1089760050594 7
7 1089760050595 138
7 1089760050596 55
7 1089760050597 3
7 1089760050598 3
7 1089760050599 4
7 1089760050600 41
7 1089760050601 16
7 1089760050602 8
7 1089760050603 40
7 1089760050604 12
7 1089760050605 4
7 1089760050606 15
7 1089760050607 9
7 1089760050608 6
7 1089760050609 9
7 1089760050610 2
7 1089760050611 6
7 1089760050613 3
7 1089760050615 6
7 1089760050616 135
7 1089760050617 379
7 1089760050619 84
7 1089760050620 9
7 1089760050621 6
7 1089760050622 97
7 1089760050623 6
7 1089760050624 38
7 1089760050625 6
7 1089760050626 2
7 1089760050628 20
7 1089760050630 44
7 1089760050631 57
7 1089760051224 4
7 1089760051225 4
7 1089760051254 4
7 1089760051255 4
7 1089760051284 4
7 1089760051285 4
7 1089760051314 4
7 1089760051315 4
7 1089760051344 4
7 1089760051345 4
7 1089760051374 4
7 1089760051375 4
7 1089760051450 4
7 1089760051451 4
7 1089760051454 4
7 1089760051455 4
7 1089760051488 50
7 1089760051489 4
7 1089760051490 4
7 1089760051491 4
7 1089760051540 4
7 1089760051541 4
7 1089760051542 4
7 1089760051543 4
7 1089760051638 4
7 1089760051639 4
7 1089760051642 4
7 1089760051643 4
7 1089760051646 4
7 1089760051647 4
7 1089760051682 4
7 1089760051683 4
7 1089760051686 4
7 1089760051687 4
7 1089760051712 20
7 1089760051713 92
7 1089760051714 35
7 1089760051715 34
7 1089760051716 130
7 1089760051717 312
7 1089760051718 36
7 1089760051719 429
7 1089760051720 77
7 1089760051721 194
7 1089760051722 458
7 1089760051723 191
7 1089760051724 36
7 1089760051725 37
7 1089760051726 37
7 1089760051727 260
7 1089760051728 64
7 1089760051729 250
7 1089760051730 28
7 1089760051731 45
7 1089760051732 273
7 1089760051733 41
7 1089760051734 658
7 1089760051735 1122
7 1089760051736 98
7 1089760051737 30
7 1089760051738 318
7 1089760051739 172
7 1089760051740 92
7 1089760051741 57
7 1089760051742 17
7 1089760051743 99
7 1089760051744 301
7 1089760051745 171
7 1089760051746 41
7 1089760051747 56
7 1089760051748 145
7 1089760051749 31
7 1089760051750 31
7 1089760051751 271
7 1089760051752 27
7 1089760051753 90
7 1089760051754 35
7 1089760051755 26
7 1089760051756 20
7 1089760051757 430
7 1089760051758 164
7 1089760051759 63
7 1089760051760 37
7 1089760051761 289
7 1089760051762 23
7 1089760051763 30
7 1089760051764 395
7 1089760051765 129
7 1089760051766 670
7 1089760051767 496
7 1089760051768 121
7 1089760051769 57
7 1089760051770 28
7 1089760051771 54
7 1089760051772 106
7 1089760051773 379
7 1089760051774 451
7 1089760051775 194
7 1089760051776 355
7 1089760051777 67
7 1089760051778 35
7 1089760051779 71
7 1089760051780 33
7 1089760051781 233
7 1089760051782 254
7 1089760051783 22
7 1089760051784 52
7 1089760051785 38
7 1089760051786 72
7 1089760051787 181
7 1089760051788 379
7 1089760051789 223
7 1089760051790 18
7 1089760051791 26
7 1089760051792 35
7 1089760051793 29
7 1089760051794 638
7 1089760051795 209
7 1089760051796 423
7 1089760051797 111
7 1089760051798 105
7 1089760051799 153
7 1089760051800 30
7 1089760051801 263
7 1089760051802 208
7 1089760051803 223
7 1089760051804 20
7 1089760051805 107
7 1089760051806 217
7 1089760051807 20
7 1089760051808 114
7 1089760051809 384
7 1089760051810 31
7 1089760051811 54
7 1089760051812 221
7 1089760051813 281
7 1089760051814 57
7 1089760051815 26
7 1089760051816 28
7 1089760051817 23
7 1089760051818 222
7 1089760051819 162
7 1089760051820 76
7 1089760051821 209
7 1089760051822 220
7 1089760051823 102
7 1089760051824 20
7 1089760051825 76
7 1089760051826 341
7 1089760051827 19
7 1089760051828 28
7 1089760051829 241
7 1089760051830 283
7 1089760051831 107
7 1089760051832 106
7 1089760051833 56
7 1089760051834 170
7 1089760051835 32
7 1089760051836 52
7 1089760051837 68
7 1089760051838 249
7 1089760051839 464
7 1089760051840 33
7 1089760051841 925
7 1089760051842 418
7 1089760051843 36
7 1089760051844 22
7 1089760051845 167
7 1089760051846 162
7 1089760051847 270
7 1089760051848 27
7 1089760051849 24
7 1089760051850 29
7 1089760051851 29
7 1089760051852 133
7 1089760051853 41
7 1089760051854 206
7 1089760051855 23
7 1089760051856 27
7 1089760051857 956
7 1089760051858 281
7 1089760051859 911
7 1089760051860 323
7 1089760051861 32
7 1089760051862 194
7 1089760051863 33
7 1089760051864 33
7 1089760051865 392
7 1089760051866 118
7 1089760051867 85
7 1089760051868 56
7 1089760051869 43
7 1089760051870 58
7 1089760051871 29
7 1089760051872 156
7 1089760051873 34
7 1089760051874 136
7 1089760051875 611
7 1089760051876 118
7 1089760051877 214
7 1089760051878 1628
7 1089760051879 167
7 1089760051880 21
7 1089760051881 58
7 1089760051882 96
7 1089760051883 30
7 1089760051884 50
7 1089760051885 50
7 1089760051886 28
7 1089760051887 197
7 1089760051888 620
7 1089760051889 92
7 1089760051890 53
7 1089760051891 278
7 1089760051892 158
7 1089760051893 68
7 1089760051894 48
7 1089760051895 37
7 1089760051896 18
7 1089760051897 160
7 1089760051898 1744
7 1089760051899 48
7 1089760051900 257
7 1089760051901 33
7 1089760051902 118
7 1089760051903 167
7 1089760051904 50
7 1089760051905 205
7 1089760051906 68
7 1089760051907 77
7 1089760051908 187
7 1089760051909 552
7 1089760051910 21
7 1089760051911 27
7 1089760051912 265
7 1089760051913 117
7 1089760051914 31
7 1089760051915 157
7 1089760051916 42
7 1089760051917 21
7 1089760051918 147
7 1089760051919 26
7 1089760051920 238
7 1089760051921 300
7 1089760051922 49
7 1089760051923 27
7 1089760051924 189
7 1089760051925 124
7 1089760051926 179
7 1089760051927 58
7 1089760051928 41
7 1089760051929 237
7 1089760051930 99
7 1089760051931 50
7 1089760051932 162
7 1089760051933 33
7 1089760051934 28
7 1089760051935 697
7 1089760051936 192
7 1089760051937 37
7 1089760051938 110
7 1089760051939 25
7 1089760051940 18
7 1089760051941 25
7 1089760051942 147
7 1089760051943 49
7 1089760051944 23
7 1089760051945 433
7 1089760051946 399
7 1089760051947 113
7 1089760051948 162
7 1089760051949 65
7 1089760051950 77
7 1089760051951 36
7 1089760051952 28
7 1089760051953 129
7 1089760051954 109
7 1089760051955 29
7 1089760051956 25
7 1089760051957 19
7 1089760051958 68
7 1089760051959 215
7 1089760051960 55
7 1089760051961 31
7 1089760051962 456
7 1089760051963 30
7 1089760051964 20
7 1089760051965 34
7 1089760051966 139
7 1089760051967 121
7 1089760051968 47
7 1089760051969 61
7 1089760051970 27
7 1089760051971 37
7 1089760051972 59
7 1089760051973 232
7 1089760051974 27
7 1089760051975 138
7 1089760051976 31
7 1089760051977 28
7 1089760051978 25
7 1089760051979 259
7 1089760051980 27
7 1089760051981 327
7 1089760051982 240
7 1089760051983 30
7 1089760051984 300
7 1089760051985 1132
7 1089760051986 33
7 1089760051987 171
7 1089760051988 39
7 1089760051989 110
7 1089760051990 55
7 1089760051991 211
7 1089760051992 202
7 1089760051993 114
7 1089760051994 786
7 1089760051995 28
7 1089760051996 847
7 1089760051997 52
7 1089760051998 35
7 1089760051999 844
7 1089760052000 412
7 1089760052001 96
7 1089760052002 104
7 1089760052003 154
7 1089760052004 304
7 1089760052005 44
7 1089760052006 215
7 1089760052007 125
7 1089760052008 190
7 1089760052009 35
7 1089760052010 242
7 1089760052011 39
7 1089760052012 306
7 1089760052013 20
7 1089760052014 702
7 1089760052015 124
7 1089760052016 29
7 1089760052017 987
7 1089760052018 64
7 1089760052019 52
7 1089760052020 28
7 1089760052021 131
7 1089760052022 661
7 1089760052023 94
7 1089760052024 75
7 1089760052025 34
7 1089760052026 43
7 1089760052027 31
7 1089760052028 93
7 1089760052029 179
7 1089760052030 176
7 1089760052031 24
7 1089760052032 246
7 1089760052033 40
7 1089760052034 57
7 1089760052035 51
7 1089760052036 68
7 1089760052037 140
7 1089760052038 82
7 1089760052039 315
7 1089760052040 26
7 1089760052041 111
7 1089760052042 51
7 1089760052043 24
7 1089760052044 24
7 1089760052045 699
7 1089760052046 221
7 1089760052047 34
7 1089760052048 207
7 1089760052049 42
7 1089760052050 25
7 1089760052051 41
7 1089760052052 30
7 1089760052053 34
7 1089760052054 22
7 1089760052055 77
7 1089760052056 39
7 1089760052057 38
7 1089760052058 61
7 1089760052059 34
7 1089760052060 42
7 1089760052061 866
7 1089760052062 97
7 1089760052063 40
7 1089760052064 56
7 1089760052065 1666
7 1089760052066 266
7 1089760052067 45
7 1089760052068 34
7 1089760052069 18
7 1089760052070 24
7 1089760052071 361
7 1089760052072 29
7 1089760052073 24
7 1089760052074 62
7 1089760052075 376
7 1089760052076 773
7 1089760052077 286
7 1089760052078 485
7 1089760052079 30
7 1089760052080 136
7 1089760052081 372
7 1089760052082 240
7 1089760052083 94
7 1089760052084 119
7 1089760052085 45
7 1089760052086 46
7 1089760052087 142
7 1089760052088 141
7 1089760052089 612
7 1089760052090 62
7 1089760052091 448
7 1089760052092 31
7 1089760052093 49
7 1089760052094 52
7 1089760052095 209
7 1089760052096 617
7 1089760052097 41
7 1089760052098 352
7 1089760052099 54
7 1089760052100 254
7 1089760052101 101
7 1089760052102 259
7 1089760052103 122
7 1089760052104 29
7 1089760052105 21
7 1089760052106 114
7 1089760052107 78
7 1089760052108 28
7 1089760052109 198
7 1089760052110 763
7 1089760052111 28
7 1089760052112 172
7 1089760052113 130
7 1089760052114 38
7 1089760052115 176
7 1089760052116 86
7 1089760052117 307
7 1089760052118 131
7 1089760052119 322
7 1089760052120 32
7 1089760052121 281
7 1089760052122 603
7 1089760052123 32
7 1089760052124 175
7 1089760052125 627
7 1089760052126 301
7 1089760052127 41
7 1089760052128 31
7 1089760052129 314
7 1089760052130 29
7 1089760052131 114
7 1089760052132 164
7 1089760052133 677
7 1089760052134 638
7 1089760052135 761
7 1089760052136 279
7 1089760052137 255
7 1089760052138 50
7 1089760052139 42
7 1089760052140 28
7 1089760052141 196
7 1089760052142 30
7 1089760052143 227
7 1089760052144 31
7 1089760052145 786
7 1089760052146 73
7 1089760052147 35
7 1089760052148 371
7 1089760052149 120
7 1089760052150 37
7 1089760052151 318
7 1089760052152 188
7 1089760052153 79
7 1089760052154 93
7 1089760052155 40
7 1089760052156 127
7 1089760052157 98
7 1089760052158 202
7 1089760052159 283
7 1089760052160 35
7 1089760052161 45
7 1089760052162 196
7 1089760052163 111
7 1089760052164 106
7 1089760052165 151
7 1089760052166 136
7 1089760052167 35
7 1089760052168 41
7 1089760052169 18
7 1089760052170 136
7 1089760052171 132
7 1089760052172 250
7 1089760052173 66
7 1089760052174 176
7 1089760052175 25
7 1089760052176 177
7 1089760052177 79
7 1089760052178 161
7 1089760052179 820
7 1089760052180 24
7 1089760052181 24
7 1089760052182 113
7 1089760052183 30
7 1089760052184 192
7 1089760052185 54
7 1089760052186 564
7 1089760052187 68
7 1089760052188 812
7 1089760052189 154
7 1089760052190 60
7 1089760052191 27
7 1089760052192 37
7 1089760052193 65
7 1089760052194 283
7 1089760052195 43
7 1089760052196 24
7 1089760052197 27
7 1089760052198 447
7 1089760052199 20
7 1089760052200 47
7 1089760052201 32
7 1089760052202 140
7 1089760052203 217
7 1089760052204 52
7 1089760052205 190
7 1089760052206 25
7 1089760052207 16
7 1089760052208 136
7 1089760052209 200
7 1089760052210 26
7 1089760052211 53
7 1089760052212 275
7 1089760052213 34
7 1089760052214 102
7 1089760052215 286
7 1089760052216 184
7 1089760052217 158
7 1089760052218 99
7 1089760052219 46
7 1089760052220 210
7 1089760052221 31
7 1089760052222 169
7 1089760052223 308
7 1089760052320 17
7 1089760052321 13
7 1089760052322 242
7 1089760052323 10
7 1089760052324 60
7 1089760052325 16
7 1089760052326 540
7 1089760052327 171
7 1089760052440 13
7 1089760052441 14
7 1089760052442 73
7 1089760052443 15
7 1089760052444 107
7 1089760052445 288
7 1089760052446 12
7 1089760052447 11
7 1089760052560 13
7 1089760052561 14
7 1089760052562 22
7 1089760052563 33
7 1089760052564 128
7 1089760052565 16
7 1089760052566 112
7 1089760052567 181
7 1089760052680 50
7 1089760052681 47
7 1089760052682 24
7 1089760052683 13
7 1089760052684 9
7 1089760052685 24
7 1089760052686 138
7 1089760052687 29
7 1089760052800 13
7 1089760052801 218
7 1089760052802 40
7 1089760052803 113
7 1089760052804 17
7 1089760052805 428
7 1089760052806 162
7 1089760052807 18
7 1089760052920 18
7 1089760052921 122
7 1089760052922 11
7 1089760052923 116
7 1089760052924 35
7 1089760052925 249
7 1089760052926 22
7 1089760052927 149
7 1089760053224 10
7 1089760053225 15
7 1089760053226 12
7 1089760053227 20
7 1089760053228 17
7 1089760053229 23
7 1089760053230 18
7 1089760053231 34
7 1089760053240 48
7 1089760053241 41
7 1089760053242 197
7 1089760053243 72
7 1089760053244 13
7 1089760053245 22
7 1089760053246 18
7 1089760053247 17
7 1089760053376 84
7 1089760053377 11
7 1089760053378 223
7 1089760053379 11
7 1089760053380 13
7 1089760053381 105
7 1089760053382 9
7 1089760053383 17
7 1089760053384 22
7 1089760053385 210
7 1089760053386 299
7 1089760053387 90
7 1089760053388 136
7 1089760053389 11
7 1089760053390 19
7 1089760053391 35
7 1089760053584 14
7 1089760053585 18
7 1089760053586 11
7 1089760053587 197
7 1089760053588 13
7 1089760053589 20
7 1089760053590 16
7 1089760053591 295
7 1089760053592 15
7 1089760053593 57
7 1089760053594 124
7 1089760053595 153
7 1089760053596 14
7 1089760053597 17
7 1089760053598 11
7 1089760053599 206
7 1089760053976 6
7 1089760053977 2
7 1089760053978 4
7 1089760053979 24
7 1089760053980 11
7 1089760053981 3
7 1089760053982 6
7 1089760053992 9
7 1089760053993 87
7 1089760053994 11
7 1089760053996 5
7 1089760053997 6
7 1089760053998 3
7 1089760053999 4
7 1089760054008 6
7 1089760054009 3
7 1089760054010 29
7 1089760054011 136
7 1089760054012 4
7 1089760054013 3
7 1089760054014 6
7 1089760054015 2
7 1089760054152 7
7 1089760054153 6
7 1089760054154 7
7 1089760054155 1
7 1089760054156 7
7 1089760054157 6
7 1089760054158 2
7 1089760054159 7
7 1089760054168 13
7 1089760054169 3
7 1089760054170 1
7 1089760054171 4
7 1089760054172 3
7 1089760054173 4
7 1089760054174 2
7 1089760054175 7
8 1089760034976 4
8 1089760034978 6
8 1089760034979 2
8 1089760034980 4
8 1089760034981 4
8 1089760034983 6
8 1089760034984 2
8 1089760034985 4
8 1089760034987 2
8 1089760034989 6
8 1089760034990 4
8 1089760035216 2
8 1089760035217 4
8 1089760035218 2
8 1089760035219 4
8 1089760035221 2
8 1089760035222 2
8 1089760035223 4
8 1089760035224 4
8 1089760035225 4
8 1089760035226 4
8 1089760035228 4
8 1089760035229 2
8 1089760035230 4
8 1089760035231 2
8 1089760035456 2
8 1089760035457 4
8 1089760035458 2
8 1089760035459 2
8 1089760035460 2
8 1089760035461 4
8 1089760035462 2
8 1089760035463 4
8 1089760035464 4
8 1089760035466 2
8 1089760035467 2
8 1089760035468 2
8 1089760035470 4
8 1089760035471 2
8 1089760035696 4
8 1089760035698 2
8 1089760035700 2
8 1089760035701 2
8 1089760035702 6
8 1089760035703 2
8 1089760035704 2
8 1089760035705 4
8 1089760035706 6
8 1089760035707 2
8 1089760035708 4
8 1089760035709 4
8 1089760035710 2
8 1089760035711 2
8 1089760035936 4
8 1089760035937 2
8 1089760035938 4
8 1089760035939 8
8 1089760035940 4
8 1089760035941 2
8 1089760035942 2
8 1089760035943 2
8 1089760035944 4
8 1089760035945 2
8 1089760035946 6
8 1089760035947 2
8 1089760035949 4
8 1089760035951 4
8 1089760036176 2
8 1089760036177 4
8 1089760036179 4
8 1089760036180 2
8 1089760036181 2
8 1089760036182 4
8 1089760036183 2
8 1089760036184 480
8 1089760036185 4
8 1089760036186 4
8 1089760036187 4
8 1089760036189 2
8 1089760037264 4
8 1089760037266 6
8 1089760037267 2
8 1089760037268 4
8 1089760037269 6
8 1089760037270 2
8 1089760037271 2
8 1089760037272 4
8 1089760037274 2
8 1089760037275 2
8 1089760037276 4
8 1089760037277 2
8 1089760037278 6
8 1089760037376 4
8 1089760037377 8
8 1089760037379 2
8 1089760037380 2
8 1089760037385 6
8 1089760037386 2
8 1089760037388 4
8 1089760037389 4
8 1089760037390 4
8 1089760037391 6
8 1089760037488 6
8 1089760037489 2
8 1089760037490 4
8 1089760037491 2
8 1089760037492 4
8 1089760037493 6
8 1089760037494 144
8 1089760037495 83
8 1089760037496 2
8 1089760037497 2
8 1089760037500 2
8 1089760037501 2
8 1089760037502 4
8 1089760037503 2
8 1089760037505 2
8 1089760037506 2
8 1089760037507 2
8 1089760037508 2
8 1089760037509 2
8 1089760037510 4
8 1089760037511 2
8 1089760037513 2
8 1089760037514 6
8 1089760037515 2
8 1089760037517 6
8 1089760037518 4
8 1089760037519 2
8 1089760037521 2
8 1089760037523 4
8 1089760037525 4
8 1089760037526 2
8 1089760037527 4
8 1089760037528 4
8 1089760037531 141
8 1089760037532 2
8 1089760037533 4
8 1089760037534 2
8 1089760037535 4
8 1089760037648 2
8 1089760037649 2
8 1089760037650 21
8 1089760037651 2
8 1089760037652 2
8 1089760037653 2
8 1089760037655 2
8 1089760037656 4
8 1089760037657 67
8 1089760037658 2
8 1089760037660 24
8 1089760037661 179
8 1089760037662 10
8 1089760039392 124
8 1089760039397 4
8 1089760039398 4
8 1089760039399 13
8 1089760039402 3
8 1089760039403 2
8 1089760039406 5
8 1089760039407 5
8 1089760039411 10
8 1089760039412 9
8 1089760039413 6
8 1089760039415 3
8 1089760039417 3
8 1089760039419 28
8 1089760039426 5
8 1089760039430 7
8 1089760039431 4
8 1089760039432 35
8 1089760039433 58
8 1089760039434 4
8 1089760039435 5
8 1089760040112 7
8 1089760040115 3
8 1089760040116 8
8 1089760040117 6
8 1089760040121 11
8 1089760040126 2
8 1089760040130 4
8 1089760040132 3
8 1089760040133 5
8 1089760040135 5
8 1089760040137 2
8 1089760040139 8
8 1089760040140 5
8 1089760040141 1
8 1089760040143 5
8 1089760040147 4
8 1089760040148 4
8 1089760040150 7
8 1089760040153 7
8 1089760040154 12
8 1089760040157 2
8 1089760040824 9
8 1089760040825 4
8 1089760040826 5
8 1089760040830 526
8 1089760040831 2
8 1089760040834 3
8 1089760040836 6
8 1089760040837 15
8 1089760040841 8
8 1089760040842 4
8 1089760040843 3
8 1089760040846 2
8 1089760040848 3
8 1089760040852 93
8 1089760040856 6
8 1089760040858 4
8 1089760040859 3
8 1089760040864 2
8 1089760040865 4
8 1089760040868 1
8 1089760041537 5
8 1089760041542 5
8 1089760041548 289
8 1089760041549 1
8 1089760041552 3
8 1089760041553 3
8 1089760041554 358
8 1089760041556 135
8 1089760041558 4
8 1089760041561 6
8 1089760041563 5
8 1089760041564 2
8 1089760041565 48
8 1089760041566 4
8 1089760041567 6
8 1089760041569 7
8 1089760041571 63
8 1089760041573 5
8 1089760041574 8
8 1089760041575 7
8 1089760041579 2
8 1089760041582 5
8 1089760042262 303
8 1089760042263 5
8 1089760042264 5
8 1089760042266 3
8 1089760042267 7
8 1089760042268 1
8 1089760042269 2
8 1089760042271 7
8 1089760042272 2
8 1089760042274 6
8 1089760042275 4
8 1089760042278 50
8 1089760042281 4
8 1089760042285 6
8 1089760042287 5
8 1089760042289 5
8 1089760042290 2
8 1089760042293 2
8 1089760042294 2
8 1089760042295 6
8 1089760042303 2
8 1089760042305 2
8 1089760042309 3
8 1089760042310 2
8 1089760042993 6
8 1089760042994 31
8 1089760042995 308
8 1089760043001 2
8 1089760043002 92
8 1089760043004 5
8 1089760043007 4
8 1089760043009 4
8 1089760043011 44
8 1089760043012 53
8 1089760043015 5
8 1089760043016 2
8 1089760043017 2
8 1089760043018 5
8 1089760043019 1
8 1089760043020 3
8 1089760043022 4
8 1089760043023 78
8 1089760043024 115
8 1089760043026 1
8 1089760043027 3
8 1089760043031 5
8 1089760046260 5
8 1089760046262 2
8 1089760046266 10
8 1089760046267 56
8 1089760046269 4
8 1089760046273 3
8 1089760046274 5
8 1089760046275 10
8 1089760046276 4
8 1089760046277 3
8 1089760046278 5
8 1089760046280 9
8 1089760046281 1
8 1089760046284 3
8 1089760046286 5
8 1089760046291 2
8 1089760046295 1
8 1089760046298 2
8 1089760046299 4
8 1089760046301 3
8 1089760046303 7
8 1089760046304 5
8 1089760046600 3
8 1089760046602 4
8 1089760046603 6
8 1089760046604 4
8 1089760046605 3
8 1089760046609 1
8 1089760046612 6
8 1089760046627 75
8 1089760046628 127
8 1089760046629 2
8 1089760046630 3
8 1089760046631 5
8 1089760046637 1
8 1089760046638 3
8 1089760046639 5
8 1089760046640 5
8 1089760046642 5
8 1089760046644 6
8 1089760046646 3
8 1089760046647 17
8 1089760046934 3
8 1089760046935 7
8 1089760046936 5
8 1089760046939 2
8 1089760046941 32
8 1089760046943 3
8 1089760046945 4
8 1089760046947 9
8 1089760046949 7
8 1089760046950 4
8 1089760046951 3
8 1089760046952 4
8 1089760046953 6
8 1089760046954 39
8 1089760046955 4
8 1089760046956 5
8 1089760046959 6
8 1089760046963 3
8 1089760046970 7
8 1089760046975 3
8 1089760046976 8
8 1089760046980 4
8 1089760046981 4
8 1089760046987 88
8 1089760046989 1
8 1089760046990 4
8 1089760046995 4
8 1089760046997 3
8 1089760047001 9
8 1089760047002 6
8 1089760047004 6
8 1089760047007 5
8 1089760047008 2
8 1089760047012 5
8 1089760047014 4
8 1089760047015 6
8 1089760047017 4
8 1089760047024 5
8 1089760047026 7
8 1089760047027 10
8 1089760047028 4
8 1089760047031 3
8 1089760047037 3
8 1089760047041 2
8 1089760047043 8
8 1089760047047 8
8 1089760047048 48
8 1089760047050 5
8 1089760047055 6
8 1089760047056 4
8 1089760047057 5
8 1089760047059 5
8 1089760047066 9
8 1089760047068 4
8 1089760047072 5
8 1089760047073 3
8 1089760047075 4
8 1089760047076 2
8 1089760047077 1
8 1089760047078 9
8 1089760047418 1
8 1089760047420 4
8 1089760047421 2
8 1089760047422 5
8 1089760047426 2
8 1089760047427 1
8 1089760047429 4
8 1089760047430 3
8 1089760047437 129
8 1089760047439 337
8 1089760047440 6
8 1089760047441 5
8 1089760047443 5
8 1089760047444 125
8 1089760047452 8
8 1089760047455 1
8 1089760047457 7
8 1089760047458 10
8 1089760051220 4
8 1089760051221 4
8 1089760051250 4
8 1089760051251 4
8 1089760051280 4
8 1089760051281 4
8 1089760051310 4
8 1089760051311 4
8 1089760051340 4
8 1089760051341 4
8 1089760051370 4
8 1089760051371 4
8 1089760051506 4
8 1089760051507 4
8 1089760051520 4
8 1089760051521 4
8 1089760051534 4
8 1089760051535 4
8 1089760051536 4
8 1089760051537 4
8 1089760051538 4
8 1089760051539 4
8 1089760051554 4
8 1089760051555 4
8 1089760051712 2
8 1089760051713 7
8 1089760051714 2
8 1089760051715 5
8 1089760051716 2
8 1089760051717 3
8 1089760051718 3
8 1089760051719 2
8 1089760051720 3
8 1089760051721 5
8 1089760051722 2
8 1089760051723 4
8 1089760051724 2
8 1089760051725 6
8 1089760051727 1
8 1089760051728 2
8 1089760051729 5
8 1089760051730 3
8 1089760051731 1
8 1089760051732 4
8 1089760051733 3
8 1089760051734 3
8 1089760051735 3
8 1089760051736 1
8 1089760051737 2
8 1089760051738 3
8 1089760051739 2
8 1089760051740 50
8 1089760051741 31
8 1089760051742 3
8 1089760051743 4
8 1089760051744 5
8 1089760051745 2
8 1089760051746 9
8 1089760051747 3
8 1089760051748 200
8 1089760051749 3
8 1089760051750 3
8 1089760051751 1
8 1089760051753 4
8 1089760051754 4
8 1089760051755 2
8 1089760051756 3
8 1089760051757 3
8 1089760051758 107
8 1089760051759 3
8 1089760051760 1
8 1089760051761 5
8 1089760051762 3
8 1089760051763 6
8 1089760051764 4
8 1089760051765 2
8 1089760051766 1
8 1089760051767 2
8 1089760051768 5
8 1089760051769 1
8 1089760051770 1
8 1089760051771 2
8 1089760051772 3
8 1089760051773 3
8 1089760051774 3
8 1089760051775 3
8 1089760051776 1
8 1089760051777 4
8 1089760051778 3
8 1089760051779 4
8 1089760051780 4
8 1089760051781 2
8 1089760051782 2
8 1089760051783 1
8 1089760051784 87
8 1089760051785 2
8 1089760051786 1
8 1089760051788 2
8 1089760051789 2
8 1089760051790 1
8 1089760051791 5
8 1089760051792 3
8 1089760051793 2
8 1089760051794 4
8 1089760051797 4
8 1089760051798 3
8 1089760051799 5
8 1089760051800 2
8 1089760051801 2
8 1089760051802 24
8 1089760051803 156
8 1089760051804 1
8 1089760051805 2
8 1089760051806 4
8 1089760051807 1
8 1089760051808 3
8 1089760051809 4
8 1089760051810 1
8 1089760051811 2
8 1089760051812 4
8 1089760051813 2
8 1089760051814 1
8 1089760051815 5
8 1089760051817 4
8 1089760051818 1
8 1089760051819 100
8 1089760051820 38
8 1089760051821 3
8 1089760051822 1
8 1089760051823 5
8 1089760051824 5
8 1089760051825 3
8 1089760051826 3
8 1089760051827 3
8 1089760051828 3
8 1089760051829 4
8 1089760051830 7
8 1089760051831 6
8 1089760051832 6
8 1089760051833 2
8 1089760051834 2
8 1089760051835 5
8 1089760051836 4
8 1089760051837 4
8 1089760051838 2
8 1089760051839 2
8 1089760051840 2
8 1089760051841 2
8 1089760051842 2
8 1089760051843 2
8 1089760051844 6
8 1089760051845 1
8 1089760051846 2
8 1089760051847 4
8 1089760051848 17
8 1089760051849 4
8 1089760051850 3
8 1089760051851 4
8 1089760051852 2
8 1089760051853 5
8 1089760051854 4
8 1089760051855 5
8 1089760051856 3
8 1089760051857 3
8 1089760051858 3
8 1089760051859 5
8 1089760051860 3
8 1089760051861 8
8 1089760051862 2
8 1089760051863 2
8 1089760051864 4
8 1089760051865 3
8 1089760051867 3
8 1089760051868 2
8 1089760051869 782
8 1089760051870 3
8 1089760051872 2
8 1089760051873 1
8 1089760051874 1
8 1089760051875 2
8 1089760051876 1
8 1089760051877 5
8 1089760051878 2
8 1089760051879 4
8 1089760051880 5
8 1089760051881 3
8 1089760051882 1
8 1089760051883 6
8 1089760051884 4
8 1089760051885 2
8 1089760051886 3
8 1089760051887 3
8 1089760051888 3
8 1089760051889 1
8 1089760051890 1
8 1089760051891 4
8 1089760051892 2
8 1089760051893 3
8 1089760051894 4
8 1089760051896 2
8 1089760051897 2
8 1089760051898 5
8 1089760051899 3
8 1089760051900 3
8 1089760051903 2
8 1089760051904 2
8 1089760051905 3
8 1089760051906 1
8 1089760051907 3
8 1089760051908 3
8 1089760051909 1
8 1089760051910 1
8 1089760051911 1
8 1089760051912 4
8 1089760051913 4
8 1089760051914 1
8 1089760051915 2
8 1089760051916 3
8 1089760051917 2
8 1089760051918 4
8 1089760051919 3
8 1089760051920 1
8 1089760051921 5
8 1089760051922 8
8 1089760051923 3
8 1089760051924 4
8 1089760051925 1
8 1089760051926 2
8 1089760051927 305
8 1089760051928 5
8 1089760051929 5
8 1089760051930 2
8 1089760051931 5
8 1089760051932 1
8 1089760051933 3
8 1089760051935 3
8 1089760051936 2
8 1089760051937 3
8 1089760051939 1
8 1089760051940 4
8 1089760051941 5
8 1089760051942 4
8 1089760051943 20
8 1089760051944 8
8 1089760051945 3
8 1089760051946 3
8 1089760051947 1
8 1089760051948 54
8 1089760051949 3
8 1089760051951 12
8 1089760051952 3
8 1089760051953 3
8 1089760051954 4
8 1089760051955 1026
8 1089760051956 1
8 1089760051957 3
8 1089760051958 1
8 1089760051959 2
8 1089760051960 2
8 1089760051961 3
8 1089760051962 2
8 1089760051963 4
8 1089760051964 1
8 1089760051965 5
8 1089760051966 1
8 1089760051967 81
8 1089760051968 2
8 1089760051969 5
8 1089760051970 3
8 1089760051971 3
8 1089760051972 3
8 1089760051973 192
8 1089760051974 5
8 1089760051975 3
8 1089760051976 4
8 1089760051977 1
8 1089760051978 1
8 1089760051979 9
8 1089760051980 3
8 1089760051981 2
8 1089760051982 4
8 1089760051986 2
8 1089760051987 3
8 1089760051988 1
8 1089760051989 2
8 1089760051990 352
8 1089760051991 2
8 1089760051992 6
8 1089760051993 3
8 1089760051994 3
8 1089760051995 3
8 1089760051996 4
8 1089760051997 1
8 1089760051998 10
8 1089760051999 2
8 1089760052000 1
8 1089760052001 2
8 1089760052003 1
8 1089760052004 3
8 1089760052005 2
8 1089760052006 7
8 1089760052007 3
8 1089760052008 3
8 1089760052009 7
8 1089760052010 6
8 1089760052011 3
8 1089760052012 3
8 1089760052013 7
8 1089760052014 4
8 1089760052015 5
8 1089760052017 4
8 1089760052018 5
8 1089760052019 5
8 1089760052020 5
8 1089760052021 3
8 1089760052022 1
8 1089760052023 4
8 1089760052024 4
8 1089760052025 3
8 1089760052026 5
8 1089760052027 3
8 1089760052028 2
8 1089760052029 4
8 1089760052030 1
8 1089760052031 2
8 1089760052032 2
8 1089760052033 4
8 1089760052035 4
8 1089760052037 3
8 1089760052039 3
8 1089760052040 4
8 1089760052042 3
8 1089760052043 2
8 1089760052044 4
8 1089760052045 3
8 1089760052047 4
8 1089760052048 2
8 1089760052049 6
8 1089760052050 4
8 1089760052051 2
8 1089760052052 4
8 1089760052053 4
8 1089760052054 1
8 1089760052055 1
8 1089760052056 4
8 1089760052057 2
8 1089760052058 2
8 1089760052059 2
8 1089760052060 5
8 1089760052062 2
8 1089760052063 1
8 1089760052064 1
8 1089760052065 6
8 1089760052066 1
8 1089760052067 4
8 1089760052068 4
8 1089760052070 2
8 1089760052071 4
8 1089760052073 1
8 1089760052074 2
8 1089760052075 1
8 1089760052076 3
8 1089760052077 1
8 1089760052078 2
8 1089760052079 1
8 1089760052080 1
8 1089760052081 2
8 1089760052082 1
8 1089760052083 1
8 1089760052084 2
8 1089760052085 1
8 1089760052086 3
8 1089760052087 1
8 1089760052088 1
8 1089760052089 2
8 1089760052090 2
8 1089760052091 1
8 1089760052092 1
8 1089760052093 1
8 1089760052095 1
8 1089760052096 1
8 1089760052097 2
8 1089760052098 2
8 1089760052099 2
8 1089760052103 1
8 1089760052104 1
8 1089760052106 2
8 1089760052107 2
8 1089760052108 4
8 1089760052109 1
8 1089760052111 2
8 1089760052112 2
8 1089760052113 2
8 1089760052114 2
8 1089760052116 2
8 1089760052117 1
8 1089760052119 3
8 1089760052121 2
8 1089760052122 1
8 1089760052124 3
8 1089760052126 1
8 1089760052127 2
8 1089760052128 1
8 1089760052129 2
8 1089760052131 1
8 1089760052132 1
8 1089760052133 98
8 1089760052134 1
8 1089760052135 2
8 1089760052136 4
8 1089760052137 2
8 1089760052138 22
8 1089760052139 2
8 1089760052141 1
8 1089760052143 2
8 1089760052144 2
8 1089760052147 2
8 1089760052148 2
8 1089760052149 1
8 1089760052151 1
8 1089760052152 1
8 1089760052155 1
8 1089760052156 1
8 1089760052157 1
8 1089760052158 1
8 1089760052160 2
8 1089760052161 1
8 1089760052162 2
8 1089760052163 1
8 1089760052164 2
8 1089760052165 1
8 1089760052166 1
8 1089760052169 1
8 1089760052173 1
8 1089760052174 3
8 1089760052178 2
8 1089760052179 2
8 1089760052180 1
8 1089760052181 1
8 1089760052184 2
8 1089760052185 2
8 1089760052189 3
8 1089760052190 1
8 1089760052193 1
8 1089760052195 1
8 1089760052197 1
8 1089760052200 1
8 1089760052201 2
8 1089760052203 2
8 1089760052205 2
8 1089760052206 1
8 1089760052208 103
8 1089760052209 1
8 1089760052210 1
8 1089760052211 1
8 1089760052212 3
8 1089760052213 1
8 1089760052216 1
8 1089760052218 1
8 1089760052222 2
8 1089760052223 4
8 1089760052664 1
8 1089760052785 1
8 1089760053504 1
8 1089760053567 1
8 1089760053574 1
8 1089760053647 1
9 1089760035781 2
9 1089760037506 2
9 1089760041794 2
9 1089760046992 1
9 1089760051200 4
9 1089760051201 4
9 1089760051230 4
9 1089760051231 4
9 1089760051260 4
9 1089760051261 4
9 1089760051290 4
9 1089760051291 4
9 1089760051320 4
9 1089760051321 4
9 1089760051350 4
9 1089760051351 4
9 1089760051414 4
9 1089760051415 4
9 1089760051420 4
9 1089760051421 4
9 1089760051486 4
9 1089760051487 4
9 1089760051490 4
9 1089760051491 4
9 1089760051500 4
9 1089760051501 4
9 1089760051536 4
9 1089760051537 4
9 1089760051550 4
9 1089760051551 4
9 1089760051582 4
9 1089760051583 4
9 1089760051598 4
9 1089760051599 4
9 1089760051616 4
9 1089760051617 4
9 1089760051656 4
9 1089760051657 4
9 1089760051684 4
9 1089760051685 4
9 1089760051696 4
9 1089760051697 4
9 1089760051795 1
9 1089760051924 1
9 1089760051975 1
