1 1089760051218 4
1 1089760051219 4
1 1089760051248 4
1 1089760051249 4
1 1089760051278 4
1 1089760051279 4
1 1089760051308 4
1 1089760051309 4
1 1089760051338 4
1 1089760051339 4
1 1089760051368 4
1 1089760051369 4
1 1089760051396 4
1 1089760051397 4
1 1089760051442 4
1 1089760051443 4
1 1089760051452 4
1 1089760051453 4
1 1089760051466 4
1 1089760051467 4
1 1089760051474 4
1 1089760051475 4
1 1089760051540 4
1 1089760051541 4
1 1089760051570 4
1 1089760051571 4
1 1089760051636 4
1 1089760051637 4
1 1089760051676 4
1 1089760051677 4
1 1089760051684 4
1 1089760051685 4
1 1089760051688 4
1 1089760051689 4
2 1089760037066 10
2 1089760045667 5
2 1089760051202 4
2 1089760051203 4
2 1089760051232 4
2 1089760051233 4
2 1089760051262 4
2 1089760051263 4
2 1089760051292 4
2 1089760051293 4
2 1089760051322 4
2 1089760051323 4
2 1089760051352 4
2 1089760051353 4
2 1089760051406 4
2 1089760051407 4
2 1089760051422 4
2 1089760051423 4
2 1089760051480 4
2 1089760051481 4
2 1089760051484 4
2 1089760051485 4
2 1089760051546 4
2 1089760051547 4
2 1089760051548 4
2 1089760051549 4
2 1089760051572 4
2 1089760051573 4
2 1089760051598 4
2 1089760051599 4
2 1089760051632 4
2 1089760051633 4
2 1089760051684 4
2 1089760051685 4
2 1089760051708 4
2 1089760051709 4
2 1089760051712 1
2 1089760051726 1
2 1089760051907 1
2 1089760052204 1
2 1089760052215 1
2 1089760053349 4
3 1089760035802 10
3 1089760036315 16
3 1089760037374 20
3 1089760038642 24
3 1089760041858 5
3 1089760043408 8
3 1089760046595 8
3 1089760046596 2
3 1089760050398 12
3 1089760051202 4
3 1089760051203 4
3 1089760051232 4
3 1089760051233 4
3 1089760051262 4
3 1089760051263 4
3 1089760051292 4
3 1089760051293 4
3 1089760051322 4
3 1089760051323 4
3 1089760051352 4
3 1089760051353 4
3 1089760051386 4
3 1089760051387 4
3 1089760051424 4
3 1089760051425 4
3 1089760051462 4
3 1089760051463 4
3 1089760051506 4
3 1089760051507 4
3 1089760051518 4
3 1089760051519 4
3 1089760051552 4
3 1089760051553 4
3 1089760051560 4
3 1089760051561 4
3 1089760051608 4
3 1089760051609 4
3 1089760051678 4
3 1089760051679 4
3 1089760051684 4
3 1089760051685 4
3 1089760051751 1
3 1089760051766 1
3 1089760051782 1
3 1089760051789 1
3 1089760051792 1
3 1089760051793 1
3 1089760051795 2
3 1089760051818 1
3 1089760051829 1
3 1089760051832 1
3 1089760051855 1
3 1089760051861 1
3 1089760051870 1
3 1089760051881 1
3 1089760051888 1
3 1089760051906 1
3 1089760051944 1
3 1089760051973 1
3 1089760051974 1
3 1089760051993 1
3 1089760052016 1
3 1089760052022 1
3 1089760052045 1
3 1089760052059 2
3 1089760052072 1
3 1089760052092 1
3 1089760052095 1
3 1089760052101 1
3 1089760052124 1
3 1089760052159 1
3 1089760052179 1
3 1089760052210 1
3 1089760052213 1
3 1089760052717 4
3 1089760052973 7
3 1089760053503 9
3 1089760054137 11
4 1089760035226 10
4 1089760035463 22
4 1089760035468 14
4 1089760035711 16
4 1089760035941 14
4 1089760036773 22
4 1089760036998 24
4 1089760037001 10
4 1089760037004 30
4 1089760037324 16
4 1089760037797 12
4 1089760038081 12
4 1089760038084 6
4 1089760038089 18
4 1089760038094 10
4 1089760038696 12
4 1089760040142 5
4 1089760040845 11
4 1089760040858 7
4 1089760041582 8
4 1089760042276 7
4 1089760044786 11
4 1089760045461 12
4 1089760045472 5
4 1089760045480 13
4 1089760045481 2
4 1089760046440 8
4 1089760047867 6
4 1089760048712 6
4 1089760048720 3
4 1089760048733 9
4 1089760048749 5
4 1089760050559 6
4 1089760051220 4
4 1089760051221 4
4 1089760051250 4
4 1089760051251 4
4 1089760051280 4
4 1089760051281 4
4 1089760051310 4
4 1089760051311 4
4 1089760051340 4
4 1089760051341 4
4 1089760051370 4
4 1089760051371 4
4 1089760051380 4
4 1089760051381 4
4 1089760051436 4
4 1089760051437 4
4 1089760051444 4
4 1089760051445 4
4 1089760051454 4
4 1089760051455 4
4 1089760051472 4
4 1089760051473 4
4 1089760051512 4
4 1089760051513 4
4 1089760051558 4
4 1089760051559 4
4 1089760051572 4
4 1089760051573 4
4 1089760051578 4
4 1089760051579 4
4 1089760051608 4
4 1089760051609 4
4 1089760051684 4
4 1089760051685 4
4 1089760051696 4
4 1089760051697 4
4 1089760051708 4
4 1089760051709 4
4 1089760051712 1
4 1089760051717 1
4 1089760051718 1
4 1089760051721 1
4 1089760051722 1
4 1089760051725 1
4 1089760051726 1
4 1089760051727 2
4 1089760051737 1
4 1089760051747 1
4 1089760051749 1
4 1089760051758 1
4 1089760051759 1
4 1089760051765 1
4 1089760051781 1
4 1089760051783 2
4 1089760051789 1
4 1089760051800 1
4 1089760051801 1
4 1089760051804 1
4 1089760051806 1
4 1089760051809 1
4 1089760051811 1
4 1089760051812 1
4 1089760051814 1
4 1089760051815 1
4 1089760051818 1
4 1089760051825 2
4 1089760051834 1
4 1089760051841 2
4 1089760051842 1
4 1089760051847 1
4 1089760051852 1
4 1089760051854 1
4 1089760051863 1
4 1089760051865 1
4 1089760051867 1
4 1089760051872 1
4 1089760051879 1
4 1089760051881 1
4 1089760051884 1
4 1089760051888 1
4 1089760051898 1
4 1089760051899 2
4 1089760051900 1
4 1089760051904 1
4 1089760051906 1
4 1089760051907 1
4 1089760051912 1
4 1089760051925 1
4 1089760051927 1
4 1089760051928 1
4 1089760051929 1
4 1089760051940 2
4 1089760051943 2
4 1089760051949 1
4 1089760051951 1
4 1089760051966 1
4 1089760051968 1
4 1089760051969 4
4 1089760051972 1
4 1089760051975 1
4 1089760051984 1
4 1089760051986 1
4 1089760051993 1
4 1089760051997 1
4 1089760051999 1
4 1089760052000 1
4 1089760052001 1
4 1089760052005 1
4 1089760052014 1
4 1089760052015 1
4 1089760052017 1
4 1089760052019 1
4 1089760052023 2
4 1089760052038 1
4 1089760052052 1
4 1089760052061 1
4 1089760052062 1
4 1089760052067 1
4 1089760052068 1
4 1089760052069 1
4 1089760052071 1
4 1089760052077 1
4 1089760052080 1
4 1089760052081 1
4 1089760052084 1
4 1089760052086 1
4 1089760052091 1
4 1089760052114 1
4 1089760052117 1
4 1089760052126 1
4 1089760052135 1
4 1089760052136 1
4 1089760052141 1
4 1089760052146 1
4 1089760052152 1
4 1089760052158 1
4 1089760052160 1
4 1089760052164 1
4 1089760052166 1
4 1089760052168 1
4 1089760052169 1
4 1089760052170 1
4 1089760052174 1
4 1089760052179 1
4 1089760052187 1
4 1089760052195 2
4 1089760052197 1
4 1089760052199 1
4 1089760052213 1
4 1089760052219 1
4 1089760052429 4
4 1089760052547 10
4 1089760052550 6
4 1089760052671 7
4 1089760052786 6
4 1089760053202 10
4 1089760053315 11
4 1089760053316 4
4 1089760053318 14
4 1089760053478 7
4 1089760053714 5
4 1089760053856 5
4 1089760053858 2
4 1089760053860 8
4 1089760053863 4
4 1089760054164 5
5 1089760034915 18
5 1089760034919 10
5 1089760034921 20
5 1089760034926 18
5 1089760035152 8
5 1089760035154 18
5 1089760035158 14
5 1089760035161 26
5 1089760035162 16
5 1089760035163 22
5 1089760035165 14
5 1089760035166 20
5 1089760035167 18
5 1089760035393 18
5 1089760035399 18
5 1089760035403 22
5 1089760035404 22
5 1089760035633 10
5 1089760035635 16
5 1089760035637 12
5 1089760035641 16
5 1089760035643 22
5 1089760035644 8
5 1089760035645 42
5 1089760035872 22
5 1089760035873 36
5 1089760035874 40
5 1089760035876 6
5 1089760035879 12
5 1089760035882 20
5 1089760035883 4
5 1089760035884 12
5 1089760035885 20
5 1089760035887 16
5 1089760036115 16
5 1089760036119 10
5 1089760036122 10
5 1089760036274 12
5 1089760036275 4
5 1089760036278 40
5 1089760036786 20
5 1089760036794 14
5 1089760036796 20
5 1089760036797 20
5 1089760036798 16
5 1089760036799 12
5 1089760037106 12
5 1089760037108 16
5 1089760037111 20
5 1089760037116 22
5 1089760037117 14
5 1089760037234 6
5 1089760037235 16
5 1089760037236 10
5 1089760037238 12
5 1089760037239 34
5 1089760037245 18
5 1089760037247 12
5 1089760037362 10
5 1089760037364 26
5 1089760037365 16
5 1089760037367 10
5 1089760037368 10
5 1089760037372 14
5 1089760037374 20
5 1089760037459 20
5 1089760037462 4
5 1089760037464 10
5 1089760037465 30
5 1089760037468 16
5 1089760037471 14
5 1089760037729 10
5 1089760037730 12
5 1089760037739 26
5 1089760038512 24
5 1089760038513 10
5 1089760038514 53
5 1089760038515 14
5 1089760038516 33
5 1089760038517 36
5 1089760038518 28
5 1089760038519 28
5 1089760038520 38
5 1089760038521 10
5 1089760038522 52
5 1089760038524 34
5 1089760038525 32
5 1089760038526 40
5 1089760038527 221
5 1089760038624 46
5 1089760038625 10
5 1089760038626 14
5 1089760038628 10
5 1089760038629 10
5 1089760038630 50
5 1089760038631 22
5 1089760038633 30
5 1089760038634 38
5 1089760038635 26
5 1089760038636 82
5 1089760038637 26
5 1089760038638 26
5 1089760038639 44
5 1089760038688 26
5 1089760038689 22
5 1089760038690 122
5 1089760038691 46
5 1089760038692 20
5 1089760038693 8
5 1089760038694 161
5 1089760038695 984
5 1089760038696 28
5 1089760038697 44
5 1089760038698 16
5 1089760038699 12
5 1089760038700 14
5 1089760038701 22
5 1089760038702 28
5 1089760038703 41
5 1089760038784 54
5 1089760038785 34
5 1089760038786 88
5 1089760038787 56
5 1089760038788 46
5 1089760038789 145
5 1089760038790 157
5 1089760038791 50
5 1089760038792 32
5 1089760038793 12
5 1089760038794 34
5 1089760038795 34
5 1089760038796 159
5 1089760038797 311
5 1089760038798 57
5 1089760038799 32
5 1089760039208 9
5 1089760039221 5
5 1089760039225 9
5 1089760039226 8
5 1089760039243 9
5 1089760039921 4
5 1089760039928 9
5 1089760039939 7
5 1089760039947 4
5 1089760039948 8
5 1089760039950 8
5 1089760039954 11
5 1089760039958 7
5 1089760039961 9
5 1089760039963 1
5 1089760039964 10
5 1089760039965 1
5 1089760040636 9
5 1089760040653 9
5 1089760040666 4
5 1089760040667 9
5 1089760040668 5
5 1089760040670 6
5 1089760041344 5
5 1089760041353 8
5 1089760041359 6
5 1089760041369 9
5 1089760041370 4
5 1089760041374 4
5 1089760041375 7
5 1089760041380 4
5 1089760041381 11
5 1089760041382 18
5 1089760042074 2
5 1089760042075 10
5 1089760042076 10
5 1089760042077 7
5 1089760042079 16
5 1089760042080 10
5 1089760042085 4
5 1089760042095 6
5 1089760042104 10
5 1089760042105 2
5 1089760042109 6
5 1089760042110 3
5 1089760042111 7
5 1089760042119 8
5 1089760042811 6
5 1089760042812 2
5 1089760042824 5
5 1089760042832 5
5 1089760043283 1
5 1089760043284 5
5 1089760043287 2
5 1089760043296 14
5 1089760043297 6
5 1089760044826 8
5 1089760044827 2
5 1089760044851 7
5 1089760044855 10
5 1089760044859 10
5 1089760044861 9
5 1089760044865 6
5 1089760045785 10
5 1089760045792 8
5 1089760045799 2
5 1089760045800 8
5 1089760045816 5
5 1089760045817 9
5 1089760045821 7
5 1089760046169 3
5 1089760046171 4
5 1089760046172 4
5 1089760046174 1
5 1089760046175 4
5 1089760046181 6
5 1089760046184 9
5 1089760046185 7
5 1089760046203 9
5 1089760046210 6
5 1089760046555 6
5 1089760046562 3
5 1089760046563 7
5 1089760046564 3
5 1089760046567 8
5 1089760046573 5
5 1089760046576 5
5 1089760046587 2
5 1089760046588 5
5 1089760046593 10
5 1089760046848 10
5 1089760046857 3
5 1089760046864 5
5 1089760046868 15
5 1089760046878 8
5 1089760046884 3
5 1089760046885 4
5 1089760047663 11
5 1089760047690 5
5 1089760047691 3
5 1089760047692 5
5 1089760050008 10
5 1089760050009 5
5 1089760050010 1
5 1089760050011 5
5 1089760050013 11
5 1089760050014 6
5 1089760050016 10
5 1089760050017 1
5 1089760050019 13
5 1089760050021 9
5 1089760050022 22
5 1089760050024 10
5 1089760050025 5
5 1089760050027 15
5 1089760050029 6
5 1089760050030 8
5 1089760050031 6
5 1089760050036 13
5 1089760050037 7
5 1089760050038 13
5 1089760050039 2
5 1089760050040 3
5 1089760050042 1
5 1089760050043 14
5 1089760050044 8
5 1089760050045 4
5 1089760050046 21
5 1089760050048 4
5 1089760050049 7
5 1089760050050 9
5 1089760050051 9
5 1089760050053 6
5 1089760050054 7
5 1089760050342 13
5 1089760050344 6
5 1089760050345 9
5 1089760050346 5
5 1089760050351 7
5 1089760050354 5
5 1089760050357 6
5 1089760050359 7
5 1089760050360 11
5 1089760050361 8
5 1089760050362 16
5 1089760050363 4
5 1089760050364 1
5 1089760050365 6
5 1089760050368 2
5 1089760050369 3
5 1089760050370 11
5 1089760050372 5
5 1089760050373 7
5 1089760050374 7
5 1089760050375 7
5 1089760050376 6
5 1089760050377 1
5 1089760050378 5
5 1089760050379 12
5 1089760050380 9
5 1089760050382 3
5 1089760050383 10
5 1089760050385 13
5 1089760050387 55
5 1089760050388 7
5 1089760050389 8
5 1089760050534 8
5 1089760050535 5
5 1089760050536 3
5 1089760050537 17
5 1089760050540 7
5 1089760050541 1
5 1089760050542 7
5 1089760050543 20
5 1089760050544 10
5 1089760050545 1
5 1089760050547 52
5 1089760050550 4
5 1089760050553 16
5 1089760050554 7
5 1089760050556 5
5 1089760050557 9
5 1089760050558 9
5 1089760050561 10
5 1089760050562 6
5 1089760050563 21
5 1089760050565 8
5 1089760050569 7
5 1089760050571 4
5 1089760050572 3
5 1089760050574 13
5 1089760050575 18
5 1089760050577 4
5 1089760050579 2
5 1089760050580 2
5 1089760050581 4
5 1089760050819 7
5 1089760050820 14
5 1089760050821 8
5 1089760050822 8
5 1089760050823 13
5 1089760050825 6
5 1089760050828 12
5 1089760050829 5
5 1089760050830 9
5 1089760050831 11
5 1089760050832 40
5 1089760050833 7
5 1089760050834 14
5 1089760050836 9
5 1089760050837 10
5 1089760050838 1
5 1089760050839 10
5 1089760050840 12
5 1089760050841 6
5 1089760050842 16
5 1089760050843 54
5 1089760050844 1
5 1089760050845 8
5 1089760050848 6
5 1089760050850 16
5 1089760050851 1
5 1089760050853 12
5 1089760050854 13
5 1089760050855 7
5 1089760050856 52
5 1089760050857 9
5 1089760050858 8
5 1089760050859 10
5 1089760050860 25
5 1089760050861 6
5 1089760050863 10
5 1089760050865 7
5 1089760050866 17
5 1089760050867 1
5 1089760051212 4
5 1089760051213 4
5 1089760051242 4
5 1089760051243 4
5 1089760051272 4
5 1089760051273 4
5 1089760051302 4
5 1089760051303 4
5 1089760051332 4
5 1089760051333 4
5 1089760051362 4
5 1089760051363 4
5 1089760051382 4
5 1089760051383 4
5 1089760051446 4
5 1089760051447 4
5 1089760051486 4
5 1089760051487 4
5 1089760051502 4
5 1089760051503 4
5 1089760051518 4
5 1089760051519 4
5 1089760051530 4
5 1089760051531 4
5 1089760051564 4
5 1089760051565 4
5 1089760051662 4
5 1089760051663 4
5 1089760051676 4
5 1089760051677 4
5 1089760051684 4
5 1089760051685 4
5 1089760051696 70
5 1089760051697 4
5 1089760051712 4
5 1089760051713 5
5 1089760051714 4
5 1089760051716 4
5 1089760051717 5
5 1089760051718 7
5 1089760051719 3
5 1089760051720 2
5 1089760051721 5
5 1089760051722 1
5 1089760051723 2
5 1089760051724 4
5 1089760051725 6
5 1089760051726 5
5 1089760051727 6
5 1089760051728 2
5 1089760051729 3
5 1089760051730 2
5 1089760051731 7
5 1089760051732 4
5 1089760051733 4
5 1089760051734 4
5 1089760051735 2
5 1089760051736 2
5 1089760051737 3
5 1089760051738 2
5 1089760051739 4
5 1089760051740 1
5 1089760051741 4
5 1089760051742 5
5 1089760051743 7
5 1089760051744 3
5 1089760051745 4
5 1089760051746 1
5 1089760051747 6
5 1089760051748 6
5 1089760051749 4
5 1089760051750 6
5 1089760051751 4
5 1089760051752 1
5 1089760051753 2
5 1089760051754 3
5 1089760051755 4
5 1089760051756 2
5 1089760051757 2
5 1089760051758 5
5 1089760051759 4
5 1089760051760 5
5 1089760051761 3
5 1089760051762 6
5 1089760051763 2
5 1089760051764 2
5 1089760051765 3
5 1089760051766 1
5 1089760051767 4
5 1089760051768 4
5 1089760051769 4
5 1089760051770 3
5 1089760051771 4
5 1089760051772 4
5 1089760051773 3
5 1089760051774 4
5 1089760051775 4
5 1089760051776 1
5 1089760051777 3
5 1089760051778 51
5 1089760051779 3
5 1089760051780 4
5 1089760051781 3
5 1089760051782 4
5 1089760051783 4
5 1089760051784 1
5 1089760051785 2
5 1089760051786 2
5 1089760051787 2
5 1089760051788 6
5 1089760051789 4
5 1089760051790 6
5 1089760051791 1
5 1089760051792 3
5 1089760051793 3
5 1089760051794 4
5 1089760051795 4
5 1089760051796 3
5 1089760051797 2
5 1089760051798 3
5 1089760051799 1
5 1089760051800 1
5 1089760051801 3
5 1089760051802 5
5 1089760051803 8
5 1089760051804 2
5 1089760051805 2
5 1089760051806 5
5 1089760051807 2
5 1089760051808 1
5 1089760051809 3
5 1089760051810 62
5 1089760051811 5
5 1089760051812 4
5 1089760051813 4
5 1089760051814 5
5 1089760051815 4
5 1089760051816 365
5 1089760051817 5
5 1089760051818 1
5 1089760051819 2
5 1089760051820 4
5 1089760051821 5
5 1089760051822 4
5 1089760051823 7
5 1089760051824 3
5 1089760051825 3
5 1089760051826 4
5 1089760051827 2
5 1089760051828 4
5 1089760051829 4
5 1089760051830 4
5 1089760051831 1
5 1089760051832 4
5 1089760051833 6
5 1089760051834 3
5 1089760051835 3
5 1089760051836 6
5 1089760051837 5
5 1089760051838 2
5 1089760051839 3
5 1089760051840 3
5 1089760051841 3
5 1089760051842 5
5 1089760051843 1
5 1089760051844 1
5 1089760051845 5
5 1089760051846 5
5 1089760051847 3
5 1089760051848 2
5 1089760051849 6
5 1089760051850 4
5 1089760051851 4
5 1089760051852 108
5 1089760051853 3
5 1089760051854 3
5 1089760051855 1
5 1089760051856 3
5 1089760051857 7
5 1089760051858 5
5 1089760051859 5
5 1089760051860 4
5 1089760051861 1
5 1089760051862 4
5 1089760051863 3
5 1089760051864 2
5 1089760051866 4
5 1089760051867 2
5 1089760051868 5
5 1089760051869 4
5 1089760051870 3
5 1089760051871 2
5 1089760051872 4
5 1089760051873 2
5 1089760051874 3
5 1089760051876 4
5 1089760051877 5
5 1089760051878 4
5 1089760051879 3
5 1089760051880 1
5 1089760051881 3
5 1089760051882 4
5 1089760051883 4
5 1089760051884 3
5 1089760051885 5
5 1089760051886 6
5 1089760051887 7
5 1089760051888 40
5 1089760051889 2
5 1089760051890 4
5 1089760051891 1
5 1089760051892 4
5 1089760051893 2
5 1089760051894 3
5 1089760051895 1
5 1089760051896 3
5 1089760051897 3
5 1089760051898 2
5 1089760051899 3
5 1089760051900 1
5 1089760051901 1
5 1089760051902 4
5 1089760051903 3
5 1089760051904 3
5 1089760051905 6
5 1089760051906 3
5 1089760051907 5
5 1089760051908 5
5 1089760051909 2
5 1089760051910 5
5 1089760051911 4
5 1089760051912 5
5 1089760051913 2
5 1089760051914 5
5 1089760051915 6
5 1089760051916 4
5 1089760051917 5
5 1089760051918 4
5 1089760051919 1
5 1089760051920 2
5 1089760051921 10
5 1089760051923 5
5 1089760051924 4
5 1089760051925 4
5 1089760051926 4
5 1089760051927 1
5 1089760051928 1
5 1089760051929 2
5 1089760051930 4
5 1089760051931 2
5 1089760051933 6
5 1089760051934 4
5 1089760051935 3
5 1089760051936 6
5 1089760051937 1
5 1089760051938 3
5 1089760051939 1
5 1089760051940 3
5 1089760051941 2
5 1089760051942 2
5 1089760051943 4
5 1089760051944 4
5 1089760051945 2
5 1089760051946 11
5 1089760051947 7
5 1089760051948 5
5 1089760051949 4
5 1089760051950 4
5 1089760051951 4
5 1089760051952 5
5 1089760051953 5
5 1089760051954 41
5 1089760051955 2
5 1089760051956 5
5 1089760051957 7
5 1089760051958 4
5 1089760051959 5
5 1089760051960 3
5 1089760051961 5
5 1089760051962 4
5 1089760051963 5
5 1089760051964 1
5 1089760051965 3
5 1089760051966 5
5 1089760051967 4
5 1089760051968 1
5 1089760051969 4
5 1089760051970 5
5 1089760051971 7
5 1089760051972 6
5 1089760051973 4
5 1089760051974 1
5 1089760051975 1
5 1089760051976 2
5 1089760051977 1
5 1089760051978 3
5 1089760051979 4
5 1089760051980 4
5 1089760051981 3
5 1089760051982 5
5 1089760051983 4
5 1089760051984 5
5 1089760051985 4
5 1089760051986 4
5 1089760051987 3
5 1089760051988 4
5 1089760051989 6
5 1089760051990 2
5 1089760051991 3
5 1089760051992 5
5 1089760051993 6
5 1089760051994 3
5 1089760051995 8
5 1089760051996 2
5 1089760051997 3
5 1089760051998 2
5 1089760051999 4
5 1089760052000 9
5 1089760052001 8
5 1089760052002 4
5 1089760052003 5
5 1089760052005 5
5 1089760052006 2
5 1089760052007 5
5 1089760052008 4
5 1089760052009 2
5 1089760052010 5
5 1089760052011 3
5 1089760052012 1
5 1089760052013 3
5 1089760052014 4
5 1089760052015 5
5 1089760052016 6
5 1089760052017 3
5 1089760052018 3
5 1089760052019 3
5 1089760052020 5
5 1089760052021 2
5 1089760052022 3
5 1089760052023 2
5 1089760052024 3
5 1089760052025 4
5 1089760052026 3
5 1089760052027 5
5 1089760052028 4
5 1089760052029 2
5 1089760052030 3
5 1089760052031 2
5 1089760052032 8
5 1089760052033 3
5 1089760052034 2
5 1089760052035 4
5 1089760052036 3
5 1089760052037 2
5 1089760052038 6
5 1089760052039 4
5 1089760052040 2
5 1089760052041 6
5 1089760052043 5
5 1089760052044 1
5 1089760052045 3
5 1089760052046 2
5 1089760052047 2
5 1089760052048 3
5 1089760052049 2
5 1089760052050 4
5 1089760052051 2
5 1089760052052 177
5 1089760052053 1
5 1089760052054 4
5 1089760052055 3
5 1089760052056 18
5 1089760052057 2
5 1089760052058 6
5 1089760052059 3
5 1089760052060 2
5 1089760052061 3
5 1089760052062 3
5 1089760052063 1
5 1089760052064 5
5 1089760052065 2
5 1089760052066 3
5 1089760052067 3
5 1089760052068 6
5 1089760052069 4
5 1089760052070 3
5 1089760052071 1
5 1089760052072 2
5 1089760052073 5
5 1089760052074 9
5 1089760052075 1
5 1089760052076 7
5 1089760052077 3
5 1089760052078 3
5 1089760052079 3
5 1089760052080 9
5 1089760052081 1
5 1089760052082 5
5 1089760052083 4
5 1089760052084 6
5 1089760052085 1
5 1089760052086 1
5 1089760052087 2
5 1089760052088 2
5 1089760052089 6
5 1089760052090 4
5 1089760052091 3
5 1089760052092 6
5 1089760052093 6
5 1089760052094 4
5 1089760052095 2
5 1089760052096 3
5 1089760052097 1
5 1089760052098 2
5 1089760052099 2
5 1089760052100 6
5 1089760052101 1
5 1089760052102 2
5 1089760052103 1
5 1089760052104 2
5 1089760052105 8
5 1089760052106 8
5 1089760052107 6
5 1089760052108 1
5 1089760052109 8
5 1089760052110 2
5 1089760052111 6
5 1089760052112 2
5 1089760052113 2
5 1089760052115 3
5 1089760052116 8
5 1089760052117 3
5 1089760052118 3
5 1089760052119 6
5 1089760052120 4
5 1089760052121 5
5 1089760052122 2
5 1089760052123 1
5 1089760052124 2
5 1089760052125 4
5 1089760052127 3
5 1089760052128 5
5 1089760052129 1
5 1089760052130 3
5 1089760052131 4
5 1089760052132 5
5 1089760052133 2
5 1089760052134 4
5 1089760052135 1
5 1089760052136 3
5 1089760052137 3
5 1089760052138 3
5 1089760052139 3
5 1089760052140 4
5 1089760052141 1
5 1089760052142 5
5 1089760052143 4
5 1089760052144 6
5 1089760052145 3
5 1089760052146 5
5 1089760052147 3
5 1089760052148 2
5 1089760052149 3
5 1089760052150 2
5 1089760052151 4
5 1089760052152 3
5 1089760052153 5
5 1089760052154 4
5 1089760052155 2
5 1089760052156 7
5 1089760052157 4
5 1089760052158 4
5 1089760052160 6
5 1089760052161 7
5 1089760052162 4
5 1089760052163 3
5 1089760052164 3
5 1089760052165 3
5 1089760052166 5
5 1089760052167 4
5 1089760052168 5
5 1089760052169 3
5 1089760052170 3
5 1089760052171 3
5 1089760052172 4
5 1089760052173 3
5 1089760052174 7
5 1089760052175 5
5 1089760052176 2
5 1089760052177 2
5 1089760052181 5
5 1089760052182 2
5 1089760052183 4
5 1089760052184 6
5 1089760052185 1
5 1089760052186 3
5 1089760052187 2
5 1089760052188 4
5 1089760052189 7
5 1089760052190 4
5 1089760052191 1
5 1089760052192 5
5 1089760052193 1
5 1089760052194 6
5 1089760052195 1
5 1089760052196 2
5 1089760052197 1
5 1089760052198 5
5 1089760052199 2
5 1089760052200 3
5 1089760052201 3
5 1089760052202 6
5 1089760052203 1
5 1089760052204 3
5 1089760052205 3
5 1089760052206 4
5 1089760052207 3
5 1089760052208 4
5 1089760052209 2
5 1089760052210 4
5 1089760052211 1
5 1089760052212 4
5 1089760052213 2
5 1089760052214 5
5 1089760052215 5
5 1089760052216 2
5 1089760052217 2
5 1089760052218 6
5 1089760052219 3
5 1089760052220 2
5 1089760052221 4
5 1089760052222 3
5 1089760052273 8
5 1089760052275 4
5 1089760052276 9
5 1089760052279 8
5 1089760052392 3
5 1089760052393 8
5 1089760052395 6
5 1089760052396 11
5 1089760052397 17
5 1089760052398 6
5 1089760052399 14
5 1089760052512 8
5 1089760052515 8
5 1089760052517 6
5 1089760052518 9
5 1089760052632 4
5 1089760052633 7
5 1089760052634 5
5 1089760052636 7
5 1089760052637 10
5 1089760052638 13
5 1089760052752 26
5 1089760052753 18
5 1089760052754 2
5 1089760052755 5
5 1089760052757 10
5 1089760052758 14
5 1089760052759 7
5 1089760052873 7
5 1089760052875 4
5 1089760052877 4
5 1089760052953 6
5 1089760052955 18
5 1089760053209 9
5 1089760053213 6
5 1089760053214 17
5 1089760053215 12
5 1089760053369 5
5 1089760053370 7
5 1089760053371 8
5 1089760053374 16
5 1089760053433 9
5 1089760053434 4
5 1089760053435 16
5 1089760053438 8
5 1089760053439 5
5 1089760053497 4
5 1089760053498 18
5 1089760053499 4
5 1089760053500 4
5 1089760053502 6
5 1089760053503 9
5 1089760053545 9
5 1089760053547 1
5 1089760053548 18
5 1089760053550 7
5 1089760053551 6
5 1089760053680 4
5 1089760053681 5
5 1089760053685 11
5 1089760054072 14
5 1089760054073 16
5 1089760054074 30
5 1089760054075 21
5 1089760054076 8
5 1089760054077 17
5 1089760054078 24
5 1089760054079 41
5 1089760054128 19
5 1089760054129 6
5 1089760054130 8
5 1089760054131 24
5 1089760054132 12
5 1089760054133 21
5 1089760054134 25
5 1089760054135 26
5 1089760054160 18
5 1089760054161 27
5 1089760054162 9
5 1089760054163 22
5 1089760054164 25
5 1089760054165 12
5 1089760054166 13
5 1089760054167 18
5 1089760054208 24
5 1089760054209 25
5 1089760054210 26
5 1089760054211 30
5 1089760054212 19
5 1089760054213 24
5 1089760054214 32
5 1089760054215 29
6 1089760035008 81
6 1089760035009 65
6 1089760035010 26
6 1089760035011 17
6 1089760035012 16
6 1089760035013 143
6 1089760035014 28
6 1089760035015 101
6 1089760035016 155
6 1089760035017 69
6 1089760035018 105
6 1089760035019 130
6 1089760035020 22
6 1089760035021 34
6 1089760035022 64
6 1089760035023 43
6 1089760035248 34
6 1089760035249 206
6 1089760035250 56
6 1089760035251 71
6 1089760035252 304
6 1089760035253 111
6 1089760035254 48
6 1089760035255 30
6 1089760035256 18
6 1089760035257 20
6 1089760035258 515
6 1089760035259 247
6 1089760035260 315
6 1089760035261 224
6 1089760035262 120
6 1089760035263 188
6 1089760035488 40
6 1089760035489 40
6 1089760035490 157
6 1089760035491 67
6 1089760035492 147
6 1089760035493 12
6 1089760035494 8
6 1089760035495 418
6 1089760035496 238
6 1089760035497 397
6 1089760035498 106
6 1089760035499 71
6 1089760035500 226
6 1089760035501 547
6 1089760035502 6
6 1089760035503 30
6 1089760035728 34
6 1089760035729 26
6 1089760035730 115
6 1089760035731 54
6 1089760035732 29
6 1089760035733 72
6 1089760035734 229
6 1089760035735 119
6 1089760035736 69
6 1089760035738 18
6 1089760035739 34
6 1089760035740 52
6 1089760035741 36
6 1089760035742 10
6 1089760035743 50
6 1089760035968 457
6 1089760035969 384
6 1089760035970 36
6 1089760035971 35
6 1089760035972 38
6 1089760035973 106
6 1089760035974 31
6 1089760035977 237
6 1089760035978 38
6 1089760035979 36
6 1089760035980 66
6 1089760035981 137
6 1089760035982 81
6 1089760035983 224
6 1089760036208 93
6 1089760036209 18
6 1089760036210 167
6 1089760036211 80
6 1089760036212 118
6 1089760036213 213
6 1089760036214 31
6 1089760036215 57
6 1089760036216 14
6 1089760036217 96
6 1089760036218 47
6 1089760036219 40
6 1089760036220 81
6 1089760036221 908
6 1089760036222 40
6 1089760036223 39
6 1089760036720 119
6 1089760036721 26
6 1089760036722 383
6 1089760036723 26
6 1089760036724 160
6 1089760036725 22
6 1089760036726 28
6 1089760036727 48
6 1089760036728 197
6 1089760036729 34
6 1089760036730 25
6 1089760036731 89
6 1089760036732 117
6 1089760036733 104
6 1089760036734 28
6 1089760036735 32
6 1089760036784 36
6 1089760036785 1798
6 1089760036786 31
6 1089760036787 281
6 1089760036788 16
6 1089760036789 8
6 1089760036790 60
6 1089760036791 309
6 1089760036792 36
6 1089760036793 60
6 1089760036794 28
6 1089760036795 46
6 1089760036796 26
6 1089760036797 158
6 1089760036798 30
6 1089760036799 34
6 1089760037040 28
6 1089760037041 8
6 1089760037042 32
6 1089760037043 101
6 1089760037044 16
6 1089760037045 14
6 1089760037046 51
6 1089760037047 26
6 1089760037048 223
6 1089760037050 20
6 1089760037051 38
6 1089760037052 197
6 1089760037053 214
6 1089760037054 54
6 1089760037055 24
6 1089760037232 14
6 1089760037233 30
6 1089760037234 26
6 1089760037235 32
6 1089760037236 60
6 1089760037237 38
6 1089760037238 8
6 1089760037239 164
6 1089760037240 106
6 1089760037241 168
6 1089760037242 252
6 1089760037243 65
6 1089760037244 46
6 1089760037245 24
6 1089760037246 53
6 1089760037247 14
6 1089760037472 18
6 1089760037473 26
6 1089760037474 245
6 1089760037475 16
6 1089760037476 31
6 1089760037477 190
6 1089760037478 42
6 1089760037479 32
6 1089760037480 334
6 1089760037481 85
6 1089760037482 54
6 1089760037483 4
6 1089760037484 24
6 1089760037485 12
6 1089760037486 131
6 1089760037487 26
6 1089760037680 20
6 1089760037681 34
6 1089760037682 32
6 1089760037683 16
6 1089760037684 140
6 1089760037685 14
6 1089760037686 1422
6 1089760037687 40
6 1089760037688 38
6 1089760037689 8
6 1089760037690 14
6 1089760037691 50
6 1089760037692 18
6 1089760037693 42
6 1089760037694 28
6 1089760037695 16
6 1089760038064 48
6 1089760038065 60
6 1089760038066 683
6 1089760038067 341
6 1089760038068 669
6 1089760038069 60
6 1089760038070 100
6 1089760038071 56
6 1089760038072 74
6 1089760038073 56
6 1089760038074 76
6 1089760038075 128
6 1089760038076 284
6 1089760038077 742
6 1089760038078 304
6 1089760038079 916
6 1089760038144 275
6 1089760038145 89
6 1089760038146 230
6 1089760038147 60
6 1089760038148 66
6 1089760038149 898
6 1089760038150 78
6 1089760038151 52
6 1089760038152 36
6 1089760038153 108
6 1089760038154 40
6 1089760038155 336
6 1089760038156 44
6 1089760038157 66
6 1089760038158 66
6 1089760038159 82
6 1089760038464 64
6 1089760038465 767
6 1089760038466 280
6 1089760038467 211
6 1089760038468 54
6 1089760038469 70
6 1089760038470 132
6 1089760038471 59
6 1089760038472 356
6 1089760038473 58
6 1089760038474 58
6 1089760038475 437
6 1089760038476 58
6 1089760038477 333
6 1089760038478 59
6 1089760038479 157
6 1089760038720 57
6 1089760038721 179
6 1089760038722 194
6 1089760038723 167
6 1089760038724 54
6 1089760038725 40
6 1089760038726 419
6 1089760038727 202
6 1089760038728 41
6 1089760038729 46
6 1089760038730 42
6 1089760038731 56
6 1089760038732 44
6 1089760038733 50
6 1089760038734 235
6 1089760038735 260
6 1089760038816 62
6 1089760038817 107
6 1089760038818 83
6 1089760038819 58
6 1089760038820 424
6 1089760038821 301
6 1089760038822 75
6 1089760038823 1264
6 1089760038824 84
6 1089760038825 50
6 1089760038826 60
6 1089760038827 58
6 1089760038828 72
6 1089760038829 58
6 1089760038830 154
6 1089760038831 198
6 1089760039491 480
6 1089760039492 99
6 1089760039493 2
6 1089760039494 4
6 1089760039495 152
6 1089760039496 8
6 1089760039497 9
6 1089760039498 2
6 1089760039499 181
6 1089760039500 4
6 1089760039502 173
6 1089760039506 9
6 1089760039508 4
6 1089760039509 25
6 1089760039510 4
6 1089760039511 32
6 1089760039512 9
6 1089760039513 6
6 1089760039514 17
6 1089760039515 10
6 1089760039516 11
6 1089760039517 8
6 1089760039518 10
6 1089760039519 19
6 1089760039520 27
6 1089760039521 15
6 1089760039522 21
6 1089760039523 5
6 1089760039525 5
6 1089760039527 26
6 1089760039529 5
6 1089760039530 7
6 1089760039531 57
6 1089760039532 17
6 1089760039533 4
6 1089760039534 20
6 1089760039535 32
6 1089760040206 14
6 1089760040207 29
6 1089760040208 38
6 1089760040209 26
6 1089760040210 8
6 1089760040211 92
6 1089760040212 137
6 1089760040213 5
6 1089760040214 5
6 1089760040215 5
6 1089760040216 4
6 1089760040218 7
6 1089760040219 11
6 1089760040220 17
6 1089760040221 7
6 1089760040223 8
6 1089760040224 13
6 1089760040225 7
6 1089760040227 200
6 1089760040228 3
6 1089760040229 34
6 1089760040230 213
6 1089760040234 13
6 1089760040235 4
6 1089760040236 5
6 1089760040237 32
6 1089760040238 16
6 1089760040239 1
6 1089760040240 20
6 1089760040241 13
6 1089760040242 3
6 1089760040243 8
6 1089760040244 190
6 1089760040245 5
6 1089760040246 17
6 1089760040247 18
6 1089760040248 11
6 1089760040249 6
6 1089760040250 11
6 1089760040251 13
6 1089760040252 9
6 1089760040916 9
6 1089760040917 3
6 1089760040918 479
6 1089760040919 14
6 1089760040920 4
6 1089760040921 229
6 1089760040922 41
6 1089760040923 188
6 1089760040924 59
6 1089760040925 13
6 1089760040926 798
6 1089760040927 4
6 1089760040928 2
6 1089760040929 7
6 1089760040930 137
6 1089760040932 1
6 1089760040933 3
6 1089760040934 4
6 1089760040936 168
6 1089760040937 31
6 1089760040938 16
6 1089760040939 6
6 1089760040941 10
6 1089760040942 7
6 1089760040943 237
6 1089760040945 10
6 1089760040947 11
6 1089760040948 136
6 1089760040949 17
6 1089760040950 8
6 1089760040951 9
6 1089760040952 9
6 1089760040953 9
6 1089760040954 147
6 1089760040955 214
6 1089760040956 6
6 1089760040959 7
6 1089760040960 15
6 1089760040961 10
6 1089760041632 10
6 1089760041633 311
6 1089760041634 259
6 1089760041636 13
6 1089760041638 301
6 1089760041639 12
6 1089760041640 111
6 1089760041641 7
6 1089760041642 12
6 1089760041643 19
6 1089760041644 4
6 1089760041645 5
6 1089760041646 143
6 1089760041648 7
6 1089760041649 6
6 1089760041650 40
6 1089760041651 41
6 1089760041653 12
6 1089760041654 16
6 1089760041655 38
6 1089760041656 6
6 1089760041657 81
6 1089760041658 6
6 1089760041663 48
6 1089760041664 11
6 1089760041665 69
6 1089760041666 3
6 1089760041667 73
6 1089760041668 73
6 1089760041669 33
6 1089760041670 15
6 1089760041671 2
6 1089760041672 6
6 1089760041673 11
6 1089760041676 2
6 1089760041679 150
6 1089760042363 22
6 1089760042364 136
6 1089760042365 9
6 1089760042366 15
6 1089760042367 635
6 1089760042368 45
6 1089760042369 19
6 1089760042370 7
6 1089760042372 13
6 1089760042373 344
6 1089760042374 16
6 1089760042375 18
6 1089760042376 34
6 1089760042378 10
6 1089760042379 22
6 1089760042380 117
6 1089760042381 2
6 1089760042382 3
6 1089760042389 470
6 1089760042390 2
6 1089760042391 352
6 1089760042392 11
6 1089760042393 20
6 1089760042394 118
6 1089760042395 3
6 1089760042396 24
6 1089760042397 43
6 1089760042398 168
6 1089760042399 11
6 1089760042400 10
6 1089760042402 12
6 1089760042403 1812
6 1089760042404 17
6 1089760042405 16
6 1089760042406 8
6 1089760042407 5
6 1089760042408 10
6 1089760042410 9
6 1089760042411 8
6 1089760043088 30
6 1089760043089 19
6 1089760043090 63
6 1089760043094 9
6 1089760043095 6
6 1089760043096 13
6 1089760043097 14
6 1089760043098 5
6 1089760043100 4
6 1089760043101 17
6 1089760043102 23
6 1089760043103 18
6 1089760043105 33
6 1089760043106 6
6 1089760043110 20
6 1089760043111 43
6 1089760043114 63
6 1089760043115 8
6 1089760043116 547
6 1089760043117 8
6 1089760043118 4
6 1089760043119 18
6 1089760043120 4
6 1089760043121 191
6 1089760043122 89
6 1089760043123 10
6 1089760043124 11
6 1089760043125 11
6 1089760043126 64
6 1089760043128 139
6 1089760043129 4
6 1089760043130 4
6 1089760043132 7
6 1089760043133 12
6 1089760044624 1
6 1089760044625 16
6 1089760044626 6
6 1089760044627 12
6 1089760044628 9
6 1089760044629 3
6 1089760044630 15
6 1089760044632 12
6 1089760044633 23
6 1089760044634 5
6 1089760044636 6
6 1089760044637 4
6 1089760044638 9
6 1089760044639 7
6 1089760044640 19
6 1089760044643 12
6 1089760044644 5
6 1089760044645 5
6 1089760044646 13
6 1089760044647 7
6 1089760044648 7
6 1089760044649 14
6 1089760044651 141
6 1089760044652 14
6 1089760044653 1
6 1089760044654 9
6 1089760044656 7
6 1089760044657 17
6 1089760044658 6
6 1089760044659 8
6 1089760044660 16
6 1089760044661 4
6 1089760044662 7
6 1089760044663 16
6 1089760044666 9
6 1089760044667 13
6 1089760044668 9
6 1089760044670 12
6 1089760044671 116
6 1089760044818 5
6 1089760044819 15
6 1089760044820 2
6 1089760044821 20
6 1089760044822 7
6 1089760044823 13
6 1089760044824 6
6 1089760044825 5
6 1089760044827 7
6 1089760044828 32
6 1089760044829 6
6 1089760044830 8
6 1089760044832 37
6 1089760044833 46
6 1089760044836 4
6 1089760044837 549
6 1089760044838 7
6 1089760044839 4
6 1089760044840 5
6 1089760044841 38
6 1089760044843 7
6 1089760044844 10
6 1089760044845 8
6 1089760044846 18
6 1089760044847 17
6 1089760044848 15
6 1089760044850 12
6 1089760044852 75
6 1089760044853 8
6 1089760044854 13
6 1089760044855 6
6 1089760044856 16
6 1089760044858 8
6 1089760044860 16
6 1089760044862 10
6 1089760044863 15
6 1089760044864 18
6 1089760044866 12
6 1089760045589 162
6 1089760045590 4
6 1089760045591 63
6 1089760045592 4
6 1089760045593 2
6 1089760045594 441
6 1089760045595 17
6 1089760045597 20
6 1089760045599 12
6 1089760045600 2
6 1089760045601 5
6 1089760045602 4
6 1089760045603 3
6 1089760045605 5
6 1089760045606 4
6 1089760045607 7
6 1089760045608 6
6 1089760045609 6
6 1089760045610 26
6 1089760045612 11
6 1089760045613 4
6 1089760045614 126
6 1089760045618 5
6 1089760045619 6
6 1089760045620 9
6 1089760045621 5
6 1089760045622 9
6 1089760045623 6
6 1089760045624 6
6 1089760045625 10
6 1089760045626 4
6 1089760045627 207
6 1089760045628 8
6 1089760045629 870
6 1089760045630 6
6 1089760045631 8
6 1089760045632 167
6 1089760045633 4
6 1089760045634 7
6 1089760046164 9
6 1089760046166 4
6 1089760046167 12
6 1089760046168 144
6 1089760046170 5
6 1089760046172 9
6 1089760046173 10
6 1089760046174 9
6 1089760046175 25
6 1089760046176 7
6 1089760046178 9
6 1089760046179 14
6 1089760046180 11
6 1089760046183 9
6 1089760046184 11
6 1089760046185 86
6 1089760046186 15
6 1089760046187 5
6 1089760046188 11
6 1089760046189 7
6 1089760046190 7
6 1089760046191 18
6 1089760046192 16
6 1089760046193 7
6 1089760046195 19
6 1089760046196 11
6 1089760046197 12
6 1089760046198 3
6 1089760046199 16
6 1089760046200 3
6 1089760046201 6
6 1089760046203 6
6 1089760046204 7
6 1089760046206 236
6 1089760046207 2
6 1089760046208 13
6 1089760046209 3
6 1089760046210 7
6 1089760046888 6
6 1089760046890 6
6 1089760046891 5
6 1089760046892 7
6 1089760046893 3
6 1089760046894 4
6 1089760046895 8
6 1089760046896 8
6 1089760046897 13
6 1089760046899 3
6 1089760046900 3
6 1089760046901 169
6 1089760046902 7
6 1089760046903 7
6 1089760046905 4
6 1089760046906 17
6 1089760046907 10
6 1089760046908 8
6 1089760046910 12
6 1089760046911 8
6 1089760046912 6
6 1089760046913 8
6 1089760046914 7
6 1089760046915 4
6 1089760046916 11
6 1089760046918 7
6 1089760046919 11
6 1089760046921 5
6 1089760046922 30
6 1089760046923 11
6 1089760046925 9
6 1089760046928 16
6 1089760046929 6
6 1089760046930 19
6 1089760046931 4
6 1089760046932 5
6 1089760046933 5
6 1089760046934 5
6 1089760047508 7
6 1089760047510 4
6 1089760047512 9
6 1089760047513 10
6 1089760047515 11
6 1089760047516 8
6 1089760047517 4
6 1089760047518 9
6 1089760047519 7
6 1089760047520 102
6 1089760047521 8
6 1089760047522 1
6 1089760047523 9
6 1089760047526 6
6 1089760047527 8
6 1089760047528 7
6 1089760047530 13
6 1089760047531 15
6 1089760047532 8
6 1089760047533 9
6 1089760047534 16
6 1089760047536 6
6 1089760047541 2
6 1089760047542 14
6 1089760047543 106
6 1089760047544 9
6 1089760047546 6
6 1089760047548 4
6 1089760047549 7
6 1089760047550 11
6 1089760047551 7
6 1089760047552 7
6 1089760047553 5
6 1089760047554 6
6 1089760047555 10
6 1089760048657 9
6 1089760048658 18
6 1089760048659 194
6 1089760048660 11
6 1089760048661 24
6 1089760048662 21
6 1089760048663 259
6 1089760048664 30
6 1089760048665 18
6 1089760048666 23
6 1089760048667 13
6 1089760048668 11
6 1089760048669 15
6 1089760048670 25
6 1089760048671 19
6 1089760048672 250
6 1089760048673 24
6 1089760048674 20
6 1089760048675 22
6 1089760048676 309
6 1089760048677 112
6 1089760048678 38
6 1089760048679 67
6 1089760048680 38
6 1089760048681 30
6 1089760048682 90
6 1089760048683 32
6 1089760048684 116
6 1089760048685 17
6 1089760048686 189
6 1089760048687 14
6 1089760048688 22
6 1089760048689 28
6 1089760048690 19
6 1089760048691 375
6 1089760048692 25
6 1089760048693 18
6 1089760048694 47
6 1089760048695 81
6 1089760048696 130
6 1089760048697 100
6 1089760048698 296
6 1089760048699 42
6 1089760048700 48
6 1089760048701 154
6 1089760048702 464
6 1089760048703 231
6 1089760048704 22
6 1089760048705 10
6 1089760048706 17
6 1089760048707 12
6 1089760048895 5
6 1089760048896 25
6 1089760048897 302
6 1089760048898 24
6 1089760048899 16
6 1089760048900 124
6 1089760048901 20
6 1089760048902 25
6 1089760048903 178
6 1089760048904 344
6 1089760048905 17
6 1089760048906 11
6 1089760048907 13
6 1089760048908 17
6 1089760048909 20
6 1089760048910 49
6 1089760048911 29
6 1089760048912 23
6 1089760048913 171
6 1089760048914 80
6 1089760048915 31
6 1089760048916 8
6 1089760048917 17
6 1089760048918 279
6 1089760048919 91
6 1089760048920 75
6 1089760048921 14
6 1089760048922 18
6 1089760048923 15
6 1089760048924 27
6 1089760048925 53
6 1089760048926 17
6 1089760048927 29
6 1089760048928 25
6 1089760048929 8
6 1089760048930 34
6 1089760048931 13
6 1089760048932 63
6 1089760048933 126
6 1089760048934 11
6 1089760048935 192
6 1089760048936 26
6 1089760048937 27
6 1089760048938 18
6 1089760048939 28
6 1089760048940 29
6 1089760048941 31
6 1089760048942 142
6 1089760048943 392
6 1089760048944 82
6 1089760048945 9
6 1089760049860 64
6 1089760049861 46
6 1089760049862 27
6 1089760049863 24
6 1089760049864 21
6 1089760049865 22
6 1089760049866 45
6 1089760049867 17
6 1089760049868 33
6 1089760049869 23
6 1089760049870 17
6 1089760049871 229
6 1089760049872 25
6 1089760049873 26
6 1089760049874 44
6 1089760049875 57
6 1089760049876 30
6 1089760049877 11
6 1089760049878 737
6 1089760049879 815
6 1089760049880 27
6 1089760049881 199
6 1089760049882 18
6 1089760049883 17
6 1089760049884 15
6 1089760049885 16
6 1089760049886 11
6 1089760049887 21
6 1089760049888 27
6 1089760049889 53
6 1089760049890 199
6 1089760049891 24
6 1089760049892 13
6 1089760049893 47
6 1089760049894 628
6 1089760049895 59
6 1089760049896 21
6 1089760049897 14
6 1089760049898 20
6 1089760049899 5
6 1089760049900 19
6 1089760049901 1
6 1089760049902 14
6 1089760049903 30
6 1089760049904 43
6 1089760049905 56
6 1089760049906 73
6 1089760049907 53
6 1089760049908 11
6 1089760049909 35
6 1089760049910 5
6 1089760050631 5
6 1089760050632 12
6 1089760050633 50
6 1089760050634 22
6 1089760050635 22
6 1089760050636 50
6 1089760050637 527
6 1089760050638 33
6 1089760050639 23
6 1089760050640 19
6 1089760050641 15
6 1089760050642 41
6 1089760050643 239
6 1089760050644 26
6 1089760050645 132
6 1089760050646 16
6 1089760050647 13
6 1089760050648 16
6 1089760050649 352
6 1089760050650 298
6 1089760050651 18
6 1089760050652 4
6 1089760050653 14
6 1089760050654 2
6 1089760050655 19
6 1089760050656 11
6 1089760050657 128
6 1089760050658 10
6 1089760050659 19
6 1089760050660 7
6 1089760050661 13
6 1089760050662 15
6 1089760050663 59
6 1089760050664 114
6 1089760050665 4
6 1089760050666 56
6 1089760050667 15
6 1089760050668 17
6 1089760050669 29
6 1089760050670 15
6 1089760050671 18
6 1089760050672 9
6 1089760050673 19
6 1089760050674 170
6 1089760050675 21
6 1089760050676 18
6 1089760050677 12
6 1089760050678 141
6 1089760050913 1
6 1089760050914 359
6 1089760050915 207
6 1089760050916 162
6 1089760050917 160
6 1089760050918 30
6 1089760050919 16
6 1089760050920 94
6 1089760050921 14
6 1089760050922 28
6 1089760050923 9
6 1089760050924 213
6 1089760050925 9
6 1089760050926 14
6 1089760050927 15
6 1089760050928 102
6 1089760050929 97
6 1089760050930 17
6 1089760050931 14
6 1089760050932 25
6 1089760050933 18
6 1089760050934 2
6 1089760050935 7
6 1089760050936 22
6 1089760050937 13
6 1089760050938 17
6 1089760050939 8
6 1089760050940 57
6 1089760050941 8
6 1089760050942 22
6 1089760050943 38
6 1089760050944 36
6 1089760050945 37
6 1089760050946 44
6 1089760050947 165
6 1089760050948 26
6 1089760050949 262
6 1089760050950 118
6 1089760050951 398
6 1089760050952 115
6 1089760050953 20
6 1089760050954 68
6 1089760050955 44
6 1089760050956 19
6 1089760050957 236
6 1089760050958 23
6 1089760050959 8
6 1089760050960 166
6 1089760050961 9
6 1089760050962 21
6 1089760051224 4
6 1089760051225 4
6 1089760051254 4
6 1089760051255 4
6 1089760051284 4
6 1089760051285 4
6 1089760051314 4
6 1089760051315 4
6 1089760051344 4
6 1089760051345 4
6 1089760051374 4
6 1089760051375 4
6 1089760051438 4
6 1089760051439 4
6 1089760051446 4
6 1089760051447 4
6 1089760051478 4
6 1089760051479 4
6 1089760051502 4
6 1089760051503 4
6 1089760051532 4
6 1089760051533 4
6 1089760051558 4
6 1089760051559 4
6 1089760051606 4
6 1089760051607 4
6 1089760051616 4
6 1089760051617 4
6 1089760051656 4
6 1089760051657 4
6 1089760051688 4
6 1089760051689 63
6 1089760051700 4
6 1089760051701 4
6 1089760051712 26
6 1089760051713 26
6 1089760051714 16
6 1089760051715 15
6 1089760051716 11
6 1089760051717 23
6 1089760051718 81
6 1089760051719 15
6 1089760051720 16
6 1089760051721 16
6 1089760051722 13
6 1089760051723 213
6 1089760051724 49
6 1089760051725 18
6 1089760051726 14
6 1089760051727 565
6 1089760051728 95
6 1089760051729 39
6 1089760051730 12
6 1089760051731 99
6 1089760051732 26
6 1089760051733 25
6 1089760051734 1484
6 1089760051735 12
6 1089760051736 13
6 1089760051737 146
6 1089760051738 30
6 1089760051739 788
6 1089760051740 25
6 1089760051741 17
6 1089760051742 13
6 1089760051743 18
6 1089760051744 17
6 1089760051745 290
6 1089760051746 106
6 1089760051747 13
6 1089760051748 275
6 1089760051749 7
6 1089760051750 16
6 1089760051751 18
6 1089760051752 28
6 1089760051753 115
6 1089760051754 13
6 1089760051755 19
6 1089760051756 14
6 1089760051757 107
6 1089760051758 17
6 1089760051759 21
6 1089760051760 279
6 1089760051761 302
6 1089760051762 139
6 1089760051763 791
6 1089760051764 28
6 1089760051765 21
6 1089760051766 602
6 1089760051767 160
6 1089760051768 158
6 1089760051769 16
6 1089760051770 138
6 1089760051771 19
6 1089760051772 13
6 1089760051773 16
6 1089760051774 11
6 1089760051775 19
6 1089760051776 22
6 1089760051777 12
6 1089760051778 33
6 1089760051779 34
6 1089760051780 18
6 1089760051781 89
6 1089760051782 110
6 1089760051783 23
6 1089760051784 10
6 1089760051785 67
6 1089760051786 22
6 1089760051787 110
6 1089760051788 21
6 1089760051789 12
6 1089760051790 67
6 1089760051791 14
6 1089760051792 523
6 1089760051793 17
6 1089760051794 32
6 1089760051795 110
6 1089760051796 18
6 1089760051797 19
6 1089760051798 46
6 1089760051799 31
6 1089760051800 21
6 1089760051801 26
6 1089760051802 49
6 1089760051803 17
6 1089760051804 19
6 1089760051805 19
6 1089760051806 20
6 1089760051807 17
6 1089760051808 19
6 1089760051809 35
6 1089760051810 21
6 1089760051811 19
6 1089760051812 19
6 1089760051813 16
6 1089760051814 13
6 1089760051815 21
6 1089760051816 19
6 1089760051817 20
6 1089760051818 21
6 1089760051819 141
6 1089760051820 25
6 1089760051821 138
6 1089760051822 38
6 1089760051823 135
6 1089760051824 15
6 1089760051825 9
6 1089760051826 192
6 1089760051827 13
6 1089760051828 28
6 1089760051829 18
6 1089760051830 20
6 1089760051831 21
6 1089760051832 18
6 1089760051833 69
6 1089760051834 13
6 1089760051835 25
6 1089760051836 946
6 1089760051837 20
6 1089760051838 21
6 1089760051839 27
6 1089760051840 17
6 1089760051841 19
6 1089760051842 21
6 1089760051843 63
6 1089760051844 482
6 1089760051845 17
6 1089760051846 16
6 1089760051847 12
6 1089760051848 16
6 1089760051849 21
6 1089760051850 31
6 1089760051851 21
6 1089760051852 33
6 1089760051853 17
6 1089760051854 13
6 1089760051855 19
6 1089760051856 123
6 1089760051857 18
6 1089760051858 26
6 1089760051859 150
6 1089760051860 24
6 1089760051861 15
6 1089760051862 114
6 1089760051863 25
6 1089760051864 13
6 1089760051865 15
6 1089760051866 91
6 1089760051867 15
6 1089760051868 19
6 1089760051869 20
6 1089760051870 52
6 1089760051871 86
6 1089760051872 139
6 1089760051873 14
6 1089760051874 13
6 1089760051875 38
6 1089760051876 15
6 1089760051877 18
6 1089760051878 22
6 1089760051879 18
6 1089760051880 98
6 1089760051881 23
6 1089760051882 585
6 1089760051883 86
6 1089760051884 325
6 1089760051885 88
6 1089760051886 111
6 1089760051887 17
6 1089760051888 255
6 1089760051889 119
6 1089760051890 19
6 1089760051891 39
6 1089760051892 481
6 1089760051893 607
6 1089760051894 13
6 1089760051895 28
6 1089760051896 31
6 1089760051897 17
6 1089760051898 19
6 1089760051899 15
6 1089760051900 10
6 1089760051901 20
6 1089760051902 15
6 1089760051903 46
6 1089760051904 134
6 1089760051905 72
6 1089760051906 19
6 1089760051907 523
6 1089760051908 108
6 1089760051909 393
6 1089760051910 53
6 1089760051911 19
6 1089760051912 11
6 1089760051913 11
6 1089760051914 1620
6 1089760051915 24
6 1089760051916 12
6 1089760051917 46
6 1089760051918 581
6 1089760051919 60
6 1089760051920 19
6 1089760051921 13
6 1089760051922 141
6 1089760051923 45
6 1089760051924 17
6 1089760051925 250
6 1089760051926 28
6 1089760051927 16
6 1089760051928 18
6 1089760051929 15
6 1089760051930 108
6 1089760051931 13
6 1089760051932 482
6 1089760051933 14
6 1089760051934 12
6 1089760051935 21
6 1089760051936 29
6 1089760051937 22
6 1089760051938 9
6 1089760051939 73
6 1089760051940 14
6 1089760051941 20
6 1089760051942 21
6 1089760051943 295
6 1089760051944 11
6 1089760051945 18
6 1089760051946 25
6 1089760051947 28
6 1089760051948 18
6 1089760051949 153
6 1089760051950 26
6 1089760051951 100
6 1089760051952 43
6 1089760051953 31
6 1089760051954 86
6 1089760051955 18
6 1089760051956 19
6 1089760051957 871
6 1089760051958 88
6 1089760051959 199
6 1089760051960 16
6 1089760051961 389
6 1089760051962 16
6 1089760051963 199
6 1089760051964 21
6 1089760051965 19
6 1089760051966 18
6 1089760051967 20
6 1089760051968 187
6 1089760051969 407
6 1089760051970 19
6 1089760051971 19
6 1089760051972 29
6 1089760051973 20
6 1089760051974 27
6 1089760051975 162
6 1089760051976 25
6 1089760051977 68
6 1089760051978 22
6 1089760051979 18
6 1089760051980 466
6 1089760051981 20
6 1089760051982 341
6 1089760051983 21
6 1089760051984 17
6 1089760051985 16
6 1089760051986 49
6 1089760051987 88
6 1089760051988 13
6 1089760051989 44
6 1089760051990 10
6 1089760051991 18
6 1089760051992 92
6 1089760051993 18
6 1089760051994 20
6 1089760051995 16
6 1089760051996 103
6 1089760051997 25
6 1089760051998 43
6 1089760051999 29
6 1089760052000 25
6 1089760052001 25
6 1089760052002 20
6 1089760052003 16
6 1089760052004 145
6 1089760052005 15
6 1089760052006 12
6 1089760052007 23
6 1089760052008 144
6 1089760052009 26
6 1089760052010 24
6 1089760052011 10
6 1089760052012 14
6 1089760052013 15
6 1089760052014 23
6 1089760052015 15
6 1089760052016 90
6 1089760052017 129
6 1089760052018 1944
6 1089760052019 447
6 1089760052020 22
6 1089760052021 15
6 1089760052022 17
6 1089760052023 18
6 1089760052024 306
6 1089760052025 13
6 1089760052026 157
6 1089760052027 28
6 1089760052028 20
6 1089760052029 12
6 1089760052030 19
6 1089760052031 38
6 1089760052032 29
6 1089760052033 24
6 1089760052034 12
6 1089760052035 697
6 1089760052036 30
6 1089760052037 697
6 1089760052038 155
6 1089760052039 18
6 1089760052040 404
6 1089760052041 178
6 1089760052042 17
6 1089760052043 19
6 1089760052044 14
6 1089760052045 326
6 1089760052046 415
6 1089760052047 20
6 1089760052048 17
6 1089760052049 22
6 1089760052050 25
6 1089760052051 32
6 1089760052052 118
6 1089760052053 195
6 1089760052054 16
6 1089760052055 58
6 1089760052056 49
6 1089760052057 10
6 1089760052058 126
6 1089760052059 19
6 1089760052060 21
6 1089760052061 33
6 1089760052062 47
6 1089760052063 25
6 1089760052064 18
6 1089760052065 20
6 1089760052066 17
6 1089760052067 16
6 1089760052068 551
6 1089760052069 28
6 1089760052070 116
6 1089760052071 195
6 1089760052072 20
6 1089760052073 32
6 1089760052074 17
6 1089760052075 76
6 1089760052076 16
6 1089760052077 144
6 1089760052078 17
6 1089760052079 101
6 1089760052080 23
6 1089760052081 29
6 1089760052082 37
6 1089760052083 14
6 1089760052084 28
6 1089760052085 27
6 1089760052086 264
6 1089760052087 15
6 1089760052088 398
6 1089760052089 25
6 1089760052090 14
6 1089760052091 17
6 1089760052092 21
6 1089760052093 66
6 1089760052094 43
6 1089760052095 40
6 1089760052096 17
6 1089760052097 15
6 1089760052098 15
6 1089760052099 22
6 1089760052100 17
6 1089760052101 8
6 1089760052102 16
6 1089760052103 174
6 1089760052104 22
6 1089760052105 238
6 1089760052106 1211
6 1089760052107 14
6 1089760052108 21
6 1089760052109 22
6 1089760052110 186
6 1089760052111 333
6 1089760052112 132
6 1089760052113 18
6 1089760052114 11
6 1089760052115 20
6 1089760052116 14
6 1089760052117 16
6 1089760052118 19
6 1089760052119 387
6 1089760052120 12
6 1089760052121 23
6 1089760052122 17
6 1089760052123 17
6 1089760052124 18
6 1089760052125 19
6 1089760052126 18
6 1089760052127 132
6 1089760052128 19
6 1089760052129 25
6 1089760052130 17
6 1089760052131 12
6 1089760052132 58
6 1089760052133 17
6 1089760052134 144
6 1089760052135 15
6 1089760052136 20
6 1089760052137 1024
6 1089760052138 18
6 1089760052139 16
6 1089760052140 32
6 1089760052141 8
6 1089760052142 18
6 1089760052143 18
6 1089760052144 19
6 1089760052145 13
6 1089760052146 15
6 1089760052147 23
6 1089760052148 8
6 1089760052149 17
6 1089760052150 701
6 1089760052151 16
6 1089760052152 43
6 1089760052153 44
6 1089760052154 21
6 1089760052155 355
6 1089760052156 15
6 1089760052157 126
6 1089760052158 18
6 1089760052159 313
6 1089760052160 119
6 1089760052161 350
6 1089760052162 162
6 1089760052163 78
6 1089760052164 14
6 1089760052165 22
6 1089760052166 140
6 1089760052167 185
6 1089760052168 25
6 1089760052169 26
6 1089760052170 399
6 1089760052171 174
6 1089760052172 21
6 1089760052173 13
6 1089760052174 36
6 1089760052175 62
6 1089760052176 178
6 1089760052177 138
6 1089760052178 22
6 1089760052179 14
6 1089760052180 32
6 1089760052181 21
6 1089760052182 81
6 1089760052183 40
6 1089760052184 29
6 1089760052185 28
6 1089760052186 25
6 1089760052187 23
6 1089760052188 33
6 1089760052189 217
6 1089760052190 21
6 1089760052191 129
6 1089760052192 467
6 1089760052193 21
6 1089760052194 52
6 1089760052195 16
6 1089760052196 66
6 1089760052197 29
6 1089760052198 13
6 1089760052199 164
6 1089760052200 30
6 1089760052201 111
6 1089760052202 702
6 1089760052203 114
6 1089760052204 27
6 1089760052205 21
6 1089760052206 75
6 1089760052207 61
6 1089760052208 108
6 1089760052209 44
6 1089760052210 23
6 1089760052211 25
6 1089760052212 28
6 1089760052213 20
6 1089760052214 67
6 1089760052215 18
6 1089760052216 31
6 1089760052217 63
6 1089760052218 477
6 1089760052219 154
6 1089760052220 28
6 1089760052221 29
6 1089760052222 82
6 1089760052223 16
6 1089760052320 245
6 1089760052321 24
6 1089760052322 12
6 1089760052323 592
6 1089760052324 83
6 1089760052325 33
6 1089760052326 58
6 1089760052327 46
6 1089760052440 31
6 1089760052441 230
6 1089760052442 21
6 1089760052443 172
6 1089760052444 68
6 1089760052445 113
6 1089760052446 22
6 1089760052447 35
6 1089760052560 330
6 1089760052561 170
6 1089760052562 9
6 1089760052563 21
6 1089760052564 531
6 1089760052565 25
6 1089760052566 105
6 1089760052567 47
6 1089760052680 21
6 1089760052681 578
6 1089760052682 13
6 1089760052683 163
6 1089760052684 16
6 1089760052685 32
6 1089760052686 32
6 1089760052687 14
6 1089760052800 312
6 1089760052801 120
6 1089760052802 22
6 1089760052803 12
6 1089760052804 19
6 1089760052805 28
6 1089760052806 148
6 1089760052807 27
6 1089760052920 1044
6 1089760052921 52
6 1089760052922 112
6 1089760052923 15
6 1089760052924 346
6 1089760052925 287
6 1089760052926 131
6 1089760052927 17
6 1089760053176 27
6 1089760053177 31
6 1089760053178 17
6 1089760053179 26
6 1089760053180 24
6 1089760053181 359
6 1089760053182 187
6 1089760053183 22
6 1089760053208 29
6 1089760053209 18
6 1089760053210 7
6 1089760053211 427
6 1089760053212 29
6 1089760053213 26
6 1089760053214 25
6 1089760053215 163
6 1089760053336 13
6 1089760053337 177
6 1089760053338 11
6 1089760053339 22
6 1089760053340 15
6 1089760053341 21
6 1089760053342 25
6 1089760053343 24
6 1089760053432 14
6 1089760053433 20
6 1089760053434 30
6 1089760053435 20
6 1089760053436 33
6 1089760053437 33
6 1089760053438 403
6 1089760053439 20
6 1089760053552 22
6 1089760053553 18
6 1089760053554 16
6 1089760053555 24
6 1089760053556 20
6 1089760053557 43
6 1089760053558 12
6 1089760053559 174
6 1089760053656 21
6 1089760053657 17
6 1089760053658 18
6 1089760053659 24
6 1089760053660 20
6 1089760053661 22
6 1089760053662 23
6 1089760053663 15
6 1089760053848 34
6 1089760053849 35
6 1089760053850 166
6 1089760053851 154
6 1089760053852 33
6 1089760053853 93
6 1089760053854 223
6 1089760053855 895
6 1089760053888 252
6 1089760053889 581
6 1089760053890 265
6 1089760053891 402
6 1089760053892 26
6 1089760053893 31
6 1089760053894 507
6 1089760053895 65
6 1089760054048 101
6 1089760054049 151
6 1089760054050 924
6 1089760054051 44
6 1089760054052 29
6 1089760054053 36
6 1089760054054 279
6 1089760054055 37
6 1089760054176 141
6 1089760054177 347
6 1089760054178 32
6 1089760054179 25
6 1089760054180 27
6 1089760054181 26
6 1089760054182 200
6 1089760054183 27
6 1089760054224 158
6 1089760054225 281
6 1089760054226 123
6 1089760054227 30
6 1089760054228 250
6 1089760054229 645
6 1089760054230 91
6 1089760054231 247
7 1089760034864 16
7 1089760034865 20
7 1089760034866 46
7 1089760034867 381
7 1089760034868 18
7 1089760034869 24
7 1089760034870 28
7 1089760034871 20
7 1089760034872 30
7 1089760034873 77
7 1089760034874 175
7 1089760034875 77
7 1089760034876 63
7 1089760034877 174
7 1089760034878 139
7 1089760034879 87
7 1089760035104 16
7 1089760035105 34
7 1089760035106 41
7 1089760035107 18
7 1089760035108 42
7 1089760035109 22
7 1089760035110 18
7 1089760035111 24
7 1089760035112 149
7 1089760035113 28
7 1089760035114 375
7 1089760035115 30
7 1089760035116 26
7 1089760035117 16
7 1089760035118 32
7 1089760035119 215
7 1089760035344 31
7 1089760035345 26
7 1089760035346 122
7 1089760035347 22
7 1089760035348 28
7 1089760035349 50
7 1089760035350 36
7 1089760035351 16
7 1089760035352 479
7 1089760035353 29
7 1089760035354 238
7 1089760035355 57
7 1089760035356 707
7 1089760035357 22
7 1089760035358 55
7 1089760035359 45
7 1089760035584 22
7 1089760035585 14
7 1089760035586 41
7 1089760035587 40
7 1089760035588 29
7 1089760035589 28
7 1089760035590 41
7 1089760035591 308
7 1089760035592 28
7 1089760035593 22
7 1089760035594 129
7 1089760035595 124
7 1089760035596 30
7 1089760035597 789
7 1089760035598 20
7 1089760035599 154
7 1089760035824 16
7 1089760035825 36
7 1089760035826 14
7 1089760035827 22
7 1089760035828 24
7 1089760035829 20
7 1089760035830 34
7 1089760035831 26
7 1089760035832 28
7 1089760035833 209
7 1089760035834 28
7 1089760035835 234
7 1089760035836 22
7 1089760035837 32
7 1089760035838 34
7 1089760035839 253
7 1089760036064 108
7 1089760036065 36
7 1089760036066 28
7 1089760036067 266
7 1089760036068 33
7 1089760036069 46
7 1089760036070 16
7 1089760036071 256
7 1089760036072 36
7 1089760036073 24
7 1089760036074 25
7 1089760036075 154
7 1089760036076 177
7 1089760036077 30
7 1089760036078 30
7 1089760036079 26
7 1089760036432 26
7 1089760036433 36
7 1089760036434 32
7 1089760036435 26
7 1089760036436 26
7 1089760036437 30
7 1089760036438 20
7 1089760036439 19
7 1089760036440 25
7 1089760036441 220
7 1089760036442 14
7 1089760036443 158
7 1089760036444 8
7 1089760036445 152
7 1089760036446 27
7 1089760036447 600
7 1089760036784 28
7 1089760036785 24
7 1089760036786 31
7 1089760036787 2037
7 1089760036788 493
7 1089760036789 117
7 1089760036790 296
7 1089760036791 43
7 1089760036792 101
7 1089760036793 16
7 1089760036794 97
7 1089760036795 20
7 1089760036796 22
7 1089760036797 103
7 1089760036798 14
7 1089760036799 18
7 1089760037040 30
7 1089760037041 171
7 1089760037042 197
7 1089760037043 30
7 1089760037044 388
7 1089760037045 40
7 1089760037046 32
7 1089760037047 44
7 1089760037048 148
7 1089760037049 28
7 1089760037050 150
7 1089760037051 333
7 1089760037052 30
7 1089760037053 130
7 1089760037054 35
7 1089760037055 31
7 1089760037072 16
7 1089760037073 14
7 1089760037074 306
7 1089760037075 24
7 1089760037076 24
7 1089760037077 80
7 1089760037078 73
7 1089760037079 26
7 1089760037080 284
7 1089760037081 160
7 1089760037082 24
7 1089760037083 32
7 1089760037084 236
7 1089760037085 434
7 1089760037086 20
7 1089760037087 28
7 1089760037520 24
7 1089760037521 24
7 1089760037522 42
7 1089760037523 177
7 1089760037524 53
7 1089760037525 16
7 1089760037526 388
7 1089760037527 149
7 1089760037528 402
7 1089760037529 241
7 1089760037530 287
7 1089760037531 18
7 1089760037532 30
7 1089760037533 30
7 1089760037534 311
7 1089760037535 28
7 1089760037600 24
7 1089760037601 30
7 1089760037602 712
7 1089760037603 16
7 1089760037604 500
7 1089760037605 24
7 1089760037606 213
7 1089760037607 1329
7 1089760037608 123
7 1089760037609 363
7 1089760037610 41
7 1089760037611 684
7 1089760037612 91
7 1089760037613 169
7 1089760037614 441
7 1089760037615 22
7 1089760037840 1377
7 1089760037841 23
7 1089760037842 6
7 1089760037843 10
7 1089760037844 2
7 1089760037845 81
7 1089760037846 16
7 1089760037847 14
7 1089760037848 30
7 1089760037849 559
7 1089760037850 6
7 1089760037851 8
7 1089760037852 4
7 1089760037853 329
7 1089760037854 6
7 1089760037855 10
7 1089760038128 4
7 1089760038129 10
7 1089760038130 4
7 1089760038131 12
7 1089760038132 129
7 1089760038133 18
7 1089760038134 199
7 1089760038135 12
7 1089760038136 6
7 1089760038137 14
7 1089760038138 14
7 1089760038139 8
7 1089760038140 16
7 1089760038141 189
7 1089760038142 6
7 1089760038143 4
7 1089760038544 20
7 1089760038545 8
7 1089760038546 12
7 1089760038547 499
7 1089760038548 8
7 1089760038549 16
7 1089760038550 2
7 1089760038551 6
7 1089760038552 54
7 1089760038553 340
7 1089760038554 12
7 1089760038555 8
7 1089760038556 4
7 1089760038557 14
7 1089760038558 72
7 1089760038559 12
7 1089760038688 139
7 1089760038689 10
7 1089760038690 14
7 1089760038691 12
7 1089760038692 8
7 1089760038693 8
7 1089760038694 12
7 1089760038695 141
7 1089760038696 2
7 1089760038697 8
7 1089760038698 12
7 1089760038699 8
7 1089760038700 6
7 1089760038701 152
7 1089760038702 24
7 1089760038703 4
7 1089760039052 6
7 1089760039053 7
7 1089760039054 30
7 1089760039055 4
7 1089760039056 97
7 1089760039057 137
7 1089760039058 70
7 1089760039059 15
7 1089760039060 323
7 1089760039061 415
7 1089760039062 31
7 1089760039063 37
7 1089760039064 126
7 1089760039065 25
7 1089760039066 119
7 1089760039067 25
7 1089760039068 113
7 1089760039069 10
7 1089760039070 15
7 1089760039071 14
7 1089760039072 13
7 1089760039073 61
7 1089760039074 82
7 1089760039075 587
7 1089760039076 407
7 1089760039077 141
7 1089760039078 137
7 1089760039079 22
7 1089760039080 315
7 1089760039081 22
7 1089760039082 15
7 1089760039083 11
7 1089760039084 112
7 1089760039085 162
7 1089760039086 151
7 1089760039087 424
7 1089760039088 22
7 1089760039089 36
7 1089760039090 69
7 1089760039091 338
7 1089760039092 281
7 1089760039093 65
7 1089760039094 187
7 1089760039095 120
7 1089760039096 25
7 1089760039097 15
7 1089760039098 156
7 1089760039099 141
7 1089760039100 147
7 1089760039101 513
7 1089760039102 10
7 1089760039776 19
7 1089760039777 162
7 1089760039778 194
7 1089760039779 107
7 1089760039780 51
7 1089760039781 111
7 1089760039782 10
7 1089760039783 16
7 1089760039784 115
7 1089760039785 16
7 1089760039786 33
7 1089760039787 73
7 1089760039788 13
7 1089760039789 19
7 1089760039790 165
7 1089760039791 165
7 1089760039792 12
7 1089760039793 91
7 1089760039794 450
7 1089760039795 15
7 1089760039796 44
7 1089760039797 153
7 1089760039798 139
7 1089760039799 179
7 1089760039800 11
7 1089760039801 19
7 1089760039802 20
7 1089760039803 35
7 1089760039804 27
7 1089760039805 10
7 1089760039806 44
7 1089760039807 33
7 1089760039808 77
7 1089760039809 19
7 1089760039810 99
7 1089760039811 5
7 1089760039812 146
7 1089760039813 54
7 1089760039814 82
7 1089760039815 12
7 1089760039816 20
7 1089760039817 9
7 1089760039818 24
7 1089760039819 58
7 1089760039820 11
7 1089760039821 16
7 1089760039822 13
7 1089760040489 9
7 1089760040490 33
7 1089760040491 26
7 1089760040492 301
7 1089760040493 21
7 1089760040494 91
7 1089760040495 17
7 1089760040496 545
7 1089760040497 9
7 1089760040498 23
7 1089760040499 20
7 1089760040500 605
7 1089760040501 44
7 1089760040502 18
7 1089760040503 14
7 1089760040504 83
7 1089760040505 516
7 1089760040506 228
7 1089760040507 77
7 1089760040508 19
7 1089760040509 80
7 1089760040510 14
7 1089760040511 23
7 1089760040512 9
7 1089760040513 31
7 1089760040514 17
7 1089760040515 328
7 1089760040516 10
7 1089760040517 37
7 1089760040518 107
7 1089760040519 508
7 1089760040520 155
7 1089760040521 33
7 1089760040522 7
7 1089760040523 128
7 1089760040524 11
7 1089760040525 370
7 1089760040526 17
7 1089760040527 76
7 1089760040528 465
7 1089760040529 17
7 1089760040530 29
7 1089760040531 135
7 1089760040532 268
7 1089760040533 24
7 1089760040534 212
7 1089760040535 11
7 1089760041199 8
7 1089760041200 148
7 1089760041201 22
7 1089760041202 161
7 1089760041203 14
7 1089760041204 12
7 1089760041205 99
7 1089760041206 56
7 1089760041207 132
7 1089760041208 82
7 1089760041209 20
7 1089760041210 12
7 1089760041211 151
7 1089760041212 191
7 1089760041213 356
7 1089760041214 135
7 1089760041215 593
7 1089760041216 21
7 1089760041217 57
7 1089760041218 160
7 1089760041219 94
7 1089760041220 4
7 1089760041221 34
7 1089760041222 21
7 1089760041223 64
7 1089760041224 114
7 1089760041225 9
7 1089760041226 285
7 1089760041227 31
7 1089760041228 52
7 1089760041229 179
7 1089760041230 392
7 1089760041231 74
7 1089760041232 24
7 1089760041233 26
7 1089760041234 22
7 1089760041235 78
7 1089760041236 29
7 1089760041237 35
7 1089760041238 54
7 1089760041239 15
7 1089760041240 12
7 1089760041241 24
7 1089760041242 4
7 1089760041243 76
7 1089760041244 143
7 1089760041245 758
7 1089760041246 15
7 1089760041927 3
7 1089760041928 220
7 1089760041929 20
7 1089760041930 19
7 1089760041931 425
7 1089760041932 30
7 1089760041933 42
7 1089760041934 635
7 1089760041935 33
7 1089760041936 76
7 1089760041937 14
7 1089760041938 24
7 1089760041939 91
7 1089760041940 20
7 1089760041941 14
7 1089760041942 25
7 1089760041943 225
7 1089760041944 88
7 1089760041945 25
7 1089760041946 176
7 1089760041947 33
7 1089760041948 37
7 1089760041949 158
7 1089760041950 25
7 1089760041951 17
7 1089760041952 25
7 1089760041953 26
7 1089760041954 22
7 1089760041955 326
7 1089760041956 23
7 1089760041957 12
7 1089760041958 141
7 1089760041959 14
7 1089760041960 21
7 1089760041961 66
7 1089760041962 140
7 1089760041963 18
7 1089760041964 48
7 1089760041965 25
7 1089760041966 30
7 1089760041967 18
7 1089760041968 196
7 1089760041969 18
7 1089760041970 24
7 1089760041971 25
7 1089760041972 332
7 1089760041973 165
7 1089760041974 8
7 1089760042656 1
7 1089760042657 319
7 1089760042658 7
7 1089760042659 24
7 1089760042660 25
7 1089760042661 9
7 1089760042662 18
7 1089760042663 161
7 1089760042664 371
7 1089760042665 126
7 1089760042666 12
7 1089760042667 30
7 1089760042668 185
7 1089760042669 242
7 1089760042670 20
7 1089760042671 784
7 1089760042672 38
7 1089760042673 91
7 1089760042674 223
7 1089760042675 33
7 1089760042676 103
7 1089760042677 9
7 1089760042678 39
7 1089760042679 140
7 1089760042680 19
7 1089760042681 5
7 1089760042682 64
7 1089760042683 22
7 1089760042684 150
7 1089760042685 772
7 1089760042686 8
7 1089760042687 37
7 1089760042688 346
7 1089760042689 596
7 1089760042690 162
7 1089760042691 108
7 1089760042692 470
7 1089760042693 24
7 1089760042694 29
7 1089760042695 13
7 1089760042696 86
7 1089760042697 11
7 1089760042698 143
7 1089760042699 65
7 1089760042700 195
7 1089760042701 38
7 1089760042702 27
7 1089760042703 13
7 1089760043753 23
7 1089760043754 193
7 1089760043756 28
7 1089760043757 25
7 1089760043758 28
7 1089760043759 21
7 1089760043760 15
7 1089760043761 13
7 1089760043762 16
7 1089760043763 20
7 1089760043764 229
7 1089760043765 815
7 1089760043766 18
7 1089760043767 21
7 1089760043768 12
7 1089760043769 40
7 1089760043770 219
7 1089760043771 457
7 1089760043772 20
7 1089760043773 22
7 1089760043774 250
7 1089760043775 12
7 1089760043776 19
7 1089760043777 14
7 1089760043778 16
7 1089760043779 146
7 1089760043780 20
7 1089760043781 21
7 1089760043782 148
7 1089760043783 9
7 1089760043784 53
7 1089760043785 20
7 1089760043786 20
7 1089760043787 8
7 1089760043788 16
7 1089760043789 149
7 1089760043790 24
7 1089760043791 22
7 1089760043792 22
7 1089760043793 9
7 1089760043794 17
7 1089760043795 27
7 1089760043796 24
7 1089760043797 25
7 1089760043798 151
7 1089760043799 3
7 1089760043800 22
7 1089760043801 17
7 1089760043802 75
7 1089760044817 4
7 1089760044818 22
7 1089760044819 11
7 1089760044820 951
7 1089760044821 42
7 1089760044822 20
7 1089760044823 16
7 1089760044824 25
7 1089760044825 23
7 1089760044826 263
7 1089760044827 25
7 1089760044828 178
7 1089760044829 180
7 1089760044830 16
7 1089760044831 208
7 1089760044832 91
7 1089760044833 154
7 1089760044834 26
7 1089760044835 577
7 1089760044836 68
7 1089760044837 11
7 1089760044838 20
7 1089760044839 24
7 1089760044840 191
7 1089760044841 395
7 1089760044842 182
7 1089760044843 23
7 1089760044844 16
7 1089760044845 23
7 1089760044846 10
7 1089760044847 257
7 1089760044848 53
7 1089760044849 23
7 1089760044850 17
7 1089760044851 16
7 1089760044852 11
7 1089760044853 49
7 1089760044854 381
7 1089760044855 560
7 1089760044856 68
7 1089760044857 95
7 1089760044858 21
7 1089760044859 37
7 1089760044860 82
7 1089760044861 145
7 1089760044862 160
7 1089760044863 8
7 1089760044864 8
7 1089760044865 20
7 1089760044866 31
7 1089760045588 12
7 1089760045589 137
7 1089760045590 153
7 1089760045591 22
7 1089760045592 25
7 1089760045593 26
7 1089760045594 17
7 1089760045595 20
7 1089760045596 25
7 1089760045597 34
7 1089760045598 25
7 1089760045599 237
7 1089760045600 10
7 1089760045601 20
7 1089760045602 87
7 1089760045603 21
7 1089760045604 29
7 1089760045605 48
7 1089760045606 26
7 1089760045607 557
7 1089760045608 160
7 1089760045609 19
7 1089760045610 14
7 1089760045611 29
7 1089760045612 19
7 1089760045613 22
7 1089760045614 18
7 1089760045615 24
7 1089760045616 737
7 1089760045617 24
7 1089760045618 292
7 1089760045619 18
7 1089760045620 395
7 1089760045621 38
7 1089760045622 23
7 1089760045623 26
7 1089760045624 54
7 1089760045625 13
7 1089760045626 312
7 1089760045627 12
7 1089760045628 183
7 1089760045629 14
7 1089760045630 323
7 1089760045631 111
7 1089760045632 17
7 1089760045633 47
7 1089760045634 190
7 1089760045683 18
7 1089760045684 11
7 1089760045685 169
7 1089760045686 18
7 1089760045687 158
7 1089760045688 337
7 1089760045689 31
7 1089760045690 7
7 1089760045691 190
7 1089760045692 34
7 1089760045693 31
7 1089760045694 17
7 1089760045695 3
7 1089760045696 546
7 1089760045697 7
7 1089760045698 46
7 1089760045699 221
7 1089760045700 189
7 1089760045701 484
7 1089760045702 10
7 1089760045703 528
7 1089760045704 157
7 1089760045705 16
7 1089760045706 22
7 1089760045707 13
7 1089760045708 176
7 1089760045710 22
7 1089760045711 3
7 1089760045712 54
7 1089760045713 545
7 1089760045714 9
7 1089760045715 139
7 1089760045716 187
7 1089760045717 10
7 1089760045718 316
7 1089760045719 51
7 1089760045720 8
7 1089760045721 18
7 1089760045722 140
7 1089760045723 298
7 1089760045724 42
7 1089760045725 12
7 1089760045726 25
7 1089760045727 14
7 1089760045728 81
7 1089760045729 72
7 1089760045730 8
7 1089760047032 41
7 1089760047033 30
7 1089760047034 32
7 1089760047035 28
7 1089760047036 114
7 1089760047037 35
7 1089760047038 26
7 1089760047039 66
7 1089760047040 128
7 1089760047041 137
7 1089760047042 18
7 1089760047043 19
7 1089760047044 28
7 1089760047045 115
7 1089760047046 18
7 1089760047047 427
7 1089760047048 8
7 1089760047049 40
7 1089760047050 5
7 1089760047051 33
7 1089760047052 23
7 1089760047053 642
7 1089760047054 79
7 1089760047055 68
7 1089760047056 17
7 1089760047057 23
7 1089760047058 18
7 1089760047059 20
7 1089760047060 82
7 1089760047061 240
7 1089760047062 18
7 1089760047063 17
7 1089760047064 181
7 1089760047065 30
7 1089760047066 80
7 1089760047067 1941
7 1089760047068 51
7 1089760047069 173
7 1089760047070 20
7 1089760047071 24
7 1089760047072 63
7 1089760047073 23
7 1089760047074 17
7 1089760047075 455
7 1089760047076 17
7 1089760047077 211
7 1089760047078 5
7 1089760047079 221
7 1089760047271 13
7 1089760047272 89
7 1089760047273 12
7 1089760047274 54
7 1089760047275 70
7 1089760047276 89
7 1089760047277 106
7 1089760047278 119
7 1089760047279 116
7 1089760047280 35
7 1089760047281 146
7 1089760047282 117
7 1089760047283 28
7 1089760047284 20
7 1089760047285 17
7 1089760047286 27
7 1089760047287 28
7 1089760047288 9
7 1089760047289 8
7 1089760047290 126
7 1089760047291 20
7 1089760047292 167
7 1089760047293 384
7 1089760047294 76
7 1089760047295 126
7 1089760047296 113
7 1089760047297 56
7 1089760047298 27
7 1089760047299 395
7 1089760047300 14
7 1089760047301 41
7 1089760047302 556
7 1089760047303 25
7 1089760047304 21
7 1089760047305 163
7 1089760047306 16
7 1089760047307 166
7 1089760047308 107
7 1089760047309 21
7 1089760047310 570
7 1089760047311 17
7 1089760047312 950
7 1089760047313 74
7 1089760047314 201
7 1089760047315 566
7 1089760047316 34
7 1089760047317 186
7 1089760047318 16
7 1089760047319 587
7 1089760047994 9
7 1089760047995 109
7 1089760047996 6
7 1089760047998 3
7 1089760048001 2
7 1089760048002 5
7 1089760048003 5
7 1089760048004 2022
7 1089760048005 9
7 1089760048007 206
7 1089760048008 20
7 1089760048010 35
7 1089760048011 847
7 1089760048012 103
7 1089760048013 5
7 1089760048014 17
7 1089760048015 10
7 1089760048017 12
7 1089760048018 13
7 1089760048019 7
7 1089760048020 25
7 1089760048021 4
7 1089760048022 13
7 1089760048023 9
7 1089760048025 68
7 1089760048027 5
7 1089760048028 8
7 1089760048030 4
7 1089760048031 6
7 1089760048033 12
7 1089760048034 97
7 1089760048035 21
7 1089760048036 4
7 1089760048037 3
7 1089760048038 448
7 1089760048040 193
7 1089760048041 8
7 1089760048849 314
7 1089760048850 4
7 1089760048851 230
7 1089760048852 7
7 1089760048853 57
7 1089760048856 3
7 1089760048857 7
7 1089760048858 11
7 1089760048859 7
7 1089760048860 4
7 1089760048862 105
7 1089760048863 97
7 1089760048864 153
7 1089760048865 2
7 1089760048866 14
7 1089760048867 3
7 1089760048868 188
7 1089760048869 10
7 1089760048870 16
7 1089760048871 5
7 1089760048873 16
7 1089760048874 9
7 1089760048875 5
7 1089760048876 4
7 1089760048877 14
7 1089760048878 14
7 1089760048879 3
7 1089760048880 347
7 1089760048881 7
7 1089760048883 64
7 1089760048884 26
7 1089760048885 13
7 1089760048886 11
7 1089760048887 250
7 1089760048888 203
7 1089760048890 5
7 1089760048892 113
7 1089760048895 3
7 1089760050100 11
7 1089760050101 11
7 1089760050102 20
7 1089760050103 11
7 1089760050104 6
7 1089760050105 10
7 1089760050106 8
7 1089760050107 5
7 1089760050108 9
7 1089760050109 8
7 1089760050110 10
7 1089760050111 5
7 1089760050112 3
7 1089760050113 8
7 1089760050115 9
7 1089760050117 15
7 1089760050118 7
7 1089760050120 83
7 1089760050121 2
7 1089760050122 7
7 1089760050123 4
7 1089760050124 9
7 1089760050125 2
7 1089760050126 22
7 1089760050127 19
7 1089760050128 125
7 1089760050129 8
7 1089760050130 10
7 1089760050131 11
7 1089760050132 23
7 1089760050134 98
7 1089760050135 86
7 1089760050137 14
7 1089760050138 73
7 1089760050139 8
7 1089760050140 7
7 1089760050141 26
7 1089760050142 9
7 1089760050143 8
7 1089760050144 11
7 1089760050145 5
7 1089760050146 5
7 1089760050147 5
7 1089760050148 6
7 1089760050534 4
7 1089760050535 7
7 1089760050536 20
7 1089760050537 1
7 1089760050538 13
7 1089760050539 8
7 1089760050540 17
7 1089760050541 8
7 1089760050542 8
7 1089760050544 11
7 1089760050545 3
7 1089760050546 3
7 1089760050548 5
7 1089760050549 5
7 1089760050551 5
7 1089760050552 185
7 1089760050553 3
7 1089760050554 16
7 1089760050555 7
7 1089760050556 21
7 1089760050558 5
7 1089760050559 4
7 1089760050561 7
7 1089760050562 10
7 1089760050564 38
7 1089760050565 3
7 1089760050566 8
7 1089760050567 14
7 1089760050568 15
7 1089760050571 14
7 1089760050572 12
7 1089760050573 30
7 1089760050574 1
7 1089760050575 7
7 1089760050576 22
7 1089760050577 11
7 1089760050578 173
7 1089760050581 7
7 1089760051206 4
7 1089760051207 4
7 1089760051236 4
7 1089760051237 4
7 1089760051266 4
7 1089760051267 4
7 1089760051296 4
7 1089760051297 4
7 1089760051326 4
7 1089760051327 4
7 1089760051356 4
7 1089760051357 4
7 1089760051402 4
7 1089760051403 4
7 1089760051446 4
7 1089760051447 4
7 1089760051478 4
7 1089760051479 4
7 1089760051482 4
7 1089760051483 4
7 1089760051538 4
7 1089760051539 4
7 1089760051548 100
7 1089760051549 4
7 1089760051578 4
7 1089760051579 31
7 1089760051614 4
7 1089760051615 4
7 1089760051666 71
7 1089760051667 4
7 1089760051684 5
7 1089760051685 20
7 1089760051712 19
7 1089760051713 260
7 1089760051714 188
7 1089760051715 35
7 1089760051716 46
7 1089760051717 187
7 1089760051718 516
7 1089760051719 27
7 1089760051720 235
7 1089760051721 42
7 1089760051722 642
7 1089760051723 23
7 1089760051724 731
7 1089760051725 181
7 1089760051726 70
7 1089760051727 210
7 1089760051728 132
7 1089760051729 76
7 1089760051730 29
7 1089760051731 18
7 1089760051732 276
7 1089760051733 24
7 1089760051734 267
7 1089760051735 123
7 1089760051736 173
7 1089760051737 136
7 1089760051738 36
7 1089760051739 480
7 1089760051740 21
7 1089760051741 194
7 1089760051742 25
7 1089760051743 33
7 1089760051744 165
7 1089760051745 386
7 1089760051746 338
7 1089760051747 57
7 1089760051748 510
7 1089760051749 107
7 1089760051750 25
7 1089760051751 205
7 1089760051752 36
7 1089760051753 10
7 1089760051754 37
7 1089760051755 28
7 1089760051756 280
7 1089760051757 27
7 1089760051758 149
7 1089760051759 31
7 1089760051760 31
7 1089760051761 237
7 1089760051762 238
7 1089760051763 190
7 1089760051764 54
7 1089760051765 27
7 1089760051766 20
7 1089760051767 212
7 1089760051768 315
7 1089760051769 23
7 1089760051770 98
7 1089760051771 447
7 1089760051772 723
7 1089760051773 179
7 1089760051774 313
7 1089760051775 189
7 1089760051776 260
7 1089760051777 25
7 1089760051778 156
7 1089760051779 346
7 1089760051780 85
7 1089760051781 19
7 1089760051782 207
7 1089760051783 55
7 1089760051784 394
7 1089760051785 40
7 1089760051786 153
7 1089760051787 29
7 1089760051788 28
7 1089760051789 18
7 1089760051790 23
7 1089760051791 21
7 1089760051792 54
7 1089760051793 26
7 1089760051794 30
7 1089760051795 526
7 1089760051796 74
7 1089760051797 18
7 1089760051798 22
7 1089760051799 46
7 1089760051800 36
7 1089760051801 309
7 1089760051802 31
7 1089760051803 30
7 1089760051804 151
7 1089760051805 305
7 1089760051806 153
7 1089760051807 23
7 1089760051808 324
7 1089760051809 170
7 1089760051810 328
7 1089760051811 105
7 1089760051812 521
7 1089760051813 293
7 1089760051814 367
7 1089760051815 395
7 1089760051816 1083
7 1089760051817 300
7 1089760051818 23
7 1089760051819 86
7 1089760051820 30
7 1089760051821 21
7 1089760051822 37
7 1089760051823 45
7 1089760051824 77
7 1089760051825 84
7 1089760051826 25
7 1089760051827 25
7 1089760051828 691
7 1089760051829 20
7 1089760051830 285
7 1089760051831 249
7 1089760051832 18
7 1089760051833 40
7 1089760051834 48
7 1089760051835 19
7 1089760051836 25
7 1089760051837 479
7 1089760051838 124
7 1089760051839 64
7 1089760051840 64
7 1089760051841 627
7 1089760051842 1666
7 1089760051843 67
7 1089760051844 21
7 1089760051845 23
7 1089760051846 49
7 1089760051847 141
7 1089760051848 47
7 1089760051849 401
7 1089760051850 35
7 1089760051851 157
7 1089760051852 205
7 1089760051853 65
7 1089760051854 52
7 1089760051855 206
7 1089760051856 440
7 1089760051857 21
7 1089760051858 35
7 1089760051859 48
7 1089760051860 293
7 1089760051861 26
7 1089760051862 40
7 1089760051863 26
7 1089760051864 81
7 1089760051865 162
7 1089760051866 24
7 1089760051867 185
7 1089760051868 39
7 1089760051869 372
7 1089760051870 197
7 1089760051871 27
7 1089760051872 55
7 1089760051873 203
7 1089760051874 195
7 1089760051875 163
7 1089760051876 140
7 1089760051877 31
7 1089760051878 25
7 1089760051879 236
7 1089760051880 44
7 1089760051881 29
7 1089760051882 44
7 1089760051883 28
7 1089760051884 31
7 1089760051885 160
7 1089760051886 28
7 1089760051887 24
7 1089760051888 68
7 1089760051889 29
7 1089760051890 36
7 1089760051891 129
7 1089760051892 177
7 1089760051893 343
7 1089760051894 24
7 1089760051895 265
7 1089760051896 183
7 1089760051897 43
7 1089760051898 219
7 1089760051899 231
7 1089760051900 203
7 1089760051901 99
7 1089760051902 159
7 1089760051903 630
7 1089760051904 839
7 1089760051905 24
7 1089760051906 182
7 1089760051907 29
7 1089760051908 245
7 1089760051909 24
7 1089760051910 27
7 1089760051911 354
7 1089760051912 276
7 1089760051913 158
7 1089760051914 212
7 1089760051915 29
7 1089760051916 41
7 1089760051917 28
7 1089760051918 238
7 1089760051919 250
7 1089760051920 22
7 1089760051921 448
7 1089760051922 502
7 1089760051923 387
7 1089760051924 18
7 1089760051925 23
7 1089760051926 99
7 1089760051927 36
7 1089760051928 784
7 1089760051929 364
7 1089760051930 46
7 1089760051931 170
7 1089760051932 20
7 1089760051933 229
7 1089760051934 19
7 1089760051935 224
7 1089760051936 420
7 1089760051937 23
7 1089760051938 49
7 1089760051939 28
7 1089760051940 27
7 1089760051941 35
7 1089760051942 322
7 1089760051943 593
7 1089760051944 33
7 1089760051945 39
7 1089760051946 149
7 1089760051947 98
7 1089760051948 33
7 1089760051949 114
7 1089760051950 33
7 1089760051951 557
7 1089760051952 206
7 1089760051953 206
7 1089760051954 308
7 1089760051955 248
7 1089760051956 44
7 1089760051957 22
7 1089760051958 27
7 1089760051959 637
7 1089760051960 270
7 1089760051961 328
7 1089760051962 163
7 1089760051963 245
7 1089760051964 16
7 1089760051965 43
7 1089760051966 25
7 1089760051967 736
7 1089760051968 33
7 1089760051969 37
7 1089760051970 29
7 1089760051971 21
7 1089760051972 27
7 1089760051973 35
7 1089760051974 168
7 1089760051975 82
7 1089760051976 148
7 1089760051977 240
7 1089760051978 377
7 1089760051979 28
7 1089760051980 38
7 1089760051981 51
7 1089760051982 363
7 1089760051983 24
7 1089760051984 24
7 1089760051985 39
7 1089760051986 20
7 1089760051987 171
7 1089760051988 296
7 1089760051989 277
7 1089760051990 21
7 1089760051991 607
7 1089760051992 448
7 1089760051993 162
7 1089760051994 43
7 1089760051995 204
7 1089760051996 502
7 1089760051997 22
7 1089760051998 29
7 1089760051999 66
7 1089760052000 44
7 1089760052001 31
7 1089760052002 29
7 1089760052003 43
7 1089760052004 49
7 1089760052005 75
7 1089760052006 18
7 1089760052007 111
7 1089760052008 29
7 1089760052009 82
7 1089760052010 34
7 1089760052011 39
7 1089760052012 202
7 1089760052013 126
7 1089760052014 156
7 1089760052015 25
7 1089760052016 26
7 1089760052017 41
7 1089760052018 27
7 1089760052019 72
7 1089760052020 18
7 1089760052021 32
7 1089760052022 355
7 1089760052023 32
7 1089760052024 28
7 1089760052025 108
7 1089760052026 82
7 1089760052027 135
7 1089760052028 111
7 1089760052029 272
7 1089760052030 37
7 1089760052031 90
7 1089760052032 36
7 1089760052033 273
7 1089760052034 30
7 1089760052035 25
7 1089760052036 89
7 1089760052037 576
7 1089760052038 22
7 1089760052039 169
7 1089760052040 163
7 1089760052041 27
7 1089760052042 191
7 1089760052043 23
7 1089760052044 267
7 1089760052045 80
7 1089760052046 482
7 1089760052047 171
7 1089760052048 61
7 1089760052049 47
7 1089760052050 77
7 1089760052051 36
7 1089760052052 456
7 1089760052053 219
7 1089760052054 127
7 1089760052055 139
7 1089760052056 154
7 1089760052057 17
7 1089760052058 25
7 1089760052059 29
7 1089760052060 172
7 1089760052061 514
7 1089760052062 167
7 1089760052063 30
7 1089760052064 193
7 1089760052065 68
7 1089760052066 26
7 1089760052067 108
7 1089760052068 22
7 1089760052069 33
7 1089760052070 84
7 1089760052071 23
7 1089760052072 283
7 1089760052073 104
7 1089760052074 180
7 1089760052075 24
7 1089760052076 147
7 1089760052077 31
7 1089760052078 33
7 1089760052079 33
7 1089760052080 401
7 1089760052081 21
7 1089760052082 33
7 1089760052083 57
7 1089760052084 275
7 1089760052085 610
7 1089760052086 212
7 1089760052087 29
7 1089760052088 128
7 1089760052089 423
7 1089760052090 585
7 1089760052091 579
7 1089760052092 67
7 1089760052093 26
7 1089760052094 31
7 1089760052095 54
7 1089760052096 22
7 1089760052097 68
7 1089760052098 139
7 1089760052099 110
7 1089760052100 55
7 1089760052101 328
7 1089760052102 114
7 1089760052103 111
7 1089760052104 505
7 1089760052105 22
7 1089760052106 213
7 1089760052107 366
7 1089760052108 184
7 1089760052109 101
7 1089760052110 336
7 1089760052111 29
7 1089760052112 89
7 1089760052113 33
7 1089760052114 768
7 1089760052115 20
7 1089760052116 33
7 1089760052117 15
7 1089760052118 96
7 1089760052119 142
7 1089760052120 31
7 1089760052121 117
7 1089760052122 22
7 1089760052123 197
7 1089760052124 148
7 1089760052125 140
7 1089760052126 28
7 1089760052127 24
7 1089760052128 27
7 1089760052129 49
7 1089760052130 152
7 1089760052131 17
7 1089760052132 55
7 1089760052133 23
7 1089760052134 59
7 1089760052135 28
7 1089760052136 94
7 1089760052137 23
7 1089760052138 23
7 1089760052139 27
7 1089760052140 1483
7 1089760052141 196
7 1089760052142 100
7 1089760052143 120
7 1089760052144 104
7 1089760052145 31
7 1089760052146 28
7 1089760052147 279
7 1089760052148 447
7 1089760052149 33
7 1089760052150 28
7 1089760052151 200
7 1089760052152 647
7 1089760052153 27
7 1089760052154 39
7 1089760052155 22
7 1089760052156 31
7 1089760052157 32
7 1089760052158 287
7 1089760052159 23
7 1089760052160 486
7 1089760052161 170
7 1089760052162 29
7 1089760052163 33
7 1089760052164 159
7 1089760052165 111
7 1089760052166 137
7 1089760052167 16
7 1089760052168 162
7 1089760052169 129
7 1089760052170 345
7 1089760052171 32
7 1089760052172 84
7 1089760052173 559
7 1089760052174 28
7 1089760052175 509
7 1089760052176 693
7 1089760052177 23
7 1089760052178 319
7 1089760052179 72
7 1089760052180 20
7 1089760052181 647
7 1089760052182 29
7 1089760052183 99
7 1089760052184 293
7 1089760052185 109
7 1089760052186 31
7 1089760052187 27
7 1089760052188 34
7 1089760052189 34
7 1089760052190 22
7 1089760052191 34
7 1089760052192 36
7 1089760052193 62
7 1089760052194 39
7 1089760052195 152
7 1089760052196 271
7 1089760052197 101
7 1089760052198 26
7 1089760052199 210
7 1089760052200 198
7 1089760052201 81
7 1089760052202 102
7 1089760052203 570
7 1089760052204 26
7 1089760052205 108
7 1089760052206 36
7 1089760052207 126
7 1089760052208 271
7 1089760052209 26
7 1089760052210 31
7 1089760052211 265
7 1089760052212 27
7 1089760052213 325
7 1089760052214 308
7 1089760052215 138
7 1089760052216 894
7 1089760052217 37
7 1089760052218 459
7 1089760052219 255
7 1089760052220 31
7 1089760052221 388
7 1089760052222 641
7 1089760052223 33
7 1089760052248 224
7 1089760052249 334
7 1089760052250 13
7 1089760052251 60
7 1089760052252 18
7 1089760052253 40
7 1089760052254 14
7 1089760052255 21
7 1089760052368 25
7 1089760052369 115
7 1089760052370 151
7 1089760052371 12
7 1089760052372 39
7 1089760052373 15
7 1089760052374 16
7 1089760052375 17
7 1089760052488 13
7 1089760052489 15
7 1089760052490 15
7 1089760052491 15
7 1089760052492 12
7 1089760052493 10
7 1089760052494 8
7 1089760052495 15
7 1089760052608 9
7 1089760052609 16
7 1089760052610 152
7 1089760052611 116
7 1089760052612 14
7 1089760052613 16
7 1089760052614 18
7 1089760052615 138
7 1089760052728 537
7 1089760052729 9
7 1089760052730 15
7 1089760052731 17
7 1089760052732 18
7 1089760052733 16
7 1089760052734 13
7 1089760052735 19
7 1089760052848 72
7 1089760052849 267
7 1089760052850 13
7 1089760052851 180
7 1089760052852 211
7 1089760052853 21
7 1089760052854 29
7 1089760052855 27
7 1089760053032 19
7 1089760053033 16
7 1089760053034 16
7 1089760053035 282
7 1089760053036 14
7 1089760053037 236
7 1089760053038 9
7 1089760053039 174
7 1089760053208 18
7 1089760053209 19
7 1089760053210 527
7 1089760053211 63
7 1089760053212 443
7 1089760053213 24
7 1089760053214 12
7 1089760053215 7
7 1089760053336 18
7 1089760053337 113
7 1089760053338 12
7 1089760053339 238
7 1089760053340 15
7 1089760053341 16
7 1089760053342 286
7 1089760053343 16
7 1089760053352 7
7 1089760053353 13
7 1089760053354 158
7 1089760053355 305
7 1089760053356 176
7 1089760053357 23
7 1089760053358 41
7 1089760053359 14
7 1089760053576 15
7 1089760053577 120
7 1089760053578 12
7 1089760053579 84
7 1089760053580 18
7 1089760053581 12
7 1089760053582 20
7 1089760053583 16
7 1089760053616 135
7 1089760053617 13
7 1089760053618 115
7 1089760053619 40
7 1089760053620 16
7 1089760053621 50
7 1089760053622 19
7 1089760053623 37
7 1089760053736 4
7 1089760053737 4
7 1089760053738 5
7 1089760053739 5
7 1089760053740 5
7 1089760053741 3
7 1089760053742 259
7 1089760053743 2
7 1089760053880 1
7 1089760053881 3
7 1089760053882 6
7 1089760053883 4
7 1089760053884 5
7 1089760053885 29
7 1089760053886 4
7 1089760053887 1
7 1089760054088 7
7 1089760054089 2
7 1089760054090 6
7 1089760054092 6
7 1089760054093 50
7 1089760054094 3
7 1089760054095 3
7 1089760054160 3
7 1089760054161 6
7 1089760054162 3
7 1089760054163 6
7 1089760054164 1
7 1089760054165 3
7 1089760054166 5
7 1089760054167 7
8 1089760034832 6
8 1089760034833 2
8 1089760034834 2
8 1089760034835 6
8 1089760034836 8
8 1089760034837 4
8 1089760034838 4
8 1089760034840 14
8 1089760034841 30
8 1089760034843 2
8 1089760034844 19
8 1089760034845 4
8 1089760034846 4
8 1089760034847 6
8 1089760035072 2
8 1089760035073 19
8 1089760035074 11
8 1089760035075 31
8 1089760035076 4
8 1089760035077 2
8 1089760035078 2
8 1089760035079 2
8 1089760035080 2
8 1089760035081 4
8 1089760035082 2
8 1089760035083 2
8 1089760035084 4
8 1089760035085 2
8 1089760035086 6
8 1089760035312 4
8 1089760035313 2
8 1089760035315 4
8 1089760035316 2
8 1089760035317 6
8 1089760035318 4
8 1089760035319 6
8 1089760035321 6
8 1089760035322 14
8 1089760035325 2
8 1089760035326 2
8 1089760035327 4
8 1089760035552 24
8 1089760035554 55
8 1089760035555 4
8 1089760035557 2
8 1089760035559 2
8 1089760035560 2
8 1089760035561 2
8 1089760035562 2
8 1089760035563 6
8 1089760035565 2
8 1089760035566 8
8 1089760035567 8
8 1089760035792 4
8 1089760035793 4
8 1089760035794 4
8 1089760035795 4
8 1089760035796 8
8 1089760035797 2
8 1089760035798 2
8 1089760035799 2
8 1089760035801 4
8 1089760035802 2
8 1089760035803 2
8 1089760035804 2
8 1089760035805 2
8 1089760035806 4
8 1089760035807 4
8 1089760036032 22
8 1089760036033 4
8 1089760036034 18
8 1089760036036 4
8 1089760036038 4
8 1089760036039 2
8 1089760036041 4
8 1089760036042 2
8 1089760036043 4
8 1089760036044 6
8 1089760036046 2
8 1089760036047 4
8 1089760036608 2
8 1089760036609 2
8 1089760036610 4
8 1089760036611 4
8 1089760036612 2
8 1089760036613 2
8 1089760036614 4
8 1089760036615 4
8 1089760036617 2
8 1089760036618 2
8 1089760036620 2
8 1089760036621 2
8 1089760036622 2
8 1089760036623 6
8 1089760036752 4
8 1089760036753 2
8 1089760036755 2
8 1089760036756 4
8 1089760036757 2
8 1089760036759 4
8 1089760036760 2
8 1089760036761 2
8 1089760036762 4
8 1089760036763 4
8 1089760036766 6
8 1089760036767 2
8 1089760036896 2
8 1089760036897 4
8 1089760036898 6
8 1089760036899 4
8 1089760036900 6
8 1089760036901 4
8 1089760036902 4
8 1089760036903 2
8 1089760036904 2
8 1089760036905 2
8 1089760036906 2
8 1089760036907 4
8 1089760036908 2
8 1089760036909 2
8 1089760036910 2
8 1089760036911 2
8 1089760037184 4
8 1089760037185 4
8 1089760037186 2
8 1089760037187 4
8 1089760037188 6
8 1089760037189 2
8 1089760037190 2
8 1089760037192 4
8 1089760037194 4
8 1089760037195 2
8 1089760037196 4
8 1089760037197 4
8 1089760037198 8
8 1089760037199 4
8 1089760037216 6
8 1089760037217 2
8 1089760037218 6
8 1089760037219 6
8 1089760037220 2
8 1089760037222 2
8 1089760037223 4
8 1089760037224 2
8 1089760037225 4
8 1089760037226 4
8 1089760037227 4
8 1089760037229 94
8 1089760037231 131
8 1089760037280 2
8 1089760037281 2
8 1089760037282 2
8 1089760037284 44
8 1089760037285 2
8 1089760037286 2
8 1089760037287 4
8 1089760037289 136
8 1089760037290 2
8 1089760037292 4
8 1089760037294 2
8 1089760037295 4
8 1089760037913 2
8 1089760038032 2
8 1089760038186 2
8 1089760038312 2
8 1089760038388 2
8 1089760038784 2
8 1089760038785 2
8 1089760038792 2
8 1089760038796 2
8 1089760038961 4
8 1089760038962 9
8 1089760038965 4
8 1089760038966 2
8 1089760038968 2
8 1089760038969 7
8 1089760038971 41
8 1089760038972 18
8 1089760038973 13
8 1089760038974 3
8 1089760038975 6
8 1089760038976 5
8 1089760038978 3
8 1089760038980 8
8 1089760038984 6
8 1089760038985 6
8 1089760038987 3
8 1089760038988 6
8 1089760038991 3
8 1089760038994 4
8 1089760038997 84
8 1089760038999 3
8 1089760039000 2
8 1089760039001 4
8 1089760039002 2
8 1089760039003 12
8 1089760039004 5
8 1089760039679 3
8 1089760039682 4
8 1089760039683 13
8 1089760039684 13
8 1089760039686 8
8 1089760039689 3
8 1089760039690 6
8 1089760039691 7
8 1089760039695 4
8 1089760039697 6
8 1089760039702 4
8 1089760039705 4
8 1089760039706 3
8 1089760039707 5
8 1089760039710 2
8 1089760039713 2
8 1089760039714 10
8 1089760039716 3
8 1089760039718 1
8 1089760039720 8
8 1089760039721 10
8 1089760040397 5
8 1089760040398 8
8 1089760040399 4
8 1089760040405 2
8 1089760040406 5
8 1089760040410 4
8 1089760040411 4
8 1089760040412 2
8 1089760040413 6
8 1089760040414 3
8 1089760040415 3
8 1089760040416 5
8 1089760040417 6
8 1089760040418 5
8 1089760040422 8
8 1089760040423 1
8 1089760040424 165
8 1089760040426 2
8 1089760040433 5
8 1089760040438 3
8 1089760040441 95
8 1089760041107 4
8 1089760041108 130
8 1089760041113 3
8 1089760041114 4
8 1089760041116 2
8 1089760041117 6
8 1089760041123 5
8 1089760041129 2
8 1089760041131 1
8 1089760041136 8
8 1089760041137 1
8 1089760041138 3
8 1089760041140 5
8 1089760041141 5
8 1089760041142 2
8 1089760041147 6
8 1089760041149 5
8 1089760041150 5
8 1089760041151 2
8 1089760041152 4
8 1089760041153 3
8 1089760041830 1
8 1089760041831 12
8 1089760041832 6
8 1089760041833 3
8 1089760041834 66
8 1089760041836 6
8 1089760041838 3
8 1089760041839 4
8 1089760041841 73
8 1089760041845 8
8 1089760041850 9
8 1089760041857 67
8 1089760041859 2
8 1089760041863 7
8 1089760041865 2
8 1089760041869 1
8 1089760041870 2
8 1089760041872 222
8 1089760041874 5
8 1089760042559 304
8 1089760042560 19
8 1089760042561 7
8 1089760042564 144
8 1089760042567 4
8 1089760042568 4
8 1089760042572 3
8 1089760042573 6
8 1089760042577 6
8 1089760042579 4
8 1089760042581 3
8 1089760042582 4
8 1089760042586 7
8 1089760042587 4
8 1089760042591 3
8 1089760042593 4
8 1089760042595 9
8 1089760042596 3
8 1089760042605 4
8 1089760042607 31
8 1089760042608 96
8 1089760044286 5
8 1089760044291 3
8 1089760044292 10
8 1089760044293 5
8 1089760044295 4
8 1089760044296 3
8 1089760044300 7
8 1089760044301 3
8 1089760044302 3
8 1089760044303 2
8 1089760044305 6
8 1089760044307 3
8 1089760044308 4
8 1089760044315 6
8 1089760044316 2
8 1089760044322 4
8 1089760044327 7
8 1089760044328 2
8 1089760044331 5
8 1089760044332 4
8 1089760044333 5
8 1089760044721 4
8 1089760044723 1
8 1089760044726 4
8 1089760044732 5
8 1089760044735 1
8 1089760044736 1
8 1089760044739 6
8 1089760044743 1
8 1089760044745 3
8 1089760044747 6
8 1089760044751 5
8 1089760044753 5
8 1089760044754 8
8 1089760044756 1
8 1089760044757 5
8 1089760044758 2
8 1089760044764 5
8 1089760044765 189
8 1089760044766 4
8 1089760044768 8
8 1089760045155 4
8 1089760045159 4
8 1089760045160 6
8 1089760045161 4
8 1089760045162 8
8 1089760045164 5
8 1089760045166 10
8 1089760045167 5
8 1089760045170 6
8 1089760045172 3
8 1089760045175 7
8 1089760045177 4
8 1089760045179 6
8 1089760045182 4
8 1089760045187 4
8 1089760045188 6
8 1089760045190 6
8 1089760045191 3
8 1089760045193 3
8 1089760045197 5
8 1089760045199 3
8 1089760045200 4
8 1089760046020 4
8 1089760046023 4
8 1089760046024 3
8 1089760046025 2
8 1089760046027 2
8 1089760046029 4
8 1089760046031 2
8 1089760046032 12
8 1089760046033 11
8 1089760046034 92
8 1089760046037 3
8 1089760046044 3
8 1089760046045 2
8 1089760046050 3
8 1089760046051 11
8 1089760046052 2
8 1089760046055 2
8 1089760046057 51
8 1089760046058 5
8 1089760046059 7
8 1089760046062 5
8 1089760046063 4
8 1089760046064 5
8 1089760046066 4
8 1089760046067 2
8 1089760046117 7
8 1089760046118 5
8 1089760046121 5
8 1089760046122 4
8 1089760046123 11
8 1089760046124 4
8 1089760046125 1
8 1089760046126 4
8 1089760046127 8
8 1089760046134 4
8 1089760046137 2
8 1089760046139 7
8 1089760046140 4
8 1089760046144 127
8 1089760046145 3
8 1089760046147 4
8 1089760046149 5
8 1089760046150 4
8 1089760046155 3
8 1089760046159 4
8 1089760046310 2
8 1089760046314 4
8 1089760046315 6
8 1089760046316 1
8 1089760046321 4
8 1089760046322 5
8 1089760046325 8
8 1089760046328 4
8 1089760046331 4
8 1089760046332 4
8 1089760046336 4
8 1089760046341 1
8 1089760046345 1
8 1089760046346 2
8 1089760046347 7
8 1089760046351 44
8 1089760046354 4
8 1089760046355 3
8 1089760048215 2
8 1089760048566 2
8 1089760049026 8
8 1089760049405 4
8 1089760049635 4
8 1089760050819 1
8 1089760050820 3
8 1089760050824 10
8 1089760050843 4
8 1089760050856 3
8 1089760051202 4
8 1089760051203 4
8 1089760051232 4
8 1089760051233 4
8 1089760051262 4
8 1089760051263 4
8 1089760051292 4
8 1089760051293 4
8 1089760051322 4
8 1089760051323 4
8 1089760051352 4
8 1089760051353 4
8 1089760051424 4
8 1089760051425 4
8 1089760051442 4
8 1089760051443 4
8 1089760051460 4
8 1089760051461 4
8 1089760051496 4
8 1089760051497 4
8 1089760051500 4
8 1089760051501 4
8 1089760051508 4
8 1089760051509 4
8 1089760051586 4
8 1089760051587 4
8 1089760051602 4
8 1089760051603 4
8 1089760051618 4
8 1089760051619 4
8 1089760051620 4
8 1089760051621 4
8 1089760051636 4
8 1089760051637 4
8 1089760051646 4
8 1089760051647 4
8 1089760051696 4
8 1089760051697 4
8 1089760051712 2
8 1089760051713 3
8 1089760051714 1
8 1089760051715 4
8 1089760051716 2
8 1089760051717 2
8 1089760051718 3
8 1089760051719 9
8 1089760051720 3
8 1089760051721 1
8 1089760051722 3
8 1089760051723 5
8 1089760051724 7
8 1089760051725 1
8 1089760051726 1
8 1089760051727 1
8 1089760051728 4
8 1089760051729 2
8 1089760051730 2
8 1089760051731 128
8 1089760051732 99
8 1089760051733 7
8 1089760051734 2
8 1089760051735 4
8 1089760051737 4
8 1089760051738 2
8 1089760051739 1
8 1089760051740 4
8 1089760051741 1
8 1089760051742 4
8 1089760051743 1
8 1089760051744 9
8 1089760051745 2
8 1089760051746 5
8 1089760051747 5
8 1089760051748 3
8 1089760051749 4
8 1089760051750 4
8 1089760051751 3
8 1089760051752 1
8 1089760051753 2
8 1089760051754 2
8 1089760051755 3
8 1089760051756 1
8 1089760051757 2
8 1089760051758 1
8 1089760051759 2
8 1089760051760 2
8 1089760051761 6
8 1089760051762 6
8 1089760051763 3
8 1089760051765 3
8 1089760051766 15
8 1089760051767 2
8 1089760051768 6
8 1089760051769 6
8 1089760051771 1
8 1089760051772 4
8 1089760051773 1
8 1089760051774 3
8 1089760051775 2
8 1089760051776 3
8 1089760051777 1
8 1089760051778 3
8 1089760051779 6
8 1089760051780 2
8 1089760051781 4
8 1089760051782 5
8 1089760051783 3
8 1089760051784 1
8 1089760051785 1
8 1089760051786 3
8 1089760051787 3
8 1089760051788 3
8 1089760051789 4
8 1089760051790 6
8 1089760051791 2
8 1089760051793 1
8 1089760051794 6
8 1089760051795 1
8 1089760051796 1
8 1089760051797 2
8 1089760051798 3
8 1089760051799 33
8 1089760051800 4
8 1089760051802 2
8 1089760051803 3
8 1089760051804 3
8 1089760051805 5
8 1089760051806 4
8 1089760051807 7
8 1089760051808 4
8 1089760051809 2
8 1089760051810 3
8 1089760051811 3
8 1089760051812 4
8 1089760051814 5
8 1089760051815 3
8 1089760051816 3
8 1089760051817 2
8 1089760051818 3
8 1089760051819 1
8 1089760051820 2
8 1089760051821 5
8 1089760051822 3
8 1089760051823 1
8 1089760051824 2
8 1089760051825 92
8 1089760051826 4
8 1089760051827 5
8 1089760051828 3
8 1089760051829 1
8 1089760051830 1
8 1089760051831 3
8 1089760051832 2
8 1089760051833 2
8 1089760051834 2
8 1089760051835 5
8 1089760051836 2
8 1089760051837 4
8 1089760051838 5
8 1089760051839 5
8 1089760051840 3
8 1089760051841 16
8 1089760051842 2
8 1089760051843 3
8 1089760051844 1
8 1089760051845 2
8 1089760051846 5
8 1089760051847 4
8 1089760051848 2
8 1089760051849 4
8 1089760051850 3
8 1089760051851 9
8 1089760051852 3
8 1089760051853 1
8 1089760051854 4
8 1089760051855 3
8 1089760051856 5
8 1089760051857 5
8 1089760051858 1
8 1089760051859 2
8 1089760051860 3
8 1089760051861 2
8 1089760051862 4
8 1089760051864 5
8 1089760051865 85
8 1089760051866 3
8 1089760051867 1
8 1089760051868 1
8 1089760051869 4
8 1089760051870 3
8 1089760051872 5
8 1089760051873 4
8 1089760051874 3
8 1089760051875 1
8 1089760051876 1
8 1089760051877 5
8 1089760051878 1
8 1089760051879 5
8 1089760051880 5
8 1089760051881 5
8 1089760051882 4
8 1089760051883 3
8 1089760051884 3
8 1089760051885 2
8 1089760051886 2
8 1089760051887 2
8 1089760051888 1
8 1089760051889 5
8 1089760051890 4
8 1089760051891 6
8 1089760051892 4
8 1089760051893 2
8 1089760051894 5
8 1089760051895 3
8 1089760051896 1
8 1089760051897 2
8 1089760051898 3
8 1089760051899 4
8 1089760051900 3
8 1089760051901 1
8 1089760051902 4
8 1089760051903 1
8 1089760051904 1
8 1089760051905 2
8 1089760051906 3
8 1089760051907 3
8 1089760051908 4
8 1089760051910 1
8 1089760051911 6
8 1089760051912 6
8 1089760051914 5
8 1089760051915 5
8 1089760051916 3
8 1089760051917 3
8 1089760051918 3
8 1089760051919 1
8 1089760051920 2
8 1089760051921 4
8 1089760051922 2
8 1089760051923 4
8 1089760051924 3
8 1089760051925 3
8 1089760051926 2
8 1089760051927 3
8 1089760051928 2
8 1089760051929 3
8 1089760051930 98
8 1089760051931 2
8 1089760051932 1
8 1089760051933 4
8 1089760051934 4
8 1089760051935 2
8 1089760051936 2
8 1089760051937 2
8 1089760051938 2
8 1089760051939 5
8 1089760051940 3
8 1089760051941 3
8 1089760051942 7
8 1089760051943 3
8 1089760051944 6
8 1089760051945 2
8 1089760051946 2
8 1089760051947 2
8 1089760051948 2
8 1089760051949 8
8 1089760051950 1
8 1089760051951 1
8 1089760051952 5
8 1089760051953 4
8 1089760051954 5
8 1089760051955 2
8 1089760051956 2
8 1089760051958 2
8 1089760051959 5
8 1089760051960 2
8 1089760051961 1
8 1089760051962 2
8 1089760051963 5
8 1089760051964 3
8 1089760051965 12
8 1089760051966 1
8 1089760051968 4
8 1089760051969 2
8 1089760051970 2
8 1089760051971 3
8 1089760051972 9
8 1089760051973 3
8 1089760051974 6
8 1089760051975 3
8 1089760051976 4
8 1089760051977 2
8 1089760051978 1
8 1089760051979 4
8 1089760051980 558
8 1089760051981 2
8 1089760051982 3
8 1089760051983 3
8 1089760051984 7
8 1089760051985 1
8 1089760051986 3
8 1089760051987 1
8 1089760051988 4
8 1089760051989 5
8 1089760051990 4
8 1089760051991 2
8 1089760051992 5
8 1089760051993 2
8 1089760051994 3
8 1089760051995 2
8 1089760051996 4
8 1089760051997 11
8 1089760051998 2
8 1089760051999 2
8 1089760052000 1
8 1089760052001 6
8 1089760052002 5
8 1089760052003 2
8 1089760052005 5
8 1089760052006 1
8 1089760052007 206
8 1089760052008 6
8 1089760052009 2
8 1089760052010 4
8 1089760052011 3
8 1089760052012 3
8 1089760052013 3
8 1089760052014 274
8 1089760052015 268
8 1089760052016 3
8 1089760052017 1
8 1089760052018 2
8 1089760052019 3
8 1089760052021 271
8 1089760052022 2
8 1089760052023 1
8 1089760052024 5
8 1089760052025 5
8 1089760052027 5
8 1089760052028 2
8 1089760052029 3
8 1089760052030 2
8 1089760052031 4
8 1089760052032 5
8 1089760052033 1
8 1089760052034 4
8 1089760052035 2
8 1089760052036 3
8 1089760052038 2
8 1089760052039 7
8 1089760052040 3
8 1089760052041 3
8 1089760052042 1
8 1089760052043 3
8 1089760052044 4
8 1089760052045 13
8 1089760052046 2
8 1089760052047 1
8 1089760052048 3
8 1089760052049 1
8 1089760052050 6
8 1089760052051 3
8 1089760052052 7
8 1089760052053 3
8 1089760052054 3
8 1089760052055 2
8 1089760052056 2
8 1089760052057 7
8 1089760052058 4
8 1089760052059 33
8 1089760052060 3
8 1089760052061 4
8 1089760052062 4
8 1089760052063 1
8 1089760052064 5
8 1089760052065 3
8 1089760052066 5
8 1089760052068 2
8 1089760052069 2
8 1089760052070 3
8 1089760052071 7
8 1089760052072 1
8 1089760052073 1
8 1089760052074 1
8 1089760052077 1
8 1089760052078 3
8 1089760052080 1
8 1089760052081 5
8 1089760052082 1
8 1089760052083 3
8 1089760052084 1
8 1089760052085 1
8 1089760052086 1
8 1089760052087 1
8 1089760052088 1
8 1089760052089 2
8 1089760052090 3
8 1089760052091 1
8 1089760052093 2
8 1089760052094 1
8 1089760052095 2
8 1089760052097 1
8 1089760052098 3
8 1089760052101 1
8 1089760052102 3
8 1089760052103 1
8 1089760052105 2
8 1089760052106 1
8 1089760052108 1
8 1089760052109 1
8 1089760052111 1
8 1089760052112 1
8 1089760052113 2
8 1089760052114 1
8 1089760052115 2
8 1089760052116 3
8 1089760052117 2
8 1089760052118 1
8 1089760052120 2
8 1089760052121 3
8 1089760052122 1
8 1089760052123 1
8 1089760052124 1
8 1089760052125 1
8 1089760052127 1
8 1089760052128 2
8 1089760052130 3
8 1089760052132 3
8 1089760052133 2
8 1089760052136 1
8 1089760052137 1
8 1089760052138 1
8 1089760052141 1
8 1089760052142 2
8 1089760052143 3
8 1089760052144 2
8 1089760052146 2
8 1089760052148 4
8 1089760052149 1
8 1089760052152 306
8 1089760052154 1
8 1089760052155 2
8 1089760052157 2
8 1089760052158 2
8 1089760052159 1
8 1089760052160 2
8 1089760052161 1
8 1089760052162 1
8 1089760052165 2
8 1089760052169 2
8 1089760052172 2
8 1089760052174 1
8 1089760052175 18
8 1089760052177 1
8 1089760052181 254
8 1089760052182 1
8 1089760052183 2
8 1089760052184 4
8 1089760052188 1
8 1089760052190 2
8 1089760052191 463
8 1089760052192 4
8 1089760052194 4
8 1089760052195 2
8 1089760052196 1
8 1089760052199 2
8 1089760052200 2
8 1089760052201 1
8 1089760052202 1
8 1089760052203 2
8 1089760052205 1
8 1089760052206 1
8 1089760052207 1
8 1089760052208 3
8 1089760052210 1
8 1089760052211 1
8 1089760052212 2
8 1089760052214 1
8 1089760052216 1
8 1089760052217 1
8 1089760052218 2
8 1089760052219 2
8 1089760052222 1
8 1089760052223 1
8 1089760053415 160
9 1089760035159 2
9 1089760037200 2
9 1089760037606 2
9 1089760039942 1
9 1089760046068 1
9 1089760047288 1
9 1089760051212 4
9 1089760051213 4
9 1089760051242 4
9 1089760051243 4
9 1089760051272 4
9 1089760051273 4
9 1089760051302 4
9 1089760051303 4
9 1089760051332 4
9 1089760051333 4
9 1089760051362 4
9 1089760051363 4
9 1089760051396 4
9 1089760051397 4
9 1089760051418 4
9 1089760051419 4
9 1089760051498 4
9 1089760051499 4
9 1089760051508 4
9 1089760051509 4
9 1089760051514 4
9 1089760051515 4
9 1089760051534 4
9 1089760051535 4
9 1089760051548 4
9 1089760051549 4
9 1089760051626 4
9 1089760051627 4
9 1089760051628 4
9 1089760051629 4
9 1089760051648 4
9 1089760051649 4
9 1089760051800 1
9 1089760051811 1
9 1089760051945 1
