1 1089760034816 18
1 1089760038912 8
1 1089760051200 4
1 1089760051201 4
1 1089760051230 4
1 1089760051231 4
1 1089760051260 4
1 1089760051261 4
1 1089760051290 4
1 1089760051291 4
1 1089760051320 4
1 1089760051321 4
1 1089760051350 4
1 1089760051351 4
1 1089760051450 4
1 1089760051451 4
1 1089760051470 4
1 1089760051471 4
1 1089760051524 4
1 1089760051525 4
1 1089760051534 4
1 1089760051535 4
1 1089760051538 4
1 1089760051539 4
1 1089760051608 4
1 1089760051609 4
1 1089760051618 4
1 1089760051619 4
1 1089760051698 4
1 1089760051699 4
1 1089760051702 4
1 1089760051703 4
1 1089760051795 1
1 1089760051818 1
1 1089760051874 1
1 1089760051902 1
1 1089760051974 1
1 1089760051993 1
1 1089760052190 1
1 1089760052209 1
1 1089760052224 8
2 1089760051214 4
2 1089760051215 4
2 1089760051244 4
2 1089760051245 4
2 1089760051274 4
2 1089760051275 4
2 1089760051304 4
2 1089760051305 4
2 1089760051334 4
2 1089760051335 4
2 1089760051364 4
2 1089760051365 4
2 1089760051396 4
2 1089760051397 4
2 1089760051428 4
2 1089760051429 4
2 1089760051430 4
2 1089760051431 4
2 1089760051442 4
2 1089760051443 4
2 1089760051488 4
2 1089760051489 4
2 1089760051520 4
2 1089760051521 4
2 1089760051562 4
2 1089760051563 4
2 1089760051616 4
2 1089760051617 4
2 1089760051624 4
2 1089760051625 4
2 1089760051628 4
2 1089760051629 4
2 1089760051670 4
2 1089760051671 4
2 1089760051692 4
2 1089760051693 4
3 1089760034928 22
3 1089760037426 12
3 1089760037434 8
3 1089760038451 8
3 1089760039248 6
3 1089760039249 5
3 1089760046749 6
3 1089760046775 4
3 1089760049822 4
3 1089760051214 4
3 1089760051215 4
3 1089760051244 4
3 1089760051245 4
3 1089760051274 4
3 1089760051275 4
3 1089760051304 4
3 1089760051305 4
3 1089760051334 4
3 1089760051335 4
3 1089760051364 4
3 1089760051365 4
3 1089760051410 4
3 1089760051411 4
3 1089760051486 4
3 1089760051487 4
3 1089760051494 4
3 1089760051495 4
3 1089760051526 4
3 1089760051527 4
3 1089760051530 4
3 1089760051531 4
3 1089760051544 4
3 1089760051545 4
3 1089760051590 4
3 1089760051591 4
3 1089760051606 4
3 1089760051607 4
3 1089760051654 4
3 1089760051655 4
3 1089760051668 4
3 1089760051669 4
3 1089760051708 4
3 1089760051709 4
3 1089760051726 1
3 1089760051771 1
3 1089760051780 1
3 1089760051787 1
3 1089760051874 1
3 1089760051881 1
3 1089760051913 1
3 1089760051923 1
3 1089760051928 1
3 1089760051930 1
3 1089760051981 1
3 1089760051993 1
3 1089760052032 1
3 1089760052035 1
3 1089760052044 1
3 1089760052058 1
3 1089760052106 1
3 1089760052115 1
3 1089760052121 1
3 1089760052130 1
3 1089760052138 1
3 1089760052139 1
3 1089760052158 1
3 1089760052190 2
3 1089760052280 10
3 1089760053529 5
3 1089760053533 3
3 1089760054041 3
4 1089760034832 14
4 1089760034840 20
4 1089760034842 16
4 1089760035074 16
4 1089760035075 10
4 1089760035087 16
4 1089760035315 20
4 1089760035797 20
4 1089760036674 18
4 1089760036685 16
4 1089760036897 8
4 1089760036906 8
4 1089760036911 12
4 1089760037571 12
4 1089760037580 18
4 1089760037581 14
4 1089760037745 22
4 1089760037752 18
4 1089760037821 14
4 1089760038403 10
4 1089760038407 20
4 1089760038550 16
4 1089760038552 10
4 1089760038553 4
4 1089760038684 10
4 1089760038961 7
4 1089760038986 10
4 1089760038989 5
4 1089760038990 3
4 1089760039685 8
4 1089760039689 5
4 1089760039725 8
4 1089760040406 10
4 1089760041842 3
4 1089760041843 7
4 1089760044487 3
4 1089760044488 6
4 1089760044522 8
4 1089760045158 4
4 1089760045185 4
4 1089760045202 6
4 1089760047187 6
4 1089760047211 5
4 1089760047212 4
4 1089760047217 7
4 1089760047709 11
4 1089760047730 9
4 1089760047939 7
4 1089760049679 2
4 1089760049680 3
4 1089760049690 10
4 1089760050120 8
4 1089760050125 5
4 1089760050129 3
4 1089760050522 5
4 1089760051202 4
4 1089760051203 4
4 1089760051232 4
4 1089760051233 4
4 1089760051262 4
4 1089760051263 4
4 1089760051292 4
4 1089760051293 4
4 1089760051322 4
4 1089760051323 4
4 1089760051352 4
4 1089760051353 4
4 1089760051432 4
4 1089760051433 4
4 1089760051438 4
4 1089760051439 4
4 1089760051460 4
4 1089760051461 4
4 1089760051544 4
4 1089760051545 4
4 1089760051550 4
4 1089760051551 4
4 1089760051566 4
4 1089760051567 4
4 1089760051574 4
4 1089760051575 4
4 1089760051630 4
4 1089760051631 4
4 1089760051642 4
4 1089760051643 4
4 1089760051648 4
4 1089760051649 4
4 1089760051664 4
4 1089760051665 4
4 1089760051666 4
4 1089760051667 4
4 1089760051682 4
4 1089760051683 4
4 1089760051713 1
4 1089760051722 2
4 1089760051730 1
4 1089760051735 3
4 1089760051737 1
4 1089760051739 1
4 1089760051741 3
4 1089760051743 1
4 1089760051744 1
4 1089760051749 1
4 1089760051755 1
4 1089760051757 1
4 1089760051765 1
4 1089760051768 1
4 1089760051776 1
4 1089760051781 1
4 1089760051784 1
4 1089760051787 1
4 1089760051788 3
4 1089760051797 1
4 1089760051799 1
4 1089760051806 3
4 1089760051811 1
4 1089760051814 2
4 1089760051819 1
4 1089760051833 3
4 1089760051837 1
4 1089760051838 1
4 1089760051841 1
4 1089760051842 2
4 1089760051846 1
4 1089760051848 1
4 1089760051849 1
4 1089760051850 1
4 1089760051851 1
4 1089760051852 1
4 1089760051855 1
4 1089760051862 1
4 1089760051867 1
4 1089760051875 1
4 1089760051877 1
4 1089760051881 1
4 1089760051883 1
4 1089760051888 2
4 1089760051891 1
4 1089760051894 1
4 1089760051896 2
4 1089760051897 1
4 1089760051898 1
4 1089760051899 1
4 1089760051912 1
4 1089760051918 1
4 1089760051925 1
4 1089760051929 1
4 1089760051930 1
4 1089760051934 1
4 1089760051936 1
4 1089760051942 1
4 1089760051945 1
4 1089760051948 3
4 1089760051949 2
4 1089760051952 1
4 1089760051956 1
4 1089760051961 1
4 1089760051969 1
4 1089760051970 1
4 1089760051971 2
4 1089760051978 1
4 1089760051985 1
4 1089760051986 1
4 1089760051990 1
4 1089760051998 1
4 1089760052001 1
4 1089760052003 1
4 1089760052004 1
4 1089760052005 1
4 1089760052008 1
4 1089760052017 1
4 1089760052023 1
4 1089760052028 2
4 1089760052030 1
4 1089760052031 2
4 1089760052033 2
4 1089760052038 1
4 1089760052040 1
4 1089760052041 1
4 1089760052048 1
4 1089760052049 1
4 1089760052060 1
4 1089760052067 1
4 1089760052070 1
4 1089760052071 1
4 1089760052072 1
4 1089760052073 1
4 1089760052075 1
4 1089760052079 1
4 1089760052080 1
4 1089760052081 2
4 1089760052082 1
4 1089760052084 1
4 1089760052087 1
4 1089760052088 1
4 1089760052095 2
4 1089760052098 1
4 1089760052100 1
4 1089760052105 1
4 1089760052106 1
4 1089760052114 2
4 1089760052116 1
4 1089760052117 1
4 1089760052118 1
4 1089760052122 1
4 1089760052127 1
4 1089760052130 2
4 1089760052134 1
4 1089760052140 1
4 1089760052142 1
4 1089760052144 1
4 1089760052160 1
4 1089760052161 1
4 1089760052162 2
4 1089760052167 3
4 1089760052169 1
4 1089760052171 1
4 1089760052173 1
4 1089760052174 4
4 1089760052175 1
4 1089760052176 2
4 1089760052179 2
4 1089760052182 2
4 1089760052184 1
4 1089760052185 1
4 1089760052186 1
4 1089760052190 2
4 1089760052193 1
4 1089760052196 1
4 1089760052198 1
4 1089760052200 1
4 1089760052204 1
4 1089760052206 1
4 1089760052208 1
4 1089760052209 1
4 1089760052210 2
4 1089760052215 1
4 1089760052220 1
4 1089760052232 6
4 1089760052236 9
4 1089760052237 7
4 1089760052353 11
4 1089760052359 7
4 1089760052473 9
4 1089760052714 6
4 1089760053153 8
4 1089760053158 7
4 1089760053264 3
4 1089760053269 3
4 1089760053271 5
4 1089760053601 5
4 1089760053606 14
4 1089760053688 10
4 1089760053692 8
4 1089760053726 6
4 1089760054017 4
4 1089760054019 9
4 1089760054091 7
4 1089760054092 5
4 1089760054158 4
5 1089760035011 8
5 1089760035012 14
5 1089760035013 14
5 1089760035017 6
5 1089760035021 20
5 1089760035023 26
5 1089760035251 20
5 1089760035252 6
5 1089760035255 10
5 1089760035260 26
5 1089760035262 8
5 1089760035495 6
5 1089760035497 10
5 1089760035498 14
5 1089760035503 6
5 1089760035732 18
5 1089760035734 8
5 1089760035737 18
5 1089760035742 8
5 1089760035968 24
5 1089760035972 8
5 1089760035973 14
5 1089760035977 14
5 1089760035980 8
5 1089760036211 12
5 1089760036212 12
5 1089760036214 6
5 1089760036216 20
5 1089760036220 8
5 1089760036222 4
5 1089760036223 22
5 1089760036321 14
5 1089760036325 24
5 1089760036328 10
5 1089760036329 8
5 1089760036330 32
5 1089760036333 10
5 1089760036357 18
5 1089760036359 14
5 1089760036362 12
5 1089760036804 20
5 1089760036808 18
5 1089760036812 8
5 1089760036815 12
5 1089760036899 12
5 1089760036900 32
5 1089760036902 24
5 1089760036905 16
5 1089760036906 12
5 1089760036928 36
5 1089760036931 12
5 1089760036937 40
5 1089760036942 20
5 1089760037138 10
5 1089760037145 30
5 1089760037576 14
5 1089760037577 12
5 1089760037578 16
5 1089760037582 12
5 1089760037792 18
5 1089760037795 20
5 1089760037797 16
5 1089760037799 22
5 1089760037800 36
5 1089760037802 16
5 1089760037803 32
5 1089760037804 12
5 1089760037876 12
5 1089760037880 22
5 1089760037881 28
5 1089760037884 18
5 1089760037885 10
5 1089760037984 8
5 1089760037993 14
5 1089760037994 12
5 1089760037997 16
5 1089760037999 18
5 1089760038289 10
5 1089760038291 14
5 1089760038292 12
5 1089760038293 10
5 1089760038294 8
5 1089760038297 30
5 1089760038298 34
5 1089760038300 28
5 1089760038301 12
5 1089760038302 14
5 1089760038303 14
5 1089760038337 18
5 1089760038338 52
5 1089760038339 18
5 1089760038344 6
5 1089760038345 12
5 1089760038348 30
5 1089760038349 20
5 1089760038350 8
5 1089760038720 40
5 1089760038721 14
5 1089760038722 22
5 1089760038723 32
5 1089760038724 36
5 1089760038725 22
5 1089760038726 40
5 1089760038727 40
5 1089760038728 28
5 1089760038729 42
5 1089760038730 26
5 1089760038731 28
5 1089760038732 36
5 1089760038733 50
5 1089760038734 12
5 1089760038735 12
5 1089760039501 5
5 1089760039504 7
5 1089760039505 7
5 1089760039518 3
5 1089760039528 10
5 1089760039533 3
5 1089760039534 3
5 1089760039535 8
5 1089760040216 10
5 1089760040218 3
5 1089760040228 5
5 1089760040244 14
5 1089760040250 4
5 1089760040939 3
5 1089760040943 3
5 1089760040944 2
5 1089760040947 8
5 1089760040960 3
5 1089760041645 9
5 1089760041652 5
5 1089760041660 15
5 1089760041675 4
5 1089760042362 13
5 1089760042373 4
5 1089760042377 7
5 1089760042390 7
5 1089760042401 4
5 1089760043097 6
5 1089760043102 3
5 1089760043103 3
5 1089760043107 3
5 1089760043112 5
5 1089760043113 4
5 1089760043114 2
5 1089760043125 4
5 1089760043130 2
5 1089760043131 2
5 1089760043132 9
5 1089760043426 7
5 1089760043438 7
5 1089760043439 6
5 1089760043447 5
5 1089760043449 4
5 1089760043451 9
5 1089760043453 7
5 1089760043460 5
5 1089760043532 9
5 1089760043538 5
5 1089760043539 2
5 1089760043549 6
5 1089760044880 11
5 1089760044881 1
5 1089760044894 9
5 1089760044907 4
5 1089760044915 7
5 1089760045164 6
5 1089760045166 3
5 1089760045167 6
5 1089760045168 8
5 1089760045174 12
5 1089760045182 8
5 1089760045186 7
5 1089760045252 7
5 1089760045253 11
5 1089760045254 3
5 1089760045255 3
5 1089760045262 6
5 1089760045279 10
5 1089760045280 11
5 1089760045293 4
5 1089760045295 6
5 1089760045883 5
5 1089760045905 11
5 1089760045906 7
5 1089760047201 8
5 1089760047202 3
5 1089760047205 6
5 1089760047208 9
5 1089760047219 6
5 1089760047853 9
5 1089760047859 5
5 1089760047860 6
5 1089760047865 8
5 1089760047872 4
5 1089760047873 8
5 1089760047875 8
5 1089760047876 12
5 1089760047882 8
5 1089760047883 9
5 1089760047884 8
5 1089760047887 6
5 1089760048105 6
5 1089760048117 11
5 1089760048119 14
5 1089760048130 13
5 1089760048131 5
5 1089760048422 5
5 1089760048450 7
5 1089760048451 7
5 1089760048461 9
5 1089760048468 9
5 1089760049334 3
5 1089760049335 2
5 1089760049340 7
5 1089760049343 7
5 1089760049345 7
5 1089760049349 4
5 1089760049358 6
5 1089760049359 9
5 1089760049360 6
5 1089760049361 3
5 1089760049362 3
5 1089760049363 5
5 1089760049366 2
5 1089760049367 3
5 1089760049368 9
5 1089760049370 6
5 1089760049375 3
5 1089760049376 4
5 1089760049377 7
5 1089760049484 8
5 1089760049485 1
5 1089760049486 7
5 1089760049487 19
5 1089760049488 4
5 1089760049490 2
5 1089760049491 3
5 1089760049503 3
5 1089760049506 6
5 1089760049515 7
5 1089760049516 5
5 1089760049517 3
5 1089760049518 10
5 1089760049522 4
5 1089760050632 11
5 1089760050633 15
5 1089760050635 7
5 1089760050638 7
5 1089760050640 5
5 1089760050641 10
5 1089760050642 11
5 1089760050644 7
5 1089760050645 3
5 1089760050646 11
5 1089760050647 3
5 1089760050649 11
5 1089760050650 13
5 1089760050651 10
5 1089760050653 4
5 1089760050654 12
5 1089760050655 13
5 1089760050656 1
5 1089760050657 8
5 1089760050658 5
5 1089760050659 7
5 1089760050660 11
5 1089760050661 4
5 1089760050662 9
5 1089760050663 4
5 1089760050664 1
5 1089760050665 6
5 1089760050667 9
5 1089760050668 12
5 1089760050669 7
5 1089760050670 7
5 1089760050672 19
5 1089760050675 8
5 1089760050677 6
5 1089760051224 4
5 1089760051225 4
5 1089760051254 4
5 1089760051255 4
5 1089760051284 4
5 1089760051285 4
5 1089760051314 4
5 1089760051315 4
5 1089760051344 4
5 1089760051345 4
5 1089760051374 4
5 1089760051375 4
5 1089760051388 4
5 1089760051389 4
5 1089760051392 4
5 1089760051393 4
5 1089760051448 4
5 1089760051449 4
5 1089760051460 4
5 1089760051461 4
5 1089760051464 4
5 1089760051465 4
5 1089760051490 4
5 1089760051491 4
5 1089760051544 4
5 1089760051545 4
5 1089760051572 4
5 1089760051573 4
5 1089760051582 4
5 1089760051583 4
5 1089760051596 4
5 1089760051597 4
5 1089760051634 4
5 1089760051635 4
5 1089760051640 4
5 1089760051641 4
5 1089760051688 4
5 1089760051689 4
5 1089760051712 1
5 1089760051713 2
5 1089760051714 2
5 1089760051715 3
5 1089760051716 2
5 1089760051717 3
5 1089760051718 3
5 1089760051719 3
5 1089760051720 1
5 1089760051721 1
5 1089760051722 2
5 1089760051723 1
5 1089760051724 2
5 1089760051725 2
5 1089760051726 7
5 1089760051727 5
5 1089760051728 2
5 1089760051729 1
5 1089760051731 4
5 1089760051732 1
5 1089760051733 2
5 1089760051734 3
5 1089760051735 4
5 1089760051736 3
5 1089760051737 2
5 1089760051738 3
5 1089760051739 4
5 1089760051741 2
5 1089760051742 7
5 1089760051743 2
5 1089760051746 1
5 1089760051748 3
5 1089760051749 4
5 1089760051750 2
5 1089760051751 1
5 1089760051752 4
5 1089760051754 6
5 1089760051755 1
5 1089760051756 2
5 1089760051757 2
5 1089760051759 8
5 1089760051760 2
5 1089760051761 4
5 1089760051762 1
5 1089760051763 4
5 1089760051764 2
5 1089760051765 5
5 1089760051766 1
5 1089760051767 1
5 1089760051769 1
5 1089760051770 4
5 1089760051771 1
5 1089760051772 1
5 1089760051773 3
5 1089760051774 3
5 1089760051775 3
5 1089760051776 3
5 1089760051777 2
5 1089760051778 2
5 1089760051779 1
5 1089760051780 2
5 1089760051781 1
5 1089760051782 2
5 1089760051783 2
5 1089760051784 1
5 1089760051785 2
5 1089760051786 2
5 1089760051787 1
5 1089760051788 3
5 1089760051789 1
5 1089760051790 3
5 1089760051791 1
5 1089760051792 2
5 1089760051793 1
5 1089760051794 2
5 1089760051795 2
5 1089760051796 1
5 1089760051797 4
5 1089760051798 4
5 1089760051799 2
5 1089760051800 2
5 1089760051801 3
5 1089760051802 2
5 1089760051803 2
5 1089760051804 2
5 1089760051805 2
5 1089760051806 1
5 1089760051807 2
5 1089760051808 2
5 1089760051809 5
5 1089760051810 1
5 1089760051812 1
5 1089760051814 2
5 1089760051815 1
5 1089760051817 3
5 1089760051818 2
5 1089760051819 4
5 1089760051820 1
5 1089760051821 3
5 1089760051822 1
5 1089760051823 7
5 1089760051824 3
5 1089760051825 3
5 1089760051826 4
5 1089760051827 1
5 1089760051828 1
5 1089760051829 1
5 1089760051831 3
5 1089760051832 3
5 1089760051833 2
5 1089760051834 2
5 1089760051835 1
5 1089760051836 1
5 1089760051837 2
5 1089760051838 1
5 1089760051840 2
5 1089760051841 2
5 1089760051842 2
5 1089760051843 3
5 1089760051844 2
5 1089760051845 2
5 1089760051846 1
5 1089760051848 2
5 1089760051849 2
5 1089760051850 1
5 1089760051851 5
5 1089760051852 2
5 1089760051853 2
5 1089760051854 1
5 1089760051855 2
5 1089760051856 2
5 1089760051857 6
5 1089760051858 2
5 1089760051859 3
5 1089760051860 1
5 1089760051862 3
5 1089760051863 3
5 1089760051864 3
5 1089760051866 1
5 1089760051867 3
5 1089760051868 4
5 1089760051869 1
5 1089760051870 4
5 1089760051871 1
5 1089760051872 2
5 1089760051873 4
5 1089760051874 2
5 1089760051875 2
5 1089760051876 2
5 1089760051877 1
5 1089760051879 2
5 1089760051881 2
5 1089760051883 2
5 1089760051884 1
5 1089760051885 3
5 1089760051886 2
5 1089760051887 1
5 1089760051888 4
5 1089760051890 5
5 1089760051892 2
5 1089760051893 2
5 1089760051894 2
5 1089760051896 1
5 1089760051897 4
5 1089760051898 3
5 1089760051899 3
5 1089760051900 1
5 1089760051901 2
5 1089760051902 1
5 1089760051903 3
5 1089760051904 2
5 1089760051906 1
5 1089760051908 1
5 1089760051909 2
5 1089760051910 3
5 1089760051911 6
5 1089760051912 2
5 1089760051913 1
5 1089760051914 3
5 1089760051915 3
5 1089760051916 2
5 1089760051917 1
5 1089760051918 1
5 1089760051919 2
5 1089760051920 4
5 1089760051921 3
5 1089760051922 1
5 1089760051923 4
5 1089760051924 2
5 1089760051926 2
5 1089760051927 6
5 1089760051928 1
5 1089760051929 2
5 1089760051931 3
5 1089760051932 3
5 1089760051935 6
5 1089760051936 3
5 1089760051937 2
5 1089760051938 1
5 1089760051939 2
5 1089760051940 3
5 1089760051941 1
5 1089760051942 1
5 1089760051943 6
5 1089760051944 2
5 1089760051945 1
5 1089760051946 2
5 1089760051948 4
5 1089760051949 1
5 1089760051950 3
5 1089760051951 2
5 1089760051952 2
5 1089760051953 2
5 1089760051954 2
5 1089760051956 5
5 1089760051957 2
5 1089760051958 6
5 1089760051959 3
5 1089760051960 2
5 1089760051961 4
5 1089760051962 2
5 1089760051964 2
5 1089760051965 1
5 1089760051969 2
5 1089760051970 2
5 1089760051971 2
5 1089760051972 1
5 1089760051973 1
5 1089760051974 1
5 1089760051975 3
5 1089760051976 1
5 1089760051977 3
5 1089760051978 2
5 1089760051979 3
5 1089760051980 2
5 1089760051981 1
5 1089760051982 3
5 1089760051983 2
5 1089760051984 5
5 1089760051985 5
5 1089760051986 1
5 1089760051987 3
5 1089760051988 4
5 1089760051989 3
5 1089760051990 2
5 1089760051992 3
5 1089760051993 1
5 1089760051994 2
5 1089760051996 1
5 1089760051997 1
5 1089760051998 3
5 1089760051999 1
5 1089760052000 1
5 1089760052001 2
5 1089760052002 1
5 1089760052003 2
5 1089760052004 3
5 1089760052005 1
5 1089760052006 5
5 1089760052007 1
5 1089760052008 4
5 1089760052009 3
5 1089760052011 3
5 1089760052013 1
5 1089760052014 3
5 1089760052015 6
5 1089760052017 1
5 1089760052018 2
5 1089760052019 2
5 1089760052020 1
5 1089760052021 3
5 1089760052022 3
5 1089760052023 6
5 1089760052024 2
5 1089760052025 3
5 1089760052026 1
5 1089760052027 2
5 1089760052028 3
5 1089760052029 5
5 1089760052030 1
5 1089760052031 3
5 1089760052032 1
5 1089760052033 4
5 1089760052034 4
5 1089760052035 3
5 1089760052036 3
5 1089760052038 2
5 1089760052039 1
5 1089760052040 2
5 1089760052041 4
5 1089760052042 2
5 1089760052043 3
5 1089760052044 2
5 1089760052045 2
5 1089760052046 2
5 1089760052048 2
5 1089760052049 3
5 1089760052050 1
5 1089760052051 2
5 1089760052052 2
5 1089760052054 2
5 1089760052055 4
5 1089760052056 1
5 1089760052057 5
5 1089760052058 1
5 1089760052059 1
5 1089760052060 2
5 1089760052061 2
5 1089760052062 1
5 1089760052063 3
5 1089760052064 3
5 1089760052065 1
5 1089760052066 3
5 1089760052067 3
5 1089760052068 1
5 1089760052069 1
5 1089760052070 3
5 1089760052071 1
5 1089760052072 5
5 1089760052073 4
5 1089760052074 1
5 1089760052075 2
5 1089760052076 3
5 1089760052077 2
5 1089760052079 1
5 1089760052080 1
5 1089760052081 1
5 1089760052082 2
5 1089760052083 3
5 1089760052084 1
5 1089760052085 4
5 1089760052086 1
5 1089760052087 1
5 1089760052088 5
5 1089760052089 2
5 1089760052090 2
5 1089760052091 2
5 1089760052092 4
5 1089760052093 5
5 1089760052094 3
5 1089760052095 2
5 1089760052096 3
5 1089760052097 3
5 1089760052099 7
5 1089760052100 5
5 1089760052101 2
5 1089760052103 4
5 1089760052104 6
5 1089760052105 4
5 1089760052106 2
5 1089760052108 1
5 1089760052109 3
5 1089760052110 2
5 1089760052111 5
5 1089760052112 4
5 1089760052113 3
5 1089760052114 4
5 1089760052115 2
5 1089760052116 3
5 1089760052117 4
5 1089760052118 1
5 1089760052119 2
5 1089760052120 1
5 1089760052122 6
5 1089760052123 2
5 1089760052124 4
5 1089760052125 2
5 1089760052126 6
5 1089760052127 4
5 1089760052129 5
5 1089760052130 4
5 1089760052131 1
5 1089760052132 6
5 1089760052133 1
5 1089760052134 2
5 1089760052135 1
5 1089760052136 2
5 1089760052137 4
5 1089760052138 3
5 1089760052139 1
5 1089760052140 1
5 1089760052142 2
5 1089760052143 3
5 1089760052144 1
5 1089760052145 1
5 1089760052146 2
5 1089760052147 2
5 1089760052148 1
5 1089760052150 4
5 1089760052151 3
5 1089760052152 2
5 1089760052153 4
5 1089760052154 1
5 1089760052155 5
5 1089760052156 3
5 1089760052157 2
5 1089760052158 2
5 1089760052159 1
5 1089760052161 2
5 1089760052162 4
5 1089760052163 3
5 1089760052164 2
5 1089760052165 5
5 1089760052167 1
5 1089760052168 2
5 1089760052171 2
5 1089760052172 3
5 1089760052173 2
5 1089760052175 4
5 1089760052177 2
5 1089760052178 1
5 1089760052179 3
5 1089760052180 2
5 1089760052181 4
5 1089760052182 3
5 1089760052184 2
5 1089760052185 2
5 1089760052190 5
5 1089760052191 3
5 1089760052192 2
5 1089760052193 4
5 1089760052194 3
5 1089760052196 5
5 1089760052197 1
5 1089760052198 4
5 1089760052199 3
5 1089760052200 5
5 1089760052201 1
5 1089760052203 1
5 1089760052204 4
5 1089760052205 2
5 1089760052206 4
5 1089760052207 2
5 1089760052208 1
5 1089760052209 7
5 1089760052210 2
5 1089760052211 2
5 1089760052212 3
5 1089760052213 1
5 1089760052214 2
5 1089760052215 4
5 1089760052216 4
5 1089760052217 5
5 1089760052218 1
5 1089760052219 3
5 1089760052221 2
5 1089760052222 2
5 1089760052223 4
5 1089760052321 3
5 1089760052322 12
5 1089760052324 2
5 1089760052326 9
5 1089760052327 8
5 1089760052441 9
5 1089760052442 2
5 1089760052443 4
5 1089760052446 8
5 1089760052447 3
5 1089760052563 2
5 1089760052564 4
5 1089760052565 6
5 1089760052567 2
5 1089760052682 8
5 1089760052683 3
5 1089760052684 8
5 1089760052687 3
5 1089760052800 11
5 1089760052802 9
5 1089760052804 6
5 1089760052806 3
5 1089760052921 5
5 1089760052922 5
5 1089760052923 2
5 1089760052924 8
5 1089760052926 3
5 1089760052927 11
5 1089760052976 6
5 1089760052978 6
5 1089760052980 7
5 1089760052981 14
5 1089760052982 4
5 1089760052994 8
5 1089760052995 6
5 1089760052997 5
5 1089760053218 9
5 1089760053220 8
5 1089760053222 3
5 1089760053223 5
5 1089760053265 5
5 1089760053266 14
5 1089760053267 11
5 1089760053268 7
5 1089760053269 5
5 1089760053280 16
5 1089760053281 5
5 1089760053284 18
5 1089760053287 8
5 1089760053385 4
5 1089760053388 13
5 1089760053604 11
5 1089760053605 7
5 1089760053607 5
5 1089760053712 8
5 1089760053713 5
5 1089760053714 7
5 1089760053715 7
5 1089760053716 9
5 1089760053717 21
5 1089760053718 5
5 1089760053754 5
5 1089760053756 23
5 1089760053758 12
5 1089760053808 3
5 1089760053812 6
5 1089760053813 5
5 1089760053814 7
5 1089760053815 8
5 1089760053960 4
5 1089760053961 6
5 1089760053962 9
5 1089760053963 3
5 1089760053964 13
5 1089760053965 15
5 1089760053966 17
5 1089760053967 12
5 1089760053984 8
5 1089760053985 24
5 1089760053988 7
5 1089760053990 22
5 1089760053991 3
5 1089760054176 24
5 1089760054177 23
5 1089760054178 22
5 1089760054179 28
5 1089760054180 22
5 1089760054181 21
5 1089760054182 29
5 1089760054183 10
6 1089760034864 45
6 1089760034865 45
6 1089760034866 16
6 1089760034867 321
6 1089760034868 63
6 1089760034869 36
6 1089760034870 474
6 1089760034871 99
6 1089760034872 94
6 1089760034873 165
6 1089760034875 40
6 1089760034876 230
6 1089760034877 523
6 1089760034878 82
6 1089760034879 186
6 1089760035104 46
6 1089760035105 112
6 1089760035106 170
6 1089760035107 403
6 1089760035108 50
6 1089760035109 215
6 1089760035110 36
6 1089760035111 46
6 1089760035112 53
6 1089760035113 28
6 1089760035114 373
6 1089760035115 352
6 1089760035116 60
6 1089760035117 100
6 1089760035118 176
6 1089760035119 53
6 1089760035344 279
6 1089760035345 165
6 1089760035346 62
6 1089760035347 50
6 1089760035348 35
6 1089760035349 48
6 1089760035350 287
6 1089760035351 26
6 1089760035352 41
6 1089760035353 257
6 1089760035354 16
6 1089760035355 20
6 1089760035356 128
6 1089760035357 52
6 1089760035358 26
6 1089760035359 137
6 1089760035584 2047
6 1089760035585 126
6 1089760035586 86
6 1089760035587 367
6 1089760035588 16
6 1089760035589 20
6 1089760035590 32
6 1089760035591 209
6 1089760035592 26
6 1089760035593 38
6 1089760035594 56
6 1089760035595 95
6 1089760035596 328
6 1089760035597 112
6 1089760035598 50
6 1089760035599 28
6 1089760035824 61
6 1089760035825 92
6 1089760035826 28
6 1089760035827 59
6 1089760035828 51
6 1089760035829 62
6 1089760035830 20
6 1089760035831 27
6 1089760035832 23
6 1089760035833 20
6 1089760035834 37
6 1089760035835 37
6 1089760035836 10
6 1089760035837 42
6 1089760035838 26
6 1089760035839 18
6 1089760036064 46
6 1089760036065 69
6 1089760036066 93
6 1089760036067 52
6 1089760036068 22
6 1089760036069 40
6 1089760036070 99
6 1089760036071 32
6 1089760036072 189
6 1089760036073 213
6 1089760036074 18
6 1089760036075 23
6 1089760036076 30
6 1089760036077 58
6 1089760036078 27
6 1089760036079 20
6 1089760036464 46
6 1089760036465 42
6 1089760036466 20
6 1089760036467 32
6 1089760036468 91
6 1089760036469 24
6 1089760036470 18
6 1089760036471 127
6 1089760036472 24
6 1089760036473 28
6 1089760036474 20
6 1089760036475 52
6 1089760036476 754
6 1089760036477 38
6 1089760036478 36
6 1089760036479 18
6 1089760036512 478
6 1089760036513 44
6 1089760036514 50
6 1089760036516 12
6 1089760036517 22
6 1089760036518 30
6 1089760036519 16
6 1089760036520 20
6 1089760036521 10
6 1089760036522 50
6 1089760036523 260
6 1089760036524 32
6 1089760036525 36
6 1089760036526 18
6 1089760036527 32
6 1089760037200 36
6 1089760037201 4
6 1089760037202 74
6 1089760037203 47
6 1089760037204 32
6 1089760037205 46
6 1089760037206 30
6 1089760037207 22
6 1089760037208 204
6 1089760037209 322
6 1089760037210 24
6 1089760037211 56
6 1089760037212 1435
6 1089760037213 32
6 1089760037214 42
6 1089760037215 14
6 1089760037376 34
6 1089760037377 16
6 1089760037378 78
6 1089760037379 68
6 1089760037380 32
6 1089760037381 42
6 1089760037382 48
6 1089760037383 38
6 1089760037384 87
6 1089760037385 32
6 1089760037386 939
6 1089760037387 317
6 1089760037388 465
6 1089760037389 83
6 1089760037390 30
6 1089760037391 142
6 1089760037456 28
6 1089760037457 30
6 1089760037458 117
6 1089760037459 40
6 1089760037460 269
6 1089760037461 246
6 1089760037462 57
6 1089760037463 218
6 1089760037464 918
6 1089760037465 129
6 1089760037466 34
6 1089760037467 351
6 1089760037468 18
6 1089760037469 22
6 1089760037470 24
6 1089760037471 137
6 1089760037632 47
6 1089760037633 66
6 1089760037634 172
6 1089760037635 75
6 1089760037636 256
6 1089760037637 105
6 1089760037638 26
6 1089760037639 479
6 1089760037640 24
6 1089760037641 54
6 1089760037642 317
6 1089760037643 278
6 1089760037645 18
6 1089760037646 36
6 1089760037647 8
6 1089760037872 38
6 1089760037873 147
6 1089760037874 64
6 1089760037875 256
6 1089760037876 154
6 1089760037877 54
6 1089760037878 107
6 1089760037879 109
6 1089760037880 141
6 1089760037881 279
6 1089760037882 75
6 1089760037883 64
6 1089760037884 442
6 1089760037885 286
6 1089760037886 224
6 1089760037887 204
6 1089760038032 49
6 1089760038033 245
6 1089760038034 90
6 1089760038035 36
6 1089760038036 325
6 1089760038037 145
6 1089760038038 183
6 1089760038039 233
6 1089760038040 50
6 1089760038041 124
6 1089760038042 181
6 1089760038043 120
6 1089760038044 76
6 1089760038045 72
6 1089760038046 58
6 1089760038047 44
6 1089760038608 446
6 1089760038609 127
6 1089760038610 200
6 1089760038611 88
6 1089760038612 54
6 1089760038613 77
6 1089760038614 44
6 1089760038615 38
6 1089760038616 40
6 1089760038617 137
6 1089760038618 532
6 1089760038619 56
6 1089760038620 139
6 1089760038621 409
6 1089760038622 244
6 1089760038623 494
6 1089760038640 66
6 1089760038641 48
6 1089760038642 38
6 1089760038643 125
6 1089760038644 48
6 1089760038645 42
6 1089760038646 347
6 1089760038647 153
6 1089760038648 62
6 1089760038649 60
6 1089760038650 72
6 1089760038651 1022
6 1089760038652 87
6 1089760038653 438
6 1089760038654 58
6 1089760038655 36
6 1089760038656 207
6 1089760038657 408
6 1089760038658 78
6 1089760038659 1146
6 1089760038660 58
6 1089760038661 60
6 1089760038662 211
6 1089760038663 56
6 1089760038664 48
6 1089760038665 66
6 1089760038666 52
6 1089760038667 40
6 1089760038668 28
6 1089760038669 50
6 1089760038670 173
6 1089760038671 204
6 1089760039052 5
6 1089760039053 12
6 1089760039054 1
6 1089760039055 11
6 1089760039056 11
6 1089760039057 14
6 1089760039060 23
6 1089760039061 3
6 1089760039062 12
6 1089760039063 23
6 1089760039064 30
6 1089760039065 11
6 1089760039066 8
6 1089760039067 37
6 1089760039068 2
6 1089760039069 12
6 1089760039070 11
6 1089760039071 79
6 1089760039072 16
6 1089760039073 9
6 1089760039074 80
6 1089760039075 10
6 1089760039076 27
6 1089760039077 5
6 1089760039078 4
6 1089760039079 347
6 1089760039080 14
6 1089760039081 14
6 1089760039082 141
6 1089760039083 13
6 1089760039087 8
6 1089760039088 14
6 1089760039089 134
6 1089760039090 48
6 1089760039092 8
6 1089760039093 48
6 1089760039095 31
6 1089760039096 4
6 1089760039097 479
6 1089760039098 9
6 1089760039099 710
6 1089760039100 4
6 1089760039101 14
6 1089760039102 14
6 1089760039776 27
6 1089760039777 29
6 1089760039778 11
6 1089760039781 23
6 1089760039782 48
6 1089760039783 46
6 1089760039784 123
6 1089760039785 60
6 1089760039786 16
6 1089760039787 34
6 1089760039788 12
6 1089760039789 19
6 1089760039791 1
6 1089760039792 16
6 1089760039793 9
6 1089760039794 6
6 1089760039795 14
6 1089760039796 8
6 1089760039797 34
6 1089760039798 18
6 1089760039800 93
6 1089760039801 74
6 1089760039802 12
6 1089760039803 12
6 1089760039804 22
6 1089760039805 27
6 1089760039806 2
6 1089760039807 21
6 1089760039808 16
6 1089760039809 19
6 1089760039810 15
6 1089760039811 180
6 1089760039812 19
6 1089760039813 3
6 1089760039814 162
6 1089760039815 9
6 1089760039816 30
6 1089760039817 10
6 1089760039818 2
6 1089760039820 72
6 1089760039821 10
6 1089760039822 8
6 1089760040489 213
6 1089760040490 13
6 1089760040491 2
6 1089760040492 11
6 1089760040493 3
6 1089760040494 4
6 1089760040496 75
6 1089760040497 69
6 1089760040498 26
6 1089760040499 7
6 1089760040500 303
6 1089760040501 1
6 1089760040502 13
6 1089760040503 56
6 1089760040504 14
6 1089760040505 4
6 1089760040508 137
6 1089760040510 194
6 1089760040511 52
6 1089760040512 180
6 1089760040514 49
6 1089760040515 5
6 1089760040516 588
6 1089760040517 6
6 1089760040518 3
6 1089760040519 1
6 1089760040520 13
6 1089760040522 134
6 1089760040523 8
6 1089760040524 57
6 1089760040526 30
6 1089760040527 16
6 1089760040528 15
6 1089760040531 21
6 1089760040533 23
6 1089760040534 10
6 1089760040535 3
6 1089760041199 21
6 1089760041200 8
6 1089760041201 6
6 1089760041202 347
6 1089760041203 13
6 1089760041204 15
6 1089760041206 8
6 1089760041207 77
6 1089760041209 9
6 1089760041210 16
6 1089760041212 4
6 1089760041213 10
6 1089760041214 7
6 1089760041216 80
6 1089760041217 127
6 1089760041218 97
6 1089760041219 4
6 1089760041220 43
6 1089760041222 2
6 1089760041224 7
6 1089760041225 308
6 1089760041226 5
6 1089760041227 9
6 1089760041228 4
6 1089760041229 44
6 1089760041231 6
6 1089760041232 4
6 1089760041233 63
6 1089760041234 9
6 1089760041235 8
6 1089760041236 9
6 1089760041238 14
6 1089760041239 83
6 1089760041240 15
6 1089760041241 4
6 1089760041242 26
6 1089760041243 156
6 1089760041244 316
6 1089760041245 4
6 1089760041928 61
6 1089760041929 6
6 1089760041930 109
6 1089760041931 9
6 1089760041932 4
6 1089760041933 31
6 1089760041934 2
6 1089760041935 846
6 1089760041936 5
6 1089760041937 9
6 1089760041938 2
6 1089760041940 7
6 1089760041941 181
6 1089760041942 5
6 1089760041943 8
6 1089760041944 18
6 1089760041945 4
6 1089760041946 7
6 1089760041948 2
6 1089760041950 220
6 1089760041951 15
6 1089760041952 5
6 1089760041954 62
6 1089760041955 5
6 1089760041957 17
6 1089760041958 7
6 1089760041959 51
6 1089760041960 4
6 1089760041961 11
6 1089760041964 40
6 1089760041965 16
6 1089760041966 10
6 1089760041969 6
6 1089760041970 8
6 1089760041971 3
6 1089760041972 119
6 1089760041973 5
6 1089760042657 9
6 1089760042658 116
6 1089760042660 4
6 1089760042661 17
6 1089760042662 14
6 1089760042663 4
6 1089760042664 10
6 1089760042666 97
6 1089760042667 7
6 1089760042668 5
6 1089760042669 11
6 1089760042670 86
6 1089760042671 2
6 1089760042672 81
6 1089760042673 6
6 1089760042674 26
6 1089760042675 346
6 1089760042676 10
6 1089760042677 7
6 1089760042679 4
6 1089760042680 18
6 1089760042681 24
6 1089760042682 6
6 1089760042683 6
6 1089760042684 7
6 1089760042685 98
6 1089760042686 11
6 1089760042688 9
6 1089760042690 7
6 1089760042691 5
6 1089760042693 3
6 1089760042694 10
6 1089760042695 12
6 1089760042696 1
6 1089760042697 8
6 1089760042700 4
6 1089760042701 6
6 1089760042703 4
6 1089760043848 3
6 1089760043849 18
6 1089760043850 7
6 1089760043851 95
6 1089760043852 7
6 1089760043853 5
6 1089760043854 19
6 1089760043855 7
6 1089760043856 7
6 1089760043857 5
6 1089760043859 5
6 1089760043860 17
6 1089760043861 3
6 1089760043862 6
6 1089760043863 4
6 1089760043864 14
6 1089760043867 4
6 1089760043868 10
6 1089760043869 13
6 1089760043870 8
6 1089760043871 9
6 1089760043872 15
6 1089760043873 10
6 1089760043874 6
6 1089760043876 18
6 1089760043877 8
6 1089760043878 16
6 1089760043881 12
6 1089760043882 11
6 1089760043883 14
6 1089760043884 11
6 1089760043885 19
6 1089760043886 14
6 1089760043887 4
6 1089760043888 11
6 1089760043889 13
6 1089760043891 14
6 1089760043892 13
6 1089760043893 9
6 1089760043894 1
6 1089760043895 6
6 1089760043997 6
6 1089760043998 21
6 1089760043999 8
6 1089760044000 13
6 1089760044001 9
6 1089760044002 16
6 1089760044003 91
6 1089760044004 18
6 1089760044005 5
6 1089760044007 9
6 1089760044012 6
6 1089760044013 14
6 1089760044016 12
6 1089760044018 5
6 1089760044019 7
6 1089760044020 9
6 1089760044021 3
6 1089760044022 6
6 1089760044023 4
6 1089760044025 5
6 1089760044027 6
6 1089760044028 162
6 1089760044029 10
6 1089760044030 18
6 1089760044031 7
6 1089760044032 6
6 1089760044033 5
6 1089760044034 24
6 1089760044035 3
6 1089760044036 3
6 1089760044038 5
6 1089760044039 14
6 1089760044040 13
6 1089760044041 2
6 1089760044043 9
6 1089760044044 3
6 1089760044045 7
6 1089760046067 2
6 1089760046068 12
6 1089760046069 306
6 1089760046070 6
6 1089760046073 11
6 1089760046074 17
6 1089760046075 10
6 1089760046076 12
6 1089760046077 18
6 1089760046078 1551
6 1089760046079 6
6 1089760046080 11
6 1089760046081 17
6 1089760046082 67
6 1089760046083 10
6 1089760046084 17
6 1089760046085 6
6 1089760046086 5
6 1089760046087 11
6 1089760046089 6
6 1089760046091 12
6 1089760046092 118
6 1089760046094 48
6 1089760046095 5
6 1089760046096 20
6 1089760046097 5
6 1089760046098 6
6 1089760046099 7
6 1089760046100 8
6 1089760046101 2
6 1089760046102 8
6 1089760046103 10
6 1089760046104 16
6 1089760046105 3
6 1089760046106 7
6 1089760046107 13
6 1089760046108 8
6 1089760046109 324
6 1089760046111 6
6 1089760046112 9
6 1089760046113 103
6 1089760046114 2
6 1089760046599 5
6 1089760046600 9
6 1089760046601 6
6 1089760046602 4
6 1089760046603 15
6 1089760046604 3
6 1089760046605 176
6 1089760046607 8
6 1089760046608 25
6 1089760046609 3
6 1089760046610 7
6 1089760046611 89
6 1089760046612 4
6 1089760046613 1
6 1089760046614 51
6 1089760046615 4
6 1089760046616 37
6 1089760046618 11
6 1089760046619 13
6 1089760046620 2
6 1089760046621 5
6 1089760046622 9
6 1089760046623 18
6 1089760046624 9
6 1089760046627 1
6 1089760046628 15
6 1089760046629 3
6 1089760046630 9
6 1089760046631 6
6 1089760046632 13
6 1089760046633 11
6 1089760046634 15
6 1089760046635 72
6 1089760046636 13
6 1089760046637 10
6 1089760046639 8
6 1089760046640 10
6 1089760046641 13
6 1089760046642 15
6 1089760046643 8
6 1089760046644 9
6 1089760046646 8
6 1089760046839 13
6 1089760046840 7
6 1089760046843 11
6 1089760046844 13
6 1089760046845 54
6 1089760046846 6
6 1089760046847 6
6 1089760046848 10
6 1089760046849 6
6 1089760046850 91
6 1089760046851 13
6 1089760046852 11
6 1089760046853 130
6 1089760046854 12
6 1089760046855 17
6 1089760046856 10
6 1089760046857 7
6 1089760046858 278
6 1089760046859 36
6 1089760046860 5
6 1089760046861 3
6 1089760046862 14
6 1089760046863 10
6 1089760046864 5
6 1089760046865 118
6 1089760046866 21
6 1089760046867 9
6 1089760046869 9
6 1089760046870 272
6 1089760046871 5
6 1089760046874 5
6 1089760046875 18
6 1089760046876 86
6 1089760046879 11
6 1089760046881 20
6 1089760046882 3
6 1089760046883 9
6 1089760046884 146
6 1089760046885 14
6 1089760046886 13
6 1089760046887 96
6 1089760047369 8
6 1089760047370 27
6 1089760047372 15
6 1089760047373 22
6 1089760047374 15
6 1089760047375 5
6 1089760047376 12
6 1089760047377 222
6 1089760047378 10
6 1089760047379 16
6 1089760047380 8
6 1089760047381 2
6 1089760047382 4
6 1089760047383 5
6 1089760047385 26
6 1089760047386 66
6 1089760047387 14
6 1089760047388 1
6 1089760047389 104
6 1089760047390 10
6 1089760047391 22
6 1089760047392 5
6 1089760047393 1
6 1089760047394 38
6 1089760047395 12
6 1089760047396 7
6 1089760047397 6
6 1089760047398 6
6 1089760047399 7
6 1089760047400 272
6 1089760047401 5
6 1089760047402 15
6 1089760047403 9
6 1089760047404 16
6 1089760047408 11
6 1089760047411 9
6 1089760047412 14
6 1089760048091 10
6 1089760048092 12
6 1089760048093 248
6 1089760048094 20
6 1089760048095 17
6 1089760048096 29
6 1089760048097 18
6 1089760048098 37
6 1089760048099 102
6 1089760048100 12
6 1089760048101 50
6 1089760048102 34
6 1089760048103 29
6 1089760048104 17
6 1089760048105 23
6 1089760048106 28
6 1089760048107 10
6 1089760048108 19
6 1089760048109 224
6 1089760048110 53
6 1089760048111 85
6 1089760048112 374
6 1089760048113 110
6 1089760048114 61
6 1089760048115 19
6 1089760048116 29
6 1089760048117 18
6 1089760048118 11
6 1089760048119 12
6 1089760048120 15
6 1089760048121 29
6 1089760048122 221
6 1089760048123 19
6 1089760048124 27
6 1089760048125 41
6 1089760048126 22
6 1089760048127 23
6 1089760048128 234
6 1089760048129 19
6 1089760048130 148
6 1089760048131 122
6 1089760048132 21
6 1089760048133 77
6 1089760048134 275
6 1089760048135 55
6 1089760048136 26
6 1089760048137 132
6 1089760048138 28
6 1089760048139 106
6 1089760048565 46
6 1089760048566 43
6 1089760048567 866
6 1089760048568 114
6 1089760048569 21
6 1089760048570 24
6 1089760048571 37
6 1089760048572 29
6 1089760048573 60
6 1089760048574 92
6 1089760048575 85
6 1089760048576 63
6 1089760048577 21
6 1089760048578 26
6 1089760048579 22
6 1089760048580 24
6 1089760048581 21
6 1089760048582 106
6 1089760048583 16
6 1089760048584 18
6 1089760048585 15
6 1089760048586 16
6 1089760048587 35
6 1089760048588 136
6 1089760048589 74
6 1089760048590 16
6 1089760048591 26
6 1089760048592 129
6 1089760048593 144
6 1089760048594 339
6 1089760048595 22
6 1089760048596 25
6 1089760048597 55
6 1089760048598 18
6 1089760048599 25
6 1089760048600 60
6 1089760048601 21
6 1089760048602 30
6 1089760048603 48
6 1089760048604 24
6 1089760048605 138
6 1089760048606 21
6 1089760048607 26
6 1089760048608 25
6 1089760048609 12
6 1089760048610 19
6 1089760050294 11
6 1089760050295 18
6 1089760050296 179
6 1089760050297 21
6 1089760050298 12
6 1089760050299 18
6 1089760050300 89
6 1089760050301 50
6 1089760050302 46
6 1089760050303 184
6 1089760050304 25
6 1089760050305 8
6 1089760050306 33
6 1089760050307 468
6 1089760050308 348
6 1089760050309 33
6 1089760050310 149
6 1089760050311 46
6 1089760050312 39
6 1089760050313 22
6 1089760050314 26
6 1089760050315 25
6 1089760050316 4
6 1089760050317 13
6 1089760050318 11
6 1089760050319 14
6 1089760050320 2
6 1089760050321 28
6 1089760050322 70
6 1089760050323 166
6 1089760050324 28
6 1089760050325 209
6 1089760050326 10
6 1089760050327 67
6 1089760050328 29
6 1089760050329 58
6 1089760050330 273
6 1089760050331 25
6 1089760050332 19
6 1089760050333 332
6 1089760050334 29
6 1089760050335 20
6 1089760050336 19
6 1089760050337 13
6 1089760050338 18
6 1089760050339 18
6 1089760050340 25
6 1089760050341 15
6 1089760050342 5
6 1089760050390 5
6 1089760050391 18
6 1089760050392 21
6 1089760050393 13
6 1089760050394 22
6 1089760050395 6
6 1089760050396 102
6 1089760050397 29
6 1089760050398 7
6 1089760050399 30
6 1089760050400 5
6 1089760050401 270
6 1089760050402 16
6 1089760050403 14
6 1089760050404 21
6 1089760050405 24
6 1089760050406 21
6 1089760050408 22
6 1089760050409 28
6 1089760050410 14
6 1089760050411 11
6 1089760050412 317
6 1089760050413 50
6 1089760050414 29
6 1089760050415 77
6 1089760050416 180
6 1089760050417 35
6 1089760050418 38
6 1089760050419 23
6 1089760050420 447
6 1089760050421 34
6 1089760050422 7
6 1089760050423 22
6 1089760050424 51
6 1089760050425 28
6 1089760050426 16
6 1089760050427 25
6 1089760050428 19
6 1089760050429 2
6 1089760050430 200
6 1089760050431 149
6 1089760050432 107
6 1089760050433 23
6 1089760050434 19
6 1089760050435 13
6 1089760050436 11
6 1089760050437 24
6 1089760050438 10
6 1089760050439 19
6 1089760050440 20
6 1089760050441 21
6 1089760050442 5
6 1089760050443 15
6 1089760050444 25
6 1089760050445 14
6 1089760050446 9
6 1089760050447 7
6 1089760050448 30
6 1089760050449 1465
6 1089760050450 94
6 1089760050451 34
6 1089760050452 117
6 1089760050453 124
6 1089760050454 27
6 1089760050455 38
6 1089760050456 24
6 1089760050457 191
6 1089760050458 18
6 1089760050459 32
6 1089760050460 77
6 1089760050461 35
6 1089760050462 73
6 1089760050463 39
6 1089760050464 14
6 1089760050465 179
6 1089760050466 30
6 1089760050467 29
6 1089760050468 29
6 1089760050469 149
6 1089760050470 23
6 1089760050471 34
6 1089760050472 27
6 1089760050473 34
6 1089760050474 8
6 1089760050475 16
6 1089760050476 12
6 1089760050477 7
6 1089760050478 21
6 1089760050479 23
6 1089760050480 43
6 1089760050481 97
6 1089760050482 73
6 1089760050483 70
6 1089760050484 27
6 1089760050485 15
6 1089760051206 4
6 1089760051207 4
6 1089760051236 4
6 1089760051237 4
6 1089760051266 4
6 1089760051267 4
6 1089760051296 4
6 1089760051297 4
6 1089760051326 4
6 1089760051327 4
6 1089760051356 4
6 1089760051357 4
6 1089760051406 4
6 1089760051407 4
6 1089760051412 4
6 1089760051413 4
6 1089760051498 4
6 1089760051499 4
6 1089760051520 4
6 1089760051521 4
6 1089760051530 4
6 1089760051531 4
6 1089760051552 4
6 1089760051553 4
6 1089760051582 4
6 1089760051583 25
6 1089760051602 4
6 1089760051603 4
6 1089760051674 4
6 1089760051675 4
6 1089760051678 4
6 1089760051679 4
6 1089760051680 4
6 1089760051681 4
6 1089760051712 18
6 1089760051713 24
6 1089760051714 369
6 1089760051715 22
6 1089760051716 80
6 1089760051717 313
6 1089760051718 51
6 1089760051719 22
6 1089760051720 29
6 1089760051721 24
6 1089760051722 116
6 1089760051723 38
6 1089760051724 99
6 1089760051725 46
6 1089760051726 16
6 1089760051727 17
6 1089760051728 95
6 1089760051729 19
6 1089760051730 30
6 1089760051731 288
6 1089760051732 16
6 1089760051733 21
6 1089760051734 800
6 1089760051735 29
6 1089760051736 71
6 1089760051737 38
6 1089760051738 21
6 1089760051739 23
6 1089760051740 20
6 1089760051741 21
6 1089760051742 158
6 1089760051743 21
6 1089760051744 375
6 1089760051745 12
6 1089760051746 24
6 1089760051747 29
6 1089760051748 11
6 1089760051749 51
6 1089760051750 41
6 1089760051751 17
6 1089760051752 16
6 1089760051753 34
6 1089760051754 19
6 1089760051755 16
6 1089760051756 20
6 1089760051757 17
6 1089760051758 20
6 1089760051759 31
6 1089760051760 13
6 1089760051761 14
6 1089760051762 11
6 1089760051763 17
6 1089760051764 17
6 1089760051765 16
6 1089760051766 18
6 1089760051767 16
6 1089760051768 20
6 1089760051769 26
6 1089760051770 72
6 1089760051771 44
6 1089760051772 18
6 1089760051773 24
6 1089760051774 51
6 1089760051775 21
6 1089760051776 26
6 1089760051777 177
6 1089760051778 19
6 1089760051779 17
6 1089760051780 18
6 1089760051781 31
6 1089760051782 15
6 1089760051783 147
6 1089760051784 12
6 1089760051785 16
6 1089760051786 42
6 1089760051787 38
6 1089760051788 127
6 1089760051789 17
6 1089760051790 91
6 1089760051791 122
6 1089760051792 170
6 1089760051793 51
6 1089760051794 25
6 1089760051795 17
6 1089760051796 115
6 1089760051797 162
6 1089760051798 39
6 1089760051799 21
6 1089760051800 360
6 1089760051801 24
6 1089760051802 54
6 1089760051803 19
6 1089760051804 17
6 1089760051805 18
6 1089760051806 122
6 1089760051807 23
6 1089760051808 11
6 1089760051809 27
6 1089760051810 32
6 1089760051811 18
6 1089760051812 27
6 1089760051813 16
6 1089760051814 22
6 1089760051815 17
6 1089760051816 42
6 1089760051817 28
6 1089760051818 18
6 1089760051819 169
6 1089760051820 15
6 1089760051821 41
6 1089760051822 18
6 1089760051823 121
6 1089760051824 21
6 1089760051825 20
6 1089760051826 20
6 1089760051827 14
6 1089760051828 321
6 1089760051829 15
6 1089760051830 139
6 1089760051831 18
6 1089760051832 613
6 1089760051833 28
6 1089760051834 16
6 1089760051835 79
6 1089760051836 11
6 1089760051837 35
6 1089760051838 33
6 1089760051839 28
6 1089760051840 22
6 1089760051841 14
6 1089760051842 25
6 1089760051843 172
6 1089760051844 22
6 1089760051845 18
6 1089760051846 12
6 1089760051847 14
6 1089760051848 291
6 1089760051849 31
6 1089760051850 115
6 1089760051851 111
6 1089760051852 191
6 1089760051853 23
6 1089760051854 619
6 1089760051855 35
6 1089760051856 160
6 1089760051857 18
6 1089760051858 27
6 1089760051859 330
6 1089760051860 15
6 1089760051861 19
6 1089760051862 145
6 1089760051863 111
6 1089760051864 236
6 1089760051865 24
6 1089760051866 13
6 1089760051867 10
6 1089760051868 14
6 1089760051869 15
6 1089760051870 87
6 1089760051871 21
6 1089760051872 84
6 1089760051873 61
6 1089760051874 25
6 1089760051875 129
6 1089760051876 41
6 1089760051877 21
6 1089760051878 20
6 1089760051879 15
6 1089760051880 210
6 1089760051881 28
6 1089760051882 23
6 1089760051883 16
6 1089760051884 32
6 1089760051885 240
6 1089760051886 30
6 1089760051887 18
6 1089760051888 13
6 1089760051889 21
6 1089760051890 360
6 1089760051891 15
6 1089760051892 26
6 1089760051893 16
6 1089760051894 17
6 1089760051895 116
6 1089760051896 25
6 1089760051897 27
6 1089760051898 13
6 1089760051899 125
6 1089760051900 634
6 1089760051901 15
6 1089760051902 23
6 1089760051903 25
6 1089760051904 35
6 1089760051905 47
6 1089760051906 17
6 1089760051907 13
6 1089760051908 23
6 1089760051909 161
6 1089760051910 500
6 1089760051911 205
6 1089760051912 29
6 1089760051913 12
6 1089760051914 11
6 1089760051915 72
6 1089760051916 27
6 1089760051917 16
6 1089760051918 14
6 1089760051919 241
6 1089760051920 19
6 1089760051921 465
6 1089760051922 29
6 1089760051923 604
6 1089760051924 44
6 1089760051925 28
6 1089760051926 190
6 1089760051927 610
6 1089760051928 21
6 1089760051929 14
6 1089760051930 50
6 1089760051931 550
6 1089760051932 17
6 1089760051933 18
6 1089760051934 413
6 1089760051935 11
6 1089760051936 150
6 1089760051937 10
6 1089760051938 70
6 1089760051939 93
6 1089760051940 26
6 1089760051941 177
6 1089760051942 40
6 1089760051943 13
6 1089760051944 18
6 1089760051945 36
6 1089760051946 164
6 1089760051947 24
6 1089760051948 122
6 1089760051949 13
6 1089760051950 202
6 1089760051951 161
6 1089760051952 50
6 1089760051953 26
6 1089760051954 36
6 1089760051955 10
6 1089760051956 37
6 1089760051957 26
6 1089760051958 226
6 1089760051959 25
6 1089760051960 40
6 1089760051961 30
6 1089760051962 315
6 1089760051963 58
6 1089760051964 11
6 1089760051965 610
6 1089760051966 21
6 1089760051967 27
6 1089760051968 15
6 1089760051969 1524
6 1089760051970 16
6 1089760051971 16
6 1089760051972 21
6 1089760051973 19
6 1089760051974 15
6 1089760051975 18
6 1089760051976 174
6 1089760051977 21
6 1089760051978 43
6 1089760051979 23
6 1089760051980 20
6 1089760051981 22
6 1089760051982 45
6 1089760051983 20
6 1089760051984 44
6 1089760051985 17
6 1089760051986 21
6 1089760051987 23
6 1089760051988 16
6 1089760051989 18
6 1089760051990 24
6 1089760051991 76
6 1089760051992 22
6 1089760051993 28
6 1089760051994 30
6 1089760051995 13
6 1089760051996 101
6 1089760051997 15
6 1089760051998 27
6 1089760051999 18
6 1089760052000 12
6 1089760052001 119
6 1089760052002 36
6 1089760052003 16
6 1089760052004 24
6 1089760052005 45
6 1089760052006 16
6 1089760052007 29
6 1089760052008 88
6 1089760052009 433
6 1089760052010 392
6 1089760052011 33
6 1089760052012 71
6 1089760052013 13
6 1089760052014 50
6 1089760052015 927
6 1089760052016 10
6 1089760052017 17
6 1089760052018 20
6 1089760052019 243
6 1089760052020 943
6 1089760052021 21
6 1089760052022 70
6 1089760052023 17
6 1089760052024 24
6 1089760052025 39
6 1089760052026 22
6 1089760052027 17
6 1089760052028 18
6 1089760052029 14
6 1089760052030 13
6 1089760052031 24
6 1089760052032 22
6 1089760052033 17
6 1089760052034 63
6 1089760052035 145
6 1089760052036 24
6 1089760052037 23
6 1089760052038 13
6 1089760052039 19
6 1089760052040 18
6 1089760052041 116
6 1089760052042 49
6 1089760052043 47
6 1089760052044 30
6 1089760052045 114
6 1089760052046 23
6 1089760052047 30
6 1089760052048 17
6 1089760052049 19
6 1089760052050 23
6 1089760052051 15
6 1089760052052 48
6 1089760052053 105
6 1089760052054 30
6 1089760052055 16
6 1089760052056 16
6 1089760052057 16
6 1089760052058 19
6 1089760052059 14
6 1089760052060 26
6 1089760052061 18
6 1089760052062 17
6 1089760052063 74
6 1089760052064 12
6 1089760052065 43
6 1089760052066 13
6 1089760052067 23
6 1089760052068 29
6 1089760052069 18
6 1089760052070 19
6 1089760052071 23
6 1089760052072 16
6 1089760052073 1491
6 1089760052074 24
6 1089760052075 20
6 1089760052076 54
6 1089760052077 14
6 1089760052078 15
6 1089760052079 105
6 1089760052080 18
6 1089760052081 10
6 1089760052082 11
6 1089760052083 54
6 1089760052084 48
6 1089760052085 18
6 1089760052086 20
6 1089760052087 16
6 1089760052088 18
6 1089760052089 19
6 1089760052090 36
6 1089760052091 23
6 1089760052092 17
6 1089760052093 15
6 1089760052094 401
6 1089760052095 703
6 1089760052096 19
6 1089760052097 192
6 1089760052098 131
6 1089760052099 48
6 1089760052100 17
6 1089760052101 15
6 1089760052102 15
6 1089760052103 31
6 1089760052104 25
6 1089760052105 47
6 1089760052106 10
6 1089760052107 151
6 1089760052108 11
6 1089760052109 38
6 1089760052110 12
6 1089760052111 18
6 1089760052112 20
6 1089760052113 365
6 1089760052114 19
6 1089760052115 68
6 1089760052116 14
6 1089760052117 12
6 1089760052118 127
6 1089760052119 87
6 1089760052120 17
6 1089760052121 73
6 1089760052122 394
6 1089760052123 12
6 1089760052124 20
6 1089760052125 174
6 1089760052126 292
6 1089760052127 53
6 1089760052128 219
6 1089760052129 20
6 1089760052130 17
6 1089760052131 95
6 1089760052132 157
6 1089760052133 15
6 1089760052134 716
6 1089760052135 16
6 1089760052136 88
6 1089760052137 266
6 1089760052138 97
6 1089760052139 134
6 1089760052140 24
6 1089760052141 14
6 1089760052142 22
6 1089760052143 26
6 1089760052144 471
6 1089760052145 18
6 1089760052146 297
6 1089760052147 18
6 1089760052148 29
6 1089760052149 120
6 1089760052150 21
6 1089760052151 18
6 1089760052152 17
6 1089760052153 189
6 1089760052154 19
6 1089760052155 19
6 1089760052156 615
6 1089760052157 26
6 1089760052158 31
6 1089760052159 332
6 1089760052160 13
6 1089760052161 22
6 1089760052162 30
6 1089760052163 18
6 1089760052164 122
6 1089760052165 19
6 1089760052166 32
6 1089760052167 28
6 1089760052168 25
6 1089760052169 64
6 1089760052170 41
6 1089760052171 18
6 1089760052172 26
6 1089760052173 25
6 1089760052174 1336
6 1089760052175 23
6 1089760052176 58
6 1089760052177 13
6 1089760052178 18
6 1089760052179 26
6 1089760052180 22
6 1089760052181 25
6 1089760052182 25
6 1089760052183 235
6 1089760052184 55
6 1089760052185 22
6 1089760052186 23
6 1089760052187 34
6 1089760052188 18
6 1089760052189 58
6 1089760052190 32
6 1089760052191 27
6 1089760052192 1724
6 1089760052193 117
6 1089760052194 19
6 1089760052195 16
6 1089760052196 23
6 1089760052197 30
6 1089760052198 20
6 1089760052199 124
6 1089760052200 922
6 1089760052201 25
6 1089760052202 155
6 1089760052203 29
6 1089760052204 19
6 1089760052205 303
6 1089760052206 33
6 1089760052207 69
6 1089760052208 19
6 1089760052209 1632
6 1089760052210 37
6 1089760052211 273
6 1089760052212 25
6 1089760052213 115
6 1089760052214 82
6 1089760052215 13
6 1089760052216 13
6 1089760052217 25
6 1089760052218 61
6 1089760052219 19
6 1089760052220 36
6 1089760052221 41
6 1089760052222 230
6 1089760052223 252
6 1089760052248 625
6 1089760052249 132
6 1089760052250 26
6 1089760052251 97
6 1089760052252 43
6 1089760052253 139
6 1089760052254 21
6 1089760052255 136
6 1089760052368 37
6 1089760052369 30
6 1089760052370 50
6 1089760052371 400
6 1089760052372 154
6 1089760052373 23
6 1089760052374 35
6 1089760052375 70
6 1089760052488 30
6 1089760052489 15
6 1089760052490 773
6 1089760052491 22
6 1089760052492 438
6 1089760052493 15
6 1089760052494 30
6 1089760052495 22
6 1089760052608 49
6 1089760052609 14
6 1089760052610 149
6 1089760052611 371
6 1089760052612 47
6 1089760052613 14
6 1089760052614 19
6 1089760052615 297
6 1089760052728 26
6 1089760052729 132
6 1089760052730 36
6 1089760052731 279
6 1089760052732 13
6 1089760052733 25
6 1089760052734 17
6 1089760052735 15
6 1089760052848 30
6 1089760052849 270
6 1089760052850 102
6 1089760052851 25
6 1089760052852 28
6 1089760052853 14
6 1089760052854 18
6 1089760052855 11
6 1089760053048 29
6 1089760053049 19
6 1089760053050 16
6 1089760053051 111
6 1089760053052 21
6 1089760053053 24
6 1089760053054 31
6 1089760053055 20
6 1089760053072 33
6 1089760053073 19
6 1089760053074 14
6 1089760053075 17
6 1089760053076 11
6 1089760053077 31
6 1089760053078 20
6 1089760053079 17
6 1089760053416 15
6 1089760053417 32
6 1089760053418 29
6 1089760053419 20
6 1089760053420 21
6 1089760053421 20
6 1089760053422 23
6 1089760053423 19
6 1089760053504 14
6 1089760053505 34
6 1089760053506 46
6 1089760053507 24
6 1089760053508 81
6 1089760053509 305
6 1089760053510 73
6 1089760053511 546
6 1089760053544 21
6 1089760053545 28
6 1089760053546 30
6 1089760053547 33
6 1089760053548 97
6 1089760053549 174
6 1089760053550 18
6 1089760053551 245
6 1089760053632 237
6 1089760053633 49
6 1089760053634 18
6 1089760053635 124
6 1089760053636 31
6 1089760053637 40
6 1089760053638 436
6 1089760053639 14
6 1089760053752 147
6 1089760053753 30
6 1089760053754 181
6 1089760053755 180
6 1089760053756 35
6 1089760053757 33
6 1089760053758 28
6 1089760053759 32
6 1089760053832 376
6 1089760053833 29
6 1089760053834 35
6 1089760053835 572
6 1089760053836 30
6 1089760053837 34
6 1089760053838 312
6 1089760053839 256
6 1089760054120 123
6 1089760054121 33
6 1089760054122 26
6 1089760054123 23
6 1089760054124 143
6 1089760054125 35
6 1089760054126 33
6 1089760054127 141
6 1089760054136 46
6 1089760054137 26
6 1089760054138 181
6 1089760054139 30
6 1089760054140 32
6 1089760054141 47
6 1089760054142 28
6 1089760054143 94
6 1089760054144 153
6 1089760054145 415
6 1089760054146 32
6 1089760054147 48
6 1089760054148 35
6 1089760054149 27
6 1089760054150 26
6 1089760054151 145
7 1089760034960 43
7 1089760034961 201
7 1089760034962 415
7 1089760034963 203
7 1089760034964 53
7 1089760034965 28
7 1089760034966 20
7 1089760034967 22
7 1089760034968 72
7 1089760034969 24
7 1089760034970 26
7 1089760034971 258
7 1089760034972 27
7 1089760034973 60
7 1089760034974 37
7 1089760034975 53
7 1089760035200 23
7 1089760035201 30
7 1089760035202 52
7 1089760035203 42
7 1089760035204 26
7 1089760035205 34
7 1089760035206 157
7 1089760035207 24
7 1089760035208 48
7 1089760035209 277
7 1089760035210 28
7 1089760035211 29
7 1089760035212 28
7 1089760035213 29
7 1089760035214 76
7 1089760035215 329
7 1089760035440 98
7 1089760035441 20
7 1089760035442 26
7 1089760035443 42
7 1089760035444 21
7 1089760035445 24
7 1089760035446 12
7 1089760035447 45
7 1089760035448 10
7 1089760035449 126
7 1089760035450 143
7 1089760035451 484
7 1089760035452 55
7 1089760035453 128
7 1089760035454 140
7 1089760035455 32
7 1089760035680 91
7 1089760035681 201
7 1089760035682 31
7 1089760035683 105
7 1089760035684 59
7 1089760035685 20
7 1089760035686 25
7 1089760035687 25
7 1089760035688 75
7 1089760035689 62
7 1089760035690 20
7 1089760035691 148
7 1089760035692 39
7 1089760035693 64
7 1089760035694 227
7 1089760035695 38
7 1089760035920 22
7 1089760035921 316
7 1089760035922 49
7 1089760035923 61
7 1089760035924 117
7 1089760035925 30
7 1089760035926 42
7 1089760035927 61
7 1089760035928 62
7 1089760035929 39
7 1089760035930 37
7 1089760035931 99
7 1089760035932 26
7 1089760035933 140
7 1089760035934 24
7 1089760035935 42
7 1089760036160 45
7 1089760036161 22
7 1089760036162 149
7 1089760036163 42
7 1089760036164 80
7 1089760036165 32
7 1089760036166 50
7 1089760036167 30
7 1089760036168 29
7 1089760036169 63
7 1089760036170 18
7 1089760036171 18
7 1089760036172 57
7 1089760036173 22
7 1089760036174 36
7 1089760036175 497
7 1089760036496 26
7 1089760036497 543
7 1089760036498 95
7 1089760036499 19
7 1089760036500 39
7 1089760036501 45
7 1089760036502 24
7 1089760036503 30
7 1089760036504 28
7 1089760036505 166
7 1089760036506 36
7 1089760036507 51
7 1089760036508 80
7 1089760036509 22
7 1089760036510 199
7 1089760036511 26
7 1089760036672 24
7 1089760036673 28
7 1089760036674 20
7 1089760036675 138
7 1089760036676 56
7 1089760036677 129
7 1089760036678 81
7 1089760036679 43
7 1089760036680 24
7 1089760036681 88
7 1089760036682 30
7 1089760036683 24
7 1089760036684 42
7 1089760036685 26
7 1089760036686 1899
7 1089760036687 273
7 1089760036768 175
7 1089760036769 65
7 1089760036770 55
7 1089760036771 57
7 1089760036772 63
7 1089760036773 37
7 1089760036774 26
7 1089760036775 24
7 1089760036776 90
7 1089760036777 20
7 1089760036778 580
7 1089760036779 339
7 1089760036780 554
7 1089760036781 186
7 1089760036782 588
7 1089760036783 114
7 1089760036832 26
7 1089760036833 32
7 1089760036834 186
7 1089760036835 168
7 1089760036836 24
7 1089760036837 67
7 1089760036838 22
7 1089760036839 199
7 1089760036840 493
7 1089760036841 42
7 1089760036842 50
7 1089760036843 34
7 1089760036844 18
7 1089760036845 329
7 1089760036846 14
7 1089760036847 276
7 1089760037008 243
7 1089760037009 180
7 1089760037010 188
7 1089760037011 101
7 1089760037012 26
7 1089760037013 225
7 1089760037014 32
7 1089760037015 18
7 1089760037016 92
7 1089760037017 602
7 1089760037018 66
7 1089760037019 24
7 1089760037020 154
7 1089760037021 83
7 1089760037022 106
7 1089760037023 283
7 1089760037648 24
7 1089760037649 26
7 1089760037650 72
7 1089760037651 142
7 1089760037652 24
7 1089760037653 22
7 1089760037654 32
7 1089760037655 98
7 1089760037656 133
7 1089760037657 20
7 1089760037658 195
7 1089760037659 224
7 1089760037660 26
7 1089760037661 24
7 1089760037662 14
7 1089760037663 172
7 1089760038112 10
7 1089760038113 14
7 1089760038114 8
7 1089760038115 4
7 1089760038116 4
7 1089760038117 14
7 1089760038118 8
7 1089760038119 12
7 1089760038120 12
7 1089760038121 6
7 1089760038122 8
7 1089760038123 122
7 1089760038124 16
7 1089760038125 6
7 1089760038126 74
7 1089760038127 10
7 1089760038160 10
7 1089760038161 8
7 1089760038162 41
7 1089760038163 14
7 1089760038164 12
7 1089760038165 16
7 1089760038166 10
7 1089760038167 124
7 1089760038168 12
7 1089760038169 8
7 1089760038170 10
7 1089760038171 119
7 1089760038172 4
7 1089760038173 4
7 1089760038174 16
7 1089760038175 14
7 1089760038288 10
7 1089760038289 12
7 1089760038290 6
7 1089760038291 6
7 1089760038292 6
7 1089760038293 192
7 1089760038294 14
7 1089760038295 187
7 1089760038296 12
7 1089760038297 2
7 1089760038298 4
7 1089760038299 159
7 1089760038300 12
7 1089760038301 33
7 1089760038302 14
7 1089760038303 12
7 1089760038528 6
7 1089760038529 2
7 1089760038530 8
7 1089760038531 10
7 1089760038532 52
7 1089760038533 32
7 1089760038534 14
7 1089760038535 6
7 1089760038536 14
7 1089760038537 14
7 1089760038538 8
7 1089760038539 6
7 1089760038540 8
7 1089760038541 80
7 1089760038542 8
7 1089760038543 12
7 1089760038752 16
7 1089760038753 71
7 1089760038754 8
7 1089760038755 20
7 1089760038756 4
7 1089760038757 10
7 1089760038758 8
7 1089760038759 2
7 1089760038760 98
7 1089760038761 8
7 1089760038762 12
7 1089760038763 12
7 1089760038764 8
7 1089760038765 95
7 1089760038766 10
7 1089760038767 8
7 1089760038800 6
7 1089760038801 14
7 1089760038802 6
7 1089760038803 12
7 1089760038804 45
7 1089760038805 14
7 1089760038806 14
7 1089760038807 45
7 1089760038808 12
7 1089760038809 10
7 1089760038810 10
7 1089760038811 10
7 1089760038812 14
7 1089760038813 16
7 1089760038814 10
7 1089760038815 18
7 1089760039342 22
7 1089760039343 70
7 1089760039344 31
7 1089760039345 77
7 1089760039346 31
7 1089760039347 40
7 1089760039348 44
7 1089760039349 42
7 1089760039350 124
7 1089760039351 26
7 1089760039352 43
7 1089760039353 106
7 1089760039354 22
7 1089760039355 27
7 1089760039356 17
7 1089760039357 72
7 1089760039358 17
7 1089760039359 14
7 1089760039360 17
7 1089760039361 42
7 1089760039362 7
7 1089760039363 25
7 1089760039364 445
7 1089760039365 29
7 1089760039366 24
7 1089760039367 175
7 1089760039368 36
7 1089760039369 440
7 1089760039370 1293
7 1089760039371 157
7 1089760039372 42
7 1089760039373 55
7 1089760039374 49
7 1089760039375 7
7 1089760039376 35
7 1089760039377 44
7 1089760039378 23
7 1089760039379 8
7 1089760039380 9
7 1089760039381 47
7 1089760039382 24
7 1089760039383 35
7 1089760039384 25
7 1089760039385 16
7 1089760039386 115
7 1089760039387 261
7 1089760039388 21
7 1089760039389 1019
7 1089760039390 4
7 1089760040063 10
7 1089760040064 1309
7 1089760040065 114
7 1089760040066 339
7 1089760040067 163
7 1089760040068 71
7 1089760040069 6
7 1089760040070 26
7 1089760040071 25
7 1089760040072 31
7 1089760040073 23
7 1089760040074 9
7 1089760040075 135
7 1089760040076 13
7 1089760040077 81
7 1089760040078 439
7 1089760040079 24
7 1089760040080 20
7 1089760040081 13
7 1089760040082 40
7 1089760040083 294
7 1089760040084 75
7 1089760040085 37
7 1089760040086 26
7 1089760040087 18
7 1089760040088 18
7 1089760040089 321
7 1089760040090 138
7 1089760040091 89
7 1089760040092 12
7 1089760040093 504
7 1089760040094 285
7 1089760040095 17
7 1089760040096 216
7 1089760040097 16
7 1089760040098 16
7 1089760040099 28
7 1089760040100 17
7 1089760040101 19
7 1089760040102 19
7 1089760040103 13
7 1089760040104 280
7 1089760040105 11
7 1089760040106 40
7 1089760040107 22
7 1089760040108 562
7 1089760040109 30
7 1089760040110 14
7 1089760040111 14
7 1089760040775 50
7 1089760040776 140
7 1089760040777 163
7 1089760040778 23
7 1089760040779 27
7 1089760040780 10
7 1089760040781 18
7 1089760040782 181
7 1089760040783 21
7 1089760040784 116
7 1089760040785 43
7 1089760040786 23
7 1089760040787 204
7 1089760040788 14
7 1089760040789 35
7 1089760040790 13
7 1089760040791 34
7 1089760040792 5
7 1089760040793 47
7 1089760040794 26
7 1089760040795 15
7 1089760040796 16
7 1089760040797 145
7 1089760040798 645
7 1089760040799 15
7 1089760040800 128
7 1089760040801 41
7 1089760040802 183
7 1089760040803 160
7 1089760040804 42
7 1089760040805 6
7 1089760040806 35
7 1089760040807 54
7 1089760040808 16
7 1089760040809 78
7 1089760040810 126
7 1089760040811 25
7 1089760040812 428
7 1089760040813 47
7 1089760040814 28
7 1089760040815 44
7 1089760040816 18
7 1089760040817 106
7 1089760040818 356
7 1089760040819 18
7 1089760040820 72
7 1089760040821 34
7 1089760041486 5
7 1089760041487 719
7 1089760041488 19
7 1089760041489 381
7 1089760041490 7
7 1089760041491 7
7 1089760041492 18
7 1089760041493 210
7 1089760041494 7
7 1089760041495 27
7 1089760041496 21
7 1089760041497 53
7 1089760041498 50
7 1089760041499 261
7 1089760041500 16
7 1089760041501 39
7 1089760041502 69
7 1089760041503 4
7 1089760041504 122
7 1089760041505 221
7 1089760041506 20
7 1089760041507 28
7 1089760041508 22
7 1089760041509 21
7 1089760041510 682
7 1089760041511 80
7 1089760041512 31
7 1089760041513 517
7 1089760041514 23
7 1089760041515 37
7 1089760041516 44
7 1089760041517 71
7 1089760041518 233
7 1089760041519 22
7 1089760041520 14
7 1089760041521 13
7 1089760041522 13
7 1089760041523 18
7 1089760041524 30
7 1089760041525 19
7 1089760041526 23
7 1089760041527 477
7 1089760041528 52
7 1089760041529 64
7 1089760041530 10
7 1089760041531 17
7 1089760041532 17
7 1089760041533 30
7 1089760041534 17
7 1089760041535 182
7 1089760042214 42
7 1089760042215 207
7 1089760042216 19
7 1089760042217 20
7 1089760042218 345
7 1089760042219 117
7 1089760042220 70
7 1089760042221 51
7 1089760042222 19
7 1089760042223 132
7 1089760042224 171
7 1089760042225 24
7 1089760042226 49
7 1089760042227 162
7 1089760042228 82
7 1089760042229 35
7 1089760042230 57
7 1089760042231 71
7 1089760042232 23
7 1089760042233 28
7 1089760042234 45
7 1089760042235 28
7 1089760042236 117
7 1089760042237 15
7 1089760042238 288
7 1089760042239 22
7 1089760042240 14
7 1089760042241 192
7 1089760042242 29
7 1089760042243 422
7 1089760042244 28
7 1089760042245 323
7 1089760042246 49
7 1089760042247 211
7 1089760042248 7
7 1089760042249 11
7 1089760042250 24
7 1089760042251 176
7 1089760042252 29
7 1089760042253 92
7 1089760042254 70
7 1089760042255 137
7 1089760042256 17
7 1089760042257 10
7 1089760042258 176
7 1089760042259 36
7 1089760042260 28
7 1089760042943 11
7 1089760042944 33
7 1089760042945 25
7 1089760042946 11
7 1089760042947 103
7 1089760042948 99
7 1089760042949 370
7 1089760042950 25
7 1089760042951 142
7 1089760042952 90
7 1089760042953 20
7 1089760042954 104
7 1089760042955 21
7 1089760042956 21
7 1089760042957 189
7 1089760042958 525
7 1089760042959 14
7 1089760042960 36
7 1089760042961 25
7 1089760042962 27
7 1089760042963 14
7 1089760042964 65
7 1089760042965 33
7 1089760042966 120
7 1089760042967 26
7 1089760042968 223
7 1089760042969 12
7 1089760042970 1232
7 1089760042971 126
7 1089760042972 375
7 1089760042973 165
7 1089760042974 15
7 1089760042975 547
7 1089760042976 23
7 1089760042977 31
7 1089760042978 370
7 1089760042979 14
7 1089760042980 138
7 1089760042981 52
7 1089760042982 134
7 1089760042983 15
7 1089760042984 41
7 1089760042985 26
7 1089760042986 55
7 1089760042987 118
7 1089760042988 19
7 1089760042989 202
7 1089760042990 66
7 1089760042991 13
7 1089760043945 4
7 1089760043946 15
7 1089760043947 20
7 1089760043948 134
7 1089760043949 245
7 1089760043950 66
7 1089760043951 36
7 1089760043952 46
7 1089760043953 21
7 1089760043954 358
7 1089760043955 93
7 1089760043956 12
7 1089760043957 712
7 1089760043958 10
7 1089760043959 49
7 1089760043960 202
7 1089760043961 17
7 1089760043962 88
7 1089760043963 186
7 1089760043964 27
7 1089760043965 53
7 1089760043966 12
7 1089760043967 107
7 1089760043968 22
7 1089760043969 45
7 1089760043970 38
7 1089760043971 91
7 1089760043972 53
7 1089760043973 22
7 1089760043974 16
7 1089760043975 89
7 1089760043976 26
7 1089760043977 18
7 1089760043978 203
7 1089760043979 471
7 1089760043980 22
7 1089760043981 35
7 1089760043982 483
7 1089760043983 16
7 1089760043984 26
7 1089760043985 21
7 1089760043986 268
7 1089760043987 156
7 1089760043988 142
7 1089760043989 15
7 1089760043990 15
7 1089760043991 33
7 1089760043992 14
7 1089760043993 54
7 1089760043994 12
7 1089760043995 14
7 1089760043996 116
7 1089760043997 4
7 1089760044480 14
7 1089760044481 13
7 1089760044482 25
7 1089760044483 262
7 1089760044484 165
7 1089760044485 704
7 1089760044486 112
7 1089760044487 5
7 1089760044488 31
7 1089760044489 59
7 1089760044490 19
7 1089760044491 23
7 1089760044492 283
7 1089760044493 26
7 1089760044494 26
7 1089760044495 13
7 1089760044496 16
7 1089760044497 11
7 1089760044498 23
7 1089760044499 123
7 1089760044500 39
7 1089760044501 28
7 1089760044502 108
7 1089760044503 18
7 1089760044504 28
7 1089760044505 46
7 1089760044506 18
7 1089760044507 40
7 1089760044508 27
7 1089760044509 17
7 1089760044510 75
7 1089760044511 325
7 1089760044512 118
7 1089760044513 144
7 1089760044514 23
7 1089760044515 28
7 1089760044516 24
7 1089760044517 9
7 1089760044518 19
7 1089760044519 17
7 1089760044520 19
7 1089760044521 188
7 1089760044522 18
7 1089760044523 132
7 1089760044524 29
7 1089760044525 83
7 1089760044526 58
7 1089760044527 28
7 1089760044528 18
7 1089760044770 53
7 1089760044771 27
7 1089760044772 406
7 1089760044773 20
7 1089760044774 152
7 1089760044775 11
7 1089760044776 1639
7 1089760044777 299
7 1089760044778 15
7 1089760044779 202
7 1089760044780 6
7 1089760044781 21
7 1089760044782 8
7 1089760044783 7
7 1089760044784 30
7 1089760044785 102
7 1089760044786 31
7 1089760044787 24
7 1089760044788 59
7 1089760044789 176
7 1089760044790 18
7 1089760044791 13
7 1089760044792 11
7 1089760044793 51
7 1089760044794 75
7 1089760044795 17
7 1089760044796 310
7 1089760044797 13
7 1089760044798 32
7 1089760044799 14
7 1089760044800 52
7 1089760044801 273
7 1089760044802 26
7 1089760044803 396
7 1089760044804 23
7 1089760044805 91
7 1089760044806 17
7 1089760044807 13
7 1089760044808 1289
7 1089760044809 104
7 1089760044810 22
7 1089760044811 14
7 1089760044812 77
7 1089760044813 11
7 1089760044814 81
7 1089760044815 24
7 1089760044816 63
7 1089760044817 25
7 1089760044964 44
7 1089760044965 11
7 1089760044966 120
7 1089760044967 39
7 1089760044968 35
7 1089760044969 24
7 1089760044970 215
7 1089760044971 430
7 1089760044972 24
7 1089760044973 77
7 1089760044974 136
7 1089760044975 160
7 1089760044976 154
7 1089760044977 10
7 1089760044978 149
7 1089760044979 18
7 1089760044980 153
7 1089760044981 27
7 1089760044982 168
7 1089760044983 131
7 1089760044984 19
7 1089760044985 473
7 1089760044986 561
7 1089760044987 132
7 1089760044988 309
7 1089760044989 171
7 1089760044990 158
7 1089760044991 34
7 1089760044992 155
7 1089760044993 79
7 1089760044994 57
7 1089760044995 83
7 1089760044996 27
7 1089760044997 1010
7 1089760044998 6
7 1089760044999 57
7 1089760045000 562
7 1089760045001 166
7 1089760045002 351
7 1089760045003 37
7 1089760045004 19
7 1089760045005 15
7 1089760045006 323
7 1089760045007 178
7 1089760045008 365
7 1089760045491 9
7 1089760045492 80
7 1089760045493 27
7 1089760045494 190
7 1089760045495 126
7 1089760045496 13
7 1089760045497 112
7 1089760045498 13
7 1089760045499 46
7 1089760045500 26
7 1089760045501 85
7 1089760045502 101
7 1089760045503 14
7 1089760045504 190
7 1089760045505 12
7 1089760045506 147
7 1089760045507 39
7 1089760045508 13
7 1089760045509 16
7 1089760045510 47
7 1089760045511 17
7 1089760045512 181
7 1089760045513 139
7 1089760045514 19
7 1089760045515 527
7 1089760045516 49
7 1089760045517 19
7 1089760045518 223
7 1089760045519 21
7 1089760045520 69
7 1089760045521 15
7 1089760045522 12
7 1089760045523 17
7 1089760045524 24
7 1089760045525 20
7 1089760045526 458
7 1089760045527 12
7 1089760045528 20
7 1089760045529 25
7 1089760045530 231
7 1089760045531 94
7 1089760045532 12
7 1089760045533 27
7 1089760045534 149
7 1089760045535 13
7 1089760045536 112
7 1089760045537 16
7 1089760045538 8
7 1089760045539 26
7 1089760047416 40
7 1089760047417 8
7 1089760047418 151
7 1089760047419 26
7 1089760047420 55
7 1089760047421 8
7 1089760047422 24
7 1089760047423 287
7 1089760047424 86
7 1089760047425 10
7 1089760047426 14
7 1089760047427 14
7 1089760047428 35
7 1089760047429 52
7 1089760047430 20
7 1089760047431 81
7 1089760047432 9
7 1089760047433 153
7 1089760047434 7
7 1089760047435 20
7 1089760047436 132
7 1089760047437 20
7 1089760047438 31
7 1089760047439 139
7 1089760047440 187
7 1089760047441 14
7 1089760047442 698
7 1089760047443 11
7 1089760047444 67
7 1089760047445 12
7 1089760047446 251
7 1089760047447 11
7 1089760047448 413
7 1089760047449 30
7 1089760047450 38
7 1089760047451 20
7 1089760047452 9
7 1089760047453 24
7 1089760047454 17
7 1089760047455 64
7 1089760047456 49
7 1089760047457 3
7 1089760047458 9
7 1089760047459 169
7 1089760047460 13
7 1089760047461 206
7 1089760048799 2
7 1089760048800 10
7 1089760048801 4
7 1089760048802 9
7 1089760048803 10
7 1089760048804 19
7 1089760048805 17
7 1089760048806 9
7 1089760048807 5
7 1089760048809 4
7 1089760048810 14
7 1089760048813 3
7 1089760048814 4
7 1089760048815 7
7 1089760048816 13
7 1089760048817 4
7 1089760048818 11
7 1089760048819 8
7 1089760048820 7
7 1089760048822 8
7 1089760048823 5
7 1089760048824 4
7 1089760048825 15
7 1089760048826 5
7 1089760048827 21
7 1089760048828 4
7 1089760048829 11
7 1089760048830 120
7 1089760048831 8
7 1089760048832 11
7 1089760048833 6
7 1089760048834 3
7 1089760048835 7
7 1089760048836 10
7 1089760048837 6
7 1089760048838 30
7 1089760048840 7
7 1089760048841 8
7 1089760048842 10
7 1089760048843 7
7 1089760048844 6
7 1089760048845 17
7 1089760048846 785
7 1089760048847 11
7 1089760048946 14
7 1089760048947 4
7 1089760048948 14
7 1089760048949 7
7 1089760048951 5
7 1089760048952 18
7 1089760048953 103
7 1089760048954 17
7 1089760048955 129
7 1089760048956 10
7 1089760048957 7
7 1089760048958 6
7 1089760048959 120
7 1089760048960 12
7 1089760048961 16
7 1089760048962 12
7 1089760048963 10
7 1089760048964 4
7 1089760048965 12
7 1089760048966 7
7 1089760048967 24
7 1089760048968 9
7 1089760048969 5
7 1089760048970 16
7 1089760048971 8
7 1089760048972 37
7 1089760048973 13
7 1089760048974 9
7 1089760048975 1
7 1089760048976 125
7 1089760048977 10
7 1089760048978 8
7 1089760048979 9
7 1089760048980 17
7 1089760048981 7
7 1089760048983 2
7 1089760048984 4
7 1089760048986 4
7 1089760048987 5
7 1089760048988 8
7 1089760048989 9
7 1089760048990 7
7 1089760048991 5
7 1089760048992 12
7 1089760049331 133
7 1089760049332 13
7 1089760049333 3
7 1089760049334 267
7 1089760049335 5
7 1089760049336 8
7 1089760049338 7
7 1089760049339 9
7 1089760049341 3
7 1089760049342 7
7 1089760049343 3
7 1089760049345 10
7 1089760049346 3
7 1089760049347 14
7 1089760049348 4
7 1089760049349 12
7 1089760049350 2
7 1089760049351 12
7 1089760049352 117
7 1089760049353 5
7 1089760049354 10
7 1089760049355 210
7 1089760049356 12
7 1089760049357 18
7 1089760049360 87
7 1089760049361 4
7 1089760049363 85
7 1089760049364 6
7 1089760049365 5
7 1089760049366 5
7 1089760049367 10
7 1089760049368 6
7 1089760049369 11
7 1089760049370 301
7 1089760049371 8
7 1089760049372 75
7 1089760049373 109
7 1089760049375 4
7 1089760049376 69
7 1089760049377 7
7 1089760049378 3
7 1089760050054 5
7 1089760050055 5
7 1089760050056 3
7 1089760050057 6
7 1089760050060 4
7 1089760050061 3
7 1089760050062 21
7 1089760050063 3
7 1089760050064 14
7 1089760050065 3
7 1089760050066 8
7 1089760050067 15
7 1089760050068 27
7 1089760050069 26
7 1089760050070 16
7 1089760050071 27
7 1089760050072 41
7 1089760050073 16
7 1089760050074 155
7 1089760050075 8
7 1089760050076 3
7 1089760050077 14
7 1089760050078 46
7 1089760050079 35
7 1089760050080 13
7 1089760050081 126
7 1089760050082 37
7 1089760050083 47
7 1089760050085 5
7 1089760050086 19
7 1089760050087 13
7 1089760050088 11
7 1089760050089 5
7 1089760050090 157
7 1089760050092 14
7 1089760050093 14
7 1089760050094 15
7 1089760050096 218
7 1089760050097 10
7 1089760050098 233
7 1089760050099 110
7 1089760050100 8
7 1089760050722 326
7 1089760050723 53
7 1089760050724 13
7 1089760050725 42
7 1089760050726 5
7 1089760050727 155
7 1089760050728 14
7 1089760050729 4
7 1089760050730 3
7 1089760050731 11
7 1089760050732 7
7 1089760050733 133
7 1089760050734 273
7 1089760050737 3
7 1089760050738 22
7 1089760050740 124
7 1089760050741 4
7 1089760050742 14
7 1089760050743 3
7 1089760050745 91
7 1089760050746 173
7 1089760050747 368
7 1089760050749 9
7 1089760050750 7
7 1089760050751 10
7 1089760050752 15
7 1089760050753 10
7 1089760050754 9
7 1089760050756 4
7 1089760050757 66
7 1089760050758 16
7 1089760050759 15
7 1089760050760 23
7 1089760050761 43
7 1089760050762 19
7 1089760050763 126
7 1089760050764 26
7 1089760050765 4
7 1089760050766 6
7 1089760050767 5
7 1089760050769 5
7 1089760050770 116
7 1089760050867 702
7 1089760050868 5
7 1089760050869 8
7 1089760050870 7
7 1089760050871 23
7 1089760050872 29
7 1089760050873 9
7 1089760050876 8
7 1089760050877 16
7 1089760050878 19
7 1089760050880 119
7 1089760050881 5
7 1089760050882 15
7 1089760050883 18
7 1089760050884 15
7 1089760050885 14
7 1089760050886 9
7 1089760050887 5
7 1089760050889 6
7 1089760050890 19
7 1089760050892 57
7 1089760050893 6
7 1089760050894 22
7 1089760050895 12
7 1089760050896 8
7 1089760050897 8
7 1089760050898 9
7 1089760050899 10
7 1089760050900 7
7 1089760050901 4
7 1089760050902 16
7 1089760050903 18
7 1089760050904 38
7 1089760050905 76
7 1089760050906 10
7 1089760050907 13
7 1089760050908 6
7 1089760050909 7
7 1089760050910 168
7 1089760050911 161
7 1089760050912 16
7 1089760050913 20
7 1089760051218 4
7 1089760051219 4
7 1089760051248 4
7 1089760051249 4
7 1089760051278 4
7 1089760051279 4
7 1089760051308 4
7 1089760051309 4
7 1089760051338 4
7 1089760051339 4
7 1089760051368 4
7 1089760051369 4
7 1089760051410 4
7 1089760051411 4
7 1089760051432 4
7 1089760051433 4
7 1089760051444 4
7 1089760051445 4
7 1089760051452 4
7 1089760051453 127
7 1089760051474 4
7 1089760051475 4
7 1089760051554 4
7 1089760051555 4
7 1089760051612 4
7 1089760051613 4
7 1089760051618 4
7 1089760051619 4
7 1089760051634 4
7 1089760051635 4
7 1089760051664 4
7 1089760051665 4
7 1089760051692 4
7 1089760051693 4
7 1089760051698 4
7 1089760051699 4
7 1089760051712 137
7 1089760051713 74
7 1089760051714 113
7 1089760051715 426
7 1089760051716 24
7 1089760051717 143
7 1089760051718 27
7 1089760051719 222
7 1089760051720 38
7 1089760051721 49
7 1089760051722 34
7 1089760051723 465
7 1089760051724 31
7 1089760051725 270
7 1089760051726 44
7 1089760051727 33
7 1089760051728 180
7 1089760051729 179
7 1089760051730 32
7 1089760051731 845
7 1089760051732 92
7 1089760051733 164
7 1089760051734 216
7 1089760051735 28
7 1089760051736 347
7 1089760051737 24
7 1089760051738 120
7 1089760051739 59
7 1089760051740 253
7 1089760051741 101
7 1089760051742 31
7 1089760051743 32
7 1089760051744 394
7 1089760051745 72
7 1089760051746 102
7 1089760051747 24
7 1089760051748 91
7 1089760051749 212
7 1089760051750 65
7 1089760051751 28
7 1089760051752 238
7 1089760051753 120
7 1089760051754 264
7 1089760051755 27
7 1089760051756 81
7 1089760051757 469
7 1089760051758 37
7 1089760051759 43
7 1089760051760 265
7 1089760051761 29
7 1089760051762 219
7 1089760051763 31
7 1089760051764 601
7 1089760051765 101
7 1089760051766 52
7 1089760051767 29
7 1089760051768 425
7 1089760051769 37
7 1089760051770 30
7 1089760051771 33
7 1089760051772 90
7 1089760051773 109
7 1089760051774 398
7 1089760051775 192
7 1089760051776 981
7 1089760051777 47
7 1089760051778 877
7 1089760051779 548
7 1089760051780 320
7 1089760051781 86
7 1089760051782 49
7 1089760051783 268
7 1089760051784 24
7 1089760051785 249
7 1089760051786 103
7 1089760051787 188
7 1089760051788 177
7 1089760051789 311
7 1089760051790 217
7 1089760051791 379
7 1089760051792 56
7 1089760051793 28
7 1089760051794 40
7 1089760051795 39
7 1089760051796 63
7 1089760051797 297
7 1089760051798 58
7 1089760051799 36
7 1089760051800 24
7 1089760051801 56
7 1089760051802 47
7 1089760051803 27
7 1089760051804 289
7 1089760051805 40
7 1089760051806 205
7 1089760051807 230
7 1089760051808 355
7 1089760051809 160
7 1089760051810 29
7 1089760051811 90
7 1089760051812 30
7 1089760051813 72
7 1089760051814 48
7 1089760051815 421
7 1089760051816 223
7 1089760051817 201
7 1089760051818 23
7 1089760051819 121
7 1089760051820 246
7 1089760051821 27
7 1089760051822 400
7 1089760051823 47
7 1089760051824 852
7 1089760051825 26
7 1089760051826 269
7 1089760051827 291
7 1089760051828 44
7 1089760051829 496
7 1089760051830 90
7 1089760051831 155
7 1089760051832 53
7 1089760051833 280
7 1089760051834 206
7 1089760051835 98
7 1089760051836 35
7 1089760051837 150
7 1089760051838 30
7 1089760051839 117
7 1089760051840 39
7 1089760051841 26
7 1089760051842 247
7 1089760051843 508
7 1089760051844 49
7 1089760051845 32
7 1089760051846 217
7 1089760051847 13
7 1089760051848 56
7 1089760051849 150
7 1089760051850 25
7 1089760051851 252
7 1089760051852 72
7 1089760051853 37
7 1089760051854 73
7 1089760051855 74
7 1089760051856 135
7 1089760051857 59
7 1089760051858 29
7 1089760051859 394
7 1089760051860 92
7 1089760051861 154
7 1089760051862 34
7 1089760051863 26
7 1089760051864 32
7 1089760051865 71
7 1089760051866 26
7 1089760051867 96
7 1089760051868 30
7 1089760051869 59
7 1089760051870 569
7 1089760051871 256
7 1089760051872 16
7 1089760051873 47
7 1089760051874 437
7 1089760051875 153
7 1089760051876 27
7 1089760051877 31
7 1089760051878 36
7 1089760051879 63
7 1089760051880 27
7 1089760051881 165
7 1089760051882 64
7 1089760051883 94
7 1089760051884 56
7 1089760051885 428
7 1089760051886 40
7 1089760051887 152
7 1089760051888 176
7 1089760051889 33
7 1089760051890 128
7 1089760051891 210
7 1089760051892 89
7 1089760051893 165
7 1089760051894 38
7 1089760051895 27
7 1089760051896 208
7 1089760051897 796
7 1089760051898 98
7 1089760051899 148
7 1089760051900 411
7 1089760051901 136
7 1089760051902 302
7 1089760051903 55
7 1089760051904 115
7 1089760051905 20
7 1089760051906 167
7 1089760051907 48
7 1089760051908 28
7 1089760051909 58
7 1089760051910 372
7 1089760051911 96
7 1089760051912 28
7 1089760051913 152
7 1089760051914 82
7 1089760051915 86
7 1089760051916 28
7 1089760051917 220
7 1089760051918 78
7 1089760051919 217
7 1089760051920 244
7 1089760051921 35
7 1089760051922 89
7 1089760051923 27
7 1089760051924 31
7 1089760051925 48
7 1089760051926 440
7 1089760051927 219
7 1089760051928 31
7 1089760051929 27
7 1089760051930 40
7 1089760051931 284
7 1089760051932 26
7 1089760051933 29
7 1089760051934 975
7 1089760051935 224
7 1089760051936 154
7 1089760051937 68
7 1089760051938 22
7 1089760051939 125
7 1089760051940 187
7 1089760051941 75
7 1089760051942 157
7 1089760051943 57
7 1089760051944 199
7 1089760051945 970
7 1089760051946 256
7 1089760051947 24
7 1089760051948 32
7 1089760051949 357
7 1089760051950 42
7 1089760051951 147
7 1089760051952 164
7 1089760051953 35
7 1089760051954 445
7 1089760051955 263
7 1089760051956 330
7 1089760051957 37
7 1089760051958 62
7 1089760051959 128
7 1089760051960 42
7 1089760051961 260
7 1089760051962 212
7 1089760051963 32
7 1089760051964 78
7 1089760051965 338
7 1089760051966 163
7 1089760051967 37
7 1089760051968 89
7 1089760051969 93
7 1089760051970 29
7 1089760051971 210
7 1089760051972 25
7 1089760051973 36
7 1089760051974 69
7 1089760051975 43
7 1089760051976 38
7 1089760051977 404
7 1089760051978 414
7 1089760051979 266
7 1089760051980 45
7 1089760051981 88
7 1089760051982 23
7 1089760051983 313
7 1089760051984 95
7 1089760051985 49
7 1089760051986 23
7 1089760051987 336
7 1089760051988 44
7 1089760051989 648
7 1089760051990 99
7 1089760051991 345
7 1089760051992 33
7 1089760051993 135
7 1089760051994 26
7 1089760051995 71
7 1089760051996 47
7 1089760051997 24
7 1089760051998 23
7 1089760051999 39
7 1089760052000 39
7 1089760052001 97
7 1089760052002 37
7 1089760052003 95
7 1089760052004 237
7 1089760052005 16
7 1089760052006 259
7 1089760052007 112
7 1089760052008 90
7 1089760052009 334
7 1089760052010 142
7 1089760052011 43
7 1089760052012 33
7 1089760052013 491
7 1089760052014 432
7 1089760052015 47
7 1089760052016 736
7 1089760052017 298
7 1089760052018 262
7 1089760052019 29
7 1089760052020 192
7 1089760052021 53
7 1089760052022 146
7 1089760052023 22
7 1089760052024 35
7 1089760052025 75
7 1089760052026 619
7 1089760052027 249
7 1089760052028 63
7 1089760052029 249
7 1089760052030 31
7 1089760052031 248
7 1089760052032 25
7 1089760052033 34
7 1089760052034 40
7 1089760052035 69
7 1089760052036 154
7 1089760052037 667
7 1089760052038 18
7 1089760052039 91
7 1089760052040 55
7 1089760052041 188
7 1089760052042 116
7 1089760052043 122
7 1089760052044 461
7 1089760052045 30
7 1089760052046 481
7 1089760052047 35
7 1089760052048 50
7 1089760052049 179
7 1089760052050 1078
7 1089760052051 21
7 1089760052052 306
7 1089760052053 119
7 1089760052054 284
7 1089760052055 14
7 1089760052056 246
7 1089760052057 40
7 1089760052058 343
7 1089760052059 197
7 1089760052060 29
7 1089760052061 30
7 1089760052062 32
7 1089760052063 673
7 1089760052064 238
7 1089760052065 37
7 1089760052066 24
7 1089760052067 27
7 1089760052068 25
7 1089760052069 34
7 1089760052070 43
7 1089760052071 196
7 1089760052072 721
7 1089760052073 143
7 1089760052074 77
7 1089760052075 134
7 1089760052076 409
7 1089760052077 708
7 1089760052078 164
7 1089760052079 111
7 1089760052080 176
7 1089760052081 253
7 1089760052082 31
7 1089760052083 295
7 1089760052084 43
7 1089760052085 358
7 1089760052086 61
7 1089760052087 32
7 1089760052088 501
7 1089760052089 162
7 1089760052090 36
7 1089760052091 546
7 1089760052092 38
7 1089760052093 650
7 1089760052094 50
7 1089760052095 150
7 1089760052096 58
7 1089760052097 52
7 1089760052098 57
7 1089760052099 30
7 1089760052100 300
7 1089760052101 111
7 1089760052102 172
7 1089760052103 41
7 1089760052104 477
7 1089760052105 131
7 1089760052106 31
7 1089760052107 443
7 1089760052108 29
7 1089760052109 315
7 1089760052110 633
7 1089760052111 31
7 1089760052112 156
7 1089760052113 27
7 1089760052114 27
7 1089760052115 132
7 1089760052116 298
7 1089760052117 38
7 1089760052118 252
7 1089760052119 295
7 1089760052120 210
7 1089760052121 26
7 1089760052122 78
7 1089760052123 99
7 1089760052124 116
7 1089760052125 199
7 1089760052126 72
7 1089760052127 25
7 1089760052128 25
7 1089760052129 708
7 1089760052130 104
7 1089760052131 34
7 1089760052132 98
7 1089760052133 151
7 1089760052134 26
7 1089760052135 72
7 1089760052136 467
7 1089760052137 533
7 1089760052138 142
7 1089760052139 106
7 1089760052140 52
7 1089760052141 42
7 1089760052142 38
7 1089760052143 462
7 1089760052144 539
7 1089760052145 759
7 1089760052146 548
7 1089760052147 60
7 1089760052148 28
7 1089760052149 90
7 1089760052150 186
7 1089760052151 149
7 1089760052152 129
7 1089760052153 391
7 1089760052154 156
7 1089760052155 233
7 1089760052156 23
7 1089760052157 151
7 1089760052158 142
7 1089760052159 150
7 1089760052160 164
7 1089760052161 198
7 1089760052162 397
7 1089760052163 81
7 1089760052164 96
7 1089760052165 98
7 1089760052166 650
7 1089760052167 1092
7 1089760052168 48
7 1089760052169 258
7 1089760052170 36
7 1089760052171 41
7 1089760052172 297
7 1089760052173 136
7 1089760052174 232
7 1089760052175 202
7 1089760052176 163
7 1089760052177 113
7 1089760052178 342
7 1089760052179 164
7 1089760052180 79
7 1089760052181 46
7 1089760052182 25
7 1089760052183 118
7 1089760052184 31
7 1089760052185 321
7 1089760052186 38
7 1089760052187 1268
7 1089760052188 27
7 1089760052189 38
7 1089760052190 34
7 1089760052191 134
7 1089760052192 63
7 1089760052193 147
7 1089760052194 817
7 1089760052195 21
7 1089760052196 896
7 1089760052197 30
7 1089760052198 50
7 1089760052199 18
7 1089760052200 113
7 1089760052201 25
7 1089760052202 253
7 1089760052203 134
7 1089760052204 34
7 1089760052205 149
7 1089760052206 205
7 1089760052207 192
7 1089760052208 21
7 1089760052209 54
7 1089760052210 101
7 1089760052211 127
7 1089760052212 32
7 1089760052213 59
7 1089760052214 256
7 1089760052215 258
7 1089760052216 380
7 1089760052217 39
7 1089760052218 111
7 1089760052219 228
7 1089760052220 14
7 1089760052221 25
7 1089760052222 29
7 1089760052223 312
7 1089760052296 17
7 1089760052297 376
7 1089760052298 255
7 1089760052299 13
7 1089760052300 15
7 1089760052301 385
7 1089760052302 20
7 1089760052303 13
7 1089760052416 13
7 1089760052417 21
7 1089760052418 21
7 1089760052419 29
7 1089760052420 127
7 1089760052421 14
7 1089760052422 16
7 1089760052423 234
7 1089760052536 12
7 1089760052537 14
7 1089760052538 131
7 1089760052539 9
7 1089760052540 25
7 1089760052541 17
7 1089760052542 15
7 1089760052543 13
7 1089760052656 11
7 1089760052657 18
7 1089760052658 17
7 1089760052659 13
7 1089760052660 88
7 1089760052661 11
7 1089760052662 29
7 1089760052663 57
7 1089760052776 16
7 1089760052777 11
7 1089760052778 764
7 1089760052779 14
7 1089760052780 21
7 1089760052781 23
7 1089760052782 33
7 1089760052783 149
7 1089760052896 124
7 1089760052897 26
7 1089760052898 43
7 1089760052899 21
7 1089760052900 16
7 1089760052901 440
7 1089760052902 19
7 1089760052903 84
7 1089760053064 59
7 1089760053065 11
7 1089760053066 17
7 1089760053067 17
7 1089760053068 41
7 1089760053069 129
7 1089760053070 19
7 1089760053071 51
7 1089760053152 24
7 1089760053153 28
7 1089760053154 20
7 1089760053155 14
7 1089760053156 16
7 1089760053157 14
7 1089760053158 16
7 1089760053159 20
7 1089760053200 347
7 1089760053201 145
7 1089760053202 130
7 1089760053203 10
7 1089760053204 12
7 1089760053205 173
7 1089760053206 87
7 1089760053207 16
7 1089760053232 13
7 1089760053233 14
7 1089760053234 13
7 1089760053235 120
7 1089760053236 14
7 1089760053237 23
7 1089760053238 16
7 1089760053239 125
7 1089760053320 14
7 1089760053321 12
7 1089760053322 13
7 1089760053323 10
7 1089760053324 161
7 1089760053325 14
7 1089760053326 12
7 1089760053327 16
7 1089760053640 64
7 1089760053641 13
7 1089760053642 14
7 1089760053643 16
7 1089760053644 9
7 1089760053645 13
7 1089760053646 333
7 1089760053647 235
7 1089760053872 5
7 1089760053873 2
7 1089760053874 4
7 1089760053875 4
7 1089760053876 2
7 1089760053877 153
7 1089760053878 4
7 1089760053879 4
7 1089760053896 3
7 1089760053897 2
7 1089760053898 5
7 1089760053899 6
7 1089760053900 4
7 1089760053901 5
7 1089760053903 7
7 1089760053960 4
7 1089760053961 1
7 1089760053962 3
7 1089760053963 124
7 1089760053964 2
7 1089760053965 3
7 1089760053966 4
7 1089760053967 6
7 1089760054080 1
7 1089760054081 1
7 1089760054082 6
7 1089760054083 4
7 1089760054084 7
7 1089760054085 1
7 1089760054086 4
7 1089760054087 3
7 1089760054192 7
7 1089760054193 46
7 1089760054194 131
7 1089760054195 1
7 1089760054196 74
7 1089760054197 5
7 1089760054198 3
7 1089760054199 3
7 1089760054216 3
7 1089760054217 3
7 1089760054218 6
7 1089760054219 4
7 1089760054220 4
7 1089760054221 2
7 1089760054222 8
7 1089760054223 6
8 1089760034928 4
8 1089760034929 10
8 1089760034930 8
8 1089760034931 6
8 1089760034933 4
8 1089760034935 2
8 1089760034936 4
8 1089760034939 2
8 1089760034942 2
8 1089760034943 2
8 1089760035168 2
8 1089760035169 4
8 1089760035171 2
8 1089760035173 6
8 1089760035174 139
8 1089760035175 2
8 1089760035176 2
8 1089760035177 95
8 1089760035178 2
8 1089760035179 4
8 1089760035180 4
8 1089760035181 426
8 1089760035183 2
8 1089760035408 4
8 1089760035409 6
8 1089760035410 2
8 1089760035412 2
8 1089760035413 4
8 1089760035414 2
8 1089760035415 2
8 1089760035416 6
8 1089760035417 4
8 1089760035418 2
8 1089760035419 2
8 1089760035420 4
8 1089760035421 2
8 1089760035422 4
8 1089760035423 2
8 1089760035648 2
8 1089760035649 2
8 1089760035650 2
8 1089760035651 4
8 1089760035652 2
8 1089760035653 2
8 1089760035654 4
8 1089760035655 4
8 1089760035656 4
8 1089760035657 131
8 1089760035658 4
8 1089760035659 6
8 1089760035660 2
8 1089760035663 4
8 1089760035888 121
8 1089760035891 2
8 1089760035893 4
8 1089760035895 4
8 1089760035896 2
8 1089760035897 2
8 1089760035898 4
8 1089760035900 4
8 1089760035901 6
8 1089760035903 2
8 1089760036128 2
8 1089760036129 4
8 1089760036130 4
8 1089760036131 4
8 1089760036132 2
8 1089760036133 2
8 1089760036134 2
8 1089760036137 2
8 1089760036138 2
8 1089760036139 6
8 1089760036140 6
8 1089760036142 54
8 1089760036143 4
8 1089760036416 4
8 1089760036417 4
8 1089760036418 4
8 1089760036420 2
8 1089760036421 2
8 1089760036422 2
8 1089760036423 4
8 1089760036424 4
8 1089760036425 4
8 1089760036426 2
8 1089760036427 2
8 1089760036428 6
8 1089760036429 2
8 1089760036431 4
8 1089760036480 4
8 1089760036482 4
8 1089760036483 6
8 1089760036484 6
8 1089760036485 4
8 1089760036486 6
8 1089760036487 2
8 1089760036488 4
8 1089760036489 4
8 1089760036491 4
8 1089760036492 2
8 1089760036493 2
8 1089760036495 2
8 1089760036784 2
8 1089760036785 2
8 1089760036786 4
8 1089760036788 4
8 1089760036789 2
8 1089760036791 2
8 1089760036792 4
8 1089760036793 4
8 1089760036794 6
8 1089760036795 2
8 1089760036796 6
8 1089760036797 2
8 1089760036798 18
8 1089760036799 4
8 1089760036880 2
8 1089760036882 2
8 1089760036883 4
8 1089760036884 2
8 1089760036885 6
8 1089760036887 2
8 1089760036888 2
8 1089760036890 6
8 1089760036891 2
8 1089760036893 2
8 1089760036894 4
8 1089760037552 2
8 1089760037553 4
8 1089760037555 2
8 1089760037556 4
8 1089760037557 2
8 1089760037558 2
8 1089760037559 2
8 1089760037560 2
8 1089760037561 4
8 1089760037563 2
8 1089760037566 4
8 1089760037567 6
8 1089760037840 2
8 1089760037855 2
8 1089760038443 4
8 1089760038580 2
8 1089760038582 2
8 1089760038617 2
8 1089760038620 2
8 1089760038768 2
8 1089760038770 2
8 1089760038775 2
8 1089760039246 2
8 1089760039247 4
8 1089760039249 4
8 1089760039250 139
8 1089760039251 69
8 1089760039252 3
8 1089760039253 3
8 1089760039254 4
8 1089760039255 4
8 1089760039256 8
8 1089760039257 4
8 1089760039262 2
8 1089760039263 3
8 1089760039268 3
8 1089760039271 4
8 1089760039272 3
8 1089760039280 4
8 1089760039290 57
8 1089760039291 1
8 1089760039294 4
8 1089760039969 7
8 1089760039970 1
8 1089760039972 4
8 1089760039978 4
8 1089760039982 12
8 1089760039984 5
8 1089760039987 2
8 1089760039989 4
8 1089760039991 6
8 1089760039996 5
8 1089760039997 2
8 1089760040000 1
8 1089760040001 5
8 1089760040004 6
8 1089760040005 4
8 1089760040012 3
8 1089760040681 4
8 1089760040682 2
8 1089760040683 5
8 1089760040685 5
8 1089760040688 5
8 1089760040693 2
8 1089760040695 5
8 1089760040697 5
8 1089760040698 8
8 1089760040701 5
8 1089760040705 3
8 1089760040706 4
8 1089760040708 13
8 1089760040711 3
8 1089760040714 181
8 1089760040717 5
8 1089760040718 3
8 1089760040721 2
8 1089760040722 11
8 1089760040726 4
8 1089760041391 2
8 1089760041393 10
8 1089760041394 3
8 1089760041398 7
8 1089760041400 3
8 1089760041401 3
8 1089760041402 6
8 1089760041403 7
8 1089760041406 1
8 1089760041409 5
8 1089760041410 3
8 1089760041411 1
8 1089760041413 5
8 1089760041414 3
8 1089760041415 6
8 1089760041417 6
8 1089760041418 4
8 1089760041420 2
8 1089760041422 1
8 1089760041423 9
8 1089760041424 1
8 1089760041425 3
8 1089760041426 3
8 1089760041434 154
8 1089760041435 1
8 1089760041437 5
8 1089760042122 1
8 1089760042130 2
8 1089760042135 5
8 1089760042136 1
8 1089760042140 1
8 1089760042141 2
8 1089760042142 9
8 1089760042143 2
8 1089760042145 3
8 1089760042150 7
8 1089760042153 3
8 1089760042158 2
8 1089760042159 9
8 1089760042160 6
8 1089760042161 8
8 1089760042166 4
8 1089760042167 2
8 1089760042847 3
8 1089760042850 5
8 1089760042851 2
8 1089760042853 3
8 1089760042855 10
8 1089760042856 3
8 1089760042859 12
8 1089760042862 5
8 1089760042864 1
8 1089760042866 2
8 1089760042876 6
8 1089760042877 1
8 1089760042878 2
8 1089760042881 2
8 1089760042882 6
8 1089760042883 7
8 1089760042885 138
8 1089760042888 4
8 1089760042889 7
8 1089760042893 137
8 1089760042894 6
8 1089760043706 6
8 1089760043708 5
8 1089760043710 8
8 1089760043711 6
8 1089760043713 2
8 1089760043714 4
8 1089760043718 6
8 1089760043723 7
8 1089760043727 4
8 1089760043728 2
8 1089760043730 2
8 1089760043732 3
8 1089760043733 7
8 1089760043734 6
8 1089760043735 3
8 1089760043738 3
8 1089760043739 5
8 1089760043740 3
8 1089760043742 3
8 1089760043743 4
8 1089760043744 3
8 1089760043746 7
8 1089760043751 3
8 1089760043752 2
8 1089760043898 9
8 1089760043903 6
8 1089760043905 1
8 1089760043906 6
8 1089760043909 5
8 1089760043910 2
8 1089760043911 1
8 1089760043912 8
8 1089760043913 8
8 1089760043915 2
8 1089760043916 12
8 1089760043917 6
8 1089760043919 5
8 1089760043921 4
8 1089760043922 5
8 1089760043926 7
8 1089760043927 2
8 1089760043931 1
8 1089760043932 4
8 1089760043934 6
8 1089760043937 2
8 1089760043944 5
8 1089760044818 1
8 1089760044819 3
8 1089760044822 4
8 1089760044824 1
8 1089760044825 4
8 1089760044830 5
8 1089760044831 2
8 1089760044832 1
8 1089760044833 2
8 1089760044841 4
8 1089760044844 6
8 1089760044847 4
8 1089760044848 5
8 1089760044849 4
8 1089760044850 3
8 1089760044851 8
8 1089760044853 3
8 1089760044854 2
8 1089760044856 3
8 1089760044857 5
8 1089760044860 4
8 1089760044861 3
8 1089760044862 4
8 1089760044863 4
8 1089760044864 6
8 1089760044865 4
8 1089760045107 2
8 1089760045108 8
8 1089760045113 4
8 1089760045116 3
8 1089760045118 3
8 1089760045120 7
8 1089760045123 7
8 1089760045124 5
8 1089760045129 3
8 1089760045133 2
8 1089760045138 3
8 1089760045139 1
8 1089760045140 2
8 1089760045143 4
8 1089760045146 2
8 1089760045147 3
8 1089760045149 11
8 1089760045150 3
8 1089760047131 12
8 1089760047132 4
8 1089760047133 5
8 1089760047134 5
8 1089760047139 2
8 1089760047140 3
8 1089760047141 3
8 1089760047143 1
8 1089760047146 2
8 1089760047151 6
8 1089760047154 2
8 1089760047155 1
8 1089760047156 3
8 1089760047157 1
8 1089760047158 3
8 1089760047162 1
8 1089760047163 3
8 1089760047171 2
8 1089760047172 9
8 1089760047174 6
8 1089760047175 6
8 1089760047996 1
8 1089760048038 1
8 1089760049799 6
8 1089760049800 6
8 1089760050209 3
8 1089760050210 3
8 1089760050217 2
8 1089760050321 6
8 1089760050329 1
8 1089760050330 7
8 1089760050771 12
8 1089760050778 6
8 1089760050794 2
8 1089760051214 4
8 1089760051215 4
8 1089760051244 4
8 1089760051245 4
8 1089760051274 4
8 1089760051275 4
8 1089760051304 4
8 1089760051305 4
8 1089760051334 4
8 1089760051335 4
8 1089760051364 4
8 1089760051365 4
8 1089760051400 4
8 1089760051401 4
8 1089760051408 4
8 1089760051409 4
8 1089760051446 4
8 1089760051447 4
8 1089760051458 4
8 1089760051459 4
8 1089760051542 4
8 1089760051543 4
8 1089760051578 4
8 1089760051579 4
8 1089760051638 4
8 1089760051639 4
8 1089760051652 4
8 1089760051653 4
8 1089760051670 4
8 1089760051671 4
8 1089760051674 4
8 1089760051675 4
8 1089760051694 4
8 1089760051695 4
8 1089760051712 3
8 1089760051714 2
8 1089760051715 1
8 1089760051716 4
8 1089760051717 5
8 1089760051718 1
8 1089760051719 2
8 1089760051720 2
8 1089760051721 5
8 1089760051723 2
8 1089760051724 1
8 1089760051725 7
8 1089760051726 1
8 1089760051727 5
8 1089760051728 3
8 1089760051729 5
8 1089760051730 3
8 1089760051731 3
8 1089760051732 2
8 1089760051734 4
8 1089760051735 5
8 1089760051737 2
8 1089760051738 2
8 1089760051739 3
8 1089760051740 4
8 1089760051741 1
8 1089760051742 1
8 1089760051743 4
8 1089760051744 2
8 1089760051745 1
8 1089760051746 1
8 1089760051747 3
8 1089760051748 2
8 1089760051750 3
8 1089760051751 2
8 1089760051752 1
8 1089760051753 3
8 1089760051754 4
8 1089760051755 1
8 1089760051756 2
8 1089760051757 1
8 1089760051758 3
8 1089760051759 2
8 1089760051760 1
8 1089760051761 5
8 1089760051762 2
8 1089760051763 1
8 1089760051764 4
8 1089760051765 2
8 1089760051766 1
8 1089760051767 3
8 1089760051768 2
8 1089760051769 2
8 1089760051771 3
8 1089760051772 2
8 1089760051773 3
8 1089760051774 3
8 1089760051775 4
8 1089760051776 4
8 1089760051778 1
8 1089760051779 2
8 1089760051780 4
8 1089760051781 5
8 1089760051782 1
8 1089760051783 3
8 1089760051784 2
8 1089760051785 2
8 1089760051786 2
8 1089760051787 3
8 1089760051788 1
8 1089760051789 2
8 1089760051790 2
8 1089760051791 2
8 1089760051792 3
8 1089760051793 8
8 1089760051795 5
8 1089760051797 5
8 1089760051799 3
8 1089760051800 2
8 1089760051801 1
8 1089760051802 3
8 1089760051803 3
8 1089760051805 3
8 1089760051806 2
8 1089760051807 2
8 1089760051809 3
8 1089760051810 3
8 1089760051811 5
8 1089760051813 5
8 1089760051814 1
8 1089760051815 4
8 1089760051816 3
8 1089760051817 3
8 1089760051818 2
8 1089760051819 3
8 1089760051821 2
8 1089760051822 1
8 1089760051824 4
8 1089760051825 6
8 1089760051826 1
8 1089760051827 3
8 1089760051828 4
8 1089760051829 5
8 1089760051830 4
8 1089760051831 2
8 1089760051832 6
8 1089760051833 2
8 1089760051834 1
8 1089760051835 1
8 1089760051836 2
8 1089760051837 1
8 1089760051838 2
8 1089760051839 2
8 1089760051840 5
8 1089760051841 1
8 1089760051842 2
8 1089760051843 5
8 1089760051844 3
8 1089760051845 2
8 1089760051846 3
8 1089760051847 4
8 1089760051848 6
8 1089760051850 3
8 1089760051851 4
8 1089760051852 5
8 1089760051853 2
8 1089760051854 4
8 1089760051855 4
8 1089760051856 5
8 1089760051857 3
8 1089760051858 5
8 1089760051859 3
8 1089760051860 5
8 1089760051861 3
8 1089760051863 2
8 1089760051864 2
8 1089760051865 1
8 1089760051866 6
8 1089760051867 4
8 1089760051868 1
8 1089760051869 3
8 1089760051871 1
8 1089760051872 1
8 1089760051873 4
8 1089760051874 4
8 1089760051875 2
8 1089760051876 1
8 1089760051877 6
8 1089760051878 2
8 1089760051879 4
8 1089760051880 1
8 1089760051881 1
8 1089760051882 2
8 1089760051884 2
8 1089760051885 5
8 1089760051886 3
8 1089760051887 1
8 1089760051888 3
8 1089760051889 2
8 1089760051890 2
8 1089760051891 1
8 1089760051892 4
8 1089760051893 1
8 1089760051894 5
8 1089760051895 4
8 1089760051896 1
8 1089760051897 1
8 1089760051898 4
8 1089760051899 1
8 1089760051901 6
8 1089760051902 2
8 1089760051903 4
8 1089760051904 1
8 1089760051905 1
8 1089760051906 2
8 1089760051907 4
8 1089760051908 1
8 1089760051909 3
8 1089760051910 1
8 1089760051911 5
8 1089760051912 5
8 1089760051913 3
8 1089760051914 1
8 1089760051915 2
8 1089760051916 1
8 1089760051918 2
8 1089760051919 1
8 1089760051920 2
8 1089760051921 1
8 1089760051922 3
8 1089760051923 3
8 1089760051924 2
8 1089760051925 3
8 1089760051926 3
8 1089760051927 2
8 1089760051929 2
8 1089760051930 2
8 1089760051931 1
8 1089760051932 3
8 1089760051933 4
8 1089760051934 3
8 1089760051935 2
8 1089760051936 2
8 1089760051937 1
8 1089760051938 1
8 1089760051939 5
8 1089760051940 2
8 1089760051941 1
8 1089760051942 6
8 1089760051943 6
8 1089760051944 2
8 1089760051945 1
8 1089760051947 2
8 1089760051948 3
8 1089760051949 5
8 1089760051950 2
8 1089760051951 2
8 1089760051952 6
8 1089760051953 1
8 1089760051954 3
8 1089760051955 3
8 1089760051956 1
8 1089760051957 1
8 1089760051958 3
8 1089760051959 3
8 1089760051960 1
8 1089760051961 3
8 1089760051962 2
8 1089760051963 2
8 1089760051964 1
8 1089760051965 1
8 1089760051966 1
8 1089760051967 2
8 1089760051968 2
8 1089760051969 2
8 1089760051971 2
8 1089760051972 1
8 1089760051973 3
8 1089760051974 2
8 1089760051975 1
8 1089760051976 2
8 1089760051977 2
8 1089760051978 3
8 1089760051979 3
8 1089760051980 4
8 1089760051981 2
8 1089760051982 2
8 1089760051983 4
8 1089760051984 2
8 1089760051985 3
8 1089760051986 1
8 1089760051987 2
8 1089760051988 2
8 1089760051989 5
8 1089760051990 4
8 1089760051991 6
8 1089760051992 3
8 1089760051993 2
8 1089760051994 3
8 1089760051995 1
8 1089760051996 7
8 1089760051997 157
8 1089760051998 3
8 1089760051999 2
8 1089760052000 2
8 1089760052001 2
8 1089760052002 4
8 1089760052003 3
8 1089760052004 5
8 1089760052005 4
8 1089760052007 2
8 1089760052008 4
8 1089760052009 4
8 1089760052010 3
8 1089760052012 1
8 1089760052013 7
8 1089760052014 4
8 1089760052015 2
8 1089760052016 3
8 1089760052017 1
8 1089760052018 1
8 1089760052019 2
8 1089760052021 4
8 1089760052022 2
8 1089760052023 3
8 1089760052024 6
8 1089760052025 2
8 1089760052026 1
8 1089760052027 1
8 1089760052028 4
8 1089760052029 4
8 1089760052030 4
8 1089760052031 1
8 1089760052032 4
8 1089760052033 3
8 1089760052034 2
8 1089760052035 6
8 1089760052036 2
8 1089760052037 2
8 1089760052038 2
8 1089760052039 3
8 1089760052041 3
8 1089760052042 1
8 1089760052043 3
8 1089760052044 3
8 1089760052045 4
8 1089760052046 3
8 1089760052047 7
8 1089760052048 5
8 1089760052049 4
8 1089760052051 6
8 1089760052052 1
8 1089760052053 1
8 1089760052054 1
8 1089760052055 1
8 1089760052056 4
8 1089760052057 1
8 1089760052058 2
8 1089760052059 4
8 1089760052060 5
8 1089760052061 2
8 1089760052062 2
8 1089760052063 1
8 1089760052064 1
8 1089760052065 3
8 1089760052066 2
8 1089760052067 6
8 1089760052068 3
8 1089760052069 2
8 1089760052070 4
8 1089760052071 1
8 1089760052072 2
8 1089760052073 3
8 1089760052074 3
8 1089760052076 1
8 1089760052077 1
8 1089760052078 1
8 1089760052079 1
8 1089760052080 2
8 1089760052081 2
8 1089760052082 2
8 1089760052083 1
8 1089760052084 1
8 1089760052085 3
8 1089760052086 2
8 1089760052088 2
8 1089760052089 2
8 1089760052090 2
8 1089760052091 2
8 1089760052095 1
8 1089760052098 1
8 1089760052100 1
8 1089760052101 2
8 1089760052102 1
8 1089760052104 1
8 1089760052105 1
8 1089760052106 1
8 1089760052107 1
8 1089760052109 3
8 1089760052110 1
8 1089760052112 4
8 1089760052113 2
8 1089760052114 2
8 1089760052115 1
8 1089760052116 4
8 1089760052117 1
8 1089760052119 2
8 1089760052120 1
8 1089760052121 2
8 1089760052122 2
8 1089760052123 1
8 1089760052124 1
8 1089760052125 1
8 1089760052126 3
8 1089760052127 1
8 1089760052128 1
8 1089760052129 1
8 1089760052130 3
8 1089760052131 1
8 1089760052132 1
8 1089760052133 1
8 1089760052137 2
8 1089760052138 2
8 1089760052139 2
8 1089760052140 1
8 1089760052143 2
8 1089760052144 3
8 1089760052146 1
8 1089760052147 1
8 1089760052148 1
8 1089760052150 3
8 1089760052153 2
8 1089760052154 1
8 1089760052155 1
8 1089760052156 2
8 1089760052157 1
8 1089760052158 4
8 1089760052159 1
8 1089760052160 1
8 1089760052161 1
8 1089760052163 1
8 1089760052164 1
8 1089760052167 1
8 1089760052168 2
8 1089760052169 2
8 1089760052170 1
8 1089760052171 1
8 1089760052172 1
8 1089760052173 1
8 1089760052175 1
8 1089760052176 2
8 1089760052177 1
8 1089760052178 1
8 1089760052179 2
8 1089760052181 1
8 1089760052184 1
8 1089760052185 1
8 1089760052186 1
8 1089760052187 1
8 1089760052189 2
8 1089760052190 1
8 1089760052192 1
8 1089760052193 3
8 1089760052194 1
8 1089760052196 1
8 1089760052197 1
8 1089760052198 1
8 1089760052199 3
8 1089760052201 1
8 1089760052203 2
8 1089760052204 2
8 1089760052205 1
8 1089760052206 1
8 1089760052207 1
8 1089760052209 1
8 1089760052212 3
8 1089760052213 1
8 1089760052214 1
8 1089760052215 1
8 1089760052217 2
8 1089760052218 2
8 1089760052219 2
8 1089760052221 1
8 1089760052222 1
8 1089760052223 1
8 1089760052280 1
8 1089760052281 1
8 1089760053059 1
8 1089760053261 1
9 1089760035501 2
9 1089760036380 2
9 1089760040956 1
9 1089760043600 1
9 1089760051224 4
9 1089760051225 4
9 1089760051254 4
9 1089760051255 4
9 1089760051284 4
9 1089760051285 4
9 1089760051314 4
9 1089760051315 4
9 1089760051344 4
9 1089760051345 4
9 1089760051374 4
9 1089760051375 4
9 1089760051394 4
9 1089760051395 4
9 1089760051398 4
9 1089760051399 4
9 1089760051454 4
9 1089760051455 4
9 1089760051456 4
9 1089760051457 4
9 1089760051478 4
9 1089760051479 4
9 1089760051552 4
9 1089760051553 4
9 1089760051592 4
9 1089760051593 4
9 1089760051594 4
9 1089760051595 4
9 1089760051604 4
9 1089760051605 4
9 1089760051654 4
9 1089760051655 4
9 1089760051700 4
9 1089760051701 4
9 1089760051726 1
9 1089760051851 1
