1 1089760051224 4
1 1089760051225 4
1 1089760051254 4
1 1089760051255 4
1 1089760051284 4
1 1089760051285 4
1 1089760051314 4
1 1089760051315 4
1 1089760051344 4
1 1089760051345 4
1 1089760051374 4
1 1089760051375 4
1 1089760051402 4
1 1089760051403 4
1 1089760051410 4
1 1089760051411 4
1 1089760051446 4
1 1089760051447 4
1 1089760051492 4
1 1089760051493 4
1 1089760051494 4
1 1089760051495 4
1 1089760051532 4
1 1089760051533 4
1 1089760051588 4
1 1089760051589 4
1 1089760051606 4
1 1089760051607 4
1 1089760051660 4
1 1089760051661 4
1 1089760051666 4
1 1089760051667 4
2 1089760051208 4
2 1089760051209 4
2 1089760051238 4
2 1089760051239 4
2 1089760051268 4
2 1089760051269 4
2 1089760051298 4
2 1089760051299 4
2 1089760051328 4
2 1089760051329 4
2 1089760051358 4
2 1089760051359 4
2 1089760051400 4
2 1089760051401 4
2 1089760051434 4
2 1089760051435 4
2 1089760051444 4
2 1089760051445 4
2 1089760051468 4
2 1089760051469 4
2 1089760051510 4
2 1089760051511 4
2 1089760051516 4
2 1089760051517 4
2 1089760051574 4
2 1089760051575 4
2 1089760051608 4
2 1089760051609 4
2 1089760051650 4
2 1089760051651 4
2 1089760051664 4
2 1089760051665 4
2 1089760051666 4
2 1089760051667 4
3 1089760035845 20
3 1089760038402 22
3 1089760038840 16
3 1089760041990 9
3 1089760041991 1
3 1089760049678 11
3 1089760050988 8
3 1089760051208 4
3 1089760051209 4
3 1089760051238 4
3 1089760051239 4
3 1089760051268 4
3 1089760051269 4
3 1089760051298 4
3 1089760051299 4
3 1089760051328 4
3 1089760051329 4
3 1089760051358 4
3 1089760051359 4
3 1089760051388 4
3 1089760051389 4
3 1089760051416 4
3 1089760051417 4
3 1089760051434 4
3 1089760051435 4
3 1089760051440 4
3 1089760051441 4
3 1089760051470 4
3 1089760051471 4
3 1089760051542 4
3 1089760051543 4
3 1089760051578 4
3 1089760051579 4
3 1089760051598 4
3 1089760051599 4
3 1089760051616 4
3 1089760051617 4
3 1089760051648 4
3 1089760051649 4
3 1089760051672 4
3 1089760051673 4
3 1089760051702 4
3 1089760051703 4
3 1089760051712 1
3 1089760051718 1
3 1089760051780 1
3 1089760051795 1
3 1089760051814 1
3 1089760051870 2
3 1089760051872 1
3 1089760051887 1
3 1089760051902 1
3 1089760051904 1
3 1089760051910 1
3 1089760051921 1
3 1089760051961 1
3 1089760051985 1
3 1089760051993 1
3 1089760051996 1
3 1089760052067 1
3 1089760052089 1
3 1089760052094 1
3 1089760052132 1
3 1089760052157 1
3 1089760052164 1
3 1089760052169 1
3 1089760052184 1
3 1089760052187 1
3 1089760052189 1
3 1089760052205 1
3 1089760052206 1
3 1089760052738 9
3 1089760054017 10
3 1089760054236 7
4 1089760035027 12
4 1089760035508 10
4 1089760035752 14
4 1089760035992 12
4 1089760036228 18
4 1089760036811 30
4 1089760037255 28
4 1089760037450 28
4 1089760037662 18
4 1089760037703 12
4 1089760037711 18
4 1089760038180 12
4 1089760038191 14
4 1089760039547 6
4 1089760040977 5
4 1089760041706 7
4 1089760042437 5
4 1089760042438 1
4 1089760043148 9
4 1089760044901 6
4 1089760044902 1
4 1089760044903 8
4 1089760046233 14
4 1089760046819 5
4 1089760046820 9
4 1089760047458 9
4 1089760047581 2
4 1089760047582 4
4 1089760047607 9
4 1089760049006 6
4 1089760049039 7
4 1089760051226 4
4 1089760051227 4
4 1089760051256 4
4 1089760051257 4
4 1089760051286 4
4 1089760051287 4
4 1089760051316 4
4 1089760051317 4
4 1089760051346 4
4 1089760051347 4
4 1089760051376 4
4 1089760051377 4
4 1089760051386 4
4 1089760051387 4
4 1089760051448 4
4 1089760051449 4
4 1089760051504 4
4 1089760051505 4
4 1089760051528 4
4 1089760051529 4
4 1089760051542 4
4 1089760051543 4
4 1089760051554 4
4 1089760051555 4
4 1089760051560 4
4 1089760051561 4
4 1089760051620 4
4 1089760051621 4
4 1089760051690 4
4 1089760051691 4
4 1089760051702 4
4 1089760051703 4
4 1089760051717 1
4 1089760051720 1
4 1089760051727 1
4 1089760051734 1
4 1089760051740 1
4 1089760051741 1
4 1089760051746 1
4 1089760051757 1
4 1089760051758 1
4 1089760051759 1
4 1089760051769 1
4 1089760051771 1
4 1089760051780 1
4 1089760051791 1
4 1089760051793 1
4 1089760051804 1
4 1089760051806 1
4 1089760051823 1
4 1089760051833 3
4 1089760051835 1
4 1089760051840 1
4 1089760051842 1
4 1089760051850 1
4 1089760051853 1
4 1089760051857 1
4 1089760051865 1
4 1089760051869 1
4 1089760051871 1
4 1089760051873 1
4 1089760051878 1
4 1089760051880 1
4 1089760051883 1
4 1089760051886 1
4 1089760051894 1
4 1089760051896 1
4 1089760051899 1
4 1089760051909 1
4 1089760051917 1
4 1089760051927 2
4 1089760051932 1
4 1089760051936 1
4 1089760051941 1
4 1089760051945 1
4 1089760051955 1
4 1089760051959 1
4 1089760051963 1
4 1089760051965 1
4 1089760051966 1
4 1089760051996 1
4 1089760051997 1
4 1089760052002 1
4 1089760052014 1
4 1089760052017 1
4 1089760052026 1
4 1089760052030 1
4 1089760052031 2
4 1089760052032 1
4 1089760052033 1
4 1089760052034 1
4 1089760052036 1
4 1089760052059 1
4 1089760052071 1
4 1089760052076 1
4 1089760052079 1
4 1089760052087 1
4 1089760052089 1
4 1089760052093 1
4 1089760052096 1
4 1089760052103 2
4 1089760052109 1
4 1089760052113 1
4 1089760052114 1
4 1089760052121 1
4 1089760052122 2
4 1089760052129 1
4 1089760052134 2
4 1089760052145 1
4 1089760052146 1
4 1089760052147 1
4 1089760052150 1
4 1089760052160 1
4 1089760052163 2
4 1089760052165 1
4 1089760052172 1
4 1089760052174 1
4 1089760052175 1
4 1089760052182 1
4 1089760052184 1
4 1089760052186 1
4 1089760052187 1
4 1089760052189 1
4 1089760052190 1
4 1089760052191 1
4 1089760052198 1
4 1089760052200 1
4 1089760052201 1
4 1089760052205 1
4 1089760052206 1
4 1089760052207 1
4 1089760052209 1
4 1089760052215 2
4 1089760052219 3
4 1089760052329 5
4 1089760052570 4
4 1089760052692 6
4 1089760052812 5
4 1089760052930 8
4 1089760053221 13
4 1089760053443 8
4 1089760053541 13
4 1089760053647 8
4 1089760053667 5
4 1089760053671 8
4 1089760053906 5
4 1089760053911 6
5 1089760034960 8
5 1089760034961 22
5 1089760034966 6
5 1089760034968 18
5 1089760034969 10
5 1089760034971 6
5 1089760034974 12
5 1089760035204 12
5 1089760035212 28
5 1089760035215 24
5 1089760035441 14
5 1089760035442 14
5 1089760035445 12
5 1089760035448 6
5 1089760035449 6
5 1089760035450 24
5 1089760035451 8
5 1089760035452 30
5 1089760035453 8
5 1089760035454 12
5 1089760035684 6
5 1089760035685 32
5 1089760035689 14
5 1089760035690 44
5 1089760035691 18
5 1089760035920 28
5 1089760035925 30
5 1089760035934 24
5 1089760036166 18
5 1089760036167 22
5 1089760036170 16
5 1089760036173 10
5 1089760036174 16
5 1089760036832 10
5 1089760036834 16
5 1089760036836 10
5 1089760036837 20
5 1089760036838 6
5 1089760036842 22
5 1089760036845 6
5 1089760036847 36
5 1089760036914 16
5 1089760036918 14
5 1089760036919 16
5 1089760036921 10
5 1089760036922 12
5 1089760036924 24
5 1089760036926 6
5 1089760036927 14
5 1089760037152 12
5 1089760037153 18
5 1089760037157 18
5 1089760037160 10
5 1089760037161 20
5 1089760037163 24
5 1089760037166 10
5 1089760037184 6
5 1089760037186 6
5 1089760037187 26
5 1089760037189 28
5 1089760037193 8
5 1089760037195 6
5 1089760037196 8
5 1089760037330 34
5 1089760037331 36
5 1089760037332 14
5 1089760037334 12
5 1089760037338 6
5 1089760037343 16
5 1089760037440 12
5 1089760037441 10
5 1089760037448 30
5 1089760037450 12
5 1089760037453 14
5 1089760038322 16
5 1089760038324 24
5 1089760038325 20
5 1089760038327 12
5 1089760038329 140
5 1089760038331 12
5 1089760038335 18
5 1089760038434 14
5 1089760038435 71
5 1089760038437 12
5 1089760038439 16
5 1089760038440 8
5 1089760038441 22
5 1089760038442 167
5 1089760038443 20
5 1089760038448 12
5 1089760038449 12
5 1089760038450 30
5 1089760038451 154
5 1089760038452 26
5 1089760038453 22
5 1089760038454 16
5 1089760038455 14
5 1089760038456 24
5 1089760038457 64
5 1089760038458 52
5 1089760038459 18
5 1089760038460 89
5 1089760038461 69
5 1089760038462 22
5 1089760038463 20
5 1089760038640 26
5 1089760038641 38
5 1089760038642 26
5 1089760038643 18
5 1089760038644 14
5 1089760038645 10
5 1089760038646 42
5 1089760038647 24
5 1089760038648 242
5 1089760038649 26
5 1089760038650 185
5 1089760038652 14
5 1089760038653 28
5 1089760038654 32
5 1089760038655 36
5 1089760038736 269
5 1089760038737 16
5 1089760038738 20
5 1089760038739 10
5 1089760038741 10
5 1089760038742 8
5 1089760038743 12
5 1089760038744 14
5 1089760038745 12
5 1089760038746 6
5 1089760038747 30
5 1089760038748 95
5 1089760038749 16
5 1089760038750 22
5 1089760039342 4
5 1089760039347 11
5 1089760039360 3
5 1089760039368 14
5 1089760039376 3
5 1089760039384 6
5 1089760040078 6
5 1089760040099 10
5 1089760040101 4
5 1089760040109 21
5 1089760040780 7
5 1089760040783 3
5 1089760040784 5
5 1089760040792 6
5 1089760040798 3
5 1089760040803 4
5 1089760040805 12
5 1089760040809 4
5 1089760040811 15
5 1089760040814 4
5 1089760040815 9
5 1089760041500 3
5 1089760041503 16
5 1089760041514 7
5 1089760041517 5
5 1089760041518 8
5 1089760041519 9
5 1089760041522 4
5 1089760041523 5
5 1089760042214 9
5 1089760042216 6
5 1089760042229 11
5 1089760042230 9
5 1089760042255 8
5 1089760042256 4
5 1089760042962 13
5 1089760042964 11
5 1089760042974 13
5 1089760042984 5
5 1089760042986 9
5 1089760044964 5
5 1089760044968 2
5 1089760044969 3
5 1089760044971 3
5 1089760044972 1
5 1089760044977 5
5 1089760044979 8
5 1089760044980 2
5 1089760044983 4
5 1089760044993 11
5 1089760045001 5
5 1089760045006 5
5 1089760045007 8
5 1089760045008 2
5 1089760045009 3
5 1089760045209 4
5 1089760045210 4
5 1089760045222 7
5 1089760045226 9
5 1089760045230 5
5 1089760045234 1
5 1089760045235 5
5 1089760045239 12
5 1089760045247 3
5 1089760045248 4
5 1089760045249 4
5 1089760045928 7
5 1089760045930 199
5 1089760045941 9
5 1089760045949 6
5 1089760045951 5
5 1089760045953 1
5 1089760045954 5
5 1089760045958 5
5 1089760045960 7
5 1089760045967 5
5 1089760046022 3
5 1089760046027 4
5 1089760046028 13
5 1089760046035 3
5 1089760046036 12
5 1089760046049 4
5 1089760046055 3
5 1089760046056 4
5 1089760046459 6
5 1089760046460 4
5 1089760046461 13
5 1089760046462 8
5 1089760046463 3
5 1089760046465 7
5 1089760046471 6
5 1089760046485 3
5 1089760046500 8
5 1089760046794 6
5 1089760046795 6
5 1089760046813 4
5 1089760046814 11
5 1089760046822 6
5 1089760046830 7
5 1089760049438 2
5 1089760049439 6
5 1089760049443 3
5 1089760049444 14
5 1089760049447 10
5 1089760049451 1
5 1089760049452 5
5 1089760049457 6
5 1089760049463 6
5 1089760049478 10
5 1089760049769 7
5 1089760049773 5
5 1089760049781 6
5 1089760049786 8
5 1089760049791 6
5 1089760049793 9
5 1089760049795 7
5 1089760049797 11
5 1089760049813 2
5 1089760049814 4
5 1089760049815 6
5 1089760049820 9
5 1089760049821 6
5 1089760049823 11
5 1089760049824 8
5 1089760049826 6
5 1089760049827 8
5 1089760049828 11
5 1089760049831 8
5 1089760049834 1
5 1089760049835 6
5 1089760049837 6
5 1089760049838 7
5 1089760049839 6
5 1089760049840 2
5 1089760049841 5
5 1089760049842 10
5 1089760049843 601
5 1089760049844 22
5 1089760049845 22
5 1089760049847 3
5 1089760049848 6
5 1089760049849 1
5 1089760049850 13
5 1089760049851 4
5 1089760049852 5
5 1089760049853 4
5 1089760049854 3
5 1089760049855 8
5 1089760049856 7
5 1089760049857 10
5 1089760050391 106
5 1089760050392 9
5 1089760050395 23
5 1089760050396 4
5 1089760050397 6
5 1089760050398 7
5 1089760050400 9
5 1089760050403 10
5 1089760050407 5
5 1089760050408 8
5 1089760050409 159
5 1089760050410 14
5 1089760050411 2
5 1089760050412 9
5 1089760050414 7
5 1089760050416 7
5 1089760050418 13
5 1089760050420 12
5 1089760050428 7
5 1089760050429 10
5 1089760050430 5
5 1089760050432 4
5 1089760050433 8
5 1089760050434 4
5 1089760050435 4
5 1089760050436 12
5 1089760050679 4
5 1089760050680 7
5 1089760050682 9
5 1089760050684 4
5 1089760050686 6
5 1089760050688 5
5 1089760050693 5
5 1089760050695 5
5 1089760050699 6
5 1089760050700 7
5 1089760050703 10
5 1089760050708 3
5 1089760050709 9
5 1089760050710 6
5 1089760050713 6
5 1089760050714 8
5 1089760050717 12
5 1089760051218 4
5 1089760051219 4
5 1089760051248 4
5 1089760051249 4
5 1089760051278 4
5 1089760051279 4
5 1089760051308 4
5 1089760051309 4
5 1089760051338 4
5 1089760051339 4
5 1089760051368 4
5 1089760051369 4
5 1089760051452 4
5 1089760051453 4
5 1089760051462 4
5 1089760051463 4
5 1089760051492 4
5 1089760051493 4
5 1089760051496 4
5 1089760051497 4
5 1089760051514 4
5 1089760051515 4
5 1089760051528 4
5 1089760051529 4
5 1089760051638 4
5 1089760051639 4
5 1089760051652 4
5 1089760051653 4
5 1089760051654 4
5 1089760051655 4
5 1089760051678 4
5 1089760051679 4
5 1089760051690 4
5 1089760051691 4
5 1089760051712 4
5 1089760051713 2
5 1089760051714 2
5 1089760051715 2
5 1089760051716 1
5 1089760051717 3
5 1089760051718 5
5 1089760051719 2
5 1089760051720 1
5 1089760051721 5
5 1089760051722 4
5 1089760051723 1
5 1089760051724 1
5 1089760051725 2
5 1089760051726 5
5 1089760051727 3
5 1089760051728 3
5 1089760051729 2
5 1089760051730 3
5 1089760051732 5
5 1089760051734 21
5 1089760051735 5
5 1089760051736 5
5 1089760051737 9
5 1089760051738 5
5 1089760051739 3
5 1089760051740 2
5 1089760051741 5
5 1089760051742 2
5 1089760051743 3
5 1089760051744 4
5 1089760051745 6
5 1089760051746 3
5 1089760051747 1
5 1089760051748 2
5 1089760051749 5
5 1089760051750 2
5 1089760051751 8
5 1089760051752 3
5 1089760051753 1
5 1089760051754 4
5 1089760051755 2
5 1089760051756 2
5 1089760051757 5
5 1089760051758 2
5 1089760051759 2
5 1089760051760 3
5 1089760051761 4
5 1089760051762 3
5 1089760051763 6
5 1089760051764 2
5 1089760051765 8
5 1089760051766 3
5 1089760051767 3
5 1089760051768 4
5 1089760051770 3
5 1089760051771 5
5 1089760051772 1
5 1089760051773 2
5 1089760051774 3
5 1089760051775 1
5 1089760051776 1
5 1089760051777 5
5 1089760051778 2
5 1089760051779 2
5 1089760051781 3
5 1089760051782 1
5 1089760051783 4
5 1089760051784 3
5 1089760051787 5
5 1089760051788 1
5 1089760051789 2
5 1089760051790 6
5 1089760051791 1
5 1089760051792 1
5 1089760051793 4
5 1089760051794 2
5 1089760051795 1
5 1089760051796 3
5 1089760051797 3
5 1089760051798 1
5 1089760051799 2
5 1089760051800 6
5 1089760051801 9
5 1089760051802 2
5 1089760051803 1
5 1089760051804 4
5 1089760051805 1
5 1089760051806 3
5 1089760051807 3
5 1089760051809 7
5 1089760051810 1
5 1089760051811 1
5 1089760051812 1
5 1089760051813 1
5 1089760051814 2
5 1089760051815 3
5 1089760051816 2
5 1089760051817 3
5 1089760051818 1
5 1089760051819 4
5 1089760051820 1
5 1089760051821 4
5 1089760051822 1
5 1089760051823 2
5 1089760051824 3
5 1089760051825 2
5 1089760051826 3
5 1089760051827 1
5 1089760051828 2
5 1089760051829 2
5 1089760051830 1
5 1089760051831 1
5 1089760051833 5
5 1089760051834 1
5 1089760051835 2
5 1089760051836 2
5 1089760051837 2
5 1089760051838 1
5 1089760051839 1
5 1089760051840 3
5 1089760051841 4
5 1089760051842 1
5 1089760051843 4
5 1089760051844 2
5 1089760051845 4
5 1089760051846 3
5 1089760051847 1
5 1089760051848 3
5 1089760051849 1
5 1089760051851 3
5 1089760051852 1
5 1089760051853 2
5 1089760051854 4
5 1089760051855 1
5 1089760051856 3
5 1089760051857 2
5 1089760051859 4
5 1089760051860 4
5 1089760051861 250
5 1089760051862 2
5 1089760051863 4
5 1089760051864 3
5 1089760051865 3
5 1089760051866 1
5 1089760051867 2
5 1089760051868 1
5 1089760051869 1
5 1089760051870 6
5 1089760051871 3
5 1089760051872 1
5 1089760051873 1
5 1089760051874 2
5 1089760051876 1
5 1089760051877 1
5 1089760051878 3
5 1089760051879 4
5 1089760051880 3
5 1089760051881 2
5 1089760051882 3
5 1089760051883 1
5 1089760051884 3
5 1089760051885 182
5 1089760051886 2
5 1089760051887 2
5 1089760051888 2
5 1089760051889 1
5 1089760051890 2
5 1089760051891 1
5 1089760051892 5
5 1089760051893 4
5 1089760051894 2
5 1089760051895 6
5 1089760051896 4
5 1089760051897 4
5 1089760051898 5
5 1089760051900 3
5 1089760051901 3
5 1089760051902 1
5 1089760051903 3
5 1089760051904 2
5 1089760051905 2
5 1089760051906 2
5 1089760051907 4
5 1089760051908 1
5 1089760051909 1
5 1089760051910 1
5 1089760051911 2
5 1089760051912 2
5 1089760051913 4
5 1089760051914 1
5 1089760051915 2
5 1089760051916 4
5 1089760051918 1
5 1089760051919 2
5 1089760051920 3
5 1089760051921 2
5 1089760051922 2
5 1089760051923 3
5 1089760051924 3
5 1089760051925 3
5 1089760051926 3
5 1089760051927 2
5 1089760051928 3
5 1089760051929 4
5 1089760051930 3
5 1089760051931 1
5 1089760051932 5
5 1089760051933 4
5 1089760051934 3
5 1089760051936 5
5 1089760051937 6
5 1089760051938 2
5 1089760051939 7
5 1089760051940 1
5 1089760051941 1
5 1089760051942 4
5 1089760051943 3
5 1089760051945 2
5 1089760051946 3
5 1089760051947 4
5 1089760051948 3
5 1089760051949 1
5 1089760051950 2
5 1089760051951 1
5 1089760051953 114
5 1089760051954 3
5 1089760051955 1
5 1089760051956 2
5 1089760051957 6
5 1089760051958 3
5 1089760051959 2
5 1089760051960 5
5 1089760051961 3
5 1089760051963 2
5 1089760051965 4
5 1089760051966 6
5 1089760051967 2
5 1089760051968 1
5 1089760051969 4
5 1089760051970 2
5 1089760051971 2
5 1089760051972 22
5 1089760051973 1
5 1089760051974 3
5 1089760051975 4
5 1089760051977 2
5 1089760051978 2
5 1089760051979 2
5 1089760051980 3
5 1089760051981 4
5 1089760051982 3
5 1089760051983 3
5 1089760051984 3
5 1089760051985 4
5 1089760051986 1
5 1089760051987 1
5 1089760051988 5
5 1089760051990 2
5 1089760051991 2
5 1089760051992 5
5 1089760051993 4
5 1089760051994 4
5 1089760051995 5
5 1089760051996 4
5 1089760051998 1
5 1089760051999 3
5 1089760052000 1
5 1089760052001 2
5 1089760052002 2
5 1089760052003 7
5 1089760052004 1
5 1089760052006 3
5 1089760052007 2
5 1089760052010 4
5 1089760052011 5
5 1089760052012 2
5 1089760052013 15
5 1089760052014 1
5 1089760052015 1
5 1089760052016 4
5 1089760052017 1
5 1089760052018 3
5 1089760052019 1
5 1089760052020 3
5 1089760052021 3
5 1089760052022 1
5 1089760052023 2
5 1089760052024 2
5 1089760052025 4
5 1089760052027 2
5 1089760052028 3
5 1089760052029 2
5 1089760052030 4
5 1089760052031 4
5 1089760052032 3
5 1089760052033 5
5 1089760052034 6
5 1089760052035 4
5 1089760052036 3
5 1089760052037 2
5 1089760052038 3
5 1089760052039 6
5 1089760052040 4
5 1089760052041 3
5 1089760052042 4
5 1089760052043 2
5 1089760052044 3
5 1089760052045 3
5 1089760052046 3
5 1089760052047 2
5 1089760052048 2
5 1089760052049 1
5 1089760052050 2
5 1089760052051 2
5 1089760052052 2
5 1089760052053 2
5 1089760052054 5
5 1089760052055 4
5 1089760052056 2
5 1089760052057 3
5 1089760052058 2
5 1089760052059 3
5 1089760052060 2
5 1089760052061 1
5 1089760052062 2
5 1089760052063 5
5 1089760052064 1
5 1089760052065 5
5 1089760052066 4
5 1089760052067 3
5 1089760052068 5
5 1089760052069 2
5 1089760052070 5
5 1089760052071 3
5 1089760052072 1
5 1089760052073 3
5 1089760052075 1
5 1089760052076 2
5 1089760052077 3
5 1089760052078 6
5 1089760052079 2
5 1089760052080 3
5 1089760052081 3
5 1089760052082 1
5 1089760052083 1
5 1089760052084 1
5 1089760052085 4
5 1089760052086 1
5 1089760052087 4
5 1089760052088 1
5 1089760052089 4
5 1089760052090 1
5 1089760052091 5
5 1089760052092 4
5 1089760052094 5
5 1089760052095 5
5 1089760052096 2
5 1089760052097 2
5 1089760052098 2
5 1089760052099 1
5 1089760052100 4
5 1089760052101 1
5 1089760052102 2
5 1089760052105 4
5 1089760052106 1
5 1089760052107 1
5 1089760052108 3
5 1089760052109 4
5 1089760052110 1
5 1089760052111 3
5 1089760052112 4
5 1089760052113 2
5 1089760052114 2
5 1089760052115 5
5 1089760052117 4
5 1089760052118 5
5 1089760052119 2
5 1089760052120 1
5 1089760052121 2
5 1089760052122 5
5 1089760052123 1
5 1089760052124 5
5 1089760052125 3
5 1089760052126 3
5 1089760052127 3
5 1089760052128 5
5 1089760052129 4
5 1089760052130 2
5 1089760052131 3
5 1089760052132 2
5 1089760052133 4
5 1089760052134 9
5 1089760052135 1
5 1089760052137 1
5 1089760052138 3
5 1089760052139 3
5 1089760052140 5
5 1089760052141 3
5 1089760052142 1
5 1089760052143 2
5 1089760052144 4
5 1089760052145 2
5 1089760052146 2
5 1089760052147 2
5 1089760052148 3
5 1089760052149 1
5 1089760052150 3
5 1089760052151 2
5 1089760052152 1
5 1089760052153 2
5 1089760052155 4
5 1089760052156 5
5 1089760052157 5
5 1089760052158 4
5 1089760052160 5
5 1089760052161 4
5 1089760052162 6
5 1089760052163 1
5 1089760052164 2
5 1089760052165 3
5 1089760052166 2
5 1089760052167 2
5 1089760052169 1
5 1089760052170 1
5 1089760052172 2
5 1089760052173 2
5 1089760052175 3
5 1089760052176 2
5 1089760052177 5
5 1089760052178 2
5 1089760052179 3
5 1089760052180 3
5 1089760052181 2
5 1089760052182 1
5 1089760052183 2
5 1089760052184 5
5 1089760052185 3
5 1089760052186 136
5 1089760052187 5
5 1089760052188 2
5 1089760052189 2
5 1089760052190 4
5 1089760052191 2
5 1089760052192 3
5 1089760052193 3
5 1089760052194 3
5 1089760052195 5
5 1089760052196 1
5 1089760052197 3
5 1089760052198 2
5 1089760052199 1
5 1089760052200 2
5 1089760052201 4
5 1089760052202 1
5 1089760052203 1
5 1089760052204 4
5 1089760052205 2
5 1089760052206 3
5 1089760052207 3
5 1089760052208 3
5 1089760052210 1
5 1089760052211 1
5 1089760052212 4
5 1089760052213 2
5 1089760052215 3
5 1089760052216 3
5 1089760052217 3
5 1089760052218 1
5 1089760052219 1
5 1089760052220 1
5 1089760052221 1
5 1089760052222 3
5 1089760052223 5
5 1089760052296 13
5 1089760052299 2
5 1089760052300 12
5 1089760052301 2
5 1089760052303 5
5 1089760052418 5
5 1089760052422 12
5 1089760052423 11
5 1089760052536 6
5 1089760052537 6
5 1089760052538 5
5 1089760052540 4
5 1089760052541 14
5 1089760052542 17
5 1089760052543 5
5 1089760052658 17
5 1089760052660 6
5 1089760052661 24
5 1089760052776 12
5 1089760052778 13
5 1089760052783 10
5 1089760052899 18
5 1089760052901 7
5 1089760052902 4
5 1089760052903 7
5 1089760053232 4
5 1089760053233 6
5 1089760053234 13
5 1089760053235 2
5 1089760053237 10
5 1089760053238 2
5 1089760053239 12
5 1089760053273 7
5 1089760053275 13
5 1089760053276 4
5 1089760053277 5
5 1089760053278 11
5 1089760053279 5
5 1089760053392 13
5 1089760053394 8
5 1089760053396 12
5 1089760053397 10
5 1089760053399 4
5 1089760053408 2
5 1089760053409 14
5 1089760053410 9
5 1089760053412 3
5 1089760053413 2
5 1089760053414 3
5 1089760053481 21
5 1089760053482 6
5 1089760053483 5
5 1089760053485 2
5 1089760053487 7
5 1089760053536 9
5 1089760053540 8
5 1089760053541 5
5 1089760053542 6
5 1089760053977 7
5 1089760053978 16
5 1089760053979 5
5 1089760053980 5
5 1089760053981 5
5 1089760053983 8
5 1089760054033 9
5 1089760054034 5
5 1089760054035 7
5 1089760054036 12
5 1089760054037 15
5 1089760054040 10
5 1089760054041 18
5 1089760054042 17
5 1089760054043 13
5 1089760054044 67
5 1089760054045 26
5 1089760054046 131
5 1089760054047 202
5 1089760054136 20
5 1089760054137 19
5 1089760054138 9
5 1089760054139 20
5 1089760054140 24
5 1089760054141 491
5 1089760054142 18
5 1089760054143 22
5 1089760054184 14
5 1089760054185 116
5 1089760054186 4
5 1089760054187 8
5 1089760054188 11
5 1089760054189 12
5 1089760054190 179
5 1089760054191 362
6 1089760034816 65
6 1089760034817 34
6 1089760034818 145
6 1089760034819 95
6 1089760034820 45
6 1089760034821 117
6 1089760034822 93
6 1089760034823 16
6 1089760034824 51
6 1089760034825 32
6 1089760034826 270
6 1089760034827 146
6 1089760034828 25
6 1089760034829 30
6 1089760034830 64
6 1089760034831 293
6 1089760035056 38
6 1089760035057 56
6 1089760035058 172
6 1089760035059 62
6 1089760035060 4
6 1089760035061 96
6 1089760035062 159
6 1089760035063 75
6 1089760035064 159
6 1089760035065 116
6 1089760035066 64
6 1089760035067 73
6 1089760035068 12
6 1089760035069 176
6 1089760035070 102
6 1089760035071 160
6 1089760035296 125
6 1089760035297 66
6 1089760035298 36
6 1089760035299 52
6 1089760035300 26
6 1089760035301 106
6 1089760035302 61
6 1089760035303 33
6 1089760035304 502
6 1089760035305 18
6 1089760035306 75
6 1089760035307 149
6 1089760035308 109
6 1089760035309 16
6 1089760035310 244
6 1089760035311 6
6 1089760035536 560
6 1089760035537 12
6 1089760035538 41
6 1089760035539 12
6 1089760035540 32
6 1089760035541 102
6 1089760035542 299
6 1089760035543 38
6 1089760035544 50
6 1089760035545 116
6 1089760035546 38
6 1089760035547 126
6 1089760035548 155
6 1089760035549 10
6 1089760035550 24
6 1089760035551 117
6 1089760035776 169
6 1089760035777 56
6 1089760035778 22
6 1089760035779 246
6 1089760035780 196
6 1089760035781 25
6 1089760035782 290
6 1089760035783 130
6 1089760035784 75
6 1089760035785 19
6 1089760035786 32
6 1089760035787 123
6 1089760035788 44
6 1089760035789 88
6 1089760035790 46
6 1089760035791 66
6 1089760036016 44
6 1089760036017 32
6 1089760036018 60
6 1089760036019 109
6 1089760036020 83
6 1089760036021 75
6 1089760036022 34
6 1089760036023 20
6 1089760036024 32
6 1089760036025 121
6 1089760036026 316
6 1089760036027 157
6 1089760036028 34
6 1089760036029 40
6 1089760036030 112
6 1089760036031 77
6 1089760036400 34
6 1089760036401 20
6 1089760036402 150
6 1089760036403 66
6 1089760036404 38
6 1089760036405 22
6 1089760036406 40
6 1089760036407 36
6 1089760036408 87
6 1089760036409 20
6 1089760036410 46
6 1089760036411 20
6 1089760036412 331
6 1089760036413 114
6 1089760036414 250
6 1089760036415 50
6 1089760036416 40
6 1089760036417 22
6 1089760036418 28
6 1089760036419 6
6 1089760036420 12
6 1089760036421 28
6 1089760036422 80
6 1089760036423 385
6 1089760036424 145
6 1089760036425 24
6 1089760036426 54
6 1089760036427 18
6 1089760036428 203
6 1089760036429 65
6 1089760036430 38
6 1089760036431 57
6 1089760036640 329
6 1089760036641 56
6 1089760036642 262
6 1089760036643 52
6 1089760036644 55
6 1089760036645 23
6 1089760036646 21
6 1089760036647 39
6 1089760036648 14
6 1089760036649 32
6 1089760036650 72
6 1089760036651 52
6 1089760036652 6
6 1089760036653 28
6 1089760036654 71
6 1089760036655 24
6 1089760036928 109
6 1089760036929 274
6 1089760036930 31
6 1089760036931 26
6 1089760036932 92
6 1089760036933 133
6 1089760036934 4
6 1089760036935 251
6 1089760036936 128
6 1089760036937 32
6 1089760036938 248
6 1089760036939 178
6 1089760036940 22
6 1089760036941 51
6 1089760036943 26
6 1089760037072 52
6 1089760037073 4
6 1089760037074 30
6 1089760037075 32
6 1089760037076 28
6 1089760037077 91
6 1089760037078 26
6 1089760037079 4
6 1089760037080 106
6 1089760037081 34
6 1089760037082 117
6 1089760037083 202
6 1089760037084 95
6 1089760037085 12
6 1089760037086 79
6 1089760037087 121
6 1089760037344 116
6 1089760037345 30
6 1089760037346 63
6 1089760037347 46
6 1089760037348 127
6 1089760037349 26
6 1089760037350 70
6 1089760037351 66
6 1089760037352 52
6 1089760037353 6
6 1089760037354 109
6 1089760037355 8
6 1089760037356 32
6 1089760037357 29
6 1089760037358 16
6 1089760037648 190
6 1089760037649 28
6 1089760037650 30
6 1089760037651 44
6 1089760037652 30
6 1089760037653 484
6 1089760037654 477
6 1089760037655 18
6 1089760037656 12
6 1089760037657 276
6 1089760037658 65
6 1089760037659 129
6 1089760037660 10
6 1089760037661 390
6 1089760037662 21
6 1089760037663 55
6 1089760037712 54
6 1089760037713 594
6 1089760037714 58
6 1089760037715 60
6 1089760037716 263
6 1089760037717 62
6 1089760037718 151
6 1089760037719 80
6 1089760037720 60
6 1089760037721 308
6 1089760037722 80
6 1089760037723 58
6 1089760037724 72
6 1089760037725 162
6 1089760037726 66
6 1089760037727 60
6 1089760037728 64
6 1089760037729 68
6 1089760037730 60
6 1089760037731 250
6 1089760037732 66
6 1089760037733 156
6 1089760037734 162
6 1089760037735 168
6 1089760037736 70
6 1089760037737 66
6 1089760037738 71
6 1089760037739 192
6 1089760037740 86
6 1089760037741 248
6 1089760037742 285
6 1089760037743 205
6 1089760037952 140
6 1089760037953 117
6 1089760037954 60
6 1089760037955 267
6 1089760037956 207
6 1089760037957 114
6 1089760037958 87
6 1089760037959 76
6 1089760037960 200
6 1089760037961 277
6 1089760037962 93
6 1089760037963 58
6 1089760037964 56
6 1089760037965 50
6 1089760037966 54
6 1089760037967 79
6 1089760038240 161
6 1089760038241 693
6 1089760038242 383
6 1089760038243 130
6 1089760038244 73
6 1089760038245 319
6 1089760038246 44
6 1089760038247 113
6 1089760038248 60
6 1089760038249 66
6 1089760038250 129
6 1089760038251 786
6 1089760038252 302
6 1089760038253 156
6 1089760038254 171
6 1089760038255 216
6 1089760038752 343
6 1089760038753 71
6 1089760038754 38
6 1089760038755 93
6 1089760038756 83
6 1089760038757 326
6 1089760038758 126
6 1089760038759 385
6 1089760038760 397
6 1089760038761 121
6 1089760038762 34
6 1089760038763 45
6 1089760038764 83
6 1089760038765 30
6 1089760038766 291
6 1089760038767 63
6 1089760038768 240
6 1089760038769 46
6 1089760038770 86
6 1089760038771 67
6 1089760038772 53
6 1089760038773 526
6 1089760038774 34
6 1089760038775 66
6 1089760038776 49
6 1089760038777 42
6 1089760038778 61
6 1089760038779 71
6 1089760038780 62
6 1089760038781 88
6 1089760038782 58
6 1089760038783 54
6 1089760038912 28
6 1089760038914 6
6 1089760038915 1
6 1089760038916 100
6 1089760038917 3
6 1089760038918 19
6 1089760038919 7
6 1089760038920 3
6 1089760038921 59
6 1089760038922 5
6 1089760038923 21
6 1089760038924 30
6 1089760038925 10
6 1089760038927 26
6 1089760038928 11
6 1089760038929 42
6 1089760038930 26
6 1089760038931 135
6 1089760038932 8
6 1089760038934 13
6 1089760038936 145
6 1089760038937 48
6 1089760038939 187
6 1089760038940 145
6 1089760038941 2
6 1089760038942 12
6 1089760038943 14
6 1089760038944 5
6 1089760038945 53
6 1089760038946 19
6 1089760038947 37
6 1089760038951 12
6 1089760038952 374
6 1089760038953 13
6 1089760038955 9
6 1089760038957 3
6 1089760038958 13
6 1089760038959 6
6 1089760039631 3
6 1089760039632 15
6 1089760039634 12
6 1089760039635 15
6 1089760039636 28
6 1089760039637 5
6 1089760039639 18
6 1089760039640 184
6 1089760039641 148
6 1089760039642 6
6 1089760039643 7
6 1089760039645 8
6 1089760039646 92
6 1089760039647 19
6 1089760039648 73
6 1089760039649 4
6 1089760039651 29
6 1089760039653 214
6 1089760039654 72
6 1089760039656 3
6 1089760039657 17
6 1089760039658 268
6 1089760039659 23
6 1089760039660 1
6 1089760039661 441
6 1089760039662 13
6 1089760039663 43
6 1089760039664 406
6 1089760039665 72
6 1089760039666 1
6 1089760039668 9
6 1089760039669 3
6 1089760039670 114
6 1089760039671 16
6 1089760039672 38
6 1089760039673 16
6 1089760039674 8
6 1089760039675 58
6 1089760039676 8
6 1089760039677 80
6 1089760039678 12
6 1089760040350 4
6 1089760040351 15
6 1089760040352 49
6 1089760040353 106
6 1089760040354 1
6 1089760040355 1637
6 1089760040356 25
6 1089760040357 50
6 1089760040359 12
6 1089760040360 214
6 1089760040361 10
6 1089760040363 12
6 1089760040364 61
6 1089760040365 10
6 1089760040366 13
6 1089760040367 7
6 1089760040368 4
6 1089760040370 8
6 1089760040371 17
6 1089760040372 18
6 1089760040373 5
6 1089760040375 4
6 1089760040376 114
6 1089760040378 163
6 1089760040379 29
6 1089760040380 8
6 1089760040381 23
6 1089760040382 46
6 1089760040383 12
6 1089760040385 13
6 1089760040386 6
6 1089760040389 10
6 1089760040390 28
6 1089760040391 33
6 1089760040392 23
6 1089760040393 268
6 1089760040395 3
6 1089760040396 1
6 1089760041060 469
6 1089760041061 2
6 1089760041062 8
6 1089760041063 6
6 1089760041064 2
6 1089760041067 6
6 1089760041068 4
6 1089760041069 6
6 1089760041071 18
6 1089760041074 78
6 1089760041075 15
6 1089760041076 4
6 1089760041078 13
6 1089760041079 13
6 1089760041080 18
6 1089760041081 128
6 1089760041083 6
6 1089760041084 37
6 1089760041085 12
6 1089760041086 22
6 1089760041087 5
6 1089760041088 12
6 1089760041089 62
6 1089760041090 8
6 1089760041091 5
6 1089760041092 4
6 1089760041093 78
6 1089760041094 22
6 1089760041095 8
6 1089760041096 3
6 1089760041097 26
6 1089760041098 124
6 1089760041100 27
6 1089760041101 1
6 1089760041102 258
6 1089760041104 39
6 1089760041105 5
6 1089760041106 7
6 1089760041107 6
6 1089760041779 4
6 1089760041780 28
6 1089760041782 8
6 1089760041783 19
6 1089760041784 513
6 1089760041785 3
6 1089760041786 8
6 1089760041787 10
6 1089760041788 10
6 1089760041789 5
6 1089760041790 63
6 1089760041791 13
6 1089760041792 376
6 1089760041793 261
6 1089760041794 6
6 1089760041795 19
6 1089760041796 18
6 1089760041797 15
6 1089760041798 122
6 1089760041799 6
6 1089760041800 17
6 1089760041802 5
6 1089760041803 145
6 1089760041804 21
6 1089760041805 53
6 1089760041806 11
6 1089760041808 5
6 1089760041809 11
6 1089760041810 9
6 1089760041811 251
6 1089760041812 9
6 1089760041813 12
6 1089760041814 19
6 1089760041815 204
6 1089760041816 24
6 1089760041817 124
6 1089760041818 1
6 1089760041820 7
6 1089760041822 15
6 1089760041823 5
6 1089760041824 138
6 1089760041825 1
6 1089760041826 143
6 1089760041827 326
6 1089760041828 12
6 1089760041829 425
6 1089760042510 10
6 1089760042511 12
6 1089760042512 5
6 1089760042513 16
6 1089760042514 3
6 1089760042516 5
6 1089760042517 127
6 1089760042519 31
6 1089760042520 17
6 1089760042521 6
6 1089760042522 95
6 1089760042523 94
6 1089760042524 85
6 1089760042525 136
6 1089760042526 35
6 1089760042527 14
6 1089760042528 108
6 1089760042529 22
6 1089760042530 144
6 1089760042532 33
6 1089760042535 17
6 1089760042536 82
6 1089760042537 7
6 1089760042538 9
6 1089760042539 9
6 1089760042540 4
6 1089760042541 21
6 1089760042542 1
6 1089760042543 13
6 1089760042544 60
6 1089760042545 5
6 1089760042546 3
6 1089760042547 143
6 1089760042548 53
6 1089760042551 11
6 1089760042552 47
6 1089760042553 7
6 1089760042554 13
6 1089760042555 8
6 1089760042556 16
6 1089760042557 298
6 1089760042558 165
6 1089760042559 10
6 1089760043657 1
6 1089760043658 44
6 1089760043659 10
6 1089760043661 11
6 1089760043662 4
6 1089760043663 86
6 1089760043664 51
6 1089760043665 18
6 1089760043666 17
6 1089760043667 14
6 1089760043668 15
6 1089760043669 17
6 1089760043670 11
6 1089760043672 8
6 1089760043673 16
6 1089760043674 7
6 1089760043675 5
6 1089760043676 2
6 1089760043677 15
6 1089760043678 5
6 1089760043679 22
6 1089760043680 15
6 1089760043681 7
6 1089760043682 67
6 1089760043683 26
6 1089760043684 26
6 1089760043686 5
6 1089760043687 5
6 1089760043688 11
6 1089760043689 11
6 1089760043690 8
6 1089760043691 8
6 1089760043693 7
6 1089760043694 10
6 1089760043695 4
6 1089760043696 17
6 1089760043697 13
6 1089760043698 1
6 1089760043699 62
6 1089760043700 157
6 1089760043701 6
6 1089760043702 12
6 1089760043703 3
6 1089760043704 23
6 1089760043705 27
6 1089760043706 10
6 1089760043707 65
6 1089760043708 11
6 1089760043709 10
6 1089760043710 4
6 1089760043711 3
6 1089760043712 5
6 1089760043713 2
6 1089760043714 8
6 1089760043716 3
6 1089760043720 7
6 1089760043721 85
6 1089760043723 3
6 1089760043725 15
6 1089760043726 18
6 1089760043727 18
6 1089760043728 5
6 1089760043729 1
6 1089760043730 13
6 1089760043731 7
6 1089760043732 7
6 1089760043733 11
6 1089760043734 5
6 1089760043735 7
6 1089760043736 11
6 1089760043737 5
6 1089760043738 8
6 1089760043739 2
6 1089760043740 4
6 1089760043741 3
6 1089760043742 17
6 1089760043743 193
6 1089760043744 10
6 1089760043745 21
6 1089760043746 9
6 1089760043747 83
6 1089760043750 13
6 1089760043752 11
6 1089760043753 4
6 1089760044381 9
6 1089760044382 19
6 1089760044383 11
6 1089760044384 57
6 1089760044385 15
6 1089760044387 4
6 1089760044388 13
6 1089760044389 10
6 1089760044390 7
6 1089760044391 9
6 1089760044392 195
6 1089760044394 129
6 1089760044396 38
6 1089760044397 330
6 1089760044398 4
6 1089760044399 13
6 1089760044402 10
6 1089760044404 125
6 1089760044405 3
6 1089760044406 16
6 1089760044407 4
6 1089760044410 10
6 1089760044412 15
6 1089760044413 11
6 1089760044414 11
6 1089760044415 12
6 1089760044416 14
6 1089760044417 14
6 1089760044419 49
6 1089760044421 4
6 1089760044422 56
6 1089760044424 5
6 1089760044425 5
6 1089760044426 9
6 1089760044427 5
6 1089760044428 9
6 1089760044430 5
6 1089760044431 9
6 1089760045252 365
6 1089760045253 86
6 1089760045254 49
6 1089760045255 6
6 1089760045256 9
6 1089760045257 9
6 1089760045259 7
6 1089760045260 5
6 1089760045261 9
6 1089760045262 51
6 1089760045264 57
6 1089760045265 6
6 1089760045266 5
6 1089760045268 5
6 1089760045271 9
6 1089760045272 10
6 1089760045273 9
6 1089760045274 18
6 1089760045275 94
6 1089760045276 4
6 1089760045277 390
6 1089760045278 5
6 1089760045279 53
6 1089760045280 9
6 1089760045281 19
6 1089760045282 5
6 1089760045283 4
6 1089760045284 11
6 1089760045285 182
6 1089760045286 16
6 1089760045287 9
6 1089760045288 6
6 1089760045290 14
6 1089760045292 4
6 1089760045296 5
6 1089760045297 12
6 1089760045682 4
6 1089760045683 10
6 1089760045684 15
6 1089760045685 290
6 1089760045686 4
6 1089760045689 37
6 1089760045690 20
6 1089760045691 10
6 1089760045692 6
6 1089760045693 5
6 1089760045695 46
6 1089760045696 6
6 1089760045697 12
6 1089760045698 6
6 1089760045699 31
6 1089760045701 4
6 1089760045703 160
6 1089760045704 4
6 1089760045706 8
6 1089760045707 15
6 1089760045708 5
6 1089760045709 31
6 1089760045710 5
6 1089760045711 15
6 1089760045712 7
6 1089760045713 6
6 1089760045714 19
6 1089760045715 6
6 1089760045717 344
6 1089760045718 1
6 1089760045720 16
6 1089760045721 90
6 1089760045724 111
6 1089760045725 17
6 1089760045726 16
6 1089760045727 7
6 1089760045728 12
6 1089760045729 10
6 1089760045730 8
6 1089760046501 7
6 1089760046502 9
6 1089760046503 8
6 1089760046504 11
6 1089760046505 5
6 1089760046506 10
6 1089760046507 12
6 1089760046508 90
6 1089760046509 14
6 1089760046510 5
6 1089760046511 6
6 1089760046512 14
6 1089760046513 9
6 1089760046514 6
6 1089760046515 6
6 1089760046516 146
6 1089760046517 9
6 1089760046519 9
6 1089760046521 9
6 1089760046522 6
6 1089760046523 299
6 1089760046524 8
6 1089760046526 6
6 1089760046527 6
6 1089760046528 10
6 1089760046531 4
6 1089760046532 13
6 1089760046533 12
6 1089760046534 5
6 1089760046536 5
6 1089760046537 73
6 1089760046538 10
6 1089760046539 3
6 1089760046542 10
6 1089760046543 1
6 1089760046544 8
6 1089760047415 378
6 1089760047416 4
6 1089760047417 17
6 1089760047418 2
6 1089760047421 21
6 1089760047423 14
6 1089760047424 4
6 1089760047425 21
6 1089760047426 16
6 1089760047427 15
6 1089760047428 119
6 1089760047430 6
6 1089760047431 72
6 1089760047432 22
6 1089760047433 17
6 1089760047434 77
6 1089760047435 26
6 1089760047436 9
6 1089760047437 4
6 1089760047441 7
6 1089760047442 2
6 1089760047443 13
6 1089760047444 7
6 1089760047445 16
6 1089760047447 24
6 1089760047451 6
6 1089760047453 5
6 1089760047454 11
6 1089760047455 16
6 1089760047457 96
6 1089760047460 248
6 1089760047461 5
6 1089760047607 9
6 1089760047608 29
6 1089760047609 21
6 1089760047610 25
6 1089760047611 29
6 1089760047612 56
6 1089760047613 49
6 1089760047614 134
6 1089760047615 28
6 1089760047616 50
6 1089760047617 155
6 1089760047618 28
6 1089760047619 30
6 1089760047620 17
6 1089760047621 18
6 1089760047622 32
6 1089760047623 17
6 1089760047624 154
6 1089760047625 234
6 1089760047626 144
6 1089760047627 60
6 1089760047628 17
6 1089760047629 74
6 1089760047630 61
6 1089760047631 308
6 1089760047632 22
6 1089760047633 43
6 1089760047634 13
6 1089760047635 21
6 1089760047636 32
6 1089760047637 22
6 1089760047638 6
6 1089760047639 186
6 1089760047640 27
6 1089760047641 25
6 1089760047642 21
6 1089760047643 21
6 1089760047644 122
6 1089760047645 26
6 1089760047646 27
6 1089760047647 156
6 1089760047648 51
6 1089760047649 263
6 1089760047650 103
6 1089760047651 96
6 1089760047652 107
6 1089760047653 78
6 1089760047654 38
6 1089760047655 106
6 1089760047656 25
6 1089760047657 53
6 1089760047658 91
6 1089760047659 24
6 1089760047660 25
6 1089760047661 22
6 1089760047662 31
6 1089760047663 54
6 1089760047664 28
6 1089760047665 29
6 1089760047666 171
6 1089760047667 69
6 1089760047668 30
6 1089760047669 32
6 1089760047670 20
6 1089760047671 131
6 1089760047672 177
6 1089760047673 24
6 1089760047674 21
6 1089760047675 88
6 1089760047676 17
6 1089760047677 24
6 1089760047678 23
6 1089760047679 707
6 1089760047680 183
6 1089760047681 65
6 1089760047682 123
6 1089760047683 144
6 1089760047684 315
6 1089760047685 182
6 1089760047686 30
6 1089760047687 48
6 1089760047688 67
6 1089760047689 22
6 1089760047690 14
6 1089760047691 73
6 1089760047692 106
6 1089760047693 154
6 1089760047694 937
6 1089760047695 234
6 1089760047696 60
6 1089760047697 16
6 1089760047698 20
6 1089760047699 16
6 1089760047700 24
6 1089760047701 82
6 1089760047702 33
6 1089760047703 181
6 1089760047704 18
6 1089760048330 137
6 1089760048331 23
6 1089760048332 21
6 1089760048333 90
6 1089760048334 49
6 1089760048335 38
6 1089760048336 15
6 1089760048337 24
6 1089760048338 22
6 1089760048339 177
6 1089760048340 16
6 1089760048341 218
6 1089760048342 57
6 1089760048343 44
6 1089760048344 42
6 1089760048345 218
6 1089760048346 68
6 1089760048347 29
6 1089760048348 24
6 1089760048349 26
6 1089760048350 27
6 1089760048351 42
6 1089760048352 60
6 1089760048353 361
6 1089760048354 32
6 1089760048355 62
6 1089760048356 94
6 1089760048357 22
6 1089760048358 17
6 1089760048359 14
6 1089760048360 14
6 1089760048361 54
6 1089760048362 133
6 1089760048363 9
6 1089760048364 27
6 1089760048365 374
6 1089760048366 41
6 1089760048367 29
6 1089760048368 12
6 1089760048369 9
6 1089760048370 18
6 1089760048371 26
6 1089760048372 10
6 1089760048373 36
6 1089760048374 29
6 1089760048375 19
6 1089760048376 15
6 1089760049187 284
6 1089760049188 125
6 1089760049189 23
6 1089760049190 273
6 1089760049191 68
6 1089760049192 40
6 1089760049193 15
6 1089760049194 28
6 1089760049195 22
6 1089760049196 25
6 1089760049197 205
6 1089760049198 198
6 1089760049199 171
6 1089760049200 76
6 1089760049201 26
6 1089760049202 109
6 1089760049203 17
6 1089760049204 18
6 1089760049205 19
6 1089760049206 21
6 1089760049207 4
6 1089760049208 180
6 1089760049209 22
6 1089760049210 10
6 1089760049211 85
6 1089760049212 80
6 1089760049213 39
6 1089760049214 23
6 1089760049215 27
6 1089760049216 327
6 1089760049217 6
6 1089760049218 140
6 1089760049219 141
6 1089760049220 16
6 1089760049221 23
6 1089760049222 16
6 1089760049223 23
6 1089760049224 115
6 1089760049225 57
6 1089760049226 191
6 1089760049227 33
6 1089760049228 21
6 1089760049229 145
6 1089760049230 26
6 1089760049231 9
6 1089760049232 125
6 1089760049233 98
6 1089760049234 28
6 1089760049235 2
6 1089760050722 17
6 1089760050723 25
6 1089760050724 27
6 1089760050725 16
6 1089760050726 7
6 1089760050727 20
6 1089760050728 52
6 1089760050729 28
6 1089760050730 398
6 1089760050731 5
6 1089760050732 11
6 1089760050733 8
6 1089760050734 158
6 1089760050735 134
6 1089760050736 21
6 1089760050737 21
6 1089760050738 13
6 1089760050739 23
6 1089760050740 18
6 1089760050741 60
6 1089760050742 17
6 1089760050743 33
6 1089760050744 145
6 1089760050745 27
6 1089760050746 33
6 1089760050747 31
6 1089760050748 18
6 1089760050749 22
6 1089760050750 17
6 1089760050751 19
6 1089760050752 18
6 1089760050753 8
6 1089760050754 9
6 1089760050755 17
6 1089760050756 661
6 1089760050757 13
6 1089760050758 130
6 1089760050759 33
6 1089760050760 26
6 1089760050761 14
6 1089760050762 73
6 1089760050763 12
6 1089760050765 21
6 1089760050766 21
6 1089760050767 681
6 1089760050768 31
6 1089760050769 37
6 1089760050770 27
6 1089760050771 16
6 1089760050772 74
6 1089760050773 35
6 1089760050774 46
6 1089760050775 22
6 1089760050776 92
6 1089760050777 14
6 1089760050778 91
6 1089760050779 18
6 1089760050780 326
6 1089760050781 32
6 1089760050782 16
6 1089760050783 22
6 1089760050784 13
6 1089760050785 162
6 1089760050786 4
6 1089760050787 60
6 1089760050788 10
6 1089760050789 157
6 1089760050790 12
6 1089760050791 73
6 1089760050792 7
6 1089760050793 781
6 1089760050794 1763
6 1089760050795 10
6 1089760050796 24
6 1089760050797 18
6 1089760050798 12
6 1089760050799 3
6 1089760050800 24
6 1089760050801 14
6 1089760050802 59
6 1089760050803 29
6 1089760050804 17
6 1089760050805 22
6 1089760050806 118
6 1089760050807 14
6 1089760050808 18
6 1089760050809 18
6 1089760050810 14
6 1089760050811 106
6 1089760050812 17
6 1089760050813 24
6 1089760050814 114
6 1089760050815 436
6 1089760050816 6
6 1089760050817 13
6 1089760050818 7
6 1089760050819 11
6 1089760051200 4
6 1089760051201 4
6 1089760051230 4
6 1089760051231 4
6 1089760051260 4
6 1089760051261 4
6 1089760051290 4
6 1089760051291 4
6 1089760051320 4
6 1089760051321 4
6 1089760051350 4
6 1089760051351 4
6 1089760051398 4
6 1089760051399 4
6 1089760051400 4
6 1089760051401 4
6 1089760051428 4
6 1089760051429 4
6 1089760051464 4
6 1089760051465 4
6 1089760051482 4
6 1089760051483 4
6 1089760051516 4
6 1089760051517 4
6 1089760051554 4
6 1089760051555 4
6 1089760051562 4
6 1089760051563 4
6 1089760051564 4
6 1089760051565 4
6 1089760051592 4
6 1089760051593 4
6 1089760051628 4
6 1089760051629 4
6 1089760051692 4
6 1089760051693 4
6 1089760051694 354
6 1089760051695 4
6 1089760051712 21
6 1089760051713 25
6 1089760051714 24
6 1089760051715 26
6 1089760051716 28
6 1089760051717 204
6 1089760051718 25
6 1089760051719 29
6 1089760051720 17
6 1089760051721 791
6 1089760051722 28
6 1089760051723 206
6 1089760051724 447
6 1089760051725 22
6 1089760051726 20
6 1089760051727 573
6 1089760051728 162
6 1089760051729 13
6 1089760051730 20
6 1089760051731 18
6 1089760051732 16
6 1089760051733 30
6 1089760051734 152
6 1089760051735 89
6 1089760051736 17
6 1089760051737 152
6 1089760051738 19
6 1089760051739 12
6 1089760051740 213
6 1089760051741 62
6 1089760051742 42
6 1089760051743 19
6 1089760051744 24
6 1089760051745 333
6 1089760051746 65
6 1089760051747 288
6 1089760051748 21
6 1089760051749 83
6 1089760051750 22
6 1089760051751 28
6 1089760051752 23
6 1089760051753 64
6 1089760051754 602
6 1089760051755 28
6 1089760051756 322
6 1089760051757 25
6 1089760051758 31
6 1089760051759 22
6 1089760051760 158
6 1089760051761 180
6 1089760051762 31
6 1089760051763 16
6 1089760051764 14
6 1089760051765 17
6 1089760051766 169
6 1089760051767 277
6 1089760051768 77
6 1089760051769 125
6 1089760051770 146
6 1089760051771 20
6 1089760051772 22
6 1089760051773 49
6 1089760051774 21
6 1089760051775 115
6 1089760051776 62
6 1089760051777 43
6 1089760051778 27
6 1089760051779 185
6 1089760051780 23
6 1089760051781 47
6 1089760051782 253
6 1089760051783 26
6 1089760051784 15
6 1089760051785 56
6 1089760051786 11
6 1089760051787 26
6 1089760051788 45
6 1089760051789 24
6 1089760051790 17
6 1089760051791 17
6 1089760051792 212
6 1089760051793 26
6 1089760051794 27
6 1089760051795 97
6 1089760051796 61
6 1089760051797 29
6 1089760051798 18
6 1089760051799 58
6 1089760051800 91
6 1089760051801 34
6 1089760051802 24
6 1089760051803 36
6 1089760051804 23
6 1089760051805 47
6 1089760051806 27
6 1089760051807 24
6 1089760051808 119
6 1089760051809 20
6 1089760051810 20
6 1089760051811 36
6 1089760051812 62
6 1089760051813 193
6 1089760051814 63
6 1089760051815 28
6 1089760051816 19
6 1089760051817 375
6 1089760051818 99
6 1089760051819 14
6 1089760051820 18
6 1089760051821 51
6 1089760051822 153
6 1089760051823 25
6 1089760051824 173
6 1089760051825 61
6 1089760051826 172
6 1089760051827 36
6 1089760051828 301
6 1089760051829 17
6 1089760051830 28
6 1089760051831 26
6 1089760051832 24
6 1089760051833 35
6 1089760051834 21
6 1089760051835 26
6 1089760051836 215
6 1089760051837 247
6 1089760051838 148
6 1089760051839 37
6 1089760051840 25
6 1089760051841 79
6 1089760051842 27
6 1089760051843 182
6 1089760051844 19
6 1089760051845 244
6 1089760051846 22
6 1089760051847 29
6 1089760051848 27
6 1089760051849 27
6 1089760051850 175
6 1089760051851 110
6 1089760051852 24
6 1089760051853 26
6 1089760051854 20
6 1089760051855 67
6 1089760051856 115
6 1089760051857 43
6 1089760051858 106
6 1089760051859 17
6 1089760051860 19
6 1089760051861 22
6 1089760051862 26
6 1089760051863 53
6 1089760051864 262
6 1089760051865 18
6 1089760051866 17
6 1089760051867 50
6 1089760051868 74
6 1089760051869 79
6 1089760051870 58
6 1089760051871 122
6 1089760051872 23
6 1089760051873 32
6 1089760051874 117
6 1089760051875 156
6 1089760051876 49
6 1089760051877 34
6 1089760051878 50
6 1089760051879 20
6 1089760051880 122
6 1089760051881 84
6 1089760051882 36
6 1089760051883 285
6 1089760051884 18
6 1089760051885 23
6 1089760051886 736
6 1089760051887 345
6 1089760051888 228
6 1089760051889 121
6 1089760051890 219
6 1089760051891 20
6 1089760051892 46
6 1089760051893 22
6 1089760051894 54
6 1089760051895 20
6 1089760051896 18
6 1089760051897 157
6 1089760051898 32
6 1089760051899 23
6 1089760051900 25
6 1089760051901 772
6 1089760051902 18
6 1089760051903 44
6 1089760051904 21
6 1089760051905 498
6 1089760051906 24
6 1089760051907 28
6 1089760051908 19
6 1089760051909 20
6 1089760051910 29
6 1089760051911 18
6 1089760051912 84
6 1089760051913 155
6 1089760051914 223
6 1089760051915 37
6 1089760051916 22
6 1089760051917 51
6 1089760051918 343
6 1089760051919 86
6 1089760051920 28
6 1089760051921 24
6 1089760051922 28
6 1089760051923 59
6 1089760051924 32
6 1089760051925 22
6 1089760051926 351
6 1089760051927 29
6 1089760051928 23
6 1089760051929 48
6 1089760051930 27
6 1089760051931 17
6 1089760051932 33
6 1089760051933 205
6 1089760051934 24
6 1089760051935 289
6 1089760051936 15
6 1089760051937 274
6 1089760051938 32
6 1089760051939 194
6 1089760051940 30
6 1089760051941 37
6 1089760051942 17
6 1089760051943 25
6 1089760051944 49
6 1089760051945 753
6 1089760051946 153
6 1089760051947 160
6 1089760051948 33
6 1089760051949 23
6 1089760051950 25
6 1089760051951 405
6 1089760051952 39
6 1089760051953 23
6 1089760051954 30
6 1089760051955 60
6 1089760051956 56
6 1089760051957 27
6 1089760051958 19
6 1089760051959 25
6 1089760051960 34
6 1089760051961 21
6 1089760051962 49
6 1089760051963 19
6 1089760051964 34
6 1089760051965 255
6 1089760051966 88
6 1089760051967 31
6 1089760051968 186
6 1089760051969 120
6 1089760051970 37
6 1089760051971 23
6 1089760051972 22
6 1089760051973 39
6 1089760051974 40
6 1089760051975 84
6 1089760051976 232
6 1089760051977 24
6 1089760051978 46
6 1089760051979 224
6 1089760051980 16
6 1089760051981 30
6 1089760051982 23
6 1089760051983 16
6 1089760051984 57
6 1089760051985 241
6 1089760051986 25
6 1089760051987 23
6 1089760051988 1683
6 1089760051989 18
6 1089760051990 217
6 1089760051991 20
6 1089760051992 242
6 1089760051993 21
6 1089760051994 14
6 1089760051995 121
6 1089760051996 20
6 1089760051997 248
6 1089760051998 29
6 1089760051999 138
6 1089760052000 24
6 1089760052001 29
6 1089760052002 39
6 1089760052003 20
6 1089760052004 20
6 1089760052005 18
6 1089760052006 17
6 1089760052007 24
6 1089760052008 37
6 1089760052009 132
6 1089760052010 103
6 1089760052011 70
6 1089760052012 13
6 1089760052013 20
6 1089760052014 17
6 1089760052015 165
6 1089760052016 26
6 1089760052017 19
6 1089760052018 13
6 1089760052019 119
6 1089760052020 28
6 1089760052021 181
6 1089760052022 26
6 1089760052023 24
6 1089760052024 32
6 1089760052025 457
6 1089760052026 20
6 1089760052027 21
6 1089760052028 30
6 1089760052029 23
6 1089760052030 45
6 1089760052031 31
6 1089760052032 27
6 1089760052033 25
6 1089760052034 990
6 1089760052035 24
6 1089760052036 30
6 1089760052037 129
6 1089760052038 17
6 1089760052039 18
6 1089760052040 153
6 1089760052041 121
6 1089760052042 117
6 1089760052043 35
6 1089760052044 336
6 1089760052045 19
6 1089760052046 27
6 1089760052047 32
6 1089760052048 28
6 1089760052049 44
6 1089760052050 61
6 1089760052051 91
6 1089760052052 53
6 1089760052053 125
6 1089760052054 17
6 1089760052055 159
6 1089760052056 92
6 1089760052057 56
6 1089760052058 339
6 1089760052059 306
6 1089760052060 21
6 1089760052061 22
6 1089760052062 20
6 1089760052063 19
6 1089760052064 34
6 1089760052065 22
6 1089760052066 31
6 1089760052067 82
6 1089760052068 19
6 1089760052069 165
6 1089760052070 41
6 1089760052071 130
6 1089760052072 22
6 1089760052073 15
6 1089760052074 329
6 1089760052075 25
6 1089760052076 47
6 1089760052077 191
6 1089760052078 81
6 1089760052079 38
6 1089760052080 28
6 1089760052081 59
6 1089760052082 31
6 1089760052083 15
6 1089760052084 106
6 1089760052085 136
6 1089760052086 33
6 1089760052087 27
6 1089760052088 61
6 1089760052089 521
6 1089760052090 21
6 1089760052091 101
6 1089760052092 11
6 1089760052093 18
6 1089760052094 28
6 1089760052095 27
6 1089760052096 51
6 1089760052097 89
6 1089760052098 31
6 1089760052099 94
6 1089760052100 24
6 1089760052101 441
6 1089760052102 129
6 1089760052103 59
6 1089760052104 198
6 1089760052105 401
6 1089760052106 110
6 1089760052107 19
6 1089760052108 25
6 1089760052109 99
6 1089760052110 25
6 1089760052111 321
6 1089760052112 39
6 1089760052113 22
6 1089760052114 48
6 1089760052115 25
6 1089760052116 31
6 1089760052117 387
6 1089760052118 99
6 1089760052119 145
6 1089760052120 137
6 1089760052121 42
6 1089760052122 103
6 1089760052123 150
6 1089760052124 25
6 1089760052125 26
6 1089760052126 20
6 1089760052127 162
6 1089760052128 25
6 1089760052129 48
6 1089760052130 141
6 1089760052131 79
6 1089760052132 21
6 1089760052133 26
6 1089760052134 13
6 1089760052135 29
6 1089760052136 28
6 1089760052137 17
6 1089760052138 247
6 1089760052139 20
6 1089760052140 25
6 1089760052141 89
6 1089760052142 22
6 1089760052143 43
6 1089760052144 140
6 1089760052145 14
6 1089760052146 157
6 1089760052147 24
6 1089760052148 227
6 1089760052149 22
6 1089760052150 27
6 1089760052151 148
6 1089760052152 19
6 1089760052153 1269
6 1089760052154 26
6 1089760052155 23
6 1089760052156 25
6 1089760052157 17
6 1089760052158 79
6 1089760052159 51
6 1089760052160 1156
6 1089760052161 12
6 1089760052162 25
6 1089760052163 24
6 1089760052164 18
6 1089760052165 23
6 1089760052166 147
6 1089760052167 21
6 1089760052168 24
6 1089760052169 179
6 1089760052170 43
6 1089760052171 34
6 1089760052172 131
6 1089760052173 208
6 1089760052174 23
6 1089760052175 92
6 1089760052176 63
6 1089760052177 16
6 1089760052178 235
6 1089760052179 28
6 1089760052180 26
6 1089760052181 20
6 1089760052182 24
6 1089760052183 530
6 1089760052184 31
6 1089760052185 72
6 1089760052186 27
6 1089760052187 23
6 1089760052188 199
6 1089760052189 151
6 1089760052190 25
6 1089760052191 122
6 1089760052192 150
6 1089760052193 71
6 1089760052194 26
6 1089760052195 30
6 1089760052196 56
6 1089760052197 18
6 1089760052198 340
6 1089760052199 31
6 1089760052200 236
6 1089760052201 25
6 1089760052202 48
6 1089760052203 12
6 1089760052204 38
6 1089760052205 87
6 1089760052206 223
6 1089760052207 44
6 1089760052208 567
6 1089760052209 49
6 1089760052210 184
6 1089760052211 20
6 1089760052212 76
6 1089760052213 73
6 1089760052214 28
6 1089760052215 29
6 1089760052216 22
6 1089760052217 23
6 1089760052218 16
6 1089760052219 186
6 1089760052220 28
6 1089760052221 419
6 1089760052222 21
6 1089760052223 27
6 1089760052224 74
6 1089760052225 45
6 1089760052226 31
6 1089760052227 20
6 1089760052228 78
6 1089760052229 26
6 1089760052230 60
6 1089760052231 19
6 1089760052344 263
6 1089760052345 304
6 1089760052346 151
6 1089760052347 55
6 1089760052348 186
6 1089760052349 27
6 1089760052350 14
6 1089760052351 25
6 1089760052464 25
6 1089760052465 27
6 1089760052466 76
6 1089760052467 23
6 1089760052468 17
6 1089760052469 40
6 1089760052470 176
6 1089760052471 30
6 1089760052584 21
6 1089760052585 16
6 1089760052586 20
6 1089760052587 26
6 1089760052588 20
6 1089760052589 32
6 1089760052590 21
6 1089760052591 21
6 1089760052704 69
6 1089760052705 24
6 1089760052706 26
6 1089760052707 102
6 1089760052708 24
6 1089760052709 277
6 1089760052710 129
6 1089760052711 31
6 1089760052824 22
6 1089760052825 26
6 1089760052826 410
6 1089760052827 17
6 1089760052828 145
6 1089760052829 180
6 1089760052830 15
6 1089760052831 30
6 1089760053016 16
6 1089760053017 289
6 1089760053018 141
6 1089760053019 29
6 1089760053020 267
6 1089760053021 18
6 1089760053022 59
6 1089760053023 35
6 1089760053024 19
6 1089760053025 14
6 1089760053026 17
6 1089760053027 35
6 1089760053028 26
6 1089760053029 15
6 1089760053030 36
6 1089760053031 24
6 1089760053136 31
6 1089760053137 46
6 1089760053138 191
6 1089760053139 43
6 1089760053140 29
6 1089760053141 28
6 1089760053142 11
6 1089760053143 21
6 1089760053280 503
6 1089760053281 14
6 1089760053282 427
6 1089760053283 20
6 1089760053284 116
6 1089760053285 34
6 1089760053286 126
6 1089760053287 10
6 1089760053352 17
6 1089760053353 17
6 1089760053354 226
6 1089760053355 12
6 1089760053356 28
6 1089760053357 91
6 1089760053358 14
6 1089760053359 33
6 1089760053488 227
6 1089760053489 30
6 1089760053490 17
6 1089760053491 36
6 1089760053492 85
6 1089760053493 19
6 1089760053494 17
6 1089760053495 7
6 1089760053640 168
6 1089760053641 143
6 1089760053642 220
6 1089760053643 44
6 1089760053644 14
6 1089760053645 18
6 1089760053646 18
6 1089760053647 32
6 1089760053672 30
6 1089760053673 30
6 1089760053674 627
6 1089760053675 40
6 1089760053676 33
6 1089760053677 35
6 1089760053678 126
6 1089760053679 35
6 1089760053680 76
6 1089760053681 40
6 1089760053682 74
6 1089760053683 33
6 1089760053684 37
6 1089760053685 31
6 1089760053686 28
6 1089760053687 34
6 1089760053792 245
6 1089760053793 30
6 1089760053794 36
6 1089760053795 42
6 1089760053796 120
6 1089760053797 110
6 1089760053798 89
6 1089760053799 227
6 1089760053936 73
6 1089760053937 32
6 1089760053938 52
6 1089760053939 51
6 1089760053940 35
6 1089760053941 77
6 1089760053942 34
6 1089760053943 350
6 1089760054192 1284
6 1089760054193 86
6 1089760054194 33
6 1089760054195 31
6 1089760054196 33
6 1089760054197 44
6 1089760054198 25
6 1089760054199 30
6 1089760054200 166
6 1089760054201 38
6 1089760054202 28
6 1089760054203 34
6 1089760054204 28
6 1089760054205 26
6 1089760054206 36
6 1089760054207 474
7 1089760034912 22
7 1089760034913 22
7 1089760034914 80
7 1089760034915 216
7 1089760034916 129
7 1089760034917 1518
7 1089760034918 30
7 1089760034919 32
7 1089760034920 566
7 1089760034921 28
7 1089760034922 453
7 1089760034923 125
7 1089760034924 20
7 1089760034925 34
7 1089760034926 171
7 1089760034927 18
7 1089760035152 20
7 1089760035153 165
7 1089760035154 89
7 1089760035155 20
7 1089760035156 32
7 1089760035157 20
7 1089760035158 100
7 1089760035159 61
7 1089760035160 97
7 1089760035161 30
7 1089760035162 15
7 1089760035163 63
7 1089760035164 64
7 1089760035165 71
7 1089760035166 40
7 1089760035167 339
7 1089760035392 88
7 1089760035393 16
7 1089760035394 48
7 1089760035395 34
7 1089760035396 23
7 1089760035397 124
7 1089760035398 20
7 1089760035399 16
7 1089760035400 265
7 1089760035401 50
7 1089760035402 141
7 1089760035403 222
7 1089760035404 17
7 1089760035405 23
7 1089760035406 71
7 1089760035407 36
7 1089760035632 48
7 1089760035633 153
7 1089760035634 75
7 1089760035635 32
7 1089760035636 99
7 1089760035637 401
7 1089760035638 288
7 1089760035639 122
7 1089760035640 32
7 1089760035641 85
7 1089760035642 154
7 1089760035643 221
7 1089760035644 87
7 1089760035645 16
7 1089760035646 213
7 1089760035647 26
7 1089760035872 177
7 1089760035873 61
7 1089760035874 193
7 1089760035875 28
7 1089760035876 317
7 1089760035877 10
7 1089760035878 207
7 1089760035879 56
7 1089760035880 24
7 1089760035881 26
7 1089760035882 102
7 1089760035883 20
7 1089760035884 34
7 1089760035885 26
7 1089760035886 16
7 1089760035887 49
7 1089760036112 32
7 1089760036113 14
7 1089760036114 237
7 1089760036115 50
7 1089760036116 24
7 1089760036117 62
7 1089760036118 274
7 1089760036119 20
7 1089760036120 122
7 1089760036121 43
7 1089760036122 16
7 1089760036123 103
7 1089760036124 44
7 1089760036125 22
7 1089760036126 113
7 1089760036127 32
7 1089760036336 449
7 1089760036337 245
7 1089760036338 24
7 1089760036339 22
7 1089760036340 20
7 1089760036341 232
7 1089760036342 28
7 1089760036343 28
7 1089760036344 20
7 1089760036345 24
7 1089760036346 133
7 1089760036347 43
7 1089760036348 8
7 1089760036349 26
7 1089760036350 18
7 1089760036351 309
7 1089760036368 14
7 1089760036369 47
7 1089760036370 20
7 1089760036371 179
7 1089760036372 433
7 1089760036373 27
7 1089760036374 42
7 1089760036375 171
7 1089760036376 28
7 1089760036377 230
7 1089760036378 24
7 1089760036379 87
7 1089760036380 208
7 1089760036381 111
7 1089760036382 60
7 1089760036383 60
7 1089760036480 24
7 1089760036481 82
7 1089760036482 38
7 1089760036483 49
7 1089760036484 26
7 1089760036485 22
7 1089760036486 171
7 1089760036487 22
7 1089760036488 114
7 1089760036489 52
7 1089760036490 338
7 1089760036491 156
7 1089760036492 39
7 1089760036493 20
7 1089760036494 717
7 1089760036495 39
7 1089760036624 16
7 1089760036625 159
7 1089760036626 26
7 1089760036627 95
7 1089760036628 179
7 1089760036629 44
7 1089760036630 55
7 1089760036631 68
7 1089760036632 164
7 1089760036633 89
7 1089760036634 29
7 1089760036635 117
7 1089760036636 46
7 1089760036637 104
7 1089760036638 40
7 1089760036639 32
7 1089760037280 41
7 1089760037281 31
7 1089760037282 181
7 1089760037283 28
7 1089760037284 290
7 1089760037285 388
7 1089760037286 14
7 1089760037287 24
7 1089760037288 45
7 1089760037289 83
7 1089760037290 558
7 1089760037291 570
7 1089760037292 24
7 1089760037293 452
7 1089760037294 47
7 1089760037295 22
7 1089760037360 34
7 1089760037361 26
7 1089760037362 366
7 1089760037363 24
7 1089760037364 20
7 1089760037365 40
7 1089760037366 157
7 1089760037367 156
7 1089760037368 34
7 1089760037369 55
7 1089760037370 62
7 1089760037371 16
7 1089760037372 162
7 1089760037373 26
7 1089760037374 295
7 1089760037375 67
7 1089760037728 31
7 1089760037729 8
7 1089760037730 16
7 1089760037731 4
7 1089760037732 6
7 1089760037733 10
7 1089760037734 10
7 1089760037735 20
7 1089760037736 6
7 1089760037737 109
7 1089760037738 23
7 1089760037739 8
7 1089760037740 10
7 1089760037741 12
7 1089760037742 8
7 1089760037743 14
7 1089760037744 10
7 1089760037745 10
7 1089760037746 348
7 1089760037747 73
7 1089760037748 46
7 1089760037749 22
7 1089760037750 32
7 1089760037751 22
7 1089760037752 12
7 1089760037753 10
7 1089760037754 37
7 1089760037755 22
7 1089760037756 993
7 1089760037757 10
7 1089760037758 2
7 1089760037759 42
7 1089760037856 6
7 1089760037857 6
7 1089760037858 12
7 1089760037859 12
7 1089760037860 36
7 1089760037861 76
7 1089760037862 8
7 1089760037863 8
7 1089760037864 10
7 1089760037865 8
7 1089760037866 8
7 1089760037867 8
7 1089760037868 6
7 1089760037869 12
7 1089760037870 148
7 1089760037871 82
7 1089760037920 14
7 1089760037921 6
7 1089760037922 4
7 1089760037923 6
7 1089760037924 10
7 1089760037925 12
7 1089760037926 6
7 1089760037927 6
7 1089760037928 12
7 1089760037929 113
7 1089760037930 14
7 1089760037931 14
7 1089760037932 12
7 1089760037933 6
7 1089760037934 105
7 1089760037935 10
7 1089760038208 22
7 1089760038209 10
7 1089760038210 25
7 1089760038211 10
7 1089760038212 12
7 1089760038213 18
7 1089760038214 12
7 1089760038215 4
7 1089760038216 10
7 1089760038217 12
7 1089760038218 12
7 1089760038219 8
7 1089760038220 8
7 1089760038221 24
7 1089760038222 10
7 1089760038223 10
7 1089760038368 35
7 1089760038369 14
7 1089760038370 8
7 1089760038371 6
7 1089760038372 50
7 1089760038373 8
7 1089760038374 10
7 1089760038375 10
7 1089760038376 6
7 1089760038377 12
7 1089760038378 4
7 1089760038379 6
7 1089760038380 20
7 1089760038381 25
7 1089760038382 8
7 1089760038383 113
7 1089760038416 6
7 1089760038417 12
7 1089760038418 14
7 1089760038419 14
7 1089760038420 8
7 1089760038421 10
7 1089760038422 240
7 1089760038423 10
7 1089760038424 12
7 1089760038425 12
7 1089760038426 8
7 1089760038427 233
7 1089760038428 14
7 1089760038429 12
7 1089760038430 10
7 1089760038431 8
7 1089760038640 6
7 1089760038641 6
7 1089760038642 11
7 1089760038643 14
7 1089760038644 24
7 1089760038645 16
7 1089760038646 29
7 1089760038647 29
7 1089760038648 10
7 1089760038649 6
7 1089760038650 146
7 1089760038651 13
7 1089760038652 84
7 1089760038653 113
7 1089760038654 254
7 1089760038655 6
7 1089760039197 10
7 1089760039198 28
7 1089760039199 21
7 1089760039200 20
7 1089760039201 159
7 1089760039202 19
7 1089760039203 369
7 1089760039204 162
7 1089760039205 20
7 1089760039206 16
7 1089760039207 441
7 1089760039208 26
7 1089760039209 24
7 1089760039210 28
7 1089760039211 28
7 1089760039212 13
7 1089760039213 135
7 1089760039214 15
7 1089760039215 217
7 1089760039216 90
7 1089760039217 22
7 1089760039218 23
7 1089760039219 27
7 1089760039220 6
7 1089760039221 112
7 1089760039222 258
7 1089760039223 139
7 1089760039224 294
7 1089760039225 21
7 1089760039226 18
7 1089760039227 87
7 1089760039228 139
7 1089760039229 290
7 1089760039230 23
7 1089760039231 16
7 1089760039232 190
7 1089760039233 102
7 1089760039234 28
7 1089760039235 146
7 1089760039236 148
7 1089760039237 185
7 1089760039238 192
7 1089760039239 642
7 1089760039240 158
7 1089760039241 12
7 1089760039242 6
7 1089760039243 275
7 1089760039244 142
7 1089760039245 15
7 1089760039246 6
7 1089760039920 6
7 1089760039921 15
7 1089760039922 17
7 1089760039923 178
7 1089760039924 20
7 1089760039925 14
7 1089760039926 173
7 1089760039927 39
7 1089760039928 388
7 1089760039929 12
7 1089760039930 28
7 1089760039931 15
7 1089760039932 7
7 1089760039933 197
7 1089760039934 69
7 1089760039935 83
7 1089760039936 21
7 1089760039937 14
7 1089760039938 25
7 1089760039939 18
7 1089760039940 27
7 1089760039941 981
7 1089760039942 23
7 1089760039943 115
7 1089760039944 180
7 1089760039945 12
7 1089760039946 268
7 1089760039947 15
7 1089760039948 20
7 1089760039949 201
7 1089760039950 15
7 1089760039951 43
7 1089760039952 14
7 1089760039953 120
7 1089760039954 15
7 1089760039955 23
7 1089760039956 64
7 1089760039957 85
7 1089760039958 7
7 1089760039959 111
7 1089760039960 42
7 1089760039961 23
7 1089760039962 80
7 1089760039963 81
7 1089760039964 284
7 1089760039965 11
7 1089760039966 29
7 1089760040632 29
7 1089760040633 24
7 1089760040634 19
7 1089760040635 15
7 1089760040636 16
7 1089760040637 187
7 1089760040638 69
7 1089760040639 113
7 1089760040640 48
7 1089760040641 14
7 1089760040642 24
7 1089760040643 183
7 1089760040644 25
7 1089760040645 9
7 1089760040646 229
7 1089760040647 117
7 1089760040648 21
7 1089760040649 52
7 1089760040650 56
7 1089760040651 23
7 1089760040652 24
7 1089760040653 11
7 1089760040654 29
7 1089760040655 19
7 1089760040656 317
7 1089760040657 215
7 1089760040658 309
7 1089760040659 19
7 1089760040660 570
7 1089760040661 103
7 1089760040662 44
7 1089760040663 29
7 1089760040664 15
7 1089760040665 200
7 1089760040666 23
7 1089760040667 13
7 1089760040668 71
7 1089760040669 215
7 1089760040670 7
7 1089760040671 37
7 1089760040672 43
7 1089760040673 16
7 1089760040674 118
7 1089760040675 92
7 1089760040676 117
7 1089760040677 95
7 1089760040678 473
7 1089760040679 20
7 1089760041341 155
7 1089760041342 38
7 1089760041343 23
7 1089760041344 12
7 1089760041345 165
7 1089760041346 627
7 1089760041347 198
7 1089760041348 19
7 1089760041349 19
7 1089760041350 24
7 1089760041351 131
7 1089760041352 21
7 1089760041353 16
7 1089760041354 116
7 1089760041355 21
7 1089760041356 7
7 1089760041357 19
7 1089760041358 148
7 1089760041359 22
7 1089760041360 82
7 1089760041361 23
7 1089760041362 61
7 1089760041363 117
7 1089760041364 18
7 1089760041365 39
7 1089760041366 27
7 1089760041367 15
7 1089760041368 25
7 1089760041369 60
7 1089760041370 303
7 1089760041371 30
7 1089760041372 59
7 1089760041373 209
7 1089760041374 195
7 1089760041375 29
7 1089760041376 284
7 1089760041377 75
7 1089760041378 190
7 1089760041379 105
7 1089760041380 46
7 1089760041381 42
7 1089760041383 17
7 1089760041384 16
7 1089760041385 111
7 1089760041386 21
7 1089760041387 42
7 1089760041388 17
7 1089760041389 33
7 1089760041390 227
7 1089760042072 18
7 1089760042073 145
7 1089760042074 24
7 1089760042075 10
7 1089760042076 15
7 1089760042077 11
7 1089760042078 21
7 1089760042079 23
7 1089760042080 21
7 1089760042081 11
7 1089760042082 15
7 1089760042083 19
7 1089760042084 280
7 1089760042085 476
7 1089760042086 58
7 1089760042087 100
7 1089760042088 28
7 1089760042089 145
7 1089760042090 16
7 1089760042091 23
7 1089760042092 377
7 1089760042093 16
7 1089760042094 64
7 1089760042095 19
7 1089760042096 121
7 1089760042097 6
7 1089760042098 244
7 1089760042099 27
7 1089760042100 24
7 1089760042101 20
7 1089760042102 111
7 1089760042103 18
7 1089760042104 8
7 1089760042105 27
7 1089760042106 15
7 1089760042107 15
7 1089760042108 263
7 1089760042109 21
7 1089760042110 148
7 1089760042111 123
7 1089760042112 17
7 1089760042113 16
7 1089760042114 5
7 1089760042115 17
7 1089760042116 12
7 1089760042117 26
7 1089760042118 134
7 1089760042119 206
7 1089760042799 40
7 1089760042800 310
7 1089760042801 104
7 1089760042802 152
7 1089760042803 7
7 1089760042804 17
7 1089760042805 32
7 1089760042806 40
7 1089760042807 55
7 1089760042808 154
7 1089760042809 9
7 1089760042810 17
7 1089760042811 349
7 1089760042812 44
7 1089760042813 17
7 1089760042814 33
7 1089760042815 11
7 1089760042816 127
7 1089760042817 505
7 1089760042818 61
7 1089760042819 44
7 1089760042820 465
7 1089760042821 197
7 1089760042822 49
7 1089760042823 18
7 1089760042824 24
7 1089760042825 165
7 1089760042826 359
7 1089760042827 193
7 1089760042828 27
7 1089760042829 423
7 1089760042830 23
7 1089760042831 49
7 1089760042832 790
7 1089760042833 162
7 1089760042834 104
7 1089760042835 49
7 1089760042836 201
7 1089760042837 42
7 1089760042838 21
7 1089760042839 18
7 1089760042840 77
7 1089760042841 28
7 1089760042842 26
7 1089760042843 190
7 1089760042844 29
7 1089760042845 32
7 1089760042846 26
7 1089760042847 11
7 1089760043469 1
7 1089760043470 11
7 1089760043471 20
7 1089760043472 14
7 1089760043473 29
7 1089760043474 15
7 1089760043475 24
7 1089760043476 367
7 1089760043477 22
7 1089760043478 19
7 1089760043479 28
7 1089760043480 4
7 1089760043481 27
7 1089760043482 13
7 1089760043483 40
7 1089760043484 6
7 1089760043485 36
7 1089760043486 6
7 1089760043487 26
7 1089760043488 49
7 1089760043489 18
7 1089760043490 76
7 1089760043491 27
7 1089760043492 76
7 1089760043493 282
7 1089760043494 17
7 1089760043495 10
7 1089760043496 24
7 1089760043497 6
7 1089760043498 23
7 1089760043499 117
7 1089760043500 81
7 1089760043501 14
7 1089760043502 22
7 1089760043503 16
7 1089760043504 23
7 1089760043505 137
7 1089760043506 11
7 1089760043507 21
7 1089760043508 16
7 1089760043509 14
7 1089760043510 173
7 1089760043511 140
7 1089760043512 35
7 1089760043513 48
7 1089760043514 57
7 1089760043515 15
7 1089760043516 150
7 1089760043517 16
7 1089760043564 7
7 1089760043565 277
7 1089760043566 10
7 1089760043567 109
7 1089760043568 164
7 1089760043569 17
7 1089760043570 127
7 1089760043571 212
7 1089760043572 16
7 1089760043573 92
7 1089760043574 10
7 1089760043575 28
7 1089760043576 26
7 1089760043577 540
7 1089760043578 32
7 1089760043579 166
7 1089760043580 169
7 1089760043581 27
7 1089760043582 20
7 1089760043583 22
7 1089760043584 12
7 1089760043585 19
7 1089760043586 14
7 1089760043587 23
7 1089760043588 241
7 1089760043589 170
7 1089760043590 17
7 1089760043591 21
7 1089760043592 19
7 1089760043593 10
7 1089760043594 16
7 1089760043595 228
7 1089760043596 22
7 1089760043597 13
7 1089760043598 208
7 1089760043599 10
7 1089760043600 148
7 1089760043601 66
7 1089760043602 242
7 1089760043603 27
7 1089760043604 19
7 1089760043605 25
7 1089760043606 29
7 1089760043607 17
7 1089760043608 36
7 1089760043609 126
7 1089760043610 72
7 1089760043897 151
7 1089760043898 26
7 1089760043899 403
7 1089760043900 163
7 1089760043901 16
7 1089760043902 33
7 1089760043903 161
7 1089760043904 88
7 1089760043905 296
7 1089760043906 6
7 1089760043907 40
7 1089760043908 95
7 1089760043909 9
7 1089760043910 41
7 1089760043911 24
7 1089760043912 8
7 1089760043913 15
7 1089760043914 54
7 1089760043915 40
7 1089760043916 8
7 1089760043917 7
7 1089760043918 158
7 1089760043919 11
7 1089760043920 128
7 1089760043921 15
7 1089760043922 118
7 1089760043923 34
7 1089760043924 9
7 1089760043925 85
7 1089760043926 113
7 1089760043927 31
7 1089760043928 26
7 1089760043929 53
7 1089760043930 35
7 1089760043931 21
7 1089760043932 24
7 1089760043933 49
7 1089760043934 49
7 1089760043935 30
7 1089760043936 14
7 1089760043937 25
7 1089760043938 16
7 1089760043939 108
7 1089760043940 149
7 1089760043941 240
7 1089760043942 158
7 1089760043943 7
7 1089760043944 20
7 1089760043945 23
7 1089760044334 11
7 1089760044335 129
7 1089760044336 175
7 1089760044337 144
7 1089760044338 102
7 1089760044339 54
7 1089760044340 91
7 1089760044341 115
7 1089760044342 23
7 1089760044343 18
7 1089760044344 3
7 1089760044345 23
7 1089760044346 10
7 1089760044347 39
7 1089760044348 466
7 1089760044349 254
7 1089760044350 80
7 1089760044351 8
7 1089760044352 35
7 1089760044353 68
7 1089760044354 17
7 1089760044355 177
7 1089760044356 78
7 1089760044357 31
7 1089760044358 4
7 1089760044359 439
7 1089760044360 162
7 1089760044361 153
7 1089760044362 17
7 1089760044363 383
7 1089760044364 151
7 1089760044365 27
7 1089760044366 358
7 1089760044367 97
7 1089760044368 18
7 1089760044369 10
7 1089760044370 3
7 1089760044371 75
7 1089760044372 12
7 1089760044373 18
7 1089760044374 70
7 1089760044375 21
7 1089760044376 193
7 1089760044377 130
7 1089760044378 21
7 1089760044379 282
7 1089760044380 583
7 1089760044381 2
7 1089760046308 1
7 1089760046309 16
7 1089760046310 9
7 1089760046311 176
7 1089760046312 165
7 1089760046313 19
7 1089760046314 452
7 1089760046315 19
7 1089760046316 19
7 1089760046317 63
7 1089760046318 18
7 1089760046319 28
7 1089760046320 18
7 1089760046321 266
7 1089760046322 195
7 1089760046323 231
7 1089760046324 24
7 1089760046325 49
7 1089760046326 12
7 1089760046327 16
7 1089760046328 8
7 1089760046329 559
7 1089760046330 107
7 1089760046331 161
7 1089760046332 18
7 1089760046333 22
7 1089760046334 27
7 1089760046335 229
7 1089760046336 46
7 1089760046337 26
7 1089760046338 445
7 1089760046339 15
7 1089760046340 22
7 1089760046341 138
7 1089760046342 8
7 1089760046343 21
7 1089760046344 57
7 1089760046345 21
7 1089760046346 160
7 1089760046347 36
7 1089760046348 77
7 1089760046349 225
7 1089760046350 44
7 1089760046351 243
7 1089760046352 17
7 1089760046353 33
7 1089760046354 23
7 1089760046355 7
7 1089760046356 15
7 1089760046550 97
7 1089760046551 16
7 1089760046552 18
7 1089760046553 118
7 1089760046554 131
7 1089760046555 12
7 1089760046556 18
7 1089760046557 24
7 1089760046558 16
7 1089760046559 225
7 1089760046560 17
7 1089760046561 11
7 1089760046562 70
7 1089760046563 39
7 1089760046564 95
7 1089760046565 31
7 1089760046566 34
7 1089760046567 20
7 1089760046568 16
7 1089760046569 6
7 1089760046570 63
7 1089760046571 140
7 1089760046572 25
7 1089760046573 16
7 1089760046574 14
7 1089760046575 26
7 1089760046576 195
7 1089760046577 20
7 1089760046578 22
7 1089760046579 167
7 1089760046580 125
7 1089760046581 19
7 1089760046582 375
7 1089760046583 157
7 1089760046584 37
7 1089760046585 37
7 1089760046586 26
7 1089760046587 108
7 1089760046588 37
7 1089760046589 17
7 1089760046590 34
7 1089760046591 22
7 1089760046592 17
7 1089760046593 97
7 1089760046594 9
7 1089760046595 18
7 1089760046596 58
7 1089760046597 330
7 1089760046598 17
7 1089760046599 86
7 1089760047658 3
7 1089760047659 11
7 1089760047660 10
7 1089760047661 11
7 1089760047663 12
7 1089760047664 7
7 1089760047665 15
7 1089760047666 2
7 1089760047668 12
7 1089760047669 2
7 1089760047670 4
7 1089760047672 5
7 1089760047673 6
7 1089760047674 8
7 1089760047675 5
7 1089760047676 11
7 1089760047677 4
7 1089760047678 5
7 1089760047679 15
7 1089760047680 4
7 1089760047681 2
7 1089760047682 6
7 1089760047683 7
7 1089760047685 13
7 1089760047686 5
7 1089760047687 5
7 1089760047688 5
7 1089760047689 11
7 1089760047690 8
7 1089760047691 7
7 1089760047692 2
7 1089760047695 233
7 1089760047696 3
7 1089760047697 9
7 1089760047698 11
7 1089760047699 237
7 1089760047700 6
7 1089760047702 6
7 1089760047703 12
7 1089760047704 7
7 1089760047706 6
7 1089760047707 13
7 1089760047708 10
7 1089760047709 4
7 1089760047710 6
7 1089760047711 30
7 1089760047712 25
7 1089760047713 168
7 1089760047714 11
7 1089760047715 15
7 1089760047716 13
7 1089760047717 134
7 1089760047718 5
7 1089760047719 11
7 1089760047720 7
7 1089760047721 12
7 1089760047722 15
7 1089760047723 8
7 1089760047724 3
7 1089760047725 91
7 1089760047726 10
7 1089760047727 3
7 1089760047728 96
7 1089760047729 4
7 1089760047730 8
7 1089760047731 13
7 1089760047732 8
7 1089760047734 9
7 1089760047735 164
7 1089760047736 24
7 1089760047737 69
7 1089760047738 7
7 1089760047739 2
7 1089760047740 5
7 1089760047741 26
7 1089760047742 8
7 1089760047743 4
7 1089760047744 11
7 1089760047745 4
7 1089760047746 3
7 1089760047747 9
7 1089760047752 4
7 1089760047753 5
7 1089760047754 4
7 1089760047755 8
7 1089760048041 3
7 1089760048042 7
7 1089760048044 7
7 1089760048045 7
7 1089760048046 5
7 1089760048047 6
7 1089760048048 11
7 1089760048049 4
7 1089760048050 15
7 1089760048051 8
7 1089760048052 4
7 1089760048053 17
7 1089760048054 6
7 1089760048056 75
7 1089760048057 130
7 1089760048058 30
7 1089760048059 4
7 1089760048060 7
7 1089760048061 23
7 1089760048062 2
7 1089760048063 14
7 1089760048066 108
7 1089760048067 9
7 1089760048068 127
7 1089760048070 12
7 1089760048071 13
7 1089760048072 6
7 1089760048073 4
7 1089760048074 9
7 1089760048075 4
7 1089760048076 8
7 1089760048078 13
7 1089760048079 116
7 1089760048080 227
7 1089760048081 152
7 1089760048082 9
7 1089760048083 8
7 1089760048084 90
7 1089760048085 161
7 1089760048086 16
7 1089760048087 14
7 1089760048088 18
7 1089760048089 6
7 1089760048090 8
7 1089760048235 8
7 1089760048237 11
7 1089760048238 11
7 1089760048239 6
7 1089760048240 6
7 1089760048242 130
7 1089760048244 10
7 1089760048245 61
7 1089760048247 12
7 1089760048248 4
7 1089760048249 4
7 1089760048250 56
7 1089760048251 1
7 1089760048252 270
7 1089760048253 12
7 1089760048254 5
7 1089760048255 6
7 1089760048256 12
7 1089760048258 7
7 1089760048259 5
7 1089760048260 2
7 1089760048261 19
7 1089760048262 22
7 1089760048263 11
7 1089760048264 13
7 1089760048265 7
7 1089760048266 34
7 1089760048267 5
7 1089760048268 17
7 1089760048269 10
7 1089760048270 5
7 1089760048271 8
7 1089760048272 29
7 1089760048273 8
7 1089760048274 15
7 1089760048275 8
7 1089760048276 6
7 1089760048278 9
7 1089760048280 8
7 1089760048281 86
7 1089760048282 16
7 1089760048283 6
7 1089760049090 7
7 1089760049091 13
7 1089760049092 12
7 1089760049093 10
7 1089760049094 10
7 1089760049095 29
7 1089760049096 15
7 1089760049097 15
7 1089760049098 10
7 1089760049099 222
7 1089760049100 6
7 1089760049101 5
7 1089760049102 78
7 1089760049103 13
7 1089760049104 38
7 1089760049105 90
7 1089760049106 3
7 1089760049107 8
7 1089760049108 17
7 1089760049109 21
7 1089760049110 12
7 1089760049112 27
7 1089760049113 146
7 1089760049114 5
7 1089760049115 22
7 1089760049116 20
7 1089760049117 34
7 1089760049118 2
7 1089760049119 11
7 1089760049120 4
7 1089760049121 5
7 1089760049122 30
7 1089760049123 2
7 1089760049125 17
7 1089760049126 340
7 1089760049127 6
7 1089760049128 6
7 1089760049129 1
7 1089760049130 22
7 1089760049131 24
7 1089760049132 5
7 1089760049133 5
7 1089760049134 279
7 1089760049135 2
7 1089760049136 11
7 1089760049137 11
7 1089760049574 19
7 1089760049576 1
7 1089760049577 8
7 1089760049578 8
7 1089760049579 7
7 1089760049580 11
7 1089760049581 34
7 1089760049582 12
7 1089760049585 13
7 1089760049587 7
7 1089760049588 6
7 1089760049589 244
7 1089760049590 52
7 1089760049591 14
7 1089760049592 20
7 1089760049593 236
7 1089760049594 4
7 1089760049595 11
7 1089760049596 9
7 1089760049598 186
7 1089760049599 41
7 1089760049600 10
7 1089760049601 4
7 1089760049604 12
7 1089760049606 130
7 1089760049607 231
7 1089760049608 8
7 1089760049609 14
7 1089760049610 6
7 1089760049611 16
7 1089760049614 5
7 1089760049616 1
7 1089760049617 16
7 1089760049618 6
7 1089760049619 986
7 1089760049620 4
7 1089760049621 5
7 1089760049715 4
7 1089760049717 5
7 1089760049718 59
7 1089760049719 5
7 1089760049720 18
7 1089760049721 137
7 1089760049722 42
7 1089760049723 114
7 1089760049724 14
7 1089760049725 3
7 1089760049726 6
7 1089760049727 19
7 1089760049728 7
7 1089760049730 3
7 1089760049731 21
7 1089760049733 9
7 1089760049734 7
7 1089760049735 419
7 1089760049736 10
7 1089760049737 3
7 1089760049738 1
7 1089760049739 31
7 1089760049740 17
7 1089760049741 17
7 1089760049742 13
7 1089760049743 50
7 1089760049744 19
7 1089760049745 491
7 1089760049746 13
7 1089760049747 3
7 1089760049749 2
7 1089760049750 6
7 1089760049751 129
7 1089760049752 5
7 1089760049753 18
7 1089760049754 207
7 1089760049755 10
7 1089760049756 34
7 1089760049757 114
7 1089760049758 11
7 1089760049759 9
7 1089760049760 4
7 1089760049762 7
7 1089760050391 5
7 1089760050393 143
7 1089760050394 4
7 1089760050395 3
7 1089760050396 12
7 1089760050397 9
7 1089760050398 10
7 1089760050399 21
7 1089760050400 14
7 1089760050401 11
7 1089760050402 19
7 1089760050403 7
7 1089760050404 8
7 1089760050406 7
7 1089760050407 22
7 1089760050408 8
7 1089760050409 4
7 1089760050410 1
7 1089760050411 10
7 1089760050412 495
7 1089760050413 11
7 1089760050414 3
7 1089760050416 9
7 1089760050417 8
7 1089760050419 8
7 1089760050421 5
7 1089760050422 101
7 1089760050423 6
7 1089760050424 3
7 1089760050425 10
7 1089760050426 13
7 1089760050427 6
7 1089760050428 6
7 1089760050429 16
7 1089760050430 7
7 1089760050431 8
7 1089760050432 49
7 1089760050434 4
7 1089760050435 5
7 1089760050436 2
7 1089760051212 4
7 1089760051213 4
7 1089760051242 4
7 1089760051243 4
7 1089760051272 4
7 1089760051273 4
7 1089760051302 4
7 1089760051303 4
7 1089760051332 4
7 1089760051333 4
7 1089760051362 4
7 1089760051363 4
7 1089760051390 4
7 1089760051391 4
7 1089760051394 4
7 1089760051395 4
7 1089760051408 4
7 1089760051409 4
7 1089760051426 4
7 1089760051427 4
7 1089760051508 4
7 1089760051509 7
7 1089760051518 4
7 1089760051519 4
7 1089760051564 4
7 1089760051565 4
7 1089760051566 4
7 1089760051567 4
7 1089760051580 4
7 1089760051581 4
7 1089760051588 4
7 1089760051589 4
7 1089760051624 4
7 1089760051625 4
7 1089760051644 4
7 1089760051645 4
7 1089760051650 4
7 1089760051651 4
7 1089760051678 4
7 1089760051679 144
7 1089760051712 48
7 1089760051713 19
7 1089760051714 137
7 1089760051715 40
7 1089760051716 61
7 1089760051717 34
7 1089760051718 482
7 1089760051719 98
7 1089760051720 420
7 1089760051721 111
7 1089760051722 174
7 1089760051723 81
7 1089760051724 33
7 1089760051725 53
7 1089760051726 61
7 1089760051727 61
7 1089760051728 224
7 1089760051729 98
7 1089760051730 190
7 1089760051731 174
7 1089760051732 40
7 1089760051733 117
7 1089760051734 191
7 1089760051735 114
7 1089760051736 285
7 1089760051737 29
7 1089760051738 438
7 1089760051739 40
7 1089760051740 34
7 1089760051741 42
7 1089760051742 228
7 1089760051743 23
7 1089760051744 24
7 1089760051745 40
7 1089760051746 98
7 1089760051747 363
7 1089760051748 133
7 1089760051749 242
7 1089760051750 30
7 1089760051751 119
7 1089760051752 27
7 1089760051753 58
7 1089760051754 133
7 1089760051755 28
7 1089760051756 487
7 1089760051757 152
7 1089760051758 150
7 1089760051759 95
7 1089760051760 36
7 1089760051761 31
7 1089760051762 33
7 1089760051763 311
7 1089760051764 345
7 1089760051765 239
7 1089760051766 182
7 1089760051767 169
7 1089760051768 355
7 1089760051769 407
7 1089760051770 269
7 1089760051771 90
7 1089760051772 437
7 1089760051773 207
7 1089760051774 286
7 1089760051775 213
7 1089760051776 465
7 1089760051777 124
7 1089760051778 32
7 1089760051779 418
7 1089760051780 37
7 1089760051781 128
7 1089760051782 39
7 1089760051783 301
7 1089760051784 40
7 1089760051785 1022
7 1089760051786 257
7 1089760051787 33
7 1089760051788 234
7 1089760051789 40
7 1089760051790 239
7 1089760051791 36
7 1089760051792 384
7 1089760051793 31
7 1089760051794 334
7 1089760051795 29
7 1089760051796 35
7 1089760051797 86
7 1089760051798 32
7 1089760051799 222
7 1089760051800 109
7 1089760051801 42
7 1089760051802 217
7 1089760051803 275
7 1089760051804 26
7 1089760051805 31
7 1089760051806 102
7 1089760051807 597
7 1089760051808 155
7 1089760051809 211
7 1089760051810 29
7 1089760051811 486
7 1089760051812 236
7 1089760051813 55
7 1089760051814 51
7 1089760051815 30
7 1089760051816 85
7 1089760051817 45
7 1089760051818 796
7 1089760051819 308
7 1089760051820 28
7 1089760051821 93
7 1089760051822 156
7 1089760051823 40
7 1089760051824 54
7 1089760051825 60
7 1089760051826 312
7 1089760051827 318
7 1089760051828 40
7 1089760051829 27
7 1089760051830 156
7 1089760051831 128
7 1089760051832 188
7 1089760051833 40
7 1089760051834 186
7 1089760051835 25
7 1089760051836 58
7 1089760051837 84
7 1089760051838 627
7 1089760051839 148
7 1089760051840 127
7 1089760051841 153
7 1089760051842 348
7 1089760051843 55
7 1089760051844 44
7 1089760051845 144
7 1089760051846 363
7 1089760051847 85
7 1089760051848 155
7 1089760051849 28
7 1089760051850 46
7 1089760051851 123
7 1089760051852 124
7 1089760051853 34
7 1089760051854 206
7 1089760051855 156
7 1089760051856 61
7 1089760051857 982
7 1089760051858 171
7 1089760051859 570
7 1089760051860 124
7 1089760051861 342
7 1089760051862 1390
7 1089760051863 30
7 1089760051864 99
7 1089760051865 51
7 1089760051866 295
7 1089760051867 498
7 1089760051868 301
7 1089760051869 267
7 1089760051870 53
7 1089760051871 169
7 1089760051872 626
7 1089760051873 93
7 1089760051874 62
7 1089760051875 28
7 1089760051876 205
7 1089760051877 174
7 1089760051878 128
7 1089760051879 731
7 1089760051880 68
7 1089760051881 46
7 1089760051882 254
7 1089760051883 23
7 1089760051884 257
7 1089760051885 28
7 1089760051886 276
7 1089760051887 186
7 1089760051888 145
7 1089760051889 37
7 1089760051890 219
7 1089760051891 37
7 1089760051892 49
7 1089760051893 366
7 1089760051894 102
7 1089760051895 164
7 1089760051896 29
7 1089760051897 34
7 1089760051898 23
7 1089760051899 44
7 1089760051900 142
7 1089760051901 337
7 1089760051902 93
7 1089760051903 45
7 1089760051904 274
7 1089760051905 25
7 1089760051906 607
7 1089760051907 61
7 1089760051908 44
7 1089760051909 216
7 1089760051910 31
7 1089760051911 1488
7 1089760051912 183
7 1089760051913 28
7 1089760051914 38
7 1089760051915 39
7 1089760051916 35
7 1089760051917 68
7 1089760051918 43
7 1089760051919 41
7 1089760051920 210
7 1089760051921 121
7 1089760051922 394
7 1089760051923 143
7 1089760051924 545
7 1089760051925 444
7 1089760051926 29
7 1089760051927 231
7 1089760051928 584
7 1089760051929 91
7 1089760051930 28
7 1089760051931 40
7 1089760051932 181
7 1089760051933 33
7 1089760051934 68
7 1089760051935 309
7 1089760051936 216
7 1089760051937 177
7 1089760051938 29
7 1089760051939 37
7 1089760051940 276
7 1089760051941 33
7 1089760051942 31
7 1089760051943 26
7 1089760051944 27
7 1089760051945 356
7 1089760051946 70
7 1089760051947 35
7 1089760051948 39
7 1089760051949 48
7 1089760051950 305
7 1089760051951 340
7 1089760051952 154
7 1089760051953 37
7 1089760051954 303
7 1089760051955 88
7 1089760051956 118
7 1089760051957 28
7 1089760051958 87
7 1089760051959 41
7 1089760051960 68
7 1089760051961 83
7 1089760051962 88
7 1089760051963 178
7 1089760051964 41
7 1089760051965 251
7 1089760051966 120
7 1089760051967 185
7 1089760051968 175
7 1089760051969 39
7 1089760051970 365
7 1089760051971 35
7 1089760051972 37
7 1089760051973 73
7 1089760051974 60
7 1089760051975 69
7 1089760051976 263
7 1089760051977 88
7 1089760051978 204
7 1089760051979 26
7 1089760051980 193
7 1089760051981 167
7 1089760051982 116
7 1089760051983 153
7 1089760051984 333
7 1089760051985 78
7 1089760051986 61
7 1089760051987 233
7 1089760051988 59
7 1089760051989 113
7 1089760051990 32
7 1089760051991 25
7 1089760051992 195
7 1089760051993 159
7 1089760051994 223
7 1089760051995 40
7 1089760051996 82
7 1089760051997 189
7 1089760051998 28
7 1089760051999 155
7 1089760052000 27
7 1089760052001 32
7 1089760052002 39
7 1089760052003 150
7 1089760052004 41
7 1089760052005 85
7 1089760052006 58
7 1089760052007 152
7 1089760052008 179
7 1089760052009 91
7 1089760052010 44
7 1089760052011 57
7 1089760052012 38
7 1089760052013 32
7 1089760052014 81
7 1089760052015 41
7 1089760052016 42
7 1089760052017 211
7 1089760052018 35
7 1089760052019 177
7 1089760052020 172
7 1089760052021 199
7 1089760052022 77
7 1089760052023 459
7 1089760052024 395
7 1089760052025 92
7 1089760052026 159
7 1089760052027 427
7 1089760052028 75
7 1089760052029 52
7 1089760052030 355
7 1089760052031 85
7 1089760052032 34
7 1089760052033 29
7 1089760052034 495
7 1089760052035 277
7 1089760052036 28
7 1089760052037 61
7 1089760052038 80
7 1089760052039 23
7 1089760052040 152
7 1089760052041 39
7 1089760052042 783
7 1089760052043 27
7 1089760052044 53
7 1089760052045 197
7 1089760052046 72
7 1089760052047 33
7 1089760052048 156
7 1089760052049 223
7 1089760052050 737
7 1089760052051 129
7 1089760052052 60
7 1089760052053 61
7 1089760052054 112
7 1089760052055 38
7 1089760052056 566
7 1089760052057 193
7 1089760052058 255
7 1089760052059 205
7 1089760052060 31
7 1089760052061 25
7 1089760052062 225
7 1089760052063 28
7 1089760052064 143
7 1089760052065 26
7 1089760052066 85
7 1089760052067 65
7 1089760052068 28
7 1089760052069 39
7 1089760052070 56
7 1089760052071 216
7 1089760052072 123
7 1089760052073 334
7 1089760052074 100
7 1089760052075 124
7 1089760052076 205
7 1089760052077 178
7 1089760052078 30
7 1089760052079 307
7 1089760052080 87
7 1089760052081 395
7 1089760052082 258
7 1089760052083 29
7 1089760052084 348
7 1089760052085 29
7 1089760052086 56
7 1089760052087 25
7 1089760052088 37
7 1089760052089 31
7 1089760052090 961
7 1089760052091 34
7 1089760052092 29
7 1089760052093 168
7 1089760052094 495
7 1089760052095 197
7 1089760052096 213
7 1089760052097 35
7 1089760052098 38
7 1089760052099 43
7 1089760052100 142
7 1089760052101 388
7 1089760052102 93
7 1089760052103 114
7 1089760052104 108
7 1089760052105 43
7 1089760052106 122
7 1089760052107 292
7 1089760052108 64
7 1089760052109 40
7 1089760052110 33
7 1089760052111 91
7 1089760052112 750
7 1089760052113 436
7 1089760052114 52
7 1089760052115 24
7 1089760052116 152
7 1089760052117 35
7 1089760052118 119
7 1089760052119 71
7 1089760052120 32
7 1089760052121 72
7 1089760052122 354
7 1089760052123 685
7 1089760052124 212
7 1089760052125 590
7 1089760052126 736
7 1089760052127 242
7 1089760052128 23
7 1089760052129 225
7 1089760052130 241
7 1089760052131 67
7 1089760052132 223
7 1089760052133 51
7 1089760052134 288
7 1089760052135 305
7 1089760052136 27
7 1089760052137 841
7 1089760052138 40
7 1089760052139 270
7 1089760052140 357
7 1089760052141 294
7 1089760052142 305
7 1089760052143 254
7 1089760052144 37
7 1089760052145 180
7 1089760052146 57
7 1089760052147 335
7 1089760052148 199
7 1089760052149 81
7 1089760052150 51
7 1089760052151 33
7 1089760052152 26
7 1089760052153 29
7 1089760052154 230
7 1089760052155 35
7 1089760052156 117
7 1089760052157 34
7 1089760052158 88
7 1089760052159 32
7 1089760052160 567
7 1089760052161 658
7 1089760052162 819
7 1089760052163 34
7 1089760052164 186
7 1089760052165 592
7 1089760052166 268
7 1089760052167 25
7 1089760052168 291
7 1089760052169 195
7 1089760052170 50
7 1089760052171 130
7 1089760052172 39
7 1089760052173 830
7 1089760052174 34
7 1089760052175 215
7 1089760052176 41
7 1089760052177 33
7 1089760052178 102
7 1089760052179 30
7 1089760052180 225
7 1089760052181 238
7 1089760052182 120
7 1089760052183 35
7 1089760052184 174
7 1089760052185 122
7 1089760052186 42
7 1089760052187 23
7 1089760052188 452
7 1089760052189 48
7 1089760052190 175
7 1089760052191 35
7 1089760052192 180
7 1089760052193 64
7 1089760052194 179
7 1089760052195 422
7 1089760052196 39
7 1089760052197 342
7 1089760052198 107
7 1089760052199 33
7 1089760052200 215
7 1089760052201 57
7 1089760052202 391
7 1089760052203 26
7 1089760052204 56
7 1089760052205 38
7 1089760052206 36
7 1089760052207 60
7 1089760052208 187
7 1089760052209 41
7 1089760052210 32
7 1089760052211 556
7 1089760052212 23
7 1089760052213 151
7 1089760052214 823
7 1089760052215 36
7 1089760052216 26
7 1089760052217 162
7 1089760052218 126
7 1089760052219 644
7 1089760052220 100
7 1089760052221 32
7 1089760052222 29
7 1089760052223 28
7 1089760052272 32
7 1089760052273 15
7 1089760052274 196
7 1089760052275 69
7 1089760052276 20
7 1089760052277 23
7 1089760052278 15
7 1089760052279 10
7 1089760052392 12
7 1089760052393 13
7 1089760052394 14
7 1089760052395 126
7 1089760052396 19
7 1089760052397 10
7 1089760052398 44
7 1089760052399 12
7 1089760052512 12
7 1089760052513 14
7 1089760052514 28
7 1089760052515 10
7 1089760052516 14
7 1089760052517 23
7 1089760052518 133
7 1089760052519 692
7 1089760052632 595
7 1089760052633 46
7 1089760052634 60
7 1089760052635 19
7 1089760052636 14
7 1089760052637 16
7 1089760052638 677
7 1089760052639 27
7 1089760052752 17
7 1089760052753 143
7 1089760052754 15
7 1089760052755 18
7 1089760052756 119
7 1089760052757 286
7 1089760052758 181
7 1089760052759 9
7 1089760052872 169
7 1089760052873 18
7 1089760052874 28
7 1089760052875 70
7 1089760052876 14
7 1089760052877 11
7 1089760052878 15
7 1089760052879 35
7 1089760052984 14
7 1089760052985 118
7 1089760052986 115
7 1089760052987 855
7 1089760052988 11
7 1089760052989 21
7 1089760052990 8
7 1089760052991 32
7 1089760053000 8
7 1089760053001 13
7 1089760053002 102
7 1089760053003 15
7 1089760053004 17
7 1089760053005 15
7 1089760053006 15
7 1089760053007 18
7 1089760053056 101
7 1089760053057 21
7 1089760053058 14
7 1089760053059 10
7 1089760053060 176
7 1089760053061 21
7 1089760053062 165
7 1089760053063 18
7 1089760053128 18
7 1089760053129 28
7 1089760053130 13
7 1089760053131 15
7 1089760053132 17
7 1089760053133 14
7 1089760053134 25
7 1089760053135 31
7 1089760053456 17
7 1089760053457 13
7 1089760053458 19
7 1089760053459 21
7 1089760053460 23
7 1089760053461 121
7 1089760053462 19
7 1089760053463 17
7 1089760053496 136
7 1089760053497 18
7 1089760053498 18
7 1089760053499 14
7 1089760053500 23
7 1089760053501 15
7 1089760053502 17
7 1089760053503 59
7 1089760053680 2
7 1089760053681 5
7 1089760053682 2
7 1089760053683 3
7 1089760053684 176
7 1089760053685 18
7 1089760053686 6
7 1089760053687 6
7 1089760053688 64
7 1089760053689 174
7 1089760053690 7
7 1089760053691 1
7 1089760053692 6
7 1089760053693 5
7 1089760053694 6
7 1089760053745 6
7 1089760053746 5
7 1089760053747 2
7 1089760053748 2
7 1089760053749 2
7 1089760053750 2
7 1089760053751 257
7 1089760053776 5
7 1089760053778 5
7 1089760053780 102
7 1089760053781 37
7 1089760053782 3
7 1089760053783 1
7 1089760053920 8
7 1089760053921 7
7 1089760053922 6
7 1089760053923 2
7 1089760053924 5
7 1089760053925 193
7 1089760053926 4
7 1089760053927 3
7 1089760054000 5
7 1089760054002 3
7 1089760054003 2
7 1089760054004 115
7 1089760054005 145
7 1089760054006 100
7 1089760054007 2
7 1089760054024 2
7 1089760054025 75
7 1089760054026 3
7 1089760054027 20
7 1089760054028 5
7 1089760054029 18
7 1089760054030 4
7 1089760054031 3
7 1089760054137 5
7 1089760054138 5
7 1089760054139 2
7 1089760054140 3
7 1089760054141 2
7 1089760054142 3
7 1089760054143 2
8 1089760034880 4
8 1089760034882 2
8 1089760034884 4
8 1089760034885 4
8 1089760034886 2
8 1089760034887 2
8 1089760034888 6
8 1089760034889 2
8 1089760034890 4
8 1089760034891 4
8 1089760034892 4
8 1089760034893 2
8 1089760034894 2
8 1089760034895 2
8 1089760035120 2
8 1089760035121 2
8 1089760035123 375
8 1089760035125 2
8 1089760035126 2
8 1089760035127 4
8 1089760035128 4
8 1089760035129 2
8 1089760035130 2
8 1089760035131 4
8 1089760035132 2
8 1089760035133 2
8 1089760035134 4
8 1089760035135 2
8 1089760035360 54
8 1089760035361 6
8 1089760035362 4
8 1089760035365 6
8 1089760035367 2
8 1089760035368 8
8 1089760035369 4
8 1089760035370 2
8 1089760035371 2
8 1089760035373 4
8 1089760035374 2
8 1089760035375 6
8 1089760035600 4
8 1089760035601 2
8 1089760035602 2
8 1089760035603 2
8 1089760035605 2
8 1089760035606 2
8 1089760035607 2
8 1089760035608 6
8 1089760035609 4
8 1089760035610 2
8 1089760035611 4
8 1089760035612 4
8 1089760035613 4
8 1089760035614 4
8 1089760035615 4
8 1089760035840 4
8 1089760035841 2
8 1089760035842 4
8 1089760035843 2
8 1089760035844 2
8 1089760035845 2
8 1089760035846 4
8 1089760035847 2
8 1089760035848 4
8 1089760035849 6
8 1089760035852 2
8 1089760035853 4
8 1089760035854 2
8 1089760036080 2
8 1089760036081 107
8 1089760036082 8
8 1089760036085 2
8 1089760036086 6
8 1089760036087 2
8 1089760036088 2
8 1089760036089 2
8 1089760036090 4
8 1089760036091 2
8 1089760036094 4
8 1089760036095 4
8 1089760036768 2
8 1089760036769 4
8 1089760036771 4
8 1089760036772 2
8 1089760036773 2
8 1089760036774 4
8 1089760036776 4
8 1089760036778 4
8 1089760036779 2
8 1089760036780 8
8 1089760036781 2
8 1089760036783 2
8 1089760037296 2
8 1089760037297 4
8 1089760037298 2
8 1089760037299 6
8 1089760037300 6
8 1089760037301 2
8 1089760037302 6
8 1089760037303 6
8 1089760037304 8
8 1089760037305 6
8 1089760037306 4
8 1089760037307 2
8 1089760037308 2
8 1089760037309 6
8 1089760037310 2
8 1089760037392 4
8 1089760037393 2
8 1089760037394 4
8 1089760037397 2
8 1089760037398 6
8 1089760037399 4
8 1089760037400 6
8 1089760037402 2
8 1089760037403 4
8 1089760037404 4
8 1089760037405 2
8 1089760037406 6
8 1089760037407 2
8 1089760037408 4
8 1089760037409 2
8 1089760037410 2
8 1089760037412 2
8 1089760037414 2
8 1089760037415 4
8 1089760037416 4
8 1089760037417 4
8 1089760037418 2
8 1089760037419 10
8 1089760037422 2
8 1089760037423 4
8 1089760037456 6
8 1089760037457 2
8 1089760037458 6
8 1089760037459 4
8 1089760037461 2
8 1089760037462 4
8 1089760037464 2
8 1089760037465 6
8 1089760037466 198
8 1089760037468 2
8 1089760037469 6
8 1089760037470 2
8 1089760037472 2
8 1089760037473 4
8 1089760037474 4
8 1089760037475 2
8 1089760037476 4
8 1089760037477 4
8 1089760037478 2
8 1089760037479 2
8 1089760037480 155
8 1089760037481 6
8 1089760037482 4
8 1089760037483 2
8 1089760037484 2
8 1089760037485 4
8 1089760037487 2
8 1089760039104 7
8 1089760039105 1
8 1089760039110 3
8 1089760039116 3
8 1089760039117 6
8 1089760039118 4
8 1089760039119 3
8 1089760039123 4
8 1089760039124 2
8 1089760039125 498
8 1089760039126 5
8 1089760039127 3
8 1089760039131 2
8 1089760039134 11
8 1089760039136 3
8 1089760039137 1
8 1089760039138 118
8 1089760039139 128
8 1089760039144 9
8 1089760039147 2
8 1089760039148 2
8 1089760039822 3
8 1089760039826 6
8 1089760039832 1
8 1089760039834 6
8 1089760039839 5
8 1089760039842 6
8 1089760039843 2
8 1089760039846 5
8 1089760039848 85
8 1089760039849 3
8 1089760039851 4
8 1089760039854 2
8 1089760039857 3
8 1089760039859 6
8 1089760039861 1
8 1089760039862 1
8 1089760039864 1
8 1089760039865 25
8 1089760039866 2
8 1089760039867 5
8 1089760039869 9
8 1089760040535 12
8 1089760040536 221
8 1089760040537 5
8 1089760040538 9
8 1089760040540 172
8 1089760040541 74
8 1089760040544 5
8 1089760040551 13
8 1089760040552 193
8 1089760040559 5
8 1089760040560 7
8 1089760040561 6
8 1089760040563 3
8 1089760040564 2
8 1089760040565 5
8 1089760040568 3
8 1089760040570 5
8 1089760040576 13
8 1089760040578 3
8 1089760040580 2
8 1089760040582 5
8 1089760040583 4
8 1089760040585 2
8 1089760041247 12
8 1089760041250 3
8 1089760041253 1
8 1089760041254 4
8 1089760041257 2
8 1089760041260 7
8 1089760041263 3
8 1089760041264 2
8 1089760041268 13
8 1089760041269 2
8 1089760041270 2
8 1089760041271 22
8 1089760041272 5
8 1089760041273 2
8 1089760041274 5
8 1089760041276 2
8 1089760041277 4
8 1089760041278 1
8 1089760041280 4
8 1089760041282 3
8 1089760041284 3
8 1089760041286 6
8 1089760041287 3
8 1089760041289 6
8 1089760041292 2
8 1089760041293 5
8 1089760041974 6
8 1089760041976 5
8 1089760041977 3
8 1089760041978 520
8 1089760041979 3
8 1089760041981 3
8 1089760041983 5
8 1089760041985 1
8 1089760041986 3
8 1089760041987 4
8 1089760041991 3
8 1089760041992 5
8 1089760041993 2
8 1089760041994 5
8 1089760041997 3
8 1089760041998 6
8 1089760042001 7
8 1089760042002 4
8 1089760042003 4
8 1089760042004 405
8 1089760042012 1162
8 1089760042015 5
8 1089760042016 5
8 1089760042019 4
8 1089760042703 2
8 1089760042707 7
8 1089760042709 2
8 1089760042711 4
8 1089760042712 3
8 1089760042719 1
8 1089760042720 7
8 1089760042722 3
8 1089760042724 7
8 1089760042730 6
8 1089760042731 2
8 1089760042734 3
8 1089760042735 4
8 1089760042736 2
8 1089760042737 136
8 1089760042745 5
8 1089760042747 3
8 1089760042748 6
8 1089760042750 5
8 1089760044771 3
8 1089760044773 2
8 1089760044774 3
8 1089760044779 4
8 1089760044780 3
8 1089760044781 3
8 1089760044783 3
8 1089760044784 4
8 1089760044787 3
8 1089760044790 6
8 1089760044791 6
8 1089760044795 4
8 1089760044796 5
8 1089760044800 4
8 1089760044802 6
8 1089760044805 3
8 1089760044806 2
8 1089760044807 1
8 1089760044808 7
8 1089760044811 2
8 1089760044817 5
8 1089760046356 256
8 1089760046359 31
8 1089760046360 129
8 1089760046364 2
8 1089760046365 5
8 1089760046366 4
8 1089760046367 4
8 1089760046368 12
8 1089760046369 3
8 1089760046371 7
8 1089760046374 7
8 1089760046376 3
8 1089760046377 4
8 1089760046378 4
8 1089760046379 3
8 1089760046380 3
8 1089760046381 7
8 1089760046382 5
8 1089760046383 10
8 1089760046386 3
8 1089760046387 5
8 1089760046388 3
8 1089760046390 3
8 1089760046392 3
8 1089760046394 8
8 1089760046395 2
8 1089760046396 3
8 1089760046398 25
8 1089760046399 1
8 1089760046650 5
8 1089760046653 2
8 1089760046654 6
8 1089760046655 3
8 1089760046656 5
8 1089760046663 2
8 1089760046665 2
8 1089760046667 95
8 1089760046668 11
8 1089760046669 5
8 1089760046671 1
8 1089760046672 4
8 1089760046673 10
8 1089760046680 3
8 1089760046681 4
8 1089760046682 3
8 1089760046683 2
8 1089760046684 4
8 1089760046688 5
8 1089760046690 12
8 1089760046694 2
8 1089760046696 3
8 1089760046697 8
8 1089760046698 5
8 1089760046701 5
8 1089760046708 7
8 1089760046712 7
8 1089760046716 11
8 1089760046718 14
8 1089760046719 10
8 1089760046721 2
8 1089760046722 1
8 1089760046724 10
8 1089760046727 3
8 1089760046728 1
8 1089760046729 9
8 1089760046730 16
8 1089760046738 6
8 1089760046741 613
8 1089760046742 3
8 1089760046839 5
8 1089760046840 2
8 1089760046841 28
8 1089760046842 3
8 1089760046845 7
8 1089760046847 4
8 1089760046849 3
8 1089760046854 7
8 1089760046857 4
8 1089760046859 5
8 1089760046864 6
8 1089760046866 4
8 1089760046867 3
8 1089760046869 2
8 1089760046871 5
8 1089760046872 3
8 1089760046877 7
8 1089760046880 6
8 1089760046881 4
8 1089760046882 3
8 1089760046888 2
8 1089760046891 8
8 1089760046893 5
8 1089760046894 3
8 1089760046896 2
8 1089760046897 3
8 1089760046898 1
8 1089760046899 4
8 1089760046900 1
8 1089760046901 3
8 1089760046902 5
8 1089760046903 79
8 1089760046905 5
8 1089760046910 1
8 1089760046911 2
8 1089760046912 3
8 1089760046913 7
8 1089760046915 5
8 1089760046916 71
8 1089760046917 2
8 1089760046918 1
8 1089760046919 131
8 1089760046920 4
8 1089760046924 4
8 1089760046926 3
8 1089760046927 6
8 1089760046932 2
8 1089760051208 4
8 1089760051209 4
8 1089760051238 4
8 1089760051239 4
8 1089760051268 4
8 1089760051269 4
8 1089760051298 4
8 1089760051299 4
8 1089760051328 4
8 1089760051329 4
8 1089760051358 4
8 1089760051359 4
8 1089760051444 4
8 1089760051445 4
8 1089760051510 4
8 1089760051511 4
8 1089760051522 4
8 1089760051523 4
8 1089760051524 4
8 1089760051525 4
8 1089760051530 4
8 1089760051531 4
8 1089760051532 4
8 1089760051533 4
8 1089760051712 2
8 1089760051713 1
8 1089760051714 7
8 1089760051715 3
8 1089760051716 8
8 1089760051717 3
8 1089760051718 262
8 1089760051719 1
8 1089760051720 1
8 1089760051721 4
8 1089760051722 2
8 1089760051723 4
8 1089760051724 5
8 1089760051725 2
8 1089760051726 3
8 1089760051727 1
8 1089760051728 3
8 1089760051729 2
8 1089760051730 2
8 1089760051731 3
8 1089760051732 1
8 1089760051733 3
8 1089760051735 5
8 1089760051736 309
8 1089760051738 9
8 1089760051739 1
8 1089760051740 8
8 1089760051741 4
8 1089760051742 2
8 1089760051743 41
8 1089760051744 4
8 1089760051745 2
8 1089760051746 1
8 1089760051747 68
8 1089760051748 3
8 1089760051749 5
8 1089760051750 2
8 1089760051751 3
8 1089760051752 173
8 1089760051753 2
8 1089760051754 2
8 1089760051755 1
8 1089760051756 2
8 1089760051757 1
8 1089760051758 3
8 1089760051759 4
8 1089760051760 4
8 1089760051761 5
8 1089760051762 3
8 1089760051763 4
8 1089760051765 5
8 1089760051766 5
8 1089760051767 3
8 1089760051768 6
8 1089760051769 4
8 1089760051770 4
8 1089760051771 3
8 1089760051772 2
8 1089760051773 5
8 1089760051774 4
8 1089760051775 111
8 1089760051776 1
8 1089760051777 3
8 1089760051778 1
8 1089760051779 2
8 1089760051780 9
8 1089760051781 3
8 1089760051782 2
8 1089760051784 159
8 1089760051785 4
8 1089760051786 6
8 1089760051787 2
8 1089760051788 4
8 1089760051789 3
8 1089760051790 2
8 1089760051791 1
8 1089760051792 1
8 1089760051793 1
8 1089760051794 3
8 1089760051795 2
8 1089760051796 1
8 1089760051797 3
8 1089760051798 2
8 1089760051800 3
8 1089760051801 4
8 1089760051802 3
8 1089760051803 2
8 1089760051804 4
8 1089760051805 5
8 1089760051806 5
8 1089760051807 2
8 1089760051808 2
8 1089760051810 2
8 1089760051811 6
8 1089760051812 1
8 1089760051813 2
8 1089760051814 5
8 1089760051815 3
8 1089760051816 2
8 1089760051817 3
8 1089760051818 2
8 1089760051819 296
8 1089760051820 3
8 1089760051821 5
8 1089760051822 1
8 1089760051823 3
8 1089760051824 51
8 1089760051825 3
8 1089760051826 4
8 1089760051827 2
8 1089760051828 1
8 1089760051829 3
8 1089760051830 1
8 1089760051832 2
8 1089760051833 2
8 1089760051834 130
8 1089760051835 5
8 1089760051836 7
8 1089760051837 4
8 1089760051838 5
8 1089760051839 53
8 1089760051841 1
8 1089760051842 5
8 1089760051844 1
8 1089760051846 3
8 1089760051847 1
8 1089760051848 93
8 1089760051849 3
8 1089760051850 2
8 1089760051851 11
8 1089760051852 21
8 1089760051853 1
8 1089760051854 5
8 1089760051855 6
8 1089760051856 3
8 1089760051857 5
8 1089760051858 1
8 1089760051859 4
8 1089760051860 12
8 1089760051861 5
8 1089760051862 3
8 1089760051863 2
8 1089760051864 143
8 1089760051865 1
8 1089760051866 1
8 1089760051867 2
8 1089760051868 2
8 1089760051869 30
8 1089760051870 2
8 1089760051871 3
8 1089760051872 3
8 1089760051873 2
8 1089760051874 1
8 1089760051875 4
8 1089760051876 1
8 1089760051877 2
8 1089760051878 2
8 1089760051879 2
8 1089760051880 5
8 1089760051881 1
8 1089760051882 1
8 1089760051883 4
8 1089760051884 4
8 1089760051885 1
8 1089760051886 5
8 1089760051887 1
8 1089760051888 2
8 1089760051889 121
8 1089760051890 1
8 1089760051891 1
8 1089760051892 4
8 1089760051893 2
8 1089760051894 2
8 1089760051895 2
8 1089760051896 2
8 1089760051897 4
8 1089760051898 2
8 1089760051899 2
8 1089760051900 6
8 1089760051901 73
8 1089760051902 2
8 1089760051903 1
8 1089760051904 4
8 1089760051905 2
8 1089760051906 1
8 1089760051908 3
8 1089760051909 12
8 1089760051910 2
8 1089760051911 2
8 1089760051912 5
8 1089760051913 2
8 1089760051914 3
8 1089760051915 2
8 1089760051917 2
8 1089760051918 1
8 1089760051919 3
8 1089760051920 3
8 1089760051921 3
8 1089760051922 7
8 1089760051923 4
8 1089760051924 1
8 1089760051925 5
8 1089760051926 2
8 1089760051927 3
8 1089760051928 3
8 1089760051930 4
8 1089760051931 4
8 1089760051932 1
8 1089760051933 2
8 1089760051935 1
8 1089760051936 5
8 1089760051938 7
8 1089760051939 89
8 1089760051940 1
8 1089760051941 4
8 1089760051942 2
8 1089760051943 2
8 1089760051944 68
8 1089760051945 1
8 1089760051946 4
8 1089760051947 3
8 1089760051948 3
8 1089760051949 2
8 1089760051950 1
8 1089760051951 3
8 1089760051952 5
8 1089760051953 1
8 1089760051954 3
8 1089760051955 3
8 1089760051956 4
8 1089760051957 3
8 1089760051958 1
8 1089760051959 2
8 1089760051960 6
8 1089760051961 92
8 1089760051962 1
8 1089760051963 4
8 1089760051964 2
8 1089760051965 2
8 1089760051966 2
8 1089760051967 3
8 1089760051968 3
8 1089760051969 3
8 1089760051970 3
8 1089760051971 3
8 1089760051972 3
8 1089760051973 4
8 1089760051974 3
8 1089760051975 1
8 1089760051976 2
8 1089760051977 1
8 1089760051978 4
8 1089760051979 3
8 1089760051980 5
8 1089760051981 4
8 1089760051982 5
8 1089760051983 1
8 1089760051984 4
8 1089760051985 2
8 1089760051986 4
8 1089760051987 3
8 1089760051988 3
8 1089760051989 2
8 1089760051990 3
8 1089760051991 3
8 1089760051992 1
8 1089760051993 4
8 1089760051994 6
8 1089760051995 3
8 1089760051996 3
8 1089760051997 4
8 1089760051998 2
8 1089760051999 7
8 1089760052000 3
8 1089760052001 4
8 1089760052002 3
8 1089760052003 4
8 1089760052004 6
8 1089760052005 7
8 1089760052006 2
8 1089760052007 3
8 1089760052008 4
8 1089760052009 2
8 1089760052010 1
8 1089760052011 2
8 1089760052012 1
8 1089760052013 1
8 1089760052014 2
8 1089760052015 4
8 1089760052016 4
8 1089760052017 4
8 1089760052018 3
8 1089760052020 4
8 1089760052021 3
8 1089760052022 2
8 1089760052025 2
8 1089760052026 1
8 1089760052027 2
8 1089760052028 4
8 1089760052029 5
8 1089760052030 2
8 1089760052031 3
8 1089760052032 2
8 1089760052033 4
8 1089760052034 4
8 1089760052035 3
8 1089760052036 5
8 1089760052037 1
8 1089760052038 5
8 1089760052039 100
8 1089760052040 1
8 1089760052041 6
8 1089760052042 4
8 1089760052043 2
8 1089760052044 4
8 1089760052045 4
8 1089760052046 3
8 1089760052047 2
8 1089760052048 4
8 1089760052049 2
8 1089760052050 1
8 1089760052051 110
8 1089760052052 5
8 1089760052053 4
8 1089760052054 3
8 1089760052055 1
8 1089760052056 2
8 1089760052058 2
8 1089760052059 4
8 1089760052060 4
8 1089760052061 2
8 1089760052062 11
8 1089760052063 3
8 1089760052064 2
8 1089760052065 3
8 1089760052066 3
8 1089760052067 3
8 1089760052068 4
8 1089760052069 1
8 1089760052070 23
8 1089760052071 3
8 1089760052072 2
8 1089760052073 1
8 1089760052074 1
8 1089760052076 2
8 1089760052077 2
8 1089760052079 2
8 1089760052080 1
8 1089760052081 3
8 1089760052082 3
8 1089760052083 2
8 1089760052086 1
8 1089760052088 4
8 1089760052089 1
8 1089760052091 2
8 1089760052092 1
8 1089760052094 3
8 1089760052096 1
8 1089760052098 2
8 1089760052099 3
8 1089760052101 2
8 1089760052102 1
8 1089760052103 2
8 1089760052104 2
8 1089760052105 2
8 1089760052106 1
8 1089760052107 4
8 1089760052108 4
8 1089760052111 2
8 1089760052114 3
8 1089760052115 1
8 1089760052116 2
8 1089760052117 1
8 1089760052118 377
8 1089760052119 1
8 1089760052120 1
8 1089760052121 4
8 1089760052122 2
8 1089760052123 1
8 1089760052124 2
8 1089760052126 2
8 1089760052127 2
8 1089760052128 4
8 1089760052129 1
8 1089760052130 1
8 1089760052131 2
8 1089760052132 1
8 1089760052134 2
8 1089760052136 2
8 1089760052137 147
8 1089760052139 5
8 1089760052140 2
8 1089760052141 1
8 1089760052143 4
8 1089760052144 1
8 1089760052145 4
8 1089760052147 2
8 1089760052149 2
8 1089760052152 55
8 1089760052153 2
8 1089760052155 2
8 1089760052157 1
8 1089760052158 3
8 1089760052159 1
8 1089760052160 2
8 1089760052163 2
8 1089760052164 1
8 1089760052165 2
8 1089760052166 1
8 1089760052167 1
8 1089760052169 1
8 1089760052171 4
8 1089760052172 1
8 1089760052173 45
8 1089760052174 1
8 1089760052176 1
8 1089760052178 1
8 1089760052182 1
8 1089760052183 1
8 1089760052184 1
8 1089760052185 1
8 1089760052186 2
8 1089760052187 2
8 1089760052188 2
8 1089760052189 1
8 1089760052190 1
8 1089760052192 2
8 1089760052194 4
8 1089760052195 1
8 1089760052196 3
8 1089760052200 2
8 1089760052201 2
8 1089760052204 2
8 1089760052206 3
8 1089760052207 1
8 1089760052209 1
8 1089760052211 2
8 1089760052212 1
8 1089760052214 1
8 1089760052215 2
8 1089760052217 3
8 1089760052218 2
8 1089760052219 1
8 1089760052221 2
8 1089760052222 1
8 1089760052223 2
8 1089760052500 1
8 1089760052623 1
8 1089760053468 2
8 1089760053525 1
8 1089760053550 1
9 1089760035449 2
9 1089760037366 2
9 1089760040801 1
9 1089760046568 1
9 1089760051218 4
9 1089760051219 4
9 1089760051248 4
9 1089760051249 4
9 1089760051278 4
9 1089760051279 4
9 1089760051308 4
9 1089760051309 4
9 1089760051338 4
9 1089760051339 4
9 1089760051368 4
9 1089760051369 4
9 1089760051382 4
9 1089760051383 4
9 1089760051402 4
9 1089760051403 4
9 1089760051410 4
9 1089760051411 4
9 1089760051458 4
9 1089760051459 4
9 1089760051518 4
9 1089760051519 4
9 1089760051526 4
9 1089760051527 4
9 1089760051544 4
9 1089760051545 4
9 1089760051554 4
9 1089760051555 4
9 1089760051566 4
9 1089760051567 4
9 1089760051636 4
9 1089760051637 4
9 1089760051652 4
9 1089760051653 4
9 1089760051668 4
9 1089760051669 4
9 1089760051672 4
9 1089760051673 4
9 1089760051753 1
9 1089760051963 1
