1 1089760051222 4
1 1089760051223 4
1 1089760051252 4
1 1089760051253 4
1 1089760051282 4
1 1089760051283 4
1 1089760051312 4
1 1089760051313 4
1 1089760051342 4
1 1089760051343 4
1 1089760051372 4
1 1089760051373 4
1 1089760051398 4
1 1089760051399 4
1 1089760051408 4
1 1089760051409 4
1 1089760051476 4
1 1089760051477 4
1 1089760051478 4
1 1089760051479 4
1 1089760051522 4
1 1089760051523 4
1 1089760051546 4
1 1089760051547 4
1 1089760051580 4
1 1089760051581 4
1 1089760051586 4
1 1089760051587 4
1 1089760051620 4
1 1089760051621 4
1 1089760051638 4
1 1089760051639 4
1 1089760051686 4
1 1089760051687 4
1 1089760051704 4
1 1089760051705 4
2 1089760051206 4
2 1089760051207 4
2 1089760051236 4
2 1089760051237 4
2 1089760051266 4
2 1089760051267 4
2 1089760051296 4
2 1089760051297 4
2 1089760051326 4
2 1089760051327 4
2 1089760051356 4
2 1089760051357 4
2 1089760051414 4
2 1089760051415 4
2 1089760051418 4
2 1089760051419 4
2 1089760051492 4
2 1089760051493 4
2 1089760051496 4
2 1089760051497 4
2 1089760051500 4
2 1089760051501 4
2 1089760051508 4
2 1089760051509 4
2 1089760051588 4
2 1089760051589 4
2 1089760051622 4
2 1089760051623 4
2 1089760051676 4
2 1089760051677 4
2 1089760051680 4
2 1089760051681 4
2 1089760051694 4
2 1089760051695 4
3 1089760036359 8
3 1089760038104 8
3 1089760043538 4
3 1089760048776 4
3 1089760051206 4
3 1089760051207 4
3 1089760051236 4
3 1089760051237 4
3 1089760051266 4
3 1089760051267 4
3 1089760051296 4
3 1089760051297 4
3 1089760051326 4
3 1089760051327 4
3 1089760051356 4
3 1089760051357 4
3 1089760051392 4
3 1089760051393 4
3 1089760051420 4
3 1089760051421 4
3 1089760051432 4
3 1089760051433 4
3 1089760051442 4
3 1089760051443 4
3 1089760051488 4
3 1089760051489 4
3 1089760051510 4
3 1089760051511 4
3 1089760051582 4
3 1089760051583 4
3 1089760051610 4
3 1089760051611 4
3 1089760051630 4
3 1089760051631 4
3 1089760051644 4
3 1089760051645 4
3 1089760051650 4
3 1089760051651 4
3 1089760051794 1
3 1089760051812 1
3 1089760051818 1
3 1089760051852 1
3 1089760051857 1
3 1089760051874 1
3 1089760052138 1
3 1089760052212 1
3 1089760052995 3
3 1089760053868 3
4 1089760035017 16
4 1089760035250 6
4 1089760035493 10
4 1089760035972 28
4 1089760035976 10
4 1089760035979 22
4 1089760035980 10
4 1089760036211 12
4 1089760036212 16
4 1089760036221 18
4 1089760036352 14
4 1089760036355 14
4 1089760037078 14
4 1089760037079 14
4 1089760037268 18
4 1089760037271 18
4 1089760037857 12
4 1089760037861 6
4 1089760037864 14
4 1089760038130 12
4 1089760038387 12
4 1089760038392 16
4 1089760039518 9
4 1089760040212 3
4 1089760040932 5
4 1089760042375 9
4 1089760042376 5
4 1089760042388 5
4 1089760042395 10
4 1089760042396 1
4 1089760042400 5
4 1089760043100 6
4 1089760043101 8
4 1089760043126 1
4 1089760043127 8
4 1089760043517 7
4 1089760043527 7
4 1089760045702 7
4 1089760045705 7
4 1089760046272 9
4 1089760046283 9
4 1089760048046 6
4 1089760048057 3
4 1089760048066 7
4 1089760048856 7
4 1089760049631 6
4 1089760049647 8
4 1089760051224 4
4 1089760051225 4
4 1089760051254 4
4 1089760051255 4
4 1089760051284 4
4 1089760051285 4
4 1089760051314 4
4 1089760051315 4
4 1089760051344 4
4 1089760051345 4
4 1089760051374 4
4 1089760051375 4
4 1089760051392 4
4 1089760051393 4
4 1089760051478 4
4 1089760051479 4
4 1089760051482 4
4 1089760051483 4
4 1089760051506 4
4 1089760051507 4
4 1089760051564 4
4 1089760051565 4
4 1089760051580 4
4 1089760051581 4
4 1089760051590 4
4 1089760051591 4
4 1089760051614 4
4 1089760051615 4
4 1089760051646 4
4 1089760051647 4
4 1089760051714 1
4 1089760051716 1
4 1089760051719 1
4 1089760051722 1
4 1089760051726 1
4 1089760051727 1
4 1089760051729 1
4 1089760051731 1
4 1089760051737 1
4 1089760051738 2
4 1089760051741 2
4 1089760051742 1
4 1089760051746 1
4 1089760051754 1
4 1089760051756 1
4 1089760051765 1
4 1089760051767 1
4 1089760051769 1
4 1089760051775 1
4 1089760051779 2
4 1089760051780 1
4 1089760051785 1
4 1089760051787 1
4 1089760051788 2
4 1089760051791 1
4 1089760051794 1
4 1089760051803 1
4 1089760051804 1
4 1089760051806 1
4 1089760051815 1
4 1089760051819 1
4 1089760051821 1
4 1089760051824 1
4 1089760051832 1
4 1089760051833 2
4 1089760051836 2
4 1089760051840 1
4 1089760051841 1
4 1089760051842 2
4 1089760051844 1
4 1089760051848 1
4 1089760051849 1
4 1089760051859 2
4 1089760051861 1
4 1089760051865 1
4 1089760051868 2
4 1089760051870 1
4 1089760051873 1
4 1089760051877 1
4 1089760051884 1
4 1089760051885 1
4 1089760051887 2
4 1089760051891 1
4 1089760051893 1
4 1089760051896 1
4 1089760051897 1
4 1089760051899 2
4 1089760051904 1
4 1089760051913 1
4 1089760051917 1
4 1089760051922 1
4 1089760051923 2
4 1089760051934 2
4 1089760051936 1
4 1089760051937 1
4 1089760051938 1
4 1089760051945 1
4 1089760051948 1
4 1089760051969 2
4 1089760051976 1
4 1089760051982 1
4 1089760051984 1
4 1089760051990 1
4 1089760051997 1
4 1089760051998 2
4 1089760052000 1
4 1089760052001 2
4 1089760052010 1
4 1089760052014 1
4 1089760052016 1
4 1089760052018 1
4 1089760052020 1
4 1089760052031 1
4 1089760052033 1
4 1089760052038 1
4 1089760052041 1
4 1089760052044 1
4 1089760052045 1
4 1089760052052 2
4 1089760052054 1
4 1089760052057 1
4 1089760052060 1
4 1089760052063 1
4 1089760052067 1
4 1089760052068 3
4 1089760052074 1
4 1089760052079 1
4 1089760052088 2
4 1089760052091 1
4 1089760052098 1
4 1089760052101 1
4 1089760052111 3
4 1089760052113 2
4 1089760052123 1
4 1089760052124 1
4 1089760052128 1
4 1089760052135 1
4 1089760052142 1
4 1089760052148 1
4 1089760052149 2
4 1089760052152 1
4 1089760052153 1
4 1089760052156 1
4 1089760052157 1
4 1089760052160 1
4 1089760052162 1
4 1089760052165 1
4 1089760052170 1
4 1089760052173 1
4 1089760052175 1
4 1089760052176 1
4 1089760052188 1
4 1089760052190 2
4 1089760052191 1
4 1089760052199 1
4 1089760052201 1
4 1089760052204 1
4 1089760052208 1
4 1089760052210 1
4 1089760052211 1
4 1089760052212 1
4 1089760052217 1
4 1089760052221 1
4 1089760052324 7
4 1089760052441 2
4 1089760052562 4
4 1089760052802 13
4 1089760052804 4
4 1089760052805 10
4 1089760052806 4
4 1089760052921 5
4 1089760052922 7
4 1089760052926 8
4 1089760052992 6
4 1089760052993 6
4 1089760053355 12
4 1089760053450 8
4 1089760053451 8
4 1089760053744 5
4 1089760053746 2
4 1089760053748 6
4 1089760053881 5
4 1089760054009 5
4 1089760054012 7
5 1089760034954 14
5 1089760034957 10
5 1089760034959 14
5 1089760035184 18
5 1089760035186 32
5 1089760035188 10
5 1089760035193 20
5 1089760035194 16
5 1089760035197 14
5 1089760035199 16
5 1089760035424 6
5 1089760035426 8
5 1089760035430 12
5 1089760035431 16
5 1089760035432 6
5 1089760035433 14
5 1089760035434 18
5 1089760035667 20
5 1089760035668 10
5 1089760035670 18
5 1089760035672 20
5 1089760035674 14
5 1089760035675 10
5 1089760035679 18
5 1089760035905 34
5 1089760035909 10
5 1089760035910 12
5 1089760035912 12
5 1089760035913 22
5 1089760035914 26
5 1089760035915 16
5 1089760035916 16
5 1089760035917 320
5 1089760036147 16
5 1089760036149 42
5 1089760036150 14
5 1089760036151 18
5 1089760036154 10
5 1089760036155 20
5 1089760036159 10
5 1089760036690 20
5 1089760036691 10
5 1089760036694 20
5 1089760036695 8
5 1089760036697 6
5 1089760036699 10
5 1089760036701 14
5 1089760036770 12
5 1089760036772 12
5 1089760036775 12
5 1089760036777 12
5 1089760036779 14
5 1089760036781 16
5 1089760036867 22
5 1089760036871 18
5 1089760036876 8
5 1089760036877 10
5 1089760036879 16
5 1089760037297 32
5 1089760037304 44
5 1089760037305 10
5 1089760037306 16
5 1089760037309 18
5 1089760037311 30
5 1089760037409 26
5 1089760037410 12
5 1089760037413 12
5 1089760037414 8
5 1089760037417 12
5 1089760037421 22
5 1089760037491 18
5 1089760037499 22
5 1089760037501 12
5 1089760038064 20
5 1089760038066 12
5 1089760038072 34
5 1089760038073 18
5 1089760038077 8
5 1089760038078 16
5 1089760038079 18
5 1089760038130 22
5 1089760038133 26
5 1089760038134 26
5 1089760038135 10
5 1089760038136 4
5 1089760038137 12
5 1089760038139 20
5 1089760038141 14
5 1089760038143 26
5 1089760038544 16
5 1089760038545 8
5 1089760038546 12
5 1089760038547 66
5 1089760038548 30
5 1089760038549 38
5 1089760038550 16
5 1089760038551 24
5 1089760038552 26
5 1089760038553 10
5 1089760038554 12
5 1089760038555 28
5 1089760038556 16
5 1089760038557 66
5 1089760038558 32
5 1089760038559 42
5 1089760038896 8
5 1089760038897 16
5 1089760038898 8
5 1089760038899 8
5 1089760038900 30
5 1089760038901 14
5 1089760038902 60
5 1089760038903 20
5 1089760038904 12
5 1089760038905 20
5 1089760038906 4
5 1089760038907 32
5 1089760038908 10
5 1089760038909 8
5 1089760038910 6
5 1089760038911 12
5 1089760039324 7
5 1089760039335 6
5 1089760039341 7
5 1089760040017 14
5 1089760040021 4
5 1089760040022 2
5 1089760040023 10
5 1089760040028 5
5 1089760040041 1
5 1089760040042 10
5 1089760040046 9
5 1089760040053 7
5 1089760040060 8
5 1089760040729 1
5 1089760040730 3
5 1089760040737 4
5 1089760040748 4
5 1089760040749 2
5 1089760040750 8
5 1089760040751 5
5 1089760040753 3
5 1089760040757 7
5 1089760040760 9
5 1089760041447 5
5 1089760041448 5
5 1089760041451 5
5 1089760041456 3
5 1089760041457 6
5 1089760041462 8
5 1089760041463 2
5 1089760041469 7
5 1089760041471 5
5 1089760041484 5
5 1089760041485 4
5 1089760042171 12
5 1089760042173 6
5 1089760042183 6
5 1089760042185 3
5 1089760042186 3
5 1089760042190 6
5 1089760042195 4
5 1089760042196 7
5 1089760042197 7
5 1089760042198 6
5 1089760042201 8
5 1089760042202 3
5 1089760042203 5
5 1089760042207 12
5 1089760042903 2
5 1089760042904 2
5 1089760042905 3
5 1089760042906 1
5 1089760042909 6
5 1089760042911 1
5 1089760042912 10
5 1089760042913 4
5 1089760042915 7
5 1089760042918 9
5 1089760042927 5
5 1089760042930 6
5 1089760042931 4
5 1089760042942 3
5 1089760042943 2
5 1089760044537 10
5 1089760044540 5
5 1089760044549 3
5 1089760044550 7
5 1089760044551 4
5 1089760044558 3
5 1089760044563 5
5 1089760044568 1
5 1089760044569 6
5 1089760044778 6
5 1089760044782 6
5 1089760044794 6
5 1089760044797 5
5 1089760044798 1
5 1089760044805 1
5 1089760044806 6
5 1089760044811 9
5 1089760045068 11
5 1089760045079 10
5 1089760045080 7
5 1089760045096 4
5 1089760045097 5
5 1089760045104 8
5 1089760046360 6
5 1089760046361 10
5 1089760046380 4
5 1089760046381 13
5 1089760046382 10
5 1089760046386 8
5 1089760046394 7
5 1089760046395 2
5 1089760046400 14
5 1089760046401 1
5 1089760046698 4
5 1089760046699 3
5 1089760046700 11
5 1089760046701 3
5 1089760046710 7
5 1089760046714 6
5 1089760046724 6
5 1089760046733 8
5 1089760046734 3
5 1089760046944 9
5 1089760046967 3
5 1089760046969 8
5 1089760046973 7
5 1089760048659 8
5 1089760048660 3
5 1089760048665 6
5 1089760048684 17
5 1089760048685 9
5 1089760048698 4
5 1089760048701 8
5 1089760048704 9
5 1089760048855 11
5 1089760048864 8
5 1089760048865 14
5 1089760048866 5
5 1089760048867 8
5 1089760048869 5
5 1089760048872 2
5 1089760048876 7
5 1089760048880 4
5 1089760048881 7
5 1089760048887 5
5 1089760048888 2
5 1089760048894 9
5 1089760048895 7
5 1089760050101 9
5 1089760050106 4
5 1089760050107 6
5 1089760050111 15
5 1089760050112 18
5 1089760050113 9
5 1089760050114 15
5 1089760050115 8
5 1089760050116 5
5 1089760050117 9
5 1089760050118 5
5 1089760050119 3
5 1089760050120 5
5 1089760050123 2
5 1089760050124 10
5 1089760050125 6
5 1089760050126 8
5 1089760050127 6
5 1089760050130 6
5 1089760050133 9
5 1089760050134 6
5 1089760050135 3
5 1089760050136 5
5 1089760050138 1
5 1089760050139 23
5 1089760050140 12
5 1089760050141 4
5 1089760050142 7
5 1089760050144 2
5 1089760050145 7
5 1089760050146 7
5 1089760050147 13
5 1089760050148 6
5 1089760051154 6
5 1089760051155 8
5 1089760051159 4
5 1089760051162 3
5 1089760051163 1
5 1089760051164 4
5 1089760051165 10
5 1089760051166 2
5 1089760051169 7
5 1089760051171 5
5 1089760051172 16
5 1089760051173 10
5 1089760051174 5
5 1089760051176 5
5 1089760051177 6
5 1089760051181 12
5 1089760051182 2
5 1089760051186 5
5 1089760051187 6
5 1089760051188 12
5 1089760051192 4
5 1089760051196 3
5 1089760051199 6
5 1089760051216 4
5 1089760051217 4
5 1089760051246 4
5 1089760051247 4
5 1089760051276 4
5 1089760051277 4
5 1089760051306 4
5 1089760051307 4
5 1089760051336 4
5 1089760051337 4
5 1089760051366 4
5 1089760051367 4
5 1089760051434 4
5 1089760051435 4
5 1089760051444 4
5 1089760051445 4
5 1089760051456 4
5 1089760051457 4
5 1089760051510 4
5 1089760051511 4
5 1089760051524 4
5 1089760051525 4
5 1089760051534 4
5 1089760051535 4
5 1089760051606 4
5 1089760051607 4
5 1089760051614 4
5 1089760051615 4
5 1089760051666 4
5 1089760051667 4
5 1089760051710 4
5 1089760051711 4
5 1089760051712 4
5 1089760051713 1
5 1089760051714 1
5 1089760051715 2
5 1089760051716 1
5 1089760051717 2
5 1089760051718 7
5 1089760051719 1
5 1089760051720 1
5 1089760051721 6
5 1089760051722 2
5 1089760051723 4
5 1089760051724 3
5 1089760051725 2
5 1089760051726 2
5 1089760051727 5
5 1089760051728 5
5 1089760051729 6
5 1089760051730 1
5 1089760051731 1
5 1089760051732 2
5 1089760051733 1
5 1089760051734 6
5 1089760051736 1
5 1089760051737 1
5 1089760051738 2
5 1089760051739 2
5 1089760051741 3
5 1089760051742 3
5 1089760051743 5
5 1089760051744 8
5 1089760051746 2
5 1089760051748 5
5 1089760051749 6
5 1089760051750 1
5 1089760051752 3
5 1089760051753 2
5 1089760051754 3
5 1089760051755 2
5 1089760051756 5
5 1089760051757 2
5 1089760051758 5
5 1089760051759 3
5 1089760051760 1
5 1089760051761 2
5 1089760051762 1
5 1089760051763 5
5 1089760051764 1
5 1089760051765 5
5 1089760051766 1
5 1089760051767 4
5 1089760051768 3
5 1089760051770 1
5 1089760051771 2
5 1089760051772 2
5 1089760051774 4
5 1089760051775 3
5 1089760051776 4
5 1089760051777 3
5 1089760051778 1
5 1089760051779 3
5 1089760051780 2
5 1089760051781 2
5 1089760051782 3
5 1089760051783 1
5 1089760051784 1
5 1089760051785 3
5 1089760051786 1
5 1089760051787 5
5 1089760051788 3
5 1089760051789 1
5 1089760051790 2
5 1089760051791 1
5 1089760051792 2
5 1089760051793 2
5 1089760051795 3
5 1089760051796 3
5 1089760051797 2
5 1089760051798 3
5 1089760051799 4
5 1089760051800 1
5 1089760051801 3
5 1089760051802 1
5 1089760051803 3
5 1089760051804 3
5 1089760051805 1
5 1089760051808 6
5 1089760051809 1
5 1089760051810 4
5 1089760051811 2
5 1089760051812 1
5 1089760051813 1
5 1089760051814 2
5 1089760051816 3
5 1089760051817 3
5 1089760051818 1
5 1089760051819 1
5 1089760051820 1
5 1089760051821 5
5 1089760051822 3
5 1089760051823 4
5 1089760051824 4
5 1089760051825 1
5 1089760051826 4
5 1089760051827 1
5 1089760051828 1
5 1089760051829 2
5 1089760051830 2
5 1089760051831 2
5 1089760051832 4
5 1089760051833 3
5 1089760051834 5
5 1089760051835 2
5 1089760051836 3
5 1089760051837 3
5 1089760051838 1
5 1089760051839 3
5 1089760051840 2
5 1089760051841 2
5 1089760051842 3
5 1089760051843 2
5 1089760051844 3
5 1089760051846 2
5 1089760051847 3
5 1089760051848 1
5 1089760051849 2
5 1089760051850 1
5 1089760051852 3
5 1089760051853 2
5 1089760051855 3
5 1089760051856 2
5 1089760051857 1
5 1089760051858 1
5 1089760051859 1
5 1089760051860 4
5 1089760051861 4
5 1089760051862 1
5 1089760051864 4
5 1089760051865 2
5 1089760051866 3
5 1089760051867 3
5 1089760051868 6
5 1089760051869 2
5 1089760051870 5
5 1089760051872 1
5 1089760051873 2
5 1089760051874 1
5 1089760051875 2
5 1089760051876 7
5 1089760051877 3
5 1089760051878 2
5 1089760051879 2
5 1089760051880 2
5 1089760051881 4
5 1089760051882 4
5 1089760051883 1
5 1089760051884 2
5 1089760051885 3
5 1089760051887 2
5 1089760051888 4
5 1089760051889 4
5 1089760051890 1
5 1089760051891 1
5 1089760051892 2
5 1089760051893 2
5 1089760051894 2
5 1089760051895 2
5 1089760051896 2
5 1089760051897 1
5 1089760051898 1
5 1089760051900 1
5 1089760051901 1
5 1089760051902 3
5 1089760051903 3
5 1089760051904 2
5 1089760051905 1
5 1089760051906 3
5 1089760051907 1
5 1089760051908 5
5 1089760051909 6
5 1089760051910 3
5 1089760051911 3
5 1089760051913 2
5 1089760051914 3
5 1089760051915 1
5 1089760051916 3
5 1089760051917 1
5 1089760051918 2
5 1089760051919 2
5 1089760051921 2
5 1089760051922 2
5 1089760051923 2
5 1089760051924 1
5 1089760051925 3
5 1089760051926 1
5 1089760051929 1
5 1089760051930 1
5 1089760051932 3
5 1089760051933 3
5 1089760051934 2
5 1089760051935 2
5 1089760051936 5
5 1089760051937 4
5 1089760051938 2
5 1089760051939 4
5 1089760051940 2
5 1089760051941 2
5 1089760051942 1
5 1089760051943 1
5 1089760051944 6
5 1089760051946 1
5 1089760051947 2
5 1089760051948 3
5 1089760051949 3
5 1089760051950 2
5 1089760051951 2
5 1089760051952 4
5 1089760051953 3
5 1089760051954 2
5 1089760051955 1
5 1089760051956 2
5 1089760051957 2
5 1089760051958 2
5 1089760051959 4
5 1089760051960 4
5 1089760051961 2
5 1089760051962 2
5 1089760051963 1
5 1089760051964 2
5 1089760051965 4
5 1089760051966 3
5 1089760051967 2
5 1089760051968 1
5 1089760051969 5
5 1089760051970 2
5 1089760051971 1
5 1089760051972 2
5 1089760051973 2
5 1089760051974 1
5 1089760051975 4
5 1089760051976 2
5 1089760051977 2
5 1089760051978 3
5 1089760051979 2
5 1089760051980 2
5 1089760051981 4
5 1089760051982 5
5 1089760051983 2
5 1089760051984 3
5 1089760051985 4
5 1089760051986 1
5 1089760051987 6
5 1089760051988 3
5 1089760051989 2
5 1089760051990 4
5 1089760051991 3
5 1089760051992 1
5 1089760051993 1
5 1089760051994 4
5 1089760051995 1
5 1089760051996 1
5 1089760051997 3
5 1089760051998 3
5 1089760051999 3
5 1089760052000 2
5 1089760052001 3
5 1089760052002 4
5 1089760052003 2
5 1089760052004 1
5 1089760052005 1
5 1089760052006 2
5 1089760052007 3
5 1089760052009 2
5 1089760052011 3
5 1089760052012 5
5 1089760052013 2
5 1089760052014 1
5 1089760052015 1
5 1089760052016 1
5 1089760052017 2
5 1089760052018 3
5 1089760052019 1
5 1089760052020 1
5 1089760052021 4
5 1089760052022 3
5 1089760052024 4
5 1089760052025 6
5 1089760052026 3
5 1089760052027 1
5 1089760052028 1
5 1089760052029 1
5 1089760052031 3
5 1089760052032 4
5 1089760052033 5
5 1089760052034 4
5 1089760052035 2
5 1089760052036 3
5 1089760052037 1
5 1089760052038 5
5 1089760052040 3
5 1089760052041 2
5 1089760052042 2
5 1089760052043 1
5 1089760052044 1
5 1089760052045 1
5 1089760052046 4
5 1089760052047 6
5 1089760052048 6
5 1089760052049 3
5 1089760052050 1
5 1089760052051 3
5 1089760052052 4
5 1089760052053 4
5 1089760052054 4
5 1089760052057 4
5 1089760052058 1
5 1089760052059 1
5 1089760052060 1
5 1089760052061 5
5 1089760052062 2
5 1089760052063 2
5 1089760052064 1
5 1089760052065 2
5 1089760052066 5
5 1089760052067 3
5 1089760052068 3
5 1089760052069 2
5 1089760052070 2
5 1089760052071 1
5 1089760052072 6
5 1089760052073 4
5 1089760052075 3
5 1089760052076 3
5 1089760052077 4
5 1089760052078 2
5 1089760052079 1
5 1089760052080 2
5 1089760052081 2
5 1089760052082 1
5 1089760052083 3
5 1089760052084 3
5 1089760052085 2
5 1089760052086 2
5 1089760052087 3
5 1089760052088 1
5 1089760052089 1
5 1089760052090 2
5 1089760052091 3
5 1089760052092 2
5 1089760052093 1
5 1089760052095 1
5 1089760052096 1
5 1089760052097 3
5 1089760052098 2
5 1089760052099 1
5 1089760052100 2
5 1089760052101 2
5 1089760052102 3
5 1089760052103 1
5 1089760052104 1
5 1089760052105 3
5 1089760052106 2
5 1089760052107 1
5 1089760052109 5
5 1089760052110 1
5 1089760052111 3
5 1089760052112 1
5 1089760052113 2
5 1089760052114 4
5 1089760052115 4
5 1089760052116 1
5 1089760052117 1
5 1089760052118 2
5 1089760052119 2
5 1089760052121 1
5 1089760052122 1
5 1089760052123 3
5 1089760052124 4
5 1089760052125 6
5 1089760052127 6
5 1089760052128 2
5 1089760052129 1
5 1089760052130 3
5 1089760052131 1
5 1089760052133 2
5 1089760052135 4
5 1089760052136 1
5 1089760052139 1
5 1089760052140 3
5 1089760052141 3
5 1089760052142 2
5 1089760052143 3
5 1089760052144 4
5 1089760052145 2
5 1089760052146 3
5 1089760052147 4
5 1089760052148 3
5 1089760052149 2
5 1089760052150 3
5 1089760052151 1
5 1089760052152 3
5 1089760052153 4
5 1089760052154 3
5 1089760052155 2
5 1089760052156 3
5 1089760052157 2
5 1089760052158 1
5 1089760052159 5
5 1089760052160 1
5 1089760052161 3
5 1089760052162 1
5 1089760052164 7
5 1089760052166 1
5 1089760052167 4
5 1089760052168 1
5 1089760052169 1
5 1089760052170 1
5 1089760052171 4
5 1089760052173 3
5 1089760052174 3
5 1089760052175 3
5 1089760052176 5
5 1089760052177 3
5 1089760052178 3
5 1089760052179 4
5 1089760052180 1
5 1089760052181 4
5 1089760052182 2
5 1089760052183 5
5 1089760052184 6
5 1089760052185 3
5 1089760052186 5
5 1089760052187 4
5 1089760052188 1
5 1089760052189 2
5 1089760052190 3
5 1089760052191 1
5 1089760052192 2
5 1089760052193 1
5 1089760052194 1
5 1089760052195 2
5 1089760052196 4
5 1089760052197 2
5 1089760052198 6
5 1089760052199 4
5 1089760052200 2
5 1089760052201 2
5 1089760052202 1
5 1089760052204 2
5 1089760052205 9
5 1089760052206 3
5 1089760052207 2
5 1089760052208 2
5 1089760052209 1
5 1089760052210 7
5 1089760052212 5
5 1089760052213 2
5 1089760052214 3
5 1089760052215 3
5 1089760052216 1
5 1089760052217 1
5 1089760052219 1
5 1089760052221 1
5 1089760052222 3
5 1089760052223 2
5 1089760052293 6
5 1089760052294 4
5 1089760052295 6
5 1089760052408 8
5 1089760052409 14
5 1089760052410 4
5 1089760052412 9
5 1089760052413 7
5 1089760052414 6
5 1089760052415 7
5 1089760052528 2
5 1089760052529 3
5 1089760052531 12
5 1089760052532 8
5 1089760052533 8
5 1089760052649 9
5 1089760052650 4
5 1089760052651 8
5 1089760052652 9
5 1089760052653 10
5 1089760052655 8
5 1089760052768 15
5 1089760052770 4
5 1089760052771 5
5 1089760052772 15
5 1089760052773 18
5 1089760052774 13
5 1089760052889 6
5 1089760052890 13
5 1089760052891 14
5 1089760052893 13
5 1089760052895 4
5 1089760053161 13
5 1089760053163 11
5 1089760053164 2
5 1089760053165 4
5 1089760053166 6
5 1089760053201 5
5 1089760053202 5
5 1089760053203 5
5 1089760053204 5
5 1089760053205 6
5 1089760053206 7
5 1089760053249 10
5 1089760053251 8
5 1089760053254 7
5 1089760053255 7
5 1089760053464 8
5 1089760053468 19
5 1089760053469 7
5 1089760053470 8
5 1089760053471 13
5 1089760053520 11
5 1089760053521 5
5 1089760053522 5
5 1089760053523 3
5 1089760053524 5
5 1089760053526 10
5 1089760053561 8
5 1089760053565 9
5 1089760053566 5
5 1089760053848 9
5 1089760053849 5
5 1089760053852 16
5 1089760053854 3
5 1089760053855 15
5 1089760053881 10
5 1089760053882 12
5 1089760053883 11
5 1089760053884 6
5 1089760053885 9
5 1089760053886 6
5 1089760053887 7
5 1089760054088 10
5 1089760054089 25
5 1089760054090 24
5 1089760054091 17
5 1089760054092 15
5 1089760054093 13
5 1089760054094 28
5 1089760054095 27
5 1089760054264 10
5 1089760054265 6
5 1089760054266 14
5 1089760054267 25
5 1089760054268 11
5 1089760054269 11
5 1089760054270 7
5 1089760054271 7
6 1089760035040 24
6 1089760035041 26
6 1089760035042 43
6 1089760035043 30
6 1089760035044 63
6 1089760035045 40
6 1089760035046 14
6 1089760035047 24
6 1089760035048 95
6 1089760035049 318
6 1089760035050 128
6 1089760035051 12
6 1089760035052 34
6 1089760035053 106
6 1089760035054 21
6 1089760035055 563
6 1089760035280 24
6 1089760035281 142
6 1089760035282 56
6 1089760035283 48
6 1089760035284 402
6 1089760035285 25
6 1089760035286 210
6 1089760035287 42
6 1089760035288 48
6 1089760035289 38
6 1089760035290 21
6 1089760035291 47
6 1089760035292 179
6 1089760035293 62
6 1089760035294 98
6 1089760035295 54
6 1089760035520 146
6 1089760035521 543
6 1089760035522 86
6 1089760035523 319
6 1089760035524 77
6 1089760035525 30
6 1089760035526 30
6 1089760035527 26
6 1089760035528 165
6 1089760035529 65
6 1089760035530 24
6 1089760035531 48
6 1089760035532 64
6 1089760035533 4
6 1089760035534 34
6 1089760035535 661
6 1089760035760 48
6 1089760035761 27
6 1089760035762 256
6 1089760035763 18
6 1089760035764 103
6 1089760035765 130
6 1089760035766 15
6 1089760035767 153
6 1089760035768 52
6 1089760035769 40
6 1089760035770 10
6 1089760035771 12
6 1089760035772 90
6 1089760035773 40
6 1089760035774 30
6 1089760035775 214
6 1089760036000 193
6 1089760036001 42
6 1089760036002 702
6 1089760036003 209
6 1089760036004 179
6 1089760036005 41
6 1089760036006 10
6 1089760036007 35
6 1089760036008 31
6 1089760036009 46
6 1089760036010 54
6 1089760036011 52
6 1089760036012 84
6 1089760036013 8
6 1089760036014 66
6 1089760036015 29
6 1089760036240 363
6 1089760036241 50
6 1089760036242 104
6 1089760036243 42
6 1089760036244 40
6 1089760036245 79
6 1089760036246 29
6 1089760036247 61
6 1089760036248 125
6 1089760036249 653
6 1089760036250 127
6 1089760036251 26
6 1089760036252 77
6 1089760036253 180
6 1089760036254 89
6 1089760036255 14
6 1089760036288 8
6 1089760036289 24
6 1089760036290 20
6 1089760036291 16
6 1089760036292 27
6 1089760036293 141
6 1089760036294 230
6 1089760036295 44
6 1089760036296 32
6 1089760036297 38
6 1089760036298 77
6 1089760036299 26
6 1089760036300 170
6 1089760036301 28
6 1089760036302 50
6 1089760036303 20
6 1089760036352 151
6 1089760036353 313
6 1089760036354 260
6 1089760036355 20
6 1089760036356 232
6 1089760036357 199
6 1089760036358 478
6 1089760036359 22
6 1089760036360 71
6 1089760036361 32
6 1089760036362 115
6 1089760036363 20
6 1089760036364 42
6 1089760036365 85
6 1089760036366 30
6 1089760036367 293
6 1089760036496 270
6 1089760036497 291
6 1089760036498 38
6 1089760036499 244
6 1089760036500 26
6 1089760036501 74
6 1089760036502 103
6 1089760036503 29
6 1089760036504 14
6 1089760036505 42
6 1089760036506 38
6 1089760036507 30
6 1089760036508 16
6 1089760036509 53
6 1089760036510 40
6 1089760036511 40
6 1089760036992 34
6 1089760036993 156
6 1089760036994 20
6 1089760036995 40
6 1089760036996 54
6 1089760036997 69
6 1089760036998 33
6 1089760036999 347
6 1089760037000 54
6 1089760037001 170
6 1089760037002 43
6 1089760037003 267
6 1089760037004 161
6 1089760037005 14
6 1089760037006 6
6 1089760037007 177
6 1089760037264 640
6 1089760037265 116
6 1089760037266 24
6 1089760037267 225
6 1089760037268 117
6 1089760037269 18
6 1089760037270 16
6 1089760037272 252
6 1089760037273 412
6 1089760037274 126
6 1089760037275 31
6 1089760037276 8
6 1089760037277 28
6 1089760037278 26
6 1089760037279 271
6 1089760037296 22
6 1089760037297 26
6 1089760037298 56
6 1089760037299 4
6 1089760037300 20
6 1089760037301 24
6 1089760037302 21
6 1089760037303 350
6 1089760037304 37
6 1089760037306 50
6 1089760037307 48
6 1089760037308 36
6 1089760037309 34
6 1089760037310 16
6 1089760037311 336
6 1089760038000 575
6 1089760038001 80
6 1089760038002 209
6 1089760038003 34
6 1089760038004 351
6 1089760038005 60
6 1089760038006 46
6 1089760038007 50
6 1089760038008 122
6 1089760038009 203
6 1089760038010 170
6 1089760038011 44
6 1089760038012 81
6 1089760038013 113
6 1089760038014 87
6 1089760038015 306
6 1089760038048 168
6 1089760038049 54
6 1089760038050 56
6 1089760038051 42
6 1089760038052 154
6 1089760038053 94
6 1089760038054 66
6 1089760038055 219
6 1089760038056 58
6 1089760038057 54
6 1089760038058 46
6 1089760038059 48
6 1089760038060 58
6 1089760038061 52
6 1089760038062 263
6 1089760038063 136
6 1089760038160 141
6 1089760038161 66
6 1089760038162 48
6 1089760038163 317
6 1089760038164 38
6 1089760038165 69
6 1089760038166 184
6 1089760038167 42
6 1089760038168 360
6 1089760038169 144
6 1089760038170 68
6 1089760038171 234
6 1089760038172 54
6 1089760038173 66
6 1089760038174 60
6 1089760038175 84
6 1089760038304 585
6 1089760038305 60
6 1089760038306 163
6 1089760038307 64
6 1089760038308 178
6 1089760038309 82
6 1089760038310 42
6 1089760038311 1324
6 1089760038312 145
6 1089760038313 109
6 1089760038314 67
6 1089760038315 190
6 1089760038316 248
6 1089760038317 107
6 1089760038318 356
6 1089760038319 70
6 1089760038416 64
6 1089760038417 50
6 1089760038418 59
6 1089760038419 43
6 1089760038420 755
6 1089760038421 68
6 1089760038422 223
6 1089760038423 118
6 1089760038424 84
6 1089760038425 237
6 1089760038426 235
6 1089760038427 60
6 1089760038428 293
6 1089760038429 40
6 1089760038430 111
6 1089760038431 64
6 1089760038480 78
6 1089760038481 761
6 1089760038482 209
6 1089760038483 303
6 1089760038484 85
6 1089760038485 79
6 1089760038486 50
6 1089760038487 483
6 1089760038488 79
6 1089760038489 54
6 1089760038490 40
6 1089760038491 64
6 1089760038492 70
6 1089760038493 284
6 1089760038494 72
6 1089760038495 76
6 1089760039584 5
6 1089760039585 1
6 1089760039586 22
6 1089760039587 6
6 1089760039588 7
6 1089760039590 11
6 1089760039591 72
6 1089760039593 19
6 1089760039594 27
6 1089760039595 17
6 1089760039596 248
6 1089760039597 24
6 1089760039598 14
6 1089760039599 9
6 1089760039600 15
6 1089760039601 1
6 1089760039602 2
6 1089760039603 6
6 1089760039604 576
6 1089760039606 7
6 1089760039607 12
6 1089760039609 11
6 1089760039611 12
6 1089760039613 26
6 1089760039614 4
6 1089760039617 34
6 1089760039620 7
6 1089760039621 6
6 1089760039622 19
6 1089760039625 15
6 1089760039626 1
6 1089760039628 160
6 1089760039629 13
6 1089760039630 10
6 1089760040304 16
6 1089760040305 196
6 1089760040306 178
6 1089760040307 18
6 1089760040308 10
6 1089760040309 26
6 1089760040310 12
6 1089760040311 165
6 1089760040312 15
6 1089760040313 11
6 1089760040314 10
6 1089760040315 8
6 1089760040316 31
6 1089760040317 30
6 1089760040318 225
6 1089760040319 7
6 1089760040320 4
6 1089760040321 34
6 1089760040324 94
6 1089760040325 66
6 1089760040326 22
6 1089760040327 48
6 1089760040328 21
6 1089760040329 26
6 1089760040330 290
6 1089760040331 14
6 1089760040333 10
6 1089760040335 59
6 1089760040336 12
6 1089760040337 6
6 1089760040339 100
6 1089760040340 108
6 1089760040342 23
6 1089760040343 135
6 1089760040344 33
6 1089760040345 17
6 1089760040347 151
6 1089760040348 4
6 1089760040349 10
6 1089760041010 5
6 1089760041011 13
6 1089760041012 7
6 1089760041013 78
6 1089760041014 9
6 1089760041015 10
6 1089760041016 9
6 1089760041017 450
6 1089760041018 8
6 1089760041019 8
6 1089760041020 26
6 1089760041021 17
6 1089760041022 15
6 1089760041023 264
6 1089760041026 4
6 1089760041027 7
6 1089760041028 8
6 1089760041029 5
6 1089760041030 8
6 1089760041031 6
6 1089760041032 23
6 1089760041033 20
6 1089760041035 6
6 1089760041036 4
6 1089760041037 46
6 1089760041038 8
6 1089760041039 154
6 1089760041041 18
6 1089760041042 3
6 1089760041043 11
6 1089760041044 54
6 1089760041045 34
6 1089760041046 8
6 1089760041047 13
6 1089760041048 71
6 1089760041049 18
6 1089760041050 21
6 1089760041051 189
6 1089760041054 3
6 1089760041056 592
6 1089760041057 93
6 1089760041058 144
6 1089760041059 302
6 1089760041060 5
6 1089760041728 12
6 1089760041729 36
6 1089760041730 7
6 1089760041731 8
6 1089760041732 135
6 1089760041733 192
6 1089760041734 3
6 1089760041735 7
6 1089760041736 7
6 1089760041739 8
6 1089760041740 7
6 1089760041742 9
6 1089760041743 131
6 1089760041744 5
6 1089760041745 4
6 1089760041746 8
6 1089760041747 8
6 1089760041749 5
6 1089760041750 24
6 1089760041751 7
6 1089760041753 11
6 1089760041754 7
6 1089760041755 14
6 1089760041756 12
6 1089760041757 23
6 1089760041759 2
6 1089760041760 1
6 1089760041761 6
6 1089760041763 9
6 1089760041766 10
6 1089760041767 10
6 1089760041768 106
6 1089760041769 7
6 1089760041770 176
6 1089760041771 5
6 1089760041772 2
6 1089760041773 13
6 1089760041774 8
6 1089760041776 266
6 1089760041777 21
6 1089760041778 4
6 1089760042460 12
6 1089760042461 2
6 1089760042462 15
6 1089760042463 160
6 1089760042464 7
6 1089760042465 8
6 1089760042466 7
6 1089760042467 7
6 1089760042468 5
6 1089760042469 368
6 1089760042470 538
6 1089760042471 137
6 1089760042472 4
6 1089760042473 10
6 1089760042474 7
6 1089760042475 34
6 1089760042476 12
6 1089760042477 12
6 1089760042481 7
6 1089760042484 6
6 1089760042485 14
6 1089760042486 19
6 1089760042488 26
6 1089760042490 8
6 1089760042491 10
6 1089760042492 10
6 1089760042493 7
6 1089760042494 88
6 1089760042495 6
6 1089760042496 18
6 1089760042498 1
6 1089760042499 10
6 1089760042500 159
6 1089760042501 5
6 1089760042502 116
6 1089760042504 5
6 1089760042507 3
6 1089760042508 8
6 1089760043180 3
6 1089760043181 25
6 1089760043182 1
6 1089760043183 10
6 1089760043184 7
6 1089760043185 6
6 1089760043186 16
6 1089760043188 176
6 1089760043189 150
6 1089760043190 13
6 1089760043191 22
6 1089760043192 8
6 1089760043193 42
6 1089760043195 29
6 1089760043196 9
6 1089760043197 9
6 1089760043199 11
6 1089760043200 4
6 1089760043201 4
6 1089760043202 11
6 1089760043203 8
6 1089760043204 6
6 1089760043206 30
6 1089760043207 40
6 1089760043208 108
6 1089760043209 18
6 1089760043210 4
6 1089760043211 63
6 1089760043212 235
6 1089760043213 168
6 1089760043214 7
6 1089760043216 4
6 1089760043217 12
6 1089760043219 5
6 1089760043222 129
6 1089760043224 21
6 1089760043225 12
6 1089760043226 6
6 1089760043229 10
6 1089760043325 5
6 1089760043327 4
6 1089760043329 16
6 1089760043330 4
6 1089760043332 14
6 1089760043334 15
6 1089760043335 2
6 1089760043336 9
6 1089760043337 8
6 1089760043339 11
6 1089760043340 16
6 1089760043341 8
6 1089760043343 8
6 1089760043345 6
6 1089760043346 8
6 1089760043347 174
6 1089760043349 30
6 1089760043350 13
6 1089760043351 10
6 1089760043352 265
6 1089760043355 6
6 1089760043356 28
6 1089760043358 4
6 1089760043359 13
6 1089760043360 16
6 1089760043361 11
6 1089760043362 8
6 1089760043363 4
6 1089760043364 10
6 1089760043365 4
6 1089760043366 11
6 1089760043367 6
6 1089760043368 42
6 1089760043369 5
6 1089760043370 6
6 1089760043371 5
6 1089760043518 153
6 1089760043520 3
6 1089760043521 4
6 1089760043522 9
6 1089760043523 12
6 1089760043524 363
6 1089760043525 21
6 1089760043526 151
6 1089760043529 9
6 1089760043530 9
6 1089760043531 15
6 1089760043532 9
6 1089760043533 15
6 1089760043534 8
6 1089760043536 6
6 1089760043537 355
6 1089760043538 30
6 1089760043540 63
6 1089760043542 13
6 1089760043545 8
6 1089760043546 12
6 1089760043547 1
6 1089760043548 17
6 1089760043549 4
6 1089760043550 12
6 1089760043551 9
6 1089760043553 3
6 1089760043554 60
6 1089760043555 7
6 1089760043556 6
6 1089760043557 3
6 1089760043559 2
6 1089760043560 4
6 1089760043561 62
6 1089760043562 7
6 1089760043563 4
6 1089760043564 12
6 1089760043946 523
6 1089760043947 11
6 1089760043948 14
6 1089760043949 4
6 1089760043950 7
6 1089760043951 1
6 1089760043952 7
6 1089760043953 22
6 1089760043954 7
6 1089760043955 35
6 1089760043956 7
6 1089760043958 94
6 1089760043959 11
6 1089760043960 1
6 1089760043961 265
6 1089760043963 5
6 1089760043964 11
6 1089760043965 4
6 1089760043966 181
6 1089760043967 3
6 1089760043968 8
6 1089760043969 5
6 1089760043970 4
6 1089760043971 5
6 1089760043974 8
6 1089760043975 18
6 1089760043977 11
6 1089760043978 18
6 1089760043979 25
6 1089760043983 47
6 1089760043984 10
6 1089760043985 8
6 1089760043986 1
6 1089760043989 14
6 1089760043990 15
6 1089760043991 20
6 1089760043992 15
6 1089760043993 15
6 1089760043994 9
6 1089760043995 8
6 1089760043996 13
6 1089760043997 4
6 1089760045442 13
6 1089760045444 14
6 1089760045445 15
6 1089760045446 11
6 1089760045447 2
6 1089760045448 21
6 1089760045451 11
6 1089760045452 5
6 1089760045453 6
6 1089760045454 2
6 1089760045455 22
6 1089760045456 92
6 1089760045457 9
6 1089760045460 66
6 1089760045461 7
6 1089760045462 5
6 1089760045463 5
6 1089760045464 6
6 1089760045465 18
6 1089760045466 6
6 1089760045467 15
6 1089760045468 17
6 1089760045469 14
6 1089760045470 8
6 1089760045472 39
6 1089760045473 9
6 1089760045474 4
6 1089760045476 7
6 1089760045477 3
6 1089760045478 15
6 1089760045479 23
6 1089760045480 2
6 1089760045481 16
6 1089760045482 4
6 1089760045483 11
6 1089760045485 3
6 1089760045489 6
6 1089760045490 9
6 1089760045491 1
6 1089760046261 3
6 1089760046262 7
6 1089760046263 14
6 1089760046265 13
6 1089760046266 6
6 1089760046267 57
6 1089760046268 5
6 1089760046269 10
6 1089760046270 11
6 1089760046272 8
6 1089760046273 8
6 1089760046276 10
6 1089760046277 7
6 1089760046278 8
6 1089760046279 5
6 1089760046283 14
6 1089760046284 398
6 1089760046285 23
6 1089760046286 6
6 1089760046287 15
6 1089760046288 10
6 1089760046289 17
6 1089760046290 13
6 1089760046291 11
6 1089760046292 7
6 1089760046295 6
6 1089760046296 9
6 1089760046297 3
6 1089760046300 7
6 1089760046301 1
6 1089760046302 8
6 1089760046303 9
6 1089760046304 11
6 1089760046305 96
6 1089760046306 3
6 1089760046307 13
6 1089760046308 8
6 1089760046356 7
6 1089760046357 9
6 1089760046358 6
6 1089760046359 9
6 1089760046361 6
6 1089760046362 4
6 1089760046363 24
6 1089760046364 10
6 1089760046366 2
6 1089760046370 10
6 1089760046371 1
6 1089760046372 26
6 1089760046373 7
6 1089760046375 677
6 1089760046377 3
6 1089760046379 9
6 1089760046380 4
6 1089760046381 162
6 1089760046382 6
6 1089760046385 22
6 1089760046386 73
6 1089760046387 5
6 1089760046388 6
6 1089760046389 1172
6 1089760046390 10
6 1089760046391 14
6 1089760046392 15
6 1089760046393 8
6 1089760046395 18
6 1089760046396 310
6 1089760046398 4
6 1089760046400 7
6 1089760046401 5
6 1089760046402 7
6 1089760048469 27
6 1089760048470 14
6 1089760048471 17
6 1089760048472 14
6 1089760048473 17
6 1089760048474 275
6 1089760048475 30
6 1089760048476 24
6 1089760048477 22
6 1089760048478 4
6 1089760048479 15
6 1089760048480 25
6 1089760048481 9
6 1089760048482 32
6 1089760048483 25
6 1089760048484 93
6 1089760048485 204
6 1089760048486 88
6 1089760048487 68
6 1089760048488 51
6 1089760048489 37
6 1089760048490 36
6 1089760048491 223
6 1089760048492 57
6 1089760048493 32
6 1089760048494 24
6 1089760048495 27
6 1089760048496 16
6 1089760048497 25
6 1089760048498 105
6 1089760048499 13
6 1089760048500 18
6 1089760048501 202
6 1089760048502 15
6 1089760048503 7
6 1089760048504 29
6 1089760048505 22
6 1089760048506 269
6 1089760048507 51
6 1089760048508 19
6 1089760048509 17
6 1089760048510 538
6 1089760048511 107
6 1089760048512 12
6 1089760048513 18
6 1089760048514 67
6 1089760048515 20
6 1089760048516 20
6 1089760048611 13
6 1089760048612 22
6 1089760048613 19
6 1089760048614 21
6 1089760048615 23
6 1089760048616 29
6 1089760048617 214
6 1089760048618 185
6 1089760048619 9
6 1089760048620 16
6 1089760048621 55
6 1089760048622 10
6 1089760048623 91
6 1089760048624 61
6 1089760048625 141
6 1089760048626 24
6 1089760048627 8
6 1089760048628 42
6 1089760048629 77
6 1089760048630 22
6 1089760048631 95
6 1089760048632 42
6 1089760048633 182
6 1089760048634 28
6 1089760048635 26
6 1089760048636 20
6 1089760048637 4
6 1089760048638 10
6 1089760048639 220
6 1089760048640 23
6 1089760048641 239
6 1089760048642 158
6 1089760048643 139
6 1089760048644 30
6 1089760048645 138
6 1089760048646 17
6 1089760048647 431
6 1089760048648 86
6 1089760048649 42
6 1089760048650 222
6 1089760048651 26
6 1089760048652 2
6 1089760048653 20
6 1089760048654 15
6 1089760048655 9
6 1089760048656 22
6 1089760048657 162
6 1089760048945 20
6 1089760048946 23
6 1089760048947 24
6 1089760048948 12
6 1089760048949 199
6 1089760048950 31
6 1089760048951 75
6 1089760048952 80
6 1089760048953 57
6 1089760048954 12
6 1089760048955 1973
6 1089760048956 438
6 1089760048957 128
6 1089760048958 10
6 1089760048959 1063
6 1089760048960 17
6 1089760048961 11
6 1089760048962 9
6 1089760048963 20
6 1089760048964 159
6 1089760048965 18
6 1089760048966 13
6 1089760048967 16
6 1089760048968 20
6 1089760048969 23
6 1089760048970 13
6 1089760048971 65
6 1089760048972 311
6 1089760048973 24
6 1089760048974 21
6 1089760048975 53
6 1089760048976 23
6 1089760048977 141
6 1089760048978 121
6 1089760048979 23
6 1089760048980 30
6 1089760048981 25
6 1089760048982 25
6 1089760048983 17
6 1089760048984 21
6 1089760048985 750
6 1089760048986 433
6 1089760048987 69
6 1089760048988 102
6 1089760048989 35
6 1089760048990 213
6 1089760048991 575
6 1089760048992 19
6 1089760048993 2
6 1089760049379 10
6 1089760049380 17
6 1089760049381 720
6 1089760049382 16
6 1089760049383 26
6 1089760049384 89
6 1089760049385 137
6 1089760049386 21
6 1089760049387 752
6 1089760049388 40
6 1089760049389 127
6 1089760049390 21
6 1089760049391 14
6 1089760049392 420
6 1089760049393 227
6 1089760049394 150
6 1089760049395 18
6 1089760049396 436
6 1089760049397 27
6 1089760049398 10
6 1089760049399 10
6 1089760049400 18
6 1089760049401 27
6 1089760049402 25
6 1089760049403 28
6 1089760049404 23
6 1089760049405 24
6 1089760049406 382
6 1089760049407 358
6 1089760049408 11
6 1089760049409 62
6 1089760049410 39
6 1089760049411 35
6 1089760049412 82
6 1089760049413 24
6 1089760049414 60
6 1089760049415 19
6 1089760049416 290
6 1089760049417 27
6 1089760049418 159
6 1089760049419 20
6 1089760049420 12
6 1089760049421 161
6 1089760049422 20
6 1089760049423 64
6 1089760049424 17
6 1089760049425 15
6 1089760049426 23
6 1089760049427 46
6 1089760049428 93
6 1089760049429 20
6 1089760049715 16
6 1089760049716 25
6 1089760049717 27
6 1089760049718 6
6 1089760049719 44
6 1089760049720 19
6 1089760049721 22
6 1089760049722 13
6 1089760049723 23
6 1089760049724 6
6 1089760049725 25
6 1089760049726 11
6 1089760049727 14
6 1089760049728 15
6 1089760049729 13
6 1089760049730 23
6 1089760049731 10
6 1089760049732 150
6 1089760049733 102
6 1089760049734 21
6 1089760049735 210
6 1089760049736 18
6 1089760049737 27
6 1089760049738 31
6 1089760049739 27
6 1089760049740 682
6 1089760049741 21
6 1089760049742 29
6 1089760049743 121
6 1089760049744 338
6 1089760049745 21
6 1089760049746 29
6 1089760049747 20
6 1089760049748 106
6 1089760049749 34
6 1089760049750 102
6 1089760049751 165
6 1089760049752 34
6 1089760049753 6
6 1089760049754 18
6 1089760049755 415
6 1089760049756 80
6 1089760049757 104
6 1089760049758 20
6 1089760049759 14
6 1089760049760 21
6 1089760049761 25
6 1089760049762 72
6 1089760049763 9
6 1089760049910 21
6 1089760049911 11
6 1089760049912 9
6 1089760049913 13
6 1089760049914 28
6 1089760049915 18
6 1089760049916 93
6 1089760049917 14
6 1089760049918 12
6 1089760049919 53
6 1089760049920 9
6 1089760049921 20
6 1089760049922 192
6 1089760049923 56
6 1089760049924 69
6 1089760049925 284
6 1089760049926 21
6 1089760049927 30
6 1089760049928 22
6 1089760049929 21
6 1089760049930 46
6 1089760049931 13
6 1089760049932 20
6 1089760049933 13
6 1089760049934 19
6 1089760049935 21
6 1089760049936 28
6 1089760049937 147
6 1089760049938 34
6 1089760049939 13
6 1089760049940 10
6 1089760049941 10
6 1089760049942 19
6 1089760049943 23
6 1089760049944 122
6 1089760049945 94
6 1089760049946 221
6 1089760049947 209
6 1089760049948 20
6 1089760049949 13
6 1089760049950 27
6 1089760049951 163
6 1089760049952 70
6 1089760049953 31
6 1089760049954 31
6 1089760049955 12
6 1089760049956 31
6 1089760049957 18
6 1089760049958 70
6 1089760049959 16
6 1089760051228 4
6 1089760051229 4
6 1089760051258 4
6 1089760051259 4
6 1089760051288 4
6 1089760051289 4
6 1089760051318 4
6 1089760051319 4
6 1089760051348 4
6 1089760051349 4
6 1089760051378 4
6 1089760051379 4
6 1089760051384 4
6 1089760051385 4
6 1089760051392 4
6 1089760051393 4
6 1089760051410 4
6 1089760051411 4
6 1089760051472 4
6 1089760051473 4
6 1089760051506 4
6 1089760051507 4
6 1089760051510 4
6 1089760051511 4
6 1089760051598 4
6 1089760051599 4
6 1089760051604 4
6 1089760051605 4
6 1089760051618 4
6 1089760051619 4
6 1089760051636 4
6 1089760051637 4
6 1089760051650 4
6 1089760051651 4
6 1089760051658 4
6 1089760051659 4
6 1089760051712 78
6 1089760051713 92
6 1089760051714 167
6 1089760051715 34
6 1089760051716 70
6 1089760051717 18
6 1089760051718 324
6 1089760051719 25
6 1089760051720 15
6 1089760051721 17
6 1089760051722 23
6 1089760051723 46
6 1089760051724 29
6 1089760051725 21
6 1089760051726 76
6 1089760051727 99
6 1089760051728 64
6 1089760051729 17
6 1089760051730 71
6 1089760051731 69
6 1089760051732 17
6 1089760051733 40
6 1089760051734 25
6 1089760051735 22
6 1089760051736 25
6 1089760051737 14
6 1089760051738 34
6 1089760051739 13
6 1089760051740 94
6 1089760051741 40
6 1089760051742 11
6 1089760051743 19
6 1089760051744 244
6 1089760051745 144
6 1089760051746 13
6 1089760051747 29
6 1089760051748 36
6 1089760051749 16
6 1089760051750 120
6 1089760051751 15
6 1089760051752 462
6 1089760051753 22
6 1089760051754 467
6 1089760051755 13
6 1089760051756 306
6 1089760051757 42
6 1089760051758 28
6 1089760051759 113
6 1089760051760 31
6 1089760051761 23
6 1089760051762 42
6 1089760051763 97
6 1089760051764 118
6 1089760051765 25
6 1089760051766 20
6 1089760051767 87
6 1089760051768 385
6 1089760051769 10
6 1089760051770 267
6 1089760051771 19
6 1089760051772 44
6 1089760051773 18
6 1089760051774 33
6 1089760051775 27
6 1089760051776 103
6 1089760051777 37
6 1089760051778 19
6 1089760051779 95
6 1089760051780 28
6 1089760051781 17
6 1089760051782 84
6 1089760051783 27
6 1089760051784 21
6 1089760051785 22
6 1089760051786 46
6 1089760051787 11
6 1089760051788 20
6 1089760051789 22
6 1089760051790 18
6 1089760051791 275
6 1089760051792 78
6 1089760051793 130
6 1089760051794 259
6 1089760051795 22
6 1089760051796 86
6 1089760051797 35
6 1089760051798 16
6 1089760051799 18
6 1089760051800 49
6 1089760051801 127
6 1089760051802 12
6 1089760051803 39
6 1089760051804 25
6 1089760051805 196
6 1089760051806 22
6 1089760051807 73
6 1089760051808 199
6 1089760051809 22
6 1089760051810 11
6 1089760051811 14
6 1089760051812 93
6 1089760051813 38
6 1089760051814 16
6 1089760051815 93
6 1089760051816 17
6 1089760051817 18
6 1089760051818 153
6 1089760051819 22
6 1089760051820 48
6 1089760051821 32
6 1089760051822 23
6 1089760051823 267
6 1089760051824 458
6 1089760051825 21
6 1089760051826 47
6 1089760051827 21
6 1089760051828 41
6 1089760051829 25
6 1089760051830 25
6 1089760051831 49
6 1089760051832 255
6 1089760051833 87
6 1089760051834 36
6 1089760051835 18
6 1089760051836 26
6 1089760051837 31
6 1089760051838 21
6 1089760051839 37
6 1089760051840 33
6 1089760051841 102
6 1089760051842 242
6 1089760051843 18
6 1089760051844 26
6 1089760051845 19
6 1089760051846 171
6 1089760051847 329
6 1089760051848 74
6 1089760051849 24
6 1089760051850 20
6 1089760051851 15
6 1089760051852 46
6 1089760051853 16
6 1089760051854 18
6 1089760051855 27
6 1089760051856 28
6 1089760051857 22
6 1089760051858 19
6 1089760051859 12
6 1089760051860 31
6 1089760051861 16
6 1089760051862 31
6 1089760051863 22
6 1089760051864 1058
6 1089760051865 32
6 1089760051866 2059
6 1089760051867 41
6 1089760051868 15
6 1089760051869 12
6 1089760051870 19
6 1089760051871 17
6 1089760051872 18
6 1089760051873 26
6 1089760051874 31
6 1089760051875 18
6 1089760051876 20
6 1089760051877 17
6 1089760051878 14
6 1089760051879 243
6 1089760051880 23
6 1089760051881 97
6 1089760051882 17
6 1089760051883 18
6 1089760051884 162
6 1089760051885 23
6 1089760051886 16
6 1089760051887 89
6 1089760051888 52
6 1089760051889 23
6 1089760051890 108
6 1089760051891 101
6 1089760051892 284
6 1089760051893 208
6 1089760051894 604
6 1089760051895 29
6 1089760051896 2482
6 1089760051897 19
6 1089760051898 145
6 1089760051899 110
6 1089760051900 20
6 1089760051901 15
6 1089760051902 22
6 1089760051903 21
6 1089760051904 26
6 1089760051905 22
6 1089760051906 28
6 1089760051907 189
6 1089760051908 11
6 1089760051909 15
6 1089760051910 20
6 1089760051911 142
6 1089760051912 18
6 1089760051913 28
6 1089760051914 129
6 1089760051915 107
6 1089760051916 29
6 1089760051917 32
6 1089760051918 836
6 1089760051919 17
6 1089760051920 429
6 1089760051921 122
6 1089760051922 139
6 1089760051923 90
6 1089760051924 111
6 1089760051925 220
6 1089760051926 177
6 1089760051927 15
6 1089760051928 21
6 1089760051929 192
6 1089760051930 18
6 1089760051931 20
6 1089760051932 20
6 1089760051933 28
6 1089760051934 94
6 1089760051935 15
6 1089760051936 15
6 1089760051937 21
6 1089760051938 22
6 1089760051939 27
6 1089760051940 23
6 1089760051941 34
6 1089760051942 358
6 1089760051943 233
6 1089760051944 32
6 1089760051945 25
6 1089760051946 21
6 1089760051947 74
6 1089760051948 176
6 1089760051949 170
6 1089760051950 13
6 1089760051951 25
6 1089760051952 244
6 1089760051953 14
6 1089760051954 158
6 1089760051955 915
6 1089760051956 435
6 1089760051957 213
6 1089760051958 138
6 1089760051959 27
6 1089760051960 22
6 1089760051961 226
6 1089760051962 91
6 1089760051963 20
6 1089760051964 387
6 1089760051965 345
6 1089760051966 28
6 1089760051967 41
6 1089760051968 23
6 1089760051969 20
6 1089760051970 19
6 1089760051971 23
6 1089760051972 29
6 1089760051973 19
6 1089760051974 22
6 1089760051975 25
6 1089760051976 18
6 1089760051977 46
6 1089760051978 21
6 1089760051979 23
6 1089760051980 27
6 1089760051981 26
6 1089760051982 205
6 1089760051983 21
6 1089760051984 15
6 1089760051985 37
6 1089760051986 13
6 1089760051987 29
6 1089760051988 26
6 1089760051989 57
6 1089760051990 33
6 1089760051991 262
6 1089760051992 23
6 1089760051993 166
6 1089760051994 606
6 1089760051995 19
6 1089760051996 25
6 1089760051997 178
6 1089760051998 44
6 1089760051999 22
6 1089760052000 617
6 1089760052001 25
6 1089760052002 24
6 1089760052003 32
6 1089760052004 18
6 1089760052005 210
6 1089760052006 292
6 1089760052007 183
6 1089760052008 91
6 1089760052009 17
6 1089760052010 23
6 1089760052011 26
6 1089760052012 12
6 1089760052013 15
6 1089760052014 98
6 1089760052015 22
6 1089760052016 252
6 1089760052017 32
6 1089760052018 32
6 1089760052019 21
6 1089760052020 25
6 1089760052021 181
6 1089760052022 415
6 1089760052023 17
6 1089760052024 27
6 1089760052025 88
6 1089760052026 41
6 1089760052027 152
6 1089760052028 31
6 1089760052029 36
6 1089760052030 72
6 1089760052031 46
6 1089760052032 59
6 1089760052033 142
6 1089760052034 637
6 1089760052035 18
6 1089760052036 20
6 1089760052037 148
6 1089760052038 13
6 1089760052039 48
6 1089760052040 229
6 1089760052041 468
6 1089760052042 18
6 1089760052043 15
6 1089760052044 15
6 1089760052045 27
6 1089760052046 265
6 1089760052047 18
6 1089760052048 246
6 1089760052049 20
6 1089760052050 35
6 1089760052051 227
6 1089760052052 18
6 1089760052053 30
6 1089760052054 13
6 1089760052055 23
6 1089760052056 16
6 1089760052057 48
6 1089760052058 60
6 1089760052059 42
6 1089760052060 752
6 1089760052061 19
6 1089760052062 15
6 1089760052063 25
6 1089760052064 63
6 1089760052065 17
6 1089760052066 14
6 1089760052067 157
6 1089760052068 20
6 1089760052069 22
6 1089760052070 25
6 1089760052071 25
6 1089760052072 320
6 1089760052073 144
6 1089760052074 18
6 1089760052075 41
6 1089760052076 73
6 1089760052077 18
6 1089760052078 15
6 1089760052079 450
6 1089760052080 30
6 1089760052081 20
6 1089760052082 26
6 1089760052083 18
6 1089760052084 11
6 1089760052085 46
6 1089760052086 245
6 1089760052087 12
6 1089760052088 76
6 1089760052089 59
6 1089760052090 14
6 1089760052091 171
6 1089760052092 155
6 1089760052093 20
6 1089760052094 27
6 1089760052095 13
6 1089760052096 130
6 1089760052097 923
6 1089760052098 30
6 1089760052099 417
6 1089760052100 28
6 1089760052101 12
6 1089760052102 40
6 1089760052103 20
6 1089760052104 25
6 1089760052105 45
6 1089760052106 88
6 1089760052107 100
6 1089760052108 13
6 1089760052109 23
6 1089760052110 88
6 1089760052111 143
6 1089760052112 169
6 1089760052113 17
6 1089760052114 16
6 1089760052115 20
6 1089760052116 25
6 1089760052117 122
6 1089760052118 140
6 1089760052119 23
6 1089760052120 194
6 1089760052121 76
6 1089760052122 38
6 1089760052123 243
6 1089760052124 18
6 1089760052125 13
6 1089760052126 142
6 1089760052127 22
6 1089760052128 37
6 1089760052129 37
6 1089760052130 19
6 1089760052131 19
6 1089760052132 16
6 1089760052133 143
6 1089760052134 17
6 1089760052135 20
6 1089760052136 29
6 1089760052137 165
6 1089760052138 189
6 1089760052139 20
6 1089760052140 76
6 1089760052141 77
6 1089760052142 12
6 1089760052143 45
6 1089760052144 15
6 1089760052145 38
6 1089760052146 23
6 1089760052147 34
6 1089760052148 235
6 1089760052149 22
6 1089760052150 24
6 1089760052151 28
6 1089760052152 20
6 1089760052153 221
6 1089760052154 24
6 1089760052155 43
6 1089760052156 148
6 1089760052157 24
6 1089760052158 27
6 1089760052159 30
6 1089760052160 17
6 1089760052161 403
6 1089760052162 118
6 1089760052163 22
6 1089760052164 292
6 1089760052165 127
6 1089760052166 113
6 1089760052167 23
6 1089760052168 19
6 1089760052169 21
6 1089760052170 71
6 1089760052171 29
6 1089760052172 45
6 1089760052173 555
6 1089760052174 47
6 1089760052175 207
6 1089760052176 18
6 1089760052177 88
6 1089760052178 19
6 1089760052179 26
6 1089760052180 292
6 1089760052181 29
6 1089760052182 19
6 1089760052183 33
6 1089760052184 19
6 1089760052185 33
6 1089760052186 53
6 1089760052187 58
6 1089760052188 19
6 1089760052189 21
6 1089760052190 312
6 1089760052191 16
6 1089760052192 22
6 1089760052193 49
6 1089760052194 24
6 1089760052195 186
6 1089760052196 17
6 1089760052197 27
6 1089760052198 26
6 1089760052199 18
6 1089760052200 19
6 1089760052201 25
6 1089760052202 45
6 1089760052203 223
6 1089760052204 26
6 1089760052205 33
6 1089760052206 197
6 1089760052207 30
6 1089760052208 121
6 1089760052209 29
6 1089760052210 15
6 1089760052211 41
6 1089760052212 111
6 1089760052213 23
6 1089760052214 159
6 1089760052215 27
6 1089760052216 281
6 1089760052217 28
6 1089760052218 31
6 1089760052219 173
6 1089760052220 22
6 1089760052221 51
6 1089760052222 26
6 1089760052223 27
6 1089760052336 24
6 1089760052337 27
6 1089760052338 62
6 1089760052339 37
6 1089760052340 388
6 1089760052341 22
6 1089760052342 361
6 1089760052343 113
6 1089760052456 103
6 1089760052457 132
6 1089760052458 53
6 1089760052459 18
6 1089760052460 293
6 1089760052461 204
6 1089760052462 334
6 1089760052463 28
6 1089760052576 306
6 1089760052577 39
6 1089760052578 25
6 1089760052579 20
6 1089760052580 28
6 1089760052581 25
6 1089760052582 16
6 1089760052583 18
6 1089760052696 231
6 1089760052697 13
6 1089760052698 27
6 1089760052699 258
6 1089760052700 33
6 1089760052701 51
6 1089760052702 36
6 1089760052703 25
6 1089760052816 35
6 1089760052817 165
6 1089760052818 122
6 1089760052819 11
6 1089760052820 24
6 1089760052821 227
6 1089760052822 23
6 1089760052823 153
6 1089760052936 25
6 1089760052937 267
6 1089760052938 19
6 1089760052939 49
6 1089760052940 116
6 1089760052941 19
6 1089760052942 6
6 1089760052943 82
6 1089760052960 13
6 1089760052961 15
6 1089760052962 249
6 1089760052963 20
6 1089760052964 392
6 1089760052965 16
6 1089760052966 30
6 1089760052967 64
6 1089760052992 21
6 1089760052993 26
6 1089760052994 37
6 1089760052995 20
6 1089760052996 23
6 1089760052997 26
6 1089760052998 67
6 1089760052999 34
6 1089760053064 147
6 1089760053065 30
6 1089760053066 23
6 1089760053067 25
6 1089760053068 25
6 1089760053069 388
6 1089760053070 108
6 1089760053071 28
6 1089760053312 32
6 1089760053313 22
6 1089760053314 21
6 1089760053315 27
6 1089760053316 32
6 1089760053317 25
6 1089760053318 26
6 1089760053319 14
6 1089760053448 21
6 1089760053449 146
6 1089760053450 88
6 1089760053451 6
6 1089760053452 111
6 1089760053453 22
6 1089760053454 15
6 1089760053455 190
6 1089760053464 20
6 1089760053465 16
6 1089760053466 18
6 1089760053467 10
6 1089760053468 35
6 1089760053469 384
6 1089760053470 21
6 1089760053471 21
6 1089760053816 32
6 1089760053817 25
6 1089760053818 31
6 1089760053819 44
6 1089760053820 511
6 1089760053821 101
6 1089760053822 33
6 1089760053823 106
6 1089760053840 41
6 1089760053841 195
6 1089760053842 94
6 1089760053843 37
6 1089760053844 104
6 1089760053845 72
6 1089760053846 38
6 1089760053847 23
6 1089760053896 35
6 1089760053897 37
6 1089760053898 854
6 1089760053899 27
6 1089760053900 27
6 1089760053901 96
6 1089760053902 32
6 1089760053903 31
6 1089760053968 35
6 1089760053969 83
6 1089760053970 34
6 1089760053971 598
6 1089760053972 120
6 1089760053973 148
6 1089760053974 30
6 1089760053975 36
6 1089760054024 225
6 1089760054025 27
6 1089760054026 33
6 1089760054027 139
6 1089760054028 100
6 1089760054029 32
6 1089760054030 28
6 1089760054031 30
6 1089760054056 201
6 1089760054057 25
6 1089760054058 33
6 1089760054059 194
6 1089760054060 205
6 1089760054061 163
6 1089760054062 39
6 1089760054063 113
7 1089760034896 18
7 1089760034897 46
7 1089760034898 53
7 1089760034899 24
7 1089760034900 38
7 1089760034901 44
7 1089760034902 30
7 1089760034903 22
7 1089760034904 24
7 1089760034905 44
7 1089760034906 186
7 1089760034907 24
7 1089760034908 41
7 1089760034909 33
7 1089760034910 44
7 1089760034911 284
7 1089760035136 277
7 1089760035137 103
7 1089760035138 71
7 1089760035139 99
7 1089760035140 20
7 1089760035141 28
7 1089760035142 30
7 1089760035143 619
7 1089760035144 947
7 1089760035145 26
7 1089760035146 97
7 1089760035147 94
7 1089760035148 40
7 1089760035149 22
7 1089760035150 32
7 1089760035151 32
7 1089760035376 162
7 1089760035377 84
7 1089760035378 168
7 1089760035379 22
7 1089760035380 649
7 1089760035381 38
7 1089760035382 20
7 1089760035383 32
7 1089760035384 31
7 1089760035385 19
7 1089760035386 193
7 1089760035387 28
7 1089760035388 70
7 1089760035389 30
7 1089760035390 154
7 1089760035391 690
7 1089760035616 161
7 1089760035617 30
7 1089760035618 306
7 1089760035619 78
7 1089760035620 754
7 1089760035621 26
7 1089760035622 37
7 1089760035623 68
7 1089760035624 281
7 1089760035625 29
7 1089760035626 35
7 1089760035627 56
7 1089760035628 34
7 1089760035629 32
7 1089760035630 20
7 1089760035631 24
7 1089760035856 36
7 1089760035857 22
7 1089760035858 37
7 1089760035859 35
7 1089760035860 136
7 1089760035861 24
7 1089760035862 20
7 1089760035863 41
7 1089760035864 20
7 1089760035865 52
7 1089760035866 48
7 1089760035867 16
7 1089760035868 25
7 1089760035869 92
7 1089760035870 18
7 1089760035871 24
7 1089760036096 54
7 1089760036097 60
7 1089760036098 308
7 1089760036099 154
7 1089760036100 24
7 1089760036101 47
7 1089760036102 28
7 1089760036103 24
7 1089760036104 85
7 1089760036105 26
7 1089760036106 188
7 1089760036107 32
7 1089760036108 306
7 1089760036109 62
7 1089760036110 46
7 1089760036111 470
7 1089760036928 315
7 1089760036929 28
7 1089760036930 55
7 1089760036931 24
7 1089760036932 40
7 1089760036933 95
7 1089760036934 30
7 1089760036935 18
7 1089760036936 26
7 1089760036937 18
7 1089760036938 28
7 1089760036939 24
7 1089760036940 24
7 1089760036941 171
7 1089760036942 24
7 1089760036943 20
7 1089760036976 22
7 1089760036977 76
7 1089760036978 137
7 1089760036979 24
7 1089760036980 10
7 1089760036981 139
7 1089760036982 40
7 1089760036983 16
7 1089760036984 24
7 1089760036985 22
7 1089760036986 14
7 1089760036987 36
7 1089760036988 119
7 1089760036989 32
7 1089760036990 12
7 1089760036991 30
7 1089760037216 186
7 1089760037217 119
7 1089760037218 124
7 1089760037219 22
7 1089760037220 34
7 1089760037221 20
7 1089760037222 30
7 1089760037223 263
7 1089760037224 241
7 1089760037225 488
7 1089760037226 109
7 1089760037227 49
7 1089760037228 28
7 1089760037229 237
7 1089760037230 18
7 1089760037231 34
7 1089760037264 41
7 1089760037265 207
7 1089760037266 26
7 1089760037267 24
7 1089760037268 40
7 1089760037269 48
7 1089760037270 25
7 1089760037271 177
7 1089760037272 110
7 1089760037273 52
7 1089760037274 57
7 1089760037275 73
7 1089760037276 70
7 1089760037277 73
7 1089760037278 30
7 1089760037279 150
7 1089760037488 148
7 1089760037489 16
7 1089760037490 184
7 1089760037491 222
7 1089760037492 49
7 1089760037493 32
7 1089760037494 76
7 1089760037495 24
7 1089760037496 22
7 1089760037497 32
7 1089760037498 39
7 1089760037499 392
7 1089760037500 53
7 1089760037501 342
7 1089760037502 26
7 1089760037503 31
7 1089760037616 44
7 1089760037617 30
7 1089760037618 245
7 1089760037619 24
7 1089760037620 89
7 1089760037621 53
7 1089760037622 138
7 1089760037623 288
7 1089760037624 369
7 1089760037625 153
7 1089760037626 205
7 1089760037627 24
7 1089760037628 28
7 1089760037629 25
7 1089760037630 182
7 1089760037631 26
7 1089760038000 148
7 1089760038001 10
7 1089760038002 203
7 1089760038003 12
7 1089760038004 166
7 1089760038005 2
7 1089760038006 8
7 1089760038007 4
7 1089760038008 6
7 1089760038009 2
7 1089760038010 31
7 1089760038011 16
7 1089760038012 158
7 1089760038013 12
7 1089760038014 10
7 1089760038015 12
7 1089760038240 21
7 1089760038241 8
7 1089760038242 6
7 1089760038243 6
7 1089760038244 12
7 1089760038245 10
7 1089760038246 6
7 1089760038247 12
7 1089760038248 14
7 1089760038249 12
7 1089760038250 6
7 1089760038251 10
7 1089760038252 8
7 1089760038253 10
7 1089760038254 26
7 1089760038255 10
7 1089760038512 96
7 1089760038513 63
7 1089760038514 16
7 1089760038515 13
7 1089760038516 131
7 1089760038518 2
7 1089760038519 12
7 1089760038520 4
7 1089760038521 10
7 1089760038522 8
7 1089760038523 6
7 1089760038524 12
7 1089760038525 2
7 1089760038526 6
7 1089760038527 10
7 1089760038624 6
7 1089760038625 12
7 1089760038626 8
7 1089760038627 310
7 1089760038628 8
7 1089760038629 14
7 1089760038630 144
7 1089760038631 14
7 1089760038632 168
7 1089760038633 14
7 1089760038634 8
7 1089760038635 6
7 1089760038636 22
7 1089760038637 6
7 1089760038638 193
7 1089760038639 12
7 1089760039150 190
7 1089760039151 32
7 1089760039152 194
7 1089760039153 14
7 1089760039154 29
7 1089760039155 20
7 1089760039156 569
7 1089760039157 15
7 1089760039158 21
7 1089760039159 24
7 1089760039160 26
7 1089760039161 45
7 1089760039162 572
7 1089760039163 12
7 1089760039164 17
7 1089760039165 151
7 1089760039166 282
7 1089760039167 144
7 1089760039168 654
7 1089760039169 47
7 1089760039170 25
7 1089760039171 10
7 1089760039172 6
7 1089760039173 124
7 1089760039174 356
7 1089760039175 46
7 1089760039176 17
7 1089760039177 20
7 1089760039178 22
7 1089760039179 23
7 1089760039180 21
7 1089760039181 15
7 1089760039182 43
7 1089760039183 26
7 1089760039184 23
7 1089760039185 294
7 1089760039186 321
7 1089760039187 60
7 1089760039188 53
7 1089760039189 20
7 1089760039190 158
7 1089760039191 44
7 1089760039192 39
7 1089760039193 31
7 1089760039194 21
7 1089760039195 37
7 1089760039196 18
7 1089760039197 14
7 1089760039871 326
7 1089760039872 96
7 1089760039873 25
7 1089760039874 12
7 1089760039875 42
7 1089760039876 26
7 1089760039878 37
7 1089760039879 69
7 1089760039880 21
7 1089760039881 29
7 1089760039882 252
7 1089760039883 35
7 1089760039884 26
7 1089760039885 24
7 1089760039886 12
7 1089760039887 33
7 1089760039888 122
7 1089760039889 26
7 1089760039890 23
7 1089760039891 2
7 1089760039892 240
7 1089760039893 30
7 1089760039894 88
7 1089760039895 46
7 1089760039896 94
7 1089760039897 204
7 1089760039898 64
7 1089760039899 29
7 1089760039900 269
7 1089760039901 6
7 1089760039902 51
7 1089760039903 53
7 1089760039904 353
7 1089760039905 8
7 1089760039906 146
7 1089760039907 74
7 1089760039908 205
7 1089760039909 98
7 1089760039910 215
7 1089760039911 10
7 1089760039912 10
7 1089760039913 259
7 1089760039914 17
7 1089760039915 11
7 1089760039916 611
7 1089760039917 61
7 1089760039918 85
7 1089760039919 31
7 1089760039920 10
7 1089760040586 10
7 1089760040587 21
7 1089760040588 38
7 1089760040589 25
7 1089760040590 21
7 1089760040591 45
7 1089760040592 22
7 1089760040593 168
7 1089760040594 145
7 1089760040595 103
7 1089760040596 14
7 1089760040597 39
7 1089760040598 202
7 1089760040599 234
7 1089760040600 194
7 1089760040601 167
7 1089760040602 108
7 1089760040603 76
7 1089760040604 21
7 1089760040605 12
7 1089760040606 15
7 1089760040607 144
7 1089760040608 13
7 1089760040609 125
7 1089760040610 18
7 1089760040611 26
7 1089760040612 190
7 1089760040613 24
7 1089760040614 53
7 1089760040615 78
7 1089760040616 12
7 1089760040617 247
7 1089760040618 152
7 1089760040619 14
7 1089760040620 343
7 1089760040621 310
7 1089760040622 89
7 1089760040623 41
7 1089760040624 241
7 1089760040625 240
7 1089760040626 125
7 1089760040627 48
7 1089760040628 11
7 1089760040629 24
7 1089760040630 156
7 1089760040631 24
7 1089760040632 11
7 1089760041293 4
7 1089760041294 21
7 1089760041295 159
7 1089760041296 212
7 1089760041297 19
7 1089760041298 800
7 1089760041299 12
7 1089760041300 55
7 1089760041301 189
7 1089760041302 244
7 1089760041303 173
7 1089760041304 26
7 1089760041305 196
7 1089760041306 5
7 1089760041307 217
7 1089760041308 46
7 1089760041309 86
7 1089760041310 14
7 1089760041311 219
7 1089760041312 237
7 1089760041313 86
7 1089760041314 13
7 1089760041315 18
7 1089760041316 14
7 1089760041317 31
7 1089760041318 55
7 1089760041319 21
7 1089760041320 6
7 1089760041321 20
7 1089760041322 16
7 1089760041323 37
7 1089760041324 10
7 1089760041325 38
7 1089760041326 6
7 1089760041327 49
7 1089760041328 120
7 1089760041329 156
7 1089760041330 238
7 1089760041331 105
7 1089760041332 750
7 1089760041333 32
7 1089760041334 51
7 1089760041335 60
7 1089760041336 12
7 1089760041337 129
7 1089760041338 29
7 1089760041339 35
7 1089760041340 65
7 1089760041341 2
7 1089760042023 14
7 1089760042024 7
7 1089760042025 14
7 1089760042026 17
7 1089760042027 96
7 1089760042028 21
7 1089760042029 166
7 1089760042030 5
7 1089760042031 52
7 1089760042032 13
7 1089760042033 19
7 1089760042034 12
7 1089760042035 24
7 1089760042036 22
7 1089760042037 65
7 1089760042038 346
7 1089760042039 51
7 1089760042040 1
7 1089760042041 41
7 1089760042042 506
7 1089760042043 30
7 1089760042044 49
7 1089760042045 14
7 1089760042046 32
7 1089760042047 23
7 1089760042048 26
7 1089760042049 39
7 1089760042050 121
7 1089760042051 273
7 1089760042052 105
7 1089760042053 19
7 1089760042054 26
7 1089760042055 25
7 1089760042056 15
7 1089760042057 24
7 1089760042058 33
7 1089760042059 163
7 1089760042060 19
7 1089760042061 10
7 1089760042062 90
7 1089760042063 22
7 1089760042064 294
7 1089760042065 196
7 1089760042066 13
7 1089760042067 103
7 1089760042068 6
7 1089760042069 14
7 1089760042070 13
7 1089760042071 90
7 1089760042072 6
7 1089760042751 38
7 1089760042752 27
7 1089760042753 390
7 1089760042754 864
7 1089760042755 18
7 1089760042756 290
7 1089760042757 369
7 1089760042758 7
7 1089760042759 8
7 1089760042760 16
7 1089760042761 465
7 1089760042762 29
7 1089760042763 55
7 1089760042764 136
7 1089760042765 85
7 1089760042766 56
7 1089760042767 88
7 1089760042768 20
7 1089760042769 6
7 1089760042770 22
7 1089760042771 40
7 1089760042772 169
7 1089760042773 11
7 1089760042774 88
7 1089760042775 27
7 1089760042776 24
7 1089760042777 28
7 1089760042778 24
7 1089760042779 48
7 1089760042780 128
7 1089760042781 28
7 1089760042782 55
7 1089760042783 19
7 1089760042784 13
7 1089760042785 16
7 1089760042786 576
7 1089760042787 325
7 1089760042788 91
7 1089760042789 76
7 1089760042790 33
7 1089760042791 142
7 1089760042792 57
7 1089760042793 16
7 1089760042794 22
7 1089760042795 26
7 1089760042796 48
7 1089760042797 87
7 1089760042798 46
7 1089760042799 25
7 1089760045251 9
7 1089760045252 11
7 1089760045253 581
7 1089760045254 128
7 1089760045255 14
7 1089760045256 18
7 1089760045257 14
7 1089760045258 259
7 1089760045259 19
7 1089760045260 16
7 1089760045261 140
7 1089760045262 27
7 1089760045263 31
7 1089760045264 54
7 1089760045265 32
7 1089760045266 103
7 1089760045267 39
7 1089760045268 42
7 1089760045269 313
7 1089760045270 337
7 1089760045271 301
7 1089760045272 19
7 1089760045273 10
7 1089760045274 35
7 1089760045275 108
7 1089760045276 85
7 1089760045277 33
7 1089760045278 134
7 1089760045279 10
7 1089760045280 8
7 1089760045281 13
7 1089760045282 17
7 1089760045283 28
7 1089760045284 18
7 1089760045285 12
7 1089760045286 12
7 1089760045287 27
7 1089760045288 166
7 1089760045289 161
7 1089760045290 72
7 1089760045291 275
7 1089760045292 204
7 1089760045293 20
7 1089760045294 44
7 1089760045295 52
7 1089760045296 26
7 1089760045297 19
7 1089760045298 14
7 1089760045396 147
7 1089760045397 12
7 1089760045398 118
7 1089760045399 676
7 1089760045400 20
7 1089760045401 21
7 1089760045402 30
7 1089760045403 18
7 1089760045404 57
7 1089760045405 133
7 1089760045406 225
7 1089760045407 170
7 1089760045408 598
7 1089760045409 18
7 1089760045410 9
7 1089760045411 98
7 1089760045412 201
7 1089760045413 38
7 1089760045414 20
7 1089760045415 151
7 1089760045416 60
7 1089760045417 14
7 1089760045418 89
7 1089760045419 325
7 1089760045420 23
7 1089760045421 54
7 1089760045422 66
7 1089760045423 45
7 1089760045424 22
7 1089760045426 5
7 1089760045427 37
7 1089760045428 20
7 1089760045429 61
7 1089760045430 17
7 1089760045431 285
7 1089760045432 145
7 1089760045433 591
7 1089760045434 416
7 1089760045435 17
7 1089760045436 16
7 1089760045437 5
7 1089760045438 10
7 1089760045439 6
7 1089760045440 162
7 1089760045441 16
7 1089760046116 577
7 1089760046117 158
7 1089760046118 11
7 1089760046119 322
7 1089760046120 168
7 1089760046121 149
7 1089760046122 193
7 1089760046123 37
7 1089760046124 35
7 1089760046125 23
7 1089760046126 132
7 1089760046127 9
7 1089760046128 633
7 1089760046129 327
7 1089760046130 50
7 1089760046131 272
7 1089760046132 20
7 1089760046133 14
7 1089760046134 61
7 1089760046135 23
7 1089760046136 149
7 1089760046137 10
7 1089760046138 72
7 1089760046139 14
7 1089760046140 101
7 1089760046141 110
7 1089760046142 239
7 1089760046143 23
7 1089760046144 566
7 1089760046145 16
7 1089760046146 62
7 1089760046147 21
7 1089760046148 61
7 1089760046149 24
7 1089760046150 18
7 1089760046151 19
7 1089760046152 17
7 1089760046153 20
7 1089760046154 17
7 1089760046155 26
7 1089760046156 15
7 1089760046157 530
7 1089760046158 104
7 1089760046159 103
7 1089760046160 27
7 1089760046161 12
7 1089760046162 103
7 1089760046260 12
7 1089760046261 181
7 1089760046262 23
7 1089760046263 12
7 1089760046264 183
7 1089760046265 104
7 1089760046266 17
7 1089760046267 13
7 1089760046268 574
7 1089760046269 110
7 1089760046270 21
7 1089760046271 36
7 1089760046272 253
7 1089760046273 17
7 1089760046274 134
7 1089760046275 20
7 1089760046276 13
7 1089760046277 29
7 1089760046278 249
7 1089760046279 42
7 1089760046280 85
7 1089760046281 20
7 1089760046282 100
7 1089760046283 72
7 1089760046284 169
7 1089760046285 7
7 1089760046286 18
7 1089760046287 30
7 1089760046288 96
7 1089760046289 15
7 1089760046290 22
7 1089760046291 85
7 1089760046292 24
7 1089760046293 32
7 1089760046294 62
7 1089760046295 30
7 1089760046296 98
7 1089760046297 62
7 1089760046298 74
7 1089760046299 53
7 1089760046300 91
7 1089760046301 34
7 1089760046302 199
7 1089760046303 13
7 1089760046304 8
7 1089760046305 11
7 1089760046306 60
7 1089760046307 15
7 1089760046308 141
7 1089760046934 10
7 1089760046935 29
7 1089760046936 13
7 1089760046937 17
7 1089760046938 8
7 1089760046939 21
7 1089760046940 261
7 1089760046941 15
7 1089760046942 198
7 1089760046943 323
7 1089760046944 77
7 1089760046945 169
7 1089760046946 30
7 1089760046947 12
7 1089760046948 19
7 1089760046949 18
7 1089760046950 19
7 1089760046951 45
7 1089760046952 21
7 1089760046953 24
7 1089760046954 12
7 1089760046955 17
7 1089760046956 122
7 1089760046957 371
7 1089760046958 12
7 1089760046959 61
7 1089760046960 261
7 1089760046961 607
7 1089760046962 19
7 1089760046963 20
7 1089760046964 22
7 1089760046965 148
7 1089760046966 29
7 1089760046967 25
7 1089760046968 104
7 1089760046969 24
7 1089760046970 151
7 1089760046971 99
7 1089760046972 37
7 1089760046973 16
7 1089760046974 45
7 1089760046975 112
7 1089760046976 130
7 1089760046977 288
7 1089760046978 153
7 1089760046979 340
7 1089760046980 65
7 1089760046981 121
7 1089760046982 10
7 1089760047319 203
7 1089760047320 51
7 1089760047321 168
7 1089760047322 128
7 1089760047323 183
7 1089760047324 258
7 1089760047325 132
7 1089760047326 25
7 1089760047327 108
7 1089760047328 21
7 1089760047329 212
7 1089760047330 27
7 1089760047331 156
7 1089760047332 174
7 1089760047333 5
7 1089760047334 13
7 1089760047335 148
7 1089760047336 24
7 1089760047337 9
7 1089760047338 95
7 1089760047339 33
7 1089760047340 26
7 1089760047341 195
7 1089760047342 94
7 1089760047343 22
7 1089760047344 17
7 1089760047346 28
7 1089760047347 183
7 1089760047348 9
7 1089760047349 16
7 1089760047350 27
7 1089760047351 12
7 1089760047352 5
7 1089760047353 97
7 1089760047354 17
7 1089760047355 13
7 1089760047356 20
7 1089760047357 151
7 1089760047358 47
7 1089760047359 21
7 1089760047360 9
7 1089760047361 8
7 1089760047362 23
7 1089760047363 114
7 1089760047364 19
7 1089760047365 19
7 1089760047366 20
7 1089760047367 454
7 1089760047368 9
7 1089760048469 3
7 1089760048470 27
7 1089760048471 16
7 1089760048472 41
7 1089760048473 8
7 1089760048474 11
7 1089760048476 20
7 1089760048477 2
7 1089760048478 24
7 1089760048479 13
7 1089760048480 13
7 1089760048481 11
7 1089760048482 41
7 1089760048484 67
7 1089760048487 33
7 1089760048488 2
7 1089760048489 6
7 1089760048490 16
7 1089760048491 14
7 1089760048492 2
7 1089760048494 3
7 1089760048495 6
7 1089760048496 1
7 1089760048498 4
7 1089760048499 35
7 1089760048500 36
7 1089760048501 1
7 1089760048502 7
7 1089760048503 2240
7 1089760048504 6
7 1089760048505 6
7 1089760048506 11
7 1089760048507 7
7 1089760048508 7
7 1089760048509 7
7 1089760048510 5
7 1089760048511 12
7 1089760048512 13
7 1089760048513 136
7 1089760048514 16
7 1089760048515 12
7 1089760048516 9
7 1089760049187 1
7 1089760049188 8
7 1089760049189 7
7 1089760049190 1
7 1089760049191 6
7 1089760049192 7
7 1089760049193 308
7 1089760049195 8
7 1089760049196 7
7 1089760049197 4
7 1089760049198 14
7 1089760049200 5
7 1089760049201 75
7 1089760049202 11
7 1089760049203 136
7 1089760049204 30
7 1089760049205 4
7 1089760049207 10
7 1089760049209 6
7 1089760049210 113
7 1089760049211 19
7 1089760049212 5
7 1089760049213 1
7 1089760049214 4
7 1089760049215 8
7 1089760049216 15
7 1089760049217 10
7 1089760049218 3
7 1089760049219 6
7 1089760049220 145
7 1089760049221 101
7 1089760049222 1389
7 1089760049223 21
7 1089760049224 5
7 1089760049225 21
7 1089760049226 23
7 1089760049227 6
7 1089760049228 10
7 1089760049229 11
7 1089760049230 4
7 1089760049231 67
7 1089760049232 13
7 1089760049233 6
7 1089760049234 4
7 1089760049235 2
7 1089760050007 20
7 1089760050009 9
7 1089760050010 106
7 1089760050011 10
7 1089760050012 13
7 1089760050013 5
7 1089760050014 13
7 1089760050015 12
7 1089760050017 11
7 1089760050018 12
7 1089760050019 98
7 1089760050020 651
7 1089760050022 7
7 1089760050026 4
7 1089760050028 15
7 1089760050029 107
7 1089760050030 6
7 1089760050033 68
7 1089760050034 6
7 1089760050035 9
7 1089760050036 4
7 1089760050037 5
7 1089760050038 10
7 1089760050041 147
7 1089760050042 377
7 1089760050043 3
7 1089760050044 164
7 1089760050045 4
7 1089760050047 4
7 1089760050050 8
7 1089760050051 12
7 1089760050053 8
7 1089760050054 7
7 1089760050343 14
7 1089760050346 4
7 1089760050347 6
7 1089760050348 5
7 1089760050349 83
7 1089760050351 10
7 1089760050352 8
7 1089760050353 8
7 1089760050354 7
7 1089760050355 8
7 1089760050356 216
7 1089760050357 11
7 1089760050358 10
7 1089760050360 5
7 1089760050362 4
7 1089760050363 5
7 1089760050364 75
7 1089760050365 5
7 1089760050366 20
7 1089760050367 257
7 1089760050368 5
7 1089760050369 9
7 1089760050370 9
7 1089760050371 6
7 1089760050372 7
7 1089760050373 9
7 1089760050374 18
7 1089760050375 4
7 1089760050376 21
7 1089760050377 100
7 1089760050378 16
7 1089760050379 10
7 1089760050380 2
7 1089760050382 14
7 1089760050383 2
7 1089760050384 7
7 1089760050385 134
7 1089760050386 11
7 1089760050387 7
7 1089760050388 6
7 1089760050389 9
7 1089760050390 7
7 1089760051210 4
7 1089760051211 4
7 1089760051240 4
7 1089760051241 4
7 1089760051270 4
7 1089760051271 4
7 1089760051300 4
7 1089760051301 4
7 1089760051330 4
7 1089760051331 4
7 1089760051360 4
7 1089760051361 4
7 1089760051464 4
7 1089760051465 4
7 1089760051470 4
7 1089760051471 4
7 1089760051500 285
7 1089760051501 4
7 1089760051506 4
7 1089760051507 4
7 1089760051534 4
7 1089760051535 26
7 1089760051550 4
7 1089760051551 119
7 1089760051598 4
7 1089760051599 4
7 1089760051628 4
7 1089760051629 4
7 1089760051662 4
7 1089760051663 4
7 1089760051676 4
7 1089760051677 4
7 1089760051712 967
7 1089760051713 84
7 1089760051714 134
7 1089760051715 84
7 1089760051716 532
7 1089760051717 149
7 1089760051718 177
7 1089760051719 30
7 1089760051720 174
7 1089760051721 44
7 1089760051722 146
7 1089760051723 116
7 1089760051724 37
7 1089760051725 45
7 1089760051726 29
7 1089760051727 360
7 1089760051728 297
7 1089760051729 24
7 1089760051730 56
7 1089760051731 59
7 1089760051732 186
7 1089760051733 159
7 1089760051734 179
7 1089760051735 37
7 1089760051736 567
7 1089760051737 156
7 1089760051738 73
7 1089760051739 165
7 1089760051740 21
7 1089760051741 81
7 1089760051742 273
7 1089760051743 40
7 1089760051744 44
7 1089760051745 54
7 1089760051746 635
7 1089760051747 763
7 1089760051748 309
7 1089760051749 102
7 1089760051750 210
7 1089760051751 36
7 1089760051752 356
7 1089760051753 130
7 1089760051754 230
7 1089760051755 137
7 1089760051756 32
7 1089760051757 172
7 1089760051758 193
7 1089760051759 40
7 1089760051760 26
7 1089760051761 141
7 1089760051762 173
7 1089760051763 25
7 1089760051764 33
7 1089760051765 28
7 1089760051766 33
7 1089760051767 28
7 1089760051768 119
7 1089760051769 209
7 1089760051770 38
7 1089760051771 29
7 1089760051772 168
7 1089760051773 61
7 1089760051774 130
7 1089760051775 444
7 1089760051776 214
7 1089760051777 65
7 1089760051778 24
7 1089760051779 25
7 1089760051780 224
7 1089760051781 346
7 1089760051782 23
7 1089760051783 27
7 1089760051784 129
7 1089760051785 260
7 1089760051786 32
7 1089760051787 244
7 1089760051788 22
7 1089760051789 37
7 1089760051790 27
7 1089760051791 136
7 1089760051792 27
7 1089760051793 18
7 1089760051794 38
7 1089760051795 74
7 1089760051796 451
7 1089760051797 349
7 1089760051798 38
7 1089760051799 31
7 1089760051800 79
7 1089760051801 50
7 1089760051802 238
7 1089760051803 21
7 1089760051804 318
7 1089760051805 50
7 1089760051806 366
7 1089760051807 232
7 1089760051808 337
7 1089760051809 135
7 1089760051810 35
7 1089760051811 20
7 1089760051812 238
7 1089760051813 211
7 1089760051814 63
7 1089760051815 36
7 1089760051816 161
7 1089760051817 651
7 1089760051818 26
7 1089760051819 94
7 1089760051820 328
7 1089760051821 30
7 1089760051822 319
7 1089760051823 26
7 1089760051824 531
7 1089760051825 23
7 1089760051826 98
7 1089760051827 221
7 1089760051828 1190
7 1089760051829 330
7 1089760051830 161
7 1089760051831 187
7 1089760051832 631
7 1089760051833 183
7 1089760051834 445
7 1089760051835 391
7 1089760051836 58
7 1089760051837 36
7 1089760051838 26
7 1089760051839 123
7 1089760051840 322
7 1089760051841 180
7 1089760051842 102
7 1089760051843 118
7 1089760051844 239
7 1089760051845 28
7 1089760051846 365
7 1089760051847 30
7 1089760051848 24
7 1089760051849 30
7 1089760051850 139
7 1089760051851 53
7 1089760051852 649
7 1089760051853 149
7 1089760051854 526
7 1089760051855 289
7 1089760051856 391
7 1089760051857 84
7 1089760051858 274
7 1089760051859 82
7 1089760051860 51
7 1089760051861 39
7 1089760051862 698
7 1089760051863 25
7 1089760051864 46
7 1089760051865 124
7 1089760051866 78
7 1089760051867 456
7 1089760051868 296
7 1089760051869 814
7 1089760051870 39
7 1089760051871 22
7 1089760051872 25
7 1089760051873 163
7 1089760051874 215
7 1089760051875 358
7 1089760051876 212
7 1089760051877 71
7 1089760051878 31
7 1089760051879 114
7 1089760051880 242
7 1089760051881 138
7 1089760051882 35
7 1089760051883 558
7 1089760051884 144
7 1089760051885 36
7 1089760051886 119
7 1089760051887 436
7 1089760051888 24
7 1089760051889 137
7 1089760051890 113
7 1089760051891 32
7 1089760051892 45
7 1089760051893 119
7 1089760051894 199
7 1089760051895 57
7 1089760051896 715
7 1089760051897 25
7 1089760051898 63
7 1089760051899 26
7 1089760051900 30
7 1089760051901 156
7 1089760051902 78
7 1089760051903 93
7 1089760051904 28
7 1089760051905 22
7 1089760051906 187
7 1089760051907 36
7 1089760051908 29
7 1089760051909 406
7 1089760051910 403
7 1089760051911 34
7 1089760051912 157
7 1089760051913 72
7 1089760051914 205
7 1089760051915 274
7 1089760051916 158
7 1089760051917 32
7 1089760051918 27
7 1089760051919 164
7 1089760051920 25
7 1089760051921 46
7 1089760051922 346
7 1089760051923 38
7 1089760051924 28
7 1089760051925 59
7 1089760051926 311
7 1089760051927 14
7 1089760051928 25
7 1089760051929 47
7 1089760051930 39
7 1089760051931 234
7 1089760051932 398
7 1089760051933 421
7 1089760051934 37
7 1089760051935 24
7 1089760051936 31
7 1089760051937 212
7 1089760051938 370
7 1089760051939 497
7 1089760051940 29
7 1089760051941 151
7 1089760051942 1791
7 1089760051943 28
7 1089760051944 591
7 1089760051945 17
7 1089760051946 100
7 1089760051947 250
7 1089760051948 914
7 1089760051949 850
7 1089760051950 235
7 1089760051951 140
7 1089760051952 168
7 1089760051953 365
7 1089760051954 1557
7 1089760051955 81
7 1089760051956 22
7 1089760051957 632
7 1089760051958 36
7 1089760051959 140
7 1089760051960 23
7 1089760051961 61
7 1089760051962 115
7 1089760051963 29
7 1089760051964 22
7 1089760051965 221
7 1089760051966 217
7 1089760051967 152
7 1089760051968 27
7 1089760051969 162
7 1089760051970 103
7 1089760051971 157
7 1089760051972 188
7 1089760051973 189
7 1089760051974 32
7 1089760051975 35
7 1089760051976 244
7 1089760051977 89
7 1089760051978 156
7 1089760051979 29
7 1089760051980 303
7 1089760051981 49
7 1089760051982 101
7 1089760051983 16
7 1089760051984 26
7 1089760051985 47
7 1089760051986 114
7 1089760051987 253
7 1089760051988 156
7 1089760051989 516
7 1089760051990 20
7 1089760051991 389
7 1089760051992 41
7 1089760051993 400
7 1089760051994 57
7 1089760051995 269
7 1089760051996 61
7 1089760051997 21
7 1089760051998 528
7 1089760051999 36
7 1089760052000 39
7 1089760052001 30
7 1089760052002 80
7 1089760052003 24
7 1089760052004 449
7 1089760052005 36
7 1089760052006 27
7 1089760052007 25
7 1089760052008 41
7 1089760052009 30
7 1089760052010 54
7 1089760052011 177
7 1089760052012 90
7 1089760052013 92
7 1089760052014 37
7 1089760052015 26
7 1089760052016 319
7 1089760052017 35
7 1089760052018 372
7 1089760052019 24
7 1089760052020 24
7 1089760052021 32
7 1089760052022 32
7 1089760052023 39
7 1089760052024 21
7 1089760052025 175
7 1089760052026 37
7 1089760052027 45
7 1089760052028 209
7 1089760052029 31
7 1089760052030 326
7 1089760052031 42
7 1089760052032 44
7 1089760052033 213
7 1089760052034 862
7 1089760052035 26
7 1089760052036 35
7 1089760052037 165
7 1089760052038 20
7 1089760052039 28
7 1089760052040 168
7 1089760052041 31
7 1089760052042 126
7 1089760052043 110
7 1089760052044 56
7 1089760052045 47
7 1089760052046 502
7 1089760052047 249
7 1089760052048 178
7 1089760052049 251
7 1089760052050 31
7 1089760052051 91
7 1089760052052 40
7 1089760052053 26
7 1089760052054 16
7 1089760052055 142
7 1089760052056 45
7 1089760052057 467
7 1089760052058 32
7 1089760052059 273
7 1089760052060 27
7 1089760052061 22
7 1089760052062 18
7 1089760052063 205
7 1089760052064 25
7 1089760052065 38
7 1089760052066 542
7 1089760052067 21
7 1089760052068 143
7 1089760052069 38
7 1089760052070 437
7 1089760052071 56
7 1089760052072 27
7 1089760052073 31
7 1089760052074 33
7 1089760052075 133
7 1089760052076 30
7 1089760052077 28
7 1089760052078 346
7 1089760052079 37
7 1089760052080 88
7 1089760052081 122
7 1089760052082 36
7 1089760052083 194
7 1089760052084 407
7 1089760052085 587
7 1089760052086 28
7 1089760052087 42
7 1089760052088 92
7 1089760052089 34
7 1089760052090 24
7 1089760052091 93
7 1089760052092 32
7 1089760052093 298
7 1089760052094 1147
7 1089760052095 223
7 1089760052096 264
7 1089760052097 144
7 1089760052098 17
7 1089760052099 40
7 1089760052100 94
7 1089760052101 253
7 1089760052102 180
7 1089760052103 197
7 1089760052104 340
7 1089760052105 74
7 1089760052106 358
7 1089760052107 21
7 1089760052108 24
7 1089760052109 714
7 1089760052110 772
7 1089760052111 401
7 1089760052112 32
7 1089760052113 35
7 1089760052114 21
7 1089760052115 170
7 1089760052116 195
7 1089760052117 144
7 1089760052118 62
7 1089760052119 116
7 1089760052120 670
7 1089760052121 44
7 1089760052122 175
7 1089760052123 24
7 1089760052124 95
7 1089760052125 181
7 1089760052126 142
7 1089760052127 24
7 1089760052128 113
7 1089760052129 132
7 1089760052130 79
7 1089760052131 85
7 1089760052132 48
7 1089760052133 177
7 1089760052134 397
7 1089760052135 43
7 1089760052136 221
7 1089760052137 32
7 1089760052138 33
7 1089760052139 281
7 1089760052140 105
7 1089760052141 744
7 1089760052142 195
7 1089760052143 168
7 1089760052144 415
7 1089760052145 31
7 1089760052146 456
7 1089760052147 32
7 1089760052148 267
7 1089760052149 178
7 1089760052150 477
7 1089760052151 32
7 1089760052152 48
7 1089760052153 81
7 1089760052154 163
7 1089760052155 46
7 1089760052156 22
7 1089760052157 196
7 1089760052158 17
7 1089760052159 43
7 1089760052160 62
7 1089760052161 34
7 1089760052162 146
7 1089760052163 644
7 1089760052164 146
7 1089760052165 65
7 1089760052166 96
7 1089760052167 21
7 1089760052168 46
7 1089760052169 278
7 1089760052170 159
7 1089760052171 340
7 1089760052172 167
7 1089760052173 147
7 1089760052174 315
7 1089760052175 28
7 1089760052176 20
7 1089760052177 27
7 1089760052178 32
7 1089760052179 402
7 1089760052180 412
7 1089760052181 302
7 1089760052182 27
7 1089760052183 237
7 1089760052184 48
7 1089760052185 145
7 1089760052186 20
7 1089760052187 65
7 1089760052188 46
7 1089760052189 124
7 1089760052190 66
7 1089760052191 258
7 1089760052192 48
7 1089760052193 465
7 1089760052194 23
7 1089760052195 251
7 1089760052196 464
7 1089760052197 19
7 1089760052198 20
7 1089760052199 75
7 1089760052200 379
7 1089760052201 1051
7 1089760052202 366
7 1089760052203 30
7 1089760052204 99
7 1089760052205 20
7 1089760052206 31
7 1089760052207 133
7 1089760052208 811
7 1089760052209 118
7 1089760052210 176
7 1089760052211 26
7 1089760052212 295
7 1089760052213 35
7 1089760052214 862
7 1089760052215 70
7 1089760052216 16
7 1089760052217 22
7 1089760052218 157
7 1089760052219 33
7 1089760052220 320
7 1089760052221 28
7 1089760052222 75
7 1089760052223 457
7 1089760052264 32
7 1089760052265 368
7 1089760052266 17
7 1089760052267 146
7 1089760052268 56
7 1089760052269 18
7 1089760052270 16
7 1089760052271 22
7 1089760052384 14
7 1089760052385 18
7 1089760052386 129
7 1089760052387 47
7 1089760052388 21
7 1089760052389 33
7 1089760052390 15
7 1089760052391 147
7 1089760052504 17
7 1089760052505 15
7 1089760052506 21
7 1089760052507 10
7 1089760052508 168
7 1089760052509 15
7 1089760052510 18
7 1089760052511 14
7 1089760052624 15
7 1089760052625 197
7 1089760052626 22
7 1089760052627 330
7 1089760052628 201
7 1089760052629 21
7 1089760052630 23
7 1089760052631 285
7 1089760052744 60
7 1089760052745 149
7 1089760052746 15
7 1089760052747 117
7 1089760052748 92
7 1089760052749 102
7 1089760052750 167
7 1089760052751 13
7 1089760052864 18
7 1089760052865 13
7 1089760052866 11
7 1089760052867 16
7 1089760052868 192
7 1089760052869 136
7 1089760052870 20
7 1089760052871 15
7 1089760053280 353
7 1089760053281 160
7 1089760053282 13
7 1089760053283 18
7 1089760053284 513
7 1089760053285 15
7 1089760053286 15
7 1089760053287 29
7 1089760053304 13
7 1089760053305 17
7 1089760053306 9
7 1089760053307 19
7 1089760053308 13
7 1089760053309 189
7 1089760053310 17
7 1089760053311 11
7 1089760053424 31
7 1089760053425 13
7 1089760053426 28
7 1089760053427 14
7 1089760053428 25
7 1089760053429 178
7 1089760053430 13
7 1089760053431 12
7 1089760053448 15
7 1089760053449 141
7 1089760053450 368
7 1089760053451 11
7 1089760053452 92
7 1089760053453 19
7 1089760053454 21
7 1089760053455 30
7 1089760053560 10
7 1089760053561 13
7 1089760053562 25
7 1089760053563 92
7 1089760053564 17
7 1089760053565 223
7 1089760053566 21
7 1089760053567 11
7 1089760053624 153
7 1089760053625 72
7 1089760053626 10
7 1089760053627 164
7 1089760053628 10
7 1089760053629 40
7 1089760053630 451
7 1089760053631 10
7 1089760053816 2
7 1089760053817 4
7 1089760053818 1
7 1089760053819 2
7 1089760053820 1
7 1089760053821 6
7 1089760053822 7
7 1089760053823 3
7 1089760053936 4
7 1089760053937 1
7 1089760053938 4
7 1089760053939 4
7 1089760053940 6
7 1089760053941 2
7 1089760053942 2
7 1089760053943 10
7 1089760054072 2
7 1089760054073 7
7 1089760054074 1
7 1089760054075 1
7 1089760054076 2
7 1089760054077 2
7 1089760054078 3
7 1089760054079 3
7 1089760054128 4
7 1089760054129 3
7 1089760054130 4
7 1089760054131 3
7 1089760054132 8
7 1089760054134 7
7 1089760054135 3
8 1089760034864 2
8 1089760034865 4
8 1089760034866 4
8 1089760034869 4
8 1089760034870 4
8 1089760034871 2
8 1089760034872 6
8 1089760034873 4
8 1089760034874 2
8 1089760034875 4
8 1089760034876 4
8 1089760034877 2
8 1089760034878 2
8 1089760035104 4
8 1089760035105 4
8 1089760035106 2
8 1089760035107 6
8 1089760035108 4
8 1089760035110 4
8 1089760035111 2
8 1089760035112 2
8 1089760035113 4
8 1089760035114 4
8 1089760035115 2
8 1089760035116 4
8 1089760035117 6
8 1089760035118 2
8 1089760035119 6
8 1089760035344 4
8 1089760035345 2
8 1089760035346 4
8 1089760035347 673
8 1089760035348 4
8 1089760035349 2
8 1089760035350 88
8 1089760035351 4
8 1089760035352 4
8 1089760035353 2
8 1089760035354 2
8 1089760035355 6
8 1089760035356 2
8 1089760035357 4
8 1089760035584 2
8 1089760035585 4
8 1089760035586 4
8 1089760035587 2
8 1089760035588 2
8 1089760035589 2
8 1089760035590 2
8 1089760035591 6
8 1089760035593 4
8 1089760035594 4
8 1089760035595 2
8 1089760035596 2
8 1089760035597 2
8 1089760035598 4
8 1089760035824 4
8 1089760035825 2
8 1089760035826 2
8 1089760035827 4
8 1089760035828 6
8 1089760035829 6
8 1089760035831 2
8 1089760035832 6
8 1089760035834 6
8 1089760035835 6
8 1089760035837 2
8 1089760035838 2
8 1089760035839 2
8 1089760036064 4
8 1089760036066 6
8 1089760036068 4
8 1089760036069 2
8 1089760036070 6
8 1089760036072 2
8 1089760036073 6
8 1089760036074 6
8 1089760036075 2
8 1089760036076 2
8 1089760036077 4
8 1089760036078 2
8 1089760037040 4
8 1089760037041 2
8 1089760037043 4
8 1089760037044 2
8 1089760037045 2
8 1089760037046 6
8 1089760037047 6
8 1089760037048 2
8 1089760037049 2
8 1089760037050 2
8 1089760037051 2
8 1089760037052 4
8 1089760037053 2
8 1089760037054 2
8 1089760037055 2
8 1089760037152 4
8 1089760037153 4
8 1089760037154 2
8 1089760037156 6
8 1089760037157 2
8 1089760037158 2
8 1089760037159 6
8 1089760037160 6
8 1089760037163 2
8 1089760037164 6
8 1089760037165 4
8 1089760037166 4
8 1089760037167 4
8 1089760037232 2
8 1089760037233 2
8 1089760037234 2
8 1089760037235 4
8 1089760037236 2
8 1089760037237 2
8 1089760037239 2
8 1089760037240 4
8 1089760037241 2
8 1089760037243 2
8 1089760037244 4
8 1089760037245 4
8 1089760037246 4
8 1089760037247 4
8 1089760037440 2
8 1089760037442 2
8 1089760037443 4
8 1089760037444 2
8 1089760037445 4
8 1089760037446 258
8 1089760037447 6
8 1089760037448 6
8 1089760037449 2
8 1089760037450 2
8 1089760037451 4
8 1089760037452 2
8 1089760037454 4
8 1089760037455 2
8 1089760037569 6
8 1089760037572 4
8 1089760037573 4
8 1089760037574 4
8 1089760037575 2
8 1089760037576 4
8 1089760037577 2
8 1089760037578 6
8 1089760037580 4
8 1089760037581 2
8 1089760037582 2
8 1089760037616 4
8 1089760037617 2
8 1089760037618 2
8 1089760037619 4
8 1089760037620 6
8 1089760037621 2
8 1089760037622 2
8 1089760037623 6
8 1089760037624 2
8 1089760037625 2
8 1089760037626 8
8 1089760037628 2
8 1089760037629 4
8 1089760037631 4
8 1089760038353 2
8 1089760038694 2
8 1089760039054 4
8 1089760039055 15
8 1089760039057 9
8 1089760039058 6
8 1089760039060 5
8 1089760039067 7
8 1089760039070 2
8 1089760039071 71
8 1089760039072 3
8 1089760039074 5
8 1089760039077 3
8 1089760039079 11
8 1089760039080 774
8 1089760039082 5
8 1089760039083 13
8 1089760039087 114
8 1089760039089 9
8 1089760039092 6
8 1089760039093 93
8 1089760039097 5
8 1089760039776 84
8 1089760039778 38
8 1089760039779 8
8 1089760039780 1
8 1089760039781 13
8 1089760039782 4
8 1089760039786 289
8 1089760039788 9
8 1089760039789 3
8 1089760039791 4
8 1089760039796 449
8 1089760039798 2
8 1089760039801 5
8 1089760039803 4
8 1089760039804 3
8 1089760039806 400
8 1089760039808 157
8 1089760039813 7
8 1089760039814 8
8 1089760039815 46
8 1089760039817 3
8 1089760039820 29
8 1089760039821 5
8 1089760039822 1
8 1089760040491 266
8 1089760040494 5
8 1089760040495 151
8 1089760040496 2
8 1089760040498 131
8 1089760040499 3
8 1089760040500 5
8 1089760040502 8
8 1089760040504 3
8 1089760040509 5
8 1089760040510 4
8 1089760040512 207
8 1089760040513 3
8 1089760040517 7
8 1089760040519 1
8 1089760040521 6
8 1089760040522 7
8 1089760040523 297
8 1089760040526 12
8 1089760040528 2
8 1089760040529 7
8 1089760041200 2
8 1089760041202 8
8 1089760041204 5
8 1089760041205 6
8 1089760041206 12
8 1089760041208 29
8 1089760041211 33
8 1089760041212 1
8 1089760041216 3
8 1089760041217 5
8 1089760041219 226
8 1089760041220 3
8 1089760041221 6
8 1089760041225 3
8 1089760041226 5
8 1089760041228 4
8 1089760041230 28
8 1089760041232 129
8 1089760041236 9
8 1089760041239 5
8 1089760041240 4
8 1089760041242 3
8 1089760041928 6
8 1089760041929 6
8 1089760041933 3
8 1089760041934 12
8 1089760041937 10
8 1089760041938 4
8 1089760041939 9
8 1089760041940 5
8 1089760041941 2
8 1089760041943 3
8 1089760041944 5
8 1089760041945 161
8 1089760041948 1
8 1089760041949 84
8 1089760041951 2
8 1089760041952 3
8 1089760041953 2
8 1089760041956 70
8 1089760041957 84
8 1089760041958 3
8 1089760041959 61
8 1089760041960 4
8 1089760041967 4
8 1089760041969 6
8 1089760041973 4
8 1089760042657 3
8 1089760042658 5
8 1089760042663 5
8 1089760042665 10
8 1089760042666 3
8 1089760042670 8
8 1089760042671 4
8 1089760042672 171
8 1089760042675 4
8 1089760042676 5
8 1089760042677 7
8 1089760042683 3
8 1089760042685 8
8 1089760042686 10
8 1089760042688 4
8 1089760042689 4
8 1089760042690 5
8 1089760042694 2
8 1089760042695 2
8 1089760042697 38
8 1089760042700 120
8 1089760045588 3
8 1089760045590 5
8 1089760045594 1
8 1089760045598 3
8 1089760045599 4
8 1089760045601 5
8 1089760045603 6
8 1089760045607 5
8 1089760045608 7
8 1089760045609 2
8 1089760045610 5
8 1089760045613 6
8 1089760045615 3
8 1089760045619 7
8 1089760045620 6
8 1089760045624 6
8 1089760045625 9
8 1089760045626 4
8 1089760045629 2
8 1089760045633 1
8 1089760045926 6
8 1089760045928 8
8 1089760045929 2
8 1089760045930 7
8 1089760045931 2
8 1089760045933 2
8 1089760045938 8
8 1089760045940 3
8 1089760045941 3
8 1089760045945 2
8 1089760045946 2
8 1089760045947 5
8 1089760045948 1
8 1089760045950 5
8 1089760045951 3
8 1089760045959 4
8 1089760045961 8
8 1089760045962 6
8 1089760045963 2
8 1089760045964 1
8 1089760045965 2
8 1089760045967 3
8 1089760045968 6
8 1089760045970 3
8 1089760045971 8
8 1089760046163 7
8 1089760046166 8
8 1089760046167 1
8 1089760046170 3
8 1089760046173 10
8 1089760046176 4
8 1089760046179 1
8 1089760046180 2
8 1089760046185 5
8 1089760046186 77
8 1089760046187 6
8 1089760046190 4
8 1089760046196 3
8 1089760046199 65
8 1089760046201 6
8 1089760046204 4
8 1089760046205 8
8 1089760046207 2
8 1089760046208 3
8 1089760046210 7
8 1089760046211 2
8 1089760046792 8
8 1089760046799 2
8 1089760046800 4
8 1089760046802 6
8 1089760046805 5
8 1089760046806 58
8 1089760046807 7
8 1089760046809 4
8 1089760046810 3
8 1089760046811 3
8 1089760046812 135
8 1089760046813 31
8 1089760046814 3
8 1089760046816 3
8 1089760046817 4
8 1089760046822 6
8 1089760046823 9
8 1089760046828 2
8 1089760046832 4
8 1089760046833 6
8 1089760046836 3
8 1089760046837 1
8 1089760047179 1
8 1089760047180 2
8 1089760047181 57
8 1089760047189 4
8 1089760047190 2
8 1089760047191 4
8 1089760047192 4
8 1089760047194 4
8 1089760047196 5
8 1089760047197 5
8 1089760047200 7
8 1089760047202 12
8 1089760047206 9
8 1089760047207 6
8 1089760047212 8
8 1089760047216 2
8 1089760047217 4
8 1089760047218 3
8 1089760047320 7
8 1089760047321 5
8 1089760047325 3
8 1089760047327 118
8 1089760047329 2
8 1089760047331 6
8 1089760047333 2
8 1089760047334 10
8 1089760047336 2
8 1089760047337 2
8 1089760047340 4
8 1089760047341 6
8 1089760047342 1
8 1089760047343 11
8 1089760047344 6
8 1089760047348 2
8 1089760047350 2
8 1089760047351 9
8 1089760047352 6
8 1089760047358 3
8 1089760047359 5
8 1089760047361 4
8 1089760047362 1
8 1089760047365 5
8 1089760047366 156
8 1089760047367 3
8 1089760049530 2
8 1089760050554 7
8 1089760051206 4
8 1089760051207 4
8 1089760051236 4
8 1089760051237 4
8 1089760051266 4
8 1089760051267 4
8 1089760051296 4
8 1089760051297 4
8 1089760051326 4
8 1089760051327 4
8 1089760051356 4
8 1089760051357 4
8 1089760051478 4
8 1089760051479 4
8 1089760051492 4
8 1089760051493 4
8 1089760051502 4
8 1089760051503 4
8 1089760051528 4
8 1089760051529 4
8 1089760051544 4
8 1089760051545 4
8 1089760051550 4
8 1089760051551 4
8 1089760051642 4
8 1089760051643 4
8 1089760051664 4
8 1089760051665 4
8 1089760051684 4
8 1089760051685 4
8 1089760051712 1
8 1089760051713 2
8 1089760051714 5
8 1089760051715 4
8 1089760051716 8
8 1089760051717 1
8 1089760051718 4
8 1089760051720 2
8 1089760051721 4
8 1089760051722 1
8 1089760051723 3
8 1089760051724 2
8 1089760051725 3
8 1089760051726 5
8 1089760051727 5
8 1089760051728 3
8 1089760051729 2
8 1089760051730 3
8 1089760051731 6
8 1089760051732 214
8 1089760051733 9
8 1089760051734 5
8 1089760051735 1
8 1089760051736 4
8 1089760051737 5
8 1089760051738 4
8 1089760051739 1
8 1089760051740 3
8 1089760051741 31
8 1089760051742 1
8 1089760051743 3
8 1089760051744 4
8 1089760051746 5
8 1089760051747 7
8 1089760051748 1
8 1089760051749 4
8 1089760051750 2
8 1089760051752 4
8 1089760051753 6
8 1089760051754 1
8 1089760051755 1
8 1089760051757 2
8 1089760051758 1
8 1089760051759 329
8 1089760051760 2
8 1089760051761 2
8 1089760051762 4
8 1089760051763 5
8 1089760051764 2
8 1089760051765 1
8 1089760051767 6
8 1089760051768 3
8 1089760051769 4
8 1089760051770 3
8 1089760051771 4
8 1089760051772 1
8 1089760051774 3
8 1089760051776 1
8 1089760051777 4
8 1089760051778 2
8 1089760051779 2
8 1089760051780 2
8 1089760051781 6
8 1089760051782 4
8 1089760051783 4
8 1089760051784 5
8 1089760051785 3
8 1089760051786 6
8 1089760051787 3
8 1089760051788 3
8 1089760051789 4
8 1089760051790 3
8 1089760051791 1
8 1089760051792 4
8 1089760051793 2
8 1089760051794 4
8 1089760051795 3
8 1089760051796 5
8 1089760051797 7
8 1089760051799 7
8 1089760051800 6
8 1089760051801 4
8 1089760051802 4
8 1089760051803 1
8 1089760051804 2
8 1089760051805 2
8 1089760051806 6
8 1089760051807 2
8 1089760051808 4
8 1089760051809 5
8 1089760051810 4
8 1089760051811 4
8 1089760051812 1
8 1089760051813 2
8 1089760051814 3
8 1089760051815 3
8 1089760051817 4
8 1089760051818 1
8 1089760051819 1
8 1089760051820 4
8 1089760051821 3
8 1089760051822 4
8 1089760051823 3
8 1089760051824 5
8 1089760051825 4
8 1089760051826 1
8 1089760051827 7
8 1089760051828 9
8 1089760051829 5
8 1089760051830 8
8 1089760051831 2
8 1089760051832 2
8 1089760051833 4
8 1089760051834 1
8 1089760051835 5
8 1089760051836 4
8 1089760051837 2
8 1089760051838 6
8 1089760051839 4
8 1089760051840 4
8 1089760051841 4
8 1089760051842 1
8 1089760051843 4
8 1089760051845 4
8 1089760051847 4
8 1089760051848 2
8 1089760051849 2
8 1089760051850 3
8 1089760051851 5
8 1089760051852 3
8 1089760051853 5
8 1089760051854 4
8 1089760051855 4
8 1089760051856 2
8 1089760051857 5
8 1089760051858 3
8 1089760051859 2
8 1089760051861 1
8 1089760051862 1
8 1089760051863 1
8 1089760051864 4
8 1089760051865 3
8 1089760051866 5
8 1089760051867 5
8 1089760051868 9
8 1089760051869 2
8 1089760051870 3
8 1089760051871 3
8 1089760051872 3
8 1089760051873 2
8 1089760051874 1
8 1089760051875 1
8 1089760051877 3
8 1089760051878 5
8 1089760051879 1
8 1089760051880 3
8 1089760051881 1
8 1089760051882 3
8 1089760051883 3
8 1089760051884 3
8 1089760051885 6
8 1089760051887 4
8 1089760051888 1
8 1089760051889 4
8 1089760051890 4
8 1089760051891 3
8 1089760051892 3
8 1089760051893 4
8 1089760051894 5
8 1089760051895 6
8 1089760051896 4
8 1089760051897 4
8 1089760051898 4
8 1089760051899 3
8 1089760051900 4
8 1089760051901 4
8 1089760051902 4
8 1089760051903 3
8 1089760051904 3
8 1089760051905 9
8 1089760051906 3
8 1089760051907 2
8 1089760051908 2
8 1089760051909 3
8 1089760051910 2
8 1089760051912 4
8 1089760051913 1
8 1089760051914 334
8 1089760051915 3
8 1089760051916 2
8 1089760051917 2
8 1089760051918 5
8 1089760051919 1
8 1089760051920 6
8 1089760051921 4
8 1089760051922 3
8 1089760051923 5
8 1089760051924 9
8 1089760051925 3
8 1089760051926 1
8 1089760051927 2
8 1089760051928 3
8 1089760051929 2
8 1089760051930 4
8 1089760051931 3
8 1089760051932 39
8 1089760051933 2
8 1089760051934 6
8 1089760051935 2
8 1089760051936 4
8 1089760051937 6
8 1089760051938 3
8 1089760051939 7
8 1089760051941 4
8 1089760051942 5
8 1089760051944 5
8 1089760051945 5
8 1089760051946 1
8 1089760051947 56
8 1089760051948 2
8 1089760051949 6
8 1089760051950 4
8 1089760051951 5
8 1089760051952 3
8 1089760051953 4
8 1089760051954 101
8 1089760051955 2
8 1089760051956 3
8 1089760051957 6
8 1089760051958 4
8 1089760051959 2
8 1089760051960 3
8 1089760051961 5
8 1089760051962 2
8 1089760051963 3
8 1089760051964 4
8 1089760051965 2
8 1089760051966 2
8 1089760051967 7
8 1089760051968 4
8 1089760051969 6
8 1089760051970 2
8 1089760051971 4
8 1089760051972 1
8 1089760051973 7
8 1089760051974 4
8 1089760051975 3
8 1089760051976 1
8 1089760051977 4
8 1089760051978 5
8 1089760051979 2
8 1089760051980 1
8 1089760051982 2
8 1089760051984 2
8 1089760051985 4
8 1089760051986 8
8 1089760051987 1
8 1089760051988 3
8 1089760051989 4
8 1089760051990 2
8 1089760051991 18
8 1089760051992 1
8 1089760051994 3
8 1089760051996 2
8 1089760051997 4
8 1089760051998 1
8 1089760051999 2
8 1089760052000 4
8 1089760052001 4
8 1089760052002 7
8 1089760052003 2
8 1089760052005 2
8 1089760052006 3
8 1089760052007 4
8 1089760052008 6
8 1089760052010 3
8 1089760052011 5
8 1089760052012 5
8 1089760052013 5
8 1089760052014 3
8 1089760052015 2
8 1089760052016 4
8 1089760052017 2
8 1089760052018 5
8 1089760052019 2
8 1089760052020 4
8 1089760052021 2
8 1089760052022 4
8 1089760052023 1
8 1089760052024 1
8 1089760052025 34
8 1089760052026 2
8 1089760052027 1
8 1089760052028 86
8 1089760052029 3
8 1089760052030 1
8 1089760052031 2
8 1089760052032 2
8 1089760052033 2
8 1089760052034 2
8 1089760052035 2
8 1089760052036 2
8 1089760052037 4
8 1089760052038 1
8 1089760052039 2
8 1089760052040 2
8 1089760052041 4
8 1089760052042 4
8 1089760052043 4
8 1089760052044 2
8 1089760052045 4
8 1089760052046 2
8 1089760052047 5
8 1089760052048 2
8 1089760052049 4
8 1089760052050 4
8 1089760052051 5
8 1089760052052 2
8 1089760052053 1
8 1089760052054 5
8 1089760052055 1
8 1089760052056 2
8 1089760052057 2
8 1089760052058 4
8 1089760052059 1
8 1089760052060 2
8 1089760052061 4
8 1089760052062 6
8 1089760052063 1
8 1089760052064 3
8 1089760052065 3
8 1089760052066 4
8 1089760052067 3
8 1089760052068 4
8 1089760052069 2
8 1089760052070 2
8 1089760052071 2
8 1089760052074 2
8 1089760052075 3
8 1089760052078 3
8 1089760052079 2
8 1089760052080 1
8 1089760052081 1
8 1089760052082 4
8 1089760052083 2
8 1089760052084 2
8 1089760052085 4
8 1089760052086 2
8 1089760052089 3
8 1089760052090 1
8 1089760052091 1
8 1089760052092 1
8 1089760052093 3
8 1089760052094 3
8 1089760052095 1
8 1089760052096 1
8 1089760052097 2
8 1089760052098 1
8 1089760052099 3
8 1089760052100 1
8 1089760052103 1
8 1089760052105 1
8 1089760052106 1
8 1089760052107 1
8 1089760052108 2
8 1089760052109 114
8 1089760052111 1
8 1089760052112 2
8 1089760052113 1
8 1089760052114 1
8 1089760052115 1
8 1089760052116 1
8 1089760052117 4
8 1089760052118 2
8 1089760052119 1
8 1089760052120 1
8 1089760052121 1
8 1089760052122 1
8 1089760052124 1
8 1089760052129 1
8 1089760052131 1
8 1089760052133 2
8 1089760052135 1
8 1089760052136 1
8 1089760052137 1
8 1089760052139 3
8 1089760052140 2
8 1089760052141 1
8 1089760052142 3
8 1089760052144 1
8 1089760052145 1
8 1089760052147 1
8 1089760052148 1
8 1089760052150 2
8 1089760052151 2
8 1089760052152 1
8 1089760052154 2
8 1089760052155 2
8 1089760052157 2
8 1089760052158 1
8 1089760052159 2
8 1089760052161 1
8 1089760052162 1
8 1089760052163 2
8 1089760052164 2
8 1089760052167 3
8 1089760052168 1
8 1089760052169 1
8 1089760052170 1
8 1089760052171 1
8 1089760052172 2
8 1089760052173 1
8 1089760052174 1
8 1089760052175 2
8 1089760052176 3
8 1089760052177 77
8 1089760052179 157
8 1089760052180 2
8 1089760052184 1
8 1089760052185 1
8 1089760052186 2
8 1089760052187 3
8 1089760052188 2
8 1089760052189 2
8 1089760052190 1
8 1089760052193 1
8 1089760052194 2
8 1089760052195 1
8 1089760052197 2
8 1089760052198 3
8 1089760052199 1
8 1089760052201 2
8 1089760052202 1
8 1089760052203 1
8 1089760052204 2
8 1089760052205 3
8 1089760052206 2
8 1089760052207 4
8 1089760052208 4
8 1089760052209 1
8 1089760052210 1
8 1089760052211 1
8 1089760052212 1
8 1089760052215 1
8 1089760052216 1
8 1089760052217 2
8 1089760052218 23
8 1089760052219 1
8 1089760052220 1
8 1089760052221 1
8 1089760052222 1
8 1089760053339 1
8 1089760053396 1
9 1089760034959 2
9 1089760035911 2
9 1089760036958 2
9 1089760037302 2
9 1089760039340 1
9 1089760042188 1
9 1089760045343 2
9 1089760046374 1
9 1089760051216 4
9 1089760051217 4
9 1089760051246 4
9 1089760051247 4
9 1089760051276 4
9 1089760051277 4
9 1089760051306 4
9 1089760051307 4
9 1089760051336 4
9 1089760051337 4
9 1089760051366 4
9 1089760051367 4
9 1089760051466 4
9 1089760051467 4
9 1089760051476 4
9 1089760051477 4
9 1089760051492 4
9 1089760051493 4
9 1089760051510 4
9 1089760051511 4
9 1089760051564 4
9 1089760051565 4
9 1089760051584 4
9 1089760051585 4
9 1089760051666 4
9 1089760051667 4
9 1089760051682 4
9 1089760051683 4
9 1089760051822 1
9 1089760052001 1
9 1089760052009 1
9 1089760052032 1
9 1089760052067 1
