1 1089760051216 4
1 1089760051217 4
1 1089760051246 4
1 1089760051247 4
1 1089760051276 4
1 1089760051277 4
1 1089760051306 4
1 1089760051307 4
1 1089760051336 4
1 1089760051337 4
1 1089760051366 4
1 1089760051367 4
1 1089760051394 4
1 1089760051395 4
1 1089760051428 4
1 1089760051429 4
1 1089760051488 4
1 1089760051489 4
1 1089760051496 4
1 1089760051497 4
1 1089760051500 4
1 1089760051501 4
1 1089760051556 4
1 1089760051557 4
1 1089760051572 4
1 1089760051573 4
1 1089760051594 4
1 1089760051595 4
1 1089760051626 4
1 1089760051627 4
1 1089760051650 4
1 1089760051651 4
1 1089760051652 4
1 1089760051653 4
2 1089760051200 4
2 1089760051201 4
2 1089760051230 4
2 1089760051231 4
2 1089760051260 4
2 1089760051261 4
2 1089760051290 4
2 1089760051291 4
2 1089760051320 4
2 1089760051321 4
2 1089760051350 4
2 1089760051351 4
2 1089760051388 4
2 1089760051389 4
2 1089760051416 4
2 1089760051417 4
2 1089760051460 4
2 1089760051461 4
2 1089760051466 4
2 1089760051467 4
2 1089760051528 4
2 1089760051529 4
2 1089760051550 4
2 1089760051551 4
2 1089760051558 4
2 1089760051559 4
2 1089760051582 4
2 1089760051583 4
2 1089760051606 4
2 1089760051607 4
2 1089760051636 4
2 1089760051637 4
2 1089760051658 4
2 1089760051659 4
2 1089760051706 4
2 1089760051707 4
3 1089760035790 20
3 1089760036422 12
3 1089760038030 20
3 1089760038209 12
3 1089760038504 16
3 1089760041825 10
3 1089760043724 6
3 1089760048561 4
3 1089760048562 6
3 1089760049094 6
3 1089760049985 8
3 1089760051200 4
3 1089760051201 4
3 1089760051230 4
3 1089760051231 4
3 1089760051260 4
3 1089760051261 4
3 1089760051290 4
3 1089760051291 4
3 1089760051320 4
3 1089760051321 4
3 1089760051350 4
3 1089760051351 4
3 1089760051400 4
3 1089760051401 4
3 1089760051478 4
3 1089760051479 4
3 1089760051484 4
3 1089760051485 4
3 1089760051504 4
3 1089760051505 4
3 1089760051528 4
3 1089760051529 4
3 1089760051600 4
3 1089760051601 4
3 1089760051624 4
3 1089760051625 4
3 1089760051632 4
3 1089760051633 4
3 1089760051660 4
3 1089760051661 4
3 1089760051726 1
3 1089760051741 1
3 1089760051749 1
3 1089760051752 1
3 1089760051754 1
3 1089760051773 1
3 1089760051787 1
3 1089760051795 1
3 1089760051818 1
3 1089760051831 1
3 1089760051834 1
3 1089760051856 1
3 1089760051857 1
3 1089760051874 2
3 1089760051885 1
3 1089760051933 1
3 1089760051936 3
3 1089760051937 1
3 1089760051946 1
3 1089760051984 1
3 1089760052012 1
3 1089760052015 1
3 1089760052018 1
3 1089760052038 1
3 1089760052041 1
3 1089760052053 1
3 1089760052078 1
3 1089760052092 1
3 1089760052098 1
3 1089760052115 1
3 1089760052136 1
3 1089760052138 2
3 1089760052148 1
3 1089760052162 1
3 1089760052178 1
3 1089760052209 1
3 1089760052711 9
3 1089760053027 5
3 1089760053831 9
3 1089760053920 5
3 1089760054068 7
4 1089760034971 14
4 1089760034974 24
4 1089760036168 16
4 1089760036170 16
4 1089760036368 10
4 1089760036376 8
4 1089760036510 18
4 1089760036511 12
4 1089760036970 16
4 1089760036975 16
4 1089760037031 16
4 1089760037037 30
4 1089760037399 14
4 1089760037401 18
4 1089760037406 14
4 1089760038146 12
4 1089760038150 16
4 1089760038157 8
4 1089760038416 20
4 1089760038479 6
4 1089760039375 7
4 1089760039385 12
4 1089760042968 8
4 1089760042973 4
4 1089760042974 4
4 1089760043565 5
4 1089760043588 3
4 1089760043589 1
4 1089760043994 9
4 1089760043995 6
4 1089760045378 8
4 1089760045395 8
4 1089760045561 5
4 1089760045562 3
4 1089760045580 15
4 1089760046669 7
4 1089760046675 9
4 1089760046691 7
4 1089760048903 6
4 1089760048916 2
4 1089760048917 6
4 1089760048938 4
4 1089760049715 8
4 1089760049716 2
4 1089760049908 3
4 1089760051218 4
4 1089760051219 4
4 1089760051248 4
4 1089760051249 4
4 1089760051278 4
4 1089760051279 4
4 1089760051308 4
4 1089760051309 4
4 1089760051338 4
4 1089760051339 4
4 1089760051368 4
4 1089760051369 4
4 1089760051394 4
4 1089760051395 4
4 1089760051410 4
4 1089760051411 4
4 1089760051426 4
4 1089760051427 4
4 1089760051442 4
4 1089760051443 4
4 1089760051464 4
4 1089760051465 4
4 1089760051468 4
4 1089760051469 4
4 1089760051476 4
4 1089760051477 4
4 1089760051522 4
4 1089760051523 4
4 1089760051616 4
4 1089760051617 4
4 1089760051650 4
4 1089760051651 4
4 1089760051656 4
4 1089760051657 4
4 1089760051706 4
4 1089760051707 4
4 1089760051716 1
4 1089760051720 1
4 1089760051725 1
4 1089760051726 2
4 1089760051734 1
4 1089760051741 1
4 1089760051747 1
4 1089760051749 2
4 1089760051750 1
4 1089760051751 1
4 1089760051755 2
4 1089760051756 1
4 1089760051758 2
4 1089760051767 1
4 1089760051773 1
4 1089760051774 1
4 1089760051785 2
4 1089760051786 1
4 1089760051790 2
4 1089760051796 1
4 1089760051804 1
4 1089760051811 1
4 1089760051812 1
4 1089760051814 2
4 1089760051817 1
4 1089760051819 1
4 1089760051821 1
4 1089760051824 2
4 1089760051833 1
4 1089760051835 1
4 1089760051840 1
4 1089760051841 1
4 1089760051847 2
4 1089760051852 1
4 1089760051861 1
4 1089760051865 1
4 1089760051868 1
4 1089760051876 1
4 1089760051877 1
4 1089760051878 1
4 1089760051882 1
4 1089760051883 1
4 1089760051885 1
4 1089760051896 3
4 1089760051899 1
4 1089760051909 1
4 1089760051920 1
4 1089760051921 1
4 1089760051935 1
4 1089760051937 1
4 1089760051939 1
4 1089760051945 1
4 1089760051946 2
4 1089760051948 2
4 1089760051952 1
4 1089760051953 1
4 1089760051962 1
4 1089760051969 1
4 1089760051970 1
4 1089760051973 1
4 1089760051974 1
4 1089760051976 1
4 1089760051977 1
4 1089760051980 1
4 1089760051984 2
4 1089760051987 1
4 1089760051988 1
4 1089760051989 1
4 1089760051992 2
4 1089760051994 1
4 1089760051999 1
4 1089760052001 2
4 1089760052007 1
4 1089760052008 1
4 1089760052014 3
4 1089760052019 1
4 1089760052020 1
4 1089760052026 2
4 1089760052038 1
4 1089760052039 1
4 1089760052049 1
4 1089760052058 1
4 1089760052059 1
4 1089760052060 1
4 1089760052063 1
4 1089760052067 1
4 1089760052070 1
4 1089760052072 1
4 1089760052077 1
4 1089760052080 1
4 1089760052086 1
4 1089760052091 1
4 1089760052096 1
4 1089760052097 1
4 1089760052099 1
4 1089760052100 1
4 1089760052101 1
4 1089760052109 1
4 1089760052111 1
4 1089760052112 1
4 1089760052115 1
4 1089760052125 1
4 1089760052126 1
4 1089760052128 1
4 1089760052131 2
4 1089760052135 1
4 1089760052139 1
4 1089760052143 1
4 1089760052147 1
4 1089760052152 1
4 1089760052156 1
4 1089760052158 1
4 1089760052160 2
4 1089760052162 1
4 1089760052164 1
4 1089760052166 1
4 1089760052168 1
4 1089760052169 1
4 1089760052174 1
4 1089760052180 1
4 1089760052182 1
4 1089760052185 1
4 1089760052187 1
4 1089760052193 1
4 1089760052198 1
4 1089760052204 1
4 1089760052205 1
4 1089760052211 1
4 1089760052216 1
4 1089760052219 1
4 1089760052221 1
4 1089760052301 6
4 1089760052303 11
4 1089760052900 7
4 1089760052901 7
4 1089760053000 4
4 1089760053004 3
4 1089760053071 13
4 1089760053301 7
4 1089760053303 7
4 1089760053331 7
4 1089760053334 14
4 1089760053515 6
4 1089760053516 8
4 1089760053519 6
4 1089760053889 5
4 1089760053891 7
4 1089760053894 3
4 1089760054024 6
4 1089760054055 2
5 1089760034898 18
5 1089760034903 38
5 1089760035142 12
5 1089760035145 6
5 1089760035146 14
5 1089760035376 28
5 1089760035383 24
5 1089760035385 20
5 1089760035386 16
5 1089760035387 12
5 1089760035391 28
5 1089760035620 24
5 1089760035623 14
5 1089760035625 14
5 1089760035627 18
5 1089760035628 18
5 1089760035631 14
5 1089760035859 46
5 1089760035861 22
5 1089760035862 16
5 1089760035865 16
5 1089760035866 20
5 1089760035867 20
5 1089760035870 18
5 1089760036096 20
5 1089760036098 4
5 1089760036103 14
5 1089760036104 10
5 1089760036107 30
5 1089760036111 26
5 1089760036467 10
5 1089760036470 20
5 1089760036471 6
5 1089760036473 12
5 1089760036474 16
5 1089760036976 16
5 1089760036977 12
5 1089760036979 18
5 1089760036981 24
5 1089760036985 8
5 1089760036986 14
5 1089760036987 12
5 1089760036991 10
5 1089760037061 24
5 1089760037063 18
5 1089760037067 8
5 1089760037070 12
5 1089760037071 8
5 1089760037172 14
5 1089760037181 16
5 1089760037182 16
5 1089760037472 18
5 1089760037474 8
5 1089760037476 26
5 1089760037478 12
5 1089760037479 18
5 1089760037480 30
5 1089760037483 26
5 1089760037486 10
5 1089760037632 12
5 1089760037638 16
5 1089760037641 10
5 1089760037642 14
5 1089760037643 20
5 1089760037826 24
5 1089760037827 6
5 1089760037828 16
5 1089760037831 18
5 1089760037834 26
5 1089760037836 24
5 1089760037859 34
5 1089760037860 4
5 1089760037861 12
5 1089760037866 14
5 1089760037870 12
5 1089760037871 18
5 1089760038368 12
5 1089760038369 22
5 1089760038370 14
5 1089760038373 30
5 1089760038374 18
5 1089760038376 34
5 1089760038379 12
5 1089760038380 18
5 1089760038381 18
5 1089760038383 16
5 1089760038528 20
5 1089760038529 46
5 1089760038530 20
5 1089760038531 56
5 1089760038532 36
5 1089760038533 22
5 1089760038535 12
5 1089760038537 20
5 1089760038538 42
5 1089760038539 8
5 1089760038540 28
5 1089760038541 38
5 1089760038542 42
5 1089760038543 28
5 1089760038849 40
5 1089760038850 24
5 1089760038851 34
5 1089760038852 14
5 1089760038853 10
5 1089760038854 38
5 1089760038855 14
5 1089760038856 30
5 1089760038857 18
5 1089760038858 30
5 1089760038859 32
5 1089760038860 6
5 1089760038861 10
5 1089760038862 20
5 1089760038863 12
5 1089760039157 5
5 1089760039158 4
5 1089760039171 7
5 1089760039172 12
5 1089760039891 7
5 1089760039901 3
5 1089760039902 7
5 1089760040586 8
5 1089760040587 1
5 1089760040588 6
5 1089760040606 13
5 1089760040613 4
5 1089760040614 14
5 1089760040615 5
5 1089760040616 3
5 1089760040617 6
5 1089760040630 6
5 1089760040631 8
5 1089760041306 6
5 1089760041307 6
5 1089760041316 7
5 1089760041320 7
5 1089760041326 5
5 1089760041327 4
5 1089760041328 2
5 1089760041329 7
5 1089760041340 7
5 1089760042031 2
5 1089760042032 19
5 1089760042033 14
5 1089760042039 11
5 1089760042043 8
5 1089760042051 2
5 1089760042052 10
5 1089760042054 7
5 1089760042055 1
5 1089760042059 10
5 1089760042066 8
5 1089760042067 3
5 1089760042753 4
5 1089760042754 6
5 1089760042757 2
5 1089760042773 7
5 1089760042776 5
5 1089760042785 15
5 1089760042797 8
5 1089760042799 6
5 1089760043859 5
5 1089760043866 4
5 1089760043869 7
5 1089760043870 3
5 1089760043877 6
5 1089760043880 9
5 1089760045397 8
5 1089760045401 7
5 1089760045405 9
5 1089760045411 12
5 1089760045412 6
5 1089760045425 4
5 1089760045426 7
5 1089760045429 3
5 1089760045430 3
5 1089760045439 5
5 1089760045650 7
5 1089760045651 5
5 1089760045655 6
5 1089760045656 5
5 1089760045670 4
5 1089760045677 6
5 1089760045681 5
5 1089760045986 7
5 1089760046012 8
5 1089760046015 8
5 1089760046888 3
5 1089760046889 6
5 1089760046893 4
5 1089760046900 22
5 1089760046905 6
5 1089760046908 4
5 1089760046909 5
5 1089760046911 9
5 1089760046912 6
5 1089760046919 7
5 1089760046921 5
5 1089760046922 1
5 1089760046929 5
5 1089760047369 6
5 1089760047388 8
5 1089760047394 6
5 1089760047400 7
5 1089760047403 10
5 1089760047953 4
5 1089760047954 7
5 1089760047957 3
5 1089760047961 6
5 1089760047962 8
5 1089760047969 9
5 1089760047978 14
5 1089760047985 12
5 1089760048050 3
5 1089760048051 7
5 1089760048052 1
5 1089760048053 8
5 1089760048056 6
5 1089760048072 7
5 1089760048085 1
5 1089760048086 5
5 1089760048089 10
5 1089760049573 6
5 1089760049578 11
5 1089760049581 7
5 1089760049589 5
5 1089760049590 10
5 1089760049592 10
5 1089760049596 9
5 1089760049597 7
5 1089760049598 3
5 1089760049607 4
5 1089760049608 2
5 1089760049609 8
5 1089760049610 1
5 1089760049614 9
5 1089760049618 6
5 1089760049619 3
5 1089760050055 5
5 1089760050056 6
5 1089760050057 8
5 1089760050058 9
5 1089760050059 7
5 1089760050061 13
5 1089760050062 15
5 1089760050063 13
5 1089760050064 6
5 1089760050065 12
5 1089760050066 8
5 1089760050067 12
5 1089760050071 11
5 1089760050072 4
5 1089760050076 6
5 1089760050081 10
5 1089760050085 12
5 1089760050086 8
5 1089760050089 19
5 1089760050091 5
5 1089760050093 9
5 1089760050094 18
5 1089760050095 6
5 1089760050096 7
5 1089760050098 4
5 1089760050099 5
5 1089760050100 6
5 1089760051014 6
5 1089760051015 12
5 1089760051016 8
5 1089760051018 13
5 1089760051019 14
5 1089760051021 9
5 1089760051024 7
5 1089760051025 5
5 1089760051028 15
5 1089760051030 5
5 1089760051032 8
5 1089760051033 1
5 1089760051034 1
5 1089760051035 12
5 1089760051036 9
5 1089760051039 8
5 1089760051041 7
5 1089760051043 7
5 1089760051044 10
5 1089760051046 3
5 1089760051047 4
5 1089760051048 1
5 1089760051050 1
5 1089760051051 6
5 1089760051052 3
5 1089760051054 7
5 1089760051210 4
5 1089760051211 4
5 1089760051240 4
5 1089760051241 4
5 1089760051270 4
5 1089760051271 4
5 1089760051300 4
5 1089760051301 4
5 1089760051330 4
5 1089760051331 4
5 1089760051360 4
5 1089760051361 4
5 1089760051406 4
5 1089760051407 4
5 1089760051470 4
5 1089760051471 4
5 1089760051480 4
5 1089760051481 4
5 1089760051494 4
5 1089760051495 4
5 1089760051532 4
5 1089760051533 4
5 1089760051552 4
5 1089760051553 4
5 1089760051576 4
5 1089760051577 4
5 1089760051580 4
5 1089760051581 4
5 1089760051644 4
5 1089760051645 4
5 1089760051664 4
5 1089760051665 4
5 1089760051704 4
5 1089760051705 4
5 1089760051712 6
5 1089760051713 2
5 1089760051714 5
5 1089760051715 2
5 1089760051716 3
5 1089760051717 5
5 1089760051718 3
5 1089760051719 4
5 1089760051720 2
5 1089760051721 4
5 1089760051722 3
5 1089760051723 4
5 1089760051724 4
5 1089760051725 6
5 1089760051726 4
5 1089760051727 5
5 1089760051728 3
5 1089760051729 3
5 1089760051730 4
5 1089760051731 4
5 1089760051732 2
5 1089760051733 4
5 1089760051735 3
5 1089760051737 2
5 1089760051738 2
5 1089760051739 3
5 1089760051740 3
5 1089760051741 1
5 1089760051743 2
5 1089760051744 1
5 1089760051745 3
5 1089760051746 4
5 1089760051747 2
5 1089760051748 3
5 1089760051749 3
5 1089760051751 2
5 1089760051752 3
5 1089760051753 4
5 1089760051754 4
5 1089760051755 5
5 1089760051756 4
5 1089760051757 1
5 1089760051758 3
5 1089760051759 2
5 1089760051760 3
5 1089760051761 1
5 1089760051762 2
5 1089760051764 2
5 1089760051765 6
5 1089760051766 1
5 1089760051767 1
5 1089760051768 1
5 1089760051769 3
5 1089760051770 4
5 1089760051771 2
5 1089760051772 2
5 1089760051773 3
5 1089760051775 1
5 1089760051776 4
5 1089760051778 2
5 1089760051779 2
5 1089760051780 2
5 1089760051781 6
5 1089760051782 6
5 1089760051783 3
5 1089760051784 5
5 1089760051785 4
5 1089760051786 1
5 1089760051787 5
5 1089760051789 5
5 1089760051790 2
5 1089760051791 3
5 1089760051792 6
5 1089760051793 2
5 1089760051794 1
5 1089760051795 3
5 1089760051796 4
5 1089760051797 4
5 1089760051799 4
5 1089760051800 3
5 1089760051801 2
5 1089760051802 4
5 1089760051803 2
5 1089760051804 3
5 1089760051805 1
5 1089760051806 5
5 1089760051807 3
5 1089760051809 2
5 1089760051810 1
5 1089760051811 2
5 1089760051812 1
5 1089760051813 1
5 1089760051814 4
5 1089760051815 1
5 1089760051816 1
5 1089760051817 2
5 1089760051818 3
5 1089760051819 4
5 1089760051821 3
5 1089760051822 2
5 1089760051823 2
5 1089760051824 3
5 1089760051825 2
5 1089760051826 2
5 1089760051827 4
5 1089760051828 2
5 1089760051829 2
5 1089760051830 1
5 1089760051831 2
5 1089760051832 3
5 1089760051834 2
5 1089760051835 1
5 1089760051836 2
5 1089760051837 1
5 1089760051838 2
5 1089760051839 2
5 1089760051840 1
5 1089760051842 4
5 1089760051843 2
5 1089760051844 5
5 1089760051845 1
5 1089760051846 4
5 1089760051847 1
5 1089760051848 2
5 1089760051851 1
5 1089760051852 2
5 1089760051854 1
5 1089760051855 1
5 1089760051856 1
5 1089760051857 7
5 1089760051858 3
5 1089760051859 1
5 1089760051860 2
5 1089760051861 4
5 1089760051863 1
5 1089760051864 1
5 1089760051865 3
5 1089760051866 3
5 1089760051867 2
5 1089760051868 4
5 1089760051869 6
5 1089760051870 4
5 1089760051871 1
5 1089760051872 2
5 1089760051873 2
5 1089760051874 3
5 1089760051875 2
5 1089760051876 5
5 1089760051878 4
5 1089760051879 2
5 1089760051880 3
5 1089760051881 6
5 1089760051882 5
5 1089760051883 3
5 1089760051884 2
5 1089760051886 1
5 1089760051887 3
5 1089760051888 3
5 1089760051890 4
5 1089760051891 3
5 1089760051892 2
5 1089760051893 3
5 1089760051894 2
5 1089760051896 6
5 1089760051897 3
5 1089760051898 4
5 1089760051899 3
5 1089760051900 5
5 1089760051901 5
5 1089760051902 2
5 1089760051903 1
5 1089760051904 4
5 1089760051905 2
5 1089760051908 1
5 1089760051909 1
5 1089760051910 4
5 1089760051911 3
5 1089760051912 2
5 1089760051913 2
5 1089760051914 2
5 1089760051915 3
5 1089760051916 3
5 1089760051917 1
5 1089760051918 1
5 1089760051919 4
5 1089760051920 4
5 1089760051921 2
5 1089760051922 3
5 1089760051923 4
5 1089760051924 1
5 1089760051925 2
5 1089760051926 2
5 1089760051927 3
5 1089760051928 1
5 1089760051929 5
5 1089760051930 2
5 1089760051931 1
5 1089760051932 4
5 1089760051933 4
5 1089760051934 2
5 1089760051936 5
5 1089760051937 2
5 1089760051938 2
5 1089760051939 2
5 1089760051940 2
5 1089760051941 2
5 1089760051942 2
5 1089760051943 1
5 1089760051944 3
5 1089760051945 3
5 1089760051946 2
5 1089760051947 4
5 1089760051948 2
5 1089760051949 2
5 1089760051950 2
5 1089760051951 1
5 1089760051952 2
5 1089760051953 4
5 1089760051954 2
5 1089760051955 3
5 1089760051956 3
5 1089760051957 5
5 1089760051958 1
5 1089760051959 3
5 1089760051960 4
5 1089760051961 2
5 1089760051962 2
5 1089760051963 1
5 1089760051964 4
5 1089760051965 5
5 1089760051966 5
5 1089760051967 4
5 1089760051968 3
5 1089760051969 3
5 1089760051970 1
5 1089760051971 4
5 1089760051972 3
5 1089760051974 2
5 1089760051975 2
5 1089760051976 4
5 1089760051977 3
5 1089760051978 3
5 1089760051979 4
5 1089760051980 2
5 1089760051981 4
5 1089760051983 2
5 1089760051984 2
5 1089760051985 4
5 1089760051986 2
5 1089760051987 3
5 1089760051988 1
5 1089760051989 1
5 1089760051990 2
5 1089760051991 2
5 1089760051992 2
5 1089760051993 2
5 1089760051994 6
5 1089760051995 3
5 1089760051996 4
5 1089760051998 2
5 1089760051999 3
5 1089760052000 4
5 1089760052001 2
5 1089760052002 1
5 1089760052003 5
5 1089760052004 3
5 1089760052005 1
5 1089760052006 2
5 1089760052007 1
5 1089760052008 2
5 1089760052009 1
5 1089760052010 2
5 1089760052011 4
5 1089760052012 1
5 1089760052013 1
5 1089760052014 3
5 1089760052015 3
5 1089760052016 5
5 1089760052017 4
5 1089760052018 3
5 1089760052020 2
5 1089760052022 1
5 1089760052023 4
5 1089760052024 4
5 1089760052025 7
5 1089760052026 5
5 1089760052027 6
5 1089760052029 1
5 1089760052030 4
5 1089760052031 5
5 1089760052032 1
5 1089760052034 3
5 1089760052035 1
5 1089760052036 3
5 1089760052037 4
5 1089760052038 4
5 1089760052039 2
5 1089760052041 4
5 1089760052042 1
5 1089760052044 3
5 1089760052045 1
5 1089760052046 3
5 1089760052047 1
5 1089760052048 2
5 1089760052049 5
5 1089760052050 4
5 1089760052051 2
5 1089760052052 1
5 1089760052053 3
5 1089760052054 3
5 1089760052055 4
5 1089760052056 1
5 1089760052057 3
5 1089760052058 3
5 1089760052059 6
5 1089760052060 1
5 1089760052061 3
5 1089760052062 2
5 1089760052063 2
5 1089760052064 6
5 1089760052065 3
5 1089760052066 1
5 1089760052068 3
5 1089760052069 1
5 1089760052070 1
5 1089760052072 5
5 1089760052073 2
5 1089760052074 4
5 1089760052075 2
5 1089760052076 3
5 1089760052077 1
5 1089760052078 2
5 1089760052079 1
5 1089760052080 1
5 1089760052081 2
5 1089760052082 2
5 1089760052083 3
5 1089760052085 4
5 1089760052086 4
5 1089760052088 4
5 1089760052089 3
5 1089760052090 1
5 1089760052092 2
5 1089760052093 1
5 1089760052094 2
5 1089760052095 1
5 1089760052096 2
5 1089760052097 1
5 1089760052099 1
5 1089760052100 1
5 1089760052101 5
5 1089760052102 3
5 1089760052104 2
5 1089760052105 2
5 1089760052106 6
5 1089760052107 1
5 1089760052108 2
5 1089760052109 1
5 1089760052111 1
5 1089760052112 4
5 1089760052113 3
5 1089760052114 3
5 1089760052115 7
5 1089760052116 5
5 1089760052117 1
5 1089760052118 1
5 1089760052119 4
5 1089760052120 2
5 1089760052121 1
5 1089760052122 1
5 1089760052123 3
5 1089760052124 3
5 1089760052125 5
5 1089760052126 2
5 1089760052128 4
5 1089760052129 3
5 1089760052130 4
5 1089760052131 2
5 1089760052132 3
5 1089760052133 4
5 1089760052134 4
5 1089760052136 1
5 1089760052138 3
5 1089760052139 2
5 1089760052140 1
5 1089760052141 1
5 1089760052142 1
5 1089760052143 2
5 1089760052144 3
5 1089760052145 1
5 1089760052146 2
5 1089760052147 1
5 1089760052148 3
5 1089760052149 7
5 1089760052150 3
5 1089760052154 1
5 1089760052155 3
5 1089760052156 3
5 1089760052157 4
5 1089760052159 3
5 1089760052160 6
5 1089760052162 2
5 1089760052163 1
5 1089760052164 3
5 1089760052165 5
5 1089760052166 2
5 1089760052167 4
5 1089760052168 1
5 1089760052169 1
5 1089760052170 3
5 1089760052171 2
5 1089760052172 2
5 1089760052173 1
5 1089760052174 1
5 1089760052175 2
5 1089760052176 1
5 1089760052177 1
5 1089760052178 3
5 1089760052179 2
5 1089760052180 1
5 1089760052181 3
5 1089760052182 1
5 1089760052183 2
5 1089760052184 6
5 1089760052185 3
5 1089760052186 2
5 1089760052187 1
5 1089760052188 3
5 1089760052189 2
5 1089760052190 4
5 1089760052191 1
5 1089760052193 1
5 1089760052194 1
5 1089760052195 4
5 1089760052196 3
5 1089760052197 1
5 1089760052198 2
5 1089760052199 2
5 1089760052200 2
5 1089760052201 1
5 1089760052202 3
5 1089760052203 1
5 1089760052204 3
5 1089760052205 1
5 1089760052206 4
5 1089760052207 7
5 1089760052208 4
5 1089760052209 1
5 1089760052210 2
5 1089760052211 2
5 1089760052212 4
5 1089760052213 3
5 1089760052216 2
5 1089760052217 3
5 1089760052218 1
5 1089760052219 1
5 1089760052220 2
5 1089760052221 4
5 1089760052222 2
5 1089760052223 1
5 1089760052265 4
5 1089760052267 17
5 1089760052387 5
5 1089760052388 2
5 1089760052389 6
5 1089760052504 12
5 1089760052507 11
5 1089760052508 9
5 1089760052509 12
5 1089760052511 13
5 1089760052626 11
5 1089760052627 6
5 1089760052628 6
5 1089760052629 5
5 1089760052630 8
5 1089760052631 6
5 1089760052745 13
5 1089760052746 10
5 1089760052747 7
5 1089760052748 7
5 1089760052749 17
5 1089760052751 5
5 1089760052864 9
5 1089760052865 1
5 1089760052867 6
5 1089760052868 4
5 1089760052869 14
5 1089760052871 11
5 1089760053049 4
5 1089760053051 10
5 1089760053052 5
5 1089760053053 7
5 1089760053304 12
5 1089760053305 8
5 1089760053306 11
5 1089760053308 3
5 1089760053309 11
5 1089760053311 4
5 1089760053346 7
5 1089760053347 4
5 1089760053349 3
5 1089760053351 8
5 1089760053402 6
5 1089760053406 7
5 1089760053407 7
5 1089760053552 8
5 1089760053553 3
5 1089760053554 12
5 1089760053555 13
5 1089760053556 9
5 1089760053557 11
5 1089760053559 4
5 1089760053632 5
5 1089760053635 7
5 1089760053636 4
5 1089760053637 15
5 1089760053729 9
5 1089760053730 7
5 1089760053731 8
5 1089760053733 12
5 1089760053734 11
5 1089760053745 15
5 1089760053746 6
5 1089760053749 6
5 1089760053751 12
5 1089760054000 15
5 1089760054001 6
5 1089760054002 9
5 1089760054003 8
5 1089760054004 9
5 1089760054005 5
5 1089760054006 16
5 1089760054007 5
5 1089760054080 22
5 1089760054081 23
5 1089760054082 22
5 1089760054083 5
5 1089760054084 9
5 1089760054085 18
5 1089760054086 22
5 1089760054087 27
5 1089760054240 10
5 1089760054241 21
5 1089760054242 10
5 1089760054243 23
5 1089760054244 16
5 1089760054245 27
5 1089760054246 6
5 1089760054247 13
6 1089760034992 84
6 1089760034993 47
6 1089760034994 114
6 1089760034995 40
6 1089760034996 32
6 1089760034997 866
6 1089760034998 34
6 1089760034999 26
6 1089760035000 21
6 1089760035001 12
6 1089760035002 400
6 1089760035003 43
6 1089760035004 14
6 1089760035005 22
6 1089760035006 64
6 1089760035007 6
6 1089760035232 28
6 1089760035233 42
6 1089760035234 31
6 1089760035235 6
6 1089760035236 183
6 1089760035237 16
6 1089760035238 26
6 1089760035239 140
6 1089760035240 43
6 1089760035241 439
6 1089760035242 43
6 1089760035243 54
6 1089760035244 24
6 1089760035245 37
6 1089760035246 326
6 1089760035247 72
6 1089760035473 289
6 1089760035474 62
6 1089760035476 18
6 1089760035477 107
6 1089760035478 39
6 1089760035479 26
6 1089760035480 36
6 1089760035481 64
6 1089760035482 60
6 1089760035483 112
6 1089760035484 129
6 1089760035485 30
6 1089760035486 21
6 1089760035487 81
6 1089760035712 34
6 1089760035713 44
6 1089760035714 80
6 1089760035715 62
6 1089760035716 16
6 1089760035717 30
6 1089760035718 10
6 1089760035719 223
6 1089760035720 43
6 1089760035721 294
6 1089760035722 8
6 1089760035723 578
6 1089760035724 172
6 1089760035725 42
6 1089760035727 496
6 1089760035952 29
6 1089760035953 21
6 1089760035954 237
6 1089760035955 50
6 1089760035956 64
6 1089760035957 86
6 1089760035958 27
6 1089760035959 53
6 1089760035960 34
6 1089760035961 93
6 1089760035962 46
6 1089760035963 30
6 1089760035964 33
6 1089760035965 69
6 1089760035966 49
6 1089760035967 39
6 1089760036192 24
6 1089760036194 46
6 1089760036195 20
6 1089760036196 549
6 1089760036197 191
6 1089760036198 18
6 1089760036199 366
6 1089760036200 118
6 1089760036201 8
6 1089760036202 30
6 1089760036203 53
6 1089760036204 200
6 1089760036205 10
6 1089760036206 198
6 1089760036207 38
6 1089760036480 38
6 1089760036481 40
6 1089760036483 48
6 1089760036484 158
6 1089760036485 42
6 1089760036486 54
6 1089760036487 28
6 1089760036488 32
6 1089760036489 22
6 1089760036490 18
6 1089760036491 125
6 1089760036492 40
6 1089760036493 143
6 1089760036494 131
6 1089760036495 189
6 1089760036560 30
6 1089760036561 164
6 1089760036562 248
6 1089760036563 378
6 1089760036564 32
6 1089760036565 99
6 1089760036566 28
6 1089760036567 101
6 1089760036568 36
6 1089760036569 40
6 1089760036570 42
6 1089760036571 115
6 1089760036572 22
6 1089760036573 164
6 1089760036574 56
6 1089760036575 24
6 1089760036704 12
6 1089760036705 85
6 1089760036706 4
6 1089760036707 37
6 1089760036708 6
6 1089760036709 36
6 1089760036710 27
6 1089760036711 54
6 1089760036712 42
6 1089760036713 4
6 1089760036714 95
6 1089760036715 151
6 1089760036716 36
6 1089760036717 42
6 1089760036718 20
6 1089760036719 24
6 1089760036848 542
6 1089760036849 725
6 1089760036850 666
6 1089760036851 65
6 1089760036852 286
6 1089760036853 296
6 1089760036854 52
6 1089760036855 32
6 1089760036856 397
6 1089760036857 74
6 1089760036858 34
6 1089760036859 20
6 1089760036860 44
6 1089760036861 226
6 1089760036862 12
6 1089760036863 18
6 1089760037152 736
6 1089760037153 16
6 1089760037154 20
6 1089760037155 408
6 1089760037156 42
6 1089760037157 163
6 1089760037158 10
6 1089760037159 6
6 1089760037160 26
6 1089760037162 34
6 1089760037163 38
6 1089760037164 20
6 1089760037165 14
6 1089760037166 1426
6 1089760037167 181
6 1089760037184 332
6 1089760037185 164
6 1089760037186 362
6 1089760037187 39
6 1089760037188 8
6 1089760037189 26
6 1089760037190 39
6 1089760037191 32
6 1089760037192 52
6 1089760037193 39
6 1089760037194 1536
6 1089760037195 48
6 1089760037196 71
6 1089760037197 127
6 1089760037198 143
6 1089760037199 48
6 1089760037888 87
6 1089760037889 279
6 1089760037890 596
6 1089760037891 113
6 1089760037892 78
6 1089760037893 197
6 1089760037894 123
6 1089760037895 162
6 1089760037896 429
6 1089760037897 46
6 1089760037898 184
6 1089760037899 46
6 1089760037900 327
6 1089760037901 468
6 1089760037902 40
6 1089760037903 163
6 1089760037936 52
6 1089760037937 282
6 1089760037938 58
6 1089760037939 89
6 1089760037940 143
6 1089760037941 992
6 1089760037942 247
6 1089760037943 88
6 1089760037944 329
6 1089760037945 414
6 1089760037946 66
6 1089760037947 62
6 1089760037948 276
6 1089760037949 1028
6 1089760037950 70
6 1089760037951 66
6 1089760038080 100
6 1089760038081 62
6 1089760038082 224
6 1089760038083 58
6 1089760038084 50
6 1089760038085 171
6 1089760038086 912
6 1089760038087 346
6 1089760038088 404
6 1089760038089 70
6 1089760038090 62
6 1089760038091 315
6 1089760038092 57
6 1089760038093 251
6 1089760038094 54
6 1089760038095 58
6 1089760038528 50
6 1089760038529 163
6 1089760038530 52
6 1089760038531 46
6 1089760038532 195
6 1089760038533 70
6 1089760038534 50
6 1089760038535 44
6 1089760038536 2078
6 1089760038537 60
6 1089760038538 64
6 1089760038539 38
6 1089760038540 42
6 1089760038541 34
6 1089760038542 212
6 1089760038543 74
6 1089760039441 77
6 1089760039442 540
6 1089760039443 22
6 1089760039444 16
6 1089760039445 38
6 1089760039446 14
6 1089760039447 7
6 1089760039448 17
6 1089760039449 18
6 1089760039450 50
6 1089760039451 11
6 1089760039452 29
6 1089760039453 3
6 1089760039454 18
6 1089760039455 134
6 1089760039456 7
6 1089760039457 3
6 1089760039458 10
6 1089760039459 9
6 1089760039460 136
6 1089760039461 5
6 1089760039462 10
6 1089760039463 8
6 1089760039464 2
6 1089760039465 3
6 1089760039466 30
6 1089760039468 7
6 1089760039472 6
6 1089760039473 10
6 1089760039474 22
6 1089760039476 16
6 1089760039477 31
6 1089760039479 7
6 1089760039483 20
6 1089760039484 376
6 1089760039485 6
6 1089760039486 10
6 1089760039489 3
6 1089760040157 2
6 1089760040158 42
6 1089760040160 5
6 1089760040161 133
6 1089760040162 159
6 1089760040163 61
6 1089760040164 5
6 1089760040166 35
6 1089760040167 3
6 1089760040170 20
6 1089760040171 23
6 1089760040172 168
6 1089760040174 2
6 1089760040175 4
6 1089760040176 7
6 1089760040177 7
6 1089760040179 5
6 1089760040180 8
6 1089760040181 4
6 1089760040182 8
6 1089760040184 5
6 1089760040185 11
6 1089760040186 8
6 1089760040187 5
6 1089760040188 5
6 1089760040189 6
6 1089760040190 5
6 1089760040191 12
6 1089760040192 381
6 1089760040193 51
6 1089760040194 4
6 1089760040195 5
6 1089760040198 29
6 1089760040200 4
6 1089760040201 16
6 1089760040202 20
6 1089760040203 20
6 1089760040204 9
6 1089760040205 8
6 1089760040872 20
6 1089760040873 11
6 1089760040874 234
6 1089760040875 9
6 1089760040876 85
6 1089760040877 23
6 1089760040878 9
6 1089760040882 59
6 1089760040884 33
6 1089760040885 21
6 1089760040888 808
6 1089760040889 8
6 1089760040890 235
6 1089760040891 11
6 1089760040892 2
6 1089760040893 655
6 1089760040894 87
6 1089760040895 1
6 1089760040896 38
6 1089760040897 24
6 1089760040899 145
6 1089760040900 4
6 1089760040901 733
6 1089760040902 323
6 1089760040903 11
6 1089760040904 3
6 1089760040905 3
6 1089760040907 150
6 1089760040908 46
6 1089760040909 1
6 1089760040910 93
6 1089760040911 5
6 1089760040913 6
6 1089760040914 272
6 1089760040915 62
6 1089760041584 5
6 1089760041586 5
6 1089760041587 270
6 1089760041588 38
6 1089760041589 11
6 1089760041590 112
6 1089760041591 3
6 1089760041592 7
6 1089760041593 13
6 1089760041594 4
6 1089760041595 9
6 1089760041596 65
6 1089760041599 186
6 1089760041600 10
6 1089760041601 1
6 1089760041602 127
6 1089760041603 6
6 1089760041606 138
6 1089760041607 6
6 1089760041608 98
6 1089760041609 4
6 1089760041611 102
6 1089760041612 9
6 1089760041613 262
6 1089760041614 75
6 1089760041616 5
6 1089760041617 30
6 1089760041618 276
6 1089760041619 11
6 1089760041620 12
6 1089760041621 4
6 1089760041622 22
6 1089760041623 7
6 1089760041624 404
6 1089760041625 15
6 1089760041628 10
6 1089760041629 14
6 1089760041630 5
6 1089760042312 15
6 1089760042313 2
6 1089760042315 300
6 1089760042316 9
6 1089760042317 8
6 1089760042319 55
6 1089760042321 69
6 1089760042322 151
6 1089760042325 31
6 1089760042326 12
6 1089760042327 17
6 1089760042328 127
6 1089760042329 171
6 1089760042330 329
6 1089760042331 3
6 1089760042332 41
6 1089760042333 4
6 1089760042334 11
6 1089760042335 1
6 1089760042336 6
6 1089760042337 7
6 1089760042339 15
6 1089760042340 14
6 1089760042341 434
6 1089760042342 16
6 1089760042343 10
6 1089760042344 8
6 1089760042346 1
6 1089760042347 10
6 1089760042348 11
6 1089760042350 8
6 1089760042351 7
6 1089760042352 7
6 1089760042354 9
6 1089760042355 172
6 1089760042356 25
6 1089760042357 7
6 1089760042358 4
6 1089760042359 8
6 1089760042360 7
6 1089760042361 5
6 1089760043040 10
6 1089760043041 22
6 1089760043045 4
6 1089760043046 53
6 1089760043047 70
6 1089760043048 590
6 1089760043049 8
6 1089760043050 5
6 1089760043051 3
6 1089760043052 17
6 1089760043055 89
6 1089760043056 9
6 1089760043057 18
6 1089760043058 118
6 1089760043059 6
6 1089760043060 6
6 1089760043061 10
6 1089760043062 153
6 1089760043063 9
6 1089760043064 144
6 1089760043065 9
6 1089760043066 9
6 1089760043067 107
6 1089760043070 3
6 1089760043071 13
6 1089760043072 549
6 1089760043073 5
6 1089760043074 8
6 1089760043075 10
6 1089760043076 5
6 1089760043077 8
6 1089760043080 7
6 1089760043082 54
6 1089760043083 108
6 1089760043084 36
6 1089760043085 22
6 1089760043086 37
6 1089760043087 11
6 1089760043896 5
6 1089760043897 37
6 1089760043899 16
6 1089760043900 8
6 1089760043901 9
6 1089760043902 12
6 1089760043905 2
6 1089760043906 88
6 1089760043907 4
6 1089760043909 39
6 1089760043910 7
6 1089760043911 6
6 1089760043912 12
6 1089760043913 9
6 1089760043914 4
6 1089760043915 10
6 1089760043916 11
6 1089760043917 19
6 1089760043918 9
6 1089760043919 6
6 1089760043921 175
6 1089760043922 7
6 1089760043923 3
6 1089760043924 148
6 1089760043925 1
6 1089760043928 15
6 1089760043929 2
6 1089760043931 8
6 1089760043932 11
6 1089760043933 3
6 1089760043934 5
6 1089760043935 15
6 1089760043936 9
6 1089760043938 8
6 1089760043939 8
6 1089760043940 9
6 1089760043943 474
6 1089760043944 3
6 1089760043945 5
6 1089760044140 10
6 1089760044141 36
6 1089760044142 1
6 1089760044143 18
6 1089760044144 5
6 1089760044146 8
6 1089760044147 91
6 1089760044148 11
6 1089760044149 12
6 1089760044150 10
6 1089760044152 6
6 1089760044153 16
6 1089760044154 43
6 1089760044158 4
6 1089760044159 7
6 1089760044160 11
6 1089760044161 6
6 1089760044162 5
6 1089760044163 51
6 1089760044164 8
6 1089760044165 9
6 1089760044166 3
6 1089760044167 14
6 1089760044168 8
6 1089760044169 11
6 1089760044170 7
6 1089760044171 13
6 1089760044172 14
6 1089760044173 10
6 1089760044174 4
6 1089760044175 3
6 1089760044176 18
6 1089760044178 12
6 1089760044179 14
6 1089760044180 12
6 1089760044181 13
6 1089760044182 9
6 1089760044184 1
6 1089760044185 44
6 1089760044186 7
6 1089760044187 73
6 1089760044577 5
6 1089760044578 2
6 1089760044581 15
6 1089760044582 7
6 1089760044583 108
6 1089760044585 2
6 1089760044586 5
6 1089760044587 5
6 1089760044588 22
6 1089760044590 3
6 1089760044592 7
6 1089760044593 80
6 1089760044594 8
6 1089760044595 15
6 1089760044596 1
6 1089760044597 6
6 1089760044600 6
6 1089760044601 25
6 1089760044602 4
6 1089760044603 11
6 1089760044604 84
6 1089760044608 5
6 1089760044609 17
6 1089760044610 87
6 1089760044611 22
6 1089760044612 15
6 1089760044613 141
6 1089760044615 76
6 1089760044617 8
6 1089760044618 54
6 1089760044619 7
6 1089760044620 8
6 1089760044622 5
6 1089760044623 18
6 1089760045009 6
6 1089760045010 13
6 1089760045011 14
6 1089760045012 17
6 1089760045013 5
6 1089760045015 197
6 1089760045016 5
6 1089760045017 162
6 1089760045018 104
6 1089760045019 18
6 1089760045020 14
6 1089760045021 11
6 1089760045022 256
6 1089760045023 3
6 1089760045024 62
6 1089760045025 73
6 1089760045026 13
6 1089760045027 4
6 1089760045029 5
6 1089760045030 128
6 1089760045031 6
6 1089760045032 1
6 1089760045033 3
6 1089760045034 6
6 1089760045035 9
6 1089760045036 11
6 1089760045038 9
6 1089760045039 19
6 1089760045041 20
6 1089760045042 12
6 1089760045044 1
6 1089760045045 16
6 1089760045046 6
6 1089760045047 15
6 1089760045049 105
6 1089760045050 3
6 1089760045051 14
6 1089760045052 91
6 1089760045053 5
6 1089760045055 12
6 1089760045056 6
6 1089760045926 9
6 1089760045927 8
6 1089760045928 4
6 1089760045929 5
6 1089760045932 5
6 1089760045934 12
6 1089760045935 6
6 1089760045936 512
6 1089760045937 24
6 1089760045939 53
6 1089760045940 64
6 1089760045941 18
6 1089760045942 182
6 1089760045943 14
6 1089760045946 11
6 1089760045947 3
6 1089760045949 1
6 1089760045950 72
6 1089760045956 17
6 1089760045958 393
6 1089760045959 11
6 1089760045961 3
6 1089760045962 123
6 1089760045963 3
6 1089760045964 4
6 1089760045965 5
6 1089760045966 7
6 1089760045970 11
6 1089760045971 27
6 1089760046020 6
6 1089760046021 6
6 1089760046022 13
6 1089760046023 127
6 1089760046024 8
6 1089760046026 5
6 1089760046028 8
6 1089760046029 6
6 1089760046030 7
6 1089760046031 10
6 1089760046033 4
6 1089760046034 6
6 1089760046036 17
6 1089760046037 5
6 1089760046038 15
6 1089760046039 8
6 1089760046042 165
6 1089760046043 14
6 1089760046044 18
6 1089760046046 260
6 1089760046047 139
6 1089760046049 15
6 1089760046050 5
6 1089760046051 4
6 1089760046053 15
6 1089760046054 3
6 1089760046055 10
6 1089760046057 8
6 1089760046058 23
6 1089760046059 42
6 1089760046060 29
6 1089760046062 18
6 1089760046063 17
6 1089760046064 2
6 1089760046065 8
6 1089760046066 7
6 1089760046067 15
6 1089760048139 11
6 1089760048140 20
6 1089760048141 111
6 1089760048142 147
6 1089760048143 27
6 1089760048144 14
6 1089760048145 114
6 1089760048146 27
6 1089760048147 18
6 1089760048148 63
6 1089760048149 40
6 1089760048150 399
6 1089760048151 20
6 1089760048152 405
6 1089760048153 21
6 1089760048154 139
6 1089760048155 269
6 1089760048156 709
6 1089760048157 364
6 1089760048158 22
6 1089760048159 26
6 1089760048160 14
6 1089760048161 21
6 1089760048162 7
6 1089760048163 12
6 1089760048164 17
6 1089760048165 15
6 1089760048166 11
6 1089760048167 26
6 1089760048168 18
6 1089760048169 29
6 1089760048170 59
6 1089760048171 142
6 1089760048172 97
6 1089760048173 108
6 1089760048174 20
6 1089760048175 25
6 1089760048176 228
6 1089760048177 21
6 1089760048178 70
6 1089760048179 139
6 1089760048180 25
6 1089760048181 14
6 1089760048182 32
6 1089760048183 15
6 1089760048184 18
6 1089760048185 23
6 1089760048186 12
6 1089760048283 7
6 1089760048284 17
6 1089760048285 24
6 1089760048286 31
6 1089760048287 44
6 1089760048288 34
6 1089760048289 93
6 1089760048290 22
6 1089760048291 296
6 1089760048292 41
6 1089760048293 52
6 1089760048294 30
6 1089760048295 196
6 1089760048296 72
6 1089760048297 22
6 1089760048298 172
6 1089760048299 165
6 1089760048300 17
6 1089760048301 30
6 1089760048302 21
6 1089760048303 20
6 1089760048304 17
6 1089760048305 63
6 1089760048306 174
6 1089760048307 29
6 1089760048308 144
6 1089760048309 257
6 1089760048310 23
6 1089760048311 21
6 1089760048312 367
6 1089760048313 43
6 1089760048314 40
6 1089760048315 42
6 1089760048316 26
6 1089760048317 238
6 1089760048318 1168
6 1089760048319 27
6 1089760048320 14
6 1089760048321 15
6 1089760048322 15
6 1089760048323 16
6 1089760048324 197
6 1089760048325 417
6 1089760048326 174
6 1089760048327 37
6 1089760048328 26
6 1089760048329 286
6 1089760048330 6
6 1089760048707 7
6 1089760048708 31
6 1089760048709 15
6 1089760048710 21
6 1089760048711 15
6 1089760048712 208
6 1089760048713 50
6 1089760048714 17
6 1089760048715 417
6 1089760048716 131
6 1089760048717 21
6 1089760048718 585
6 1089760048719 23
6 1089760048720 12
6 1089760048721 97
6 1089760048722 121
6 1089760048723 21
6 1089760048724 21
6 1089760048725 400
6 1089760048726 18
6 1089760048727 74
6 1089760048728 20
6 1089760048729 30
6 1089760048730 166
6 1089760048731 40
6 1089760048732 116
6 1089760048733 15
6 1089760048734 17
6 1089760048735 16
6 1089760048736 22
6 1089760048737 122
6 1089760048738 9
6 1089760048739 15
6 1089760048740 160
6 1089760048741 15
6 1089760048742 67
6 1089760048743 71
6 1089760048744 20
6 1089760048745 29
6 1089760048746 649
6 1089760048747 14
6 1089760048748 28
6 1089760048749 10
6 1089760048750 8
6 1089760048751 15
6 1089760048752 87
6 1089760048753 15
6 1089760050054 2
6 1089760050055 204
6 1089760050056 152
6 1089760050057 25
6 1089760050058 35
6 1089760050059 32
6 1089760050060 28
6 1089760050061 141
6 1089760050062 16
6 1089760050063 14
6 1089760050064 13
6 1089760050065 15
6 1089760050066 13
6 1089760050067 43
6 1089760050068 29
6 1089760050069 752
6 1089760050070 13
6 1089760050071 10
6 1089760050072 194
6 1089760050073 12
6 1089760050074 19
6 1089760050075 18
6 1089760050076 19
6 1089760050077 188
6 1089760050078 20
6 1089760050079 19
6 1089760050080 94
6 1089760050081 11
6 1089760050082 57
6 1089760050083 11
6 1089760050084 210
6 1089760050085 35
6 1089760050086 15
6 1089760050087 17
6 1089760050088 318
6 1089760050089 8
6 1089760050090 18
6 1089760050091 20
6 1089760050092 19
6 1089760050093 6
6 1089760050094 10
6 1089760050095 21
6 1089760050096 14
6 1089760050097 21
6 1089760050098 142
6 1089760050099 11
6 1089760050100 7
6 1089760051222 4
6 1089760051223 4
6 1089760051252 4
6 1089760051253 4
6 1089760051282 4
6 1089760051283 4
6 1089760051312 4
6 1089760051313 4
6 1089760051342 4
6 1089760051343 4
6 1089760051372 4
6 1089760051373 4
6 1089760051408 4
6 1089760051409 4
6 1089760051418 4
6 1089760051419 4
6 1089760051436 4
6 1089760051437 4
6 1089760051454 4
6 1089760051455 4
6 1089760051492 4
6 1089760051493 4
6 1089760051496 70
6 1089760051497 4
6 1089760051584 4
6 1089760051585 4
6 1089760051590 4
6 1089760051591 4
6 1089760051608 4
6 1089760051609 4
6 1089760051664 376
6 1089760051665 4
6 1089760051712 181
6 1089760051713 17
6 1089760051714 55
6 1089760051715 48
6 1089760051716 12
6 1089760051717 30
6 1089760051718 12
6 1089760051719 12
6 1089760051720 25
6 1089760051721 16
6 1089760051722 15
6 1089760051723 14
6 1089760051724 17
6 1089760051725 18
6 1089760051726 15
6 1089760051727 22
6 1089760051728 13
6 1089760051729 17
6 1089760051730 12
6 1089760051731 24
6 1089760051732 17
6 1089760051733 207
6 1089760051734 11
6 1089760051735 17
6 1089760051736 11
6 1089760051737 15
6 1089760051738 56
6 1089760051739 422
6 1089760051740 276
6 1089760051741 21
6 1089760051742 26
6 1089760051743 25
6 1089760051744 15
6 1089760051745 94
6 1089760051746 108
6 1089760051747 71
6 1089760051748 22
6 1089760051749 8
6 1089760051750 764
6 1089760051751 73
6 1089760051752 29
6 1089760051753 25
6 1089760051754 30
6 1089760051755 13
6 1089760051756 122
6 1089760051757 16
6 1089760051758 18
6 1089760051759 42
6 1089760051760 21
6 1089760051761 19
6 1089760051762 24
6 1089760051763 66
6 1089760051764 29
6 1089760051765 112
6 1089760051766 14
6 1089760051767 10
6 1089760051768 13
6 1089760051769 13
6 1089760051770 205
6 1089760051771 131
6 1089760051772 30
6 1089760051773 27
6 1089760051774 99
6 1089760051775 12
6 1089760051776 61
6 1089760051777 29
6 1089760051778 54
6 1089760051779 19
6 1089760051780 14
6 1089760051781 144
6 1089760051782 358
6 1089760051783 29
6 1089760051784 40
6 1089760051785 12
6 1089760051786 17
6 1089760051787 419
6 1089760051788 64
6 1089760051789 20
6 1089760051790 25
6 1089760051791 24
6 1089760051792 39
6 1089760051793 23
6 1089760051794 15
6 1089760051795 34
6 1089760051796 176
6 1089760051797 18
6 1089760051798 57
6 1089760051799 21
6 1089760051800 20
6 1089760051801 20
6 1089760051802 159
6 1089760051803 20
6 1089760051804 26
6 1089760051805 13
6 1089760051806 12
6 1089760051807 189
6 1089760051808 12
6 1089760051809 7
6 1089760051810 37
6 1089760051811 7
6 1089760051812 18
6 1089760051813 16
6 1089760051814 43
6 1089760051815 8
6 1089760051816 15
6 1089760051817 37
6 1089760051818 7
6 1089760051819 203
6 1089760051820 14
6 1089760051821 14
6 1089760051822 205
6 1089760051823 150
6 1089760051824 14
6 1089760051825 246
6 1089760051826 10
6 1089760051827 16
6 1089760051828 10
6 1089760051829 213
6 1089760051830 8
6 1089760051831 13
6 1089760051832 169
6 1089760051833 328
6 1089760051834 18
6 1089760051835 21
6 1089760051836 37
6 1089760051837 39
6 1089760051838 39
6 1089760051839 15
6 1089760051840 8
6 1089760051841 19
6 1089760051842 42
6 1089760051843 67
6 1089760051844 13
6 1089760051845 20
6 1089760051846 19
6 1089760051847 10
6 1089760051848 17
6 1089760051849 7
6 1089760051850 12
6 1089760051851 23
6 1089760051852 16
6 1089760051853 23
6 1089760051854 19
6 1089760051855 25
6 1089760051856 15
6 1089760051857 19
6 1089760051858 64
6 1089760051859 203
6 1089760051860 14
6 1089760051861 25
6 1089760051862 21
6 1089760051863 112
6 1089760051864 22
6 1089760051865 14
6 1089760051866 17
6 1089760051867 28
6 1089760051868 19
6 1089760051869 16
6 1089760051870 18
6 1089760051871 10
6 1089760051872 26
6 1089760051873 16
6 1089760051874 17
6 1089760051875 24
6 1089760051876 17
6 1089760051877 20
6 1089760051878 15
6 1089760051879 19
6 1089760051880 19
6 1089760051881 106
6 1089760051882 16
6 1089760051883 22
6 1089760051884 101
6 1089760051885 147
6 1089760051886 24
6 1089760051887 21
6 1089760051888 13
6 1089760051889 25
6 1089760051890 42
6 1089760051891 13
6 1089760051892 18
6 1089760051893 146
6 1089760051894 15
6 1089760051895 20
6 1089760051896 287
6 1089760051897 14
6 1089760051898 32
6 1089760051899 14
6 1089760051900 80
6 1089760051901 31
6 1089760051902 612
6 1089760051903 22
6 1089760051904 15
6 1089760051905 16
6 1089760051906 14
6 1089760051907 20
6 1089760051908 49
6 1089760051909 15
6 1089760051910 18
6 1089760051911 17
6 1089760051912 27
6 1089760051913 13
6 1089760051914 12
6 1089760051915 24
6 1089760051916 12
6 1089760051917 19
6 1089760051918 13
6 1089760051919 66
6 1089760051920 65
6 1089760051921 24
6 1089760051922 86
6 1089760051923 88
6 1089760051924 21
6 1089760051925 77
6 1089760051926 18
6 1089760051927 13
6 1089760051928 25
6 1089760051929 47
6 1089760051930 15
6 1089760051931 16
6 1089760051932 58
6 1089760051933 40
6 1089760051934 185
6 1089760051935 317
6 1089760051936 234
6 1089760051937 14
6 1089760051938 15
6 1089760051939 20
6 1089760051940 68
6 1089760051941 79
6 1089760051942 21
6 1089760051943 31
6 1089760051944 13
6 1089760051945 12
6 1089760051946 21
6 1089760051947 17
6 1089760051948 54
6 1089760051949 9
6 1089760051950 17
6 1089760051951 114
6 1089760051952 23
6 1089760051953 15
6 1089760051954 24
6 1089760051955 535
6 1089760051956 16
6 1089760051957 17
6 1089760051958 73
6 1089760051959 14
6 1089760051960 22
6 1089760051961 215
6 1089760051962 17
6 1089760051963 227
6 1089760051964 13
6 1089760051965 19
6 1089760051966 18
6 1089760051967 17
6 1089760051968 20
6 1089760051969 72
6 1089760051970 25
6 1089760051971 10
6 1089760051972 12
6 1089760051973 222
6 1089760051974 22
6 1089760051975 35
6 1089760051976 20
6 1089760051977 176
6 1089760051978 9
6 1089760051979 17
6 1089760051980 12
6 1089760051981 13
6 1089760051982 116
6 1089760051983 12
6 1089760051984 16
6 1089760051985 24
6 1089760051986 31
6 1089760051987 10
6 1089760051988 13
6 1089760051989 643
6 1089760051990 74
6 1089760051991 16
6 1089760051992 87
6 1089760051993 76
6 1089760051994 15
6 1089760051995 50
6 1089760051996 11
6 1089760051997 15
6 1089760051998 174
6 1089760051999 18
6 1089760052000 81
6 1089760052001 13
6 1089760052002 176
6 1089760052003 19
6 1089760052004 16
6 1089760052005 8
6 1089760052006 9
6 1089760052007 48
6 1089760052008 402
6 1089760052009 13
6 1089760052010 24
6 1089760052011 189
6 1089760052012 94
6 1089760052013 222
6 1089760052014 159
6 1089760052015 34
6 1089760052016 10
6 1089760052017 78
6 1089760052018 37
6 1089760052019 71
6 1089760052020 11
6 1089760052021 10
6 1089760052022 19
6 1089760052023 14
6 1089760052024 13
6 1089760052025 21
6 1089760052026 128
6 1089760052027 13
6 1089760052028 637
6 1089760052029 10
6 1089760052030 21
6 1089760052031 20
6 1089760052032 191
6 1089760052033 16
6 1089760052034 307
6 1089760052035 13
6 1089760052036 11
6 1089760052037 148
6 1089760052038 22
6 1089760052039 10
6 1089760052040 47
6 1089760052041 141
6 1089760052042 11
6 1089760052043 16
6 1089760052044 19
6 1089760052045 14
6 1089760052046 11
6 1089760052047 18
6 1089760052048 10
6 1089760052049 152
6 1089760052050 9
6 1089760052051 20
6 1089760052052 39
6 1089760052053 23
6 1089760052054 17
6 1089760052055 17
6 1089760052056 14
6 1089760052057 192
6 1089760052058 9
6 1089760052059 20
6 1089760052060 99
6 1089760052061 206
6 1089760052062 14
6 1089760052063 15
6 1089760052064 11
6 1089760052065 15
6 1089760052066 18
6 1089760052067 174
6 1089760052068 22
6 1089760052069 20
6 1089760052070 32
6 1089760052071 16
6 1089760052072 82
6 1089760052073 19
6 1089760052074 609
6 1089760052075 44
6 1089760052076 14
6 1089760052077 9
6 1089760052078 14
6 1089760052079 44
6 1089760052080 17
6 1089760052081 11
6 1089760052082 13
6 1089760052083 13
6 1089760052084 20
6 1089760052085 16
6 1089760052086 13
6 1089760052087 14
6 1089760052088 178
6 1089760052089 13
6 1089760052090 38
6 1089760052091 18
6 1089760052092 404
6 1089760052093 21
6 1089760052094 22
6 1089760052095 13
6 1089760052096 12
6 1089760052097 37
6 1089760052098 122
6 1089760052099 21
6 1089760052100 17
6 1089760052101 103
6 1089760052102 13
6 1089760052103 16
6 1089760052104 15
6 1089760052105 204
6 1089760052106 43
6 1089760052107 130
6 1089760052108 8
6 1089760052109 26
6 1089760052110 218
6 1089760052111 25
6 1089760052112 233
6 1089760052113 14
6 1089760052114 122
6 1089760052115 74
6 1089760052116 17
6 1089760052117 219
6 1089760052118 25
6 1089760052119 521
6 1089760052120 15
6 1089760052121 11
6 1089760052122 17
6 1089760052123 115
6 1089760052124 13
6 1089760052125 12
6 1089760052126 17
6 1089760052127 31
6 1089760052128 18
6 1089760052129 14
6 1089760052130 19
6 1089760052131 37
6 1089760052132 34
6 1089760052133 10
6 1089760052134 22
6 1089760052135 16
6 1089760052136 146
6 1089760052137 13
6 1089760052138 10
6 1089760052139 139
6 1089760052140 10
6 1089760052141 224
6 1089760052142 12
6 1089760052143 10
6 1089760052144 13
6 1089760052145 17
6 1089760052146 15
6 1089760052147 86
6 1089760052148 15
6 1089760052149 116
6 1089760052150 87
6 1089760052151 14
6 1089760052152 13
6 1089760052153 9
6 1089760052154 15
6 1089760052155 15
6 1089760052156 22
6 1089760052157 542
6 1089760052158 16
6 1089760052159 215
6 1089760052160 315
6 1089760052161 99
6 1089760052162 41
6 1089760052163 151
6 1089760052164 18
6 1089760052165 16
6 1089760052166 28
6 1089760052167 22
6 1089760052168 88
6 1089760052169 23
6 1089760052170 12
6 1089760052171 24
6 1089760052172 130
6 1089760052173 17
6 1089760052174 20
6 1089760052175 27
6 1089760052176 19
6 1089760052177 12
6 1089760052178 24
6 1089760052179 30
6 1089760052180 17
6 1089760052181 15
6 1089760052182 16
6 1089760052183 382
6 1089760052184 20
6 1089760052185 118
6 1089760052186 64
6 1089760052187 187
6 1089760052188 132
6 1089760052189 17
6 1089760052190 18
6 1089760052191 17
6 1089760052192 40
6 1089760052193 139
6 1089760052194 31
6 1089760052195 24
6 1089760052196 27
6 1089760052197 129
6 1089760052198 16
6 1089760052199 73
6 1089760052200 32
6 1089760052201 18
6 1089760052202 165
6 1089760052203 13
6 1089760052204 62
6 1089760052205 21
6 1089760052206 31
6 1089760052207 36
6 1089760052208 16
6 1089760052209 18
6 1089760052210 21
6 1089760052211 13
6 1089760052212 18
6 1089760052213 14
6 1089760052214 25
6 1089760052215 25
6 1089760052216 20
6 1089760052217 13
6 1089760052218 13
6 1089760052219 22
6 1089760052220 51
6 1089760052221 37
6 1089760052222 19
6 1089760052223 15
6 1089760052312 46
6 1089760052313 50
6 1089760052314 195
6 1089760052315 226
6 1089760052316 9
6 1089760052317 36
6 1089760052318 41
6 1089760052319 8
6 1089760052432 31
6 1089760052433 81
6 1089760052434 230
6 1089760052435 19
6 1089760052436 22
6 1089760052437 20
6 1089760052438 177
6 1089760052439 473
6 1089760052552 38
6 1089760052553 584
6 1089760052554 12
6 1089760052555 127
6 1089760052556 31
6 1089760052557 22
6 1089760052558 21
6 1089760052559 159
6 1089760052672 21
6 1089760052673 24
6 1089760052674 555
6 1089760052675 41
6 1089760052676 19
6 1089760052677 18
6 1089760052678 32
6 1089760052679 12
6 1089760052792 229
6 1089760052793 211
6 1089760052794 736
6 1089760052795 14
6 1089760052796 25
6 1089760052797 32
6 1089760052798 198
6 1089760052799 194
6 1089760052912 10
6 1089760052913 22
6 1089760052914 23
6 1089760052915 21
6 1089760052916 18
6 1089760052917 727
6 1089760052918 13
6 1089760052919 37
6 1089760053056 31
6 1089760053057 132
6 1089760053058 86
6 1089760053059 27
6 1089760053060 1008
6 1089760053061 22
6 1089760053062 24
6 1089760053063 19
6 1089760053096 25
6 1089760053097 63
6 1089760053098 17
6 1089760053099 18
6 1089760053100 26
6 1089760053101 1638
6 1089760053102 26
6 1089760053103 21
6 1089760053168 21
6 1089760053169 14
6 1089760053170 53
6 1089760053171 256
6 1089760053172 12
6 1089760053173 23
6 1089760053174 55
6 1089760053175 18
6 1089760053240 32
6 1089760053241 38
6 1089760053242 40
6 1089760053243 17
6 1089760053244 33
6 1089760053245 18
6 1089760053246 153
6 1089760053247 73
6 1089760053392 17
6 1089760053393 25
6 1089760053394 281
6 1089760053395 6
6 1089760053396 11
6 1089760053397 32
6 1089760053398 11
6 1089760053399 13
6 1089760053408 27
6 1089760053409 20
6 1089760053410 14
6 1089760053411 461
6 1089760053412 23
6 1089760053413 28
6 1089760053414 20
6 1089760053415 153
6 1089760053760 115
6 1089760053761 36
6 1089760053762 230
6 1089760053763 71
6 1089760053764 161
6 1089760053765 31
6 1089760053766 34
6 1089760053767 24
6 1089760053784 129
6 1089760053785 34
6 1089760053786 419
6 1089760053787 241
6 1089760053788 31
6 1089760053789 33
6 1089760053790 33
6 1089760053791 438
6 1089760053856 41
6 1089760053857 288
6 1089760053858 28
6 1089760053859 30
6 1089760053860 37
6 1089760053861 32
6 1089760053862 31
6 1089760053863 28
6 1089760054080 30
6 1089760054081 27
6 1089760054082 81
6 1089760054083 30
6 1089760054084 37
6 1089760054085 28
6 1089760054086 172
6 1089760054087 24
7 1089760034848 34
7 1089760034849 195
7 1089760034850 221
7 1089760034851 52
7 1089760034852 59
7 1089760034853 43
7 1089760034854 36
7 1089760034855 176
7 1089760034856 18
7 1089760034857 601
7 1089760034858 29
7 1089760034859 127
7 1089760034860 24
7 1089760034861 18
7 1089760034862 26
7 1089760034863 514
7 1089760035088 32
7 1089760035089 33
7 1089760035090 94
7 1089760035091 328
7 1089760035092 28
7 1089760035093 65
7 1089760035094 41
7 1089760035095 42
7 1089760035096 213
7 1089760035097 56
7 1089760035098 252
7 1089760035099 334
7 1089760035100 28
7 1089760035101 140
7 1089760035102 320
7 1089760035103 36
7 1089760035328 58
7 1089760035329 123
7 1089760035330 390
7 1089760035331 20
7 1089760035332 135
7 1089760035333 16
7 1089760035334 61
7 1089760035335 346
7 1089760035336 36
7 1089760035337 26
7 1089760035338 109
7 1089760035339 392
7 1089760035340 27
7 1089760035341 22
7 1089760035342 26
7 1089760035343 14
7 1089760035568 371
7 1089760035569 471
7 1089760035570 288
7 1089760035571 44
7 1089760035572 106
7 1089760035573 32
7 1089760035574 26
7 1089760035575 14
7 1089760035576 24
7 1089760035577 32
7 1089760035578 24
7 1089760035579 18
7 1089760035580 203
7 1089760035581 66
7 1089760035582 164
7 1089760035583 22
7 1089760035808 62
7 1089760035809 80
7 1089760035810 16
7 1089760035811 980
7 1089760035812 26
7 1089760035813 189
7 1089760035814 117
7 1089760035815 36
7 1089760035816 197
7 1089760035817 20
7 1089760035818 26
7 1089760035819 41
7 1089760035820 51
7 1089760035821 94
7 1089760035822 32
7 1089760035823 20
7 1089760036048 30
7 1089760036049 27
7 1089760036050 18
7 1089760036051 55
7 1089760036052 75
7 1089760036053 260
7 1089760036054 108
7 1089760036055 24
7 1089760036056 157
7 1089760036057 41
7 1089760036058 145
7 1089760036059 34
7 1089760036060 95
7 1089760036061 46
7 1089760036062 26
7 1089760036063 273
7 1089760036560 20
7 1089760036561 104
7 1089760036562 172
7 1089760036563 16
7 1089760036564 47
7 1089760036565 24
7 1089760036566 388
7 1089760036567 22
7 1089760036568 54
7 1089760036569 28
7 1089760036570 123
7 1089760036571 633
7 1089760036572 36
7 1089760036573 181
7 1089760036574 179
7 1089760036575 53
7 1089760036640 291
7 1089760036641 152
7 1089760036642 132
7 1089760036643 14
7 1089760036644 67
7 1089760036645 368
7 1089760036646 241
7 1089760036647 270
7 1089760036648 153
7 1089760036649 22
7 1089760036650 68
7 1089760036651 300
7 1089760036652 73
7 1089760036653 206
7 1089760036654 16
7 1089760036655 34
7 1089760036800 28
7 1089760036801 141
7 1089760036802 180
7 1089760036803 53
7 1089760036804 59
7 1089760036805 74
7 1089760036806 22
7 1089760036807 365
7 1089760036808 79
7 1089760036809 138
7 1089760036810 146
7 1089760036811 408
7 1089760036812 225
7 1089760036813 138
7 1089760036814 34
7 1089760036815 38
7 1089760036960 1756
7 1089760036961 23
7 1089760036962 178
7 1089760036963 40
7 1089760036964 23
7 1089760036965 149
7 1089760036966 28
7 1089760036967 30
7 1089760036968 604
7 1089760036969 92
7 1089760036970 22
7 1089760036971 47
7 1089760036972 97
7 1089760036973 25
7 1089760036974 18
7 1089760036975 148
7 1089760037568 68
7 1089760037569 91
7 1089760037570 224
7 1089760037571 24
7 1089760037572 18
7 1089760037573 22
7 1089760037574 36
7 1089760037575 385
7 1089760037576 245
7 1089760037577 26
7 1089760037578 509
7 1089760037579 30
7 1089760037580 22
7 1089760037581 20
7 1089760037582 28
7 1089760037583 111
7 1089760037664 77
7 1089760037665 340
7 1089760037666 128
7 1089760037667 41
7 1089760037668 26
7 1089760037669 16
7 1089760037670 158
7 1089760037671 168
7 1089760037672 31
7 1089760037673 231
7 1089760037674 26
7 1089760037675 54
7 1089760037676 42
7 1089760037677 186
7 1089760037678 296
7 1089760037679 69
7 1089760038224 8
7 1089760038225 18
7 1089760038226 8
7 1089760038227 8
7 1089760038228 8
7 1089760038229 12
7 1089760038230 6
7 1089760038231 10
7 1089760038232 18
7 1089760038233 8
7 1089760038234 117
7 1089760038235 33
7 1089760038236 12
7 1089760038237 10
7 1089760038238 16
7 1089760038239 6
7 1089760038560 10
7 1089760038561 88
7 1089760038562 32
7 1089760038563 10
7 1089760038564 214
7 1089760038565 10
7 1089760038566 133
7 1089760038567 10
7 1089760038568 8
7 1089760038569 8
7 1089760038570 16
7 1089760038571 6
7 1089760038572 10
7 1089760038573 12
7 1089760038574 6
7 1089760038575 220
7 1089760038720 6
7 1089760038721 8
7 1089760038722 6
7 1089760038723 6
7 1089760038724 6
7 1089760038725 20
7 1089760038726 10
7 1089760038727 14
7 1089760038728 16
7 1089760038729 161
7 1089760038730 10
7 1089760038731 10
7 1089760038732 8
7 1089760038733 14
7 1089760038734 8
7 1089760038735 10
7 1089760038768 16
7 1089760038769 10
7 1089760038770 295
7 1089760038771 12
7 1089760038772 10
7 1089760038773 14
7 1089760038774 48
7 1089760038775 92
7 1089760038776 16
7 1089760038777 68
7 1089760038778 4
7 1089760038779 30
7 1089760038780 10
7 1089760038781 109
7 1089760038782 324
7 1089760038783 14
7 1089760039006 13
7 1089760039007 16
7 1089760039008 138
7 1089760039009 68
7 1089760039010 180
7 1089760039011 85
7 1089760039012 207
7 1089760039013 14
7 1089760039014 23
7 1089760039015 26
7 1089760039016 135
7 1089760039017 230
7 1089760039018 24
7 1089760039019 17
7 1089760039020 59
7 1089760039021 19
7 1089760039022 361
7 1089760039023 66
7 1089760039024 142
7 1089760039025 5
7 1089760039026 24
7 1089760039027 48
7 1089760039028 46
7 1089760039029 32
7 1089760039030 33
7 1089760039031 57
7 1089760039032 29
7 1089760039033 30
7 1089760039034 25
7 1089760039035 14
7 1089760039036 22
7 1089760039037 22
7 1089760039038 27
7 1089760039039 17
7 1089760039040 15
7 1089760039041 38
7 1089760039042 230
7 1089760039043 22
7 1089760039044 4
7 1089760039045 10
7 1089760039046 162
7 1089760039047 11
7 1089760039048 22
7 1089760039049 133
7 1089760039050 19
7 1089760039051 332
7 1089760039052 5
7 1089760039726 38
7 1089760039727 25
7 1089760039728 21
7 1089760039729 29
7 1089760039730 282
7 1089760039731 144
7 1089760039732 38
7 1089760039733 39
7 1089760039734 55
7 1089760039735 10
7 1089760039736 14
7 1089760039737 95
7 1089760039738 486
7 1089760039739 212
7 1089760039740 93
7 1089760039741 12
7 1089760039742 101
7 1089760039743 180
7 1089760039744 10
7 1089760039745 14
7 1089760039746 6
7 1089760039747 16
7 1089760039748 25
7 1089760039749 299
7 1089760039750 95
7 1089760039751 78
7 1089760039752 48
7 1089760039753 34
7 1089760039754 292
7 1089760039755 40
7 1089760039756 73
7 1089760039757 18
7 1089760039758 26
7 1089760039759 33
7 1089760039760 2
7 1089760039761 34
7 1089760039762 97
7 1089760039763 14
7 1089760039764 86
7 1089760039765 25
7 1089760039766 273
7 1089760039767 11
7 1089760039768 177
7 1089760039769 178
7 1089760039770 29
7 1089760039771 24
7 1089760039772 58
7 1089760039773 24
7 1089760039774 313
7 1089760039775 13
7 1089760040441 4
7 1089760040442 26
7 1089760040443 7
7 1089760040444 29
7 1089760040445 98
7 1089760040446 190
7 1089760040447 26
7 1089760040448 56
7 1089760040449 88
7 1089760040450 75
7 1089760040451 18
7 1089760040452 12
7 1089760040453 18
7 1089760040454 6
7 1089760040455 299
7 1089760040456 15
7 1089760040457 94
7 1089760040458 19
7 1089760040459 246
7 1089760040460 499
7 1089760040461 14
7 1089760040462 147
7 1089760040463 34
7 1089760040464 100
7 1089760040465 46
7 1089760040466 143
7 1089760040467 55
7 1089760040468 234
7 1089760040469 24
7 1089760040470 17
7 1089760040471 325
7 1089760040472 84
7 1089760040473 395
7 1089760040474 54
7 1089760040475 134
7 1089760040476 25
7 1089760040477 133
7 1089760040478 8
7 1089760040479 389
7 1089760040480 2
7 1089760040481 412
7 1089760040482 19
7 1089760040483 10
7 1089760040484 55
7 1089760040485 32
7 1089760040486 126
7 1089760040487 22
7 1089760040488 211
7 1089760040489 23
7 1089760041153 7
7 1089760041154 18
7 1089760041155 362
7 1089760041156 23
7 1089760041157 18
7 1089760041158 21
7 1089760041159 147
7 1089760041160 33
7 1089760041161 192
7 1089760041162 106
7 1089760041163 142
7 1089760041164 18
7 1089760041165 74
7 1089760041166 172
7 1089760041167 455
7 1089760041168 692
7 1089760041169 155
7 1089760041170 310
7 1089760041171 264
7 1089760041172 15
7 1089760041173 22
7 1089760041174 22
7 1089760041175 7
7 1089760041176 9
7 1089760041177 482
7 1089760041178 124
7 1089760041179 20
7 1089760041180 628
7 1089760041181 60
7 1089760041182 140
7 1089760041183 26
7 1089760041184 29
7 1089760041185 28
7 1089760041186 12
7 1089760041187 23
7 1089760041188 9
7 1089760041189 172
7 1089760041190 93
7 1089760041191 24
7 1089760041192 66
7 1089760041193 9
7 1089760041194 29
7 1089760041195 66
7 1089760041196 181
7 1089760041197 81
7 1089760041198 20
7 1089760041875 8
7 1089760041876 28
7 1089760041877 34
7 1089760041878 992
7 1089760041879 51
7 1089760041880 107
7 1089760041881 18
7 1089760041882 472
7 1089760041883 92
7 1089760041884 137
7 1089760041885 65
7 1089760041886 346
7 1089760041887 15
7 1089760041889 176
7 1089760041890 99
7 1089760041891 21
7 1089760041892 25
7 1089760041893 132
7 1089760041894 25
7 1089760041895 155
7 1089760041896 56
7 1089760041897 16
7 1089760041898 87
7 1089760041899 169
7 1089760041900 27
7 1089760041901 14
7 1089760041902 20
7 1089760041903 30
7 1089760041904 135
7 1089760041905 18
7 1089760041906 117
7 1089760041907 153
7 1089760041908 12
7 1089760041909 212
7 1089760041910 552
7 1089760041911 6
7 1089760041912 143
7 1089760041913 27
7 1089760041914 224
7 1089760041915 27
7 1089760041916 39
7 1089760041917 188
7 1089760041918 34
7 1089760041919 22
7 1089760041920 77
7 1089760041921 18
7 1089760041922 159
7 1089760041923 15
7 1089760041924 21
7 1089760041925 8
7 1089760041926 155
7 1089760041927 30
7 1089760042608 6
7 1089760042609 18
7 1089760042610 291
7 1089760042611 417
7 1089760042612 185
7 1089760042613 36
7 1089760042614 36
7 1089760042615 188
7 1089760042616 302
7 1089760042617 14
7 1089760042618 21
7 1089760042619 78
7 1089760042620 406
7 1089760042621 63
7 1089760042622 73
7 1089760042623 17
7 1089760042624 44
7 1089760042625 196
7 1089760042626 210
7 1089760042627 118
7 1089760042628 13
7 1089760042629 368
7 1089760042630 92
7 1089760042631 18
7 1089760042632 49
7 1089760042633 58
7 1089760042634 15
7 1089760042635 26
7 1089760042636 23
7 1089760042637 200
7 1089760042638 11
7 1089760042639 154
7 1089760042640 223
7 1089760042641 510
7 1089760042642 42
7 1089760042643 142
7 1089760042644 62
7 1089760042645 143
7 1089760042646 34
7 1089760042647 18
7 1089760042648 248
7 1089760042649 15
7 1089760042650 24
7 1089760042651 21
7 1089760042652 208
7 1089760042653 89
7 1089760042654 524
7 1089760042655 24
7 1089760042656 15
7 1089760044139 11
7 1089760044140 10
7 1089760044141 23
7 1089760044142 585
7 1089760044143 9
7 1089760044144 25
7 1089760044145 23
7 1089760044146 9
7 1089760044147 224
7 1089760044148 122
7 1089760044149 13
7 1089760044150 20
7 1089760044151 31
7 1089760044152 285
7 1089760044153 171
7 1089760044154 19
7 1089760044155 136
7 1089760044156 34
7 1089760044157 135
7 1089760044158 31
7 1089760044159 23
7 1089760044160 20
7 1089760044161 141
7 1089760044162 337
7 1089760044163 19
7 1089760044164 17
7 1089760044165 19
7 1089760044166 24
7 1089760044167 14
7 1089760044168 16
7 1089760044169 18
7 1089760044170 21
7 1089760044171 165
7 1089760044172 12
7 1089760044173 31
7 1089760044174 17
7 1089760044175 17
7 1089760044176 87
7 1089760044177 25
7 1089760044178 164
7 1089760044179 18
7 1089760044180 20
7 1089760044181 16
7 1089760044182 220
7 1089760044183 210
7 1089760044184 45
7 1089760044185 8
7 1089760044186 16
7 1089760044187 379
7 1089760044188 5
7 1089760044381 14
7 1089760044382 18
7 1089760044383 186
7 1089760044384 9
7 1089760044385 19
7 1089760044386 144
7 1089760044387 191
7 1089760044388 47
7 1089760044389 39
7 1089760044390 147
7 1089760044391 27
7 1089760044392 18
7 1089760044393 110
7 1089760044394 16
7 1089760044395 25
7 1089760044396 218
7 1089760044397 16
7 1089760044398 24
7 1089760044399 555
7 1089760044400 23
7 1089760044401 22
7 1089760044402 23
7 1089760044403 23
7 1089760044404 1146
7 1089760044405 1159
7 1089760044406 167
7 1089760044407 12
7 1089760044408 243
7 1089760044409 74
7 1089760044410 24
7 1089760044411 605
7 1089760044412 9
7 1089760044413 20
7 1089760044414 19
7 1089760044415 16
7 1089760044416 82
7 1089760044417 191
7 1089760044418 23
7 1089760044419 45
7 1089760044420 252
7 1089760044421 34
7 1089760044422 17
7 1089760044423 63
7 1089760044424 74
7 1089760044425 244
7 1089760044426 30
7 1089760044427 20
7 1089760044428 162
7 1089760044429 160
7 1089760044430 69
7 1089760044431 86
7 1089760044867 51
7 1089760044868 41
7 1089760044869 339
7 1089760044870 66
7 1089760044871 39
7 1089760044872 47
7 1089760044873 142
7 1089760044874 35
7 1089760044875 16
7 1089760044876 13
7 1089760044877 32
7 1089760044878 17
7 1089760044879 21
7 1089760044880 364
7 1089760044881 80
7 1089760044882 180
7 1089760044883 18
7 1089760044884 23
7 1089760044885 18
7 1089760044886 107
7 1089760044887 7
7 1089760044888 35
7 1089760044889 57
7 1089760044890 28
7 1089760044891 88
7 1089760044892 115
7 1089760044893 43
7 1089760044894 21
7 1089760044895 57
7 1089760044896 31
7 1089760044897 101
7 1089760044898 29
7 1089760044899 22
7 1089760044900 17
7 1089760044901 924
7 1089760044902 220
7 1089760044903 180
7 1089760044904 383
7 1089760044905 19
7 1089760044906 20
7 1089760044907 14
7 1089760044908 15
7 1089760044909 147
7 1089760044910 40
7 1089760044911 18
7 1089760044912 88
7 1089760044913 485
7 1089760044914 190
7 1089760044915 12
7 1089760044916 8
7 1089760045347 13
7 1089760045348 59
7 1089760045349 275
7 1089760045350 32
7 1089760045351 166
7 1089760045352 537
7 1089760045353 20
7 1089760045354 167
7 1089760045355 21
7 1089760045356 307
7 1089760045357 26
7 1089760045358 176
7 1089760045359 18
7 1089760045360 151
7 1089760045361 68
7 1089760045362 24
7 1089760045363 159
7 1089760045364 352
7 1089760045365 25
7 1089760045366 25
7 1089760045367 111
7 1089760045368 376
7 1089760045369 26
7 1089760045370 136
7 1089760045371 26
7 1089760045372 15
7 1089760045373 14
7 1089760045374 43
7 1089760045375 35
7 1089760045376 492
7 1089760045377 19
7 1089760045378 15
7 1089760045379 8
7 1089760045380 11
7 1089760045381 87
7 1089760045382 214
7 1089760045383 23
7 1089760045384 15
7 1089760045385 85
7 1089760045386 45
7 1089760045387 80
7 1089760045388 12
7 1089760045389 102
7 1089760045390 17
7 1089760045391 13
7 1089760045392 10
7 1089760045393 36
7 1089760045394 29
7 1089760045395 6
7 1089760047175 2
7 1089760047176 15
7 1089760047177 14
7 1089760047178 94
7 1089760047179 14
7 1089760047180 1303
7 1089760047181 69
7 1089760047182 172
7 1089760047183 51
7 1089760047184 20
7 1089760047185 47
7 1089760047186 282
7 1089760047187 293
7 1089760047188 419
7 1089760047189 75
7 1089760047190 14
7 1089760047191 71
7 1089760047192 26
7 1089760047193 21
7 1089760047194 22
7 1089760047195 33
7 1089760047196 63
7 1089760047197 13
7 1089760047198 24
7 1089760047199 17
7 1089760047200 12
7 1089760047201 359
7 1089760047202 217
7 1089760047203 20
7 1089760047204 18
7 1089760047205 7
7 1089760047206 26
7 1089760047207 18
7 1089760047208 645
7 1089760047209 14
7 1089760047210 34
7 1089760047211 124
7 1089760047212 12
7 1089760047213 68
7 1089760047214 736
7 1089760047215 125
7 1089760047216 40
7 1089760047217 11
7 1089760047218 15
7 1089760047219 379
7 1089760047220 66
7 1089760047221 277
7 1089760047222 315
7 1089760047223 8
7 1089760047462 311
7 1089760047463 20
7 1089760047464 18
7 1089760047465 18
7 1089760047466 21
7 1089760047467 10
7 1089760047468 27
7 1089760047469 410
7 1089760047470 149
7 1089760047471 820
7 1089760047472 30
7 1089760047473 108
7 1089760047474 9
7 1089760047475 14
7 1089760047476 16
7 1089760047477 8
7 1089760047478 174
7 1089760047479 216
7 1089760047480 15
7 1089760047481 6
7 1089760047482 91
7 1089760047483 80
7 1089760047484 13
7 1089760047485 26
7 1089760047486 23
7 1089760047487 25
7 1089760047488 60
7 1089760047489 153
7 1089760047490 67
7 1089760047491 84
7 1089760047492 24
7 1089760047493 25
7 1089760047494 53
7 1089760047495 20
7 1089760047496 53
7 1089760047497 88
7 1089760047498 9
7 1089760047499 267
7 1089760047500 16
7 1089760047501 23
7 1089760047502 20
7 1089760047503 25
7 1089760047504 19
7 1089760047505 205
7 1089760047506 12
7 1089760047507 1425
7 1089760049139 142
7 1089760049140 11
7 1089760049141 9
7 1089760049142 737
7 1089760049143 4
7 1089760049144 3
7 1089760049145 10
7 1089760049146 7
7 1089760049147 6
7 1089760049148 7
7 1089760049150 8
7 1089760049151 3
7 1089760049152 8
7 1089760049153 8
7 1089760049154 8
7 1089760049155 14
7 1089760049157 23
7 1089760049159 172
7 1089760049160 4
7 1089760049161 18
7 1089760049162 12
7 1089760049163 14
7 1089760049165 234
7 1089760049166 9
7 1089760049167 5
7 1089760049168 10
7 1089760049169 7
7 1089760049170 2
7 1089760049171 11
7 1089760049172 23
7 1089760049173 10
7 1089760049174 15
7 1089760049175 18
7 1089760049176 9
7 1089760049177 37
7 1089760049178 14
7 1089760049179 4
7 1089760049180 9
7 1089760049181 5
7 1089760049182 5
7 1089760049183 11
7 1089760049184 9
7 1089760049185 4
7 1089760049186 4
7 1089760049187 97
7 1089760050149 5
7 1089760050150 80
7 1089760050151 127
7 1089760050152 369
7 1089760050153 1
7 1089760050154 7
7 1089760050155 5
7 1089760050156 127
7 1089760050158 3
7 1089760050159 42
7 1089760050160 12
7 1089760050161 23
7 1089760050162 27
7 1089760050163 21
7 1089760050164 19
7 1089760050165 8
7 1089760050166 14
7 1089760050167 2
7 1089760050168 8
7 1089760050170 8
7 1089760050171 14
7 1089760050173 195
7 1089760050174 17
7 1089760050175 4
7 1089760050176 4
7 1089760050178 7
7 1089760050179 66
7 1089760050180 7
7 1089760050181 19
7 1089760050182 12
7 1089760050183 4
7 1089760050184 11
7 1089760050185 14
7 1089760050186 14
7 1089760050187 1
7 1089760050188 138
7 1089760050189 476
7 1089760050190 15
7 1089760050191 1
7 1089760050192 6
7 1089760050194 6
7 1089760050195 10
7 1089760050196 12
7 1089760050632 711
7 1089760050634 9
7 1089760050635 10
7 1089760050636 6
7 1089760050637 9
7 1089760050638 1698
7 1089760050639 151
7 1089760050640 4
7 1089760050641 7
7 1089760050642 211
7 1089760050643 10
7 1089760050645 6
7 1089760050646 5
7 1089760050647 14
7 1089760050648 16
7 1089760050649 14
7 1089760050650 15
7 1089760050652 21
7 1089760050653 14
7 1089760050654 15
7 1089760050656 27
7 1089760050657 6
7 1089760050658 12
7 1089760050659 5
7 1089760050660 14
7 1089760050661 224
7 1089760050663 14
7 1089760050664 5
7 1089760050665 19
7 1089760050666 23
7 1089760050667 8
7 1089760050668 2
7 1089760050669 14
7 1089760050670 10
7 1089760050671 16
7 1089760050672 1
7 1089760050673 25
7 1089760050674 4
7 1089760050675 10
7 1089760050676 32
7 1089760050677 18
7 1089760050771 12
7 1089760050772 6
7 1089760050773 7
7 1089760050774 11
7 1089760050775 3
7 1089760050776 13
7 1089760050777 21
7 1089760050778 9
7 1089760050780 666
7 1089760050782 27
7 1089760050783 3
7 1089760050784 11
7 1089760050785 4
7 1089760050786 30
7 1089760050787 6
7 1089760050788 12
7 1089760050789 19
7 1089760050791 7
7 1089760050792 4
7 1089760050794 7
7 1089760050795 8
7 1089760050796 9
7 1089760050797 12
7 1089760050798 123
7 1089760050799 16
7 1089760050800 10
7 1089760050801 4
7 1089760050802 15
7 1089760050803 2
7 1089760050804 230
7 1089760050805 13
7 1089760050806 18
7 1089760050807 14
7 1089760050808 13
7 1089760050809 6
7 1089760050810 6
7 1089760050811 10
7 1089760050812 16
7 1089760050814 2
7 1089760050815 10
7 1089760050816 21
7 1089760050817 12
7 1089760050818 7
7 1089760050819 4
7 1089760051204 4
7 1089760051205 4
7 1089760051234 4
7 1089760051235 4
7 1089760051264 4
7 1089760051265 4
7 1089760051294 4
7 1089760051295 4
7 1089760051324 4
7 1089760051325 4
7 1089760051354 4
7 1089760051355 4
7 1089760051418 4
7 1089760051419 4
7 1089760051428 4
7 1089760051429 4
7 1089760051448 4
7 1089760051449 4
7 1089760051468 4
7 1089760051469 4
7 1089760051544 4
7 1089760051545 7
7 1089760051556 4
7 1089760051557 142
7 1089760051626 4
7 1089760051627 4
7 1089760051668 4
7 1089760051669 4
7 1089760051688 4
7 1089760051689 4
7 1089760051694 95
7 1089760051695 4
7 1089760051712 26
7 1089760051713 328
7 1089760051714 146
7 1089760051715 159
7 1089760051716 248
7 1089760051717 17
7 1089760051718 23
7 1089760051719 199
7 1089760051720 179
7 1089760051721 403
7 1089760051722 72
7 1089760051723 21
7 1089760051724 20
7 1089760051725 70
7 1089760051726 23
7 1089760051727 303
7 1089760051728 51
7 1089760051729 44
7 1089760051730 62
7 1089760051731 635
7 1089760051732 133
7 1089760051733 165
7 1089760051734 232
7 1089760051735 46
7 1089760051736 882
7 1089760051737 336
7 1089760051738 28
7 1089760051739 98
7 1089760051740 47
7 1089760051741 62
7 1089760051742 515
7 1089760051743 148
7 1089760051744 90
7 1089760051745 62
7 1089760051746 31
7 1089760051747 99
7 1089760051748 79
7 1089760051749 41
7 1089760051750 31
7 1089760051751 140
7 1089760051752 77
7 1089760051753 560
7 1089760051754 644
7 1089760051755 32
7 1089760051756 157
7 1089760051757 28
7 1089760051758 47
7 1089760051759 152
7 1089760051760 52
7 1089760051761 370
7 1089760051762 87
7 1089760051763 37
7 1089760051764 443
7 1089760051765 368
7 1089760051766 182
7 1089760051767 23
7 1089760051768 41
7 1089760051769 42
7 1089760051770 150
7 1089760051771 35
7 1089760051772 179
7 1089760051773 49
7 1089760051774 108
7 1089760051775 40
7 1089760051776 137
7 1089760051777 158
7 1089760051778 23
7 1089760051779 71
7 1089760051780 87
7 1089760051781 49
7 1089760051782 103
7 1089760051783 131
7 1089760051784 418
7 1089760051785 77
7 1089760051786 75
7 1089760051787 49
7 1089760051788 31
7 1089760051789 283
7 1089760051790 31
7 1089760051791 292
7 1089760051792 28
7 1089760051793 51
7 1089760051794 201
7 1089760051795 272
7 1089760051796 43
7 1089760051797 29
7 1089760051798 27
7 1089760051799 849
7 1089760051800 188
7 1089760051801 125
7 1089760051802 129
7 1089760051803 105
7 1089760051804 145
7 1089760051805 381
7 1089760051806 368
7 1089760051807 933
7 1089760051808 46
7 1089760051809 34
7 1089760051810 82
7 1089760051811 33
7 1089760051812 119
7 1089760051813 71
7 1089760051814 615
7 1089760051815 275
7 1089760051816 41
7 1089760051817 195
7 1089760051818 30
7 1089760051819 32
7 1089760051820 331
7 1089760051821 217
7 1089760051822 34
7 1089760051823 37
7 1089760051824 25
7 1089760051825 28
7 1089760051826 24
7 1089760051827 261
7 1089760051828 83
7 1089760051829 426
7 1089760051830 66
7 1089760051831 171
7 1089760051832 211
7 1089760051833 205
7 1089760051834 896
7 1089760051835 65
7 1089760051836 237
7 1089760051837 617
7 1089760051838 59
7 1089760051839 447
7 1089760051840 191
7 1089760051841 173
7 1089760051842 22
7 1089760051843 56
7 1089760051844 16
7 1089760051845 49
7 1089760051846 37
7 1089760051847 353
7 1089760051848 23
7 1089760051849 92
7 1089760051850 222
7 1089760051851 36
7 1089760051852 28
7 1089760051853 27
7 1089760051854 343
7 1089760051855 53
7 1089760051856 273
7 1089760051857 47
7 1089760051858 177
7 1089760051859 34
7 1089760051860 139
7 1089760051861 26
7 1089760051862 24
7 1089760051863 186
7 1089760051864 37
7 1089760051865 528
7 1089760051866 21
7 1089760051867 64
7 1089760051868 182
7 1089760051869 1363
7 1089760051870 516
7 1089760051871 99
7 1089760051872 53
7 1089760051873 383
7 1089760051874 44
7 1089760051875 163
7 1089760051876 64
7 1089760051877 473
7 1089760051878 21
7 1089760051879 203
7 1089760051880 22
7 1089760051881 365
7 1089760051882 34
7 1089760051883 38
7 1089760051884 126
7 1089760051885 152
7 1089760051886 34
7 1089760051887 175
7 1089760051888 34
7 1089760051889 264
7 1089760051890 149
7 1089760051891 50
7 1089760051892 166
7 1089760051893 196
7 1089760051894 118
7 1089760051895 377
7 1089760051896 202
7 1089760051897 74
7 1089760051898 563
7 1089760051899 161
7 1089760051900 32
7 1089760051901 26
7 1089760051902 1142
7 1089760051903 29
7 1089760051904 317
7 1089760051905 135
7 1089760051906 431
7 1089760051907 180
7 1089760051908 1761
7 1089760051909 92
7 1089760051910 171
7 1089760051911 205
7 1089760051912 99
7 1089760051913 32
7 1089760051914 20
7 1089760051915 73
7 1089760051916 165
7 1089760051917 29
7 1089760051918 50
7 1089760051919 72
7 1089760051920 50
7 1089760051921 300
7 1089760051922 244
7 1089760051923 24
7 1089760051924 187
7 1089760051925 158
7 1089760051926 212
7 1089760051927 22
7 1089760051928 44
7 1089760051929 277
7 1089760051930 25
7 1089760051931 208
7 1089760051932 58
7 1089760051933 61
7 1089760051934 107
7 1089760051935 148
7 1089760051936 42
7 1089760051937 30
7 1089760051938 22
7 1089760051939 73
7 1089760051940 27
7 1089760051941 28
7 1089760051942 152
7 1089760051943 56
7 1089760051944 222
7 1089760051945 46
7 1089760051946 30
7 1089760051947 237
7 1089760051948 293
7 1089760051949 121
7 1089760051950 117
7 1089760051951 23
7 1089760051952 172
7 1089760051953 28
7 1089760051954 37
7 1089760051955 945
7 1089760051956 184
7 1089760051957 38
7 1089760051958 18
7 1089760051959 34
7 1089760051960 84
7 1089760051961 25
7 1089760051962 355
7 1089760051963 20
7 1089760051964 255
7 1089760051965 90
7 1089760051966 208
7 1089760051967 31
7 1089760051968 278
7 1089760051969 146
7 1089760051970 34
7 1089760051971 23
7 1089760051972 101
7 1089760051973 415
7 1089760051974 39
7 1089760051975 217
7 1089760051976 19
7 1089760051977 33
7 1089760051978 51
7 1089760051979 175
7 1089760051980 262
7 1089760051981 62
7 1089760051982 60
7 1089760051983 84
7 1089760051984 162
7 1089760051985 193
7 1089760051986 469
7 1089760051987 52
7 1089760051988 38
7 1089760051989 45
7 1089760051990 47
7 1089760051991 552
7 1089760051992 22
7 1089760051993 347
7 1089760051994 16
7 1089760051995 94
7 1089760051996 297
7 1089760051997 20
7 1089760051998 673
7 1089760051999 37
7 1089760052000 31
7 1089760052001 44
7 1089760052002 42
7 1089760052003 42
7 1089760052004 39
7 1089760052005 58
7 1089760052006 35
7 1089760052007 63
7 1089760052008 257
7 1089760052009 27
7 1089760052010 114
7 1089760052011 47
7 1089760052012 262
7 1089760052013 410
7 1089760052014 36
7 1089760052015 46
7 1089760052016 49
7 1089760052017 60
7 1089760052018 34
7 1089760052019 31
7 1089760052020 22
7 1089760052021 22
7 1089760052022 289
7 1089760052023 525
7 1089760052024 972
7 1089760052025 67
7 1089760052026 57
7 1089760052027 150
7 1089760052028 86
7 1089760052029 19
7 1089760052030 76
7 1089760052031 467
7 1089760052032 36
7 1089760052033 165
7 1089760052034 29
7 1089760052035 18
7 1089760052036 1235
7 1089760052037 23
7 1089760052038 56
7 1089760052039 40
7 1089760052040 42
7 1089760052041 226
7 1089760052042 59
7 1089760052043 172
7 1089760052044 34
7 1089760052045 371
7 1089760052046 60
7 1089760052047 50
7 1089760052048 102
7 1089760052049 255
7 1089760052050 35
7 1089760052051 49
7 1089760052052 633
7 1089760052053 1273
7 1089760052054 39
7 1089760052055 399
7 1089760052056 42
7 1089760052057 21
7 1089760052058 164
7 1089760052059 32
7 1089760052060 36
7 1089760052061 123
7 1089760052062 62
7 1089760052063 172
7 1089760052064 39
7 1089760052065 66
7 1089760052066 181
7 1089760052067 37
7 1089760052068 40
7 1089760052069 154
7 1089760052070 53
7 1089760052071 69
7 1089760052072 68
7 1089760052073 251
7 1089760052074 40
7 1089760052075 550
7 1089760052076 1669
7 1089760052077 641
7 1089760052078 291
7 1089760052079 245
7 1089760052080 143
7 1089760052081 32
7 1089760052082 29
7 1089760052083 285
7 1089760052084 108
7 1089760052085 80
7 1089760052086 273
7 1089760052087 430
7 1089760052088 819
7 1089760052089 127
7 1089760052090 27
7 1089760052091 198
7 1089760052092 123
7 1089760052093 31
7 1089760052094 47
7 1089760052095 195
7 1089760052096 149
7 1089760052097 73
7 1089760052098 113
7 1089760052099 86
7 1089760052100 18
7 1089760052101 44
7 1089760052102 36
7 1089760052103 29
7 1089760052104 87
7 1089760052105 317
7 1089760052106 210
7 1089760052107 251
7 1089760052108 90
7 1089760052109 99
7 1089760052110 194
7 1089760052111 112
7 1089760052112 24
7 1089760052113 29
7 1089760052114 79
7 1089760052115 23
7 1089760052116 250
7 1089760052117 107
7 1089760052118 27
7 1089760052119 222
7 1089760052120 41
7 1089760052121 62
7 1089760052122 41
7 1089760052123 68
7 1089760052124 561
7 1089760052125 35
7 1089760052126 61
7 1089760052127 22
7 1089760052128 33
7 1089760052129 73
7 1089760052130 70
7 1089760052131 28
7 1089760052132 131
7 1089760052133 36
7 1089760052134 48
7 1089760052135 49
7 1089760052136 33
7 1089760052137 435
7 1089760052138 124
7 1089760052139 53
7 1089760052140 591
7 1089760052141 104
7 1089760052142 184
7 1089760052143 51
7 1089760052144 102
7 1089760052145 362
7 1089760052146 15
7 1089760052147 148
7 1089760052148 833
7 1089760052149 64
7 1089760052150 54
7 1089760052151 42
7 1089760052152 451
7 1089760052153 1726
7 1089760052154 62
7 1089760052155 451
7 1089760052156 53
7 1089760052157 770
7 1089760052158 257
7 1089760052159 89
7 1089760052160 39
7 1089760052161 27
7 1089760052162 282
7 1089760052163 117
7 1089760052164 63
7 1089760052165 51
7 1089760052166 28
7 1089760052167 375
7 1089760052168 89
7 1089760052169 582
7 1089760052170 48
7 1089760052171 22
7 1089760052172 26
7 1089760052173 46
7 1089760052174 118
7 1089760052175 32
7 1089760052176 29
7 1089760052177 572
7 1089760052178 37
7 1089760052179 24
7 1089760052180 362
7 1089760052181 27
7 1089760052182 29
7 1089760052183 151
7 1089760052184 163
7 1089760052185 128
7 1089760052186 28
7 1089760052187 121
7 1089760052188 22
7 1089760052189 589
7 1089760052190 28
7 1089760052191 253
7 1089760052192 533
7 1089760052193 22
7 1089760052194 583
7 1089760052195 36
7 1089760052196 66
7 1089760052197 28
7 1089760052198 201
7 1089760052199 13
7 1089760052200 14
7 1089760052201 22
7 1089760052202 27
7 1089760052203 33
7 1089760052204 113
7 1089760052205 80
7 1089760052206 30
7 1089760052207 60
7 1089760052208 81
7 1089760052209 36
7 1089760052210 48
7 1089760052211 50
7 1089760052212 530
7 1089760052213 32
7 1089760052214 779
7 1089760052215 246
7 1089760052216 24
7 1089760052217 30
7 1089760052218 113
7 1089760052219 21
7 1089760052220 124
7 1089760052221 34
7 1089760052222 35
7 1089760052223 646
7 1089760052240 17
7 1089760052241 17
7 1089760052242 105
7 1089760052243 30
7 1089760052244 159
7 1089760052245 37
7 1089760052246 208
7 1089760052247 16
7 1089760052360 132
7 1089760052361 20
7 1089760052362 270
7 1089760052363 31
7 1089760052364 47
7 1089760052365 32
7 1089760052366 47
7 1089760052367 354
7 1089760052480 15
7 1089760052481 45
7 1089760052482 9
7 1089760052483 54
7 1089760052484 148
7 1089760052485 305
7 1089760052486 13
7 1089760052487 11
7 1089760052600 12
7 1089760052601 73
7 1089760052602 19
7 1089760052603 160
7 1089760052604 19
7 1089760052605 81
7 1089760052606 14
7 1089760052607 41
7 1089760052720 15
7 1089760052721 250
7 1089760052722 21
7 1089760052723 18
7 1089760052724 146
7 1089760052725 348
7 1089760052726 18
7 1089760052727 22
7 1089760052840 18
7 1089760052841 17
7 1089760052842 91
7 1089760052843 29
7 1089760052844 148
7 1089760052845 142
7 1089760052846 16
7 1089760052847 103
7 1089760053096 108
7 1089760053097 160
7 1089760053098 21
7 1089760053099 19
7 1089760053100 12
7 1089760053101 9
7 1089760053102 20
7 1089760053103 19
7 1089760053136 33
7 1089760053137 313
7 1089760053138 64
7 1089760053139 16
7 1089760053140 72
7 1089760053141 717
7 1089760053142 38
7 1089760053143 22
7 1089760053216 15
7 1089760053217 16
7 1089760053218 45
7 1089760053219 18
7 1089760053220 18
7 1089760053221 25
7 1089760053222 21
7 1089760053223 66
7 1089760053296 14
7 1089760053297 152
7 1089760053298 89
7 1089760053299 15
7 1089760053300 16
7 1089760053301 18
7 1089760053302 9
7 1089760053303 12
7 1089760053600 15
7 1089760053601 18
7 1089760053602 468
7 1089760053603 38
7 1089760053604 16
7 1089760053605 209
7 1089760053606 14
7 1089760053607 201
7 1089760053648 178
7 1089760053649 10
7 1089760053650 11
7 1089760053651 56
7 1089760053652 47
7 1089760053653 15
7 1089760053654 9
7 1089760053655 14
7 1089760053928 5
7 1089760053929 1
7 1089760053930 3
7 1089760053931 3
7 1089760053932 7
7 1089760053933 7
7 1089760053934 3
7 1089760053935 4
7 1089760054096 4
7 1089760054097 3
7 1089760054098 6
7 1089760054099 2
7 1089760054100 2
7 1089760054101 5
7 1089760054102 5
7 1089760054103 4
7 1089760054176 2
7 1089760054178 7
7 1089760054179 6
7 1089760054180 8
7 1089760054181 3
7 1089760054182 4
7 1089760054183 3
7 1089760054200 6
7 1089760054201 3
7 1089760054202 5
7 1089760054203 4
7 1089760054204 4
7 1089760054205 1
7 1089760054206 3
7 1089760054207 4
8 1089760034816 4
8 1089760034817 2
8 1089760034818 2
8 1089760034819 2
8 1089760034821 2
8 1089760034822 4
8 1089760034823 2
8 1089760034824 4
8 1089760034825 3
8 1089760034826 6
8 1089760034827 2
8 1089760034829 2
8 1089760034830 38
8 1089760035056 4
8 1089760035057 2
8 1089760035058 2
8 1089760035059 2
8 1089760035060 109
8 1089760035061 7
8 1089760035063 2
8 1089760035064 4
8 1089760035065 4
8 1089760035066 4
8 1089760035067 6
8 1089760035068 4
8 1089760035069 6
8 1089760035070 4
8 1089760035071 4
8 1089760035297 4
8 1089760035298 4
8 1089760035301 4
8 1089760035302 6
8 1089760035303 4
8 1089760035304 2
8 1089760035306 2
8 1089760035307 2
8 1089760035308 4
8 1089760035309 2
8 1089760035311 92
8 1089760035536 6
8 1089760035537 6
8 1089760035539 2
8 1089760035541 4
8 1089760035542 4
8 1089760035543 4
8 1089760035545 397
8 1089760035547 2
8 1089760035548 2
8 1089760035549 2
8 1089760035551 2
8 1089760035777 2
8 1089760035778 4
8 1089760035779 4
8 1089760035781 2
8 1089760035782 2
8 1089760035783 2
8 1089760035784 2
8 1089760035785 2
8 1089760035786 2
8 1089760035788 2
8 1089760035789 2
8 1089760036016 6
8 1089760036017 4
8 1089760036018 2
8 1089760036019 2
8 1089760036020 121
8 1089760036021 2
8 1089760036022 2
8 1089760036023 2
8 1089760036024 2
8 1089760036026 2
8 1089760036029 2
8 1089760036031 2
8 1089760036464 4
8 1089760036465 2
8 1089760036466 4
8 1089760036468 2
8 1089760036469 2
8 1089760036472 6
8 1089760036473 4
8 1089760036474 4
8 1089760036475 2
8 1089760036476 2
8 1089760036477 4
8 1089760036478 2
8 1089760036528 2
8 1089760036529 4
8 1089760036530 4
8 1089760036534 4
8 1089760036535 4
8 1089760036536 2
8 1089760036537 4
8 1089760036538 4
8 1089760036539 2
8 1089760036542 2
8 1089760036543 2
8 1089760036658 4
8 1089760036659 6
8 1089760036660 2
8 1089760036661 2
8 1089760036662 4
8 1089760036663 4
8 1089760036664 2
8 1089760036666 2
8 1089760036668 2
8 1089760036669 4
8 1089760036670 2
8 1089760036671 6
8 1089760037344 4
8 1089760037345 4
8 1089760037346 2
8 1089760037347 2
8 1089760037349 6
8 1089760037350 2
8 1089760037351 4
8 1089760037352 4
8 1089760037353 6
8 1089760037355 6
8 1089760037356 2
8 1089760037358 2
8 1089760037359 4
8 1089760037424 4
8 1089760037425 2
8 1089760037426 6
8 1089760037428 2
8 1089760037429 6
8 1089760037430 2
8 1089760037431 6
8 1089760037432 2
8 1089760037433 6
8 1089760037434 2
8 1089760037435 2
8 1089760037436 4
8 1089760037437 2
8 1089760037438 6
8 1089760037680 2
8 1089760037681 4
8 1089760037682 4
8 1089760037683 2
8 1089760037685 2
8 1089760037686 2
8 1089760037687 2
8 1089760037688 2
8 1089760037689 2
8 1089760037690 2
8 1089760037691 2
8 1089760037694 4
8 1089760037695 2
8 1089760037972 2
8 1089760037978 2
8 1089760038004 2
8 1089760038400 2
8 1089760038409 2
8 1089760038415 2
8 1089760038595 2
8 1089760038596 2
8 1089760038597 2
8 1089760038912 1
8 1089760038914 7
8 1089760038915 4
8 1089760038919 4
8 1089760038921 6
8 1089760038922 8
8 1089760038929 3
8 1089760038930 3
8 1089760038931 3
8 1089760038933 4
8 1089760038936 5
8 1089760038941 8
8 1089760038942 5
8 1089760038943 898
8 1089760038944 5
8 1089760038945 4
8 1089760038946 1
8 1089760038953 1
8 1089760038954 7
8 1089760039631 3
8 1089760039632 7
8 1089760039634 4
8 1089760039637 5
8 1089760039642 11
8 1089760039643 6
8 1089760039644 4
8 1089760039645 127
8 1089760039646 4
8 1089760039652 9
8 1089760039655 8
8 1089760039657 16
8 1089760039659 2
8 1089760039660 8
8 1089760039661 3
8 1089760039664 6
8 1089760039665 2
8 1089760039666 10
8 1089760039670 4
8 1089760039671 5
8 1089760039672 2
8 1089760039673 7
8 1089760039675 2
8 1089760039677 5
8 1089760039678 2
8 1089760040354 3
8 1089760040355 1
8 1089760040356 2
8 1089760040359 50
8 1089760040365 4
8 1089760040366 3
8 1089760040367 3
8 1089760040368 10
8 1089760040369 8
8 1089760040370 4
8 1089760040371 10
8 1089760040374 6
8 1089760040375 1
8 1089760040381 2
8 1089760040382 3
8 1089760040383 4
8 1089760040384 3
8 1089760040386 7
8 1089760040387 79
8 1089760040390 337
8 1089760040394 2
8 1089760040395 105
8 1089760041060 8
8 1089760041061 8
8 1089760041062 3
8 1089760041064 5
8 1089760041065 2
8 1089760041066 6
8 1089760041069 4
8 1089760041076 6
8 1089760041077 2
8 1089760041079 2
8 1089760041080 3
8 1089760041081 2
8 1089760041082 4
8 1089760041087 5
8 1089760041088 8
8 1089760041089 13
8 1089760041094 2
8 1089760041095 3
8 1089760041098 2
8 1089760041105 3
8 1089760041784 5
8 1089760041786 3
8 1089760041787 1
8 1089760041788 14
8 1089760041789 2
8 1089760041790 3
8 1089760041795 4
8 1089760041799 3
8 1089760041800 3
8 1089760041804 11
8 1089760041807 3
8 1089760041811 5
8 1089760041817 4
8 1089760041819 3
8 1089760042510 4
8 1089760042511 36
8 1089760042512 4
8 1089760042513 11
8 1089760042518 5
8 1089760042519 5
8 1089760042520 2
8 1089760042525 4
8 1089760042528 5
8 1089760042531 2
8 1089760042533 79
8 1089760042537 5
8 1089760042542 139
8 1089760042550 1
8 1089760042551 145
8 1089760042557 9
8 1089760043849 5
8 1089760043851 3
8 1089760043853 3
8 1089760043855 10
8 1089760043856 3
8 1089760043857 2
8 1089760043862 8
8 1089760043866 3
8 1089760043873 3
8 1089760043874 2
8 1089760043875 4
8 1089760043877 8
8 1089760043879 4
8 1089760043880 1
8 1089760043881 1
8 1089760043882 4
8 1089760043884 2
8 1089760043887 3
8 1089760043889 4
8 1089760043890 7
8 1089760043891 3
8 1089760044048 6
8 1089760044049 6
8 1089760044050 5
8 1089760044052 3
8 1089760044053 6
8 1089760044066 5
8 1089760044069 4
8 1089760044070 7
8 1089760044074 3
8 1089760044075 3
8 1089760044077 10
8 1089760044079 2
8 1089760044081 6
8 1089760044090 5
8 1089760044094 2
8 1089760044438 9
8 1089760044441 3
8 1089760044442 4
8 1089760044443 2
8 1089760044444 4
8 1089760044449 4
8 1089760044450 3
8 1089760044452 4
8 1089760044453 9
8 1089760044454 13
8 1089760044458 7
8 1089760044464 4
8 1089760044465 3
8 1089760044469 7
8 1089760044472 4
8 1089760044473 5
8 1089760044475 7
8 1089760044477 9
8 1089760044479 8
8 1089760044480 3
8 1089760046503 2
8 1089760046504 5
8 1089760046506 7
8 1089760046507 2
8 1089760046508 3
8 1089760046512 2
8 1089760046513 1
8 1089760046516 6
8 1089760046517 8
8 1089760046518 6
8 1089760046521 3
8 1089760046524 2
8 1089760046525 2
8 1089760046527 9
8 1089760046528 4
8 1089760046529 1
8 1089760046530 4
8 1089760046531 10
8 1089760046535 4
8 1089760046536 3
8 1089760046537 3
8 1089760046544 2
8 1089760046548 5
8 1089760046549 10
8 1089760046742 2
8 1089760046743 4
8 1089760046744 2
8 1089760046748 11
8 1089760046750 6
8 1089760046755 2
8 1089760046757 7
8 1089760046759 12
8 1089760046761 10
8 1089760046764 7
8 1089760046765 6
8 1089760046767 6
8 1089760046770 6
8 1089760046771 2
8 1089760046772 4
8 1089760046773 6
8 1089760046778 6
8 1089760046779 10
8 1089760046781 5
8 1089760046782 3
8 1089760046783 4
8 1089760046785 1
8 1089760046786 4
8 1089760046787 7
8 1089760047511 3
8 1089760047512 6
8 1089760047514 1
8 1089760047516 3
8 1089760047517 3
8 1089760047524 1
8 1089760047525 4
8 1089760047526 3
8 1089760047529 6
8 1089760047534 2
8 1089760047535 3
8 1089760047536 3
8 1089760047541 6
8 1089760047543 4
8 1089760047553 4
8 1089760047556 1
8 1089760048391 2
8 1089760048407 1
8 1089760048480 8
8 1089760048481 4
8 1089760049670 5
8 1089760049696 11
8 1089760049697 1
8 1089760049714 4
8 1089760050257 6
8 1089760050258 1
8 1089760050260 7
8 1089760050262 9
8 1089760051200 4
8 1089760051201 4
8 1089760051230 4
8 1089760051231 4
8 1089760051260 4
8 1089760051261 4
8 1089760051290 4
8 1089760051291 4
8 1089760051320 4
8 1089760051321 4
8 1089760051350 4
8 1089760051351 4
8 1089760051406 4
8 1089760051407 4
8 1089760051414 4
8 1089760051415 4
8 1089760051430 4
8 1089760051431 4
8 1089760051516 4
8 1089760051517 4
8 1089760051526 4
8 1089760051527 4
8 1089760051558 4
8 1089760051559 4
8 1089760051588 4
8 1089760051589 4
8 1089760051594 4
8 1089760051595 4
8 1089760051598 4
8 1089760051599 4
8 1089760051648 4
8 1089760051649 4
8 1089760051672 4
8 1089760051673 4
8 1089760051712 4
8 1089760051713 2
8 1089760051715 6
8 1089760051716 5
8 1089760051717 3
8 1089760051718 2
8 1089760051719 3
8 1089760051720 2
8 1089760051721 11
8 1089760051722 3
8 1089760051723 3
8 1089760051724 3
8 1089760051726 2
8 1089760051727 3
8 1089760051728 2
8 1089760051729 4
8 1089760051730 1
8 1089760051731 1
8 1089760051732 1
8 1089760051733 7
8 1089760051734 4
8 1089760051735 5
8 1089760051736 1
8 1089760051738 3
8 1089760051739 1
8 1089760051740 1
8 1089760051741 2
8 1089760051742 6
8 1089760051743 4
8 1089760051744 6
8 1089760051745 3
8 1089760051746 10
8 1089760051747 5
8 1089760051748 2
8 1089760051749 3
8 1089760051750 4
8 1089760051751 3
8 1089760051752 3
8 1089760051753 4
8 1089760051754 2
8 1089760051755 2
8 1089760051756 5
8 1089760051757 3
8 1089760051758 2
8 1089760051760 4
8 1089760051761 4
8 1089760051762 3
8 1089760051763 2
8 1089760051764 2
8 1089760051765 74
8 1089760051766 2
8 1089760051767 1
8 1089760051768 5
8 1089760051769 3
8 1089760051770 1
8 1089760051771 3
8 1089760051772 42
8 1089760051773 2
8 1089760051774 3
8 1089760051775 6
8 1089760051776 1
8 1089760051777 2
8 1089760051778 5
8 1089760051779 1
8 1089760051780 5
8 1089760051781 6
8 1089760051782 2
8 1089760051783 2
8 1089760051784 3
8 1089760051785 4
8 1089760051786 3
8 1089760051787 4
8 1089760051788 1
8 1089760051789 6
8 1089760051790 99
8 1089760051791 2
8 1089760051792 1
8 1089760051793 5
8 1089760051794 3
8 1089760051795 2
8 1089760051796 4
8 1089760051797 2
8 1089760051798 8
8 1089760051799 1
8 1089760051800 1
8 1089760051801 3
8 1089760051802 4
8 1089760051803 4
8 1089760051804 3
8 1089760051805 3
8 1089760051806 4
8 1089760051807 1
8 1089760051808 1
8 1089760051809 4
8 1089760051810 10
8 1089760051811 2
8 1089760051812 3
8 1089760051813 2
8 1089760051814 1
8 1089760051815 4
8 1089760051816 2
8 1089760051817 2
8 1089760051818 3
8 1089760051819 2
8 1089760051820 4
8 1089760051821 3
8 1089760051822 4
8 1089760051823 2
8 1089760051824 1
8 1089760051825 3
8 1089760051826 4
8 1089760051827 2
8 1089760051828 3
8 1089760051829 2
8 1089760051830 7
8 1089760051832 3
8 1089760051833 3
8 1089760051834 1
8 1089760051835 4
8 1089760051836 6
8 1089760051837 1
8 1089760051838 2
8 1089760051839 2
8 1089760051840 1
8 1089760051841 4
8 1089760051842 4
8 1089760051843 4
8 1089760051844 5
8 1089760051845 5
8 1089760051846 3
8 1089760051847 5
8 1089760051848 4
8 1089760051849 6
8 1089760051850 4
8 1089760051851 2
8 1089760051853 3
8 1089760051854 2
8 1089760051855 3
8 1089760051856 3
8 1089760051857 3
8 1089760051858 5
8 1089760051859 2
8 1089760051860 2
8 1089760051861 2
8 1089760051862 2
8 1089760051863 5
8 1089760051864 2
8 1089760051865 1
8 1089760051866 1
8 1089760051867 2
8 1089760051868 3
8 1089760051869 1
8 1089760051870 1
8 1089760051871 4
8 1089760051872 2
8 1089760051873 4
8 1089760051874 5
8 1089760051875 1
8 1089760051876 2
8 1089760051877 1
8 1089760051878 1
8 1089760051879 2
8 1089760051880 4
8 1089760051881 4
8 1089760051882 4
8 1089760051883 3
8 1089760051884 1
8 1089760051885 2
8 1089760051887 1
8 1089760051888 1
8 1089760051889 2
8 1089760051890 175
8 1089760051891 1
8 1089760051892 4
8 1089760051893 3
8 1089760051894 3
8 1089760051895 6
8 1089760051896 3
8 1089760051897 3
8 1089760051898 3
8 1089760051899 5
8 1089760051900 2
8 1089760051901 2
8 1089760051902 3
8 1089760051903 4
8 1089760051904 4
8 1089760051905 1
8 1089760051907 2
8 1089760051908 1
8 1089760051909 1
8 1089760051910 3
8 1089760051911 2
8 1089760051912 1
8 1089760051913 4
8 1089760051914 2
8 1089760051915 3
8 1089760051916 2
8 1089760051917 4
8 1089760051918 29
8 1089760051919 4
8 1089760051921 1
8 1089760051922 3
8 1089760051923 4
8 1089760051924 63
8 1089760051925 1
8 1089760051926 6
8 1089760051927 4
8 1089760051928 3
8 1089760051929 142
8 1089760051930 2
8 1089760051931 1
8 1089760051932 4
8 1089760051933 5
8 1089760051934 4
8 1089760051935 3
8 1089760051937 4
8 1089760051938 4
8 1089760051939 6
8 1089760051940 4
8 1089760051941 4
8 1089760051942 1
8 1089760051943 1
8 1089760051944 3
8 1089760051945 1
8 1089760051946 2
8 1089760051947 5
8 1089760051948 3
8 1089760051949 4
8 1089760051950 6
8 1089760051951 1
8 1089760051952 7
8 1089760051953 5
8 1089760051954 5
8 1089760051955 1
8 1089760051956 4
8 1089760051957 1
8 1089760051958 2
8 1089760051959 4
8 1089760051960 2
8 1089760051961 7
8 1089760051962 1
8 1089760051963 6
8 1089760051964 1
8 1089760051966 1
8 1089760051967 4
8 1089760051968 2
8 1089760051969 3
8 1089760051970 1
8 1089760051971 2
8 1089760051972 2
8 1089760051973 2
8 1089760051974 2
8 1089760051975 8
8 1089760051976 2
8 1089760051977 2
8 1089760051978 4
8 1089760051979 1
8 1089760051980 4
8 1089760051982 3
8 1089760051983 1
8 1089760051984 2
8 1089760051985 4
8 1089760051986 3
8 1089760051987 1
8 1089760051988 1
8 1089760051989 1
8 1089760051990 4
8 1089760051991 7
8 1089760051992 2
8 1089760051993 1
8 1089760051994 1
8 1089760051995 1
8 1089760051996 3
8 1089760051997 5
8 1089760051998 3
8 1089760051999 182
8 1089760052000 2
8 1089760052001 1
8 1089760052002 3
8 1089760052003 2
8 1089760052004 3
8 1089760052005 1
8 1089760052006 4
8 1089760052007 2
8 1089760052008 4
8 1089760052010 2
8 1089760052011 3
8 1089760052012 1
8 1089760052013 2
8 1089760052014 2
8 1089760052015 1
8 1089760052016 3
8 1089760052017 2
8 1089760052018 2
8 1089760052019 5
8 1089760052021 2
8 1089760052022 2
8 1089760052023 1
8 1089760052024 2
8 1089760052025 3
8 1089760052026 3
8 1089760052027 4
8 1089760052028 4
8 1089760052029 4
8 1089760052030 4
8 1089760052031 2
8 1089760052033 2
8 1089760052034 6
8 1089760052035 2
8 1089760052036 2
8 1089760052037 1
8 1089760052038 3
8 1089760052039 3
8 1089760052040 4
8 1089760052041 3
8 1089760052042 2
8 1089760052043 5
8 1089760052044 2
8 1089760052045 2
8 1089760052046 1
8 1089760052047 2
8 1089760052049 2
8 1089760052050 3
8 1089760052051 3
8 1089760052052 1
8 1089760052053 2
8 1089760052054 4
8 1089760052055 4
8 1089760052056 3
8 1089760052057 2
8 1089760052058 1
8 1089760052059 4
8 1089760052060 3
8 1089760052061 3
8 1089760052062 3
8 1089760052063 2
8 1089760052064 1
8 1089760052065 3
8 1089760052066 2
8 1089760052067 3
8 1089760052068 3
8 1089760052069 4
8 1089760052070 1
8 1089760052071 7
8 1089760052072 1
8 1089760052074 2
8 1089760052075 1
8 1089760052076 1
8 1089760052077 1
8 1089760052078 3
8 1089760052079 4
8 1089760052080 6
8 1089760052082 1
8 1089760052083 4
8 1089760052084 1
8 1089760052086 3
8 1089760052087 3
8 1089760052088 1
8 1089760052090 3
8 1089760052091 1
8 1089760052094 2
8 1089760052095 1
8 1089760052096 1
8 1089760052097 112
8 1089760052098 2
8 1089760052100 2
8 1089760052102 1
8 1089760052107 2
8 1089760052108 1
8 1089760052112 1
8 1089760052113 100
8 1089760052114 1
8 1089760052117 2
8 1089760052118 2
8 1089760052119 1
8 1089760052120 1
8 1089760052121 2
8 1089760052122 3
8 1089760052125 1
8 1089760052127 2
8 1089760052128 1
8 1089760052130 2
8 1089760052131 1
8 1089760052132 1
8 1089760052133 2
8 1089760052134 1
8 1089760052135 1
8 1089760052136 3
8 1089760052137 2
8 1089760052138 2
8 1089760052141 2
8 1089760052142 1
8 1089760052144 4
8 1089760052148 2
8 1089760052150 1
8 1089760052151 2
8 1089760052154 1
8 1089760052155 3
8 1089760052156 1
8 1089760052157 1
8 1089760052159 1
8 1089760052160 2
8 1089760052162 1
8 1089760052163 1
8 1089760052166 2
8 1089760052167 1
8 1089760052168 3
8 1089760052169 2
8 1089760052170 1
8 1089760052171 1
8 1089760052173 2
8 1089760052178 1
8 1089760052179 3
8 1089760052180 1
8 1089760052181 1
8 1089760052182 2
8 1089760052184 2
8 1089760052185 1
8 1089760052187 10
8 1089760052188 1
8 1089760052189 2
8 1089760052190 2
8 1089760052191 2
8 1089760052193 1
8 1089760052195 2
8 1089760052196 1
8 1089760052197 2
8 1089760052199 3
8 1089760052201 2
8 1089760052202 2
8 1089760052203 2
8 1089760052204 1
8 1089760052207 1
8 1089760052208 2
8 1089760052210 2
8 1089760052211 2
8 1089760052213 1
8 1089760052217 3
8 1089760052218 2
8 1089760052219 6
8 1089760052221 1
8 1089760052222 1
8 1089760052223 1
8 1089760052228 1
8 1089760052348 1
8 1089760052350 1
9 1089760035147 2
9 1089760039905 1
9 1089760051210 4
9 1089760051211 4
9 1089760051240 4
9 1089760051241 4
9 1089760051270 4
9 1089760051271 4
9 1089760051300 4
9 1089760051301 4
9 1089760051330 4
9 1089760051331 4
9 1089760051360 4
9 1089760051361 4
9 1089760051380 4
9 1089760051381 4
9 1089760051426 4
9 1089760051427 4
9 1089760051464 4
9 1089760051465 4
9 1089760051472 4
9 1089760051473 4
9 1089760051520 4
9 1089760051521 4
9 1089760051522 4
9 1089760051523 4
9 1089760051542 4
9 1089760051543 4
9 1089760051570 4
9 1089760051571 4
9 1089760051588 4
9 1089760051589 4
9 1089760051634 4
9 1089760051635 4
9 1089760051638 4
9 1089760051639 4
9 1089760051650 4
9 1089760051651 4
9 1089760051674 4
9 1089760051675 4
9 1089760051688 4
9 1089760051689 4
9 1089760051800 1
