1 1089760051226 4
1 1089760051227 4
1 1089760051256 4
1 1089760051257 4
1 1089760051286 4
1 1089760051287 4
1 1089760051316 4
1 1089760051317 4
1 1089760051346 4
1 1089760051347 4
1 1089760051376 4
1 1089760051377 4
1 1089760051404 4
1 1089760051405 4
1 1089760051422 4
1 1089760051423 4
1 1089760051484 4
1 1089760051485 4
1 1089760051486 4
1 1089760051487 4
1 1089760051498 4
1 1089760051499 4
1 1089760051504 4
1 1089760051505 4
1 1089760051576 4
1 1089760051577 4
1 1089760051596 4
1 1089760051597 4
1 1089760051644 4
1 1089760051645 4
1 1089760051670 4
1 1089760051671 4
2 1089760038794 14
2 1089760050849 5
2 1089760050850 2
2 1089760051210 4
2 1089760051211 4
2 1089760051240 4
2 1089760051241 4
2 1089760051270 4
2 1089760051271 4
2 1089760051300 4
2 1089760051301 4
2 1089760051330 4
2 1089760051331 4
2 1089760051360 4
2 1089760051361 4
2 1089760051382 4
2 1089760051383 4
2 1089760051438 4
2 1089760051439 4
2 1089760051494 4
2 1089760051495 4
2 1089760051504 4
2 1089760051505 4
2 1089760051538 4
2 1089760051539 4
2 1089760051540 4
2 1089760051541 4
2 1089760051556 4
2 1089760051557 4
2 1089760051576 4
2 1089760051577 4
2 1089760051602 4
2 1089760051603 4
2 1089760051640 4
2 1089760051641 4
2 1089760051696 4
2 1089760051697 4
2 1089760051700 4
2 1089760051701 4
2 1089760051712 1
2 1089760051765 1
2 1089760051833 1
2 1089760051896 1
2 1089760051992 1
2 1089760052052 1
2 1089760052076 1
2 1089760054213 6
3 1089760034903 24
3 1089760035862 18
3 1089760036660 16
3 1089760037477 10
3 1089760038875 20
3 1089760039172 12
3 1089760042040 9
3 1089760044445 8
3 1089760046904 5
3 1089760051091 10
3 1089760051210 4
3 1089760051211 4
3 1089760051240 4
3 1089760051241 4
3 1089760051270 4
3 1089760051271 4
3 1089760051300 4
3 1089760051301 4
3 1089760051330 4
3 1089760051331 4
3 1089760051360 4
3 1089760051361 4
3 1089760051430 4
3 1089760051431 4
3 1089760051492 4
3 1089760051493 4
3 1089760051498 4
3 1089760051499 4
3 1089760051532 4
3 1089760051533 4
3 1089760051584 4
3 1089760051585 4
3 1089760051588 4
3 1089760051589 4
3 1089760051706 4
3 1089760051707 4
3 1089760051710 4
3 1089760051711 4
3 1089760051723 1
3 1089760051738 1
3 1089760051744 1
3 1089760051746 1
3 1089760051764 1
3 1089760051765 1
3 1089760051796 1
3 1089760051802 1
3 1089760051807 1
3 1089760051819 1
3 1089760051823 1
3 1089760051825 1
3 1089760051831 1
3 1089760051859 1
3 1089760051863 1
3 1089760051874 1
3 1089760051890 1
3 1089760051902 1
3 1089760051904 1
3 1089760051927 1
3 1089760051963 1
3 1089760051973 1
3 1089760051974 3
3 1089760052005 1
3 1089760052011 1
3 1089760052015 1
3 1089760052030 1
3 1089760052032 1
3 1089760052036 1
3 1089760052049 1
3 1089760052057 1
3 1089760052069 1
3 1089760052079 1
3 1089760052117 2
3 1089760052120 1
3 1089760052128 1
3 1089760052153 1
3 1089760052165 1
3 1089760052182 1
3 1089760052184 1
3 1089760052185 1
3 1089760052267 11
3 1089760052747 8
3 1089760053146 7
3 1089760053554 4
3 1089760054253 9
4 1089760035049 8
4 1089760035053 12
4 1089760035290 10
4 1089760035291 10
4 1089760035769 18
4 1089760035770 8
4 1089760036008 30
4 1089760036240 18
4 1089760036429 6
4 1089760037091 20
4 1089760037297 12
4 1089760037299 14
4 1089760037300 6
4 1089760037305 16
4 1089760037380 16
4 1089760037383 20
4 1089760038161 8
4 1089760038165 24
4 1089760038167 8
4 1089760038214 12
4 1089760038622 8
4 1089760039612 4
4 1089760039622 6
4 1089760040332 5
4 1089760040336 5
4 1089760041758 9
4 1089760041760 4
4 1089760042487 10
4 1089760042488 5
4 1089760043181 9
4 1089760043744 3
4 1089760045739 10
4 1089760046360 6
4 1089760046365 7
4 1089760046368 3
4 1089760046382 8
4 1089760046613 8
4 1089760046622 5
4 1089760046623 5
4 1089760048948 4
4 1089760048961 4
4 1089760048962 8
4 1089760048967 4
4 1089760049109 6
4 1089760050336 4
4 1089760051228 4
4 1089760051229 4
4 1089760051258 4
4 1089760051259 4
4 1089760051288 4
4 1089760051289 4
4 1089760051318 4
4 1089760051319 4
4 1089760051348 4
4 1089760051349 4
4 1089760051378 4
4 1089760051379 4
4 1089760051400 4
4 1089760051401 4
4 1089760051484 4
4 1089760051485 4
4 1089760051510 4
4 1089760051511 4
4 1089760051520 4
4 1089760051521 4
4 1089760051618 4
4 1089760051619 4
4 1089760051624 4
4 1089760051625 4
4 1089760051654 4
4 1089760051655 4
4 1089760051674 4
4 1089760051675 4
4 1089760051718 2
4 1089760051722 2
4 1089760051726 2
4 1089760051727 1
4 1089760051731 1
4 1089760051735 1
4 1089760051739 1
4 1089760051740 1
4 1089760051741 1
4 1089760051742 1
4 1089760051743 1
4 1089760051747 1
4 1089760051749 1
4 1089760051750 1
4 1089760051751 1
4 1089760051753 1
4 1089760051755 1
4 1089760051766 1
4 1089760051769 1
4 1089760051776 1
4 1089760051786 1
4 1089760051791 1
4 1089760051799 1
4 1089760051809 1
4 1089760051814 1
4 1089760051820 1
4 1089760051822 3
4 1089760051823 1
4 1089760051831 1
4 1089760051836 1
4 1089760051840 2
4 1089760051842 2
4 1089760051843 1
4 1089760051844 2
4 1089760051846 1
4 1089760051847 1
4 1089760051849 1
4 1089760051851 1
4 1089760051857 1
4 1089760051861 1
4 1089760051865 1
4 1089760051866 1
4 1089760051874 1
4 1089760051877 1
4 1089760051879 2
4 1089760051880 1
4 1089760051881 1
4 1089760051886 1
4 1089760051901 1
4 1089760051903 1
4 1089760051905 1
4 1089760051907 1
4 1089760051908 1
4 1089760051910 1
4 1089760051922 1
4 1089760051923 1
4 1089760051924 1
4 1089760051928 1
4 1089760051930 1
4 1089760051934 2
4 1089760051944 1
4 1089760051945 1
4 1089760051946 1
4 1089760051950 1
4 1089760051955 2
4 1089760051959 1
4 1089760051960 1
4 1089760051964 1
4 1089760051968 1
4 1089760051977 1
4 1089760051981 1
4 1089760051988 1
4 1089760052021 1
4 1089760052026 1
4 1089760052033 1
4 1089760052036 1
4 1089760052039 1
4 1089760052043 1
4 1089760052044 2
4 1089760052052 1
4 1089760052070 1
4 1089760052073 1
4 1089760052074 2
4 1089760052076 1
4 1089760052082 2
4 1089760052088 1
4 1089760052090 1
4 1089760052097 1
4 1089760052098 1
4 1089760052100 1
4 1089760052103 1
4 1089760052112 1
4 1089760052113 2
4 1089760052117 2
4 1089760052123 1
4 1089760052125 1
4 1089760052127 1
4 1089760052129 1
4 1089760052130 1
4 1089760052136 1
4 1089760052140 2
4 1089760052146 1
4 1089760052147 2
4 1089760052148 1
4 1089760052149 1
4 1089760052151 1
4 1089760052152 1
4 1089760052153 1
4 1089760052160 2
4 1089760052165 1
4 1089760052166 2
4 1089760052169 1
4 1089760052178 2
4 1089760052179 1
4 1089760052190 2
4 1089760052196 1
4 1089760052197 1
4 1089760052204 1
4 1089760052212 1
4 1089760052219 1
4 1089760052340 3
4 1089760052342 5
4 1089760052461 8
4 1089760052700 8
4 1089760052701 3
4 1089760052820 9
4 1089760052936 8
4 1089760053030 2
4 1089760053361 9
4 1089760053464 5
4 1089760053465 6
4 1089760053466 2
4 1089760053468 7
4 1089760053506 7
4 1089760053507 9
4 1089760053896 3
4 1089760053898 11
4 1089760053899 3
4 1089760053923 5
4 1089760054127 3
5 1089760034981 40
5 1089760035218 10
5 1089760035227 28
5 1089760035230 8
5 1089760035231 10
5 1089760035466 14
5 1089760035469 10
5 1089760035470 8
5 1089760035696 12
5 1089760035698 24
5 1089760035699 12
5 1089760035700 8
5 1089760035705 10
5 1089760035706 56
5 1089760035707 6
5 1089760035708 12
5 1089760035709 12
5 1089760035936 8
5 1089760035937 14
5 1089760035941 52
5 1089760035942 18
5 1089760035948 46
5 1089760035950 14
5 1089760036180 14
5 1089760036181 26
5 1089760036182 8
5 1089760036184 14
5 1089760036185 20
5 1089760036186 18
5 1089760036188 28
5 1089760036189 12
5 1089760036190 8
5 1089760036256 6
5 1089760036262 34
5 1089760036267 14
5 1089760036268 20
5 1089760036656 22
5 1089760036666 24
5 1089760036667 8
5 1089760036670 10
5 1089760036671 12
5 1089760036961 10
5 1089760036963 12
5 1089760036966 18
5 1089760036972 26
5 1089760036975 14
5 1089760037425 32
5 1089760037426 10
5 1089760037427 18
5 1089760037429 14
5 1089760037435 8
5 1089760037438 6
5 1089760037537 14
5 1089760037539 10
5 1089760037540 10
5 1089760037541 22
5 1089760037542 12
5 1089760037544 16
5 1089760037546 18
5 1089760037548 24
5 1089760037620 12
5 1089760037624 22
5 1089760037626 10
5 1089760037628 12
5 1089760037629 12
5 1089760037941 8
5 1089760037945 8
5 1089760037946 6
5 1089760037948 18
5 1089760037949 6
5 1089760037950 12
5 1089760038144 4
5 1089760038145 10
5 1089760038146 10
5 1089760038147 40
5 1089760038148 20
5 1089760038152 16
5 1089760038156 12
5 1089760038592 125
5 1089760038593 54
5 1089760038594 36
5 1089760038595 12
5 1089760038596 10
5 1089760038597 28
5 1089760038598 26
5 1089760038599 93
5 1089760038600 48
5 1089760038601 6
5 1089760038602 22
5 1089760038603 10
5 1089760038604 16
5 1089760038605 42
5 1089760038606 56
5 1089760038607 28
5 1089760038768 20
5 1089760038769 22
5 1089760038770 36
5 1089760038771 32
5 1089760038772 86
5 1089760038773 38
5 1089760038774 72
5 1089760038775 66
5 1089760038776 14
5 1089760038777 36
5 1089760038778 22
5 1089760038779 20
5 1089760038780 14
5 1089760038781 46
5 1089760038782 26
5 1089760038783 70
5 1089760038832 28
5 1089760038833 52
5 1089760038834 20
5 1089760038835 18
5 1089760038836 55
5 1089760038837 10
5 1089760038838 36
5 1089760038839 30
5 1089760038840 18
5 1089760038841 12
5 1089760038842 44
5 1089760038843 56
5 1089760038844 14
5 1089760038846 52
5 1089760038847 22
5 1089760039405 14
5 1089760039406 6
5 1089760040118 8
5 1089760040144 6
5 1089760040145 5
5 1089760040146 3
5 1089760040152 4
5 1089760040156 5
5 1089760040852 3
5 1089760040853 4
5 1089760040863 5
5 1089760040866 4
5 1089760041536 7
5 1089760041537 1
5 1089760041541 7
5 1089760041542 5
5 1089760041547 6
5 1089760041550 3
5 1089760041551 1
5 1089760041562 5
5 1089760041565 4
5 1089760041566 17
5 1089760041567 13
5 1089760041570 4
5 1089760041573 6
5 1089760041576 6
5 1089760042260 4
5 1089760042265 7
5 1089760042276 6
5 1089760042277 10
5 1089760042279 17
5 1089760042280 6
5 1089760042299 12
5 1089760042300 13
5 1089760042308 7
5 1089760043006 7
5 1089760043008 13
5 1089760043009 4
5 1089760043016 7
5 1089760043020 10
5 1089760043021 1
5 1089760043022 8
5 1089760043028 6
5 1089760043029 8
5 1089760043032 6
5 1089760043035 4
5 1089760043232 3
5 1089760043249 10
5 1089760043251 7
5 1089760043266 14
5 1089760043267 11
5 1089760044432 2
5 1089760044433 9
5 1089760044463 12
5 1089760044466 1
5 1089760044467 4
5 1089760044474 5
5 1089760044476 5
5 1089760044477 1
5 1089760045350 5
5 1089760045358 2
5 1089760045359 4
5 1089760045365 9
5 1089760045384 20
5 1089760045395 4
5 1089760045396 3
5 1089760046746 6
5 1089760046747 10
5 1089760046750 2
5 1089760046751 3
5 1089760046753 1
5 1089760046754 9
5 1089760046757 7
5 1089760046778 4
5 1089760046787 3
5 1089760047086 9
5 1089760047090 5
5 1089760047093 5
5 1089760047097 13
5 1089760047100 6
5 1089760047104 5
5 1089760047105 3
5 1089760047114 9
5 1089760047117 12
5 1089760047334 6
5 1089760047345 11
5 1089760047351 5
5 1089760047358 10
5 1089760047359 4
5 1089760048299 4
5 1089760048310 5
5 1089760048314 3
5 1089760048319 4
5 1089760048320 5
5 1089760048323 3
5 1089760048327 7
5 1089760048896 2
5 1089760048900 5
5 1089760048903 5
5 1089760048906 10
5 1089760048907 10
5 1089760048910 11
5 1089760048923 8
5 1089760048933 7
5 1089760050246 3
5 1089760050247 13
5 1089760050248 6
5 1089760050251 26
5 1089760050252 11
5 1089760050253 3
5 1089760050255 10
5 1089760050257 5
5 1089760050258 1
5 1089760050259 5
5 1089760050263 14
5 1089760050265 3
5 1089760050266 9
5 1089760050267 21
5 1089760050269 8
5 1089760050270 15
5 1089760050272 7
5 1089760050273 10
5 1089760050276 14
5 1089760050277 6
5 1089760050279 5
5 1089760050283 8
5 1089760050285 9
5 1089760050286 5
5 1089760050287 8
5 1089760050288 17
5 1089760050289 9
5 1089760050290 8
5 1089760050291 5
5 1089760050292 1
5 1089760050293 9
5 1089760050773 10
5 1089760050774 5
5 1089760050775 6
5 1089760050777 11
5 1089760050778 3
5 1089760050779 13
5 1089760050782 14
5 1089760050783 12
5 1089760050784 4
5 1089760050786 17
5 1089760050787 5
5 1089760050788 10
5 1089760050789 5
5 1089760050790 17
5 1089760050791 11
5 1089760050792 23
5 1089760050793 1
5 1089760050794 17
5 1089760050795 15
5 1089760050798 11
5 1089760050799 12
5 1089760050801 11
5 1089760050803 5
5 1089760050804 7
5 1089760050805 5
5 1089760050807 8
5 1089760050808 3
5 1089760050809 4
5 1089760050810 8
5 1089760050811 7
5 1089760050812 8
5 1089760050813 5
5 1089760050815 9
5 1089760050816 13
5 1089760050817 9
5 1089760050818 20
5 1089760050964 9
5 1089760050965 5
5 1089760050966 5
5 1089760050967 10
5 1089760050968 11
5 1089760050969 4
5 1089760050970 1
5 1089760050971 5
5 1089760050973 6
5 1089760050974 7
5 1089760050977 9
5 1089760050980 5
5 1089760050982 15
5 1089760050983 4
5 1089760050985 6
5 1089760050986 5
5 1089760050987 6
5 1089760050988 10
5 1089760050992 7
5 1089760050993 12
5 1089760050995 13
5 1089760050997 149
5 1089760050998 16
5 1089760050999 7
5 1089760051005 8
5 1089760051006 8
5 1089760051007 15
5 1089760051008 5
5 1089760051009 5
5 1089760051010 3
5 1089760051220 4
5 1089760051221 4
5 1089760051250 4
5 1089760051251 4
5 1089760051280 4
5 1089760051281 4
5 1089760051310 4
5 1089760051311 4
5 1089760051340 4
5 1089760051341 4
5 1089760051370 4
5 1089760051371 4
5 1089760051380 4
5 1089760051381 4
5 1089760051430 4
5 1089760051431 4
5 1089760051468 4
5 1089760051469 4
5 1089760051526 4
5 1089760051527 4
5 1089760051540 4
5 1089760051541 4
5 1089760051550 4
5 1089760051551 4
5 1089760051590 4
5 1089760051591 4
5 1089760051616 4
5 1089760051617 4
5 1089760051672 4
5 1089760051673 4
5 1089760051694 4
5 1089760051695 4
5 1089760051702 4
5 1089760051703 4
5 1089760051712 2
5 1089760051713 3
5 1089760051714 2
5 1089760051715 4
5 1089760051716 2
5 1089760051717 1
5 1089760051718 4
5 1089760051719 3
5 1089760051720 3
5 1089760051721 3
5 1089760051722 1
5 1089760051724 4
5 1089760051725 2
5 1089760051726 5
5 1089760051727 3
5 1089760051728 3
5 1089760051729 2
5 1089760051730 4
5 1089760051731 10
5 1089760051732 2
5 1089760051733 2
5 1089760051735 4
5 1089760051736 4
5 1089760051737 3
5 1089760051739 2
5 1089760051740 2
5 1089760051741 2
5 1089760051742 1
5 1089760051743 3
5 1089760051744 104
5 1089760051745 5
5 1089760051746 1
5 1089760051747 1
5 1089760051748 3
5 1089760051749 4
5 1089760051750 4
5 1089760051751 2
5 1089760051752 6
5 1089760051753 2
5 1089760051754 1
5 1089760051755 2
5 1089760051756 3
5 1089760051757 2
5 1089760051758 6
5 1089760051759 2
5 1089760051760 6
5 1089760051762 1
5 1089760051763 1
5 1089760051764 3
5 1089760051765 5
5 1089760051766 2
5 1089760051767 3
5 1089760051768 4
5 1089760051770 1
5 1089760051771 3
5 1089760051772 2
5 1089760051773 4
5 1089760051774 3
5 1089760051775 3
5 1089760051777 1
5 1089760051778 2
5 1089760051779 1
5 1089760051780 3
5 1089760051781 3
5 1089760051782 3
5 1089760051783 3
5 1089760051784 1
5 1089760051785 3
5 1089760051786 4
5 1089760051787 2
5 1089760051788 2
5 1089760051789 2
5 1089760051790 4
5 1089760051791 1
5 1089760051792 4
5 1089760051793 4
5 1089760051794 4
5 1089760051795 2
5 1089760051796 24
5 1089760051797 2
5 1089760051798 2
5 1089760051800 6
5 1089760051801 2
5 1089760051802 3
5 1089760051803 5
5 1089760051804 2
5 1089760051805 4
5 1089760051806 3
5 1089760051807 1
5 1089760051808 2
5 1089760051809 2
5 1089760051810 1
5 1089760051811 5
5 1089760051812 5
5 1089760051813 5
5 1089760051814 1
5 1089760051815 2
5 1089760051816 4
5 1089760051817 3
5 1089760051818 3
5 1089760051819 5
5 1089760051820 3
5 1089760051821 4
5 1089760051822 3
5 1089760051823 2
5 1089760051824 5
5 1089760051825 5
5 1089760051826 3
5 1089760051827 4
5 1089760051828 5
5 1089760051829 3
5 1089760051830 3
5 1089760051831 4
5 1089760051832 4
5 1089760051833 6
5 1089760051834 5
5 1089760051835 4
5 1089760051836 3
5 1089760051837 7
5 1089760051838 2
5 1089760051839 4
5 1089760051840 3
5 1089760051841 5
5 1089760051842 1
5 1089760051843 4
5 1089760051844 6
5 1089760051845 2
5 1089760051846 2
5 1089760051847 2
5 1089760051848 1
5 1089760051849 4
5 1089760051850 6
5 1089760051851 3
5 1089760051852 4
5 1089760051853 2
5 1089760051854 5
5 1089760051855 6
5 1089760051856 2
5 1089760051857 3
5 1089760051858 4
5 1089760051859 4
5 1089760051860 4
5 1089760051861 4
5 1089760051862 3
5 1089760051863 5
5 1089760051864 2
5 1089760051865 3
5 1089760051866 1
5 1089760051867 3
5 1089760051868 4
5 1089760051869 3
5 1089760051870 4
5 1089760051871 2
5 1089760051873 4
5 1089760051874 4
5 1089760051875 2
5 1089760051876 6
5 1089760051877 3
5 1089760051878 3
5 1089760051879 2
5 1089760051880 2
5 1089760051881 3
5 1089760051882 3
5 1089760051883 4
5 1089760051884 2
5 1089760051885 1
5 1089760051886 3
5 1089760051887 1
5 1089760051888 4
5 1089760051890 5
5 1089760051891 2
5 1089760051892 2
5 1089760051893 3
5 1089760051894 1
5 1089760051896 3
5 1089760051897 2
5 1089760051898 2
5 1089760051899 6
5 1089760051900 3
5 1089760051902 2
5 1089760051903 4
5 1089760051904 5
5 1089760051905 2
5 1089760051906 2
5 1089760051907 4
5 1089760051908 3
5 1089760051909 2
5 1089760051910 5
5 1089760051911 3
5 1089760051912 1
5 1089760051913 6
5 1089760051914 1
5 1089760051915 1
5 1089760051916 2
5 1089760051917 3
5 1089760051918 2
5 1089760051919 5
5 1089760051920 2
5 1089760051921 2
5 1089760051922 2
5 1089760051923 3
5 1089760051924 2
5 1089760051925 5
5 1089760051926 3
5 1089760051927 6
5 1089760051928 1
5 1089760051929 3
5 1089760051930 5
5 1089760051931 4
5 1089760051932 1
5 1089760051933 3
5 1089760051934 2
5 1089760051935 4
5 1089760051936 4
5 1089760051937 3
5 1089760051938 3
5 1089760051939 3
5 1089760051940 4
5 1089760051941 2
5 1089760051942 4
5 1089760051943 2
5 1089760051944 5
5 1089760051946 3
5 1089760051947 2
5 1089760051948 1
5 1089760051949 3
5 1089760051950 2
5 1089760051951 1
5 1089760051952 1
5 1089760051953 4
5 1089760051954 3
5 1089760051955 6
5 1089760051956 3
5 1089760051957 2
5 1089760051959 6
5 1089760051960 1
5 1089760051961 5
5 1089760051962 3
5 1089760051963 2
5 1089760051964 2
5 1089760051965 4
5 1089760051966 1
5 1089760051967 3
5 1089760051968 3
5 1089760051969 3
5 1089760051970 2
5 1089760051971 6
5 1089760051972 6
5 1089760051973 6
5 1089760051974 3
5 1089760051976 3
5 1089760051977 2
5 1089760051978 3
5 1089760051979 4
5 1089760051980 1
5 1089760051981 4
5 1089760051982 5
5 1089760051983 2
5 1089760051984 7
5 1089760051986 2
5 1089760051987 1
5 1089760051988 3
5 1089760051989 4
5 1089760051990 2
5 1089760051991 1
5 1089760051992 3
5 1089760051993 4
5 1089760051994 5
5 1089760051995 4
5 1089760051996 4
5 1089760051997 1
5 1089760051998 5
5 1089760051999 5
5 1089760052001 1
5 1089760052002 2
5 1089760052003 3
5 1089760052004 4
5 1089760052005 4
5 1089760052006 1
5 1089760052007 3
5 1089760052008 1
5 1089760052009 4
5 1089760052010 1
5 1089760052011 2
5 1089760052012 6
5 1089760052013 1
5 1089760052014 6
5 1089760052015 2
5 1089760052016 3
5 1089760052017 2
5 1089760052018 3
5 1089760052019 8
5 1089760052020 5
5 1089760052021 4
5 1089760052022 2
5 1089760052023 4
5 1089760052024 2
5 1089760052025 3
5 1089760052026 4
5 1089760052027 4
5 1089760052028 5
5 1089760052029 2
5 1089760052030 2
5 1089760052031 3
5 1089760052032 5
5 1089760052033 1
5 1089760052034 5
5 1089760052035 5
5 1089760052036 1
5 1089760052037 3
5 1089760052038 2
5 1089760052039 4
5 1089760052040 3
5 1089760052041 6
5 1089760052042 5
5 1089760052043 4
5 1089760052044 6
5 1089760052045 3
5 1089760052046 2
5 1089760052047 5
5 1089760052048 5
5 1089760052049 2
5 1089760052050 3
5 1089760052051 3
5 1089760052052 6
5 1089760052053 1
5 1089760052054 2
5 1089760052055 3
5 1089760052056 6
5 1089760052057 5
5 1089760052058 5
5 1089760052059 1
5 1089760052060 3
5 1089760052061 2
5 1089760052062 7
5 1089760052063 4
5 1089760052064 3
5 1089760052065 2
5 1089760052066 1
5 1089760052067 2
5 1089760052068 4
5 1089760052069 4
5 1089760052070 3
5 1089760052071 4
5 1089760052072 1
5 1089760052073 2
5 1089760052074 3
5 1089760052075 5
5 1089760052076 1
5 1089760052077 4
5 1089760052078 1
5 1089760052079 4
5 1089760052080 3
5 1089760052081 5
5 1089760052082 9
5 1089760052083 127
5 1089760052084 6
5 1089760052086 2
5 1089760052087 4
5 1089760052088 2
5 1089760052089 4
5 1089760052090 3
5 1089760052091 2
5 1089760052092 8
5 1089760052093 4
5 1089760052094 7
5 1089760052095 8
5 1089760052096 4
5 1089760052097 4
5 1089760052098 2
5 1089760052099 1
5 1089760052100 4
5 1089760052101 3
5 1089760052103 2
5 1089760052104 1
5 1089760052105 6
5 1089760052106 2
5 1089760052107 7
5 1089760052108 2
5 1089760052109 2
5 1089760052110 4
5 1089760052111 3
5 1089760052112 4
5 1089760052113 3
5 1089760052114 2
5 1089760052115 7
5 1089760052116 3
5 1089760052117 4
5 1089760052118 2
5 1089760052119 5
5 1089760052120 2
5 1089760052121 2
5 1089760052122 2
5 1089760052123 3
5 1089760052124 4
5 1089760052125 4
5 1089760052126 2
5 1089760052127 2
5 1089760052128 4
5 1089760052129 5
5 1089760052130 3
5 1089760052131 4
5 1089760052132 4
5 1089760052133 8
5 1089760052134 5
5 1089760052135 2
5 1089760052137 1
5 1089760052138 7
5 1089760052139 2
5 1089760052141 3
5 1089760052142 1
5 1089760052143 1
5 1089760052144 4
5 1089760052145 3
5 1089760052146 6
5 1089760052147 3
5 1089760052148 3
5 1089760052149 4
5 1089760052150 1
5 1089760052151 4
5 1089760052152 3
5 1089760052153 3
5 1089760052154 3
5 1089760052155 2
5 1089760052156 6
5 1089760052157 2
5 1089760052158 4
5 1089760052160 2
5 1089760052161 3
5 1089760052162 2
5 1089760052163 4
5 1089760052164 6
5 1089760052165 3
5 1089760052166 5
5 1089760052167 6
5 1089760052168 2
5 1089760052169 3
5 1089760052170 1
5 1089760052172 5
5 1089760052173 4
5 1089760052174 4
5 1089760052175 3
5 1089760052176 3
5 1089760052177 2
5 1089760052178 3
5 1089760052179 2
5 1089760052180 2
5 1089760052181 3
5 1089760052182 1
5 1089760052183 1
5 1089760052184 2
5 1089760052185 6
5 1089760052186 3
5 1089760052187 5
5 1089760052188 1
5 1089760052189 2
5 1089760052190 1
5 1089760052191 2
5 1089760052192 3
5 1089760052193 485
5 1089760052194 4
5 1089760052195 2
5 1089760052197 4
5 1089760052198 5
5 1089760052199 3
5 1089760052200 3
5 1089760052201 2
5 1089760052202 3
5 1089760052203 3
5 1089760052204 4
5 1089760052205 3
5 1089760052206 1
5 1089760052207 6
5 1089760052208 2
5 1089760052209 1
5 1089760052210 2
5 1089760052211 3
5 1089760052212 2
5 1089760052213 3
5 1089760052214 2
5 1089760052215 3
5 1089760052216 5
5 1089760052217 1
5 1089760052218 2
5 1089760052219 4
5 1089760052220 6
5 1089760052221 5
5 1089760052222 4
5 1089760052223 2
5 1089760052306 12
5 1089760052425 4
5 1089760052429 12
5 1089760052431 7
5 1089760052549 5
5 1089760052550 4
5 1089760052551 3
5 1089760052664 5
5 1089760052665 16
5 1089760052666 3
5 1089760052668 4
5 1089760052669 22
5 1089760052670 10
5 1089760052784 9
5 1089760052786 15
5 1089760052787 5
5 1089760052790 11
5 1089760052791 6
5 1089760052906 13
5 1089760052907 3
5 1089760052908 15
5 1089760052909 8
5 1089760052910 18
5 1089760052911 3
5 1089760052944 2
5 1089760052947 15
5 1089760052949 6
5 1089760052950 9
5 1089760053144 10
5 1089760053149 14
5 1089760053151 9
5 1089760053296 4
5 1089760053297 5
5 1089760053299 8
5 1089760053302 12
5 1089760053303 6
5 1089760053528 14
5 1089760053529 12
5 1089760053530 6
5 1089760053533 3
5 1089760053535 2
5 1089760053584 6
5 1089760053585 4
5 1089760053586 14
5 1089760053587 5
5 1089760053588 7
5 1089760053589 8
5 1089760053590 11
5 1089760053626 5
5 1089760053628 10
5 1089760053629 4
5 1089760053630 10
5 1089760053786 3
5 1089760053788 3
5 1089760053789 2
5 1089760053790 10
5 1089760053791 5
5 1089760053888 5
5 1089760053889 14
5 1089760053890 9
5 1089760053892 7
5 1089760053894 5
5 1089760054112 31
5 1089760054113 20
5 1089760054114 17
5 1089760054115 25
5 1089760054116 17
5 1089760054117 14
5 1089760054118 22
5 1089760054119 30
5 1089760054200 15
5 1089760054201 27
5 1089760054202 32
5 1089760054203 41
5 1089760054204 22
5 1089760054205 15
5 1089760054206 21
5 1089760054207 31
5 1089760054232 31
5 1089760054233 16
5 1089760054234 12
5 1089760054235 25
5 1089760054236 13
5 1089760054237 30
5 1089760054238 6
5 1089760054239 25
6 1089760034832 202
6 1089760034833 27
6 1089760034834 30
6 1089760034835 27
6 1089760034836 58
6 1089760034837 49
6 1089760034838 31
6 1089760034839 52
6 1089760034840 43
6 1089760034841 26
6 1089760034842 86
6 1089760034843 34
6 1089760034844 48
6 1089760034846 37
6 1089760034847 35
6 1089760035072 108
6 1089760035073 41
6 1089760035074 110
6 1089760035075 18
6 1089760035076 38
6 1089760035077 465
6 1089760035078 34
6 1089760035079 32
6 1089760035080 233
6 1089760035081 32
6 1089760035082 164
6 1089760035083 339
6 1089760035084 828
6 1089760035085 270
6 1089760035086 129
6 1089760035087 12
6 1089760035312 10
6 1089760035313 73
6 1089760035314 65
6 1089760035315 189
6 1089760035316 189
6 1089760035317 34
6 1089760035318 20
6 1089760035319 43
6 1089760035320 38
6 1089760035321 26
6 1089760035322 47
6 1089760035323 6
6 1089760035324 34
6 1089760035325 32
6 1089760035326 10
6 1089760035327 262
6 1089760035552 40
6 1089760035553 361
6 1089760035554 552
6 1089760035555 189
6 1089760035556 52
6 1089760035557 34
6 1089760035558 22
6 1089760035559 132
6 1089760035560 59
6 1089760035561 96
6 1089760035562 547
6 1089760035563 18
6 1089760035564 28
6 1089760035565 54
6 1089760035566 20
6 1089760035567 14
6 1089760035792 32
6 1089760035793 117
6 1089760035794 213
6 1089760035795 36
6 1089760035796 33
6 1089760035797 87
6 1089760035798 60
6 1089760035799 56
6 1089760035800 103
6 1089760035801 51
6 1089760035802 83
6 1089760035803 176
6 1089760035804 723
6 1089760035805 22
6 1089760035806 30
6 1089760035807 137
6 1089760036032 2065
6 1089760036033 94
6 1089760036034 28
6 1089760036035 158
6 1089760036036 18
6 1089760036037 253
6 1089760036038 110
6 1089760036039 49
6 1089760036040 14
6 1089760036041 29
6 1089760036042 103
6 1089760036043 18
6 1089760036044 141
6 1089760036045 11
6 1089760036046 76
6 1089760036047 12
6 1089760036320 206
6 1089760036321 40
6 1089760036322 133
6 1089760036323 10
6 1089760036324 136
6 1089760036325 68
6 1089760036326 339
6 1089760036327 37
6 1089760036328 24
6 1089760036329 4
6 1089760036330 18
6 1089760036331 36
6 1089760036332 24
6 1089760036333 32
6 1089760036334 70
6 1089760036335 144
6 1089760036608 69
6 1089760036609 34
6 1089760036610 30
6 1089760036611 8
6 1089760036612 18
6 1089760036613 135
6 1089760036614 24
6 1089760036615 34
6 1089760036616 28
6 1089760036617 517
6 1089760036618 30
6 1089760036619 22
6 1089760036621 56
6 1089760036622 36
6 1089760036623 26
6 1089760036656 559
6 1089760036657 624
6 1089760036658 102
6 1089760036659 30
6 1089760036660 18
6 1089760036661 64
6 1089760036662 165
6 1089760036663 93
6 1089760036664 46
6 1089760036665 28
6 1089760036666 34
6 1089760036667 14
6 1089760036668 170
6 1089760036669 40
6 1089760036670 163
6 1089760036671 156
6 1089760036800 30
6 1089760036801 22
6 1089760036802 1606
6 1089760036803 106
6 1089760036804 28
6 1089760036805 28
6 1089760036806 42
6 1089760036807 59
6 1089760036808 32
6 1089760036809 51
6 1089760036810 44
6 1089760036811 28
6 1089760036812 40
6 1089760036813 28
6 1089760036814 32
6 1089760036815 20
6 1089760037520 156
6 1089760037521 32
6 1089760037522 32
6 1089760037523 92
6 1089760037524 20
6 1089760037525 46
6 1089760037526 60
6 1089760037527 40
6 1089760037528 14
6 1089760037529 57
6 1089760037530 34
6 1089760037531 8
6 1089760037532 22
6 1089760037533 28
6 1089760037534 40
6 1089760037535 34
6 1089760037536 183
6 1089760037537 116
6 1089760037538 28
6 1089760037539 16
6 1089760037540 51
6 1089760037541 91
6 1089760037542 17
6 1089760037543 83
6 1089760037544 52
6 1089760037545 212
6 1089760037546 8
6 1089760037547 20
6 1089760037548 52
6 1089760037549 531
6 1089760037550 447
6 1089760037551 26
6 1089760037568 316
6 1089760037569 12
6 1089760037570 36
6 1089760037571 178
6 1089760037572 211
6 1089760037573 59
6 1089760037574 28
6 1089760037575 77
6 1089760037576 60
6 1089760037577 58
6 1089760037578 20
6 1089760037579 33
6 1089760037580 171
6 1089760037581 28
6 1089760037582 20
6 1089760037583 75
6 1089760037760 94
6 1089760037761 178
6 1089760037762 52
6 1089760037763 202
6 1089760037764 324
6 1089760037765 1590
6 1089760037766 34
6 1089760037767 120
6 1089760037768 85
6 1089760037769 282
6 1089760037770 131
6 1089760037771 42
6 1089760037772 52
6 1089760037773 68
6 1089760037774 302
6 1089760037775 62
6 1089760038208 58
6 1089760038209 57
6 1089760038210 182
6 1089760038211 168
6 1089760038212 203
6 1089760038213 52
6 1089760038214 52
6 1089760038215 146
6 1089760038216 52
6 1089760038217 66
6 1089760038218 159
6 1089760038219 60
6 1089760038220 127
6 1089760038221 105
6 1089760038222 68
6 1089760038223 339
6 1089760038400 67
6 1089760038401 122
6 1089760038402 70
6 1089760038403 54
6 1089760038404 173
6 1089760038405 50
6 1089760038406 125
6 1089760038407 72
6 1089760038408 44
6 1089760038409 180
6 1089760038410 2259
6 1089760038411 189
6 1089760038412 56
6 1089760038413 50
6 1089760038414 261
6 1089760038415 61
6 1089760038592 38
6 1089760038593 46
6 1089760038594 140
6 1089760038595 68
6 1089760038596 136
6 1089760038597 206
6 1089760038598 123
6 1089760038599 149
6 1089760038600 69
6 1089760038601 70
6 1089760038602 48
6 1089760038603 65
6 1089760038604 62
6 1089760038605 1219
6 1089760038606 123
6 1089760038607 60
6 1089760038704 135
6 1089760038705 59
6 1089760038706 86
6 1089760038707 150
6 1089760038708 138
6 1089760038709 56
6 1089760038710 214
6 1089760038711 68
6 1089760038712 68
6 1089760038713 204
6 1089760038714 1007
6 1089760038715 103
6 1089760038716 60
6 1089760038717 117
6 1089760038718 68
6 1089760038719 58
6 1089760038960 26
6 1089760038962 401
6 1089760038963 16
6 1089760038964 172
6 1089760038966 11
6 1089760038968 146
6 1089760038969 5
6 1089760038971 11
6 1089760038972 86
6 1089760038973 4
6 1089760038974 11
6 1089760038975 9
6 1089760038976 7
6 1089760038977 137
6 1089760038978 3
6 1089760038980 15
6 1089760038981 4
6 1089760038982 1
6 1089760038983 6
6 1089760038984 55
6 1089760038985 45
6 1089760038986 13
6 1089760038987 12
6 1089760038989 7
6 1089760038990 31
6 1089760038991 8
6 1089760038992 10
6 1089760038993 6
6 1089760038994 8
6 1089760038995 7
6 1089760038996 86
6 1089760038997 22
6 1089760039001 3
6 1089760039002 414
6 1089760039004 43
6 1089760039005 63
6 1089760039679 4
6 1089760039680 75
6 1089760039681 17
6 1089760039682 7
6 1089760039683 109
6 1089760039686 228
6 1089760039687 20
6 1089760039690 13
6 1089760039691 6
6 1089760039692 8
6 1089760039693 8
6 1089760039694 15
6 1089760039695 6
6 1089760039696 19
6 1089760039697 19
6 1089760039698 11
6 1089760039699 10
6 1089760039700 10
6 1089760039701 16
6 1089760039702 11
6 1089760039703 3
6 1089760039704 8
6 1089760039705 5
6 1089760039706 3
6 1089760039707 22
6 1089760039708 32
6 1089760039709 168
6 1089760039710 11
6 1089760039711 25
6 1089760039712 75
6 1089760039713 131
6 1089760039714 5
6 1089760039715 4
6 1089760039716 18
6 1089760039717 49
6 1089760039719 16
6 1089760039720 1
6 1089760039721 11
6 1089760039722 6
6 1089760039724 7
6 1089760040398 17
6 1089760040399 139
6 1089760040400 12
6 1089760040401 17
6 1089760040402 115
6 1089760040403 7
6 1089760040404 58
6 1089760040405 15
6 1089760040406 17
6 1089760040407 29
6 1089760040408 4
6 1089760040409 16
6 1089760040410 9
6 1089760040411 1
6 1089760040412 148
6 1089760040413 11
6 1089760040414 8
6 1089760040416 11
6 1089760040417 2
6 1089760040418 19
6 1089760040419 136
6 1089760040421 17
6 1089760040422 7
6 1089760040423 27
6 1089760040424 47
6 1089760040425 258
6 1089760040426 4
6 1089760040431 193
6 1089760040432 16
6 1089760040433 15
6 1089760040435 182
6 1089760040436 6
6 1089760040439 29
6 1089760040440 4
6 1089760041107 3
6 1089760041108 11
6 1089760041109 33
6 1089760041110 2
6 1089760041111 16
6 1089760041113 63
6 1089760041114 9
6 1089760041115 14
6 1089760041116 5
6 1089760041117 5
6 1089760041118 721
6 1089760041119 130
6 1089760041120 9
6 1089760041121 104
6 1089760041122 20
6 1089760041123 9
6 1089760041124 6
6 1089760041126 7
6 1089760041128 12
6 1089760041129 9
6 1089760041130 20
6 1089760041131 167
6 1089760041132 232
6 1089760041133 332
6 1089760041134 10
6 1089760041136 9
6 1089760041137 9
6 1089760041139 9
6 1089760041140 71
6 1089760041144 14
6 1089760041145 12
6 1089760041146 1
6 1089760041147 11
6 1089760041148 2
6 1089760041149 4
6 1089760041150 10
6 1089760041152 5
6 1089760041153 19
6 1089760041829 5
6 1089760041830 7
6 1089760041831 9
6 1089760041832 8
6 1089760041833 5
6 1089760041834 79
6 1089760041835 8
6 1089760041836 15
6 1089760041837 12
6 1089760041838 12
6 1089760041839 8
6 1089760041841 15
6 1089760041842 5
6 1089760041843 5
6 1089760041844 10
6 1089760041845 21
6 1089760041846 6
6 1089760041847 21
6 1089760041848 7
6 1089760041849 4
6 1089760041850 11
6 1089760041852 16
6 1089760041853 14
6 1089760041854 10
6 1089760041855 429
6 1089760041856 8
6 1089760041857 8
6 1089760041858 4
6 1089760041859 3
6 1089760041860 5
6 1089760041861 7
6 1089760041862 51
6 1089760041863 126
6 1089760041864 20
6 1089760041865 15
6 1089760041866 119
6 1089760041868 15
6 1089760041869 4
6 1089760041870 10
6 1089760041871 6
6 1089760041873 54
6 1089760041874 8
6 1089760041875 10
6 1089760042559 5
6 1089760042560 36
6 1089760042561 31
6 1089760042562 34
6 1089760042563 15
6 1089760042564 681
6 1089760042565 8
6 1089760042566 7
6 1089760042567 7
6 1089760042568 127
6 1089760042569 5
6 1089760042570 6
6 1089760042571 71
6 1089760042573 60
6 1089760042574 291
6 1089760042575 62
6 1089760042576 162
6 1089760042577 40
6 1089760042578 10
6 1089760042579 340
6 1089760042580 3
6 1089760042581 1
6 1089760042582 10
6 1089760042585 3
6 1089760042586 76
6 1089760042587 7
6 1089760042588 4
6 1089760042589 7
6 1089760042590 8
6 1089760042592 14
6 1089760042594 2
6 1089760042595 14
6 1089760042596 28
6 1089760042597 12
6 1089760042598 80
6 1089760042599 5
6 1089760042601 97
6 1089760042602 5
6 1089760042603 24
6 1089760042605 9
6 1089760042607 6
6 1089760043423 7
6 1089760043424 10
6 1089760043425 10
6 1089760043426 4
6 1089760043427 4
6 1089760043428 9
6 1089760043430 14
6 1089760043431 6
6 1089760043432 3
6 1089760043433 3
6 1089760043434 94
6 1089760043435 6
6 1089760043436 13
6 1089760043437 14
6 1089760043438 96
6 1089760043439 28
6 1089760043440 6
6 1089760043441 15
6 1089760043442 14
6 1089760043443 337
6 1089760043444 5
6 1089760043446 1
6 1089760043447 7
6 1089760043448 9
6 1089760043451 12
6 1089760043454 19
6 1089760043455 3
6 1089760043456 14
6 1089760043457 12
6 1089760043458 4
6 1089760043459 48
6 1089760043460 49
6 1089760043461 6
6 1089760043462 17
6 1089760043463 124
6 1089760043464 7
6 1089760043465 4
6 1089760043466 60
6 1089760043467 13
6 1089760044285 9
6 1089760044286 8
6 1089760044287 8
6 1089760044288 5
6 1089760044289 18
6 1089760044290 5
6 1089760044291 16
6 1089760044292 4
6 1089760044293 4
6 1089760044294 7
6 1089760044298 5
6 1089760044299 8
6 1089760044300 155
6 1089760044302 5
6 1089760044303 9
6 1089760044304 163
6 1089760044306 12
6 1089760044307 11
6 1089760044309 241
6 1089760044311 4
6 1089760044313 15
6 1089760044314 78
6 1089760044315 7
6 1089760044317 553
6 1089760044318 7
6 1089760044320 4
6 1089760044321 11
6 1089760044324 7
6 1089760044325 11
6 1089760044326 178
6 1089760044328 19
6 1089760044330 31
6 1089760044332 21
6 1089760044333 6
6 1089760044432 19
6 1089760044433 33
6 1089760044434 14
6 1089760044435 19
6 1089760044436 6
6 1089760044437 4
6 1089760044439 20
6 1089760044441 20
6 1089760044442 3
6 1089760044443 72
6 1089760044444 11
6 1089760044447 12
6 1089760044448 243
6 1089760044449 16
6 1089760044451 7
6 1089760044452 8
6 1089760044453 7
6 1089760044454 18
6 1089760044455 11
6 1089760044456 14
6 1089760044457 10
6 1089760044458 9
6 1089760044459 8
6 1089760044460 10
6 1089760044462 10
6 1089760044463 85
6 1089760044464 6
6 1089760044465 6
6 1089760044466 7
6 1089760044467 1
6 1089760044468 50
6 1089760044470 13
6 1089760044471 19
6 1089760044472 13
6 1089760044473 2
6 1089760044474 171
6 1089760044475 25
6 1089760044476 12
6 1089760044477 68
6 1089760044478 4
6 1089760044867 8
6 1089760044868 10
6 1089760044870 7
6 1089760044871 6
6 1089760044874 141
6 1089760044875 174
6 1089760044876 289
6 1089760044878 15
6 1089760044879 576
6 1089760044881 3
6 1089760044882 16
6 1089760044883 6
6 1089760044885 13
6 1089760044886 14
6 1089760044887 17
6 1089760044888 5
6 1089760044889 8
6 1089760044890 12
6 1089760044891 18
6 1089760044892 12
6 1089760044893 3
6 1089760044894 5
6 1089760044896 10
6 1089760044897 10
6 1089760044898 6
6 1089760044899 10
6 1089760044900 11
6 1089760044901 9
6 1089760044902 7
6 1089760044904 190
6 1089760044905 9
6 1089760044906 176
6 1089760044907 4
6 1089760044908 6
6 1089760044909 2
6 1089760044910 14
6 1089760044911 53
6 1089760044912 7
6 1089760044913 9
6 1089760044915 9
6 1089760047032 141
6 1089760047033 7
6 1089760047034 11
6 1089760047035 13
6 1089760047036 11
6 1089760047038 7
6 1089760047039 1
6 1089760047040 14
6 1089760047041 3
6 1089760047042 9
6 1089760047045 1
6 1089760047046 10
6 1089760047048 8
6 1089760047049 8
6 1089760047050 19
6 1089760047051 6
6 1089760047052 16
6 1089760047053 12
6 1089760047054 15
6 1089760047056 9
6 1089760047057 1
6 1089760047058 12
6 1089760047059 135
6 1089760047061 7
6 1089760047062 12
6 1089760047063 15
6 1089760047064 8
6 1089760047067 6
6 1089760047069 3
6 1089760047070 6
6 1089760047071 17
6 1089760047072 6
6 1089760047074 148
6 1089760047075 6
6 1089760047076 7
6 1089760047077 4
6 1089760047078 12
6 1089760047079 14
6 1089760047081 370
6 1089760047082 17
6 1089760047083 13
6 1089760047084 8
6 1089760047086 15
6 1089760047088 7
6 1089760047090 10
6 1089760047092 5
6 1089760047093 75
6 1089760047094 15
6 1089760047095 22
6 1089760047096 34
6 1089760047097 2
6 1089760047098 204
6 1089760047099 5
6 1089760047100 10
6 1089760047102 93
6 1089760047103 172
6 1089760047104 8
6 1089760047105 19
6 1089760047106 3
6 1089760047107 188
6 1089760047108 15
6 1089760047109 18
6 1089760047110 10
6 1089760047112 4
6 1089760047116 11
6 1089760047117 16
6 1089760047118 13
6 1089760047120 11
6 1089760047121 18
6 1089760047122 11
6 1089760047123 14
6 1089760047125 12
6 1089760047126 14
6 1089760047127 137
6 1089760047176 178
6 1089760047177 85
6 1089760047178 16
6 1089760047179 310
6 1089760047182 2
6 1089760047183 2
6 1089760047184 8
6 1089760047185 19
6 1089760047186 5
6 1089760047187 6
6 1089760047188 12
6 1089760047189 4
6 1089760047190 12
6 1089760047191 8
6 1089760047192 6
6 1089760047193 12
6 1089760047194 13
6 1089760047195 12
6 1089760047197 14
6 1089760047198 8
6 1089760047199 13
6 1089760047200 9
6 1089760047201 11
6 1089760047203 36
6 1089760047204 86
6 1089760047205 19
6 1089760047206 9
6 1089760047207 11
6 1089760047209 18
6 1089760047210 28
6 1089760047212 8
6 1089760047213 4
6 1089760047214 12
6 1089760047216 13
6 1089760047217 8
6 1089760047218 11
6 1089760047220 3
6 1089760047221 243
6 1089760047755 14
6 1089760047756 139
6 1089760047757 18
6 1089760047758 23
6 1089760047759 31
6 1089760047760 16
6 1089760047761 28
6 1089760047762 23
6 1089760047763 377
6 1089760047764 17
6 1089760047765 1887
6 1089760047766 16
6 1089760047767 28
6 1089760047768 18
6 1089760047769 17
6 1089760047770 14
6 1089760047771 13
6 1089760047772 9
6 1089760047773 11
6 1089760047774 12
6 1089760047775 331
6 1089760047776 22
6 1089760047777 21
6 1089760047778 26
6 1089760047779 25
6 1089760047780 15
6 1089760047781 101
6 1089760047782 2198
6 1089760047783 18
6 1089760047784 136
6 1089760047785 23
6 1089760047786 197
6 1089760047787 19
6 1089760047788 201
6 1089760047789 16
6 1089760047790 46
6 1089760047791 19
6 1089760047792 13
6 1089760047793 32
6 1089760047794 23
6 1089760047795 27
6 1089760047796 173
6 1089760047797 98
6 1089760047798 17
6 1089760047799 11
6 1089760047800 26
6 1089760047801 30
6 1089760047802 44
6 1089760049090 22
6 1089760049091 156
6 1089760049092 27
6 1089760049093 20
6 1089760049094 14
6 1089760049095 20
6 1089760049096 15
6 1089760049097 157
6 1089760049098 17
6 1089760049099 149
6 1089760049100 201
6 1089760049101 89
6 1089760049102 87
6 1089760049103 124
6 1089760049104 38
6 1089760049105 18
6 1089760049106 32
6 1089760049107 19
6 1089760049108 154
6 1089760049109 15
6 1089760049110 15
6 1089760049111 172
6 1089760049112 18
6 1089760049113 82
6 1089760049114 287
6 1089760049115 209
6 1089760049116 14
6 1089760049117 17
6 1089760049118 30
6 1089760049119 310
6 1089760049120 28
6 1089760049121 19
6 1089760049122 10
6 1089760049123 606
6 1089760049124 71
6 1089760049125 19
6 1089760049126 160
6 1089760049127 46
6 1089760049128 96
6 1089760049129 29
6 1089760049130 7
6 1089760049131 175
6 1089760049132 21
6 1089760049133 715
6 1089760049134 21
6 1089760049135 28
6 1089760049136 21
6 1089760049137 18
6 1089760049138 1
6 1089760049669 5
6 1089760049670 15
6 1089760049671 248
6 1089760049672 21
6 1089760049673 15
6 1089760049674 23
6 1089760049675 29
6 1089760049676 32
6 1089760049677 24
6 1089760049678 46
6 1089760049679 14
6 1089760049680 19
6 1089760049681 21
6 1089760049682 19
6 1089760049683 36
6 1089760049684 77
6 1089760049685 293
6 1089760049686 228
6 1089760049687 19
6 1089760049688 52
6 1089760049689 23
6 1089760049690 143
6 1089760049691 34
6 1089760049692 56
6 1089760049693 171
6 1089760049694 14
6 1089760049695 126
6 1089760049696 17
6 1089760049697 13
6 1089760049698 15
6 1089760049699 20
6 1089760049700 11
6 1089760049701 16
6 1089760049702 311
6 1089760049703 9
6 1089760049704 1585
6 1089760049705 26
6 1089760049706 158
6 1089760049707 11
6 1089760049708 63
6 1089760049709 21
6 1089760049710 164
6 1089760049711 17
6 1089760049712 19
6 1089760049713 24
6 1089760049714 22
6 1089760049715 1
6 1089760050246 8
6 1089760050247 129
6 1089760050248 20
6 1089760050249 18
6 1089760050250 18
6 1089760050251 1
6 1089760050252 428
6 1089760050253 30
6 1089760050254 58
6 1089760050255 32
6 1089760050256 22
6 1089760050257 15
6 1089760050258 20
6 1089760050259 48
6 1089760050260 16
6 1089760050261 316
6 1089760050262 14
6 1089760050263 14
6 1089760050264 99
6 1089760050265 97
6 1089760050266 174
6 1089760050269 29
6 1089760050270 86
6 1089760050271 20
6 1089760050272 15
6 1089760050273 15
6 1089760050274 25
6 1089760050275 35
6 1089760050276 18
6 1089760050277 13
6 1089760050278 17
6 1089760050279 60
6 1089760050280 17
6 1089760050281 6
6 1089760050282 26
6 1089760050283 13
6 1089760050284 427
6 1089760050285 20
6 1089760050286 19
6 1089760050287 368
6 1089760050288 8
6 1089760050289 9
6 1089760050290 19
6 1089760050291 110
6 1089760050292 62
6 1089760050293 6
6 1089760050294 126
6 1089760050581 9
6 1089760050582 71
6 1089760050583 29
6 1089760050584 10
6 1089760050585 20
6 1089760050586 19
6 1089760050587 44
6 1089760050588 35
6 1089760050589 12
6 1089760050590 19
6 1089760050591 8
6 1089760050592 7
6 1089760050593 13
6 1089760050594 10
6 1089760050595 225
6 1089760050596 368
6 1089760050597 27
6 1089760050598 17
6 1089760050599 25
6 1089760050600 18
6 1089760050601 5
6 1089760050602 20
6 1089760050603 20
6 1089760050604 21
6 1089760050605 28
6 1089760050606 19
6 1089760050607 18
6 1089760050608 35
6 1089760050609 210
6 1089760050610 15
6 1089760050611 19
6 1089760050612 43
6 1089760050613 24
6 1089760050614 23
6 1089760050615 17
6 1089760050616 23
6 1089760050617 14
6 1089760050618 14
6 1089760050619 13
6 1089760050620 13
6 1089760050621 78
6 1089760050622 14
6 1089760050623 25
6 1089760050624 13
6 1089760050625 15
6 1089760050626 15
6 1089760050627 25
6 1089760050628 13
6 1089760050629 92
6 1089760050630 21
6 1089760050631 11
6 1089760051202 4
6 1089760051203 4
6 1089760051232 4
6 1089760051233 4
6 1089760051262 4
6 1089760051263 4
6 1089760051292 4
6 1089760051293 4
6 1089760051322 4
6 1089760051323 4
6 1089760051352 4
6 1089760051353 4
6 1089760051388 4
6 1089760051389 4
6 1089760051424 4
6 1089760051425 4
6 1089760051430 4
6 1089760051431 4
6 1089760051448 4
6 1089760051449 4
6 1089760051538 4
6 1089760051539 4
6 1089760051540 4
6 1089760051541 4
6 1089760051544 4
6 1089760051545 4
6 1089760051568 4
6 1089760051569 4
6 1089760051624 4
6 1089760051625 4
6 1089760051648 4
6 1089760051649 4
6 1089760051672 4
6 1089760051673 4
6 1089760051686 4
6 1089760051687 4
6 1089760051712 19
6 1089760051713 15
6 1089760051714 12
6 1089760051715 27
6 1089760051716 50
6 1089760051717 20
6 1089760051718 28
6 1089760051719 20
6 1089760051720 60
6 1089760051721 27
6 1089760051722 23
6 1089760051723 17
6 1089760051724 16
6 1089760051725 14
6 1089760051726 45
6 1089760051727 16
6 1089760051728 33
6 1089760051729 24
6 1089760051730 25
6 1089760051731 17
6 1089760051732 57
6 1089760051733 159
6 1089760051734 129
6 1089760051735 191
6 1089760051736 161
6 1089760051737 267
6 1089760051738 18
6 1089760051739 68
6 1089760051740 98
6 1089760051741 17
6 1089760051742 14
6 1089760051743 25
6 1089760051744 123
6 1089760051745 264
6 1089760051746 312
6 1089760051747 15
6 1089760051748 29
6 1089760051749 18
6 1089760051750 22
6 1089760051751 13
6 1089760051752 12
6 1089760051753 19
6 1089760051754 24
6 1089760051755 154
6 1089760051756 22
6 1089760051757 17
6 1089760051758 369
6 1089760051759 22
6 1089760051760 15
6 1089760051761 32
6 1089760051762 30
6 1089760051763 23
6 1089760051764 15
6 1089760051765 134
6 1089760051766 18
6 1089760051767 133
6 1089760051768 19
6 1089760051769 64
6 1089760051770 79
6 1089760051771 21
6 1089760051772 24
6 1089760051773 17
6 1089760051774 24
6 1089760051775 76
6 1089760051776 15
6 1089760051777 27
6 1089760051778 247
6 1089760051779 214
6 1089760051780 14
6 1089760051781 20
6 1089760051782 210
6 1089760051783 77
6 1089760051784 21
6 1089760051785 34
6 1089760051786 76
6 1089760051787 23
6 1089760051788 114
6 1089760051789 12
6 1089760051790 216
6 1089760051791 135
6 1089760051792 16
6 1089760051793 401
6 1089760051794 18
6 1089760051795 15
6 1089760051796 15
6 1089760051797 20
6 1089760051798 32
6 1089760051799 17
6 1089760051800 201
6 1089760051801 85
6 1089760051802 28
6 1089760051803 101
6 1089760051804 180
6 1089760051805 17
6 1089760051806 36
6 1089760051807 32
6 1089760051808 95
6 1089760051809 17
6 1089760051810 19
6 1089760051811 14
6 1089760051812 46
6 1089760051813 15
6 1089760051814 11
6 1089760051815 51
6 1089760051816 20
6 1089760051817 23
6 1089760051818 43
6 1089760051819 34
6 1089760051820 93
6 1089760051821 17
6 1089760051822 75
6 1089760051823 244
6 1089760051824 118
6 1089760051825 17
6 1089760051826 18
6 1089760051827 18
6 1089760051828 273
6 1089760051829 125
6 1089760051830 30
6 1089760051831 24
6 1089760051832 265
6 1089760051833 20
6 1089760051834 26
6 1089760051835 24
6 1089760051836 22
6 1089760051837 21
6 1089760051838 14
6 1089760051839 58
6 1089760051840 14
6 1089760051841 40
6 1089760051842 127
6 1089760051843 17
6 1089760051844 313
6 1089760051845 28
6 1089760051846 16
6 1089760051847 128
6 1089760051848 33
6 1089760051849 14
6 1089760051850 16
6 1089760051851 16
6 1089760051852 13
6 1089760051853 27
6 1089760051854 27
6 1089760051855 19
6 1089760051856 21
6 1089760051857 14
6 1089760051858 16
6 1089760051859 10
6 1089760051860 125
6 1089760051861 16
6 1089760051862 182
6 1089760051863 127
6 1089760051864 24
6 1089760051865 88
6 1089760051866 425
6 1089760051867 16
6 1089760051868 146
6 1089760051869 18
6 1089760051870 16
6 1089760051871 17
6 1089760051872 12
6 1089760051873 19
6 1089760051874 22
6 1089760051875 15
6 1089760051876 164
6 1089760051877 48
6 1089760051878 16
6 1089760051879 30
6 1089760051880 54
6 1089760051881 17
6 1089760051882 18
6 1089760051883 15
6 1089760051884 28
6 1089760051885 27
6 1089760051886 21
6 1089760051887 17
6 1089760051888 247
6 1089760051889 19
6 1089760051890 26
6 1089760051891 244
6 1089760051892 13
6 1089760051893 162
6 1089760051894 16
6 1089760051895 7
6 1089760051896 117
6 1089760051897 84
6 1089760051898 19
6 1089760051899 22
6 1089760051900 313
6 1089760051901 12
6 1089760051902 36
6 1089760051903 203
6 1089760051904 9
6 1089760051905 19
6 1089760051906 17
6 1089760051907 952
6 1089760051908 15
6 1089760051909 14
6 1089760051910 23
6 1089760051911 29
6 1089760051912 19
6 1089760051913 21
6 1089760051914 98
6 1089760051915 15
6 1089760051916 15
6 1089760051917 143
6 1089760051918 108
6 1089760051919 14
6 1089760051920 19
6 1089760051921 42
6 1089760051922 261
6 1089760051923 453
6 1089760051924 69
6 1089760051925 100
6 1089760051926 68
6 1089760051927 15
6 1089760051928 25
6 1089760051929 16
6 1089760051930 19
6 1089760051931 16
6 1089760051932 57
6 1089760051933 128
6 1089760051934 19
6 1089760051935 292
6 1089760051936 57
6 1089760051937 15
6 1089760051938 14
6 1089760051939 54
6 1089760051940 559
6 1089760051941 48
6 1089760051942 24
6 1089760051943 30
6 1089760051944 60
6 1089760051945 20
6 1089760051946 27
6 1089760051947 112
6 1089760051948 150
6 1089760051949 50
6 1089760051950 11
6 1089760051951 25
6 1089760051952 21
6 1089760051953 16
6 1089760051954 30
6 1089760051955 45
6 1089760051956 253
6 1089760051957 22
6 1089760051958 92
6 1089760051959 10
6 1089760051960 18
6 1089760051961 143
6 1089760051962 11
6 1089760051963 61
6 1089760051964 16
6 1089760051965 304
6 1089760051966 21
6 1089760051967 638
6 1089760051968 42
6 1089760051969 13
6 1089760051970 27
6 1089760051971 16
6 1089760051972 177
6 1089760051973 15
6 1089760051974 18
6 1089760051975 18
6 1089760051976 20
6 1089760051977 116
6 1089760051978 219
6 1089760051979 23
6 1089760051980 100
6 1089760051981 414
6 1089760051982 93
6 1089760051983 79
6 1089760051984 26
6 1089760051985 21
6 1089760051986 56
6 1089760051987 25
6 1089760051988 20
6 1089760051989 17
6 1089760051990 44
6 1089760051991 55
6 1089760051992 15
6 1089760051993 19
6 1089760051994 18
6 1089760051995 13
6 1089760051996 18
6 1089760051997 17
6 1089760051998 69
6 1089760051999 723
6 1089760052000 21
6 1089760052001 275
6 1089760052002 22
6 1089760052003 22
6 1089760052004 128
6 1089760052005 19
6 1089760052006 89
6 1089760052007 153
6 1089760052008 60
6 1089760052009 52
6 1089760052010 22
6 1089760052011 451
6 1089760052012 161
6 1089760052013 25
6 1089760052014 18
6 1089760052015 18
6 1089760052016 64
6 1089760052017 30
6 1089760052018 21
6 1089760052019 28
6 1089760052020 24
6 1089760052021 19
6 1089760052022 12
6 1089760052023 16
6 1089760052024 426
6 1089760052025 24
6 1089760052026 20
6 1089760052027 28
6 1089760052028 14
6 1089760052029 20
6 1089760052030 200
6 1089760052031 51
6 1089760052032 22
6 1089760052033 22
6 1089760052034 12
6 1089760052035 22
6 1089760052036 18
6 1089760052037 21
6 1089760052038 25
6 1089760052039 18
6 1089760052040 15
6 1089760052041 17
6 1089760052042 14
6 1089760052043 52
6 1089760052044 29
6 1089760052045 67
6 1089760052046 21
6 1089760052047 69
6 1089760052048 18
6 1089760052049 25
6 1089760052050 16
6 1089760052051 429
6 1089760052052 31
6 1089760052053 12
6 1089760052054 25
6 1089760052055 215
6 1089760052056 12
6 1089760052057 113
6 1089760052058 29
6 1089760052059 108
6 1089760052060 40
6 1089760052061 8
6 1089760052062 26
6 1089760052063 29
6 1089760052064 68
6 1089760052065 56
6 1089760052066 141
6 1089760052067 25
6 1089760052068 125
6 1089760052069 59
6 1089760052070 421
6 1089760052071 19
6 1089760052072 16
6 1089760052073 13
6 1089760052074 19
6 1089760052075 22
6 1089760052076 19
6 1089760052077 23
6 1089760052078 344
6 1089760052079 56
6 1089760052080 19
6 1089760052081 104
6 1089760052082 25
6 1089760052083 29
6 1089760052084 393
6 1089760052085 16
6 1089760052086 12
6 1089760052087 50
6 1089760052088 15
6 1089760052089 18
6 1089760052090 16
6 1089760052091 17
6 1089760052092 17
6 1089760052093 18
6 1089760052094 134
6 1089760052095 15
6 1089760052096 17
6 1089760052097 22
6 1089760052098 284
6 1089760052099 117
6 1089760052100 12
6 1089760052101 87
6 1089760052102 17
6 1089760052103 221
6 1089760052104 13
6 1089760052105 34
6 1089760052106 133
6 1089760052107 19
6 1089760052108 15
6 1089760052109 26
6 1089760052110 345
6 1089760052111 19
6 1089760052112 99
6 1089760052113 15
6 1089760052114 15
6 1089760052115 9
6 1089760052116 15
6 1089760052117 258
6 1089760052118 17
6 1089760052119 89
6 1089760052120 80
6 1089760052121 18
6 1089760052122 11
6 1089760052123 22
6 1089760052124 107
6 1089760052125 178
6 1089760052126 175
6 1089760052127 26
6 1089760052128 24
6 1089760052129 25
6 1089760052130 177
6 1089760052131 21
6 1089760052132 27
6 1089760052133 9
6 1089760052134 42
6 1089760052135 13
6 1089760052136 18
6 1089760052137 33
6 1089760052138 17
6 1089760052139 155
6 1089760052140 59
6 1089760052141 317
6 1089760052142 66
6 1089760052143 15
6 1089760052144 24
6 1089760052145 17
6 1089760052146 14
6 1089760052147 16
6 1089760052148 135
6 1089760052149 15
6 1089760052150 77
6 1089760052151 50
6 1089760052152 20
6 1089760052153 14
6 1089760052154 166
6 1089760052155 22
6 1089760052156 36
6 1089760052157 162
6 1089760052158 14
6 1089760052159 17
6 1089760052160 24
6 1089760052161 14
6 1089760052162 21
6 1089760052163 78
6 1089760052164 12
6 1089760052165 112
6 1089760052166 16
6 1089760052167 23
6 1089760052168 30
6 1089760052169 25
6 1089760052170 161
6 1089760052171 167
6 1089760052172 22
6 1089760052173 48
6 1089760052174 212
6 1089760052175 37
6 1089760052176 36
6 1089760052177 502
6 1089760052178 20
6 1089760052179 35
6 1089760052180 20
6 1089760052181 409
6 1089760052182 25
6 1089760052183 105
6 1089760052184 29
6 1089760052185 20
6 1089760052186 128
6 1089760052187 28
6 1089760052188 23
6 1089760052189 72
6 1089760052190 16
6 1089760052191 22
6 1089760052192 60
6 1089760052193 24
6 1089760052194 16
6 1089760052195 197
6 1089760052196 78
6 1089760052197 21
6 1089760052198 31
6 1089760052199 36
6 1089760052200 22
6 1089760052201 29
6 1089760052202 75
6 1089760052203 17
6 1089760052204 139
6 1089760052205 42
6 1089760052206 20
6 1089760052207 31
6 1089760052208 18
6 1089760052209 27
6 1089760052210 75
6 1089760052211 191
6 1089760052212 15
6 1089760052213 22
6 1089760052214 30
6 1089760052215 139
6 1089760052216 19
6 1089760052217 17
6 1089760052218 160
6 1089760052219 43
6 1089760052220 396
6 1089760052221 185
6 1089760052222 466
6 1089760052223 26
6 1089760052232 120
6 1089760052233 160
6 1089760052234 33
6 1089760052235 125
6 1089760052236 16
6 1089760052237 23
6 1089760052238 86
6 1089760052239 157
6 1089760052352 21
6 1089760052353 94
6 1089760052354 42
6 1089760052355 138
6 1089760052356 24
6 1089760052357 225
6 1089760052358 29
6 1089760052359 15
6 1089760052472 376
6 1089760052473 27
6 1089760052474 79
6 1089760052475 129
6 1089760052476 26
6 1089760052477 13
6 1089760052478 27
6 1089760052479 13
6 1089760052592 41
6 1089760052593 31
6 1089760052594 258
6 1089760052595 20
6 1089760052596 27
6 1089760052597 15
6 1089760052598 328
6 1089760052599 21
6 1089760052712 24
6 1089760052713 113
6 1089760052714 25
6 1089760052715 60
6 1089760052716 645
6 1089760052717 315
6 1089760052718 29
6 1089760052719 55
6 1089760052832 73
6 1089760052833 26
6 1089760052834 138
6 1089760052835 18
6 1089760052836 10
6 1089760052837 83
6 1089760052838 22
6 1089760052839 26
6 1089760052976 19
6 1089760052977 22
6 1089760052978 35
6 1089760052979 22
6 1089760052980 9
6 1089760052981 19
6 1089760052982 106
6 1089760052983 35
6 1089760053120 27
6 1089760053121 16
6 1089760053122 18
6 1089760053123 23
6 1089760053124 90
6 1089760053125 18
6 1089760053126 14
6 1089760053127 22
6 1089760053144 25
6 1089760053145 40
6 1089760053146 236
6 1089760053147 28
6 1089760053148 31
6 1089760053149 22
6 1089760053150 36
6 1089760053151 18
6 1089760053216 14
6 1089760053217 30
6 1089760053218 25
6 1089760053219 27
6 1089760053220 25
6 1089760053221 25
6 1089760053222 36
6 1089760053223 190
6 1089760053576 23
6 1089760053577 20
6 1089760053578 21
6 1089760053579 104
6 1089760053580 13
6 1089760053581 14
6 1089760053582 15
6 1089760053583 24
6 1089760053584 19
6 1089760053585 19
6 1089760053586 27
6 1089760053587 25
6 1089760053588 32
6 1089760053589 53
6 1089760053590 315
6 1089760053591 19
6 1089760053600 157
6 1089760053601 433
6 1089760053602 24
6 1089760053603 22
6 1089760053604 218
6 1089760053605 21
6 1089760053606 23
6 1089760053607 237
6 1089760053696 37
6 1089760053697 116
6 1089760053698 142
6 1089760053699 26
6 1089760053700 158
6 1089760053701 57
6 1089760053702 67
6 1089760053703 36
6 1089760053920 35
6 1089760053921 223
6 1089760053922 262
6 1089760053923 33
6 1089760053924 61
6 1089760053925 281
6 1089760053926 256
6 1089760053927 35
6 1089760054016 192
6 1089760054017 65
6 1089760054018 37
6 1089760054019 34
6 1089760054020 32
6 1089760054021 134
6 1089760054022 79
6 1089760054023 34
6 1089760054112 758
6 1089760054113 34
6 1089760054114 27
6 1089760054115 22
6 1089760054116 288
6 1089760054117 27
6 1089760054118 34
6 1089760054119 113
6 1089760054168 29
6 1089760054169 33
6 1089760054170 29
6 1089760054171 131
6 1089760054172 34
6 1089760054173 134
6 1089760054174 350
6 1089760054175 101
7 1089760034928 24
7 1089760034929 117
7 1089760034930 41
7 1089760034931 34
7 1089760034932 14
7 1089760034933 24
7 1089760034934 22
7 1089760034935 156
7 1089760034936 18
7 1089760034937 27
7 1089760034938 274
7 1089760034939 132
7 1089760034940 28
7 1089760034941 20
7 1089760034942 18
7 1089760034943 30
7 1089760035168 64
7 1089760035169 222
7 1089760035170 30
7 1089760035171 18
7 1089760035172 575
7 1089760035173 22
7 1089760035174 52
7 1089760035175 219
7 1089760035176 34
7 1089760035177 345
7 1089760035178 28
7 1089760035179 20
7 1089760035180 114
7 1089760035181 35
7 1089760035182 27
7 1089760035183 1038
7 1089760035408 540
7 1089760035409 27
7 1089760035410 116
7 1089760035411 29
7 1089760035412 33
7 1089760035413 29
7 1089760035414 142
7 1089760035415 151
7 1089760035416 51
7 1089760035417 172
7 1089760035418 164
7 1089760035419 20
7 1089760035420 403
7 1089760035421 319
7 1089760035422 37
7 1089760035423 689
7 1089760035648 28
7 1089760035649 22
7 1089760035650 285
7 1089760035651 18
7 1089760035652 94
7 1089760035653 35
7 1089760035654 122
7 1089760035655 20
7 1089760035656 286
7 1089760035657 717
7 1089760035658 741
7 1089760035659 39
7 1089760035660 24
7 1089760035661 26
7 1089760035662 32
7 1089760035663 446
7 1089760035888 475
7 1089760035889 179
7 1089760035890 33
7 1089760035891 36
7 1089760035892 26
7 1089760035893 24
7 1089760035894 187
7 1089760035895 294
7 1089760035896 20
7 1089760035897 32
7 1089760035898 20
7 1089760035899 30
7 1089760035900 185
7 1089760035901 131
7 1089760035902 57
7 1089760035903 60
7 1089760036128 28
7 1089760036129 31
7 1089760036130 26
7 1089760036131 18
7 1089760036132 24
7 1089760036133 20
7 1089760036134 140
7 1089760036135 24
7 1089760036136 30
7 1089760036137 24
7 1089760036138 49
7 1089760036139 64
7 1089760036140 22
7 1089760036141 202
7 1089760036142 26
7 1089760036143 157
7 1089760036512 22
7 1089760036513 352
7 1089760036514 28
7 1089760036515 129
7 1089760036516 30
7 1089760036517 30
7 1089760036518 20
7 1089760036519 22
7 1089760036520 30
7 1089760036521 24
7 1089760036522 26
7 1089760036523 226
7 1089760036524 35
7 1089760036525 329
7 1089760036526 209
7 1089760036527 518
7 1089760036576 196
7 1089760036577 66
7 1089760036578 597
7 1089760036579 299
7 1089760036580 33
7 1089760036581 24
7 1089760036582 22
7 1089760036583 210
7 1089760036584 26
7 1089760036585 289
7 1089760036586 20
7 1089760036587 24
7 1089760036588 20
7 1089760036589 416
7 1089760036590 123
7 1089760036591 59
7 1089760036704 22
7 1089760036705 30
7 1089760036706 164
7 1089760036707 67
7 1089760036708 294
7 1089760036709 169
7 1089760036710 26
7 1089760036711 550
7 1089760036712 45
7 1089760036713 168
7 1089760036714 14
7 1089760036715 64
7 1089760036716 134
7 1089760036717 241
7 1089760036718 18
7 1089760036719 164
7 1089760037104 91
7 1089760037105 47
7 1089760037106 384
7 1089760037107 28
7 1089760037108 283
7 1089760037109 40
7 1089760037110 377
7 1089760037111 142
7 1089760037112 20
7 1089760037113 168
7 1089760037114 149
7 1089760037115 67
7 1089760037116 12
7 1089760037117 22
7 1089760037118 124
7 1089760037119 589
7 1089760037168 78
7 1089760037169 20
7 1089760037170 254
7 1089760037171 420
7 1089760037172 27
7 1089760037173 31
7 1089760037174 92
7 1089760037175 286
7 1089760037176 754
7 1089760037177 16
7 1089760037178 33
7 1089760037179 18
7 1089760037180 67
7 1089760037181 55
7 1089760037182 663
7 1089760037183 61
7 1089760037248 176
7 1089760037249 124
7 1089760037250 147
7 1089760037251 167
7 1089760037252 22
7 1089760037253 482
7 1089760037254 112
7 1089760037255 37
7 1089760037256 610
7 1089760037257 22
7 1089760037258 16
7 1089760037259 133
7 1089760037260 181
7 1089760037261 115
7 1089760037262 262
7 1089760037263 70
7 1089760037984 14
7 1089760037985 4
7 1089760037986 10
7 1089760037987 8
7 1089760037988 18
7 1089760037989 10
7 1089760037990 18
7 1089760037991 12
7 1089760037992 10
7 1089760037993 6
7 1089760037994 20
7 1089760037995 14
7 1089760037997 16
7 1089760037998 20
7 1089760037999 10
7 1089760038048 18
7 1089760038049 6
7 1089760038050 16
7 1089760038051 14
7 1089760038052 12
7 1089760038053 8
7 1089760038054 6
7 1089760038055 6
7 1089760038056 16
7 1089760038057 20
7 1089760038058 12
7 1089760038059 12
7 1089760038060 12
7 1089760038061 16
7 1089760038062 8
7 1089760038063 10
7 1089760038576 4
7 1089760038577 12
7 1089760038578 2
7 1089760038579 10
7 1089760038580 14
7 1089760038581 12
7 1089760038582 163
7 1089760038583 4
7 1089760038584 4
7 1089760038585 10
7 1089760038586 10
7 1089760038587 6
7 1089760038588 17
7 1089760038589 18
7 1089760038590 10
7 1089760038591 8
7 1089760038656 104
7 1089760038657 28
7 1089760038658 10
7 1089760038659 4
7 1089760038660 6
7 1089760038661 6
7 1089760038662 14
7 1089760038663 15
7 1089760038664 152
7 1089760038665 8
7 1089760038666 6
7 1089760038667 10
7 1089760038668 8
7 1089760038669 34
7 1089760038670 4
7 1089760038671 12
7 1089760038832 239
7 1089760038833 8
7 1089760038834 10
7 1089760038835 92
7 1089760038836 12
7 1089760038837 12
7 1089760038838 6
7 1089760038839 6
7 1089760038840 239
7 1089760038841 8
7 1089760038842 8
7 1089760038843 14
7 1089760038844 139
7 1089760038845 18
7 1089760038846 4
7 1089760038847 8
7 1089760039246 25
7 1089760039247 32
7 1089760039248 36
7 1089760039249 86
7 1089760039250 132
7 1089760039251 18
7 1089760039252 15
7 1089760039253 17
7 1089760039254 186
7 1089760039255 28
7 1089760039256 23
7 1089760039257 173
7 1089760039258 12
7 1089760039259 3
7 1089760039260 122
7 1089760039261 24
7 1089760039262 152
7 1089760039263 258
7 1089760039264 16
7 1089760039265 123
7 1089760039266 24
7 1089760039267 25
7 1089760039268 21
7 1089760039269 42
7 1089760039270 9
7 1089760039271 11
7 1089760039272 85
7 1089760039273 18
7 1089760039274 25
7 1089760039275 14
7 1089760039276 16
7 1089760039277 22
7 1089760039278 66
7 1089760039279 155
7 1089760039280 25
7 1089760039281 156
7 1089760039282 20
7 1089760039283 200
7 1089760039284 17
7 1089760039285 144
7 1089760039286 17
7 1089760039287 11
7 1089760039288 131
7 1089760039289 18
7 1089760039290 84
7 1089760039291 1412
7 1089760039292 172
7 1089760039293 185
7 1089760039294 128
7 1089760039295 21
7 1089760039967 28
7 1089760039968 56
7 1089760039969 69
7 1089760039970 41
7 1089760039971 19
7 1089760039972 48
7 1089760039973 30
7 1089760039974 47
7 1089760039975 357
7 1089760039976 30
7 1089760039977 11
7 1089760039979 118
7 1089760039980 56
7 1089760039981 22
7 1089760039982 5
7 1089760039983 20
7 1089760039984 132
7 1089760039985 39
7 1089760039986 21
7 1089760039987 128
7 1089760039988 71
7 1089760039989 21
7 1089760039990 72
7 1089760039991 114
7 1089760039992 49
7 1089760039993 168
7 1089760039994 9
7 1089760039995 79
7 1089760039996 20
7 1089760039997 2
7 1089760039998 66
7 1089760039999 102
7 1089760040000 833
7 1089760040001 292
7 1089760040002 47
7 1089760040003 120
7 1089760040004 20
7 1089760040005 63
7 1089760040006 86
7 1089760040007 520
7 1089760040008 390
7 1089760040009 171
7 1089760040010 423
7 1089760040011 170
7 1089760040012 24
7 1089760040013 25
7 1089760040014 700
7 1089760040015 2
7 1089760040679 2
7 1089760040680 188
7 1089760040681 20
7 1089760040682 178
7 1089760040683 26
7 1089760040684 465
7 1089760040685 15
7 1089760040686 149
7 1089760040687 630
7 1089760040688 23
7 1089760040689 68
7 1089760040690 431
7 1089760040691 33
7 1089760040692 287
7 1089760040693 47
7 1089760040694 34
7 1089760040695 18
7 1089760040696 42
7 1089760040697 105
7 1089760040698 18
7 1089760040699 470
7 1089760040700 19
7 1089760040701 57
7 1089760040702 435
7 1089760040703 14
7 1089760040704 27
7 1089760040705 117
7 1089760040706 89
7 1089760040707 91
7 1089760040708 8
7 1089760040709 28
7 1089760040710 43
7 1089760040711 218
7 1089760040712 59
7 1089760040713 99
7 1089760040714 25
7 1089760040715 38
7 1089760040716 171
7 1089760040717 11
7 1089760040718 120
7 1089760040719 17
7 1089760040720 20
7 1089760040721 17
7 1089760040722 17
7 1089760040723 21
7 1089760040724 32
7 1089760040725 43
7 1089760040726 133
7 1089760040727 12
7 1089760040728 7
7 1089760041390 164
7 1089760041391 17
7 1089760041392 25
7 1089760041393 16
7 1089760041394 15
7 1089760041395 14
7 1089760041396 22
7 1089760041397 200
7 1089760041398 14
7 1089760041399 30
7 1089760041400 9
7 1089760041401 32
7 1089760041402 171
7 1089760041403 26
7 1089760041404 390
7 1089760041405 96
7 1089760041406 14
7 1089760041407 75
7 1089760041408 32
7 1089760041409 30
7 1089760041410 15
7 1089760041411 18
7 1089760041412 63
7 1089760041413 23
7 1089760041414 17
7 1089760041415 34
7 1089760041416 95
7 1089760041417 26
7 1089760041418 14
7 1089760041419 53
7 1089760041420 899
7 1089760041421 574
7 1089760041422 39
7 1089760041423 123
7 1089760041424 83
7 1089760041425 8
7 1089760041426 12
7 1089760041427 147
7 1089760041428 38
7 1089760041429 17
7 1089760041430 20
7 1089760041431 78
7 1089760041432 360
7 1089760041433 70
7 1089760041434 103
7 1089760041435 48
7 1089760041436 573
7 1089760041437 159
7 1089760041438 8
7 1089760042120 9
7 1089760042121 183
7 1089760042122 20
7 1089760042123 17
7 1089760042124 65
7 1089760042125 125
7 1089760042126 148
7 1089760042127 30
7 1089760042128 99
7 1089760042129 81
7 1089760042130 68
7 1089760042131 176
7 1089760042132 18
7 1089760042133 47
7 1089760042134 29
7 1089760042135 231
7 1089760042136 13
7 1089760042137 191
7 1089760042138 26
7 1089760042139 17
7 1089760042140 55
7 1089760042141 285
7 1089760042142 481
7 1089760042143 16
7 1089760042144 93
7 1089760042145 12
7 1089760042146 29
7 1089760042147 3
7 1089760042148 72
7 1089760042149 54
7 1089760042150 183
7 1089760042151 26
7 1089760042152 23
7 1089760042153 53
7 1089760042154 28
7 1089760042155 31
7 1089760042156 22
7 1089760042157 31
7 1089760042158 125
7 1089760042159 16
7 1089760042160 19
7 1089760042161 17
7 1089760042162 9
7 1089760042163 27
7 1089760042164 18
7 1089760042165 240
7 1089760042166 41
7 1089760042167 14
7 1089760042847 15
7 1089760042848 216
7 1089760042849 30
7 1089760042850 135
7 1089760042851 17
7 1089760042852 35
7 1089760042853 90
7 1089760042854 6
7 1089760042855 12
7 1089760042856 25
7 1089760042857 15
7 1089760042858 69
7 1089760042859 176
7 1089760042860 24
7 1089760042861 21
7 1089760042862 13
7 1089760042864 245
7 1089760042865 35
7 1089760042866 47
7 1089760042867 54
7 1089760042868 530
7 1089760042869 119
7 1089760042870 10
7 1089760042871 58
7 1089760042872 434
7 1089760042873 125
7 1089760042874 70
7 1089760042875 141
7 1089760042876 13
7 1089760042877 77
7 1089760042879 53
7 1089760042880 145
7 1089760042881 88
7 1089760042882 6
7 1089760042883 763
7 1089760042884 291
7 1089760042885 104
7 1089760042886 56
7 1089760042887 20
7 1089760042888 19
7 1089760042889 14
7 1089760042890 136
7 1089760042891 12
7 1089760042892 61
7 1089760042893 459
7 1089760042894 126
7 1089760042895 25
7 1089760043997 413
7 1089760043998 332
7 1089760043999 20
7 1089760044000 19
7 1089760044001 16
7 1089760044002 199
7 1089760044003 23
7 1089760044004 143
7 1089760044005 430
7 1089760044006 370
7 1089760044007 40
7 1089760044008 176
7 1089760044009 64
7 1089760044010 618
7 1089760044011 96
7 1089760044012 60
7 1089760044013 18
7 1089760044014 57
7 1089760044015 202
7 1089760044016 14
7 1089760044017 24
7 1089760044018 24
7 1089760044019 12
7 1089760044020 32
7 1089760044021 29
7 1089760044022 25
7 1089760044023 366
7 1089760044024 38
7 1089760044025 217
7 1089760044026 23
7 1089760044027 623
7 1089760044028 9
7 1089760044029 17
7 1089760044030 5
7 1089760044031 19
7 1089760044032 37
7 1089760044033 153
7 1089760044034 5
7 1089760044035 37
7 1089760044036 106
7 1089760044037 32
7 1089760044038 27
7 1089760044039 13
7 1089760044040 133
7 1089760044041 37
7 1089760044042 363
7 1089760044043 70
7 1089760044044 27
7 1089760044045 25
7 1089760044188 47
7 1089760044189 137
7 1089760044190 289
7 1089760044191 20
7 1089760044192 249
7 1089760044193 21
7 1089760044194 9
7 1089760044195 26
7 1089760044196 24
7 1089760044197 15
7 1089760044198 18
7 1089760044199 22
7 1089760044200 40
7 1089760044201 52
7 1089760044202 29
7 1089760044203 29
7 1089760044204 36
7 1089760044205 129
7 1089760044206 27
7 1089760044207 14
7 1089760044208 20
7 1089760044209 274
7 1089760044210 14
7 1089760044211 52
7 1089760044212 28
7 1089760044213 23
7 1089760044214 20
7 1089760044215 22
7 1089760044216 138
7 1089760044217 29
7 1089760044218 15
7 1089760044219 9
7 1089760044220 5
7 1089760044221 311
7 1089760044222 168
7 1089760044223 29
7 1089760044224 192
7 1089760044225 235
7 1089760044226 44
7 1089760044227 267
7 1089760044228 123
7 1089760044229 27
7 1089760044230 27
7 1089760044231 17
7 1089760044232 20
7 1089760044233 329
7 1089760044234 128
7 1089760044235 23
7 1089760044236 53
7 1089760044237 1
7 1089760044577 17
7 1089760044578 15
7 1089760044579 246
7 1089760044580 26
7 1089760044581 173
7 1089760044582 182
7 1089760044583 131
7 1089760044584 20
7 1089760044585 160
7 1089760044586 19
7 1089760044587 15
7 1089760044588 160
7 1089760044589 78
7 1089760044590 173
7 1089760044591 26
7 1089760044592 14
7 1089760044593 246
7 1089760044594 115
7 1089760044595 25
7 1089760044596 24
7 1089760044597 368
7 1089760044598 745
7 1089760044599 220
7 1089760044600 32
7 1089760044601 62
7 1089760044602 46
7 1089760044603 17
7 1089760044604 123
7 1089760044605 168
7 1089760044606 21
7 1089760044607 17
7 1089760044608 61
7 1089760044609 6
7 1089760044610 164
7 1089760044611 6
7 1089760044612 150
7 1089760044613 17
7 1089760044614 234
7 1089760044615 22
7 1089760044616 167
7 1089760044617 54
7 1089760044618 390
7 1089760044619 111
7 1089760044620 85
7 1089760044621 39
7 1089760044622 204
7 1089760044623 47
7 1089760044624 107
7 1089760045778 319
7 1089760045779 32
7 1089760045780 57
7 1089760045781 20
7 1089760045782 50
7 1089760045783 173
7 1089760045784 519
7 1089760045785 52
7 1089760045786 30
7 1089760045787 13
7 1089760045788 94
7 1089760045789 159
7 1089760045790 11
7 1089760045791 50
7 1089760045792 6
7 1089760045793 18
7 1089760045794 59
7 1089760045795 13
7 1089760045796 16
7 1089760045797 257
7 1089760045798 21
7 1089760045799 248
7 1089760045800 55
7 1089760045801 181
7 1089760045802 17
7 1089760045803 79
7 1089760045804 20
7 1089760045805 18
7 1089760045806 75
7 1089760045807 22
7 1089760045808 25
7 1089760045809 111
7 1089760045810 29
7 1089760045811 29
7 1089760045812 27
7 1089760045813 220
7 1089760045814 40
7 1089760045815 37
7 1089760045816 7
7 1089760045817 69
7 1089760045818 14
7 1089760045819 200
7 1089760045820 11
7 1089760045821 1
7 1089760045822 16
7 1089760045823 21
7 1089760045824 199
7 1089760045825 34
7 1089760045826 21
7 1089760045827 26
7 1089760045972 57
7 1089760045973 166
7 1089760045974 139
7 1089760045975 12
7 1089760045976 1
7 1089760045977 24
7 1089760045978 17
7 1089760045979 13
7 1089760045980 23
7 1089760045981 21
7 1089760045982 102
7 1089760045983 24
7 1089760045984 662
7 1089760045985 15
7 1089760045986 81
7 1089760045987 53
7 1089760045988 94
7 1089760045989 110
7 1089760045990 23
7 1089760045991 13
7 1089760045992 136
7 1089760045993 15
7 1089760045994 531
7 1089760045995 19
7 1089760045996 208
7 1089760045997 437
7 1089760045998 137
7 1089760045999 192
7 1089760046000 20
7 1089760046001 49
7 1089760046002 57
7 1089760046003 37
7 1089760046004 157
7 1089760046005 114
7 1089760046006 106
7 1089760046007 15
7 1089760046008 185
7 1089760046009 13
7 1089760046010 11
7 1089760046011 132
7 1089760046012 19
7 1089760046013 27
7 1089760046014 22
7 1089760046015 24
7 1089760046016 87
7 1089760046017 42
7 1089760046018 11
7 1089760046019 10
7 1089760046020 9
7 1089760046211 11
7 1089760046212 19
7 1089760046213 22
7 1089760046214 33
7 1089760046215 32
7 1089760046216 8
7 1089760046217 30
7 1089760046218 48
7 1089760046219 61
7 1089760046220 51
7 1089760046221 134
7 1089760046222 25
7 1089760046223 8
7 1089760046224 16
7 1089760046225 13
7 1089760046226 91
7 1089760046227 20
7 1089760046228 168
7 1089760046229 24
7 1089760046230 99
7 1089760046231 26
7 1089760046232 112
7 1089760046233 12
7 1089760046234 17
7 1089760046235 22
7 1089760046236 35
7 1089760046237 24
7 1089760046238 173
7 1089760046239 21
7 1089760046240 16
7 1089760046241 10
7 1089760046242 99
7 1089760046243 23
7 1089760046244 49
7 1089760046245 10
7 1089760046246 470
7 1089760046247 64
7 1089760046248 57
7 1089760046249 22
7 1089760046250 28
7 1089760046251 160
7 1089760046252 11
7 1089760046253 586
7 1089760046254 60
7 1089760046255 42
7 1089760046256 7
7 1089760046257 9
7 1089760046258 8
7 1089760046259 35
7 1089760046260 9
7 1089760048422 6
7 1089760048423 3
7 1089760048424 9
7 1089760048425 5
7 1089760048427 3
7 1089760048428 7
7 1089760048429 52
7 1089760048430 3
7 1089760048431 6
7 1089760048432 5
7 1089760048433 12
7 1089760048434 3
7 1089760048435 14
7 1089760048436 23
7 1089760048437 3
7 1089760048438 8
7 1089760048439 2
7 1089760048440 13
7 1089760048441 23
7 1089760048442 10
7 1089760048443 7
7 1089760048444 30
7 1089760048445 12
7 1089760048446 22
7 1089760048449 18
7 1089760048450 6
7 1089760048451 8
7 1089760048452 21
7 1089760048453 27
7 1089760048454 6
7 1089760048455 4
7 1089760048456 7
7 1089760048457 1
7 1089760048460 4
7 1089760048461 9
7 1089760048462 10
7 1089760048463 16
7 1089760048464 5
7 1089760048465 12
7 1089760048466 6
7 1089760048468 7
7 1089760048610 1
7 1089760048611 35
7 1089760048612 10
7 1089760048613 16
7 1089760048614 6
7 1089760048616 12
7 1089760048618 7
7 1089760048619 21
7 1089760048620 9
7 1089760048621 18
7 1089760048622 6
7 1089760048623 2
7 1089760048624 27
7 1089760048626 11
7 1089760048627 258
7 1089760048628 5
7 1089760048630 11
7 1089760048631 4
7 1089760048632 13
7 1089760048633 3
7 1089760048634 7
7 1089760048635 4
7 1089760048636 8
7 1089760048637 15
7 1089760048638 17
7 1089760048639 2
7 1089760048640 7
7 1089760048641 7
7 1089760048642 154
7 1089760048643 5
7 1089760048644 9
7 1089760048645 11
7 1089760048646 17
7 1089760048647 1
7 1089760048648 21
7 1089760048649 3
7 1089760048650 9
7 1089760048651 7
7 1089760048652 17
7 1089760048654 13
7 1089760048655 21
7 1089760048656 6
7 1089760048657 15
7 1089760050197 1
7 1089760050200 12
7 1089760050201 17
7 1089760050202 8
7 1089760050204 2
7 1089760050207 100
7 1089760050208 8
7 1089760050209 399
7 1089760050210 9
7 1089760050211 7
7 1089760050212 9
7 1089760050214 10
7 1089760050215 13
7 1089760050216 3
7 1089760050217 6
7 1089760050218 60
7 1089760050219 7
7 1089760050220 5
7 1089760050223 1
7 1089760050225 616
7 1089760050226 13
7 1089760050227 8
7 1089760050228 4
7 1089760050229 6
7 1089760050230 7
7 1089760050231 10
7 1089760050232 3
7 1089760050233 6
7 1089760050234 5
7 1089760050235 3
7 1089760050236 13
7 1089760050237 11
7 1089760050238 13
7 1089760050239 5
7 1089760050241 7
7 1089760050242 43
7 1089760050243 14
7 1089760050244 7
7 1089760050245 5
7 1089760050437 5
7 1089760050438 167
7 1089760050439 12
7 1089760050440 3
7 1089760050441 2
7 1089760050442 142
7 1089760050443 2
7 1089760050444 6
7 1089760050445 38
7 1089760050446 16
7 1089760050447 16
7 1089760050449 3
7 1089760050451 298
7 1089760050454 3
7 1089760050455 5
7 1089760050456 6
7 1089760050457 57
7 1089760050458 17
7 1089760050460 8
7 1089760050461 10
7 1089760050462 5
7 1089760050463 10
7 1089760050464 14
7 1089760050465 33
7 1089760050466 13
7 1089760050468 1
7 1089760050470 5
7 1089760050471 139
7 1089760050472 10
7 1089760050473 5
7 1089760050474 21
7 1089760050476 150
7 1089760050477 7
7 1089760050479 1
7 1089760050480 7
7 1089760050482 9
7 1089760050483 7
7 1089760050484 6
7 1089760050485 151
7 1089760050963 3
7 1089760050964 14
7 1089760050965 11
7 1089760050966 16
7 1089760050967 35
7 1089760050968 6
7 1089760050969 7
7 1089760050970 4
7 1089760050971 5
7 1089760050972 8
7 1089760050973 11
7 1089760050974 6
7 1089760050975 15
7 1089760050976 13
7 1089760050977 4
7 1089760050978 6
7 1089760050979 15
7 1089760050980 15
7 1089760050981 17
7 1089760050983 3
7 1089760050984 5
7 1089760050985 6
7 1089760050986 7
7 1089760050987 4
7 1089760050989 24
7 1089760050990 5
7 1089760050991 6
7 1089760050992 9
7 1089760050994 14
7 1089760050995 18
7 1089760050996 4
7 1089760050997 4
7 1089760050998 16
7 1089760050999 36
7 1089760051000 103
7 1089760051001 11
7 1089760051002 91
7 1089760051003 10
7 1089760051004 9
7 1089760051005 4
7 1089760051006 16
7 1089760051008 130
7 1089760051009 5
7 1089760051010 21
7 1089760051011 4
7 1089760051214 4
7 1089760051215 4
7 1089760051244 4
7 1089760051245 4
7 1089760051274 4
7 1089760051275 4
7 1089760051304 4
7 1089760051305 4
7 1089760051334 4
7 1089760051335 4
7 1089760051364 4
7 1089760051365 4
7 1089760051412 4
7 1089760051413 4
7 1089760051420 4
7 1089760051421 4
7 1089760051436 4
7 1089760051437 4
7 1089760051486 10
7 1089760051487 4
7 1089760051494 4
7 1089760051495 4
7 1089760051504 4
7 1089760051505 4
7 1089760051596 4
7 1089760051597 4
7 1089760051604 4
7 1089760051605 4
7 1089760051670 4
7 1089760051671 4
7 1089760051680 4
7 1089760051681 4
7 1089760051702 4
7 1089760051703 4
7 1089760051712 136
7 1089760051713 316
7 1089760051714 457
7 1089760051715 30
7 1089760051716 199
7 1089760051717 416
7 1089760051718 40
7 1089760051719 427
7 1089760051720 144
7 1089760051721 38
7 1089760051722 27
7 1089760051723 25
7 1089760051724 188
7 1089760051725 35
7 1089760051726 169
7 1089760051727 25
7 1089760051728 183
7 1089760051729 242
7 1089760051730 23
7 1089760051731 158
7 1089760051732 307
7 1089760051733 154
7 1089760051734 160
7 1089760051735 250
7 1089760051736 29
7 1089760051737 131
7 1089760051738 38
7 1089760051739 118
7 1089760051740 198
7 1089760051741 24
7 1089760051742 32
7 1089760051743 93
7 1089760051744 35
7 1089760051745 683
7 1089760051746 829
7 1089760051747 619
7 1089760051748 21
7 1089760051749 249
7 1089760051750 22
7 1089760051751 168
7 1089760051752 183
7 1089760051753 109
7 1089760051754 783
7 1089760051755 464
7 1089760051756 100
7 1089760051757 40
7 1089760051758 29
7 1089760051759 481
7 1089760051760 226
7 1089760051761 48
7 1089760051762 39
7 1089760051763 302
7 1089760051764 43
7 1089760051765 53
7 1089760051766 466
7 1089760051767 44
7 1089760051768 59
7 1089760051769 193
7 1089760051770 21
7 1089760051771 173
7 1089760051772 99
7 1089760051773 94
7 1089760051774 26
7 1089760051775 132
7 1089760051776 47
7 1089760051777 524
7 1089760051778 146
7 1089760051779 46
7 1089760051780 42
7 1089760051781 224
7 1089760051782 204
7 1089760051783 39
7 1089760051784 51
7 1089760051785 123
7 1089760051786 34
7 1089760051787 849
7 1089760051788 141
7 1089760051789 30
7 1089760051790 141
7 1089760051791 313
7 1089760051792 67
7 1089760051793 229
7 1089760051794 18
7 1089760051795 38
7 1089760051796 40
7 1089760051797 31
7 1089760051798 143
7 1089760051799 122
7 1089760051800 266
7 1089760051801 209
7 1089760051802 42
7 1089760051803 234
7 1089760051804 640
7 1089760051805 77
7 1089760051806 19
7 1089760051807 89
7 1089760051808 67
7 1089760051809 25
7 1089760051810 33
7 1089760051811 18
7 1089760051812 171
7 1089760051813 133
7 1089760051814 41
7 1089760051815 35
7 1089760051816 25
7 1089760051817 48
7 1089760051818 308
7 1089760051819 52
7 1089760051820 63
7 1089760051821 378
7 1089760051822 36
7 1089760051823 149
7 1089760051824 199
7 1089760051825 23
7 1089760051826 56
7 1089760051827 50
7 1089760051828 55
7 1089760051829 382
7 1089760051830 585
7 1089760051831 339
7 1089760051832 38
7 1089760051833 136
7 1089760051834 27
7 1089760051835 174
7 1089760051836 198
7 1089760051837 225
7 1089760051838 405
7 1089760051839 30
7 1089760051840 50
7 1089760051841 25
7 1089760051842 149
7 1089760051843 175
7 1089760051844 32
7 1089760051845 179
7 1089760051846 187
7 1089760051847 69
7 1089760051848 28
7 1089760051849 265
7 1089760051850 43
7 1089760051851 176
7 1089760051852 109
7 1089760051853 294
7 1089760051854 30
7 1089760051855 150
7 1089760051856 218
7 1089760051857 25
7 1089760051858 37
7 1089760051859 65
7 1089760051860 44
7 1089760051861 125
7 1089760051862 402
7 1089760051863 49
7 1089760051864 17
7 1089760051865 63
7 1089760051866 186
7 1089760051867 83
7 1089760051868 36
7 1089760051869 420
7 1089760051870 102
7 1089760051871 16
7 1089760051872 48
7 1089760051873 136
7 1089760051874 78
7 1089760051875 28
7 1089760051876 51
7 1089760051877 36
7 1089760051878 29
7 1089760051879 28
7 1089760051880 477
7 1089760051881 23
7 1089760051882 20
7 1089760051883 222
7 1089760051884 31
7 1089760051885 20
7 1089760051886 181
7 1089760051887 71
7 1089760051888 173
7 1089760051889 41
7 1089760051890 226
7 1089760051891 150
7 1089760051892 250
7 1089760051893 34
7 1089760051894 43
7 1089760051895 29
7 1089760051896 28
7 1089760051897 143
7 1089760051898 27
7 1089760051899 100
7 1089760051900 584
7 1089760051901 51
7 1089760051902 35
7 1089760051903 255
7 1089760051904 41
7 1089760051905 30
7 1089760051906 26
7 1089760051907 34
7 1089760051908 210
7 1089760051909 68
7 1089760051910 48
7 1089760051911 112
7 1089760051912 306
7 1089760051913 159
7 1089760051914 180
7 1089760051915 1126
7 1089760051916 170
7 1089760051917 624
7 1089760051918 348
7 1089760051919 169
7 1089760051920 99
7 1089760051921 122
7 1089760051922 174
7 1089760051923 164
7 1089760051924 26
7 1089760051925 226
7 1089760051926 78
7 1089760051927 288
7 1089760051928 21
7 1089760051929 31
7 1089760051930 407
7 1089760051931 33
7 1089760051932 36
7 1089760051933 21
7 1089760051934 329
7 1089760051935 44
7 1089760051936 959
7 1089760051937 64
7 1089760051938 33
7 1089760051939 23
7 1089760051940 37
7 1089760051941 151
7 1089760051942 14
7 1089760051943 523
7 1089760051944 34
7 1089760051945 63
7 1089760051946 68
7 1089760051947 35
7 1089760051948 150
7 1089760051949 42
7 1089760051950 103
7 1089760051951 250
7 1089760051952 223
7 1089760051953 49
7 1089760051954 202
7 1089760051955 37
7 1089760051956 26
7 1089760051957 22
7 1089760051958 43
7 1089760051959 46
7 1089760051960 179
7 1089760051961 44
7 1089760051962 353
7 1089760051963 27
7 1089760051964 18
7 1089760051965 30
7 1089760051966 83
7 1089760051967 52
7 1089760051968 20
7 1089760051969 158
7 1089760051970 676
7 1089760051971 39
7 1089760051972 261
7 1089760051973 47
7 1089760051974 187
7 1089760051975 114
7 1089760051976 23
7 1089760051977 411
7 1089760051978 31
7 1089760051979 39
7 1089760051980 164
7 1089760051981 253
7 1089760051982 27
7 1089760051983 48
7 1089760051984 18
7 1089760051985 229
7 1089760051986 296
7 1089760051987 25
7 1089760051988 20
7 1089760051989 38
7 1089760051990 392
7 1089760051991 30
7 1089760051992 28
7 1089760051993 552
7 1089760051994 28
7 1089760051995 23
7 1089760051996 480
7 1089760051997 25
7 1089760051998 112
7 1089760051999 147
7 1089760052000 48
7 1089760052001 56
7 1089760052002 109
7 1089760052003 162
7 1089760052004 103
7 1089760052005 27
7 1089760052006 28
7 1089760052007 414
7 1089760052008 130
7 1089760052009 90
7 1089760052010 36
7 1089760052011 121
7 1089760052012 127
7 1089760052013 37
7 1089760052014 49
7 1089760052015 755
7 1089760052016 43
7 1089760052017 225
7 1089760052018 367
7 1089760052019 179
7 1089760052020 137
7 1089760052021 205
7 1089760052022 173
7 1089760052023 208
7 1089760052024 123
7 1089760052025 226
7 1089760052026 329
7 1089760052027 106
7 1089760052028 80
7 1089760052029 24
7 1089760052030 35
7 1089760052031 74
7 1089760052032 23
7 1089760052033 613
7 1089760052034 258
7 1089760052035 138
7 1089760052036 29
7 1089760052037 18
7 1089760052038 36
7 1089760052039 246
7 1089760052040 28
7 1089760052041 179
7 1089760052042 34
7 1089760052043 31
7 1089760052044 31
7 1089760052045 631
7 1089760052046 34
7 1089760052047 657
7 1089760052048 43
7 1089760052049 30
7 1089760052050 34
7 1089760052051 321
7 1089760052052 52
7 1089760052053 502
7 1089760052054 30
7 1089760052055 35
7 1089760052056 165
7 1089760052057 32
7 1089760052058 486
7 1089760052059 111
7 1089760052060 28
7 1089760052061 415
7 1089760052062 96
7 1089760052063 57
7 1089760052064 213
7 1089760052065 62
7 1089760052066 617
7 1089760052067 144
7 1089760052068 25
7 1089760052069 30
7 1089760052070 24
7 1089760052071 484
7 1089760052072 56
7 1089760052073 292
7 1089760052074 147
7 1089760052075 190
7 1089760052076 22
7 1089760052077 423
7 1089760052078 38
7 1089760052079 78
7 1089760052080 126
7 1089760052081 33
7 1089760052082 35
7 1089760052083 31
7 1089760052084 61
7 1089760052085 618
7 1089760052086 29
7 1089760052087 217
7 1089760052088 211
7 1089760052089 22
7 1089760052090 493
7 1089760052091 145
7 1089760052092 45
7 1089760052093 576
7 1089760052094 57
7 1089760052095 98
7 1089760052096 155
7 1089760052097 26
7 1089760052098 29
7 1089760052099 30
7 1089760052100 29
7 1089760052101 35
7 1089760052102 29
7 1089760052103 157
7 1089760052104 34
7 1089760052105 36
7 1089760052106 140
7 1089760052107 105
7 1089760052108 612
7 1089760052109 96
7 1089760052110 196
7 1089760052111 246
7 1089760052112 48
7 1089760052113 60
7 1089760052114 30
7 1089760052115 74
7 1089760052116 147
7 1089760052117 29
7 1089760052118 221
7 1089760052119 54
7 1089760052120 155
7 1089760052121 1103
7 1089760052122 29
7 1089760052123 118
7 1089760052124 36
7 1089760052125 135
7 1089760052126 163
7 1089760052127 62
7 1089760052128 28
7 1089760052129 241
7 1089760052130 53
7 1089760052131 268
7 1089760052132 117
7 1089760052133 664
7 1089760052134 28
7 1089760052135 59
7 1089760052136 278
7 1089760052137 36
7 1089760052138 208
7 1089760052139 183
7 1089760052140 22
7 1089760052141 968
7 1089760052142 104
7 1089760052143 241
7 1089760052144 665
7 1089760052145 953
7 1089760052146 521
7 1089760052147 55
7 1089760052148 30
7 1089760052149 42
7 1089760052150 35
7 1089760052151 60
7 1089760052152 121
7 1089760052153 102
7 1089760052154 28
7 1089760052155 133
7 1089760052156 356
7 1089760052157 159
7 1089760052158 107
7 1089760052159 515
7 1089760052160 404
7 1089760052161 43
7 1089760052162 31
7 1089760052163 301
7 1089760052164 149
7 1089760052165 32
7 1089760052166 25
7 1089760052167 173
7 1089760052168 317
7 1089760052169 113
7 1089760052170 26
7 1089760052171 408
7 1089760052172 28
7 1089760052173 27
7 1089760052174 65
7 1089760052175 50
7 1089760052176 25
7 1089760052177 271
7 1089760052178 18
7 1089760052179 242
7 1089760052180 156
7 1089760052181 325
7 1089760052182 22
7 1089760052183 38
7 1089760052184 67
7 1089760052185 107
7 1089760052186 92
7 1089760052187 29
7 1089760052188 26
7 1089760052189 33
7 1089760052190 25
7 1089760052191 36
7 1089760052192 52
7 1089760052193 28
7 1089760052194 28
7 1089760052195 19
7 1089760052196 326
7 1089760052197 60
7 1089760052198 163
7 1089760052199 89
7 1089760052200 519
7 1089760052201 214
7 1089760052202 69
7 1089760052203 219
7 1089760052204 24
7 1089760052205 29
7 1089760052206 45
7 1089760052207 22
7 1089760052208 198
7 1089760052209 27
7 1089760052210 26
7 1089760052211 150
7 1089760052212 247
7 1089760052213 19
7 1089760052214 169
7 1089760052215 45
7 1089760052216 60
7 1089760052217 30
7 1089760052218 16
7 1089760052219 28
7 1089760052220 104
7 1089760052221 289
7 1089760052222 62
7 1089760052223 187
7 1089760052280 14
7 1089760052281 14
7 1089760052282 11
7 1089760052283 18
7 1089760052284 10
7 1089760052285 97
7 1089760052286 30
7 1089760052287 14
7 1089760052400 456
7 1089760052401 14
7 1089760052402 11
7 1089760052403 85
7 1089760052404 18
7 1089760052405 15
7 1089760052406 15
7 1089760052407 25
7 1089760052520 551
7 1089760052521 17
7 1089760052522 18
7 1089760052523 13
7 1089760052524 20
7 1089760052525 14
7 1089760052526 98
7 1089760052527 174
7 1089760052640 14
7 1089760052641 12
7 1089760052642 114
7 1089760052643 12
7 1089760052644 691
7 1089760052645 14
7 1089760052646 32
7 1089760052647 309
7 1089760052760 147
7 1089760052761 18
7 1089760052762 212
7 1089760052763 22
7 1089760052764 140
7 1089760052765 15
7 1089760052766 916
7 1089760052767 25
7 1089760052880 1000
7 1089760052881 11
7 1089760052882 135
7 1089760052883 95
7 1089760052884 15
7 1089760052885 11
7 1089760052886 12
7 1089760052887 220
7 1089760053072 23
7 1089760053073 23
7 1089760053074 221
7 1089760053075 14
7 1089760053076 517
7 1089760053077 13
7 1089760053078 268
7 1089760053079 21
7 1089760053104 82
7 1089760053105 82
7 1089760053106 16
7 1089760053107 41
7 1089760053108 140
7 1089760053109 14
7 1089760053110 19
7 1089760053111 25
7 1089760053168 11
7 1089760053169 13
7 1089760053170 148
7 1089760053171 133
7 1089760053172 245
7 1089760053173 189
7 1089760053174 48
7 1089760053175 21
7 1089760053368 22
7 1089760053369 334
7 1089760053370 126
7 1089760053371 23
7 1089760053372 15
7 1089760053373 85
7 1089760053374 7
7 1089760053375 174
7 1089760053400 33
7 1089760053401 159
7 1089760053402 10
7 1089760053403 13
7 1089760053404 136
7 1089760053405 128
7 1089760053406 138
7 1089760053407 181
7 1089760053440 14
7 1089760053441 23
7 1089760053442 964
7 1089760053443 13
7 1089760053444 60
7 1089760053445 10
7 1089760053446 271
7 1089760053447 14
7 1089760053808 2
7 1089760053809 2
7 1089760053810 6
7 1089760053811 8
7 1089760053812 3
7 1089760053813 9
7 1089760053814 4
7 1089760053815 4
7 1089760053840 5
7 1089760053841 8
7 1089760053842 3
7 1089760053843 1
7 1089760053844 10
7 1089760053845 5
7 1089760053846 7
7 1089760053847 3
7 1089760054104 3
7 1089760054105 3
7 1089760054106 6
7 1089760054107 2
7 1089760054108 1
7 1089760054109 2
7 1089760054110 5
7 1089760054111 161
7 1089760054144 4
7 1089760054145 1
7 1089760054146 6
7 1089760054147 6
7 1089760054148 6
7 1089760054149 1
7 1089760054150 3
7 1089760054151 2
7 1089760054232 5
7 1089760054233 2
7 1089760054234 4
7 1089760054236 1
7 1089760054237 3
7 1089760054238 7
7 1089760054239 1
8 1089760034896 2
8 1089760034897 2
8 1089760034898 4
8 1089760034899 2
8 1089760034900 2
8 1089760034901 2
8 1089760034903 4
8 1089760034904 4
8 1089760034905 2
8 1089760034906 2
8 1089760034907 4
8 1089760034911 8
8 1089760035136 4
8 1089760035137 4
8 1089760035138 2
8 1089760035140 2
8 1089760035144 2
8 1089760035145 2
8 1089760035146 8
8 1089760035147 2
8 1089760035148 2
8 1089760035150 2
8 1089760035376 2
8 1089760035377 4
8 1089760035378 2
8 1089760035379 2
8 1089760035380 6
8 1089760035381 2
8 1089760035382 2
8 1089760035383 6
8 1089760035384 4
8 1089760035385 4
8 1089760035386 4
8 1089760035387 2
8 1089760035388 4
8 1089760035390 363
8 1089760035391 2
8 1089760035617 2
8 1089760035618 2
8 1089760035619 2
8 1089760035620 4
8 1089760035621 2
8 1089760035622 2
8 1089760035623 2
8 1089760035624 2
8 1089760035625 2
8 1089760035626 2
8 1089760035627 6
8 1089760035628 2
8 1089760035629 2
8 1089760035630 2
8 1089760035631 4
8 1089760035856 4
8 1089760035857 2
8 1089760035859 2
8 1089760035860 2
8 1089760035861 4
8 1089760035862 2
8 1089760035863 2
8 1089760035864 6
8 1089760035865 2
8 1089760035866 2
8 1089760035867 4
8 1089760035868 2
8 1089760035870 2
8 1089760036097 2
8 1089760036098 6
8 1089760036099 4
8 1089760036100 4
8 1089760036101 4
8 1089760036102 2
8 1089760036103 2
8 1089760036104 2
8 1089760036105 6
8 1089760036106 2
8 1089760036108 2
8 1089760036109 2
8 1089760036110 4
8 1089760036624 2
8 1089760036625 2
8 1089760036626 2
8 1089760036627 2
8 1089760036628 2
8 1089760036629 2
8 1089760036630 2
8 1089760036631 2
8 1089760036632 2
8 1089760036635 2
8 1089760036636 2
8 1089760036637 4
8 1089760036638 4
8 1089760036639 6
8 1089760036689 2
8 1089760036691 6
8 1089760036693 2
8 1089760036694 2
8 1089760036695 2
8 1089760036696 4
8 1089760036697 4
8 1089760036700 2
8 1089760036701 2
8 1089760036702 8
8 1089760036703 4
8 1089760036800 2
8 1089760036801 8
8 1089760036804 70
8 1089760036805 4
8 1089760036806 2
8 1089760036808 4
8 1089760036809 2
8 1089760036810 4
8 1089760036811 2
8 1089760036812 53
8 1089760036813 4
8 1089760036815 2
8 1089760036848 2
8 1089760036850 4
8 1089760036851 2
8 1089760036852 6
8 1089760036853 2
8 1089760036854 4
8 1089760036855 4
8 1089760036856 6
8 1089760036857 2
8 1089760036858 4
8 1089760036859 2
8 1089760036860 4
8 1089760036861 2
8 1089760036862 2
8 1089760036863 2
8 1089760036928 4
8 1089760036929 2
8 1089760036930 8
8 1089760036931 36
8 1089760036932 2
8 1089760036933 4
8 1089760036934 4
8 1089760036935 2
8 1089760036936 4
8 1089760036937 2
8 1089760036938 2
8 1089760036940 4
8 1089760036942 2
8 1089760036943 2
8 1089760036944 2
8 1089760036945 4
8 1089760036946 2
8 1089760036947 281
8 1089760036948 6
8 1089760036950 4
8 1089760036951 4
8 1089760036952 2
8 1089760036953 6
8 1089760036954 6
8 1089760036955 74
8 1089760036956 2
8 1089760036957 2
8 1089760036958 2
8 1089760036959 4
8 1089760037863 2
8 1089760038241 2
8 1089760038340 2
8 1089760038563 2
8 1089760038565 2
8 1089760038566 2
8 1089760038570 2
8 1089760038575 2
8 1089760038730 2
8 1089760038835 2
8 1089760038837 2
8 1089760038844 2
8 1089760039150 32
8 1089760039153 5
8 1089760039154 2
8 1089760039156 4
8 1089760039157 5
8 1089760039158 2
8 1089760039160 3
8 1089760039163 5
8 1089760039166 4
8 1089760039171 6
8 1089760039173 9
8 1089760039174 2
8 1089760039175 5
8 1089760039177 4
8 1089760039181 3
8 1089760039183 4
8 1089760039184 6
8 1089760039195 6
8 1089760039196 6
8 1089760039197 2
8 1089760039872 9
8 1089760039873 4
8 1089760039874 3
8 1089760039875 6
8 1089760039878 6
8 1089760039885 1
8 1089760039886 4
8 1089760039898 3
8 1089760039899 3
8 1089760039901 6
8 1089760039902 1
8 1089760039904 4
8 1089760039907 3
8 1089760039909 2
8 1089760039917 3
8 1089760040588 4
8 1089760040590 73
8 1089760040592 2
8 1089760040593 5
8 1089760040596 3
8 1089760040597 3
8 1089760040598 123
8 1089760040599 3
8 1089760040601 4
8 1089760040605 8
8 1089760040606 4
8 1089760040607 4
8 1089760040608 3
8 1089760040609 377
8 1089760040611 5
8 1089760040612 4
8 1089760040614 155
8 1089760040615 2
8 1089760040617 4
8 1089760040620 3
8 1089760040623 7
8 1089760040627 1
8 1089760040628 4
8 1089760040632 3
8 1089760041298 5
8 1089760041300 6
8 1089760041305 3
8 1089760041306 6
8 1089760041307 250
8 1089760041310 8
8 1089760041312 2
8 1089760041316 4
8 1089760041320 45
8 1089760041321 4
8 1089760041325 6
8 1089760041326 12
8 1089760041327 1
8 1089760041328 8
8 1089760041331 3
8 1089760041332 2
8 1089760041336 2
8 1089760041339 2
8 1089760041340 3
8 1089760042022 1
8 1089760042023 8
8 1089760042024 4
8 1089760042028 8
8 1089760042033 3
8 1089760042037 6
8 1089760042039 27
8 1089760042040 8
8 1089760042043 4
8 1089760042047 2
8 1089760042048 6
8 1089760042052 3
8 1089760042053 1
8 1089760042055 2
8 1089760042057 8
8 1089760042058 1
8 1089760042060 4
8 1089760042067 4
8 1089760042754 4
8 1089760042757 4
8 1089760042758 5
8 1089760042759 7
8 1089760042760 2
8 1089760042761 1
8 1089760042763 2
8 1089760042764 7
8 1089760042767 10
8 1089760042768 2
8 1089760042769 39
8 1089760042773 4
8 1089760042775 5
8 1089760042777 2
8 1089760042778 2
8 1089760042779 5
8 1089760042781 3
8 1089760042789 4
8 1089760042790 13
8 1089760042795 7
8 1089760044336 3
8 1089760044337 2
8 1089760044340 4
8 1089760044343 1
8 1089760044346 5
8 1089760044348 4
8 1089760044349 1
8 1089760044353 7
8 1089760044354 5
8 1089760044356 3
8 1089760044358 6
8 1089760044369 3
8 1089760044371 6
8 1089760044373 7
8 1089760044376 1
8 1089760044377 1
8 1089760044378 5
8 1089760044380 8
8 1089760044381 2
8 1089760044534 3
8 1089760044538 5
8 1089760044539 5
8 1089760044540 2
8 1089760044545 1
8 1089760044546 1
8 1089760044548 3
8 1089760044553 14
8 1089760044555 5
8 1089760044557 4
8 1089760044565 2
8 1089760044570 3
8 1089760044571 3
8 1089760044572 4
8 1089760044573 4
8 1089760044574 5
8 1089760044866 1
8 1089760044870 4
8 1089760044871 10
8 1089760044873 5
8 1089760044880 4
8 1089760044881 4
8 1089760044882 5
8 1089760044883 3
8 1089760044884 3
8 1089760044885 1
8 1089760044887 5
8 1089760044893 2
8 1089760044894 2
8 1089760044895 6
8 1089760044898 2
8 1089760044900 4
8 1089760044903 4
8 1089760044905 2
8 1089760044907 10
8 1089760044908 4
8 1089760044909 4
8 1089760044915 4
8 1089760044916 3
8 1089760045009 5
8 1089760045017 5
8 1089760045018 11
8 1089760045020 5
8 1089760045022 4
8 1089760045023 7
8 1089760045024 3
8 1089760045026 4
8 1089760045027 1
8 1089760045029 5
8 1089760045030 3
8 1089760045031 7
8 1089760045035 6
8 1089760045036 4
8 1089760045038 4
8 1089760045039 3
8 1089760045040 12
8 1089760045041 6
8 1089760045043 2
8 1089760045047 1
8 1089760045048 7
8 1089760045049 6
8 1089760045050 1
8 1089760045054 4
8 1089760045057 1
8 1089760045058 3
8 1089760045252 5
8 1089760045255 4
8 1089760045257 6
8 1089760045259 7
8 1089760045260 11
8 1089760045262 8
8 1089760045265 4
8 1089760045266 1
8 1089760045267 13
8 1089760045268 3
8 1089760045269 2
8 1089760045270 1
8 1089760045271 2
8 1089760045273 8
8 1089760045275 2
8 1089760045277 1
8 1089760045280 3
8 1089760045282 7
8 1089760045289 7
8 1089760045293 16
8 1089760045295 3
8 1089760045300 6
8 1089760045301 4
8 1089760045302 1
8 1089760045304 4
8 1089760045309 5
8 1089760045311 5
8 1089760045312 5
8 1089760045316 4
8 1089760045318 4
8 1089760045321 4
8 1089760045322 7
8 1089760045323 2
8 1089760045326 14
8 1089760045327 7
8 1089760045328 4
8 1089760045329 4
8 1089760045330 4
8 1089760045333 2
8 1089760045336 4
8 1089760045340 9
8 1089760045343 1
8 1089760045346 7
8 1089760045347 2
8 1089760048065 3
8 1089760049191 1
8 1089760049494 3
8 1089760050160 1
8 1089760050161 4
8 1089760050166 10
8 1089760050169 1
8 1089760050180 1
8 1089760050195 6
8 1089760050662 4
8 1089760050972 3
8 1089760050981 6
8 1089760050999 4
8 1089760051210 4
8 1089760051211 4
8 1089760051240 4
8 1089760051241 4
8 1089760051270 4
8 1089760051271 4
8 1089760051300 4
8 1089760051301 4
8 1089760051330 4
8 1089760051331 4
8 1089760051360 4
8 1089760051361 4
8 1089760051426 4
8 1089760051427 4
8 1089760051434 4
8 1089760051435 4
8 1089760051448 4
8 1089760051449 4
8 1089760051454 4
8 1089760051455 4
8 1089760051464 4
8 1089760051465 4
8 1089760051466 4
8 1089760051467 4
8 1089760051572 4
8 1089760051573 4
8 1089760051580 4
8 1089760051581 4
8 1089760051628 4
8 1089760051629 4
8 1089760051640 4
8 1089760051641 4
8 1089760051660 4
8 1089760051661 4
8 1089760051668 4
8 1089760051669 4
8 1089760051678 4
8 1089760051679 4
8 1089760051688 4
8 1089760051689 4
8 1089760051702 4
8 1089760051703 4
8 1089760051712 1
8 1089760051713 4
8 1089760051715 2
8 1089760051716 8
8 1089760051717 2
8 1089760051718 2
8 1089760051719 2
8 1089760051720 2
8 1089760051721 4
8 1089760051722 2
8 1089760051723 5
8 1089760051725 2
8 1089760051726 3
8 1089760051727 3
8 1089760051728 2
8 1089760051729 1
8 1089760051730 4
8 1089760051731 1
8 1089760051732 3
8 1089760051733 4
8 1089760051735 5
8 1089760051736 2
8 1089760051737 1
8 1089760051738 1
8 1089760051739 3
8 1089760051740 1
8 1089760051741 3
8 1089760051742 2
8 1089760051743 1
8 1089760051744 3
8 1089760051745 2
8 1089760051746 62
8 1089760051747 2
8 1089760051748 2
8 1089760051749 4
8 1089760051750 5
8 1089760051751 2
8 1089760051752 4
8 1089760051753 1
8 1089760051754 4
8 1089760051755 4
8 1089760051756 1
8 1089760051757 53
8 1089760051758 3
8 1089760051759 123
8 1089760051760 3
8 1089760051761 4
8 1089760051762 3
8 1089760051764 3
8 1089760051765 73
8 1089760051766 4
8 1089760051767 71
8 1089760051769 3
8 1089760051770 4
8 1089760051771 5
8 1089760051772 1
8 1089760051773 1
8 1089760051774 2
8 1089760051775 3
8 1089760051776 3
8 1089760051778 2
8 1089760051779 2
8 1089760051780 3
8 1089760051781 3
8 1089760051783 2
8 1089760051784 1
8 1089760051785 4
8 1089760051786 4
8 1089760051787 5
8 1089760051788 2
8 1089760051789 2
8 1089760051790 1
8 1089760051791 3
8 1089760051793 2
8 1089760051794 5
8 1089760051795 3
8 1089760051796 7
8 1089760051797 2
8 1089760051798 4
8 1089760051799 1
8 1089760051800 2
8 1089760051801 2
8 1089760051802 3
8 1089760051803 1
8 1089760051804 2
8 1089760051805 1
8 1089760051807 2
8 1089760051808 2
8 1089760051809 2
8 1089760051810 4
8 1089760051811 3
8 1089760051812 4
8 1089760051813 4
8 1089760051814 5
8 1089760051815 1
8 1089760051816 1
8 1089760051817 1
8 1089760051818 2
8 1089760051819 2
8 1089760051820 3
8 1089760051821 3
8 1089760051822 3
8 1089760051823 1
8 1089760051824 4
8 1089760051825 1
8 1089760051826 1
8 1089760051827 2
8 1089760051828 1
8 1089760051829 6
8 1089760051830 3
8 1089760051831 3
8 1089760051832 8
8 1089760051833 2
8 1089760051835 4
8 1089760051836 2
8 1089760051837 3
8 1089760051838 5
8 1089760051839 2
8 1089760051840 2
8 1089760051841 2
8 1089760051843 9
8 1089760051844 3
8 1089760051845 1
8 1089760051846 2
8 1089760051847 4
8 1089760051848 4
8 1089760051849 1
8 1089760051851 5
8 1089760051852 4
8 1089760051853 1
8 1089760051854 2
8 1089760051855 2
8 1089760051856 1
8 1089760051857 4
8 1089760051858 2
8 1089760051859 4
8 1089760051860 2
8 1089760051861 2
8 1089760051862 5
8 1089760051863 4
8 1089760051864 2
8 1089760051865 2
8 1089760051866 4
8 1089760051867 1
8 1089760051868 1
8 1089760051869 5
8 1089760051870 4
8 1089760051871 2
8 1089760051872 2
8 1089760051873 6
8 1089760051875 2
8 1089760051876 2
8 1089760051877 2
8 1089760051878 1
8 1089760051879 2
8 1089760051880 1
8 1089760051881 2
8 1089760051882 1
8 1089760051883 3
8 1089760051884 1
8 1089760051886 5
8 1089760051887 1
8 1089760051888 3
8 1089760051889 1
8 1089760051890 1
8 1089760051891 2
8 1089760051892 3
8 1089760051893 1
8 1089760051894 1
8 1089760051895 4
8 1089760051896 1
8 1089760051897 3
8 1089760051898 4
8 1089760051899 2
8 1089760051900 4
8 1089760051902 6
8 1089760051903 3
8 1089760051904 3
8 1089760051905 5
8 1089760051906 4
8 1089760051907 1
8 1089760051908 3
8 1089760051909 1
8 1089760051910 2
8 1089760051911 2
8 1089760051912 3
8 1089760051913 1
8 1089760051914 5
8 1089760051915 1
8 1089760051916 2
8 1089760051917 3
8 1089760051918 1
8 1089760051919 2
8 1089760051920 2
8 1089760051921 3
8 1089760051922 3
8 1089760051923 5
8 1089760051924 4
8 1089760051925 2
8 1089760051926 1
8 1089760051927 4
8 1089760051928 3
8 1089760051929 6
8 1089760051931 4
8 1089760051932 4
8 1089760051933 4
8 1089760051934 3
8 1089760051935 2
8 1089760051936 2
8 1089760051937 2
8 1089760051938 4
8 1089760051939 2
8 1089760051940 2
8 1089760051941 3
8 1089760051942 1
8 1089760051943 3
8 1089760051944 6
8 1089760051945 2
8 1089760051946 2
8 1089760051947 2
8 1089760051948 4
8 1089760051949 2
8 1089760051951 7
8 1089760051952 5
8 1089760051953 4
8 1089760051954 5
8 1089760051955 3
8 1089760051956 2
8 1089760051957 4
8 1089760051958 2
8 1089760051959 2
8 1089760051960 2
8 1089760051961 6
8 1089760051962 3
8 1089760051963 2
8 1089760051964 1
8 1089760051965 2
8 1089760051966 5
8 1089760051967 4
8 1089760051968 1
8 1089760051969 1
8 1089760051970 1
8 1089760051971 3
8 1089760051972 1
8 1089760051974 2
8 1089760051975 2
8 1089760051976 1
8 1089760051977 4
8 1089760051978 6
8 1089760051979 2
8 1089760051980 3
8 1089760051981 2
8 1089760051982 2
8 1089760051983 2
8 1089760051984 3
8 1089760051986 3
8 1089760051987 4
8 1089760051988 2
8 1089760051989 3
8 1089760051990 3
8 1089760051991 1
8 1089760051992 5
8 1089760051993 3
8 1089760051994 4
8 1089760051995 3
8 1089760051996 4
8 1089760051997 3
8 1089760051998 3
8 1089760051999 2
8 1089760052000 4
8 1089760052001 2
8 1089760052002 3
8 1089760052003 2
8 1089760052004 1
8 1089760052005 3
8 1089760052006 1
8 1089760052007 3
8 1089760052009 3
8 1089760052012 1
8 1089760052013 2
8 1089760052014 2
8 1089760052015 3
8 1089760052016 2
8 1089760052017 1
8 1089760052018 4
8 1089760052019 3
8 1089760052020 7
8 1089760052021 2
8 1089760052022 1
8 1089760052024 4
8 1089760052025 4
8 1089760052026 3
8 1089760052027 3
8 1089760052028 2
8 1089760052029 2
8 1089760052030 4
8 1089760052031 4
8 1089760052032 70
8 1089760052033 4
8 1089760052034 5
8 1089760052035 4
8 1089760052036 3
8 1089760052037 1
8 1089760052038 5
8 1089760052039 3
8 1089760052040 4
8 1089760052041 2
8 1089760052042 3
8 1089760052043 37
8 1089760052044 1
8 1089760052045 4
8 1089760052046 4
8 1089760052047 2
8 1089760052048 3
8 1089760052049 1
8 1089760052050 4
8 1089760052051 2
8 1089760052052 5
8 1089760052053 3
8 1089760052054 6
8 1089760052055 1
8 1089760052056 5
8 1089760052057 3
8 1089760052058 699
8 1089760052059 2
8 1089760052060 1
8 1089760052061 3
8 1089760052062 1
8 1089760052064 2
8 1089760052065 3
8 1089760052066 2
8 1089760052067 3
8 1089760052068 2
8 1089760052069 4
8 1089760052070 2
8 1089760052071 5
8 1089760052073 1
8 1089760052074 3
8 1089760052075 2
8 1089760052076 1
8 1089760052077 2
8 1089760052078 1
8 1089760052080 1
8 1089760052082 3
8 1089760052083 2
8 1089760052085 1
8 1089760052086 1
8 1089760052087 4
8 1089760052090 3
8 1089760052091 1
8 1089760052093 1
8 1089760052094 2
8 1089760052095 3
8 1089760052096 1
8 1089760052097 2
8 1089760052098 1
8 1089760052099 1
8 1089760052101 1
8 1089760052102 1
8 1089760052105 1
8 1089760052106 2
8 1089760052107 1
8 1089760052108 1
8 1089760052109 1
8 1089760052110 114
8 1089760052111 1
8 1089760052113 2
8 1089760052114 2
8 1089760052116 1
8 1089760052117 1
8 1089760052118 2
8 1089760052119 1
8 1089760052120 1
8 1089760052121 1
8 1089760052122 1
8 1089760052123 2
8 1089760052125 2
8 1089760052126 1
8 1089760052128 1
8 1089760052129 3
8 1089760052130 1
8 1089760052133 2
8 1089760052136 2
8 1089760052138 2
8 1089760052139 1
8 1089760052140 1
8 1089760052141 2
8 1089760052144 1
8 1089760052145 1
8 1089760052146 1
8 1089760052147 3
8 1089760052148 1
8 1089760052150 2
8 1089760052151 3
8 1089760052152 1
8 1089760052153 1
8 1089760052155 1
8 1089760052157 1
8 1089760052159 1
8 1089760052160 1
8 1089760052163 1
8 1089760052165 1
8 1089760052166 2
8 1089760052168 3
8 1089760052169 2
8 1089760052170 2
8 1089760052171 1
8 1089760052172 2
8 1089760052173 1
8 1089760052174 2
8 1089760052176 2
8 1089760052177 2
8 1089760052178 2
8 1089760052179 1
8 1089760052180 1
8 1089760052181 1
8 1089760052183 1
8 1089760052184 1
8 1089760052185 4
8 1089760052187 2
8 1089760052188 2
8 1089760052189 1
8 1089760052190 1
8 1089760052192 1
8 1089760052193 1
8 1089760052194 1
8 1089760052195 1
8 1089760052196 2
8 1089760052197 1
8 1089760052199 2
8 1089760052200 1
8 1089760052201 1
8 1089760052202 3
8 1089760052203 3
8 1089760052204 1
8 1089760052205 1
8 1089760052206 1
8 1089760052207 1
8 1089760052209 1
8 1089760052210 3
8 1089760052211 4
8 1089760052212 1
8 1089760052213 1
8 1089760052214 1
8 1089760052215 4
8 1089760052218 1
8 1089760052219 1
8 1089760052220 2
8 1089760052222 1
8 1089760052223 1
8 1089760052271 1
8 1089760052389 2
8 1089760053164 1
8 1089760053216 1
8 1089760053281 1
8 1089760053286 1
8 1089760053290 1
8 1089760053293 1
9 1089760036181 2
9 1089760043008 1
9 1089760051220 4
9 1089760051221 4
9 1089760051250 4
9 1089760051251 4
9 1089760051280 4
9 1089760051281 4
9 1089760051310 4
9 1089760051311 4
9 1089760051340 4
9 1089760051341 4
9 1089760051370 4
9 1089760051371 4
9 1089760051388 4
9 1089760051389 4
9 1089760051404 4
9 1089760051405 4
9 1089760051428 4
9 1089760051429 4
9 1089760051434 4
9 1089760051435 4
9 1089760051440 4
9 1089760051441 4
9 1089760051528 4
9 1089760051529 4
9 1089760051556 4
9 1089760051557 4
9 1089760051580 4
9 1089760051581 4
9 1089760051590 4
9 1089760051591 4
9 1089760051610 4
9 1089760051611 4
9 1089760051642 4
9 1089760051643 4
9 1089760051660 4
9 1089760051661 4
9 1089760051692 4
9 1089760051693 4
9 1089760051702 4
9 1089760051703 4
9 1089760051706 4
9 1089760051707 4
9 1089760051979 1
