1 1089760051204 4
1 1089760051205 4
1 1089760051234 4
1 1089760051235 4
1 1089760051264 4
1 1089760051265 4
1 1089760051294 4
1 1089760051295 4
1 1089760051324 4
1 1089760051325 4
1 1089760051354 4
1 1089760051355 4
1 1089760051400 4
1 1089760051401 4
1 1089760051418 4
1 1089760051419 4
1 1089760051420 4
1 1089760051421 4
1 1089760051506 4
1 1089760051507 4
1 1089760051520 4
1 1089760051521 4
1 1089760051552 4
1 1089760051553 4
1 1089760051578 4
1 1089760051579 4
1 1089760051598 4
1 1089760051599 4
1 1089760051612 4
1 1089760051613 4
1 1089760051646 4
1 1089760051647 4
1 1089760051692 4
1 1089760051693 4
1 1089760051700 4
1 1089760051701 4
2 1089760051218 4
2 1089760051219 4
2 1089760051248 4
2 1089760051249 4
2 1089760051278 4
2 1089760051279 4
2 1089760051308 4
2 1089760051309 4
2 1089760051338 4
2 1089760051339 4
2 1089760051368 4
2 1089760051369 4
2 1089760051386 4
2 1089760051387 4
2 1089760051450 4
2 1089760051451 4
2 1089760051502 4
2 1089760051503 4
2 1089760051514 4
2 1089760051515 4
2 1089760051542 4
2 1089760051543 4
2 1089760051552 4
2 1089760051553 4
2 1089760051566 4
2 1089760051567 4
2 1089760051586 4
2 1089760051587 4
2 1089760051614 4
2 1089760051615 4
2 1089760051648 4
2 1089760051649 4
2 1089760051688 4
2 1089760051689 4
3 1089760035935 6
3 1089760037331 12
3 1089760042258 3
3 1089760046463 2
3 1089760046464 4
3 1089760051218 4
3 1089760051219 4
3 1089760051248 4
3 1089760051249 4
3 1089760051278 4
3 1089760051279 4
3 1089760051308 4
3 1089760051309 4
3 1089760051338 4
3 1089760051339 4
3 1089760051368 4
3 1089760051369 4
3 1089760051390 4
3 1089760051391 4
3 1089760051446 4
3 1089760051447 4
3 1089760051496 4
3 1089760051497 4
3 1089760051514 4
3 1089760051515 4
3 1089760051516 4
3 1089760051517 4
3 1089760051536 4
3 1089760051537 4
3 1089760051550 4
3 1089760051551 4
3 1089760051620 4
3 1089760051621 4
3 1089760051628 4
3 1089760051629 4
3 1089760051666 4
3 1089760051667 4
3 1089760051680 4
3 1089760051681 4
3 1089760051731 1
3 1089760051818 1
3 1089760051872 1
3 1089760051874 1
3 1089760051907 1
3 1089760051916 1
3 1089760052065 1
3 1089760052073 1
3 1089760052134 1
3 1089760052783 2
3 1089760053481 5
4 1089760034866 42
4 1089760035118 8
4 1089760035119 8
4 1089760035827 10
4 1089760036465 6
4 1089760036827 6
4 1089760037011 10
4 1089760037166 12
4 1089760037293 6
4 1089760037343 14
4 1089760037357 16
4 1089760037909 14
4 1089760038581 18
4 1089760038898 18
4 1089760039059 9
4 1089760039060 7
4 1089760039061 5
4 1089760039817 4
4 1089760039820 4
4 1089760041938 5
4 1089760043854 3
4 1089760044952 3
4 1089760045501 5
4 1089760045967 6
4 1089760046350 3
4 1089760046501 7
4 1089760046543 8
4 1089760048202 7
4 1089760050213 9
4 1089760051160 4
4 1089760051161 5
4 1089760051206 4
4 1089760051207 4
4 1089760051236 4
4 1089760051237 4
4 1089760051266 4
4 1089760051267 4
4 1089760051296 4
4 1089760051297 4
4 1089760051326 4
4 1089760051327 4
4 1089760051356 4
4 1089760051357 4
4 1089760051402 4
4 1089760051403 4
4 1089760051406 4
4 1089760051407 4
4 1089760051428 4
4 1089760051429 4
4 1089760051450 4
4 1089760051451 4
4 1089760051466 4
4 1089760051467 4
4 1089760051474 4
4 1089760051475 4
4 1089760051486 4
4 1089760051487 4
4 1089760051490 4
4 1089760051491 4
4 1089760051492 4
4 1089760051493 4
4 1089760051494 4
4 1089760051495 4
4 1089760051496 4
4 1089760051497 4
4 1089760051508 4
4 1089760051509 4
4 1089760051514 4
4 1089760051515 4
4 1089760051516 4
4 1089760051517 4
4 1089760051562 4
4 1089760051563 4
4 1089760051586 4
4 1089760051587 4
4 1089760051658 4
4 1089760051659 4
4 1089760051670 4
4 1089760051671 4
4 1089760051710 4
4 1089760051711 4
4 1089760051714 1
4 1089760051727 1
4 1089760051763 1
4 1089760051768 1
4 1089760051773 1
4 1089760051776 1
4 1089760051778 1
4 1089760051779 1
4 1089760051793 1
4 1089760051801 1
4 1089760051804 1
4 1089760051807 1
4 1089760051823 1
4 1089760051827 1
4 1089760051836 1
4 1089760051840 1
4 1089760051842 2
4 1089760051843 1
4 1089760051846 2
4 1089760051860 1
4 1089760051863 1
4 1089760051864 2
4 1089760051866 1
4 1089760051872 2
4 1089760051883 1
4 1089760051896 1
4 1089760051922 1
4 1089760051927 1
4 1089760051932 1
4 1089760051936 1
4 1089760051938 1
4 1089760051950 1
4 1089760051957 1
4 1089760051959 2
4 1089760051970 1
4 1089760051977 1
4 1089760051987 1
4 1089760051988 1
4 1089760051998 1
4 1089760051999 1
4 1089760052004 1
4 1089760052008 1
4 1089760052010 1
4 1089760052019 1
4 1089760052023 1
4 1089760052036 1
4 1089760052043 1
4 1089760052053 2
4 1089760052059 1
4 1089760052065 1
4 1089760052069 1
4 1089760052084 2
4 1089760052093 3
4 1089760052096 1
4 1089760052111 1
4 1089760052126 1
4 1089760052127 1
4 1089760052135 2
4 1089760052136 2
4 1089760052146 1
4 1089760052153 1
4 1089760052160 1
4 1089760052163 2
4 1089760052171 1
4 1089760052172 1
4 1089760052173 1
4 1089760052174 3
4 1089760052179 1
4 1089760052182 1
4 1089760052184 1
4 1089760052186 1
4 1089760052187 1
4 1089760052195 1
4 1089760052198 1
4 1089760052204 3
4 1089760052205 1
4 1089760052215 1
4 1089760052219 1
4 1089760052249 19
4 1089760052375 6
4 1089760052729 4
4 1089760053048 2
4 1089760053229 2
4 1089760053321 4
4 1089760053399 5
4 1089760053462 2
4 1089760053487 6
4 1089760053494 7
4 1089760053770 6
4 1089760054106 8
4 1089760054265 8
5 1089760035040 28
5 1089760035044 14
5 1089760035046 24
5 1089760035052 12
5 1089760035053 42
5 1089760035054 10
5 1089760035280 30
5 1089760035283 22
5 1089760035286 8
5 1089760035291 16
5 1089760035521 22
5 1089760035530 12
5 1089760035532 12
5 1089760035533 20
5 1089760035761 24
5 1089760035763 6
5 1089760035774 16
5 1089760036004 24
5 1089760036006 16
5 1089760036008 24
5 1089760036011 38
5 1089760036014 34
5 1089760036241 10
5 1089760036242 10
5 1089760036249 22
5 1089760036253 12
5 1089760036254 16
5 1089760036255 12
5 1089760036577 36
5 1089760036580 8
5 1089760036583 26
5 1089760036641 20
5 1089760036644 8
5 1089760036646 12
5 1089760036648 32
5 1089760036651 14
5 1089760036752 22
5 1089760036759 18
5 1089760036761 56
5 1089760036763 12
5 1089760037026 18
5 1089760037027 18
5 1089760037028 12
5 1089760037029 14
5 1089760037031 8
5 1089760037032 16
5 1089760037382 34
5 1089760037384 14
5 1089760037387 14
5 1089760037388 28
5 1089760037390 12
5 1089760037682 14
5 1089760037684 22
5 1089760037686 14
5 1089760037687 10
5 1089760037692 38
5 1089760037695 26
5 1089760037969 10
5 1089760037977 4
5 1089760037979 16
5 1089760037981 16
5 1089760038113 22
5 1089760038114 16
5 1089760038115 10
5 1089760038120 22
5 1089760038121 16
5 1089760038123 40
5 1089760038126 12
5 1089760038224 26
5 1089760038226 12
5 1089760038233 18
5 1089760038235 16
5 1089760038237 14
5 1089760038239 10
5 1089760038384 12
5 1089760038386 30
5 1089760038389 20
5 1089760038391 20
5 1089760038393 20
5 1089760038398 38
5 1089760038672 12
5 1089760038673 44
5 1089760038674 26
5 1089760038675 8
5 1089760038676 20
5 1089760038677 24
5 1089760038678 44
5 1089760038680 32
5 1089760038681 46
5 1089760038682 14
5 1089760038683 10
5 1089760038684 20
5 1089760038685 30
5 1089760038686 18
5 1089760038687 28
5 1089760039584 1
5 1089760039585 7
5 1089760039587 6
5 1089760039597 7
5 1089760039602 10
5 1089760039603 2
5 1089760039619 6
5 1089760039622 9
5 1089760039623 12
5 1089760039626 6
5 1089760040303 13
5 1089760040305 3
5 1089760040313 11
5 1089760040320 4
5 1089760040336 1
5 1089760040337 9
5 1089760041014 16
5 1089760041043 6
5 1089760041050 6
5 1089760041053 18
5 1089760041054 1
5 1089760041734 12
5 1089760041739 3
5 1089760041773 8
5 1089760042474 13
5 1089760042481 8
5 1089760042485 12
5 1089760042494 3
5 1089760042496 2
5 1089760042497 14
5 1089760042504 13
5 1089760042506 2
5 1089760042507 6
5 1089760043184 2
5 1089760043185 4
5 1089760043188 6
5 1089760043210 6
5 1089760043211 5
5 1089760043222 2
5 1089760043223 4
5 1089760043227 9
5 1089760043228 5
5 1089760043229 1
5 1089760044191 10
5 1089760044194 9
5 1089760044202 4
5 1089760044210 13
5 1089760044385 6
5 1089760044386 4
5 1089760044396 1
5 1089760044397 3
5 1089760044400 6
5 1089760044407 15
5 1089760044418 7
5 1089760044721 1
5 1089760044722 11
5 1089760044743 4
5 1089760044744 5
5 1089760044748 5
5 1089760044749 15
5 1089760044751 12
5 1089760044755 6
5 1089760045546 6
5 1089760045547 3
5 1089760045548 2
5 1089760045549 7
5 1089760045554 6
5 1089760045557 9
5 1089760045562 3
5 1089760045563 1
5 1089760045564 8
5 1089760046618 10
5 1089760046620 7
5 1089760046625 7
5 1089760046634 7
5 1089760046636 8
5 1089760046638 6
5 1089760046643 6
5 1089760047514 7
5 1089760047520 3
5 1089760047521 4
5 1089760047522 4
5 1089760047528 7
5 1089760047531 6
5 1089760047546 11
5 1089760047547 5
5 1089760047548 3
5 1089760047555 9
5 1089760047557 5
5 1089760048379 5
5 1089760048404 3
5 1089760048409 7
5 1089760048410 6
5 1089760048416 8
5 1089760048803 6
5 1089760048806 6
5 1089760048807 2
5 1089760048808 8
5 1089760048811 5
5 1089760048825 5
5 1089760048826 8
5 1089760048828 6
5 1089760048829 2
5 1089760048833 10
5 1089760048835 10
5 1089760048841 5
5 1089760048842 4
5 1089760049138 6
5 1089760049139 1
5 1089760049140 6
5 1089760049146 6
5 1089760049167 10
5 1089760049172 8
5 1089760049179 7
5 1089760049185 5
5 1089760049622 6
5 1089760049628 8
5 1089760049630 7
5 1089760049639 10
5 1089760049643 9
5 1089760049644 1
5 1089760049648 5
5 1089760049649 10
5 1089760049664 1
5 1089760049665 20
5 1089760049666 7
5 1089760050487 11
5 1089760050490 8
5 1089760050491 2
5 1089760050492 12
5 1089760050493 9
5 1089760050494 7
5 1089760050496 4
5 1089760050498 5
5 1089760050499 5
5 1089760050501 2
5 1089760050502 2
5 1089760050503 8
5 1089760050504 2
5 1089760050505 11
5 1089760050506 13
5 1089760050511 11
5 1089760050513 11
5 1089760050514 6
5 1089760050515 17
5 1089760050518 12
5 1089760050520 5
5 1089760050523 14
5 1089760050524 3
5 1089760050526 5
5 1089760050527 9
5 1089760050528 5
5 1089760050530 7
5 1089760050531 14
5 1089760050532 4
5 1089760050533 6
5 1089760051228 4
5 1089760051229 4
5 1089760051258 4
5 1089760051259 4
5 1089760051288 4
5 1089760051289 4
5 1089760051318 4
5 1089760051319 4
5 1089760051348 4
5 1089760051349 4
5 1089760051378 4
5 1089760051379 4
5 1089760051420 4
5 1089760051421 4
5 1089760051428 4
5 1089760051429 4
5 1089760051442 4
5 1089760051443 4
5 1089760051476 4
5 1089760051477 4
5 1089760051520 4
5 1089760051521 4
5 1089760051558 4
5 1089760051559 4
5 1089760051594 4
5 1089760051595 4
5 1089760051612 4
5 1089760051613 4
5 1089760051626 4
5 1089760051627 4
5 1089760051646 4
5 1089760051647 4
5 1089760051682 4
5 1089760051683 4
5 1089760051712 2
5 1089760051713 3
5 1089760051714 2
5 1089760051715 2
5 1089760051717 2
5 1089760051718 2
5 1089760051719 1
5 1089760051720 2
5 1089760051721 2
5 1089760051723 1
5 1089760051724 3
5 1089760051725 4
5 1089760051726 1
5 1089760051727 5
5 1089760051728 1
5 1089760051729 1
5 1089760051731 3
5 1089760051732 1
5 1089760051734 2
5 1089760051735 2
5 1089760051736 4
5 1089760051737 2
5 1089760051739 5
5 1089760051740 4
5 1089760051741 3
5 1089760051742 2
5 1089760051743 4
5 1089760051744 1
5 1089760051745 2
5 1089760051747 3
5 1089760051748 4
5 1089760051749 1
5 1089760051750 4
5 1089760051752 1
5 1089760051753 6
5 1089760051754 2
5 1089760051755 1
5 1089760051756 4
5 1089760051757 2
5 1089760051758 2
5 1089760051759 5
5 1089760051760 2
5 1089760051761 4
5 1089760051763 2
5 1089760051764 2
5 1089760051766 2
5 1089760051768 2
5 1089760051770 4
5 1089760051771 2
5 1089760051772 3
5 1089760051773 2
5 1089760051774 1
5 1089760051775 1
5 1089760051776 2
5 1089760051778 3
5 1089760051779 3
5 1089760051780 1
5 1089760051781 3
5 1089760051782 2
5 1089760051783 1
5 1089760051784 2
5 1089760051785 1
5 1089760051786 2
5 1089760051787 2
5 1089760051789 4
5 1089760051790 2
5 1089760051791 4
5 1089760051792 2
5 1089760051793 2
5 1089760051794 2
5 1089760051795 4
5 1089760051796 2
5 1089760051798 3
5 1089760051799 2
5 1089760051800 2
5 1089760051801 3
5 1089760051802 4
5 1089760051804 2
5 1089760051806 1
5 1089760051807 2
5 1089760051808 2
5 1089760051811 1
5 1089760051812 2
5 1089760051813 3
5 1089760051814 1
5 1089760051815 2
5 1089760051816 2
5 1089760051817 2
5 1089760051818 3
5 1089760051819 1
5 1089760051820 3
5 1089760051821 1
5 1089760051822 4
5 1089760051823 3
5 1089760051824 3
5 1089760051825 4
5 1089760051826 2
5 1089760051828 1
5 1089760051830 1
5 1089760051832 4
5 1089760051833 3
5 1089760051834 3
5 1089760051835 1
5 1089760051836 2
5 1089760051837 3
5 1089760051838 5
5 1089760051839 2
5 1089760051840 2
5 1089760051841 1
5 1089760051842 2
5 1089760051843 2
5 1089760051844 4
5 1089760051845 4
5 1089760051846 2
5 1089760051847 3
5 1089760051850 3
5 1089760051851 3
5 1089760051852 2
5 1089760051853 1
5 1089760051854 1
5 1089760051855 3
5 1089760051856 1
5 1089760051857 1
5 1089760051858 1
5 1089760051859 2
5 1089760051861 2
5 1089760051862 1
5 1089760051863 4
5 1089760051864 1
5 1089760051866 1
5 1089760051867 1
5 1089760051868 2
5 1089760051869 2
5 1089760051870 4
5 1089760051871 1
5 1089760051872 1
5 1089760051873 3
5 1089760051874 3
5 1089760051875 2
5 1089760051876 1
5 1089760051877 2
5 1089760051878 2
5 1089760051879 2
5 1089760051880 4
5 1089760051881 5
5 1089760051883 2
5 1089760051884 3
5 1089760051885 1
5 1089760051886 4
5 1089760051887 1
5 1089760051888 3
5 1089760051889 2
5 1089760051890 1
5 1089760051891 6
5 1089760051892 4
5 1089760051893 4
5 1089760051895 1
5 1089760051897 5
5 1089760051898 1
5 1089760051899 2
5 1089760051900 1
5 1089760051901 2
5 1089760051902 4
5 1089760051903 4
5 1089760051904 3
5 1089760051905 1
5 1089760051906 3
5 1089760051908 1
5 1089760051909 3
5 1089760051910 3
5 1089760051911 2
5 1089760051912 1
5 1089760051913 1
5 1089760051915 3
5 1089760051916 4
5 1089760051917 2
5 1089760051918 2
5 1089760051919 1
5 1089760051922 4
5 1089760051923 3
5 1089760051924 5
5 1089760051925 1
5 1089760051926 2
5 1089760051929 6
5 1089760051930 2
5 1089760051931 4
5 1089760051932 2
5 1089760051933 1
5 1089760051934 1
5 1089760051935 1
5 1089760051936 4
5 1089760051937 3
5 1089760051938 4
5 1089760051939 1
5 1089760051940 2
5 1089760051942 3
5 1089760051943 2
5 1089760051944 1
5 1089760051945 1
5 1089760051946 1
5 1089760051947 1
5 1089760051948 2
5 1089760051949 4
5 1089760051950 1
5 1089760051951 2
5 1089760051952 2
5 1089760051953 2
5 1089760051955 1
5 1089760051956 2
5 1089760051957 1
5 1089760051959 2
5 1089760051960 1
5 1089760051961 7
5 1089760051962 1
5 1089760051963 4
5 1089760051964 2
5 1089760051965 1
5 1089760051966 1
5 1089760051968 2
5 1089760051969 4
5 1089760051970 1
5 1089760051971 1
5 1089760051972 2
5 1089760051973 6
5 1089760051974 6
5 1089760051975 3
5 1089760051976 1
5 1089760051977 1
5 1089760051978 1
5 1089760051979 1
5 1089760051980 1
5 1089760051981 3
5 1089760051982 2
5 1089760051983 1
5 1089760051984 3
5 1089760051985 1
5 1089760051986 2
5 1089760051987 4
5 1089760051989 6
5 1089760051990 1
5 1089760051991 1
5 1089760051993 2
5 1089760051994 1
5 1089760051996 6
5 1089760051997 4
5 1089760051998 2
5 1089760051999 3
5 1089760052000 2
5 1089760052001 1
5 1089760052002 1
5 1089760052004 1
5 1089760052005 3
5 1089760052006 4
5 1089760052007 2
5 1089760052008 2
5 1089760052009 3
5 1089760052010 1
5 1089760052012 2
5 1089760052013 2
5 1089760052014 1
5 1089760052017 3
5 1089760052019 3
5 1089760052020 2
5 1089760052021 3
5 1089760052022 1
5 1089760052023 2
5 1089760052024 1
5 1089760052025 3
5 1089760052026 3
5 1089760052027 2
5 1089760052029 4
5 1089760052030 2
5 1089760052032 4
5 1089760052033 2
5 1089760052034 3
5 1089760052035 2
5 1089760052036 3
5 1089760052037 5
5 1089760052038 1
5 1089760052039 3
5 1089760052040 2
5 1089760052041 5
5 1089760052042 1
5 1089760052043 2
5 1089760052044 1
5 1089760052046 3
5 1089760052047 1
5 1089760052048 5
5 1089760052049 2
5 1089760052050 2
5 1089760052051 1
5 1089760052052 4
5 1089760052053 7
5 1089760052054 2
5 1089760052055 2
5 1089760052056 4
5 1089760052057 2
5 1089760052058 3
5 1089760052059 1
5 1089760052061 3
5 1089760052062 2
5 1089760052063 3
5 1089760052064 2
5 1089760052065 3
5 1089760052066 4
5 1089760052067 4
5 1089760052068 3
5 1089760052069 1
5 1089760052070 2
5 1089760052071 1
5 1089760052072 1
5 1089760052073 1
5 1089760052074 1
5 1089760052075 1
5 1089760052076 1
5 1089760052077 2
5 1089760052078 4
5 1089760052079 4
5 1089760052081 1
5 1089760052082 2
5 1089760052083 1
5 1089760052084 2
5 1089760052086 2
5 1089760052087 3
5 1089760052088 3
5 1089760052089 4
5 1089760052090 2
5 1089760052091 1
5 1089760052092 1
5 1089760052093 1
5 1089760052094 1
5 1089760052096 2
5 1089760052098 3
5 1089760052099 1
5 1089760052100 2
5 1089760052101 4
5 1089760052102 4
5 1089760052103 2
5 1089760052104 3
5 1089760052105 3
5 1089760052106 2
5 1089760052107 1
5 1089760052109 2
5 1089760052110 4
5 1089760052111 8
5 1089760052112 3
5 1089760052113 1
5 1089760052114 2
5 1089760052115 7
5 1089760052116 4
5 1089760052117 2
5 1089760052119 1
5 1089760052120 2
5 1089760052121 3
5 1089760052122 1
5 1089760052123 2
5 1089760052124 3
5 1089760052125 4
5 1089760052126 1
5 1089760052127 2
5 1089760052128 2
5 1089760052130 1
5 1089760052131 2
5 1089760052132 4
5 1089760052133 4
5 1089760052134 3
5 1089760052135 2
5 1089760052136 3
5 1089760052137 4
5 1089760052138 3
5 1089760052139 2
5 1089760052140 1
5 1089760052141 3
5 1089760052142 3
5 1089760052143 1
5 1089760052144 3
5 1089760052145 2
5 1089760052146 1
5 1089760052147 4
5 1089760052148 5
5 1089760052149 2
5 1089760052150 1
5 1089760052152 1
5 1089760052153 3
5 1089760052155 1
5 1089760052156 5
5 1089760052157 3
5 1089760052158 2
5 1089760052159 1
5 1089760052160 3
5 1089760052161 2
5 1089760052162 3
5 1089760052163 3
5 1089760052164 1
5 1089760052165 2
5 1089760052166 4
5 1089760052167 2
5 1089760052168 1
5 1089760052169 4
5 1089760052170 7
5 1089760052171 2
5 1089760052172 2
5 1089760052173 4
5 1089760052175 2
5 1089760052176 1
5 1089760052177 1
5 1089760052178 2
5 1089760052179 2
5 1089760052182 4
5 1089760052183 6
5 1089760052184 3
5 1089760052185 3
5 1089760052186 1
5 1089760052187 1
5 1089760052188 3
5 1089760052189 2
5 1089760052190 1
5 1089760052191 2
5 1089760052192 2
5 1089760052193 2
5 1089760052194 2
5 1089760052195 4
5 1089760052197 3
5 1089760052198 2
5 1089760052199 4
5 1089760052201 2
5 1089760052203 3
5 1089760052204 6
5 1089760052206 1
5 1089760052207 3
5 1089760052208 2
5 1089760052210 1
5 1089760052211 1
5 1089760052212 3
5 1089760052213 1
5 1089760052214 2
5 1089760052215 8
5 1089760052216 2
5 1089760052217 2
5 1089760052218 3
5 1089760052220 1
5 1089760052221 1
5 1089760052222 5
5 1089760052223 3
5 1089760052336 12
5 1089760052338 6
5 1089760052339 9
5 1089760052342 20
5 1089760052343 4
5 1089760052456 13
5 1089760052457 10
5 1089760052459 3
5 1089760052461 7
5 1089760052576 10
5 1089760052581 5
5 1089760052582 14
5 1089760052696 11
5 1089760052697 2
5 1089760052703 7
5 1089760052818 11
5 1089760052819 7
5 1089760052820 11
5 1089760052821 17
5 1089760052823 15
5 1089760052936 4
5 1089760052937 4
5 1089760052940 9
5 1089760052942 5
5 1089760052943 12
5 1089760053104 16
5 1089760053106 3
5 1089760053107 12
5 1089760053136 9
5 1089760053138 3
5 1089760053139 5
5 1089760053140 14
5 1089760053141 6
5 1089760053192 10
5 1089760053195 8
5 1089760053196 21
5 1089760053197 5
5 1089760053329 16
5 1089760053330 11
5 1089760053331 3
5 1089760053332 7
5 1089760053507 15
5 1089760053508 6
5 1089760053509 6
5 1089760053510 12
5 1089760053511 5
5 1089760053657 6
5 1089760053658 9
5 1089760053659 10
5 1089760053662 17
5 1089760053663 11
5 1089760053800 4
5 1089760053804 1
5 1089760053805 7
5 1089760053806 7
5 1089760053872 9
5 1089760053873 11
5 1089760053876 13
5 1089760053877 18
5 1089760053879 5
5 1089760053928 11
5 1089760053929 5
5 1089760053932 8
5 1089760053933 7
5 1089760053934 6
5 1089760053935 4
5 1089760054008 5
5 1089760054009 13
5 1089760054010 9
5 1089760054011 9
5 1089760054012 9
5 1089760054015 11
5 1089760054152 17
5 1089760054153 14
5 1089760054154 19
5 1089760054155 13
5 1089760054156 29
5 1089760054157 10
5 1089760054158 22
5 1089760054159 19
6 1089760034896 48
6 1089760034897 80
6 1089760034899 180
6 1089760034900 116
6 1089760034901 18
6 1089760034902 110
6 1089760034903 186
6 1089760034904 174
6 1089760034905 22
6 1089760034906 217
6 1089760034907 196
6 1089760034908 16
6 1089760034909 174
6 1089760034910 34
6 1089760034911 22
6 1089760035136 49
6 1089760035137 139
6 1089760035138 100
6 1089760035139 104
6 1089760035140 103
6 1089760035141 24
6 1089760035142 194
6 1089760035143 28
6 1089760035144 63
6 1089760035145 71
6 1089760035147 40
6 1089760035148 216
6 1089760035149 118
6 1089760035150 67
6 1089760035151 10
6 1089760035376 44
6 1089760035378 36
6 1089760035379 107
6 1089760035380 30
6 1089760035381 47
6 1089760035382 392
6 1089760035383 41
6 1089760035384 36
6 1089760035386 295
6 1089760035387 90
6 1089760035388 42
6 1089760035389 22
6 1089760035390 242
6 1089760035391 16
6 1089760035616 246
6 1089760035617 199
6 1089760035618 102
6 1089760035619 40
6 1089760035620 22
6 1089760035621 12
6 1089760035622 45
6 1089760035623 53
6 1089760035624 86
6 1089760035625 30
6 1089760035626 79
6 1089760035627 10
6 1089760035628 59
6 1089760035629 238
6 1089760035630 123
6 1089760035631 22
6 1089760035856 82
6 1089760035857 18
6 1089760035858 63
6 1089760035859 23
6 1089760035860 91
6 1089760035861 10
6 1089760035862 272
6 1089760035863 50
6 1089760035864 633
6 1089760035865 49
6 1089760035866 64
6 1089760035867 36
6 1089760035868 24
6 1089760035869 12
6 1089760035870 255
6 1089760035871 209
6 1089760036096 8
6 1089760036097 264
6 1089760036098 702
6 1089760036099 95
6 1089760036100 457
6 1089760036101 40
6 1089760036102 76
6 1089760036103 55
6 1089760036104 838
6 1089760036105 182
6 1089760036106 112
6 1089760036107 88
6 1089760036108 26
6 1089760036109 73
6 1089760036110 427
6 1089760036111 16
6 1089760036592 14
6 1089760036593 28
6 1089760036594 32
6 1089760036595 42
6 1089760036596 34
6 1089760036597 30
6 1089760036598 61
6 1089760036599 263
6 1089760036600 23
6 1089760036601 40
6 1089760036602 38
6 1089760036603 48
6 1089760036604 46
6 1089760036605 158
6 1089760036606 38
6 1089760036607 54
6 1089760036864 36
6 1089760036865 20
6 1089760036866 83
6 1089760036867 129
6 1089760036868 24
6 1089760036869 44
6 1089760036870 58
6 1089760036871 51
6 1089760036872 57
6 1089760036873 434
6 1089760036874 46
6 1089760036875 54
6 1089760036876 12
6 1089760036877 28
6 1089760036878 74
6 1089760036879 251
6 1089760037024 50
6 1089760037025 44
6 1089760037026 20
6 1089760037028 32
6 1089760037029 224
6 1089760037030 26
6 1089760037031 91
6 1089760037032 40
6 1089760037033 6
6 1089760037034 760
6 1089760037035 18
6 1089760037036 39
6 1089760037037 222
6 1089760037038 14
6 1089760037039 237
6 1089760037056 204
6 1089760037057 30
6 1089760037058 28
6 1089760037059 32
6 1089760037060 63
6 1089760037061 282
6 1089760037062 58
6 1089760037063 429
6 1089760037064 24
6 1089760037065 538
6 1089760037066 131
6 1089760037067 375
6 1089760037068 28
6 1089760037069 278
6 1089760037070 14
6 1089760037071 88
6 1089760037120 45
6 1089760037121 221
6 1089760037122 47
6 1089760037123 385
6 1089760037124 22
6 1089760037125 44
6 1089760037126 78
6 1089760037127 70
6 1089760037128 18
6 1089760037129 315
6 1089760037130 126
6 1089760037131 22
6 1089760037132 196
6 1089760037133 170
6 1089760037134 17
6 1089760037135 76
6 1089760037313 272
6 1089760037314 16
6 1089760037315 32
6 1089760037316 126
6 1089760037317 566
6 1089760037318 34
6 1089760037319 58
6 1089760037320 168
6 1089760037321 75
6 1089760037322 68
6 1089760037323 44
6 1089760037324 40
6 1089760037325 279
6 1089760037326 240
6 1089760037327 216
6 1089760037984 70
6 1089760037985 145
6 1089760037986 224
6 1089760037987 50
6 1089760037988 211
6 1089760037989 193
6 1089760037990 473
6 1089760037991 77
6 1089760037992 318
6 1089760037993 90
6 1089760037994 46
6 1089760037995 135
6 1089760037996 237
6 1089760037997 50
6 1089760037998 60
6 1089760037999 60
6 1089760038288 56
6 1089760038289 70
6 1089760038290 50
6 1089760038291 309
6 1089760038292 64
6 1089760038293 60
6 1089760038294 174
6 1089760038295 610
6 1089760038296 64
6 1089760038297 64
6 1089760038298 462
6 1089760038299 105
6 1089760038300 89
6 1089760038301 571
6 1089760038302 302
6 1089760038303 64
6 1089760038432 382
6 1089760038433 158
6 1089760038434 126
6 1089760038435 74
6 1089760038436 117
6 1089760038437 206
6 1089760038438 207
6 1089760038439 72
6 1089760038440 319
6 1089760038441 44
6 1089760038442 46
6 1089760038443 56
6 1089760038444 78
6 1089760038445 142
6 1089760038446 81
6 1089760038447 260
6 1089760038496 107
6 1089760038497 684
6 1089760038498 58
6 1089760038499 54
6 1089760038500 89
6 1089760038501 291
6 1089760038502 162
6 1089760038503 53
6 1089760038504 202
6 1089760038505 63
6 1089760038506 213
6 1089760038507 34
6 1089760038508 210
6 1089760038509 56
6 1089760038510 168
6 1089760038511 196
6 1089760038736 43
6 1089760038737 79
6 1089760038738 62
6 1089760038739 42
6 1089760038740 175
6 1089760038741 288
6 1089760038742 54
6 1089760038743 69
6 1089760038744 46
6 1089760038745 54
6 1089760038746 64
6 1089760038747 170
6 1089760038748 58
6 1089760038749 100
6 1089760038750 121
6 1089760038751 283
6 1089760038832 190
6 1089760038833 68
6 1089760038834 59
6 1089760038835 71
6 1089760038836 72
6 1089760038837 99
6 1089760038838 219
6 1089760038839 328
6 1089760038840 99
6 1089760038841 145
6 1089760038842 50
6 1089760038843 60
6 1089760038844 79
6 1089760038845 131
6 1089760038846 58
6 1089760038847 54
6 1089760039150 6
6 1089760039151 11
6 1089760039152 178
6 1089760039153 108
6 1089760039154 6
6 1089760039155 248
6 1089760039156 150
6 1089760039159 461
6 1089760039161 7
6 1089760039163 209
6 1089760039164 13
6 1089760039166 1
6 1089760039167 18
6 1089760039169 7
6 1089760039170 7
6 1089760039171 11
6 1089760039172 241
6 1089760039174 9
6 1089760039175 19
6 1089760039176 14
6 1089760039177 138
6 1089760039178 4
6 1089760039179 5
6 1089760039180 61
6 1089760039181 78
6 1089760039183 8
6 1089760039184 4
6 1089760039186 8
6 1089760039189 5
6 1089760039193 8
6 1089760039194 17
6 1089760039195 21
6 1089760039196 2
6 1089760039197 7
6 1089760039871 4
6 1089760039872 6
6 1089760039874 84
6 1089760039875 20
6 1089760039876 31
6 1089760039877 393
6 1089760039878 4
6 1089760039879 3
6 1089760039880 8
6 1089760039882 38
6 1089760039883 3
6 1089760039884 5
6 1089760039885 2
6 1089760039886 4
6 1089760039887 6
6 1089760039888 10
6 1089760039890 17
6 1089760039891 19
6 1089760039892 6
6 1089760039893 6
6 1089760039894 46
6 1089760039896 11
6 1089760039898 9
6 1089760039899 13
6 1089760039900 19
6 1089760039901 107
6 1089760039905 21
6 1089760039906 10
6 1089760039907 1
6 1089760039908 6
6 1089760039909 3
6 1089760039910 167
6 1089760039911 24
6 1089760039912 60
6 1089760039913 1
6 1089760039914 14
6 1089760039915 101
6 1089760039916 8
6 1089760039917 5
6 1089760039919 20
6 1089760040585 2
6 1089760040586 14
6 1089760040587 10
6 1089760040588 7
6 1089760040591 480
6 1089760040592 6
6 1089760040593 8
6 1089760040595 11
6 1089760040596 13
6 1089760040598 46
6 1089760040599 3
6 1089760040600 3
6 1089760040601 6
6 1089760040602 4
6 1089760040603 125
6 1089760040604 11
6 1089760040605 11
6 1089760040607 9
6 1089760040608 10
6 1089760040609 5
6 1089760040610 12
6 1089760040614 42
6 1089760040615 30
6 1089760040616 14
6 1089760040617 9
6 1089760040618 7
6 1089760040619 56
6 1089760040620 19
6 1089760040621 5
6 1089760040622 22
6 1089760040623 10
6 1089760040624 9
6 1089760040626 7
6 1089760040627 10
6 1089760040628 103
6 1089760040629 5
6 1089760040631 7
6 1089760041293 762
6 1089760041296 7
6 1089760041297 10
6 1089760041298 2
6 1089760041299 17
6 1089760041300 6
6 1089760041301 53
6 1089760041302 12
6 1089760041303 133
6 1089760041306 14
6 1089760041310 128
6 1089760041311 115
6 1089760041312 1
6 1089760041313 56
6 1089760041314 50
6 1089760041315 23
6 1089760041316 5
6 1089760041318 9
6 1089760041319 7
6 1089760041320 12
6 1089760041322 15
6 1089760041323 21
6 1089760041324 25
6 1089760041325 19
6 1089760041326 170
6 1089760041329 7
6 1089760041331 13
6 1089760041332 6
6 1089760041333 20
6 1089760041334 5
6 1089760041335 8
6 1089760041336 19
6 1089760041337 65
6 1089760041338 22
6 1089760041339 6
6 1089760042023 7
6 1089760042024 50
6 1089760042025 18
6 1089760042026 10
6 1089760042029 7
6 1089760042030 25
6 1089760042031 218
6 1089760042033 8
6 1089760042034 13
6 1089760042035 6
6 1089760042039 5
6 1089760042040 14
6 1089760042041 437
6 1089760042042 17
6 1089760042043 3
6 1089760042044 77
6 1089760042045 366
6 1089760042046 157
6 1089760042047 28
6 1089760042048 3
6 1089760042049 12
6 1089760042050 5
6 1089760042052 6
6 1089760042053 17
6 1089760042054 5
6 1089760042055 16
6 1089760042056 21
6 1089760042057 6
6 1089760042058 29
6 1089760042059 6
6 1089760042060 12
6 1089760042061 289
6 1089760042062 3
6 1089760042063 6
6 1089760042066 9
6 1089760042067 14
6 1089760042068 153
6 1089760042069 17
6 1089760042070 17
6 1089760042071 45
6 1089760042752 2
6 1089760042753 3
6 1089760042754 40
6 1089760042755 165
6 1089760042758 17
6 1089760042759 14
6 1089760042760 11
6 1089760042761 3
6 1089760042762 512
6 1089760042763 156
6 1089760042764 9
6 1089760042765 28
6 1089760042766 22
6 1089760042767 8
6 1089760042768 39
6 1089760042769 446
6 1089760042770 13
6 1089760042771 13
6 1089760042772 8
6 1089760042773 6
6 1089760042776 7
6 1089760042777 16
6 1089760042778 70
6 1089760042780 38
6 1089760042782 11
6 1089760042783 11
6 1089760042784 18
6 1089760042786 4
6 1089760042788 17
6 1089760042789 16
6 1089760042791 22
6 1089760042792 9
6 1089760042793 18
6 1089760042794 18
6 1089760042795 123
6 1089760042796 2
6 1089760042798 6
6 1089760042799 4
6 1089760044237 8
6 1089760044241 23
6 1089760044243 10
6 1089760044244 7
6 1089760044245 5
6 1089760044246 2
6 1089760044247 13
6 1089760044248 8
6 1089760044249 10
6 1089760044250 54
6 1089760044251 17
6 1089760044252 17
6 1089760044255 39
6 1089760044259 6
6 1089760044260 36
6 1089760044261 225
6 1089760044264 58
6 1089760044265 21
6 1089760044266 20
6 1089760044267 61
6 1089760044268 10
6 1089760044270 25
6 1089760044271 19
6 1089760044273 6
6 1089760044274 6
6 1089760044275 8
6 1089760044277 13
6 1089760044278 8
6 1089760044279 14
6 1089760044280 14
6 1089760044282 8
6 1089760044283 13
6 1089760044284 20
6 1089760045058 6
6 1089760045059 16
6 1089760045060 10
6 1089760045061 79
6 1089760045062 5
6 1089760045063 5
6 1089760045064 12
6 1089760045065 243
6 1089760045066 53
6 1089760045067 10
6 1089760045068 4
6 1089760045069 5
6 1089760045070 10
6 1089760045071 10
6 1089760045072 26
6 1089760045073 6
6 1089760045074 12
6 1089760045077 477
6 1089760045078 6
6 1089760045080 5
6 1089760045081 3
6 1089760045082 268
6 1089760045083 108
6 1089760045084 5
6 1089760045085 10
6 1089760045086 11
6 1089760045087 83
6 1089760045089 15
6 1089760045090 85
6 1089760045091 12
6 1089760045092 10
6 1089760045093 8
6 1089760045095 3
6 1089760045096 5
6 1089760045097 2
6 1089760045098 12
6 1089760045099 6
6 1089760045101 41
6 1089760045102 7
6 1089760045103 6
6 1089760045104 7
6 1089760045105 14
6 1089760045106 128
6 1089760045541 9
6 1089760045542 12
6 1089760045544 5
6 1089760045545 7
6 1089760045546 3
6 1089760045548 14
6 1089760045553 54
6 1089760045554 52
6 1089760045555 6
6 1089760045556 34
6 1089760045557 41
6 1089760045558 3
6 1089760045559 8
6 1089760045560 5
6 1089760045561 17
6 1089760045562 8
6 1089760045565 8
6 1089760045566 19
6 1089760045567 7
6 1089760045568 13
6 1089760045571 9
6 1089760045572 12
6 1089760045574 1
6 1089760045575 10
6 1089760045576 6
6 1089760045577 352
6 1089760045578 9
6 1089760045579 134
6 1089760045581 14
6 1089760045583 20
6 1089760045586 139
6 1089760045587 6
6 1089760045634 114
6 1089760045635 4
6 1089760045636 19
6 1089760045637 3
6 1089760045638 8
6 1089760045639 13
6 1089760045641 8
6 1089760045642 10
6 1089760045643 11
6 1089760045644 3
6 1089760045645 306
6 1089760045647 161
6 1089760045648 73
6 1089760045649 8
6 1089760045650 12
6 1089760045651 25
6 1089760045652 17
6 1089760045653 107
6 1089760045654 1
6 1089760045655 38
6 1089760045656 89
6 1089760045657 9
6 1089760045658 233
6 1089760045659 8
6 1089760045660 3
6 1089760045661 68
6 1089760045662 151
6 1089760045663 20
6 1089760045664 231
6 1089760045665 9
6 1089760045667 6
6 1089760045668 72
6 1089760045669 9
6 1089760045670 15
6 1089760045671 13
6 1089760045672 86
6 1089760045673 3
6 1089760045674 20
6 1089760045675 2
6 1089760045676 11
6 1089760045678 85
6 1089760045680 12
6 1089760045681 6
6 1089760045682 6
6 1089760045828 2
6 1089760045829 99
6 1089760045830 6
6 1089760045831 431
6 1089760045832 25
6 1089760045833 10
6 1089760045834 33
6 1089760045835 14
6 1089760045836 3
6 1089760045837 42
6 1089760045838 5
6 1089760045839 3
6 1089760045841 150
6 1089760045843 22
6 1089760045844 8
6 1089760045846 15
6 1089760045847 22
6 1089760045848 36
6 1089760045849 200
6 1089760045850 5
6 1089760045851 13
6 1089760045854 19
6 1089760045855 12
6 1089760045856 12
6 1089760045857 31
6 1089760045858 275
6 1089760045860 19
6 1089760045861 29
6 1089760045862 29
6 1089760045863 5
6 1089760045864 7
6 1089760045865 12
6 1089760045866 13
6 1089760045867 59
6 1089760045868 281
6 1089760045869 10
6 1089760045871 29
6 1089760045872 54
6 1089760045873 40
6 1089760045874 160
6 1089760045875 161
6 1089760046405 2
6 1089760046406 16
6 1089760046407 3
6 1089760046409 16
6 1089760046412 417
6 1089760046414 31
6 1089760046415 8
6 1089760046416 21
6 1089760046417 14
6 1089760046418 41
6 1089760046419 18
6 1089760046420 5
6 1089760046421 3
6 1089760046422 114
6 1089760046423 13
6 1089760046425 301
6 1089760046426 13
6 1089760046427 5
6 1089760046428 15
6 1089760046429 147
6 1089760046430 8
6 1089760046431 18
6 1089760046432 18
6 1089760046433 38
6 1089760046434 15
6 1089760046435 9
6 1089760046436 16
6 1089760046437 14
6 1089760046438 8
6 1089760046439 1
6 1089760046440 10
6 1089760046441 11
6 1089760046442 9
6 1089760046444 10
6 1089760046445 258
6 1089760046446 164
6 1089760046447 32
6 1089760046448 22
6 1089760046449 139
6 1089760046450 42
6 1089760046452 62
6 1089760048422 2
6 1089760048423 56
6 1089760048424 19
6 1089760048425 18
6 1089760048426 28
6 1089760048427 482
6 1089760048428 24
6 1089760048429 23
6 1089760048430 27
6 1089760048431 23
6 1089760048432 25
6 1089760048433 106
6 1089760048434 26
6 1089760048435 16
6 1089760048436 20
6 1089760048437 366
6 1089760048438 142
6 1089760048439 28
6 1089760048440 17
6 1089760048442 19
6 1089760048443 21
6 1089760048444 17
6 1089760048445 19
6 1089760048446 8
6 1089760048447 27
6 1089760048448 28
6 1089760048449 14
6 1089760048450 14
6 1089760048451 158
6 1089760048452 11
6 1089760048453 183
6 1089760048454 26
6 1089760048455 20
6 1089760048456 116
6 1089760048457 25
6 1089760048458 27
6 1089760048459 280
6 1089760048460 26
6 1089760048461 102
6 1089760048462 18
6 1089760048463 14
6 1089760048464 26
6 1089760048465 21
6 1089760048466 26
6 1089760048467 33
6 1089760048468 33
6 1089760048469 8
6 1089760049331 31
6 1089760049332 135
6 1089760049333 38
6 1089760049334 18
6 1089760049335 23
6 1089760049336 21
6 1089760049337 37
6 1089760049338 21
6 1089760049339 18
6 1089760049340 21
6 1089760049341 151
6 1089760049342 22
6 1089760049343 20
6 1089760049344 27
6 1089760049345 15
6 1089760049346 803
6 1089760049347 55
6 1089760049348 35
6 1089760049349 17
6 1089760049350 16
6 1089760049351 25
6 1089760049352 19
6 1089760049353 169
6 1089760049354 61
6 1089760049355 32
6 1089760049356 30
6 1089760049357 249
6 1089760049358 50
6 1089760049359 77
6 1089760049360 138
6 1089760049361 20
6 1089760049362 353
6 1089760049363 14
6 1089760049364 24
6 1089760049365 135
6 1089760049366 63
6 1089760049367 28
6 1089760049368 17
6 1089760049369 16
6 1089760049370 188
6 1089760049371 22
6 1089760049372 25
6 1089760049373 16
6 1089760049374 27
6 1089760049375 149
6 1089760049376 19
6 1089760049377 17
6 1089760049378 341
6 1089760049379 3
6 1089760049763 8
6 1089760049764 12
6 1089760049765 24
6 1089760049766 46
6 1089760049767 24
6 1089760049768 12
6 1089760049769 62
6 1089760049770 100
6 1089760049771 26
6 1089760049772 21
6 1089760049773 19
6 1089760049774 31
6 1089760049775 13
6 1089760049776 21
6 1089760049777 25
6 1089760049778 22
6 1089760049779 16
6 1089760049780 26
6 1089760049781 21
6 1089760049782 207
6 1089760049783 26
6 1089760049784 300
6 1089760049785 197
6 1089760049786 12
6 1089760049787 612
6 1089760049788 18
6 1089760049789 31
6 1089760049790 24
6 1089760049791 12
6 1089760049792 171
6 1089760049793 13
6 1089760049794 29
6 1089760049795 171
6 1089760049796 18
6 1089760049797 17
6 1089760049798 32
6 1089760049799 33
6 1089760049800 266
6 1089760049801 49
6 1089760049802 150
6 1089760049803 247
6 1089760049804 413
6 1089760049805 12
6 1089760049806 181
6 1089760049807 90
6 1089760049808 22
6 1089760049809 795
6 1089760049810 14
6 1089760049811 24
6 1089760049812 65
6 1089760049959 27
6 1089760049960 23
6 1089760049961 28
6 1089760049962 20
6 1089760049963 201
6 1089760049964 19
6 1089760049965 10
6 1089760049966 14
6 1089760049967 148
6 1089760049968 142
6 1089760049969 15
6 1089760049970 153
6 1089760049971 24
6 1089760049972 22
6 1089760049973 17
6 1089760049974 10
6 1089760049975 12
6 1089760049976 36
6 1089760049977 20
6 1089760049978 15
6 1089760049979 17
6 1089760049980 21
6 1089760049981 16
6 1089760049982 106
6 1089760049983 19
6 1089760049984 147
6 1089760049985 88
6 1089760049986 176
6 1089760049987 175
6 1089760049988 16
6 1089760049989 139
6 1089760049990 118
6 1089760049991 114
6 1089760049992 15
6 1089760049993 20
6 1089760049995 9
6 1089760049996 12
6 1089760049997 184
6 1089760049998 11
6 1089760049999 24
6 1089760050000 208
6 1089760050001 10
6 1089760050002 14
6 1089760050003 256
6 1089760050004 11
6 1089760050005 6
6 1089760050006 21
6 1089760050007 6
6 1089760050678 239
6 1089760050679 7
6 1089760050680 37
6 1089760050681 23
6 1089760050682 35
6 1089760050683 459
6 1089760050684 25
6 1089760050685 237
6 1089760050686 16
6 1089760050687 19
6 1089760050688 8
6 1089760050689 79
6 1089760050690 8
6 1089760050691 26
6 1089760050692 23
6 1089760050693 21
6 1089760050694 127
6 1089760050695 155
6 1089760050696 123
6 1089760050697 34
6 1089760050698 22
6 1089760050699 21
6 1089760050700 8
6 1089760050701 140
6 1089760050702 29
6 1089760050703 219
6 1089760050704 18
6 1089760050705 21
6 1089760050706 57
6 1089760050707 160
6 1089760050708 26
6 1089760050709 6
6 1089760050710 17
6 1089760050711 20
6 1089760050712 29
6 1089760050713 893
6 1089760050714 18
6 1089760050715 18
6 1089760050716 20
6 1089760050717 4
6 1089760050718 17
6 1089760050719 21
6 1089760050720 24
6 1089760050721 31
6 1089760050722 7
6 1089760050963 159
6 1089760050964 9
6 1089760050965 17
6 1089760050966 52
6 1089760050967 11
6 1089760050968 175
6 1089760050969 27
6 1089760050970 25
6 1089760050971 110
6 1089760050972 165
6 1089760050973 11
6 1089760050974 296
6 1089760050975 162
6 1089760050976 17
6 1089760050977 19
6 1089760050978 23
6 1089760050979 19
6 1089760050980 10
6 1089760050981 13
6 1089760050982 16
6 1089760050983 253
6 1089760050984 192
6 1089760050985 18
6 1089760050986 16
6 1089760050987 20
6 1089760050988 12
6 1089760050989 5
6 1089760050990 35
6 1089760050991 22
6 1089760050992 14
6 1089760050993 18
6 1089760050994 24
6 1089760050996 26
6 1089760050997 5
6 1089760050998 14
6 1089760050999 16
6 1089760051000 143
6 1089760051001 22
6 1089760051002 12
6 1089760051003 40
6 1089760051004 38
6 1089760051005 18
6 1089760051006 13
6 1089760051007 17
6 1089760051008 1664
6 1089760051009 21
6 1089760051010 24
6 1089760051011 4
6 1089760051210 4
6 1089760051211 4
6 1089760051240 4
6 1089760051241 4
6 1089760051270 4
6 1089760051271 4
6 1089760051300 4
6 1089760051301 4
6 1089760051330 4
6 1089760051331 4
6 1089760051360 4
6 1089760051361 4
6 1089760051422 4
6 1089760051423 4
6 1089760051456 4
6 1089760051457 4
6 1089760051476 4
6 1089760051477 4
6 1089760051480 4
6 1089760051481 4
6 1089760051488 4
6 1089760051489 4
6 1089760051512 4
6 1089760051513 4
6 1089760051596 4
6 1089760051597 4
6 1089760051634 4
6 1089760051635 4
6 1089760051652 4
6 1089760051653 4
6 1089760051660 4
6 1089760051661 130
6 1089760051690 4
6 1089760051691 4
6 1089760051702 4
6 1089760051703 4
6 1089760051712 247
6 1089760051713 25
6 1089760051714 103
6 1089760051715 144
6 1089760051716 38
6 1089760051717 19
6 1089760051718 24
6 1089760051719 22
6 1089760051720 49
6 1089760051721 18
6 1089760051722 23
6 1089760051723 37
6 1089760051724 39
6 1089760051725 174
6 1089760051726 32
6 1089760051727 29
6 1089760051728 109
6 1089760051729 21
6 1089760051730 71
6 1089760051731 11
6 1089760051732 317
6 1089760051733 27
6 1089760051734 17
6 1089760051735 20
6 1089760051736 17
6 1089760051737 95
6 1089760051738 18
6 1089760051739 76
6 1089760051740 23
6 1089760051741 168
6 1089760051742 25
6 1089760051743 113
6 1089760051744 28
6 1089760051745 15
6 1089760051746 18
6 1089760051747 29
6 1089760051748 310
6 1089760051749 17
6 1089760051750 21
6 1089760051751 17
6 1089760051752 13
6 1089760051753 34
6 1089760051754 19
6 1089760051755 14
6 1089760051756 191
6 1089760051757 24
6 1089760051758 13
6 1089760051759 20
6 1089760051760 17
6 1089760051761 26
6 1089760051762 128
6 1089760051763 42
6 1089760051764 19
6 1089760051765 62
6 1089760051766 120
6 1089760051767 22
6 1089760051768 782
6 1089760051769 121
6 1089760051770 15
6 1089760051771 43
6 1089760051772 26
6 1089760051773 22
6 1089760051774 23
6 1089760051775 834
6 1089760051776 38
6 1089760051777 183
6 1089760051778 251
6 1089760051779 62
6 1089760051780 20
6 1089760051781 18
6 1089760051782 18
6 1089760051783 26
6 1089760051784 56
6 1089760051785 24
6 1089760051786 22
6 1089760051787 21
6 1089760051788 16
6 1089760051789 28
6 1089760051790 20
6 1089760051791 37
6 1089760051792 16
6 1089760051793 21
6 1089760051794 567
6 1089760051795 31
6 1089760051796 391
6 1089760051797 17
6 1089760051798 21
6 1089760051799 158
6 1089760051800 23
6 1089760051801 18
6 1089760051802 145
6 1089760051803 22
6 1089760051804 300
6 1089760051805 17
6 1089760051806 310
6 1089760051807 16
6 1089760051808 18
6 1089760051809 11
6 1089760051810 19
6 1089760051811 22
6 1089760051812 178
6 1089760051813 189
6 1089760051814 61
6 1089760051815 25
6 1089760051816 30
6 1089760051817 60
6 1089760051818 190
6 1089760051819 20
6 1089760051820 18
6 1089760051821 17
6 1089760051822 22
6 1089760051823 96
6 1089760051824 24
6 1089760051825 16
6 1089760051826 1142
6 1089760051827 28
6 1089760051828 75
6 1089760051829 205
6 1089760051830 11
6 1089760051831 20
6 1089760051832 19
6 1089760051833 30
6 1089760051834 15
6 1089760051835 34
6 1089760051836 23
6 1089760051837 140
6 1089760051838 11
6 1089760051839 19
6 1089760051840 17
6 1089760051841 44
6 1089760051842 264
6 1089760051843 17
6 1089760051844 25
6 1089760051845 344
6 1089760051846 30
6 1089760051847 667
6 1089760051848 14
6 1089760051849 25
6 1089760051850 23
6 1089760051851 25
6 1089760051852 287
6 1089760051853 20
6 1089760051854 25
6 1089760051855 37
6 1089760051856 25
6 1089760051857 213
6 1089760051858 164
6 1089760051859 19
6 1089760051860 57
6 1089760051861 26
6 1089760051862 307
6 1089760051863 75
6 1089760051864 20
6 1089760051865 1688
6 1089760051866 407
6 1089760051867 29
6 1089760051868 23
6 1089760051869 23
6 1089760051870 34
6 1089760051871 189
6 1089760051872 16
6 1089760051873 82
6 1089760051874 104
6 1089760051875 212
6 1089760051876 27
6 1089760051877 20
6 1089760051878 339
6 1089760051879 18
6 1089760051880 45
6 1089760051881 257
6 1089760051882 23
6 1089760051883 133
6 1089760051884 29
6 1089760051885 61
6 1089760051886 111
6 1089760051887 21
6 1089760051888 46
6 1089760051889 16
6 1089760051890 16
6 1089760051891 19
6 1089760051892 22
6 1089760051893 18
6 1089760051894 18
6 1089760051895 34
6 1089760051896 19
6 1089760051897 24
6 1089760051898 17
6 1089760051899 17
6 1089760051900 20
6 1089760051901 21
6 1089760051902 20
6 1089760051903 34
6 1089760051904 25
6 1089760051905 16
6 1089760051906 244
6 1089760051907 15
6 1089760051908 69
6 1089760051909 1055
6 1089760051910 26
6 1089760051911 320
6 1089760051912 65
6 1089760051913 27
6 1089760051914 21
6 1089760051915 324
6 1089760051916 17
6 1089760051917 30
6 1089760051918 156
6 1089760051919 22
6 1089760051920 93
6 1089760051921 21
6 1089760051922 28
6 1089760051923 318
6 1089760051924 17
6 1089760051925 362
6 1089760051926 22
6 1089760051927 26
6 1089760051928 20
6 1089760051929 25
6 1089760051930 37
6 1089760051931 101
6 1089760051932 31
6 1089760051933 19
6 1089760051934 393
6 1089760051935 20
6 1089760051936 358
6 1089760051937 205
6 1089760051938 21
6 1089760051939 16
6 1089760051940 31
6 1089760051941 26
6 1089760051942 20
6 1089760051943 15
6 1089760051944 98
6 1089760051945 60
6 1089760051946 224
6 1089760051947 24
6 1089760051948 20
6 1089760051949 311
6 1089760051950 25
6 1089760051951 21
6 1089760051952 28
6 1089760051953 35
6 1089760051954 345
6 1089760051955 74
6 1089760051956 17
6 1089760051957 21
6 1089760051958 23
6 1089760051959 31
6 1089760051960 15
6 1089760051961 80
6 1089760051962 34
6 1089760051963 19
6 1089760051964 24
6 1089760051965 32
6 1089760051966 120
6 1089760051967 14
6 1089760051968 330
6 1089760051969 37
6 1089760051970 20
6 1089760051971 63
6 1089760051972 481
6 1089760051973 20
6 1089760051974 22
6 1089760051975 151
6 1089760051976 14
6 1089760051977 21
6 1089760051978 15
6 1089760051979 20
6 1089760051980 33
6 1089760051981 17
6 1089760051982 31
6 1089760051983 140
6 1089760051984 24
6 1089760051985 262
6 1089760051986 28
6 1089760051987 34
6 1089760051988 27
6 1089760051989 25
6 1089760051990 26
6 1089760051991 13
6 1089760051992 214
6 1089760051993 16
6 1089760051994 21
6 1089760051995 20
6 1089760051996 116
6 1089760051997 93
6 1089760051998 164
6 1089760051999 163
6 1089760052000 19
6 1089760052001 195
6 1089760052002 20
6 1089760052003 30
6 1089760052004 22
6 1089760052005 25
6 1089760052006 625
6 1089760052007 381
6 1089760052008 76
6 1089760052009 243
6 1089760052010 142
6 1089760052011 427
6 1089760052012 198
6 1089760052013 231
6 1089760052014 119
6 1089760052015 38
6 1089760052016 13
6 1089760052017 21
6 1089760052018 18
6 1089760052019 22
6 1089760052020 22
6 1089760052021 1119
6 1089760052022 249
6 1089760052023 24
6 1089760052024 42
6 1089760052025 21
6 1089760052026 191
6 1089760052027 21
6 1089760052028 138
6 1089760052029 143
6 1089760052030 63
6 1089760052031 11
6 1089760052032 17
6 1089760052033 27
6 1089760052034 261
6 1089760052035 40
6 1089760052036 43
6 1089760052037 194
6 1089760052038 20
6 1089760052039 43
6 1089760052040 18
6 1089760052041 21
6 1089760052042 15
6 1089760052043 502
6 1089760052044 38
6 1089760052045 100
6 1089760052046 22
6 1089760052047 323
6 1089760052048 32
6 1089760052049 177
6 1089760052050 222
6 1089760052051 215
6 1089760052052 152
6 1089760052053 22
6 1089760052054 61
6 1089760052055 17
6 1089760052056 15
6 1089760052057 20
6 1089760052058 18
6 1089760052059 16
6 1089760052060 106
6 1089760052061 31
6 1089760052062 65
6 1089760052063 38
6 1089760052064 23
6 1089760052065 27
6 1089760052066 27
6 1089760052067 131
6 1089760052068 76
6 1089760052069 489
6 1089760052070 19
6 1089760052071 30
6 1089760052072 94
6 1089760052073 140
6 1089760052074 24
6 1089760052075 28
6 1089760052076 21
6 1089760052077 26
6 1089760052078 27
6 1089760052079 157
6 1089760052080 130
6 1089760052081 26
6 1089760052082 12
6 1089760052083 28
6 1089760052084 240
6 1089760052085 20
6 1089760052086 167
6 1089760052087 25
6 1089760052088 24
6 1089760052089 21
6 1089760052090 48
6 1089760052091 19
6 1089760052092 13
6 1089760052093 24
6 1089760052094 24
6 1089760052095 182
6 1089760052096 595
6 1089760052097 29
6 1089760052098 259
6 1089760052099 25
6 1089760052100 23
6 1089760052101 21
6 1089760052102 272
6 1089760052103 42
6 1089760052104 21
6 1089760052105 21
6 1089760052106 577
6 1089760052107 37
6 1089760052108 182
6 1089760052109 23
6 1089760052110 11
6 1089760052111 29
6 1089760052112 16
6 1089760052113 76
6 1089760052114 135
6 1089760052115 13
6 1089760052116 19
6 1089760052117 26
6 1089760052118 17
6 1089760052119 74
6 1089760052120 26
6 1089760052121 14
6 1089760052122 14
6 1089760052123 157
6 1089760052124 24
6 1089760052125 28
6 1089760052126 17
6 1089760052127 20
6 1089760052128 84
6 1089760052129 91
6 1089760052130 107
6 1089760052131 26
6 1089760052132 728
6 1089760052133 32
6 1089760052134 18
6 1089760052135 28
6 1089760052136 18
6 1089760052137 17
6 1089760052138 19
6 1089760052139 16
6 1089760052140 821
6 1089760052141 22
6 1089760052142 140
6 1089760052143 239
6 1089760052144 16
6 1089760052145 37
6 1089760052146 401
6 1089760052147 182
6 1089760052148 8
6 1089760052149 51
6 1089760052150 22
6 1089760052151 15
6 1089760052152 30
6 1089760052153 21
6 1089760052154 26
6 1089760052155 609
6 1089760052156 15
6 1089760052157 32
6 1089760052158 21
6 1089760052159 17
6 1089760052160 18
6 1089760052161 23
6 1089760052162 23
6 1089760052163 24
6 1089760052164 25
6 1089760052165 63
6 1089760052166 999
6 1089760052167 69
6 1089760052168 37
6 1089760052169 23
6 1089760052170 652
6 1089760052171 40
6 1089760052172 122
6 1089760052173 36
6 1089760052174 256
6 1089760052175 31
6 1089760052176 13
6 1089760052177 213
6 1089760052178 20
6 1089760052179 114
6 1089760052180 165
6 1089760052181 19
6 1089760052182 25
6 1089760052183 87
6 1089760052184 17
6 1089760052185 26
6 1089760052186 158
6 1089760052187 21
6 1089760052188 278
6 1089760052189 23
6 1089760052190 13
6 1089760052191 185
6 1089760052192 23
6 1089760052193 21
6 1089760052194 232
6 1089760052195 408
6 1089760052196 32
6 1089760052197 38
6 1089760052198 334
6 1089760052199 24
6 1089760052200 39
6 1089760052201 503
6 1089760052202 29
6 1089760052203 73
6 1089760052204 30
6 1089760052205 44
6 1089760052206 51
6 1089760052207 126
6 1089760052208 192
6 1089760052209 840
6 1089760052210 281
6 1089760052211 283
6 1089760052212 19
6 1089760052213 34
6 1089760052214 203
6 1089760052215 223
6 1089760052216 23
6 1089760052217 48
6 1089760052218 290
6 1089760052219 143
6 1089760052220 23
6 1089760052221 28
6 1089760052222 249
6 1089760052223 571
6 1089760052264 27
6 1089760052265 10
6 1089760052266 20
6 1089760052267 690
6 1089760052268 23
6 1089760052269 20
6 1089760052270 9
6 1089760052271 13
6 1089760052384 29
6 1089760052385 48
6 1089760052386 24
6 1089760052387 31
6 1089760052388 34
6 1089760052389 26
6 1089760052390 222
6 1089760052391 27
6 1089760052504 14
6 1089760052505 26
6 1089760052506 295
6 1089760052507 22
6 1089760052508 12
6 1089760052509 25
6 1089760052510 20
6 1089760052511 46
6 1089760052624 26
6 1089760052625 163
6 1089760052626 10
6 1089760052627 367
6 1089760052628 280
6 1089760052629 26
6 1089760052630 75
6 1089760052631 141
6 1089760052744 23
6 1089760052745 24
6 1089760052746 20
6 1089760052747 32
6 1089760052748 152
6 1089760052749 32
6 1089760052750 18
6 1089760052751 31
6 1089760052864 32
6 1089760052865 21
6 1089760052866 31
6 1089760052867 28
6 1089760052868 18
6 1089760052869 24
6 1089760052870 22
6 1089760052871 145
6 1089760053112 18
6 1089760053113 31
6 1089760053114 23
6 1089760053115 41
6 1089760053116 291
6 1089760053117 28
6 1089760053118 27
6 1089760053119 28
6 1089760053248 22
6 1089760053249 251
6 1089760053250 30
6 1089760053251 12
6 1089760053252 104
6 1089760053253 33
6 1089760053254 45
6 1089760053255 24
6 1089760053328 16
6 1089760053329 8
6 1089760053330 84
6 1089760053331 18
6 1089760053332 31
6 1089760053333 25
6 1089760053334 30
6 1089760053335 88
6 1089760053344 622
6 1089760053345 20
6 1089760053346 141
6 1089760053347 233
6 1089760053348 30
6 1089760053349 54
6 1089760053350 20
6 1089760053351 18
6 1089760053376 32
6 1089760053377 15
6 1089760053378 29
6 1089760053379 27
6 1089760053380 242
6 1089760053381 1194
6 1089760053382 30
6 1089760053383 30
6 1089760053472 9
6 1089760053473 106
6 1089760053474 31
6 1089760053475 32
6 1089760053476 34
6 1089760053477 43
6 1089760053478 27
6 1089760053479 26
6 1089760053808 47
6 1089760053809 30
6 1089760053810 28
6 1089760053811 35
6 1089760053812 31
6 1089760053813 92
6 1089760053814 205
6 1089760053815 86
6 1089760053960 31
6 1089760053961 33
6 1089760053962 196
6 1089760053963 206
6 1089760053964 35
6 1089760053965 88
6 1089760053966 40
6 1089760053967 216
6 1089760054032 34
6 1089760054033 47
6 1089760054034 569
6 1089760054035 36
6 1089760054036 752
6 1089760054037 32
6 1089760054038 37
6 1089760054039 207
6 1089760054064 34
6 1089760054065 66
6 1089760054066 26
6 1089760054067 40
6 1089760054068 402
6 1089760054069 179
6 1089760054070 27
6 1089760054071 85
6 1089760054184 246
6 1089760054185 30
6 1089760054186 118
6 1089760054187 31
6 1089760054188 29
6 1089760054189 240
6 1089760054190 398
6 1089760054191 25
6 1089760054232 40
6 1089760054233 30
6 1089760054234 33
6 1089760054235 159
6 1089760054236 201
6 1089760054237 36
6 1089760054238 27
6 1089760054239 117
7 1089760034992 28
7 1089760034993 22
7 1089760034994 68
7 1089760034995 34
7 1089760034996 122
7 1089760034997 156
7 1089760034998 153
7 1089760034999 173
7 1089760035000 205
7 1089760035001 154
7 1089760035002 1087
7 1089760035003 40
7 1089760035004 16
7 1089760035005 96
7 1089760035006 119
7 1089760035007 26
7 1089760035232 30
7 1089760035233 40
7 1089760035234 111
7 1089760035235 158
7 1089760035236 20
7 1089760035237 58
7 1089760035238 18
7 1089760035239 300
7 1089760035240 30
7 1089760035241 339
7 1089760035242 22
7 1089760035243 628
7 1089760035244 16
7 1089760035245 74
7 1089760035246 44
7 1089760035247 40
7 1089760035472 29
7 1089760035473 35
7 1089760035474 40
7 1089760035475 236
7 1089760035476 24
7 1089760035477 38
7 1089760035478 227
7 1089760035479 47
7 1089760035480 28
7 1089760035481 160
7 1089760035482 62
7 1089760035483 43
7 1089760035484 60
7 1089760035485 180
7 1089760035486 125
7 1089760035487 43
7 1089760035712 38
7 1089760035713 22
7 1089760035714 38
7 1089760035715 403
7 1089760035716 53
7 1089760035717 45
7 1089760035718 41
7 1089760035719 64
7 1089760035720 213
7 1089760035721 38
7 1089760035722 179
7 1089760035723 100
7 1089760035724 27
7 1089760035725 33
7 1089760035726 110
7 1089760035727 20
7 1089760035952 119
7 1089760035953 74
7 1089760035954 36
7 1089760035955 845
7 1089760035956 46
7 1089760035957 58
7 1089760035958 127
7 1089760035959 24
7 1089760035960 244
7 1089760035961 164
7 1089760035962 353
7 1089760035963 47
7 1089760035964 45
7 1089760035965 42
7 1089760035966 205
7 1089760035967 300
7 1089760036192 48
7 1089760036193 484
7 1089760036194 33
7 1089760036195 124
7 1089760036196 179
7 1089760036197 21
7 1089760036198 28
7 1089760036199 245
7 1089760036200 30
7 1089760036201 36
7 1089760036202 21
7 1089760036203 165
7 1089760036204 352
7 1089760036205 52
7 1089760036206 20
7 1089760036207 345
7 1089760036544 192
7 1089760036545 46
7 1089760036546 31
7 1089760036547 31
7 1089760036548 61
7 1089760036549 34
7 1089760036550 114
7 1089760036551 152
7 1089760036552 35
7 1089760036553 69
7 1089760036554 82
7 1089760036555 98
7 1089760036556 26
7 1089760036557 26
7 1089760036558 43
7 1089760036559 31
7 1089760036688 28
7 1089760036689 12
7 1089760036690 30
7 1089760036691 20
7 1089760036692 382
7 1089760036693 59
7 1089760036694 27
7 1089760036695 34
7 1089760036696 16
7 1089760036697 196
7 1089760036698 200
7 1089760036699 26
7 1089760036700 361
7 1089760036701 28
7 1089760036702 38
7 1089760036703 163
7 1089760036944 36
7 1089760036945 39
7 1089760036946 33
7 1089760036947 146
7 1089760036948 40
7 1089760036949 34
7 1089760036950 35
7 1089760036951 104
7 1089760036952 36
7 1089760036953 53
7 1089760036954 386
7 1089760036955 161
7 1089760036956 200
7 1089760036957 124
7 1089760036958 32
7 1089760036959 180
7 1089760037024 108
7 1089760037025 112
7 1089760037026 575
7 1089760037027 228
7 1089760037028 26
7 1089760037029 507
7 1089760037030 46
7 1089760037031 214
7 1089760037032 283
7 1089760037033 83
7 1089760037034 137
7 1089760037035 52
7 1089760037036 20
7 1089760037037 212
7 1089760037038 54
7 1089760037039 20
7 1089760037296 347
7 1089760037297 61
7 1089760037298 57
7 1089760037299 322
7 1089760037300 79
7 1089760037301 531
7 1089760037302 18
7 1089760037303 49
7 1089760037304 19
7 1089760037305 26
7 1089760037306 18
7 1089760037307 136
7 1089760037308 488
7 1089760037309 12
7 1089760037310 48
7 1089760037311 26
7 1089760037504 543
7 1089760037505 26
7 1089760037506 395
7 1089760037507 56
7 1089760037508 20
7 1089760037509 479
7 1089760037510 56
7 1089760037511 108
7 1089760037512 151
7 1089760037513 12
7 1089760037514 20
7 1089760037515 154
7 1089760037516 37
7 1089760037517 173
7 1089760037518 493
7 1089760037519 42
7 1089760037824 6
7 1089760037825 4
7 1089760037826 4
7 1089760037827 12
7 1089760037828 14
7 1089760037829 155
7 1089760037830 152
7 1089760037831 15
7 1089760037832 10
7 1089760037833 16
7 1089760037834 14
7 1089760037835 12
7 1089760037836 12
7 1089760037837 14
7 1089760037838 8
7 1089760037839 262
7 1089760037888 8
7 1089760037889 4
7 1089760037890 45
7 1089760037891 14
7 1089760037892 6
7 1089760037893 2
7 1089760037894 2
7 1089760037895 8
7 1089760037896 14
7 1089760037897 8
7 1089760037898 562
7 1089760037899 137
7 1089760037900 164
7 1089760037901 12
7 1089760037902 23
7 1089760037903 16
7 1089760037936 15
7 1089760037937 165
7 1089760037938 8
7 1089760037939 10
7 1089760037940 77
7 1089760037941 61
7 1089760037942 8
7 1089760037943 14
7 1089760037944 8
7 1089760037945 106
7 1089760037946 12
7 1089760037947 10
7 1089760037948 127
7 1089760037949 14
7 1089760037950 70
7 1089760037951 8
7 1089760037952 18
7 1089760037953 14
7 1089760037954 72
7 1089760037955 8
7 1089760037956 10
7 1089760037957 2
7 1089760037958 8
7 1089760037959 27
7 1089760037960 4
7 1089760037961 8
7 1089760037962 37
7 1089760037963 6
7 1089760037964 6
7 1089760037965 26
7 1089760037966 131
7 1089760037967 8
7 1089760038448 22
7 1089760038449 40
7 1089760038450 23
7 1089760038451 27
7 1089760038452 8
7 1089760038453 22
7 1089760038454 10
7 1089760038455 38
7 1089760038456 4
7 1089760038457 140
7 1089760038458 10
7 1089760038459 8
7 1089760038460 97
7 1089760038461 55
7 1089760038462 4
7 1089760038463 98
7 1089760039440 824
7 1089760039441 219
7 1089760039442 2
7 1089760039443 259
7 1089760039444 13
7 1089760039445 20
7 1089760039446 14
7 1089760039447 619
7 1089760039448 140
7 1089760039449 36
7 1089760039450 15
7 1089760039451 12
7 1089760039452 29
7 1089760039453 29
7 1089760039454 12
7 1089760039455 498
7 1089760039456 28
7 1089760039457 111
7 1089760039458 25
7 1089760039459 19
7 1089760039460 45
7 1089760039461 21
7 1089760039462 23
7 1089760039463 45
7 1089760039464 164
7 1089760039465 28
7 1089760039466 23
7 1089760039467 43
7 1089760039468 84
7 1089760039469 66
7 1089760039470 28
7 1089760039471 19
7 1089760039472 35
7 1089760039473 161
7 1089760039474 25
7 1089760039475 23
7 1089760039476 78
7 1089760039477 14
7 1089760039478 82
7 1089760039479 193
7 1089760039480 14
7 1089760039481 40
7 1089760039482 29
7 1089760039483 15
7 1089760039484 188
7 1089760039485 23
7 1089760039486 20
7 1089760039487 41
7 1089760039488 221
7 1089760039489 56
7 1089760039490 51
7 1089760040158 32
7 1089760040159 42
7 1089760040160 19
7 1089760040161 40
7 1089760040162 9
7 1089760040163 45
7 1089760040164 30
7 1089760040165 446
7 1089760040166 91
7 1089760040167 26
7 1089760040168 66
7 1089760040169 652
7 1089760040170 113
7 1089760040171 10
7 1089760040172 13
7 1089760040173 34
7 1089760040174 157
7 1089760040175 14
7 1089760040176 169
7 1089760040177 16
7 1089760040178 19
7 1089760040179 38
7 1089760040180 26
7 1089760040181 45
7 1089760040182 36
7 1089760040183 26
7 1089760040184 30
7 1089760040185 132
7 1089760040186 104
7 1089760040187 27
7 1089760040188 265
7 1089760040189 28
7 1089760040190 25
7 1089760040191 81
7 1089760040192 28
7 1089760040193 189
7 1089760040194 18
7 1089760040195 32
7 1089760040196 44
7 1089760040197 34
7 1089760040198 10
7 1089760040199 192
7 1089760040200 24
7 1089760040201 186
7 1089760040202 11
7 1089760040203 12
7 1089760040204 18
7 1089760040869 3
7 1089760040870 23
7 1089760040871 398
7 1089760040872 39
7 1089760040873 47
7 1089760040874 33
7 1089760040875 8
7 1089760040876 169
7 1089760040877 112
7 1089760040878 113
7 1089760040879 249
7 1089760040880 138
7 1089760040881 162
7 1089760040882 33
7 1089760040883 89
7 1089760040884 153
7 1089760040885 167
7 1089760040886 122
7 1089760040887 926
7 1089760040888 567
7 1089760040889 30
7 1089760040890 16
7 1089760040891 37
7 1089760040892 1432
7 1089760040893 9
7 1089760040894 31
7 1089760040895 146
7 1089760040896 59
7 1089760040897 19
7 1089760040898 92
7 1089760040899 351
7 1089760040900 34
7 1089760040901 605
7 1089760040902 28
7 1089760040903 95
7 1089760040904 31
7 1089760040905 116
7 1089760040906 339
7 1089760040907 8
7 1089760040908 22
7 1089760040909 23
7 1089760040910 21
7 1089760040911 24
7 1089760040912 30
7 1089760040913 20
7 1089760040914 79
7 1089760040915 349
7 1089760040916 6
7 1089760041584 72
7 1089760041585 34
7 1089760041586 323
7 1089760041587 164
7 1089760041588 55
7 1089760041589 39
7 1089760041590 23
7 1089760041591 73
7 1089760041592 420
7 1089760041593 9
7 1089760041594 203
7 1089760041595 19
7 1089760041596 105
7 1089760041597 383
7 1089760041598 291
7 1089760041599 13
7 1089760041600 23
7 1089760041601 332
7 1089760041602 40
7 1089760041603 156
7 1089760041604 33
7 1089760041605 43
7 1089760041606 52
7 1089760041607 1053
7 1089760041608 13
7 1089760041609 20
7 1089760041610 28
7 1089760041611 14
7 1089760041612 18
7 1089760041613 18
7 1089760041614 165
7 1089760041615 31
7 1089760041616 114
7 1089760041617 325
7 1089760041618 13
7 1089760041619 297
7 1089760041620 12
7 1089760041621 23
7 1089760041622 12
7 1089760041623 479
7 1089760041624 17
7 1089760041625 37
7 1089760041626 286
7 1089760041627 212
7 1089760041628 27
7 1089760041629 54
7 1089760041630 97
7 1089760041631 7
7 1089760042311 242
7 1089760042312 28
7 1089760042313 212
7 1089760042314 25
7 1089760042315 11
7 1089760042316 10
7 1089760042317 99
7 1089760042318 928
7 1089760042319 13
7 1089760042320 29
7 1089760042321 48
7 1089760042322 23
7 1089760042323 27
7 1089760042324 25
7 1089760042325 152
7 1089760042326 23
7 1089760042327 172
7 1089760042328 24
7 1089760042329 15
7 1089760042330 153
7 1089760042331 391
7 1089760042332 47
7 1089760042333 51
7 1089760042334 211
7 1089760042335 155
7 1089760042336 11
7 1089760042337 18
7 1089760042338 33
7 1089760042339 17
7 1089760042340 15
7 1089760042341 408
7 1089760042342 15
7 1089760042343 17
7 1089760042344 177
7 1089760042345 126
7 1089760042346 66
7 1089760042347 15
7 1089760042348 291
7 1089760042349 299
7 1089760042350 21
7 1089760042351 10
7 1089760042352 56
7 1089760042353 165
7 1089760042354 61
7 1089760042355 112
7 1089760042356 15
7 1089760042357 109
7 1089760042358 95
7 1089760042359 236
7 1089760042360 202
7 1089760042361 5
7 1089760043039 1
7 1089760043040 44
7 1089760043041 113
7 1089760043042 124
7 1089760043043 225
7 1089760043044 68
7 1089760043045 26
7 1089760043046 22
7 1089760043047 25
7 1089760043048 36
7 1089760043049 33
7 1089760043050 40
7 1089760043051 45
7 1089760043052 20
7 1089760043053 57
7 1089760043054 642
7 1089760043055 65
7 1089760043056 47
7 1089760043057 602
7 1089760043058 5
7 1089760043059 20
7 1089760043060 138
7 1089760043061 16
7 1089760043062 23
7 1089760043063 159
7 1089760043064 31
7 1089760043065 34
7 1089760043066 194
7 1089760043067 12
7 1089760043068 96
7 1089760043069 26
7 1089760043070 22
7 1089760043071 65
7 1089760043072 39
7 1089760043073 94
7 1089760043074 20
7 1089760043075 18
7 1089760043076 37
7 1089760043077 15
7 1089760043078 27
7 1089760043079 36
7 1089760043080 64
7 1089760043081 509
7 1089760043082 15
7 1089760043083 16
7 1089760043084 16
7 1089760043085 13
7 1089760043086 25
7 1089760043087 173
7 1089760043088 119
7 1089760044094 13
7 1089760044095 326
7 1089760044096 43
7 1089760044097 33
7 1089760044098 7
7 1089760044099 231
7 1089760044100 40
7 1089760044101 69
7 1089760044102 103
7 1089760044103 14
7 1089760044104 36
7 1089760044105 126
7 1089760044106 218
7 1089760044107 42
7 1089760044108 75
7 1089760044109 45
7 1089760044110 19
7 1089760044111 122
7 1089760044112 38
7 1089760044113 27
7 1089760044114 15
7 1089760044115 26
7 1089760044116 19
7 1089760044117 40
7 1089760044118 65
7 1089760044119 24
7 1089760044120 58
7 1089760044121 22
7 1089760044122 194
7 1089760044123 23
7 1089760044124 149
7 1089760044125 39
7 1089760044126 11
7 1089760044127 20
7 1089760044128 39
7 1089760044129 24
7 1089760044130 50
7 1089760044131 9
7 1089760044132 19
7 1089760044133 20
7 1089760044134 22
7 1089760044135 25
7 1089760044136 17
7 1089760044137 19
7 1089760044138 18
7 1089760044139 126
7 1089760044528 3
7 1089760044529 717
7 1089760044530 31
7 1089760044531 24
7 1089760044532 18
7 1089760044533 110
7 1089760044534 297
7 1089760044535 16
7 1089760044536 92
7 1089760044537 20
7 1089760044538 18
7 1089760044539 24
7 1089760044540 9
7 1089760044541 23
7 1089760044542 30
7 1089760044543 33
7 1089760044544 193
7 1089760044545 26
7 1089760044546 66
7 1089760044547 86
7 1089760044548 6
7 1089760044549 19
7 1089760044550 19
7 1089760044551 26
7 1089760044552 444
7 1089760044553 10
7 1089760044554 8
7 1089760044555 20
7 1089760044556 24
7 1089760044557 19
7 1089760044558 327
7 1089760044559 379
7 1089760044560 20
7 1089760044561 27
7 1089760044562 38
7 1089760044563 24
7 1089760044564 75
7 1089760044565 31
7 1089760044566 32
7 1089760044567 194
7 1089760044568 80
7 1089760044569 14
7 1089760044570 18
7 1089760044571 27
7 1089760044572 12
7 1089760044573 39
7 1089760044574 148
7 1089760044575 35
7 1089760044576 14
7 1089760044577 9
7 1089760045298 6
7 1089760045299 324
7 1089760045300 20
7 1089760045301 29
7 1089760045302 54
7 1089760045303 150
7 1089760045304 329
7 1089760045305 132
7 1089760045306 18
7 1089760045307 18
7 1089760045308 79
7 1089760045309 30
7 1089760045310 154
7 1089760045311 388
7 1089760045312 19
7 1089760045313 21
7 1089760045314 16
7 1089760045315 192
7 1089760045316 132
7 1089760045317 15
7 1089760045318 69
7 1089760045319 21
7 1089760045320 49
7 1089760045321 17
7 1089760045322 20
7 1089760045323 53
7 1089760045324 43
7 1089760045325 55
7 1089760045326 19
7 1089760045327 11
7 1089760045328 28
7 1089760045329 207
7 1089760045330 10
7 1089760045331 12
7 1089760045332 42
7 1089760045333 35
7 1089760045334 154
7 1089760045335 43
7 1089760045336 10
7 1089760045337 33
7 1089760045338 85
7 1089760045339 23
7 1089760045340 27
7 1089760045341 171
7 1089760045342 20
7 1089760045343 86
7 1089760045344 35
7 1089760045345 13
7 1089760045346 49
7 1089760045347 388
7 1089760045540 13
7 1089760045541 260
7 1089760045542 16
7 1089760045543 24
7 1089760045544 25
7 1089760045545 21
7 1089760045546 21
7 1089760045547 188
7 1089760045548 15
7 1089760045549 43
7 1089760045550 473
7 1089760045551 265
7 1089760045552 26
7 1089760045553 8
7 1089760045554 16
7 1089760045555 336
7 1089760045556 1
7 1089760045557 19
7 1089760045558 762
7 1089760045559 19
7 1089760045560 30
7 1089760045561 11
7 1089760045562 177
7 1089760045563 63
7 1089760045564 22
7 1089760045565 24
7 1089760045566 175
7 1089760045567 25
7 1089760045568 110
7 1089760045569 14
7 1089760045570 25
7 1089760045571 23
7 1089760045572 82
7 1089760045573 51
7 1089760045574 25
7 1089760045575 22
7 1089760045576 17
7 1089760045577 20
7 1089760045578 162
7 1089760045579 13
7 1089760045580 151
7 1089760045581 152
7 1089760045582 119
7 1089760045583 48
7 1089760045584 153
7 1089760045585 324
7 1089760045586 134
7 1089760045587 17
7 1089760045588 11
7 1089760046356 4
7 1089760046357 21
7 1089760046358 100
7 1089760046359 21
7 1089760046360 21
7 1089760046361 29
7 1089760046362 25
7 1089760046363 8
7 1089760046364 78
7 1089760046365 18
7 1089760046366 24
7 1089760046367 42
7 1089760046368 96
7 1089760046369 138
7 1089760046370 29
7 1089760046371 194
7 1089760046372 79
7 1089760046373 30
7 1089760046374 20
7 1089760046375 17
7 1089760046376 197
7 1089760046377 370
7 1089760046378 38
7 1089760046379 24
7 1089760046380 51
7 1089760046381 23
7 1089760046382 7
7 1089760046383 37
7 1089760046384 82
7 1089760046385 29
7 1089760046386 5
7 1089760046387 30
7 1089760046388 18
7 1089760046389 194
7 1089760046390 69
7 1089760046391 37
7 1089760046392 16
7 1089760046393 164
7 1089760046394 28
7 1089760046395 16
7 1089760046396 12
7 1089760046397 180
7 1089760046398 291
7 1089760046399 54
7 1089760046400 155
7 1089760046401 303
7 1089760046402 5
7 1089760046982 191
7 1089760046983 18
7 1089760046984 16
7 1089760046985 37
7 1089760046986 15
7 1089760046987 134
7 1089760046988 41
7 1089760046989 175
7 1089760046990 23
7 1089760046991 149
7 1089760046992 216
7 1089760046993 145
7 1089760046994 822
7 1089760046995 5
7 1089760046996 20
7 1089760046997 15
7 1089760046998 16
7 1089760046999 166
7 1089760047000 428
7 1089760047001 232
7 1089760047002 152
7 1089760047003 33
7 1089760047004 425
7 1089760047005 77
7 1089760047006 210
7 1089760047007 16
7 1089760047008 31
7 1089760047009 23
7 1089760047010 93
7 1089760047011 148
7 1089760047012 7
7 1089760047013 20
7 1089760047014 134
7 1089760047015 13
7 1089760047016 172
7 1089760047017 13
7 1089760047018 278
7 1089760047019 57
7 1089760047020 30
7 1089760047021 366
7 1089760047022 25
7 1089760047023 458
7 1089760047024 590
7 1089760047025 232
7 1089760047026 26
7 1089760047027 17
7 1089760047028 520
7 1089760047029 16
7 1089760047030 327
7 1089760047031 218
7 1089760047032 10
7 1089760047947 132
7 1089760047948 8
7 1089760047949 12
7 1089760047950 6
7 1089760047951 143
7 1089760047953 28
7 1089760047956 86
7 1089760047958 58
7 1089760047959 12
7 1089760047960 13
7 1089760047962 14
7 1089760047963 2
7 1089760047964 6
7 1089760047965 20
7 1089760047966 5
7 1089760047967 8
7 1089760047968 9
7 1089760047972 3
7 1089760047973 20
7 1089760047974 16
7 1089760047975 10
7 1089760047976 87
7 1089760047977 86
7 1089760047978 26
7 1089760047979 13
7 1089760047980 16
7 1089760047981 7
7 1089760047982 4
7 1089760047983 28
7 1089760047984 10
7 1089760047985 97
7 1089760047986 28
7 1089760047988 9
7 1089760047989 120
7 1089760047991 22
7 1089760047992 7
7 1089760047994 20
7 1089760048139 16
7 1089760048141 13
7 1089760048142 7
7 1089760048143 1
7 1089760048144 325
7 1089760048145 10
7 1089760048146 10
7 1089760048147 151
7 1089760048148 5
7 1089760048149 12
7 1089760048150 3
7 1089760048151 129
7 1089760048152 5
7 1089760048153 5
7 1089760048156 5
7 1089760048157 2
7 1089760048158 5
7 1089760048159 7
7 1089760048160 18
7 1089760048162 136
7 1089760048163 74
7 1089760048164 13
7 1089760048165 19
7 1089760048166 12
7 1089760048168 11
7 1089760048170 18
7 1089760048173 2
7 1089760048174 1401
7 1089760048175 24
7 1089760048176 3
7 1089760048177 8
7 1089760048179 3
7 1089760048180 14
7 1089760048181 14
7 1089760048182 89
7 1089760048183 20
7 1089760048184 12
7 1089760048185 10
7 1089760048186 4
7 1089760048284 11
7 1089760048285 8
7 1089760048286 15
7 1089760048287 10
7 1089760048288 8
7 1089760048289 6
7 1089760048290 18
7 1089760048291 11
7 1089760048292 22
7 1089760048293 5
7 1089760048294 7
7 1089760048295 4
7 1089760048296 78
7 1089760048297 5
7 1089760048298 27
7 1089760048299 15
7 1089760048300 10
7 1089760048302 7
7 1089760048303 10
7 1089760048304 46
7 1089760048305 93
7 1089760048307 9
7 1089760048308 41
7 1089760048309 2
7 1089760048310 3
7 1089760048311 459
7 1089760048313 5
7 1089760048314 15
7 1089760048315 471
7 1089760048316 2
7 1089760048317 115
7 1089760048318 2
7 1089760048319 8
7 1089760048320 205
7 1089760048321 13
7 1089760048322 173
7 1089760048323 14
7 1089760048324 6
7 1089760048325 41
7 1089760048326 73
7 1089760048329 10
7 1089760048330 5
7 1089760048331 5
7 1089760048332 16
7 1089760048333 291
7 1089760048335 9
7 1089760048336 128
7 1089760048337 7
7 1089760048338 4
7 1089760048340 96
7 1089760048341 63
7 1089760048342 28
7 1089760048343 5
7 1089760048344 3
7 1089760048347 6
7 1089760048348 7
7 1089760048349 4
7 1089760048350 6
7 1089760048352 6
7 1089760048354 11
7 1089760048355 46
7 1089760048357 8
7 1089760048358 7
7 1089760048359 8
7 1089760048361 11
7 1089760048362 123
7 1089760048363 13
7 1089760048365 13
7 1089760048366 54
7 1089760048368 42
7 1089760048369 117
7 1089760048370 67
7 1089760048371 30
7 1089760048372 20
7 1089760048373 2
7 1089760048374 6
7 1089760048375 10
7 1089760048376 3
7 1089760049813 16
7 1089760049814 10
7 1089760049815 5
7 1089760049816 10
7 1089760049817 33
7 1089760049818 7
7 1089760049819 22
7 1089760049820 31
7 1089760049821 32
7 1089760049822 59
7 1089760049823 10
7 1089760049824 12
7 1089760049825 14
7 1089760049826 1
7 1089760049827 18
7 1089760049828 13
7 1089760049829 7
7 1089760049830 25
7 1089760049831 68
7 1089760049832 10
7 1089760049833 4
7 1089760049834 8
7 1089760049835 9
7 1089760049836 3
7 1089760049838 6
7 1089760049839 7
7 1089760049840 16
7 1089760049841 7
7 1089760049842 12
7 1089760049844 5
7 1089760049846 97
7 1089760049847 43
7 1089760049848 5
7 1089760049850 4
7 1089760049851 9
7 1089760049852 11
7 1089760049853 14
7 1089760049854 4
7 1089760049856 160
7 1089760049857 14
7 1089760049858 5
7 1089760049859 56
7 1089760049860 7
7 1089760051222 4
7 1089760051223 4
7 1089760051252 4
7 1089760051253 4
7 1089760051282 4
7 1089760051283 4
7 1089760051312 4
7 1089760051313 4
7 1089760051342 4
7 1089760051343 4
7 1089760051372 4
7 1089760051373 4
7 1089760051416 4
7 1089760051417 4
7 1089760051434 4
7 1089760051435 4
7 1089760051466 4
7 1089760051467 4
7 1089760051476 35
7 1089760051477 4
7 1089760051510 5
7 1089760051511 19
7 1089760051536 4
7 1089760051537 4
7 1089760051576 4
7 1089760051577 4
7 1089760051584 4
7 1089760051585 4
7 1089760051590 4
7 1089760051591 78
7 1089760051592 51
7 1089760051593 4
7 1089760051654 4
7 1089760051655 15
7 1089760051712 32
7 1089760051713 36
7 1089760051714 208
7 1089760051715 79
7 1089760051716 19
7 1089760051717 131
7 1089760051718 1243
7 1089760051719 52
7 1089760051720 37
7 1089760051721 299
7 1089760051722 106
7 1089760051723 242
7 1089760051724 109
7 1089760051725 39
7 1089760051726 19
7 1089760051727 35
7 1089760051728 336
7 1089760051729 63
7 1089760051730 55
7 1089760051731 75
7 1089760051732 43
7 1089760051733 95
7 1089760051734 149
7 1089760051735 44
7 1089760051736 229
7 1089760051737 96
7 1089760051738 153
7 1089760051739 166
7 1089760051740 61
7 1089760051741 38
7 1089760051742 773
7 1089760051743 123
7 1089760051744 92
7 1089760051745 19
7 1089760051746 176
7 1089760051747 148
7 1089760051748 206
7 1089760051749 222
7 1089760051750 537
7 1089760051751 25
7 1089760051752 803
7 1089760051753 363
7 1089760051754 209
7 1089760051755 38
7 1089760051756 31
7 1089760051757 37
7 1089760051758 26
7 1089760051759 119
7 1089760051760 384
7 1089760051761 31
7 1089760051762 36
7 1089760051763 41
7 1089760051764 48
7 1089760051765 28
7 1089760051766 252
7 1089760051767 46
7 1089760051768 66
7 1089760051769 317
7 1089760051770 24
7 1089760051771 336
7 1089760051772 40
7 1089760051773 155
7 1089760051774 49
7 1089760051775 39
7 1089760051776 24
7 1089760051777 24
7 1089760051778 173
7 1089760051779 27
7 1089760051780 25
7 1089760051781 24
7 1089760051782 60
7 1089760051783 85
7 1089760051784 26
7 1089760051785 26
7 1089760051786 35
7 1089760051787 271
7 1089760051788 40
7 1089760051789 341
7 1089760051790 95
7 1089760051791 693
7 1089760051792 120
7 1089760051793 78
7 1089760051794 63
7 1089760051795 38
7 1089760051796 30
7 1089760051797 38
7 1089760051798 168
7 1089760051799 61
7 1089760051800 73
7 1089760051801 166
7 1089760051802 34
7 1089760051803 107
7 1089760051804 31
7 1089760051805 190
7 1089760051806 46
7 1089760051807 156
7 1089760051808 25
7 1089760051809 245
7 1089760051810 334
7 1089760051811 67
7 1089760051812 89
7 1089760051813 22
7 1089760051814 41
7 1089760051815 22
7 1089760051816 96
7 1089760051817 18
7 1089760051818 74
7 1089760051819 34
7 1089760051820 37
7 1089760051821 236
7 1089760051822 33
7 1089760051823 53
7 1089760051824 119
7 1089760051825 1073
7 1089760051826 18
7 1089760051827 251
7 1089760051828 66
7 1089760051829 674
7 1089760051830 272
7 1089760051831 244
7 1089760051832 169
7 1089760051833 154
7 1089760051834 130
7 1089760051835 241
7 1089760051836 118
7 1089760051837 205
7 1089760051838 131
7 1089760051839 36
7 1089760051840 60
7 1089760051841 70
7 1089760051842 244
7 1089760051843 235
7 1089760051844 25
7 1089760051845 100
7 1089760051846 144
7 1089760051847 144
7 1089760051848 30
7 1089760051849 40
7 1089760051850 89
7 1089760051851 32
7 1089760051852 149
7 1089760051853 220
7 1089760051854 120
7 1089760051855 42
7 1089760051856 52
7 1089760051857 234
7 1089760051858 287
7 1089760051859 222
7 1089760051860 450
7 1089760051861 150
7 1089760051862 41
7 1089760051863 271
7 1089760051864 21
7 1089760051865 56
7 1089760051866 17
7 1089760051867 69
7 1089760051868 51
7 1089760051869 268
7 1089760051870 37
7 1089760051871 177
7 1089760051872 266
7 1089760051873 40
7 1089760051874 121
7 1089760051875 351
7 1089760051876 67
7 1089760051877 61
7 1089760051878 15
7 1089760051879 32
7 1089760051880 34
7 1089760051881 52
7 1089760051882 33
7 1089760051883 107
7 1089760051884 32
7 1089760051885 85
7 1089760051886 41
7 1089760051887 33
7 1089760051888 97
7 1089760051889 24
7 1089760051890 108
7 1089760051891 82
7 1089760051892 121
7 1089760051893 32
7 1089760051894 432
7 1089760051895 157
7 1089760051896 377
7 1089760051897 23
7 1089760051898 71
7 1089760051899 17
7 1089760051900 84
7 1089760051901 30
7 1089760051902 1172
7 1089760051903 178
7 1089760051904 27
7 1089760051905 150
7 1089760051906 572
7 1089760051907 23
7 1089760051908 107
7 1089760051909 48
7 1089760051910 199
7 1089760051911 46
7 1089760051912 464
7 1089760051913 453
7 1089760051914 41
7 1089760051915 227
7 1089760051916 82
7 1089760051917 51
7 1089760051918 1149
7 1089760051919 82
7 1089760051920 35
7 1089760051921 196
7 1089760051922 398
7 1089760051923 47
7 1089760051924 247
7 1089760051925 251
7 1089760051926 19
7 1089760051927 54
7 1089760051928 141
7 1089760051929 28
7 1089760051930 174
7 1089760051931 171
7 1089760051932 26
7 1089760051933 85
7 1089760051934 184
7 1089760051935 223
7 1089760051936 327
7 1089760051937 238
7 1089760051938 111
7 1089760051939 196
7 1089760051940 162
7 1089760051941 39
7 1089760051942 256
7 1089760051943 91
7 1089760051944 35
7 1089760051945 95
7 1089760051946 163
7 1089760051947 34
7 1089760051948 395
7 1089760051949 31
7 1089760051950 27
7 1089760051951 139
7 1089760051952 136
7 1089760051953 37
7 1089760051954 185
7 1089760051955 71
7 1089760051956 214
7 1089760051957 156
7 1089760051958 51
7 1089760051959 415
7 1089760051960 165
7 1089760051961 59
7 1089760051962 39
7 1089760051963 292
7 1089760051964 31
7 1089760051965 202
7 1089760051966 75
7 1089760051967 31
7 1089760051968 145
7 1089760051969 57
7 1089760051970 32
7 1089760051971 247
7 1089760051972 29
7 1089760051973 197
7 1089760051974 50
7 1089760051975 378
7 1089760051976 85
7 1089760051977 107
7 1089760051978 73
7 1089760051979 440
7 1089760051980 36
7 1089760051981 23
7 1089760051982 31
7 1089760051983 143
7 1089760051984 143
7 1089760051985 243
7 1089760051986 33
7 1089760051987 612
7 1089760051988 101
7 1089760051989 29
7 1089760051990 27
7 1089760051991 25
7 1089760051992 81
7 1089760051993 51
7 1089760051994 201
7 1089760051995 97
7 1089760051996 37
7 1089760051997 66
7 1089760051998 22
7 1089760051999 42
7 1089760052000 27
7 1089760052001 40
7 1089760052002 248
7 1089760052003 79
7 1089760052004 101
7 1089760052005 139
7 1089760052006 22
7 1089760052007 64
7 1089760052008 32
7 1089760052009 852
7 1089760052010 141
7 1089760052011 61
7 1089760052012 81
7 1089760052013 222
7 1089760052014 168
7 1089760052015 599
7 1089760052016 29
7 1089760052017 785
7 1089760052018 114
7 1089760052019 345
7 1089760052020 47
7 1089760052021 33
7 1089760052022 427
7 1089760052023 21
7 1089760052024 36
7 1089760052025 27
7 1089760052026 233
7 1089760052027 23
7 1089760052028 48
7 1089760052029 121
7 1089760052030 800
7 1089760052031 225
7 1089760052032 398
7 1089760052033 187
7 1089760052034 58
7 1089760052035 47
7 1089760052036 36
7 1089760052037 46
7 1089760052038 717
7 1089760052039 25
7 1089760052040 35
7 1089760052041 839
7 1089760052042 21
7 1089760052043 81
7 1089760052044 87
7 1089760052045 210
7 1089760052046 78
7 1089760052047 161
7 1089760052048 266
7 1089760052049 304
7 1089760052050 343
7 1089760052051 29
7 1089760052052 44
7 1089760052053 356
7 1089760052054 61
7 1089760052055 134
7 1089760052056 140
7 1089760052057 33
7 1089760052058 16
7 1089760052059 95
7 1089760052060 53
7 1089760052061 36
7 1089760052062 226
7 1089760052063 104
7 1089760052064 123
7 1089760052065 51
7 1089760052066 25
7 1089760052067 33
7 1089760052068 274
7 1089760052069 46
7 1089760052070 908
7 1089760052071 52
7 1089760052072 46
7 1089760052073 46
7 1089760052074 240
7 1089760052075 30
7 1089760052076 218
7 1089760052077 516
7 1089760052078 111
7 1089760052079 226
7 1089760052080 94
7 1089760052081 164
7 1089760052082 187
7 1089760052083 45
7 1089760052084 29
7 1089760052085 124
7 1089760052086 30
7 1089760052087 41
7 1089760052088 206
7 1089760052089 41
7 1089760052090 32
7 1089760052091 496
7 1089760052092 166
7 1089760052093 30
7 1089760052094 110
7 1089760052095 142
7 1089760052096 41
7 1089760052097 23
7 1089760052098 170
7 1089760052099 65
7 1089760052100 292
7 1089760052101 30
7 1089760052102 134
7 1089760052103 402
7 1089760052104 93
7 1089760052105 783
7 1089760052106 262
7 1089760052107 1278
7 1089760052108 25
7 1089760052109 38
7 1089760052110 348
7 1089760052111 63
7 1089760052112 32
7 1089760052113 216
7 1089760052114 32
7 1089760052115 233
7 1089760052116 43
7 1089760052117 42
7 1089760052118 268
7 1089760052119 114
7 1089760052120 24
7 1089760052121 31
7 1089760052122 178
7 1089760052123 64
7 1089760052124 67
7 1089760052125 31
7 1089760052126 509
7 1089760052127 107
7 1089760052128 181
7 1089760052129 106
7 1089760052130 31
7 1089760052131 245
7 1089760052132 177
7 1089760052133 33
7 1089760052134 134
7 1089760052135 29
7 1089760052136 40
7 1089760052137 56
7 1089760052138 33
7 1089760052139 224
7 1089760052140 50
7 1089760052141 103
7 1089760052142 41
7 1089760052143 37
7 1089760052144 229
7 1089760052145 199
7 1089760052146 240
7 1089760052147 40
7 1089760052148 71
7 1089760052149 190
7 1089760052150 221
7 1089760052151 41
7 1089760052152 38
7 1089760052153 25
7 1089760052154 57
7 1089760052155 38
7 1089760052156 165
7 1089760052157 33
7 1089760052158 30
7 1089760052159 131
7 1089760052160 179
7 1089760052161 189
7 1089760052162 371
7 1089760052163 31
7 1089760052164 36
7 1089760052165 69
7 1089760052166 29
7 1089760052167 23
7 1089760052168 52
7 1089760052169 179
7 1089760052170 43
7 1089760052171 511
7 1089760052172 583
7 1089760052173 51
7 1089760052174 45
7 1089760052175 463
7 1089760052176 29
7 1089760052177 90
7 1089760052178 203
7 1089760052179 339
7 1089760052180 454
7 1089760052181 27
7 1089760052182 470
7 1089760052183 17
7 1089760052184 24
7 1089760052185 60
7 1089760052186 24
7 1089760052187 27
7 1089760052188 434
7 1089760052189 23
7 1089760052190 40
7 1089760052191 730
7 1089760052192 448
7 1089760052193 20
7 1089760052194 65
7 1089760052195 141
7 1089760052196 125
7 1089760052197 148
7 1089760052198 188
7 1089760052199 105
7 1089760052200 166
7 1089760052201 284
7 1089760052202 263
7 1089760052203 36
7 1089760052204 48
7 1089760052205 42
7 1089760052206 197
7 1089760052207 148
7 1089760052208 207
7 1089760052209 35
7 1089760052210 65
7 1089760052211 176
7 1089760052212 166
7 1089760052213 57
7 1089760052214 242
7 1089760052215 530
7 1089760052216 26
7 1089760052217 146
7 1089760052218 24
7 1089760052219 22
7 1089760052220 50
7 1089760052221 165
7 1089760052222 125
7 1089760052223 256
7 1089760052312 25
7 1089760052313 19
7 1089760052314 16
7 1089760052315 417
7 1089760052316 127
7 1089760052317 91
7 1089760052318 12
7 1089760052319 14
7 1089760052432 588
7 1089760052433 74
7 1089760052434 13
7 1089760052435 12
7 1089760052436 51
7 1089760052437 31
7 1089760052438 34
7 1089760052439 262
7 1089760052552 47
7 1089760052553 552
7 1089760052554 41
7 1089760052555 193
7 1089760052556 98
7 1089760052557 58
7 1089760052558 31
7 1089760052559 12
7 1089760052672 156
7 1089760052673 93
7 1089760052674 30
7 1089760052675 49
7 1089760052676 25
7 1089760052677 19
7 1089760052678 54
7 1089760052679 15
7 1089760052792 105
7 1089760052793 35
7 1089760052794 115
7 1089760052795 109
7 1089760052796 17
7 1089760052797 51
7 1089760052798 56
7 1089760052799 246
7 1089760052912 19
7 1089760052913 17
7 1089760052914 14
7 1089760052915 19
7 1089760052916 331
7 1089760052917 70
7 1089760052918 16
7 1089760052919 14
7 1089760053088 16
7 1089760053089 13
7 1089760053090 12
7 1089760053091 231
7 1089760053092 15
7 1089760053093 12
7 1089760053094 14
7 1089760053095 172
7 1089760053160 11
7 1089760053161 14
7 1089760053162 19
7 1089760053163 11
7 1089760053164 18
7 1089760053165 17
7 1089760053166 22
7 1089760053167 233
7 1089760053288 101
7 1089760053289 15
7 1089760053290 47
7 1089760053291 100
7 1089760053292 202
7 1089760053293 94
7 1089760053294 19
7 1089760053295 44
7 1089760053328 15
7 1089760053329 273
7 1089760053330 14
7 1089760053331 415
7 1089760053332 11
7 1089760053333 100
7 1089760053334 17
7 1089760053335 17
7 1089760053464 17
7 1089760053465 108
7 1089760053466 78
7 1089760053467 18
7 1089760053468 181
7 1089760053469 11
7 1089760053470 8
7 1089760053471 17
7 1089760053568 33
7 1089760053569 169
7 1089760053570 16
7 1089760053571 21
7 1089760053572 12
7 1089760053573 67
7 1089760053574 15
7 1089760053575 12
7 1089760053729 3
7 1089760053730 183
7 1089760053731 4
7 1089760053732 4
7 1089760053733 5
7 1089760053734 8
7 1089760053735 4
7 1089760053760 1
7 1089760053761 6
7 1089760053762 17
7 1089760053763 1
7 1089760053764 4
7 1089760053765 44
7 1089760053766 6
7 1089760053767 10
7 1089760053784 29
7 1089760053785 3
7 1089760053786 5
7 1089760053787 5
7 1089760053788 3
7 1089760053789 6
7 1089760053790 5
7 1089760053791 3
7 1089760053792 265
7 1089760053793 3
7 1089760053794 245
7 1089760053795 4
7 1089760053796 2
7 1089760053797 2
7 1089760053798 5
7 1089760053799 3
7 1089760054040 7
7 1089760054041 5
7 1089760054042 2
7 1089760054043 2
7 1089760054044 6
7 1089760054045 2
7 1089760054046 3
7 1089760054047 3
8 1089760034960 2
8 1089760034962 4
8 1089760034964 4
8 1089760034965 2
8 1089760034967 2
8 1089760034968 6
8 1089760034969 4
8 1089760034971 2
8 1089760034972 2
8 1089760034974 4
8 1089760035200 6
8 1089760035201 2
8 1089760035202 2
8 1089760035203 2
8 1089760035204 2
8 1089760035205 2
8 1089760035206 4
8 1089760035207 2
8 1089760035208 6
8 1089760035209 2
8 1089760035210 4
8 1089760035211 2
8 1089760035212 4
8 1089760035213 4
8 1089760035214 2
8 1089760035215 301
8 1089760035440 4
8 1089760035441 2
8 1089760035443 172
8 1089760035444 6
8 1089760035445 4
8 1089760035447 2
8 1089760035448 15
8 1089760035449 2
8 1089760035450 6
8 1089760035451 8
8 1089760035452 6
8 1089760035453 6
8 1089760035454 6
8 1089760035680 4
8 1089760035681 2
8 1089760035682 4
8 1089760035683 2
8 1089760035684 6
8 1089760035685 4
8 1089760035686 4
8 1089760035688 2
8 1089760035689 4
8 1089760035690 2
8 1089760035691 8
8 1089760035695 2
8 1089760035920 2
8 1089760035922 2
8 1089760035923 6
8 1089760035924 2
8 1089760035925 2
8 1089760035927 8
8 1089760035928 4
8 1089760035929 4
8 1089760035930 4
8 1089760035931 4
8 1089760035932 2
8 1089760035933 2
8 1089760035934 4
8 1089760035935 4
8 1089760036160 2
8 1089760036161 2
8 1089760036162 2
8 1089760036163 2
8 1089760036165 8
8 1089760036168 2
8 1089760036169 2
8 1089760036171 2
8 1089760036173 6
8 1089760036174 2
8 1089760036175 2
8 1089760036320 4
8 1089760036322 4
8 1089760036323 2
8 1089760036324 2
8 1089760036325 2
8 1089760036326 4
8 1089760036327 6
8 1089760036328 6
8 1089760036329 4
8 1089760036330 4
8 1089760036331 4
8 1089760036332 4
8 1089760036333 6
8 1089760036334 2
8 1089760036335 2
8 1089760036592 2
8 1089760036593 2
8 1089760036596 2
8 1089760036597 2
8 1089760036599 4
8 1089760036600 4
8 1089760036602 2
8 1089760036603 2
8 1089760036604 4
8 1089760036605 6
8 1089760036607 2
8 1089760036816 4
8 1089760036817 2
8 1089760036818 6
8 1089760036819 2
8 1089760036820 2
8 1089760036821 4
8 1089760036822 2
8 1089760036825 2
8 1089760036827 6
8 1089760036828 6
8 1089760036829 2
8 1089760036830 2
8 1089760036831 2
8 1089760037136 2
8 1089760037138 4
8 1089760037139 2
8 1089760037142 6
8 1089760037143 4
8 1089760037144 8
8 1089760037146 4
8 1089760037147 4
8 1089760037148 2
8 1089760037149 4
8 1089760037150 2
8 1089760037151 4
8 1089760037248 6
8 1089760037249 4
8 1089760037251 6
8 1089760037253 2
8 1089760037254 2
8 1089760037255 4
8 1089760037256 6
8 1089760037258 2
8 1089760037259 4
8 1089760037260 2
8 1089760037261 6
8 1089760037262 2
8 1089760037263 2
8 1089760037632 2
8 1089760037634 6
8 1089760037635 4
8 1089760037638 2
8 1089760037639 2
8 1089760037640 4
8 1089760037641 2
8 1089760037642 2
8 1089760037643 4
8 1089760037644 4
8 1089760037645 2
8 1089760037647 8
8 1089760037700 2
8 1089760037711 2
8 1089760038471 2
8 1089760038476 2
8 1089760038856 2
8 1089760038896 2
8 1089760038907 2
8 1089760039342 7
8 1089760039350 11
8 1089760039356 4
8 1089760039357 6
8 1089760039359 6
8 1089760039366 6
8 1089760039367 2
8 1089760039368 4
8 1089760039369 2
8 1089760039375 4
8 1089760039380 10
8 1089760039386 7
8 1089760039387 4
8 1089760040063 5
8 1089760040064 4
8 1089760040065 6
8 1089760040068 7
8 1089760040069 3
8 1089760040073 7
8 1089760040074 3
8 1089760040077 2
8 1089760040081 3
8 1089760040082 3
8 1089760040083 4
8 1089760040086 8
8 1089760040088 8
8 1089760040089 94
8 1089760040090 3
8 1089760040091 2
8 1089760040093 1
8 1089760040095 6
8 1089760040097 3
8 1089760040098 1
8 1089760040100 3
8 1089760040102 9
8 1089760040103 2
8 1089760040104 3
8 1089760040105 7
8 1089760040110 7
8 1089760040111 1
8 1089760040776 3
8 1089760040777 4
8 1089760040778 3
8 1089760040786 7
8 1089760040788 5
8 1089760040789 3
8 1089760040790 4
8 1089760040792 4
8 1089760040797 3
8 1089760040799 2
8 1089760040800 36
8 1089760040803 7
8 1089760040805 7
8 1089760040807 11
8 1089760040808 3
8 1089760040809 10
8 1089760040810 5
8 1089760040811 3
8 1089760040812 7
8 1089760040813 8
8 1089760040814 6
8 1089760040815 1
8 1089760040816 3
8 1089760040817 4
8 1089760040818 5
8 1089760041486 1
8 1089760041489 3
8 1089760041490 5
8 1089760041491 1
8 1089760041493 3
8 1089760041495 3
8 1089760041496 8
8 1089760041500 126
8 1089760041501 1
8 1089760041502 29
8 1089760041503 13
8 1089760041504 24
8 1089760041506 6
8 1089760041507 7
8 1089760041513 1
8 1089760041514 51
8 1089760041516 3
8 1089760041519 12
8 1089760041520 3
8 1089760041521 9
8 1089760041522 9
8 1089760041534 3
8 1089760042215 6
8 1089760042221 3
8 1089760042222 5
8 1089760042223 4
8 1089760042224 1
8 1089760042225 8
8 1089760042226 160
8 1089760042227 2
8 1089760042228 5
8 1089760042234 3
8 1089760042235 6
8 1089760042236 5
8 1089760042237 5
8 1089760042238 128
8 1089760042240 4
8 1089760042241 8
8 1089760042243 11
8 1089760042246 6
8 1089760042249 3
8 1089760042252 1
8 1089760042255 11
8 1089760042257 6
8 1089760042258 152
8 1089760042945 1
8 1089760042947 46
8 1089760042948 1
8 1089760042949 4
8 1089760042954 2
8 1089760042959 4
8 1089760042960 1
8 1089760042968 5
8 1089760042971 3
8 1089760042972 4
8 1089760042979 3
8 1089760042982 1
8 1089760042983 9
8 1089760042984 5
8 1089760042986 5
8 1089760042990 83
8 1089760043421 2
8 1089760043422 3
8 1089760043428 5
8 1089760043431 4
8 1089760043436 5
8 1089760043439 5
8 1089760043441 5
8 1089760043442 4
8 1089760043444 3
8 1089760043445 11
8 1089760043446 5
8 1089760043448 3
8 1089760043449 4
8 1089760043450 2
8 1089760043451 3
8 1089760043453 3
8 1089760043454 23
8 1089760043456 4
8 1089760043458 4
8 1089760043459 6
8 1089760043460 1
8 1089760043461 11
8 1089760043462 3
8 1089760043464 4
8 1089760043468 2
8 1089760044237 4
8 1089760044241 5
8 1089760044250 7
8 1089760044253 8
8 1089760044254 5
8 1089760044259 7
8 1089760044260 1
8 1089760044262 4
8 1089760044263 4
8 1089760044268 1
8 1089760044269 4
8 1089760044271 32
8 1089760044273 6
8 1089760044275 2
8 1089760044276 7
8 1089760044278 5
8 1089760044282 4
8 1089760044916 3
8 1089760044917 5
8 1089760044922 6
8 1089760044923 9
8 1089760044924 4
8 1089760044926 3
8 1089760044928 3
8 1089760044932 3
8 1089760044933 6
8 1089760044935 3
8 1089760044936 2
8 1089760044947 7
8 1089760044951 9
8 1089760044952 2
8 1089760044953 5
8 1089760044954 5
8 1089760044955 9
8 1089760044957 1
8 1089760044958 8
8 1089760044963 7
8 1089760045878 3
8 1089760045882 3
8 1089760045883 5
8 1089760045884 7
8 1089760045887 1
8 1089760045895 3
8 1089760045896 7
8 1089760045898 4
8 1089760045900 4
8 1089760045903 6
8 1089760045904 5
8 1089760045907 2
8 1089760045908 2
8 1089760045909 1
8 1089760045910 4
8 1089760045912 6
8 1089760045913 2
8 1089760045916 3
8 1089760045917 3
8 1089760045920 6
8 1089760045923 5
8 1089760045924 5
8 1089760046212 11
8 1089760046213 4
8 1089760046214 3
8 1089760046216 3
8 1089760046221 6
8 1089760046223 12
8 1089760046229 4
8 1089760046230 8
8 1089760046233 5
8 1089760046235 6
8 1089760046236 10
8 1089760046237 4
8 1089760046243 3
8 1089760046245 4
8 1089760046247 7
8 1089760046248 6
8 1089760046251 9
8 1089760046253 2
8 1089760046254 6
8 1089760046256 39
8 1089760047370 6
8 1089760047374 4
8 1089760047375 5
8 1089760047376 5
8 1089760047378 7
8 1089760047388 4
8 1089760047389 2
8 1089760047392 4
8 1089760047393 3
8 1089760047397 5
8 1089760047398 6
8 1089760047402 8
8 1089760047403 3
8 1089760047406 4
8 1089760047407 4
8 1089760047409 4
8 1089760047413 2
8 1089760047414 7
8 1089760047415 3
8 1089760047570 2
8 1089760047606 1
8 1089760049885 4
8 1089760049898 6
8 1089760051033 11
8 1089760051152 2
8 1089760051186 6
8 1089760051218 4
8 1089760051219 4
8 1089760051248 4
8 1089760051249 4
8 1089760051278 4
8 1089760051279 4
8 1089760051308 4
8 1089760051309 4
8 1089760051338 4
8 1089760051339 4
8 1089760051368 4
8 1089760051369 4
8 1089760051388 4
8 1089760051389 4
8 1089760051422 4
8 1089760051423 4
8 1089760051450 4
8 1089760051451 4
8 1089760051490 4
8 1089760051491 4
8 1089760051504 4
8 1089760051505 4
8 1089760051552 4
8 1089760051553 4
8 1089760051560 4
8 1089760051561 4
8 1089760051656 4
8 1089760051657 4
8 1089760051686 4
8 1089760051687 4
8 1089760051704 4
8 1089760051705 4
8 1089760051710 4
8 1089760051711 4
8 1089760051712 2
8 1089760051713 1
8 1089760051714 5
8 1089760051715 3
8 1089760051716 1
8 1089760051717 3
8 1089760051718 4
8 1089760051719 1
8 1089760051720 4
8 1089760051721 2
8 1089760051722 5
8 1089760051723 2
8 1089760051724 2
8 1089760051725 4
8 1089760051726 3
8 1089760051727 2
8 1089760051728 1
8 1089760051729 3
8 1089760051730 2
8 1089760051731 3
8 1089760051732 2
8 1089760051733 3
8 1089760051734 5
8 1089760051735 3
8 1089760051736 3
8 1089760051737 7
8 1089760051738 4
8 1089760051740 2
8 1089760051741 3
8 1089760051742 264
8 1089760051743 3
8 1089760051744 2
8 1089760051745 145
8 1089760051746 2
8 1089760051747 3
8 1089760051748 2
8 1089760051749 2
8 1089760051750 6
8 1089760051751 4
8 1089760051752 3
8 1089760051753 2
8 1089760051754 3
8 1089760051755 1
8 1089760051756 6
8 1089760051757 4
8 1089760051758 2
8 1089760051759 2
8 1089760051760 2
8 1089760051761 5
8 1089760051762 3
8 1089760051763 4
8 1089760051764 4
8 1089760051765 2
8 1089760051766 6
8 1089760051767 1
8 1089760051768 4
8 1089760051769 4
8 1089760051770 3
8 1089760051771 1
8 1089760051772 1
8 1089760051773 1
8 1089760051774 244
8 1089760051775 4
8 1089760051776 2
8 1089760051777 6
8 1089760051779 3
8 1089760051780 4
8 1089760051781 2
8 1089760051782 2
8 1089760051783 6
8 1089760051784 2
8 1089760051785 1
8 1089760051786 1
8 1089760051788 2
8 1089760051789 3
8 1089760051790 1
8 1089760051791 35
8 1089760051792 5
8 1089760051793 3
8 1089760051794 6
8 1089760051795 3
8 1089760051796 2
8 1089760051797 3
8 1089760051798 2
8 1089760051799 3
8 1089760051800 4
8 1089760051801 4
8 1089760051802 4
8 1089760051803 3
8 1089760051804 3
8 1089760051805 4
8 1089760051806 3
8 1089760051807 2
8 1089760051808 2
8 1089760051809 4
8 1089760051810 1
8 1089760051811 1
8 1089760051813 5
8 1089760051814 2
8 1089760051815 5
8 1089760051816 1
8 1089760051817 113
8 1089760051818 6
8 1089760051819 1
8 1089760051820 3
8 1089760051821 7
8 1089760051822 3
8 1089760051823 3
8 1089760051824 4
8 1089760051825 4
8 1089760051826 2
8 1089760051827 4
8 1089760051828 6
8 1089760051829 3
8 1089760051830 6
8 1089760051831 3
8 1089760051834 3
8 1089760051835 2
8 1089760051836 5
8 1089760051837 4
8 1089760051838 4
8 1089760051839 4
8 1089760051840 4
8 1089760051842 2
8 1089760051843 1
8 1089760051844 2
8 1089760051845 1
8 1089760051846 3
8 1089760051847 3
8 1089760051848 5
8 1089760051849 4
8 1089760051850 6
8 1089760051851 4
8 1089760051852 3
8 1089760051853 7
8 1089760051854 4
8 1089760051855 3
8 1089760051856 1
8 1089760051857 4
8 1089760051858 2
8 1089760051859 3
8 1089760051860 3
8 1089760051861 5
8 1089760051862 2
8 1089760051863 1
8 1089760051864 4
8 1089760051866 3
8 1089760051867 5
8 1089760051868 116
8 1089760051869 5
8 1089760051870 4
8 1089760051871 3
8 1089760051872 2
8 1089760051873 2
8 1089760051874 1
8 1089760051875 2
8 1089760051876 2
8 1089760051877 4
8 1089760051879 5
8 1089760051880 4
8 1089760051882 4
8 1089760051883 7
8 1089760051884 3
8 1089760051885 3
8 1089760051886 1
8 1089760051887 1
8 1089760051888 3
8 1089760051889 2
8 1089760051890 3
8 1089760051891 1
8 1089760051892 2
8 1089760051893 202
8 1089760051894 3
8 1089760051895 5
8 1089760051896 93
8 1089760051897 3
8 1089760051898 2
8 1089760051899 1
8 1089760051900 134
8 1089760051901 2
8 1089760051902 2
8 1089760051903 4
8 1089760051904 3
8 1089760051905 3
8 1089760051906 3
8 1089760051907 2
8 1089760051908 3
8 1089760051909 4
8 1089760051910 2
8 1089760051911 3
8 1089760051912 6
8 1089760051913 4
8 1089760051914 30
8 1089760051915 3
8 1089760051916 3
8 1089760051917 3
8 1089760051918 1
8 1089760051919 1
8 1089760051920 2
8 1089760051921 5
8 1089760051922 6
8 1089760051923 6
8 1089760051924 1
8 1089760051925 2
8 1089760051926 2
8 1089760051927 4
8 1089760051928 3
8 1089760051929 2
8 1089760051930 3
8 1089760051931 3
8 1089760051932 2
8 1089760051933 3
8 1089760051934 4
8 1089760051935 5
8 1089760051936 6
8 1089760051937 3
8 1089760051938 1
8 1089760051939 2
8 1089760051940 3
8 1089760051941 3
8 1089760051942 2
8 1089760051943 52
8 1089760051944 4
8 1089760051945 4
8 1089760051946 1
8 1089760051947 5
8 1089760051948 4
8 1089760051949 7
8 1089760051950 2
8 1089760051951 2
8 1089760051952 2
8 1089760051953 2
8 1089760051954 4
8 1089760051955 5
8 1089760051956 1
8 1089760051957 1
8 1089760051958 4
8 1089760051959 3
8 1089760051960 5
8 1089760051961 1
8 1089760051962 3
8 1089760051963 3
8 1089760051964 4
8 1089760051965 3
8 1089760051966 2
8 1089760051967 2
8 1089760051968 3
8 1089760051969 3
8 1089760051970 4
8 1089760051971 5
8 1089760051972 2
8 1089760051973 5
8 1089760051974 349
8 1089760051975 7
8 1089760051976 5
8 1089760051977 2
8 1089760051978 2
8 1089760051979 6
8 1089760051980 2
8 1089760051981 4
8 1089760051982 3
8 1089760051983 2
8 1089760051984 3
8 1089760051985 3
8 1089760051986 1
8 1089760051987 3
8 1089760051988 2
8 1089760051989 3
8 1089760051990 1
8 1089760051991 2
8 1089760051992 4
8 1089760051993 2
8 1089760051994 2
8 1089760051995 5
8 1089760051996 2
8 1089760051998 2
8 1089760051999 1
8 1089760052000 1
8 1089760052001 4
8 1089760052002 3
8 1089760052003 3
8 1089760052004 4
8 1089760052007 3
8 1089760052008 5
8 1089760052009 3
8 1089760052010 3
8 1089760052011 1
8 1089760052012 5
8 1089760052013 4
8 1089760052014 4
8 1089760052015 1
8 1089760052016 1
8 1089760052017 2
8 1089760052018 7
8 1089760052019 8
8 1089760052020 2
8 1089760052021 2
8 1089760052022 4
8 1089760052023 2
8 1089760052024 4
8 1089760052026 1
8 1089760052027 1
8 1089760052029 3
8 1089760052030 4
8 1089760052031 2
8 1089760052032 3
8 1089760052033 3
8 1089760052034 3
8 1089760052035 1
8 1089760052036 4
8 1089760052037 2
8 1089760052038 3
8 1089760052039 2
8 1089760052040 5
8 1089760052041 1
8 1089760052042 3
8 1089760052043 4
8 1089760052044 2
8 1089760052045 1
8 1089760052046 3
8 1089760052048 4
8 1089760052049 3
8 1089760052050 2
8 1089760052051 3
8 1089760052052 2
8 1089760052053 129
8 1089760052054 2
8 1089760052055 127
8 1089760052056 4
8 1089760052057 2
8 1089760052058 1
8 1089760052059 5
8 1089760052060 1
8 1089760052061 2
8 1089760052062 5
8 1089760052063 1
8 1089760052064 1
8 1089760052065 5
8 1089760052066 325
8 1089760052067 3
8 1089760052068 1
8 1089760052069 4
8 1089760052070 5
8 1089760052071 2
8 1089760052073 1
8 1089760052074 1
8 1089760052076 2
8 1089760052077 2
8 1089760052078 2
8 1089760052081 3
8 1089760052083 3
8 1089760052084 1
8 1089760052085 1
8 1089760052088 1
8 1089760052089 3
8 1089760052092 2
8 1089760052093 1
8 1089760052094 2
8 1089760052095 1
8 1089760052097 2
8 1089760052098 2
8 1089760052099 4
8 1089760052101 1
8 1089760052102 1
8 1089760052103 2
8 1089760052104 3
8 1089760052106 3
8 1089760052107 1
8 1089760052110 1
8 1089760052111 1
8 1089760052112 2
8 1089760052113 2
8 1089760052114 2
8 1089760052115 1
8 1089760052116 1
8 1089760052117 2
8 1089760052118 1
8 1089760052119 2
8 1089760052120 2
8 1089760052122 2
8 1089760052123 1
8 1089760052124 1
8 1089760052125 1
8 1089760052126 1
8 1089760052127 2
8 1089760052128 2
8 1089760052130 1
8 1089760052131 1
8 1089760052132 1
8 1089760052133 1
8 1089760052136 1
8 1089760052137 1
8 1089760052140 2
8 1089760052141 1
8 1089760052142 2
8 1089760052143 2
8 1089760052144 1
8 1089760052145 2
8 1089760052147 5
8 1089760052148 1
8 1089760052149 4
8 1089760052150 2
8 1089760052155 1
8 1089760052159 1
8 1089760052160 2
8 1089760052161 1
8 1089760052162 2
8 1089760052167 2
8 1089760052168 2
8 1089760052169 1
8 1089760052171 2
8 1089760052172 2
8 1089760052173 1
8 1089760052175 2
8 1089760052176 1
8 1089760052177 1
8 1089760052180 1
8 1089760052181 2
8 1089760052182 1
8 1089760052183 1
8 1089760052184 1
8 1089760052185 3
8 1089760052187 2
8 1089760052191 1
8 1089760052192 2
8 1089760052194 3
8 1089760052195 4
8 1089760052196 1
8 1089760052197 1
8 1089760052198 2
8 1089760052199 1
8 1089760052201 2
8 1089760052202 2
8 1089760052203 2
8 1089760052206 1
8 1089760052208 201
8 1089760052210 1
8 1089760052211 2
8 1089760052212 1
8 1089760052213 1
8 1089760052215 3
8 1089760052217 1
8 1089760052218 1
8 1089760052219 1
8 1089760052220 2
8 1089760052222 3
8 1089760052223 4
8 1089760052661 1
8 1089760052781 1
8 1089760052979 1
8 1089760053229 1
8 1089760053387 1
8 1089760053388 1
8 1089760053390 1
8 1089760053639 1
9 1089760036001 2
9 1089760036464 2
9 1089760036827 2
9 1089760042464 1
9 1089760043849 2
9 1089760044952 1
9 1089760051228 4
9 1089760051229 4
9 1089760051258 4
9 1089760051259 4
9 1089760051288 4
9 1089760051289 4
9 1089760051318 4
9 1089760051319 4
9 1089760051348 4
9 1089760051349 4
9 1089760051378 4
9 1089760051379 4
9 1089760051390 4
9 1089760051391 4
9 1089760051406 4
9 1089760051407 4
9 1089760051412 4
9 1089760051413 4
9 1089760051450 4
9 1089760051451 4
9 1089760051502 4
9 1089760051503 4
9 1089760051532 4
9 1089760051533 4
9 1089760051558 4
9 1089760051559 4
9 1089760051606 4
9 1089760051607 4
9 1089760051640 4
9 1089760051641 4
9 1089760051662 4
9 1089760051663 4
9 1089760051678 4
9 1089760051679 4
9 1089760051713 1
9 1089760051836 1
9 1089760051965 1
9 1089760051974 1
