1 1089760051220 4
1 1089760051221 4
1 1089760051250 4
1 1089760051251 4
1 1089760051280 4
1 1089760051281 4
1 1089760051310 4
1 1089760051311 4
1 1089760051340 4
1 1089760051341 4
1 1089760051370 4
1 1089760051371 4
1 1089760051386 4
1 1089760051387 4
1 1089760051444 4
1 1089760051445 4
1 1089760051448 4
1 1089760051449 4
1 1089760051460 4
1 1089760051461 4
1 1089760051490 4
1 1089760051491 4
1 1089760051536 4
1 1089760051537 4
1 1089760051560 4
1 1089760051561 4
1 1089760051616 4
1 1089760051617 4
1 1089760051642 4
1 1089760051643 4
1 1089760051678 4
1 1089760051679 4
1 1089760051694 4
1 1089760051695 4
2 1089760051204 4
2 1089760051205 4
2 1089760051234 4
2 1089760051235 4
2 1089760051264 4
2 1089760051265 4
2 1089760051294 4
2 1089760051295 4
2 1089760051324 4
2 1089760051325 4
2 1089760051354 4
2 1089760051355 4
2 1089760051412 4
2 1089760051413 4
2 1089760051432 4
2 1089760051433 4
2 1089760051522 4
2 1089760051523 4
2 1089760051524 4
2 1089760051525 4
2 1089760051530 4
2 1089760051531 4
2 1089760051544 4
2 1089760051545 4
2 1089760051570 4
2 1089760051571 4
2 1089760051594 4
2 1089760051595 4
2 1089760051660 4
2 1089760051661 4
2 1089760051702 4
2 1089760051703 4
2 1089760051704 4
2 1089760051705 4
3 1089760038346 12
3 1089760049508 3
3 1089760049509 3
3 1089760051204 4
3 1089760051205 4
3 1089760051234 4
3 1089760051235 4
3 1089760051264 4
3 1089760051265 4
3 1089760051294 4
3 1089760051295 4
3 1089760051324 4
3 1089760051325 4
3 1089760051354 4
3 1089760051355 4
3 1089760051402 4
3 1089760051403 4
3 1089760051404 4
3 1089760051405 4
3 1089760051406 4
3 1089760051407 4
3 1089760051426 4
3 1089760051427 4
3 1089760051508 4
3 1089760051509 4
3 1089760051520 4
3 1089760051521 4
3 1089760051556 4
3 1089760051557 4
3 1089760051562 4
3 1089760051563 4
3 1089760051586 4
3 1089760051587 4
3 1089760051636 4
3 1089760051637 4
3 1089760051640 4
3 1089760051641 4
3 1089760051664 4
3 1089760051665 4
3 1089760051690 4
3 1089760051691 4
3 1089760051874 1
3 1089760051897 1
3 1089760051994 1
3 1089760052023 1
3 1089760052029 1
3 1089760052109 1
3 1089760053989 5
4 1089760035004 28
4 1089760035239 18
4 1089760035241 10
4 1089760035244 14
4 1089760035245 24
4 1089760035472 10
4 1089760035473 8
4 1089760035716 12
4 1089760035724 18
4 1089760035963 24
4 1089760036192 18
4 1089760036200 14
4 1089760037477 12
4 1089760037484 8
4 1089760037920 10
4 1089760037932 20
4 1089760038226 16
4 1089760038230 10
4 1089760038231 28
4 1089760038235 8
4 1089760038859 20
4 1089760039480 14
4 1089760040178 9
4 1089760040186 5
4 1089760040194 7
4 1089760040197 11
4 1089760040198 1
4 1089760040870 1
4 1089760040871 4
4 1089760040872 4
4 1089760041597 6
4 1089760041621 9
4 1089760042345 13
4 1089760043042 13
4 1089760043064 7
4 1089760046904 6
4 1089760046924 4
4 1089760048235 5
4 1089760048271 4
4 1089760048272 6
4 1089760049145 8
4 1089760049157 5
4 1089760049159 7
4 1089760049161 7
4 1089760049172 4
4 1089760051042 10
4 1089760051222 4
4 1089760051223 4
4 1089760051252 4
4 1089760051253 4
4 1089760051282 4
4 1089760051283 4
4 1089760051312 4
4 1089760051313 4
4 1089760051342 4
4 1089760051343 4
4 1089760051372 4
4 1089760051373 4
4 1089760051532 4
4 1089760051533 4
4 1089760051588 4
4 1089760051589 4
4 1089760051606 4
4 1089760051607 4
4 1089760051626 4
4 1089760051627 4
4 1089760051704 4
4 1089760051705 4
4 1089760051717 1
4 1089760051722 1
4 1089760051726 1
4 1089760051727 1
4 1089760051732 1
4 1089760051738 1
4 1089760051739 1
4 1089760051741 1
4 1089760051745 1
4 1089760051747 1
4 1089760051751 1
4 1089760051756 1
4 1089760051763 1
4 1089760051765 1
4 1089760051768 1
4 1089760051769 1
4 1089760051774 1
4 1089760051777 1
4 1089760051778 1
4 1089760051781 1
4 1089760051784 1
4 1089760051788 1
4 1089760051794 1
4 1089760051803 1
4 1089760051805 2
4 1089760051810 1
4 1089760051816 1
4 1089760051818 1
4 1089760051821 1
4 1089760051823 1
4 1089760051828 1
4 1089760051833 1
4 1089760051837 1
4 1089760051842 1
4 1089760051843 1
4 1089760051844 1
4 1089760051845 1
4 1089760051849 2
4 1089760051852 2
4 1089760051855 1
4 1089760051858 1
4 1089760051862 1
4 1089760051863 1
4 1089760051864 1
4 1089760051865 1
4 1089760051878 1
4 1089760051882 1
4 1089760051883 1
4 1089760051886 1
4 1089760051892 1
4 1089760051893 1
4 1089760051900 1
4 1089760051901 1
4 1089760051907 1
4 1089760051911 1
4 1089760051912 1
4 1089760051913 1
4 1089760051914 1
4 1089760051915 2
4 1089760051918 1
4 1089760051920 1
4 1089760051925 1
4 1089760051926 1
4 1089760051927 1
4 1089760051936 1
4 1089760051937 1
4 1089760051938 2
4 1089760051942 1
4 1089760051943 1
4 1089760051949 1
4 1089760051952 1
4 1089760051955 1
4 1089760051959 1
4 1089760051963 1
4 1089760051969 1
4 1089760051977 1
4 1089760051978 1
4 1089760051979 1
4 1089760051980 1
4 1089760051982 1
4 1089760051983 1
4 1089760051994 1
4 1089760052003 1
4 1089760052005 2
4 1089760052018 1
4 1089760052020 1
4 1089760052023 1
4 1089760052026 1
4 1089760052027 1
4 1089760052028 2
4 1089760052031 2
4 1089760052032 1
4 1089760052038 1
4 1089760052039 2
4 1089760052048 1
4 1089760052052 2
4 1089760052054 1
4 1089760052058 1
4 1089760052061 1
4 1089760052066 1
4 1089760052067 1
4 1089760052069 2
4 1089760052072 1
4 1089760052076 1
4 1089760052081 1
4 1089760052082 1
4 1089760052083 1
4 1089760052085 2
4 1089760052091 1
4 1089760052092 1
4 1089760052093 1
4 1089760052095 1
4 1089760052099 1
4 1089760052105 1
4 1089760052112 1
4 1089760052119 1
4 1089760052120 1
4 1089760052123 2
4 1089760052124 2
4 1089760052125 1
4 1089760052128 1
4 1089760052136 1
4 1089760052138 2
4 1089760052146 2
4 1089760052147 1
4 1089760052149 1
4 1089760052162 1
4 1089760052164 1
4 1089760052167 1
4 1089760052170 2
4 1089760052173 2
4 1089760052174 1
4 1089760052179 1
4 1089760052180 2
4 1089760052182 1
4 1089760052183 2
4 1089760052185 1
4 1089760052190 3
4 1089760052204 1
4 1089760052207 1
4 1089760052211 1
4 1089760052215 1
4 1089760052216 1
4 1089760052218 2
4 1089760052220 1
4 1089760052221 1
4 1089760052223 1
4 1089760052318 13
4 1089760052435 8
4 1089760052436 4
4 1089760052438 17
4 1089760052552 7
4 1089760052674 5
4 1089760052678 8
4 1089760052797 11
4 1089760052912 8
4 1089760052916 6
4 1089760053554 5
4 1089760053558 3
4 1089760053776 4
4 1089760053782 9
4 1089760053929 7
4 1089760053931 16
4 1089760053933 3
4 1089760054245 9
5 1089760034935 12
5 1089760034936 14
5 1089760034937 10
5 1089760034940 24
5 1089760034941 38
5 1089760034943 10
5 1089760035168 12
5 1089760035171 12
5 1089760035172 22
5 1089760035174 16
5 1089760035176 18
5 1089760035180 18
5 1089760035182 16
5 1089760035412 14
5 1089760035413 16
5 1089760035418 6
5 1089760035423 10
5 1089760035652 16
5 1089760035655 18
5 1089760035657 14
5 1089760035888 10
5 1089760035889 16
5 1089760035890 8
5 1089760035891 8
5 1089760035892 10
5 1089760035893 18
5 1089760035896 20
5 1089760035899 6
5 1089760035902 14
5 1089760035903 18
5 1089760036128 18
5 1089760036133 16
5 1089760036134 12
5 1089760036136 20
5 1089760036138 14
5 1089760036139 10
5 1089760036141 16
5 1089760036142 20
5 1089760036336 14
5 1089760036337 12
5 1089760036339 16
5 1089760036340 32
5 1089760036343 14
5 1089760036347 32
5 1089760036350 20
5 1089760036672 32
5 1089760036673 22
5 1089760036677 8
5 1089760036678 26
5 1089760036679 12
5 1089760036680 22
5 1089760036681 26
5 1089760036682 18
5 1089760036685 28
5 1089760036687 8
5 1089760036704 36
5 1089760036705 30
5 1089760036707 26
5 1089760036710 16
5 1089760036714 34
5 1089760036717 28
5 1089760036718 14
5 1089760036719 20
5 1089760036736 16
5 1089760036738 34
5 1089760036743 40
5 1089760036746 16
5 1089760036748 10
5 1089760036751 12
5 1089760037393 14
5 1089760037397 22
5 1089760037401 38
5 1089760037402 10
5 1089760037403 8
5 1089760037760 12
5 1089760037761 8
5 1089760037764 32
5 1089760037765 18
5 1089760037766 40
5 1089760037770 12
5 1089760037771 26
5 1089760037774 26
5 1089760037840 18
5 1089760037843 6
5 1089760037844 10
5 1089760037849 12
5 1089760037850 30
5 1089760037852 16
5 1089760037853 16
5 1089760038817 26
5 1089760038818 10
5 1089760038819 64
5 1089760038820 24
5 1089760038821 12
5 1089760038822 58
5 1089760038823 18
5 1089760038824 16
5 1089760038825 38
5 1089760038826 20
5 1089760038827 30
5 1089760038828 36
5 1089760038829 28
5 1089760038830 24
5 1089760038831 44
5 1089760038864 38
5 1089760038865 32
5 1089760038866 12
5 1089760038867 22
5 1089760038868 16
5 1089760038869 40
5 1089760038870 50
5 1089760038871 34
5 1089760038873 50
5 1089760038874 50
5 1089760038875 28
5 1089760038876 18
5 1089760038877 44
5 1089760038878 32
5 1089760038879 22
5 1089760038881 32
5 1089760038882 14
5 1089760038883 36
5 1089760038884 32
5 1089760038885 52
5 1089760038886 32
5 1089760038887 58
5 1089760038888 8
5 1089760038889 38
5 1089760038890 40
5 1089760038891 20
5 1089760038892 58
5 1089760038893 44
5 1089760038894 16
5 1089760038895 90
5 1089760039269 6
5 1089760039270 8
5 1089760039275 5
5 1089760039282 7
5 1089760039284 5
5 1089760039286 5
5 1089760039287 12
5 1089760039288 5
5 1089760039294 5
5 1089760039969 6
5 1089760039977 7
5 1089760039979 6
5 1089760039980 5
5 1089760039987 2
5 1089760039988 6
5 1089760039992 9
5 1089760040003 13
5 1089760040004 1
5 1089760040011 8
5 1089760040692 7
5 1089760040694 7
5 1089760040695 1
5 1089760040712 4
5 1089760040725 4
5 1089760040726 1
5 1089760041403 8
5 1089760041411 5
5 1089760041412 4
5 1089760041418 5
5 1089760041419 2
5 1089760042122 5
5 1089760042123 2
5 1089760042124 7
5 1089760042129 4
5 1089760042131 4
5 1089760042132 5
5 1089760042136 9
5 1089760042144 1
5 1089760042145 4
5 1089760042146 5
5 1089760042154 3
5 1089760042163 4
5 1089760042164 3
5 1089760042165 4
5 1089760042166 5
5 1089760042847 9
5 1089760042862 7
5 1089760042863 6
5 1089760042865 6
5 1089760042874 11
5 1089760042878 10
5 1089760042882 4
5 1089760042883 1
5 1089760042887 5
5 1089760042888 3
5 1089760042892 10
5 1089760043471 8
5 1089760043472 6
5 1089760043480 8
5 1089760043483 8
5 1089760043484 8
5 1089760043492 7
5 1089760043503 6
5 1089760043505 11
5 1089760043511 10
5 1089760043512 1
5 1089760044480 3
5 1089760044481 13
5 1089760044485 4
5 1089760044486 7
5 1089760044497 5
5 1089760044500 8
5 1089760044501 12
5 1089760044504 11
5 1089760044507 5
5 1089760044509 8
5 1089760044511 9
5 1089760044520 4
5 1089760044521 4
5 1089760044522 6
5 1089760044528 4
5 1089760044578 9
5 1089760044579 9
5 1089760044580 5
5 1089760044581 3
5 1089760044582 8
5 1089760044586 6
5 1089760044587 7
5 1089760044596 11
5 1089760044597 1
5 1089760044607 12
5 1089760044609 7
5 1089760044616 4
5 1089760044617 7
5 1089760044618 3
5 1089760044621 7
5 1089760044624 10
5 1089760044673 8
5 1089760044679 6
5 1089760044680 5
5 1089760044682 7
5 1089760044694 4
5 1089760044695 8
5 1089760044697 8
5 1089760044704 12
5 1089760044709 5
5 1089760044717 6
5 1089760046651 7
5 1089760046664 11
5 1089760046674 4
5 1089760046675 7
5 1089760046677 8
5 1089760046679 5
5 1089760046681 4
5 1089760047757 1
5 1089760047758 8
5 1089760047761 4
5 1089760047768 6
5 1089760047769 5
5 1089760047770 5
5 1089760047771 9
5 1089760047773 14
5 1089760047774 11
5 1089760047787 6
5 1089760047789 11
5 1089760047790 7
5 1089760047798 10
5 1089760047799 2
5 1089760047800 2
5 1089760047996 9
5 1089760048004 5
5 1089760048008 5
5 1089760048022 6
5 1089760048024 9
5 1089760048025 13
5 1089760048030 8
5 1089760048032 8
5 1089760050918 7
5 1089760050919 11
5 1089760050922 3
5 1089760050923 17
5 1089760050924 15
5 1089760050925 6
5 1089760050926 7
5 1089760050927 5
5 1089760050928 7
5 1089760050932 8
5 1089760050933 5
5 1089760050934 24
5 1089760050935 17
5 1089760050939 8
5 1089760050941 3
5 1089760050942 6
5 1089760050943 16
5 1089760050944 10
5 1089760050948 14
5 1089760050949 5
5 1089760050951 6
5 1089760050952 9
5 1089760050953 8
5 1089760050954 14
5 1089760050955 4
5 1089760050956 6
5 1089760050958 3
5 1089760050959 3
5 1089760050961 11
5 1089760050962 11
5 1089760050963 5
5 1089760051057 8
5 1089760051058 10
5 1089760051059 1
5 1089760051060 7
5 1089760051061 10
5 1089760051064 6
5 1089760051065 5
5 1089760051067 1
5 1089760051068 7
5 1089760051069 4
5 1089760051070 7
5 1089760051071 4
5 1089760051072 17
5 1089760051074 14
5 1089760051075 10
5 1089760051076 1
5 1089760051077 6
5 1089760051078 20
5 1089760051084 9
5 1089760051085 16
5 1089760051087 18
5 1089760051088 12
5 1089760051089 11
5 1089760051090 7
5 1089760051092 4
5 1089760051093 6
5 1089760051094 4
5 1089760051095 10
5 1089760051096 13
5 1089760051099 6
5 1089760051100 14
5 1089760051101 3
5 1089760051102 8
5 1089760051108 16
5 1089760051109 12
5 1089760051110 7
5 1089760051113 4
5 1089760051114 16
5 1089760051116 10
5 1089760051117 9
5 1089760051118 6
5 1089760051119 10
5 1089760051120 18
5 1089760051121 6
5 1089760051123 11
5 1089760051124 12
5 1089760051125 6
5 1089760051126 10
5 1089760051128 2
5 1089760051129 3
5 1089760051132 8
5 1089760051133 11
5 1089760051135 21
5 1089760051136 16
5 1089760051137 4
5 1089760051138 6
5 1089760051140 12
5 1089760051142 22
5 1089760051144 6
5 1089760051145 16
5 1089760051149 8
5 1089760051150 7
5 1089760051151 12
5 1089760051152 8
5 1089760051214 4
5 1089760051215 4
5 1089760051244 4
5 1089760051245 4
5 1089760051274 4
5 1089760051275 4
5 1089760051304 4
5 1089760051305 4
5 1089760051334 4
5 1089760051335 4
5 1089760051364 4
5 1089760051365 4
5 1089760051390 4
5 1089760051391 4
5 1089760051432 4
5 1089760051433 4
5 1089760051436 4
5 1089760051437 4
5 1089760051440 4
5 1089760051441 4
5 1089760051522 4
5 1089760051523 4
5 1089760051568 4
5 1089760051569 4
5 1089760051578 4
5 1089760051579 4
5 1089760051700 4
5 1089760051701 4
5 1089760051706 4
5 1089760051707 4
5 1089760051708 4
5 1089760051709 4
5 1089760051712 5
5 1089760051713 2
5 1089760051714 2
5 1089760051715 5
5 1089760051716 4
5 1089760051717 2
5 1089760051718 9
5 1089760051719 1
5 1089760051720 4
5 1089760051721 3
5 1089760051722 4
5 1089760051723 4
5 1089760051724 3
5 1089760051725 4
5 1089760051726 4
5 1089760051727 1
5 1089760051728 4
5 1089760051729 3
5 1089760051730 1
5 1089760051731 6
5 1089760051732 5
5 1089760051733 3
5 1089760051734 9
5 1089760051735 3
5 1089760051737 4
5 1089760051738 5
5 1089760051739 5
5 1089760051740 2
5 1089760051741 2
5 1089760051742 3
5 1089760051743 4
5 1089760051744 7
5 1089760051745 5
5 1089760051746 4
5 1089760051747 1
5 1089760051748 8
5 1089760051749 2
5 1089760051750 4
5 1089760051751 2
5 1089760051752 3
5 1089760051753 2
5 1089760051754 4
5 1089760051755 3
5 1089760051756 5
5 1089760051757 4
5 1089760051758 7
5 1089760051759 6
5 1089760051760 3
5 1089760051761 2
5 1089760051762 1
5 1089760051763 1
5 1089760051764 3
5 1089760051765 5
5 1089760051766 7
5 1089760051767 2
5 1089760051768 2
5 1089760051769 3
5 1089760051770 4
5 1089760051771 4
5 1089760051772 4
5 1089760051773 4
5 1089760051774 5
5 1089760051775 3
5 1089760051776 3
5 1089760051777 1
5 1089760051778 4
5 1089760051779 5
5 1089760051780 6
5 1089760051781 5
5 1089760051782 4
5 1089760051783 2
5 1089760051784 2
5 1089760051785 4
5 1089760051787 3
5 1089760051788 6
5 1089760051789 4
5 1089760051790 2
5 1089760051791 3
5 1089760051792 4
5 1089760051793 2
5 1089760051794 4
5 1089760051795 3
5 1089760051796 3
5 1089760051797 2
5 1089760051798 3
5 1089760051799 4
5 1089760051800 3
5 1089760051801 2
5 1089760051802 3
5 1089760051803 2
5 1089760051804 3
5 1089760051805 3
5 1089760051806 3
5 1089760051807 4
5 1089760051808 4
5 1089760051809 2
5 1089760051810 2
5 1089760051811 2
5 1089760051812 4
5 1089760051813 2
5 1089760051814 7
5 1089760051815 6
5 1089760051816 5
5 1089760051817 4
5 1089760051818 3
5 1089760051819 3
5 1089760051820 1
5 1089760051821 2
5 1089760051822 6
5 1089760051823 6
5 1089760051824 5
5 1089760051825 3
5 1089760051826 4
5 1089760051827 5
5 1089760051828 5
5 1089760051829 3
5 1089760051830 4
5 1089760051831 2
5 1089760051832 7
5 1089760051833 4
5 1089760051834 4
5 1089760051835 4
5 1089760051836 2
5 1089760051837 2
5 1089760051838 4
5 1089760051839 2
5 1089760051840 1
5 1089760051841 4
5 1089760051842 3
5 1089760051843 2
5 1089760051844 4
5 1089760051845 6
5 1089760051846 3
5 1089760051847 1
5 1089760051848 2
5 1089760051849 1
5 1089760051850 3
5 1089760051851 97
5 1089760051852 8
5 1089760051853 3
5 1089760051854 3
5 1089760051855 8
5 1089760051856 4
5 1089760051857 4
5 1089760051858 3
5 1089760051859 3
5 1089760051860 2
5 1089760051861 3
5 1089760051862 4
5 1089760051863 6
5 1089760051864 4
5 1089760051865 4
5 1089760051866 4
5 1089760051867 2
5 1089760051868 4
5 1089760051869 1
5 1089760051870 2
5 1089760051871 4
5 1089760051872 4
5 1089760051873 2
5 1089760051874 6
5 1089760051875 4
5 1089760051876 2
5 1089760051877 4
5 1089760051878 1
5 1089760051879 3
5 1089760051880 4
5 1089760051881 7
5 1089760051882 5
5 1089760051883 4
5 1089760051884 3
5 1089760051885 2
5 1089760051886 2
5 1089760051887 5
5 1089760051888 4
5 1089760051889 1
5 1089760051890 7
5 1089760051891 3
5 1089760051892 1
5 1089760051893 2
5 1089760051894 2
5 1089760051895 2
5 1089760051896 2
5 1089760051897 4
5 1089760051898 3
5 1089760051899 3
5 1089760051900 6
5 1089760051901 3
5 1089760051902 4
5 1089760051903 1
5 1089760051904 1
5 1089760051905 1
5 1089760051906 6
5 1089760051907 7
5 1089760051908 4
5 1089760051909 2
5 1089760051910 7
5 1089760051911 8
5 1089760051912 3
5 1089760051913 3
5 1089760051914 4
5 1089760051915 2
5 1089760051916 6
5 1089760051918 8
5 1089760051919 9
5 1089760051920 2
5 1089760051921 4
5 1089760051922 2
5 1089760051923 4
5 1089760051924 4
5 1089760051925 2
5 1089760051926 4
5 1089760051928 6
5 1089760051929 2
5 1089760051930 3
5 1089760051931 4
5 1089760051933 6
5 1089760051934 1
5 1089760051935 2
5 1089760051936 9
5 1089760051937 2
5 1089760051938 2
5 1089760051939 6
5 1089760051940 3
5 1089760051941 5
5 1089760051942 2
5 1089760051944 6
5 1089760051945 4
5 1089760051946 3
5 1089760051947 2
5 1089760051948 4
5 1089760051949 3
5 1089760051950 4
5 1089760051951 6
5 1089760051952 4
5 1089760051953 7
5 1089760051954 2
5 1089760051956 2
5 1089760051958 3
5 1089760051959 5
5 1089760051960 4
5 1089760051961 4
5 1089760051962 6
5 1089760051963 4
5 1089760051964 3
5 1089760051965 2
5 1089760051966 7
5 1089760051967 4
5 1089760051968 4
5 1089760051969 2
5 1089760051971 1
5 1089760051972 3
5 1089760051973 5
5 1089760051974 2
5 1089760051975 3
5 1089760051976 1
5 1089760051977 5
5 1089760051978 5
5 1089760051979 2
5 1089760051980 6
5 1089760051981 6
5 1089760051982 5
5 1089760051983 2
5 1089760051984 4
5 1089760051985 5
5 1089760051986 7
5 1089760051987 4
5 1089760051988 6
5 1089760051989 5
5 1089760051990 2
5 1089760051991 4
5 1089760051992 1
5 1089760051993 2
5 1089760051994 2
5 1089760051995 2
5 1089760051996 5
5 1089760051997 2
5 1089760051998 3
5 1089760051999 5
5 1089760052000 2
5 1089760052001 3
5 1089760052002 3
5 1089760052003 4
5 1089760052004 1
5 1089760052005 2
5 1089760052006 5
5 1089760052007 1
5 1089760052008 2
5 1089760052009 3
5 1089760052010 2
5 1089760052011 3
5 1089760052012 2
5 1089760052013 5
5 1089760052014 3
5 1089760052015 3
5 1089760052016 2
5 1089760052017 3
5 1089760052018 4
5 1089760052019 3
5 1089760052020 2
5 1089760052021 2
5 1089760052022 7
5 1089760052024 3
5 1089760052025 5
5 1089760052026 3
5 1089760052027 6
5 1089760052028 4
5 1089760052029 5
5 1089760052030 1
5 1089760052031 2
5 1089760052032 4
5 1089760052033 2
5 1089760052034 3
5 1089760052035 3
5 1089760052036 2
5 1089760052037 5
5 1089760052038 2
5 1089760052039 3
5 1089760052040 1
5 1089760052041 7
5 1089760052042 5
5 1089760052043 2
5 1089760052044 5
5 1089760052045 6
5 1089760052046 6
5 1089760052048 6
5 1089760052049 4
5 1089760052050 5
5 1089760052051 3
5 1089760052052 3
5 1089760052053 1
5 1089760052054 3
5 1089760052055 2
5 1089760052056 2
5 1089760052057 2
5 1089760052058 5
5 1089760052059 5
5 1089760052060 4
5 1089760052061 1
5 1089760052062 5
5 1089760052063 6
5 1089760052064 3
5 1089760052065 1
5 1089760052066 1
5 1089760052067 2
5 1089760052068 3
5 1089760052069 5
5 1089760052070 3
5 1089760052071 2
5 1089760052072 2
5 1089760052073 4
5 1089760052074 3
5 1089760052075 3
5 1089760052076 3
5 1089760052077 4
5 1089760052078 2
5 1089760052079 6
5 1089760052080 5
5 1089760052082 3
5 1089760052083 3
5 1089760052084 3
5 1089760052085 4
5 1089760052087 2
5 1089760052088 6
5 1089760052089 3
5 1089760052090 6
5 1089760052091 3
5 1089760052092 4
5 1089760052094 5
5 1089760052095 6
5 1089760052096 5
5 1089760052097 3
5 1089760052098 8
5 1089760052099 4
5 1089760052100 4
5 1089760052101 2
5 1089760052102 4
5 1089760052103 4
5 1089760052104 6
5 1089760052105 7
5 1089760052106 1
5 1089760052107 6
5 1089760052108 1
5 1089760052109 6
5 1089760052110 2
5 1089760052111 5
5 1089760052112 3
5 1089760052113 3
5 1089760052115 5
5 1089760052116 2
5 1089760052117 6
5 1089760052118 1
5 1089760052119 2
5 1089760052120 2
5 1089760052121 3
5 1089760052122 3
5 1089760052124 1
5 1089760052125 2
5 1089760052126 3
5 1089760052127 3
5 1089760052128 5
5 1089760052129 2
5 1089760052130 3
5 1089760052131 5
5 1089760052132 3
5 1089760052133 1
5 1089760052134 1
5 1089760052135 5
5 1089760052136 5
5 1089760052137 3
5 1089760052138 1
5 1089760052139 2
5 1089760052140 3
5 1089760052141 2
5 1089760052142 3
5 1089760052143 5
5 1089760052144 1
5 1089760052145 6
5 1089760052146 4
5 1089760052147 3
5 1089760052148 6
5 1089760052149 1
5 1089760052150 4
5 1089760052151 4
5 1089760052152 1
5 1089760052153 3
5 1089760052154 5
5 1089760052155 3
5 1089760052156 5
5 1089760052157 8
5 1089760052158 5
5 1089760052159 1
5 1089760052160 1
5 1089760052161 2
5 1089760052162 5
5 1089760052163 4
5 1089760052164 5
5 1089760052165 4
5 1089760052166 1
5 1089760052167 2
5 1089760052168 3
5 1089760052169 2
5 1089760052170 3
5 1089760052171 1
5 1089760052172 4
5 1089760052173 2
5 1089760052174 3
5 1089760052175 3
5 1089760052176 4
5 1089760052178 3
5 1089760052179 3
5 1089760052180 1
5 1089760052181 3
5 1089760052182 2
5 1089760052183 5
5 1089760052184 6
5 1089760052185 8
5 1089760052186 4
5 1089760052187 4
5 1089760052188 4
5 1089760052189 3
5 1089760052190 5
5 1089760052191 4
5 1089760052192 3
5 1089760052193 7
5 1089760052194 2
5 1089760052195 1
5 1089760052196 4
5 1089760052197 5
5 1089760052198 4
5 1089760052199 2
5 1089760052200 6
5 1089760052201 3
5 1089760052202 3
5 1089760052203 2
5 1089760052204 4
5 1089760052205 5
5 1089760052206 3
5 1089760052207 2
5 1089760052208 4
5 1089760052209 7
5 1089760052210 2
5 1089760052211 4
5 1089760052212 4
5 1089760052213 3
5 1089760052214 1
5 1089760052215 3
5 1089760052216 3
5 1089760052217 1
5 1089760052218 4
5 1089760052219 5
5 1089760052220 4
5 1089760052221 3
5 1089760052222 2
5 1089760052223 4
5 1089760052283 5
5 1089760052284 10
5 1089760052286 22
5 1089760052287 4
5 1089760052400 5
5 1089760052401 5
5 1089760052402 9
5 1089760052403 7
5 1089760052404 8
5 1089760052406 8
5 1089760052407 7
5 1089760052522 13
5 1089760052525 2
5 1089760052527 4
5 1089760052642 7
5 1089760052643 7
5 1089760052644 6
5 1089760052760 11
5 1089760052761 6
5 1089760052762 12
5 1089760052764 8
5 1089760052765 2
5 1089760052767 21
5 1089760052880 8
5 1089760052882 7
5 1089760052883 5
5 1089760052884 9
5 1089760052885 10
5 1089760052886 7
5 1089760052887 9
5 1089760052984 11
5 1089760052985 7
5 1089760052986 10
5 1089760052987 6
5 1089760052989 14
5 1089760052991 9
5 1089760053152 23
5 1089760053154 3
5 1089760053155 13
5 1089760053156 21
5 1089760053157 8
5 1089760053158 12
5 1089760053159 3
5 1089760053168 29
5 1089760053169 11
5 1089760053171 7
5 1089760053173 15
5 1089760053174 12
5 1089760053175 15
5 1089760053184 7
5 1089760053185 15
5 1089760053187 18
5 1089760053189 7
5 1089760053190 4
5 1089760053191 5
5 1089760053512 6
5 1089760053514 10
5 1089760053516 17
5 1089760053517 7
5 1089760053696 8
5 1089760053698 18
5 1089760053699 10
5 1089760053701 12
5 1089760053703 9
5 1089760053736 8
5 1089760053737 2
5 1089760053738 4
5 1089760053740 5
5 1089760053741 13
5 1089760053742 14
5 1089760054224 11
5 1089760054225 24
5 1089760054226 15
5 1089760054227 23
5 1089760054228 24
5 1089760054229 22
5 1089760054230 24
5 1089760054231 24
5 1089760054248 25
5 1089760054249 14
5 1089760054250 17
5 1089760054251 25
5 1089760054252 14
5 1089760054253 24
5 1089760054254 17
5 1089760054255 19
5 1089760054256 14
5 1089760054257 19
5 1089760054258 30
5 1089760054259 33
5 1089760054260 14
5 1089760054261 18
5 1089760054262 40
5 1089760054263 25
6 1089760035024 26
6 1089760035025 313
6 1089760035026 12
6 1089760035027 32
6 1089760035028 666
6 1089760035029 244
6 1089760035030 487
6 1089760035031 34
6 1089760035032 62
6 1089760035033 468
6 1089760035034 164
6 1089760035035 292
6 1089760035036 35
6 1089760035037 44
6 1089760035038 1346
6 1089760035039 487
6 1089760035264 74
6 1089760035265 185
6 1089760035266 12
6 1089760035267 32
6 1089760035268 40
6 1089760035269 32
6 1089760035270 16
6 1089760035271 30
6 1089760035272 204
6 1089760035273 146
6 1089760035274 12
6 1089760035275 92
6 1089760035276 14
6 1089760035277 176
6 1089760035278 24
6 1089760035279 34
6 1089760035504 105
6 1089760035505 32
6 1089760035506 36
6 1089760035507 77
6 1089760035508 104
6 1089760035509 26
6 1089760035510 146
6 1089760035511 42
6 1089760035512 20
6 1089760035513 53
6 1089760035514 56
6 1089760035515 52
6 1089760035516 170
6 1089760035517 258
6 1089760035518 253
6 1089760035519 37
6 1089760035744 24
6 1089760035745 18
6 1089760035746 186
6 1089760035747 59
6 1089760035748 40
6 1089760035749 135
6 1089760035750 12
6 1089760035751 42
6 1089760035752 20
6 1089760035753 36
6 1089760035754 82
6 1089760035755 62
6 1089760035756 156
6 1089760035757 8
6 1089760035758 217
6 1089760035759 28
6 1089760035984 46
6 1089760035985 46
6 1089760035986 24
6 1089760035987 86
6 1089760035988 12
6 1089760035989 181
6 1089760035990 593
6 1089760035991 56
6 1089760035992 42
6 1089760035993 48
6 1089760035994 46
6 1089760035995 44
6 1089760035996 32
6 1089760035997 327
6 1089760035998 69
6 1089760035999 553
6 1089760036224 44
6 1089760036225 30
6 1089760036226 169
6 1089760036227 118
6 1089760036228 31
6 1089760036229 90
6 1089760036230 643
6 1089760036231 104
6 1089760036232 10
6 1089760036233 42
6 1089760036235 32
6 1089760036236 37
6 1089760036237 19
6 1089760036238 100
6 1089760036239 38
6 1089760036336 401
6 1089760036337 32
6 1089760036338 20
6 1089760036339 32
6 1089760036340 78
6 1089760036341 44
6 1089760036342 40
6 1089760036343 8
6 1089760036344 214
6 1089760036345 50
6 1089760036346 22
6 1089760036347 20
6 1089760036348 113
6 1089760036349 42
6 1089760036350 40
6 1089760036351 38
6 1089760036736 48
6 1089760036737 64
6 1089760036738 4
6 1089760036739 23
6 1089760036740 275
6 1089760036741 110
6 1089760036742 14
6 1089760036743 54
6 1089760036744 283
6 1089760036745 34
6 1089760036746 44
6 1089760036747 50
6 1089760036748 269
6 1089760036749 130
6 1089760036750 31
6 1089760036751 130
6 1089760036912 108
6 1089760036913 30
6 1089760036914 17
6 1089760036915 40
6 1089760036916 22
6 1089760036917 216
6 1089760036918 12
6 1089760036919 6
6 1089760036920 30
6 1089760036921 522
6 1089760036922 18
6 1089760036923 34
6 1089760036924 42
6 1089760036925 26
6 1089760036927 61
6 1089760036960 38
6 1089760036961 725
6 1089760036962 32
6 1089760036963 24
6 1089760036964 52
6 1089760036966 49
6 1089760036967 43
6 1089760036968 38
6 1089760036969 694
6 1089760036970 46
6 1089760036971 599
6 1089760036972 10
6 1089760036973 44
6 1089760036974 188
6 1089760036975 57
6 1089760037088 126
6 1089760037089 84
6 1089760037090 227
6 1089760037091 213
6 1089760037092 302
6 1089760037093 52
6 1089760037094 337
6 1089760037095 34
6 1089760037096 161
6 1089760037097 30
6 1089760037098 14
6 1089760037099 36
6 1089760037100 24
6 1089760037101 24
6 1089760037102 97
6 1089760037103 40
6 1089760037248 10
6 1089760037249 167
6 1089760037250 4
6 1089760037252 85
6 1089760037253 34
6 1089760037254 123
6 1089760037255 265
6 1089760037256 8
6 1089760037257 57
6 1089760037258 61
6 1089760037259 94
6 1089760037260 18
6 1089760037261 329
6 1089760037262 34
6 1089760037263 1202
6 1089760037920 144
6 1089760037921 276
6 1089760037922 456
6 1089760037923 662
6 1089760037924 64
6 1089760037925 80
6 1089760037926 62
6 1089760037927 58
6 1089760037928 56
6 1089760037929 56
6 1089760037930 40
6 1089760037931 64
6 1089760037932 126
6 1089760037933 136
6 1089760037934 277
6 1089760037935 52
6 1089760037968 62
6 1089760037969 355
6 1089760037970 700
6 1089760037971 60
6 1089760037972 158
6 1089760037973 48
6 1089760037974 70
6 1089760037975 195
6 1089760037976 251
6 1089760037977 626
6 1089760037978 68
6 1089760037979 62
6 1089760037980 64
6 1089760037981 102
6 1089760037982 206
6 1089760037983 216
6 1089760038224 46
6 1089760038225 50
6 1089760038226 70
6 1089760038227 495
6 1089760038228 189
6 1089760038229 205
6 1089760038230 66
6 1089760038231 141
6 1089760038232 77
6 1089760038233 434
6 1089760038234 66
6 1089760038235 58
6 1089760038236 52
6 1089760038237 219
6 1089760038238 64
6 1089760038239 213
6 1089760038864 44
6 1089760038865 120
6 1089760038866 76
6 1089760038867 64
6 1089760038868 62
6 1089760038869 40
6 1089760038870 42
6 1089760038871 40
6 1089760038872 56
6 1089760038873 211
6 1089760038874 124
6 1089760038875 392
6 1089760038876 36
6 1089760038877 57
6 1089760038878 44
6 1089760038879 66
6 1089760038880 228
6 1089760038881 34
6 1089760038882 466
6 1089760038883 50
6 1089760038884 154
6 1089760038885 26
6 1089760038886 48
6 1089760038887 50
6 1089760038888 66
6 1089760038889 42
6 1089760038890 106
6 1089760038891 46
6 1089760038892 325
6 1089760038893 267
6 1089760038894 66
6 1089760038895 58
6 1089760039536 7
6 1089760039537 15
6 1089760039538 11
6 1089760039539 42
6 1089760039540 13
6 1089760039541 43
6 1089760039542 5
6 1089760039545 10
6 1089760039546 2
6 1089760039547 3
6 1089760039548 22
6 1089760039549 10
6 1089760039551 8
6 1089760039552 5
6 1089760039553 4
6 1089760039554 42
6 1089760039555 9
6 1089760039557 4
6 1089760039558 9
6 1089760039559 5
6 1089760039560 54
6 1089760039561 35
6 1089760039562 9
6 1089760039563 32
6 1089760039564 62
6 1089760039565 67
6 1089760039566 3
6 1089760039567 12
6 1089760039568 13
6 1089760039569 38
6 1089760039570 170
6 1089760039571 9
6 1089760039573 86
6 1089760039574 6
6 1089760039575 3
6 1089760039576 340
6 1089760039577 6
6 1089760039578 176
6 1089760039579 15
6 1089760039580 9
6 1089760039582 12
6 1089760039583 17
6 1089760039584 2
6 1089760040254 13
6 1089760040255 8
6 1089760040256 15
6 1089760040257 6
6 1089760040258 7
6 1089760040259 9
6 1089760040261 6
6 1089760040262 5
6 1089760040264 9
6 1089760040265 26
6 1089760040266 15
6 1089760040267 7
6 1089760040268 5
6 1089760040269 5
6 1089760040270 135
6 1089760040273 4
6 1089760040274 6
6 1089760040275 41
6 1089760040276 4
6 1089760040277 5
6 1089760040279 36
6 1089760040280 7
6 1089760040281 5
6 1089760040282 11
6 1089760040283 466
6 1089760040284 16
6 1089760040286 28
6 1089760040287 5
6 1089760040288 3
6 1089760040290 7
6 1089760040292 34
6 1089760040294 27
6 1089760040296 14
6 1089760040299 9
6 1089760040301 11
6 1089760040963 20
6 1089760040964 21
6 1089760040965 147
6 1089760040967 7
6 1089760040968 4
6 1089760040969 463
6 1089760040970 13
6 1089760040971 25
6 1089760040972 39
6 1089760040973 63
6 1089760040974 47
6 1089760040975 45
6 1089760040976 432
6 1089760040978 1
6 1089760040979 10
6 1089760040980 6
6 1089760040981 4
6 1089760040982 2
6 1089760040984 231
6 1089760040985 25
6 1089760040987 6
6 1089760040988 51
6 1089760040989 118
6 1089760040990 117
6 1089760040991 10
6 1089760040992 9
6 1089760040993 15
6 1089760040994 22
6 1089760040996 13
6 1089760040998 27
6 1089760040999 52
6 1089760041000 9
6 1089760041001 6
6 1089760041003 71
6 1089760041004 10
6 1089760041005 10
6 1089760041006 72
6 1089760041007 10
6 1089760041009 14
6 1089760041010 1
6 1089760041680 12
6 1089760041681 3
6 1089760041682 102
6 1089760041683 12
6 1089760041684 4
6 1089760041685 5
6 1089760041686 3
6 1089760041687 3
6 1089760041688 16
6 1089760041689 7
6 1089760041690 8
6 1089760041692 145
6 1089760041693 12
6 1089760041694 9
6 1089760041695 5
6 1089760041696 9
6 1089760041700 7
6 1089760041701 14
6 1089760041702 11
6 1089760041703 6
6 1089760041704 22
6 1089760041705 8
6 1089760041706 2
6 1089760041709 11
6 1089760041711 15
6 1089760041712 17
6 1089760041714 8
6 1089760041716 13
6 1089760041717 28
6 1089760041718 123
6 1089760041719 23
6 1089760041721 8
6 1089760041723 4
6 1089760041724 125
6 1089760041725 27
6 1089760041726 64
6 1089760042411 28
6 1089760042412 10
6 1089760042413 9
6 1089760042414 9
6 1089760042415 42
6 1089760042416 32
6 1089760042417 3
6 1089760042419 19
6 1089760042420 11
6 1089760042421 12
6 1089760042422 2
6 1089760042423 7
6 1089760042424 8
6 1089760042426 401
6 1089760042427 17
6 1089760042428 7
6 1089760042429 15
6 1089760042430 40
6 1089760042432 1011
6 1089760042433 107
6 1089760042434 2
6 1089760042435 31
6 1089760042436 11
6 1089760042437 9
6 1089760042438 8
6 1089760042439 14
6 1089760042440 10
6 1089760042441 9
6 1089760042442 484
6 1089760042446 85
6 1089760042447 15
6 1089760042448 2
6 1089760042449 7
6 1089760042451 9
6 1089760042453 30
6 1089760042454 17
6 1089760042455 18
6 1089760042457 7
6 1089760042458 5
6 1089760042459 26
6 1089760042460 6
6 1089760043134 54
6 1089760043135 11
6 1089760043136 69
6 1089760043137 5
6 1089760043138 29
6 1089760043139 373
6 1089760043140 2
6 1089760043141 8
6 1089760043142 27
6 1089760043144 21
6 1089760043145 30
6 1089760043146 11
6 1089760043147 2
6 1089760043148 12
6 1089760043149 21
6 1089760043150 8
6 1089760043151 14
6 1089760043152 25
6 1089760043153 2
6 1089760043154 16
6 1089760043155 3
6 1089760043156 113
6 1089760043157 6
6 1089760043158 137
6 1089760043161 11
6 1089760043162 39
6 1089760043163 23
6 1089760043166 5
6 1089760043167 5
6 1089760043168 53
6 1089760043169 7
6 1089760043170 12
6 1089760043171 9
6 1089760043172 33
6 1089760043173 3
6 1089760043176 2
6 1089760043177 12
6 1089760043178 6
6 1089760043179 6
6 1089760043180 607
6 1089760043469 19
6 1089760043470 12
6 1089760043472 8
6 1089760043474 14
6 1089760043477 9
6 1089760043478 12
6 1089760043479 1
6 1089760043480 14
6 1089760043481 2
6 1089760043482 10
6 1089760043483 4
6 1089760043484 15
6 1089760043485 3
6 1089760043486 14
6 1089760043487 2
6 1089760043488 18
6 1089760043489 14
6 1089760043492 4
6 1089760043494 16
6 1089760043495 12
6 1089760043497 18
6 1089760043498 3
6 1089760043501 12
6 1089760043502 7
6 1089760043503 10
6 1089760043504 3
6 1089760043505 4
6 1089760043506 15
6 1089760043507 18
6 1089760043508 4
6 1089760043509 18
6 1089760043511 12
6 1089760043512 14
6 1089760043513 15
6 1089760043514 6
6 1089760043515 12
6 1089760043516 4
6 1089760044672 5
6 1089760044673 10
6 1089760044674 17
6 1089760044675 4
6 1089760044676 17
6 1089760044677 16
6 1089760044678 16
6 1089760044679 2
6 1089760044681 6
6 1089760044682 10
6 1089760044685 8
6 1089760044686 67
6 1089760044688 3
6 1089760044690 2
6 1089760044691 9
6 1089760044692 7
6 1089760044695 10
6 1089760044696 56
6 1089760044697 12
6 1089760044698 6
6 1089760044700 8
6 1089760044701 6
6 1089760044702 25
6 1089760044703 17
6 1089760044704 8
6 1089760044705 19
6 1089760044706 330
6 1089760044707 13
6 1089760044708 23
6 1089760044709 12
6 1089760044710 11
6 1089760044711 13
6 1089760044713 2
6 1089760044714 5
6 1089760044715 8
6 1089760044716 182
6 1089760044717 9
6 1089760044718 14
6 1089760044719 10
6 1089760044720 1
6 1089760044721 5
6 1089760045202 5
6 1089760045203 16
6 1089760045204 193
6 1089760045206 132
6 1089760045208 174
6 1089760045211 157
6 1089760045212 8
6 1089760045213 6
6 1089760045214 17
6 1089760045216 15
6 1089760045218 2
6 1089760045219 7
6 1089760045220 15
6 1089760045221 10
6 1089760045222 7
6 1089760045224 3
6 1089760045228 648
6 1089760045229 1
6 1089760045230 2
6 1089760045231 212
6 1089760045232 13
6 1089760045234 4
6 1089760045236 10
6 1089760045237 8
6 1089760045238 2
6 1089760045239 10
6 1089760045240 10
6 1089760045241 17
6 1089760045243 10
6 1089760045244 3
6 1089760045249 5
6 1089760045250 10
6 1089760045251 8
6 1089760045348 3
6 1089760045349 5
6 1089760045350 16
6 1089760045351 9
6 1089760045352 8
6 1089760045353 263
6 1089760045354 3
6 1089760045355 231
6 1089760045356 11
6 1089760045357 4
6 1089760045358 4
6 1089760045359 10
6 1089760045360 7
6 1089760045361 22
6 1089760045362 5
6 1089760045366 172
6 1089760045367 7
6 1089760045368 4
6 1089760045369 17
6 1089760045372 77
6 1089760045373 147
6 1089760045374 13
6 1089760045375 13
6 1089760045376 4
6 1089760045377 112
6 1089760045379 21
6 1089760045380 21
6 1089760045381 8
6 1089760045382 134
6 1089760045383 8
6 1089760045384 6
6 1089760045387 6
6 1089760045388 91
6 1089760045389 9
6 1089760045390 35
6 1089760045391 15
6 1089760045392 300
6 1089760045393 5
6 1089760045394 3
6 1089760045395 12
6 1089760045731 4
6 1089760045732 411
6 1089760045733 106
6 1089760045734 8
6 1089760045735 28
6 1089760045737 18
6 1089760045740 29
6 1089760045741 9
6 1089760045743 6
6 1089760045744 4
6 1089760045745 14
6 1089760045746 224
6 1089760045747 46
6 1089760045748 15
6 1089760045749 249
6 1089760045751 12
6 1089760045752 7
6 1089760045753 8
6 1089760045755 7
6 1089760045756 10
6 1089760045757 3
6 1089760045760 7
6 1089760045761 10
6 1089760045763 7
6 1089760045766 31
6 1089760045767 22
6 1089760045768 9
6 1089760045770 18
6 1089760045771 1
6 1089760045772 79
6 1089760045774 18
6 1089760045775 7
6 1089760045776 18
6 1089760045777 7
6 1089760046213 5
6 1089760046214 2
6 1089760046215 4
6 1089760046216 20
6 1089760046217 8
6 1089760046219 3
6 1089760046223 11
6 1089760046224 13
6 1089760046225 17
6 1089760046226 16
6 1089760046227 7
6 1089760046228 8
6 1089760046229 3
6 1089760046230 12
6 1089760046231 4
6 1089760046232 239
6 1089760046234 15
6 1089760046236 1
6 1089760046237 4
6 1089760046238 2
6 1089760046239 5
6 1089760046240 13
6 1089760046241 61
6 1089760046242 13
6 1089760046244 9
6 1089760046245 214
6 1089760046246 111
6 1089760046248 6
6 1089760046250 11
6 1089760046251 10
6 1089760046252 12
6 1089760046253 160
6 1089760046255 67
6 1089760046256 21
6 1089760046257 22
6 1089760046258 25
6 1089760046259 9
6 1089760048235 10
6 1089760048236 479
6 1089760048237 28
6 1089760048238 25
6 1089760048239 611
6 1089760048240 565
6 1089760048241 371
6 1089760048242 162
6 1089760048243 56
6 1089760048244 23
6 1089760048245 80
6 1089760048246 37
6 1089760048247 126
6 1089760048248 48
6 1089760048249 32
6 1089760048250 17
6 1089760048251 155
6 1089760048252 334
6 1089760048253 26
6 1089760048254 20
6 1089760048255 22
6 1089760048256 23
6 1089760048257 25
6 1089760048258 243
6 1089760048259 75
6 1089760048260 85
6 1089760048261 14
6 1089760048262 22
6 1089760048263 205
6 1089760048264 14
6 1089760048265 163
6 1089760048266 10
6 1089760048267 24
6 1089760048268 168
6 1089760048269 44
6 1089760048270 32
6 1089760048271 20
6 1089760048272 12
6 1089760048273 22
6 1089760048274 17
6 1089760048275 18
6 1089760048276 39
6 1089760048277 29
6 1089760048278 12
6 1089760048279 28
6 1089760048280 19
6 1089760048281 19
6 1089760048282 14
6 1089760048283 230
6 1089760048376 12
6 1089760048377 18
6 1089760048378 27
6 1089760048379 94
6 1089760048380 23
6 1089760048381 65
6 1089760048382 13
6 1089760048383 20
6 1089760048384 27
6 1089760048385 19
6 1089760048386 31
6 1089760048387 20
6 1089760048388 23
6 1089760048389 21
6 1089760048390 34
6 1089760048391 32
6 1089760048392 22
6 1089760048393 17
6 1089760048394 12
6 1089760048395 25
6 1089760048396 48
6 1089760048397 19
6 1089760048398 22
6 1089760048399 21
6 1089760048400 28
6 1089760048401 90
6 1089760048402 119
6 1089760048403 22
6 1089760048404 149
6 1089760048405 179
6 1089760048406 111
6 1089760048407 30
6 1089760048408 86
6 1089760048409 14
6 1089760048410 107
6 1089760048411 185
6 1089760048412 17
6 1089760048413 89
6 1089760048414 19
6 1089760048415 22
6 1089760048416 8
6 1089760048417 17
6 1089760048418 15
6 1089760048419 24
6 1089760048420 62
6 1089760048421 41
6 1089760048422 8
6 1089760049138 20
6 1089760049139 106
6 1089760049140 10
6 1089760049141 21
6 1089760049142 791
6 1089760049143 20
6 1089760049144 28
6 1089760049145 17
6 1089760049146 19
6 1089760049147 23
6 1089760049148 219
6 1089760049149 32
6 1089760049150 260
6 1089760049151 22
6 1089760049152 23
6 1089760049153 20
6 1089760049154 20
6 1089760049155 14
6 1089760049156 25
6 1089760049157 147
6 1089760049158 635
6 1089760049159 20
6 1089760049160 23
6 1089760049161 16
6 1089760049162 16
6 1089760049163 12
6 1089760049164 35
6 1089760049165 19
6 1089760049166 21
6 1089760049167 14
6 1089760049168 20
6 1089760049169 94
6 1089760049170 26
6 1089760049171 25
6 1089760049172 5
6 1089760049173 18
6 1089760049174 187
6 1089760049175 18
6 1089760049176 157
6 1089760049177 615
6 1089760049178 18
6 1089760049179 16
6 1089760049180 21
6 1089760049181 27
6 1089760049182 33
6 1089760049183 49
6 1089760049184 21
6 1089760049185 150
6 1089760049186 28
6 1089760049187 14
6 1089760051057 23
6 1089760051058 12
6 1089760051059 356
6 1089760051060 12
6 1089760051061 2
6 1089760051062 17
6 1089760051063 18
6 1089760051064 12
6 1089760051065 345
6 1089760051066 22
6 1089760051067 27
6 1089760051068 18
6 1089760051069 25
6 1089760051070 16
6 1089760051071 17
6 1089760051072 8
6 1089760051073 11
6 1089760051075 8
6 1089760051076 19
6 1089760051077 12
6 1089760051078 3
6 1089760051079 14
6 1089760051080 19
6 1089760051081 17
6 1089760051082 25
6 1089760051083 22
6 1089760051084 8
6 1089760051085 9
6 1089760051086 23
6 1089760051087 11
6 1089760051088 6
6 1089760051089 16
6 1089760051090 109
6 1089760051091 117
6 1089760051092 30
6 1089760051093 11
6 1089760051094 71
6 1089760051095 142
6 1089760051096 5
6 1089760051097 31
6 1089760051098 25
6 1089760051099 118
6 1089760051100 26
6 1089760051101 26
6 1089760051102 108
6 1089760051103 24
6 1089760051104 20
6 1089760051105 22
6 1089760051106 28
6 1089760051107 15
6 1089760051109 13
6 1089760051110 15
6 1089760051111 22
6 1089760051112 27
6 1089760051113 22
6 1089760051114 10
6 1089760051115 20
6 1089760051116 70
6 1089760051117 8
6 1089760051118 13
6 1089760051119 12
6 1089760051120 7
6 1089760051121 11
6 1089760051122 15
6 1089760051123 8
6 1089760051124 8
6 1089760051125 21
6 1089760051126 10
6 1089760051127 23
6 1089760051128 24
6 1089760051129 24
6 1089760051130 20
6 1089760051131 20
6 1089760051132 9
6 1089760051133 9
6 1089760051134 197
6 1089760051135 8
6 1089760051136 6
6 1089760051137 2
6 1089760051138 15
6 1089760051139 18
6 1089760051140 14
6 1089760051141 32
6 1089760051142 10
6 1089760051143 28
6 1089760051144 13
6 1089760051145 10
6 1089760051146 24
6 1089760051147 63
6 1089760051148 25
6 1089760051149 9
6 1089760051150 20
6 1089760051151 16
6 1089760051152 15
6 1089760051226 4
6 1089760051227 4
6 1089760051256 4
6 1089760051257 4
6 1089760051286 4
6 1089760051287 4
6 1089760051316 4
6 1089760051317 4
6 1089760051346 4
6 1089760051347 4
6 1089760051376 4
6 1089760051377 4
6 1089760051390 4
6 1089760051391 4
6 1089760051440 4
6 1089760051441 4
6 1089760051462 4
6 1089760051463 4
6 1089760051468 4
6 1089760051469 4
6 1089760051484 4
6 1089760051485 4
6 1089760051504 4
6 1089760051505 4
6 1089760051588 4
6 1089760051589 4
6 1089760051594 4
6 1089760051595 4
6 1089760051626 4
6 1089760051627 4
6 1089760051706 4
6 1089760051707 4
6 1089760051708 4
6 1089760051709 171
6 1089760051712 19
6 1089760051713 159
6 1089760051714 15
6 1089760051715 160
6 1089760051716 23
6 1089760051717 18
6 1089760051718 15
6 1089760051719 155
6 1089760051720 162
6 1089760051721 18
6 1089760051722 22
6 1089760051723 19
6 1089760051724 16
6 1089760051725 17
6 1089760051726 14
6 1089760051727 282
6 1089760051728 18
6 1089760051729 22
6 1089760051730 20
6 1089760051731 168
6 1089760051732 140
6 1089760051733 104
6 1089760051734 43
6 1089760051735 23
6 1089760051736 14
6 1089760051737 193
6 1089760051738 13
6 1089760051739 185
6 1089760051740 25
6 1089760051741 51
6 1089760051742 132
6 1089760051743 215
6 1089760051744 13
6 1089760051745 254
6 1089760051746 24
6 1089760051747 15
6 1089760051748 18
6 1089760051749 186
6 1089760051750 20
6 1089760051751 25
6 1089760051752 60
6 1089760051753 22
6 1089760051754 21
6 1089760051755 172
6 1089760051756 20
6 1089760051757 659
6 1089760051758 37
6 1089760051759 151
6 1089760051760 165
6 1089760051761 13
6 1089760051762 17
6 1089760051763 217
6 1089760051764 17
6 1089760051765 13
6 1089760051766 19
6 1089760051767 14
6 1089760051768 19
6 1089760051769 921
6 1089760051770 23
6 1089760051771 95
6 1089760051772 10
6 1089760051773 42
6 1089760051774 880
6 1089760051775 11
6 1089760051776 22
6 1089760051777 18
6 1089760051778 14
6 1089760051779 12
6 1089760051780 23
6 1089760051781 20
6 1089760051782 158
6 1089760051783 54
6 1089760051784 18
6 1089760051785 120
6 1089760051786 16
6 1089760051787 13
6 1089760051788 12
6 1089760051789 24
6 1089760051790 12
6 1089760051791 146
6 1089760051792 36
6 1089760051793 1192
6 1089760051794 122
6 1089760051795 11
6 1089760051796 11
6 1089760051797 132
6 1089760051798 48
6 1089760051799 32
6 1089760051800 22
6 1089760051801 71
6 1089760051802 147
6 1089760051803 33
6 1089760051804 35
6 1089760051805 10
6 1089760051806 331
6 1089760051807 213
6 1089760051808 120
6 1089760051809 14
6 1089760051810 97
6 1089760051811 54
6 1089760051812 75
6 1089760051813 17
6 1089760051814 28
6 1089760051815 150
6 1089760051816 14
6 1089760051817 194
6 1089760051818 25
6 1089760051819 27
6 1089760051820 32
6 1089760051821 18
6 1089760051822 17
6 1089760051823 19
6 1089760051824 36
6 1089760051825 17
6 1089760051826 161
6 1089760051827 74
6 1089760051828 52
6 1089760051829 56
6 1089760051830 14
6 1089760051831 16
6 1089760051832 14
6 1089760051833 37
6 1089760051834 14
6 1089760051835 25
6 1089760051836 20
6 1089760051837 86
6 1089760051838 145
6 1089760051839 42
6 1089760051840 136
6 1089760051841 20
6 1089760051842 23
6 1089760051843 21
6 1089760051844 21
6 1089760051845 177
6 1089760051846 24
6 1089760051847 168
6 1089760051848 12
6 1089760051849 16
6 1089760051850 133
6 1089760051851 21
6 1089760051852 12
6 1089760051853 13
6 1089760051854 21
6 1089760051855 14
6 1089760051856 12
6 1089760051857 30
6 1089760051858 11
6 1089760051859 275
6 1089760051860 32
6 1089760051861 152
6 1089760051862 38
6 1089760051863 18
6 1089760051864 19
6 1089760051865 524
6 1089760051866 16
6 1089760051867 16
6 1089760051868 24
6 1089760051869 23
6 1089760051870 22
6 1089760051871 16
6 1089760051872 19
6 1089760051873 20
6 1089760051874 41
6 1089760051875 36
6 1089760051876 14
6 1089760051877 18
6 1089760051878 14
6 1089760051879 18
6 1089760051880 243
6 1089760051881 248
6 1089760051882 267
6 1089760051883 22
6 1089760051884 74
6 1089760051885 21
6 1089760051886 202
6 1089760051887 19
6 1089760051888 19
6 1089760051889 647
6 1089760051890 17
6 1089760051891 81
6 1089760051892 18
6 1089760051893 58
6 1089760051894 8
6 1089760051895 14
6 1089760051896 51
6 1089760051897 22
6 1089760051898 20
6 1089760051899 17
6 1089760051900 21
6 1089760051901 19
6 1089760051902 29
6 1089760051903 16
6 1089760051904 84
6 1089760051905 46
6 1089760051906 113
6 1089760051907 163
6 1089760051908 16
6 1089760051909 23
6 1089760051910 12
6 1089760051911 19
6 1089760051912 13
6 1089760051913 566
6 1089760051914 258
6 1089760051915 15
6 1089760051916 16
6 1089760051917 348
6 1089760051918 61
6 1089760051919 21
6 1089760051920 503
6 1089760051921 135
6 1089760051922 19
6 1089760051923 30
6 1089760051924 224
6 1089760051925 139
6 1089760051926 233
6 1089760051927 21
6 1089760051928 21
6 1089760051929 19
6 1089760051930 119
6 1089760051931 18
6 1089760051932 13
6 1089760051933 322
6 1089760051934 102
6 1089760051935 321
6 1089760051936 15
6 1089760051937 156
6 1089760051938 21
6 1089760051939 80
6 1089760051940 16
6 1089760051941 98
6 1089760051942 153
6 1089760051943 14
6 1089760051944 20
6 1089760051945 16
6 1089760051946 15
6 1089760051947 13
6 1089760051948 23
6 1089760051949 832
6 1089760051950 16
6 1089760051951 17
6 1089760051952 43
6 1089760051953 402
6 1089760051954 36
6 1089760051955 26
6 1089760051956 17
6 1089760051957 16
6 1089760051958 31
6 1089760051959 36
6 1089760051960 30
6 1089760051961 17
6 1089760051962 32
6 1089760051963 50
6 1089760051964 33
6 1089760051965 17
6 1089760051966 27
6 1089760051967 30
6 1089760051968 502
6 1089760051969 22
6 1089760051970 21
6 1089760051971 206
6 1089760051972 21
6 1089760051973 336
6 1089760051974 43
6 1089760051975 18
6 1089760051976 17
6 1089760051977 76
6 1089760051978 10
6 1089760051979 22
6 1089760051980 68
6 1089760051981 110
6 1089760051982 22
6 1089760051983 20
6 1089760051984 17
6 1089760051985 20
6 1089760051986 24
6 1089760051987 15
6 1089760051988 27
6 1089760051989 18
6 1089760051990 14
6 1089760051991 80
6 1089760051992 26
6 1089760051993 92
6 1089760051994 25
6 1089760051995 29
6 1089760051996 72
6 1089760051997 27
6 1089760051998 25
6 1089760051999 580
6 1089760052000 27
6 1089760052001 22
6 1089760052002 161
6 1089760052003 18
6 1089760052004 16
6 1089760052005 21
6 1089760052006 16
6 1089760052007 34
6 1089760052008 18
6 1089760052009 147
6 1089760052010 11
6 1089760052011 54
6 1089760052012 232
6 1089760052013 25
6 1089760052014 492
6 1089760052015 22
6 1089760052016 9
6 1089760052017 41
6 1089760052018 16
6 1089760052019 39
6 1089760052020 11
6 1089760052021 21
6 1089760052022 90
6 1089760052023 10
6 1089760052024 21
6 1089760052025 13
6 1089760052026 13
6 1089760052027 36
6 1089760052028 23
6 1089760052029 26
6 1089760052030 29
6 1089760052031 20
6 1089760052032 17
6 1089760052033 17
6 1089760052034 12
6 1089760052035 21
6 1089760052036 20
6 1089760052037 182
6 1089760052038 12
6 1089760052039 91
6 1089760052040 26
6 1089760052041 18
6 1089760052042 18
6 1089760052043 142
6 1089760052044 14
6 1089760052045 106
6 1089760052046 17
6 1089760052047 29
6 1089760052048 43
6 1089760052049 17
6 1089760052050 16
6 1089760052051 12
6 1089760052052 16
6 1089760052053 21
6 1089760052054 24
6 1089760052055 19
6 1089760052056 21
6 1089760052057 42
6 1089760052058 11
6 1089760052059 23
6 1089760052060 122
6 1089760052061 16
6 1089760052062 14
6 1089760052063 29
6 1089760052064 23
6 1089760052065 139
6 1089760052066 15
6 1089760052067 173
6 1089760052068 19
6 1089760052069 15
6 1089760052070 16
6 1089760052071 66
6 1089760052072 232
6 1089760052073 25
6 1089760052074 17
6 1089760052075 346
6 1089760052076 9
6 1089760052077 45
6 1089760052078 16
6 1089760052079 15
6 1089760052080 19
6 1089760052081 25
6 1089760052082 288
6 1089760052083 15
6 1089760052084 18
6 1089760052085 136
6 1089760052086 22
6 1089760052087 19
6 1089760052088 20
6 1089760052089 11
6 1089760052090 16
6 1089760052091 15
6 1089760052092 16
6 1089760052093 14
6 1089760052094 15
6 1089760052095 192
6 1089760052096 13
6 1089760052097 194
6 1089760052098 260
6 1089760052099 529
6 1089760052100 22
6 1089760052101 15
6 1089760052102 25
6 1089760052103 19
6 1089760052104 22
6 1089760052105 13
6 1089760052106 15
6 1089760052107 16
6 1089760052108 23
6 1089760052109 15
6 1089760052110 13
6 1089760052111 62
6 1089760052112 65
6 1089760052113 16
6 1089760052114 29
6 1089760052115 8
6 1089760052116 83
6 1089760052117 10
6 1089760052118 20
6 1089760052119 27
6 1089760052120 25
6 1089760052121 29
6 1089760052122 20
6 1089760052123 14
6 1089760052124 28
6 1089760052125 16
6 1089760052126 16
6 1089760052127 10
6 1089760052128 17
6 1089760052129 11
6 1089760052130 309
6 1089760052131 34
6 1089760052132 168
6 1089760052133 222
6 1089760052134 43
6 1089760052135 16
6 1089760052136 13
6 1089760052137 15
6 1089760052138 96
6 1089760052139 26
6 1089760052140 20
6 1089760052141 24
6 1089760052142 51
6 1089760052143 13
6 1089760052144 14
6 1089760052145 20
6 1089760052146 16
6 1089760052147 81
6 1089760052148 22
6 1089760052149 19
6 1089760052150 19
6 1089760052151 145
6 1089760052152 13
6 1089760052153 30
6 1089760052154 21
6 1089760052155 21
6 1089760052156 14
6 1089760052157 19
6 1089760052158 106
6 1089760052159 21
6 1089760052160 31
6 1089760052161 144
6 1089760052162 19
6 1089760052163 18
6 1089760052164 22
6 1089760052165 19
6 1089760052166 16
6 1089760052167 43
6 1089760052168 36
6 1089760052169 17
6 1089760052170 363
6 1089760052171 19
6 1089760052172 301
6 1089760052173 571
6 1089760052174 36
6 1089760052175 19
6 1089760052176 18
6 1089760052177 18
6 1089760052178 25
6 1089760052179 14
6 1089760052180 113
6 1089760052181 164
6 1089760052182 45
6 1089760052183 17
6 1089760052184 18
6 1089760052185 42
6 1089760052186 93
6 1089760052187 29
6 1089760052188 17
6 1089760052189 22
6 1089760052190 24
6 1089760052191 28
6 1089760052192 29
6 1089760052193 21
6 1089760052194 22
6 1089760052195 24
6 1089760052196 21
6 1089760052197 17
6 1089760052198 55
6 1089760052199 29
6 1089760052200 24
6 1089760052201 21
6 1089760052202 17
6 1089760052203 22
6 1089760052204 21
6 1089760052205 36
6 1089760052206 36
6 1089760052207 23
6 1089760052208 35
6 1089760052209 161
6 1089760052210 17
6 1089760052211 188
6 1089760052212 17
6 1089760052213 25
6 1089760052214 60
6 1089760052215 24
6 1089760052216 20
6 1089760052217 23
6 1089760052218 173
6 1089760052219 17
6 1089760052220 17
6 1089760052221 208
6 1089760052222 64
6 1089760052223 28
6 1089760052328 289
6 1089760052329 19
6 1089760052330 42
6 1089760052331 26
6 1089760052332 217
6 1089760052333 1004
6 1089760052334 30
6 1089760052335 194
6 1089760052448 71
6 1089760052449 196
6 1089760052450 41
6 1089760052451 17
6 1089760052452 24
6 1089760052453 13
6 1089760052454 160
6 1089760052455 26
6 1089760052568 29
6 1089760052569 294
6 1089760052570 24
6 1089760052571 23
6 1089760052572 144
6 1089760052573 35
6 1089760052574 393
6 1089760052575 29
6 1089760052688 17
6 1089760052689 22
6 1089760052690 25
6 1089760052691 22
6 1089760052692 20
6 1089760052693 68
6 1089760052694 13
6 1089760052695 14
6 1089760052808 32
6 1089760052809 19
6 1089760052810 14
6 1089760052811 25
6 1089760052812 208
6 1089760052813 374
6 1089760052814 201
6 1089760052815 217
6 1089760052928 79
6 1089760052929 27
6 1089760052930 251
6 1089760052931 36
6 1089760052932 18
6 1089760052933 11
6 1089760052934 18
6 1089760052935 23
6 1089760052984 29
6 1089760052985 18
6 1089760052986 27
6 1089760052987 21
6 1089760052988 26
6 1089760052989 18
6 1089760052990 30
6 1089760052991 45
6 1089760053184 127
6 1089760053185 45
6 1089760053186 21
6 1089760053187 23
6 1089760053188 204
6 1089760053189 26
6 1089760053190 18
6 1089760053191 98
6 1089760053272 28
6 1089760053273 129
6 1089760053274 116
6 1089760053275 8
6 1089760053276 20
6 1089760053277 43
6 1089760053278 43
6 1089760053279 468
6 1089760053296 19
6 1089760053297 21
6 1089760053298 18
6 1089760053299 20
6 1089760053300 25
6 1089760053301 24
6 1089760053302 18
6 1089760053303 1278
6 1089760053360 318
6 1089760053361 101
6 1089760053362 72
6 1089760053363 29
6 1089760053364 16
6 1089760053365 19
6 1089760053366 18
6 1089760053367 21
6 1089760053440 16
6 1089760053441 1
6 1089760053442 39
6 1089760053443 20
6 1089760053444 43
6 1089760053445 19
6 1089760053446 21
6 1089760053447 181
6 1089760053776 35
6 1089760053777 342
6 1089760053778 46
6 1089760053779 30
6 1089760053780 28
6 1089760053781 29
6 1089760053782 26
6 1089760053783 34
6 1089760053800 142
6 1089760053801 32
6 1089760053802 153
6 1089760053803 51
6 1089760053804 140
6 1089760053805 28
6 1089760053806 141
6 1089760053807 286
6 1089760053928 26
6 1089760053929 93
6 1089760053930 31
6 1089760053931 30
6 1089760053932 40
6 1089760053933 34
6 1089760053934 29
6 1089760053935 159
6 1089760054248 26
6 1089760054249 396
6 1089760054250 700
6 1089760054251 95
6 1089760054252 28
6 1089760054253 81
6 1089760054254 29
6 1089760054255 135
6 1089760054256 29
6 1089760054257 29
6 1089760054258 20
6 1089760054259 28
6 1089760054260 32
6 1089760054261 58
6 1089760054262 30
6 1089760054263 34
7 1089760034880 27
7 1089760034881 35
7 1089760034882 16
7 1089760034883 20
7 1089760034884 26
7 1089760034885 20
7 1089760034886 30
7 1089760034887 135
7 1089760034888 16
7 1089760034889 62
7 1089760034890 26
7 1089760034891 36
7 1089760034892 37
7 1089760034893 73
7 1089760034894 36
7 1089760034895 464
7 1089760035120 397
7 1089760035121 251
7 1089760035122 131
7 1089760035123 18
7 1089760035124 69
7 1089760035125 38
7 1089760035126 16
7 1089760035127 117
7 1089760035128 36
7 1089760035129 54
7 1089760035130 308
7 1089760035131 26
7 1089760035132 144
7 1089760035133 27
7 1089760035134 48
7 1089760035135 87
7 1089760035360 28
7 1089760035361 61
7 1089760035362 175
7 1089760035363 206
7 1089760035364 24
7 1089760035365 263
7 1089760035366 39
7 1089760035367 18
7 1089760035368 18
7 1089760035369 181
7 1089760035370 312
7 1089760035371 28
7 1089760035372 115
7 1089760035373 135
7 1089760035374 56
7 1089760035375 146
7 1089760035600 151
7 1089760035601 108
7 1089760035602 35
7 1089760035603 179
7 1089760035604 18
7 1089760035605 80
7 1089760035606 28
7 1089760035607 141
7 1089760035608 29
7 1089760035609 43
7 1089760035610 20
7 1089760035611 58
7 1089760035612 208
7 1089760035613 152
7 1089760035614 187
7 1089760035615 26
7 1089760035840 29
7 1089760035841 64
7 1089760035842 205
7 1089760035843 342
7 1089760035844 35
7 1089760035845 24
7 1089760035846 127
7 1089760035847 24
7 1089760035848 99
7 1089760035849 31
7 1089760035850 24
7 1089760035851 23
7 1089760035852 25
7 1089760035853 22
7 1089760035854 96
7 1089760035855 300
7 1089760036080 22
7 1089760036081 130
7 1089760036082 127
7 1089760036083 309
7 1089760036084 178
7 1089760036085 24
7 1089760036086 22
7 1089760036087 341
7 1089760036088 34
7 1089760036089 124
7 1089760036090 24
7 1089760036091 24
7 1089760036092 271
7 1089760036093 23
7 1089760036094 20
7 1089760036095 28
7 1089760036736 20
7 1089760036737 47
7 1089760036738 22
7 1089760036739 24
7 1089760036740 24
7 1089760036741 80
7 1089760036742 98
7 1089760036743 103
7 1089760036744 26
7 1089760036745 20
7 1089760036746 12
7 1089760036747 36
7 1089760036748 16
7 1089760036749 511
7 1089760036750 28
7 1089760036751 32
7 1089760036912 124
7 1089760036913 28
7 1089760036914 189
7 1089760036915 26
7 1089760036916 28
7 1089760036917 24
7 1089760036918 53
7 1089760036919 40
7 1089760036920 26
7 1089760036921 114
7 1089760036922 30
7 1089760036923 251
7 1089760036924 323
7 1089760036925 148
7 1089760036926 26
7 1089760036927 142
7 1089760037088 244
7 1089760037089 46
7 1089760037090 458
7 1089760037091 54
7 1089760037092 38
7 1089760037093 288
7 1089760037094 62
7 1089760037095 413
7 1089760037096 37
7 1089760037097 41
7 1089760037098 26
7 1089760037099 175
7 1089760037100 347
7 1089760037101 179
7 1089760037102 41
7 1089760037103 27
7 1089760037184 30
7 1089760037185 37
7 1089760037186 110
7 1089760037187 223
7 1089760037188 53
7 1089760037189 26
7 1089760037190 465
7 1089760037191 30
7 1089760037192 156
7 1089760037193 687
7 1089760037194 453
7 1089760037195 21
7 1089760037196 29
7 1089760037197 174
7 1089760037198 40
7 1089760037199 142
7 1089760037408 96
7 1089760037409 28
7 1089760037410 196
7 1089760037411 30
7 1089760037412 28
7 1089760037413 212
7 1089760037414 52
7 1089760037415 1146
7 1089760037416 11
7 1089760037417 34
7 1089760037418 164
7 1089760037419 18
7 1089760037420 26
7 1089760037421 30
7 1089760037422 16
7 1089760037423 22
7 1089760037584 93
7 1089760037585 59
7 1089760037586 247
7 1089760037587 166
7 1089760037588 26
7 1089760037589 16
7 1089760037590 41
7 1089760037591 1097
7 1089760037592 88
7 1089760037593 29
7 1089760037594 451
7 1089760037595 42
7 1089760037596 24
7 1089760037597 124
7 1089760037598 155
7 1089760037599 26
7 1089760038192 140
7 1089760038193 6
7 1089760038194 11
7 1089760038195 6
7 1089760038196 6
7 1089760038197 134
7 1089760038198 4
7 1089760038199 8
7 1089760038200 6
7 1089760038201 6
7 1089760038202 8
7 1089760038203 10
7 1089760038204 211
7 1089760038205 16
7 1089760038206 8
7 1089760038207 12
7 1089760038736 151
7 1089760038737 6
7 1089760038738 6
7 1089760038739 14
7 1089760038740 14
7 1089760038741 14
7 1089760038742 12
7 1089760038743 14
7 1089760038744 252
7 1089760038745 10
7 1089760038746 10
7 1089760038747 10
7 1089760038748 16
7 1089760038749 14
7 1089760038750 12
7 1089760038751 12
7 1089760039102 3
7 1089760039103 23
7 1089760039104 79
7 1089760039105 31
7 1089760039106 14
7 1089760039107 507
7 1089760039108 20
7 1089760039109 17
7 1089760039110 51
7 1089760039111 27
7 1089760039112 44
7 1089760039113 145
7 1089760039114 40
7 1089760039115 543
7 1089760039116 36
7 1089760039117 8
7 1089760039118 20
7 1089760039119 331
7 1089760039120 41
7 1089760039121 24
7 1089760039122 116
7 1089760039123 34
7 1089760039124 1020
7 1089760039125 3
7 1089760039126 30
7 1089760039127 38
7 1089760039128 21
7 1089760039129 117
7 1089760039130 30
7 1089760039131 65
7 1089760039132 99
7 1089760039133 218
7 1089760039134 13
7 1089760039135 1214
7 1089760039136 98
7 1089760039137 144
7 1089760039138 418
7 1089760039139 58
7 1089760039140 16
7 1089760039141 25
7 1089760039142 13
7 1089760039143 33
7 1089760039144 206
7 1089760039145 18
7 1089760039146 36
7 1089760039147 110
7 1089760039148 7
7 1089760039149 42
7 1089760039150 18
7 1089760039822 9
7 1089760039823 179
7 1089760039824 22
7 1089760039825 54
7 1089760039826 29
7 1089760039827 285
7 1089760039828 22
7 1089760039829 11
7 1089760039830 33
7 1089760039831 131
7 1089760039832 17
7 1089760039833 236
7 1089760039834 268
7 1089760039835 378
7 1089760039836 86
7 1089760039837 99
7 1089760039838 250
7 1089760039839 39
7 1089760039840 162
7 1089760039841 160
7 1089760039842 135
7 1089760039843 44
7 1089760039844 813
7 1089760039845 48
7 1089760039846 176
7 1089760039847 128
7 1089760039848 158
7 1089760039849 10
7 1089760039850 31
7 1089760039851 9
7 1089760039852 13
7 1089760039853 300
7 1089760039854 21
7 1089760039855 36
7 1089760039856 184
7 1089760039857 16
7 1089760039858 52
7 1089760039859 65
7 1089760039860 57
7 1089760039861 41
7 1089760039862 35
7 1089760039863 18
7 1089760039864 22
7 1089760039865 18
7 1089760039866 415
7 1089760039867 21
7 1089760039868 28
7 1089760039869 191
7 1089760039870 41
7 1089760039871 11
7 1089760040535 274
7 1089760040536 145
7 1089760040537 38
7 1089760040538 86
7 1089760040539 144
7 1089760040540 31
7 1089760040541 35
7 1089760040542 505
7 1089760040543 622
7 1089760040544 25
7 1089760040545 124
7 1089760040546 275
7 1089760040547 88
7 1089760040548 71
7 1089760040549 21
7 1089760040550 169
7 1089760040551 39
7 1089760040552 67
7 1089760040553 95
7 1089760040554 15
7 1089760040555 104
7 1089760040556 163
7 1089760040557 76
7 1089760040558 197
7 1089760040559 21
7 1089760040560 146
7 1089760040561 107
7 1089760040562 21
7 1089760040563 45
7 1089760040564 15
7 1089760040565 14
7 1089760040566 27
7 1089760040567 96
7 1089760040568 175
7 1089760040569 51
7 1089760040570 137
7 1089760040571 18
7 1089760040572 35
7 1089760040573 21
7 1089760040574 23
7 1089760040575 21
7 1089760040576 12
7 1089760040577 10
7 1089760040578 185
7 1089760040579 10
7 1089760040580 66
7 1089760040581 20
7 1089760040582 86
7 1089760040583 25
7 1089760040584 44
7 1089760040585 264
7 1089760041246 14
7 1089760041247 561
7 1089760041248 72
7 1089760041249 198
7 1089760041250 262
7 1089760041251 78
7 1089760041252 51
7 1089760041253 105
7 1089760041254 23
7 1089760041255 133
7 1089760041256 500
7 1089760041257 44
7 1089760041258 22
7 1089760041259 23
7 1089760041260 12
7 1089760041261 24
7 1089760041262 18
7 1089760041263 48
7 1089760041264 26
7 1089760041265 92
7 1089760041266 13
7 1089760041267 27
7 1089760041268 15
7 1089760041269 489
7 1089760041270 44
7 1089760041271 30
7 1089760041272 79
7 1089760041273 14
7 1089760041274 97
7 1089760041275 25
7 1089760041276 351
7 1089760041277 13
7 1089760041278 23
7 1089760041279 18
7 1089760041280 473
7 1089760041281 102
7 1089760041282 258
7 1089760041283 45
7 1089760041284 24
7 1089760041285 22
7 1089760041286 23
7 1089760041287 77
7 1089760041288 21
7 1089760041289 353
7 1089760041290 87
7 1089760041291 149
7 1089760041292 29
7 1089760041974 45
7 1089760041975 243
7 1089760041976 121
7 1089760041977 257
7 1089760041978 140
7 1089760041979 963
7 1089760041980 19
7 1089760041981 161
7 1089760041982 5
7 1089760041983 22
7 1089760041984 77
7 1089760041985 23
7 1089760041986 1026
7 1089760041987 124
7 1089760041988 774
7 1089760041989 376
7 1089760041990 21
7 1089760041991 9
7 1089760041992 24
7 1089760041993 26
7 1089760041994 18
7 1089760041995 11
7 1089760041996 44
7 1089760041997 117
7 1089760041998 31
7 1089760041999 352
7 1089760042000 27
7 1089760042001 402
7 1089760042002 70
7 1089760042003 26
7 1089760042004 175
7 1089760042005 19
7 1089760042006 20
7 1089760042007 307
7 1089760042008 119
7 1089760042009 10
7 1089760042010 5
7 1089760042011 20
7 1089760042012 18
7 1089760042013 18
7 1089760042014 180
7 1089760042015 143
7 1089760042016 45
7 1089760042017 156
7 1089760042018 28
7 1089760042019 26
7 1089760042020 8
7 1089760042021 24
7 1089760042022 27
7 1089760042703 4
7 1089760042704 14
7 1089760042705 25
7 1089760042706 16
7 1089760042707 30
7 1089760042708 7
7 1089760042709 43
7 1089760042710 114
7 1089760042711 62
7 1089760042712 196
7 1089760042713 17
7 1089760042714 17
7 1089760042715 11
7 1089760042716 162
7 1089760042717 218
7 1089760042718 14
7 1089760042719 58
7 1089760042720 18
7 1089760042721 23
7 1089760042722 175
7 1089760042723 1317
7 1089760042724 567
7 1089760042725 1480
7 1089760042726 16
7 1089760042727 24
7 1089760042728 75
7 1089760042729 7
7 1089760042730 26
7 1089760042731 47
7 1089760042732 15
7 1089760042733 44
7 1089760042734 16
7 1089760042735 19
7 1089760042736 27
7 1089760042737 168
7 1089760042738 229
7 1089760042739 140
7 1089760042740 27
7 1089760042741 39
7 1089760042742 19
7 1089760042743 37
7 1089760042744 16
7 1089760042745 391
7 1089760042746 33
7 1089760042747 78
7 1089760042748 12
7 1089760042749 391
7 1089760042750 151
7 1089760044672 38
7 1089760044673 20
7 1089760044674 48
7 1089760044675 143
7 1089760044676 30
7 1089760044677 32
7 1089760044678 65
7 1089760044679 182
7 1089760044680 35
7 1089760044681 106
7 1089760044682 7
7 1089760044683 41
7 1089760044684 50
7 1089760044685 31
7 1089760044686 11
7 1089760044687 122
7 1089760044688 44
7 1089760044689 508
7 1089760044690 376
7 1089760044691 17
7 1089760044692 146
7 1089760044693 28
7 1089760044694 23
7 1089760044695 12
7 1089760044696 11
7 1089760044697 12
7 1089760044698 61
7 1089760044699 34
7 1089760044700 13
7 1089760044701 23
7 1089760044702 14
7 1089760044703 10
7 1089760044704 2
7 1089760044705 12
7 1089760044706 11
7 1089760044707 23
7 1089760044708 21
7 1089760044709 273
7 1089760044710 20
7 1089760044711 161
7 1089760044712 483
7 1089760044713 155
7 1089760044714 51
7 1089760044715 329
7 1089760044716 38
7 1089760044717 170
7 1089760044718 15
7 1089760044719 142
7 1089760044720 30
7 1089760045203 406
7 1089760045204 17
7 1089760045205 144
7 1089760045206 39
7 1089760045207 197
7 1089760045208 263
7 1089760045209 30
7 1089760045210 21
7 1089760045211 12
7 1089760045212 461
7 1089760045213 19
7 1089760045214 198
7 1089760045215 45
7 1089760045216 14
7 1089760045217 218
7 1089760045218 128
7 1089760045219 18
7 1089760045220 12
7 1089760045221 14
7 1089760045222 11
7 1089760045223 490
7 1089760045224 12
7 1089760045225 151
7 1089760045226 170
7 1089760045227 609
7 1089760045228 402
7 1089760045229 26
7 1089760045230 42
7 1089760045231 167
7 1089760045232 30
7 1089760045233 32
7 1089760045234 27
7 1089760045235 70
7 1089760045236 214
7 1089760045237 1220
7 1089760045238 120
7 1089760045239 10
7 1089760045240 18
7 1089760045241 15
7 1089760045242 143
7 1089760045243 16
7 1089760045244 162
7 1089760045245 32
7 1089760045246 160
7 1089760045247 32
7 1089760045248 482
7 1089760045249 54
7 1089760045250 380
7 1089760045251 12
7 1089760045730 34
7 1089760045731 19
7 1089760045732 162
7 1089760045733 8
7 1089760045734 20
7 1089760045735 41
7 1089760045736 26
7 1089760045737 325
7 1089760045738 38
7 1089760045739 93
7 1089760045740 364
7 1089760045741 76
7 1089760045742 54
7 1089760045743 700
7 1089760045744 301
7 1089760045745 14
7 1089760045746 16
7 1089760045747 8
7 1089760045748 18
7 1089760045749 10
7 1089760045750 52
7 1089760045751 483
7 1089760045752 140
7 1089760045753 23
7 1089760045754 26
7 1089760045755 13
7 1089760045756 47
7 1089760045757 201
7 1089760045758 30
7 1089760045759 21
7 1089760045760 955
7 1089760045761 16
7 1089760045762 262
7 1089760045763 17
7 1089760045764 17
7 1089760045765 377
7 1089760045766 200
7 1089760045767 289
7 1089760045768 24
7 1089760045769 41
7 1089760045770 33
7 1089760045771 91
7 1089760045772 24
7 1089760045773 166
7 1089760045774 7
7 1089760045775 580
7 1089760045776 12
7 1089760045777 66
7 1089760045778 7
7 1089760046020 20
7 1089760046021 250
7 1089760046022 23
7 1089760046023 48
7 1089760046024 28
7 1089760046025 27
7 1089760046026 29
7 1089760046027 20
7 1089760046028 21
7 1089760046029 25
7 1089760046030 76
7 1089760046031 18
7 1089760046032 15
7 1089760046033 64
7 1089760046034 15
7 1089760046035 161
7 1089760046037 24
7 1089760046038 18
7 1089760046039 21
7 1089760046040 810
7 1089760046041 162
7 1089760046042 20
7 1089760046043 165
7 1089760046044 11
7 1089760046045 121
7 1089760046046 340
7 1089760046047 20
7 1089760046048 238
7 1089760046049 61
7 1089760046050 28
7 1089760046051 656
7 1089760046052 69
7 1089760046053 111
7 1089760046054 26
7 1089760046055 15
7 1089760046056 42
7 1089760046057 141
7 1089760046058 47
7 1089760046059 13
7 1089760046060 296
7 1089760046061 27
7 1089760046062 9
7 1089760046063 8
7 1089760046064 22
7 1089760046065 23
7 1089760046066 51
7 1089760046067 3
7 1089760046694 4
7 1089760046695 653
7 1089760046696 230
7 1089760046697 1354
7 1089760046698 16
7 1089760046699 123
7 1089760046700 26
7 1089760046701 75
7 1089760046702 41
7 1089760046703 73
7 1089760046704 3
7 1089760046705 44
7 1089760046706 27
7 1089760046707 78
7 1089760046708 19
7 1089760046709 13
7 1089760046710 19
7 1089760046711 31
7 1089760046712 92
7 1089760046713 14
7 1089760046714 15
7 1089760046715 28
7 1089760046716 14
7 1089760046717 15
7 1089760046718 5
7 1089760046719 3
7 1089760046720 260
7 1089760046721 21
7 1089760046722 22
7 1089760046723 685
7 1089760046724 3
7 1089760046725 25
7 1089760046726 6
7 1089760046727 20
7 1089760046728 27
7 1089760046729 29
7 1089760046730 31
7 1089760046731 112
7 1089760046732 136
7 1089760046733 15
7 1089760046734 31
7 1089760046735 211
7 1089760046736 378
7 1089760046737 18
7 1089760046738 197
7 1089760046739 13
7 1089760046740 23
7 1089760046741 23
7 1089760046742 54
7 1089760047223 5
7 1089760047224 52
7 1089760047225 87
7 1089760047226 22
7 1089760047227 274
7 1089760047228 1468
7 1089760047229 23
7 1089760047230 457
7 1089760047231 150
7 1089760047232 15
7 1089760047233 110
7 1089760047234 25
7 1089760047235 198
7 1089760047236 12
7 1089760047237 17
7 1089760047238 5
7 1089760047239 50
7 1089760047240 16
7 1089760047241 125
7 1089760047242 20
7 1089760047243 15
7 1089760047244 14
7 1089760047245 34
7 1089760047246 375
7 1089760047247 60
7 1089760047248 191
7 1089760047249 100
7 1089760047250 13
7 1089760047251 37
7 1089760047252 597
7 1089760047253 37
7 1089760047254 515
7 1089760047255 13
7 1089760047256 22
7 1089760047257 88
7 1089760047258 77
7 1089760047259 17
7 1089760047260 124
7 1089760047261 44
7 1089760047262 101
7 1089760047263 87
7 1089760047264 15
7 1089760047265 178
7 1089760047266 349
7 1089760047267 127
7 1089760047268 141
7 1089760047269 1561
7 1089760047270 14
7 1089760047271 9
7 1089760049042 6
7 1089760049043 15
7 1089760049044 7
7 1089760049045 121
7 1089760049046 16
7 1089760049047 2
7 1089760049048 462
7 1089760049049 8
7 1089760049050 18
7 1089760049051 2
7 1089760049052 2
7 1089760049054 2
7 1089760049055 125
7 1089760049056 12
7 1089760049057 5
7 1089760049058 12
7 1089760049059 11
7 1089760049060 2
7 1089760049063 111
7 1089760049064 81
7 1089760049066 4
7 1089760049067 8
7 1089760049069 9
7 1089760049070 11
7 1089760049073 52
7 1089760049074 159
7 1089760049075 99
7 1089760049077 10
7 1089760049078 16
7 1089760049079 6
7 1089760049080 29
7 1089760049081 25
7 1089760049082 11
7 1089760049083 9
7 1089760049084 7
7 1089760049085 18
7 1089760049086 11
7 1089760049087 21
7 1089760049088 17
7 1089760049089 22
7 1089760049090 13
7 1089760050678 382
7 1089760050679 18
7 1089760050680 3
7 1089760050681 9
7 1089760050683 10
7 1089760050685 10
7 1089760050686 6
7 1089760050687 6
7 1089760050688 14
7 1089760050690 21
7 1089760050691 12
7 1089760050692 8
7 1089760050693 1
7 1089760050694 15
7 1089760050695 13
7 1089760050696 11
7 1089760050697 13
7 1089760050698 9
7 1089760050699 7
7 1089760050700 20
7 1089760050701 58
7 1089760050702 2
7 1089760050704 109
7 1089760050705 3
7 1089760050706 16
7 1089760050707 6
7 1089760050708 11
7 1089760050709 15
7 1089760050710 6
7 1089760050711 10
7 1089760050712 8
7 1089760050713 12
7 1089760050714 5
7 1089760050715 8
7 1089760050716 23
7 1089760050717 13
7 1089760050718 15
7 1089760050719 5
7 1089760050720 6
7 1089760050721 6
7 1089760051208 4
7 1089760051209 4
7 1089760051238 4
7 1089760051239 4
7 1089760051268 4
7 1089760051269 4
7 1089760051298 4
7 1089760051299 4
7 1089760051328 4
7 1089760051329 4
7 1089760051358 4
7 1089760051359 4
7 1089760051440 4
7 1089760051441 4
7 1089760051462 4
7 1089760051463 4
7 1089760051484 599
7 1089760051485 4
7 1089760051496 4
7 1089760051497 4
7 1089760051524 4
7 1089760051525 4
7 1089760051546 4
7 1089760051547 4
7 1089760051622 4
7 1089760051623 338
7 1089760051690 78
7 1089760051691 4
7 1089760051712 262
7 1089760051713 289
7 1089760051714 27
7 1089760051715 116
7 1089760051716 449
7 1089760051717 128
7 1089760051718 358
7 1089760051719 58
7 1089760051720 406
7 1089760051721 25
7 1089760051722 35
7 1089760051723 26
7 1089760051724 40
7 1089760051725 27
7 1089760051726 24
7 1089760051727 45
7 1089760051728 505
7 1089760051729 475
7 1089760051730 128
7 1089760051731 107
7 1089760051732 26
7 1089760051733 127
7 1089760051734 65
7 1089760051735 44
7 1089760051736 157
7 1089760051737 80
7 1089760051738 20
7 1089760051739 23
7 1089760051740 212
7 1089760051741 19
7 1089760051742 48
7 1089760051743 36
7 1089760051744 298
7 1089760051745 320
7 1089760051746 49
7 1089760051747 55
7 1089760051748 144
7 1089760051749 61
7 1089760051750 30
7 1089760051751 16
7 1089760051752 311
7 1089760051753 142
7 1089760051754 15
7 1089760051755 143
7 1089760051756 337
7 1089760051757 45
7 1089760051758 35
7 1089760051759 211
7 1089760051760 41
7 1089760051761 75
7 1089760051762 157
7 1089760051763 32
7 1089760051764 162
7 1089760051765 48
7 1089760051766 170
7 1089760051767 161
7 1089760051768 28
7 1089760051769 54
7 1089760051770 101
7 1089760051771 701
7 1089760051772 44
7 1089760051773 167
7 1089760051774 703
7 1089760051775 226
7 1089760051776 67
7 1089760051777 28
7 1089760051778 164
7 1089760051779 25
7 1089760051780 21
7 1089760051781 110
7 1089760051782 31
7 1089760051783 50
7 1089760051784 53
7 1089760051785 167
7 1089760051786 33
7 1089760051787 160
7 1089760051788 124
7 1089760051789 33
7 1089760051790 117
7 1089760051791 275
7 1089760051792 311
7 1089760051793 142
7 1089760051794 25
7 1089760051795 33
7 1089760051796 1143
7 1089760051797 38
7 1089760051798 23
7 1089760051799 325
7 1089760051800 336
7 1089760051801 19
7 1089760051802 61
7 1089760051803 56
7 1089760051804 67
7 1089760051805 115
7 1089760051806 673
7 1089760051807 122
7 1089760051808 215
7 1089760051809 474
7 1089760051810 32
7 1089760051811 22
7 1089760051812 62
7 1089760051813 90
7 1089760051814 189
7 1089760051815 61
7 1089760051816 25
7 1089760051817 565
7 1089760051818 318
7 1089760051819 131
7 1089760051820 112
7 1089760051821 40
7 1089760051822 74
7 1089760051823 23
7 1089760051824 63
7 1089760051825 26
7 1089760051826 51
7 1089760051827 27
7 1089760051828 143
7 1089760051829 131
7 1089760051830 76
7 1089760051831 42
7 1089760051832 35
7 1089760051833 1211
7 1089760051834 29
7 1089760051835 68
7 1089760051836 29
7 1089760051837 296
7 1089760051838 56
7 1089760051839 211
7 1089760051840 352
7 1089760051841 23
7 1089760051842 16
7 1089760051843 36
7 1089760051844 765
7 1089760051845 214
7 1089760051846 298
7 1089760051847 35
7 1089760051848 22
7 1089760051849 191
7 1089760051850 32
7 1089760051851 23
7 1089760051852 93
7 1089760051853 21
7 1089760051854 226
7 1089760051855 160
7 1089760051856 29
7 1089760051857 194
7 1089760051858 184
7 1089760051859 24
7 1089760051860 46
7 1089760051861 29
7 1089760051862 33
7 1089760051863 127
7 1089760051864 472
7 1089760051865 152
7 1089760051866 53
7 1089760051867 15
7 1089760051868 30
7 1089760051869 98
7 1089760051870 209
7 1089760051871 20
7 1089760051872 28
7 1089760051873 38
7 1089760051874 148
7 1089760051875 223
7 1089760051876 26
7 1089760051877 24
7 1089760051878 18
7 1089760051879 31
7 1089760051880 369
7 1089760051881 53
7 1089760051882 60
7 1089760051883 20
7 1089760051884 30
7 1089760051885 42
7 1089760051886 32
7 1089760051887 358
7 1089760051888 198
7 1089760051889 37
7 1089760051890 148
7 1089760051891 301
7 1089760051892 25
7 1089760051893 43
7 1089760051894 122
7 1089760051895 53
7 1089760051896 22
7 1089760051897 657
7 1089760051898 213
7 1089760051899 132
7 1089760051900 29
7 1089760051901 162
7 1089760051902 84
7 1089760051903 33
7 1089760051904 184
7 1089760051905 540
7 1089760051906 17
7 1089760051907 69
7 1089760051908 26
7 1089760051909 487
7 1089760051910 109
7 1089760051911 71
7 1089760051912 161
7 1089760051913 225
7 1089760051914 39
7 1089760051915 61
7 1089760051916 33
7 1089760051917 376
7 1089760051918 118
7 1089760051919 57
7 1089760051920 34
7 1089760051921 133
7 1089760051922 184
7 1089760051923 180
7 1089760051924 23
7 1089760051925 459
7 1089760051926 28
7 1089760051927 40
7 1089760051928 34
7 1089760051929 48
7 1089760051930 139
7 1089760051931 53
7 1089760051932 44
7 1089760051933 29
7 1089760051934 27
7 1089760051935 29
7 1089760051936 30
7 1089760051937 551
7 1089760051938 30
7 1089760051939 157
7 1089760051940 253
7 1089760051941 28
7 1089760051942 141
7 1089760051943 16
7 1089760051944 461
7 1089760051945 37
7 1089760051946 994
7 1089760051947 115
7 1089760051948 34
7 1089760051949 176
7 1089760051950 19
7 1089760051951 59
7 1089760051952 41
7 1089760051953 19
7 1089760051954 263
7 1089760051955 132
7 1089760051956 22
7 1089760051957 360
7 1089760051958 70
7 1089760051959 55
7 1089760051960 207
7 1089760051961 19
7 1089760051962 39
7 1089760051963 48
7 1089760051964 1026
7 1089760051965 27
7 1089760051966 114
7 1089760051967 85
7 1089760051968 189
7 1089760051969 36
7 1089760051970 181
7 1089760051971 519
7 1089760051972 78
7 1089760051973 44
7 1089760051974 66
7 1089760051975 25
7 1089760051976 78
7 1089760051977 188
7 1089760051978 21
7 1089760051979 93
7 1089760051980 29
7 1089760051981 24
7 1089760051982 374
7 1089760051983 414
7 1089760051984 79
7 1089760051985 82
7 1089760051986 28
7 1089760051987 14
7 1089760051988 162
7 1089760051989 27
7 1089760051990 744
7 1089760051991 110
7 1089760051992 452
7 1089760051993 500
7 1089760051994 30
7 1089760051995 45
7 1089760051996 23
7 1089760051997 24
7 1089760051998 20
7 1089760051999 210
7 1089760052000 47
7 1089760052001 42
7 1089760052002 208
7 1089760052003 118
7 1089760052004 27
7 1089760052005 875
7 1089760052006 204
7 1089760052007 296
7 1089760052008 27
7 1089760052009 132
7 1089760052010 65
7 1089760052011 27
7 1089760052012 40
7 1089760052013 537
7 1089760052014 22
7 1089760052015 44
7 1089760052016 39
7 1089760052017 307
7 1089760052018 447
7 1089760052019 47
7 1089760052020 37
7 1089760052021 30
7 1089760052022 20
7 1089760052023 22
7 1089760052024 431
7 1089760052025 22
7 1089760052026 38
7 1089760052027 1274
7 1089760052028 675
7 1089760052029 224
7 1089760052030 27
7 1089760052031 54
7 1089760052032 153
7 1089760052033 96
7 1089760052034 676
7 1089760052035 776
7 1089760052036 86
7 1089760052037 148
7 1089760052038 32
7 1089760052039 65
7 1089760052040 291
7 1089760052041 24
7 1089760052042 99
7 1089760052043 59
7 1089760052044 395
7 1089760052045 886
7 1089760052046 175
7 1089760052047 218
7 1089760052048 452
7 1089760052049 19
7 1089760052050 263
7 1089760052051 23
7 1089760052052 519
7 1089760052053 29
7 1089760052054 114
7 1089760052055 117
7 1089760052056 190
7 1089760052057 123
7 1089760052058 1259
7 1089760052059 49
7 1089760052060 22
7 1089760052061 31
7 1089760052062 27
7 1089760052063 80
7 1089760052064 23
7 1089760052065 87
7 1089760052066 43
7 1089760052067 54
7 1089760052068 45
7 1089760052069 106
7 1089760052070 26
7 1089760052071 815
7 1089760052072 144
7 1089760052073 34
7 1089760052074 80
7 1089760052075 614
7 1089760052076 21
7 1089760052077 387
7 1089760052078 35
7 1089760052079 147
7 1089760052080 28
7 1089760052081 21
7 1089760052082 1028
7 1089760052083 238
7 1089760052084 24
7 1089760052085 99
7 1089760052086 59
7 1089760052087 351
7 1089760052088 225
7 1089760052089 36
7 1089760052090 38
7 1089760052091 200
7 1089760052092 648
7 1089760052093 87
7 1089760052094 65
7 1089760052095 25
7 1089760052096 54
7 1089760052097 25
7 1089760052098 101
7 1089760052099 98
7 1089760052100 32
7 1089760052101 44
7 1089760052102 167
7 1089760052103 27
7 1089760052104 433
7 1089760052105 671
7 1089760052106 393
7 1089760052107 159
7 1089760052108 509
7 1089760052109 34
7 1089760052110 38
7 1089760052111 41
7 1089760052112 152
7 1089760052113 23
7 1089760052114 50
7 1089760052115 229
7 1089760052116 211
7 1089760052117 21
7 1089760052118 182
7 1089760052119 387
7 1089760052120 99
7 1089760052121 30
7 1089760052122 28
7 1089760052123 43
7 1089760052124 52
7 1089760052125 558
7 1089760052126 364
7 1089760052127 63
7 1089760052128 348
7 1089760052129 175
7 1089760052130 257
7 1089760052131 449
7 1089760052132 573
7 1089760052133 450
7 1089760052134 210
7 1089760052135 195
7 1089760052136 163
7 1089760052137 35
7 1089760052138 202
7 1089760052139 160
7 1089760052140 272
7 1089760052141 559
7 1089760052142 91
7 1089760052143 148
7 1089760052144 163
7 1089760052145 182
7 1089760052146 899
7 1089760052147 37
7 1089760052148 34
7 1089760052149 27
7 1089760052150 41
7 1089760052151 161
7 1089760052152 123
7 1089760052153 16
7 1089760052154 110
7 1089760052155 27
7 1089760052156 18
7 1089760052157 748
7 1089760052158 158
7 1089760052159 259
7 1089760052160 67
7 1089760052161 31
7 1089760052162 179
7 1089760052163 52
7 1089760052164 400
7 1089760052165 78
7 1089760052166 681
7 1089760052167 155
7 1089760052168 268
7 1089760052169 30
7 1089760052170 77
7 1089760052171 39
7 1089760052172 36
7 1089760052173 1086
7 1089760052174 31
7 1089760052175 24
7 1089760052176 173
7 1089760052177 72
7 1089760052178 27
7 1089760052179 28
7 1089760052180 30
7 1089760052181 328
7 1089760052182 212
7 1089760052183 24
7 1089760052184 261
7 1089760052185 40
7 1089760052186 22
7 1089760052187 26
7 1089760052188 125
7 1089760052189 35
7 1089760052190 105
7 1089760052191 148
7 1089760052192 21
7 1089760052193 45
7 1089760052194 31
7 1089760052195 19
7 1089760052196 437
7 1089760052197 174
7 1089760052198 133
7 1089760052199 310
7 1089760052200 76
7 1089760052201 603
7 1089760052202 107
7 1089760052203 56
7 1089760052204 42
7 1089760052205 20
7 1089760052206 236
7 1089760052207 26
7 1089760052208 17
7 1089760052209 494
7 1089760052210 175
7 1089760052211 268
7 1089760052212 30
7 1089760052213 171
7 1089760052214 173
7 1089760052215 22
7 1089760052216 24
7 1089760052217 100
7 1089760052218 48
7 1089760052219 300
7 1089760052220 849
7 1089760052221 170
7 1089760052222 834
7 1089760052223 47
7 1089760052256 70
7 1089760052257 10
7 1089760052258 122
7 1089760052259 14
7 1089760052260 11
7 1089760052261 123
7 1089760052262 38
7 1089760052263 114
7 1089760052376 29
7 1089760052377 289
7 1089760052378 147
7 1089760052379 16
7 1089760052380 9
7 1089760052381 58
7 1089760052382 24
7 1089760052383 22
7 1089760052496 18
7 1089760052497 140
7 1089760052498 18
7 1089760052499 16
7 1089760052500 26
7 1089760052501 56
7 1089760052502 9
7 1089760052503 30
7 1089760052616 15
7 1089760052617 19
7 1089760052618 470
7 1089760052619 19
7 1089760052620 64
7 1089760052621 145
7 1089760052622 19
7 1089760052623 17
7 1089760052736 15
7 1089760052737 21
7 1089760052738 783
7 1089760052739 17
7 1089760052740 74
7 1089760052741 91
7 1089760052742 12
7 1089760052743 219
7 1089760052856 15
7 1089760052857 255
7 1089760052858 158
7 1089760052859 143
7 1089760052860 158
7 1089760052861 24
7 1089760052862 12
7 1089760052863 273
7 1089760053184 125
7 1089760053185 14
7 1089760053186 20
7 1089760053187 18
7 1089760053188 13
7 1089760053189 13
7 1089760053190 353
7 1089760053191 18
7 1089760053272 16
7 1089760053273 15
7 1089760053274 119
7 1089760053275 23
7 1089760053276 153
7 1089760053277 161
7 1089760053278 227
7 1089760053279 16
7 1089760053360 172
7 1089760053361 23
7 1089760053362 15
7 1089760053363 147
7 1089760053364 66
7 1089760053365 14
7 1089760053366 7
7 1089760053367 14
7 1089760053408 13
7 1089760053409 16
7 1089760053410 16
7 1089760053411 15
7 1089760053412 16
7 1089760053413 15
7 1089760053414 16
7 1089760053415 15
7 1089760053520 472
7 1089760053521 13
7 1089760053522 180
7 1089760053523 18
7 1089760053524 10
7 1089760053525 35
7 1089760053526 14
7 1089760053527 9
7 1089760053608 19
7 1089760053609 405
7 1089760053610 30
7 1089760053611 14
7 1089760053612 64
7 1089760053613 146
7 1089760053614 33
7 1089760053615 13
7 1089760053912 1
7 1089760053913 1
7 1089760053914 3
7 1089760053915 1
7 1089760053916 1
7 1089760053917 3
7 1089760053918 5
7 1089760053919 3
7 1089760054184 4
7 1089760054185 3
7 1089760054186 7
7 1089760054187 5
7 1089760054188 4
7 1089760054189 2
7 1089760054190 7
7 1089760054191 6
8 1089760034848 2
8 1089760034850 2
8 1089760034851 4
8 1089760034852 2
8 1089760034853 2
8 1089760034854 2
8 1089760034855 4
8 1089760034856 4
8 1089760034857 2
8 1089760034858 2
8 1089760034859 2
8 1089760034860 4
8 1089760034861 2
8 1089760034862 2
8 1089760034863 2
8 1089760035088 2
8 1089760035089 2
8 1089760035090 2
8 1089760035091 8
8 1089760035092 4
8 1089760035094 6
8 1089760035095 2
8 1089760035097 2
8 1089760035098 4
8 1089760035099 2
8 1089760035100 2
8 1089760035101 2
8 1089760035103 6
8 1089760035331 2
8 1089760035332 6
8 1089760035333 6
8 1089760035334 4
8 1089760035335 6
8 1089760035338 2
8 1089760035339 2
8 1089760035340 6
8 1089760035341 2
8 1089760035343 4
8 1089760035568 2
8 1089760035569 2
8 1089760035570 4
8 1089760035571 2
8 1089760035573 62
8 1089760035574 2
8 1089760035575 2
8 1089760035576 4
8 1089760035577 2
8 1089760035578 2
8 1089760035579 2
8 1089760035580 2
8 1089760035582 98
8 1089760035583 4
8 1089760035808 4
8 1089760035809 6
8 1089760035811 2
8 1089760035812 2
8 1089760035813 2
8 1089760035817 2
8 1089760035818 4
8 1089760035819 2
8 1089760035820 4
8 1089760035822 2
8 1089760035823 4
8 1089760036048 4
8 1089760036049 2
8 1089760036050 2
8 1089760036051 10
8 1089760036052 6
8 1089760036054 2
8 1089760036055 2
8 1089760036056 6
8 1089760036057 2
8 1089760036058 2
8 1089760036059 4
8 1089760036060 4
8 1089760036062 2
8 1089760036304 4
8 1089760036306 2
8 1089760036308 4
8 1089760036310 4
8 1089760036311 4
8 1089760036313 6
8 1089760036314 4
8 1089760036317 2
8 1089760036318 2
8 1089760036319 4
8 1089760036704 4
8 1089760036705 2
8 1089760036706 4
8 1089760036707 2
8 1089760036708 6
8 1089760036709 4
8 1089760036710 4
8 1089760036712 2
8 1089760036713 6
8 1089760036714 4
8 1089760036715 2
8 1089760036716 4
8 1089760036717 2
8 1089760036718 6
8 1089760036719 4
8 1089760036720 2
8 1089760036721 6
8 1089760036722 6
8 1089760036723 2
8 1089760036724 2
8 1089760036725 6
8 1089760036726 4
8 1089760036727 2
8 1089760036728 2
8 1089760036729 8
8 1089760036731 2
8 1089760036732 4
8 1089760036733 4
8 1089760036734 4
8 1089760036735 2
8 1089760036832 2
8 1089760036833 2
8 1089760036834 2
8 1089760036835 4
8 1089760036836 2
8 1089760036837 6
8 1089760036839 2
8 1089760036841 2
8 1089760036842 2
8 1089760036843 2
8 1089760036844 2
8 1089760036845 6
8 1089760036846 4
8 1089760036847 4
8 1089760036976 4
8 1089760036977 2
8 1089760036978 2
8 1089760036979 4
8 1089760036980 4
8 1089760036982 4
8 1089760036983 6
8 1089760036984 2
8 1089760036985 52
8 1089760036986 6
8 1089760036987 6
8 1089760036988 81
8 1089760036989 4
8 1089760036990 81
8 1089760036991 2
8 1089760037600 8
8 1089760037601 2
8 1089760037602 4
8 1089760037603 2
8 1089760037604 2
8 1089760037606 2
8 1089760037608 2
8 1089760037609 4
8 1089760037610 2
8 1089760037614 2
8 1089760037615 2
8 1089760037938 2
8 1089760037967 2
8 1089760038288 2
8 1089760038626 2
8 1089760038632 2
8 1089760038638 2
8 1089760038761 2
8 1089760039007 3
8 1089760039013 5
8 1089760039015 3
8 1089760039016 24
8 1089760039019 3
8 1089760039021 2
8 1089760039024 4
8 1089760039026 8
8 1089760039028 6
8 1089760039029 185
8 1089760039030 124
8 1089760039032 4
8 1089760039034 3
8 1089760039035 2
8 1089760039036 2
8 1089760039039 3
8 1089760039043 6
8 1089760039045 231
8 1089760039048 3
8 1089760039052 4
8 1089760039728 5
8 1089760039732 176
8 1089760039735 3
8 1089760039736 6
8 1089760039739 3
8 1089760039740 1
8 1089760039741 19
8 1089760039745 3
8 1089760039746 3
8 1089760039747 7
8 1089760039749 3
8 1089760039750 2
8 1089760039755 4
8 1089760039759 5
8 1089760039760 1
8 1089760039761 3
8 1089760039762 4
8 1089760039765 5
8 1089760039769 4
8 1089760039773 5
8 1089760039774 8
8 1089760039775 3
8 1089760040451 7
8 1089760040453 3
8 1089760040454 5
8 1089760040456 4
8 1089760040457 13
8 1089760040458 3
8 1089760040459 1
8 1089760040460 1
8 1089760040461 6
8 1089760040462 4
8 1089760040463 2
8 1089760040464 2
8 1089760040472 3
8 1089760040475 5
8 1089760040477 1
8 1089760040478 280
8 1089760040480 4
8 1089760040481 1
8 1089760040486 6
8 1089760040487 4
8 1089760040488 8
8 1089760041155 3
8 1089760041157 3
8 1089760041159 7
8 1089760041164 3
8 1089760041168 4
8 1089760041172 2
8 1089760041176 9
8 1089760041178 8
8 1089760041179 5
8 1089760041184 4
8 1089760041187 4
8 1089760041188 2
8 1089760041190 5
8 1089760041194 34
8 1089760041195 7
8 1089760041197 7
8 1089760041198 1
8 1089760041876 4
8 1089760041877 2
8 1089760041879 5
8 1089760041880 7
8 1089760041886 2
8 1089760041887 3
8 1089760041888 4
8 1089760041891 5
8 1089760041907 5
8 1089760041909 2
8 1089760041911 142
8 1089760041913 5
8 1089760041915 4
8 1089760041916 1
8 1089760041917 8
8 1089760041922 3
8 1089760041924 2
8 1089760041926 3
8 1089760042608 5
8 1089760042610 4
8 1089760042611 2
8 1089760042612 1
8 1089760042616 4
8 1089760042618 5
8 1089760042620 185
8 1089760042621 4
8 1089760042627 3
8 1089760042630 3
8 1089760042632 2
8 1089760042633 4
8 1089760042634 4
8 1089760042635 6
8 1089760042638 59
8 1089760042639 2
8 1089760042642 18
8 1089760042643 11
8 1089760042645 5
8 1089760042647 4
8 1089760042653 5
8 1089760043372 5
8 1089760043374 6
8 1089760043380 4
8 1089760043385 6
8 1089760043387 6
8 1089760043391 4
8 1089760043392 6
8 1089760043394 4
8 1089760043396 2
8 1089760043401 3
8 1089760043402 8
8 1089760043405 6
8 1089760043406 1
8 1089760043407 1
8 1089760043415 5
8 1089760043416 3
8 1089760043419 4
8 1089760043421 4
8 1089760044578 3
8 1089760044579 5
8 1089760044580 2
8 1089760044581 2
8 1089760044584 6
8 1089760044586 4
8 1089760044587 3
8 1089760044590 10
8 1089760044591 2
8 1089760044592 7
8 1089760044595 4
8 1089760044596 2
8 1089760044597 3
8 1089760044603 4
8 1089760044605 9
8 1089760044606 14
8 1089760044607 2
8 1089760044608 2
8 1089760044611 3
8 1089760044614 8
8 1089760044615 5
8 1089760044617 3
8 1089760044619 3
8 1089760044620 7
8 1089760044621 9
8 1089760044622 3
8 1089760044625 4
8 1089760044626 3
8 1089760044628 2
8 1089760044629 1
8 1089760044630 7
8 1089760044631 6
8 1089760044632 2
8 1089760044635 1
8 1089760044638 9
8 1089760044639 1
8 1089760044640 5
8 1089760044641 3
8 1089760044644 3
8 1089760044645 4
8 1089760044646 6
8 1089760044650 1
8 1089760044651 8
8 1089760044652 5
8 1089760044653 3
8 1089760044658 3
8 1089760044661 4
8 1089760044662 1
8 1089760044663 4
8 1089760044665 5
8 1089760044666 8
8 1089760044667 2
8 1089760044671 3
8 1089760044965 5
8 1089760044966 5
8 1089760044969 4
8 1089760044973 13
8 1089760044976 4
8 1089760044978 6
8 1089760044980 6
8 1089760044983 1
8 1089760044990 4
8 1089760044993 3
8 1089760044994 7
8 1089760044998 3
8 1089760045000 2
8 1089760045001 7
8 1089760045003 9
8 1089760045007 300
8 1089760045398 8
8 1089760045399 5
8 1089760045402 6
8 1089760045406 4
8 1089760045407 5
8 1089760045408 5
8 1089760045409 10
8 1089760045414 4
8 1089760045416 3
8 1089760045417 3
8 1089760045418 8
8 1089760045419 9
8 1089760045421 7
8 1089760045422 3
8 1089760045424 3
8 1089760045425 3
8 1089760045426 12
8 1089760045428 2
8 1089760045429 7
8 1089760045431 4
8 1089760045432 6
8 1089760045433 4
8 1089760045434 4
8 1089760045435 3
8 1089760045436 4
8 1089760045437 13
8 1089760045439 2
8 1089760047271 3
8 1089760047272 11
8 1089760047273 2
8 1089760047274 2
8 1089760047275 2
8 1089760047276 3
8 1089760047277 6
8 1089760047282 6
8 1089760047284 1
8 1089760047289 5
8 1089760047296 5
8 1089760047297 1
8 1089760047298 5
8 1089760047300 1
8 1089760047301 4
8 1089760047303 3
8 1089760047314 3
8 1089760047317 4
8 1089760048290 3
8 1089760048374 4
8 1089760049332 5
8 1089760050350 1
8 1089760050365 1
8 1089760050385 7
8 1089760050751 4
8 1089760051204 4
8 1089760051205 4
8 1089760051234 4
8 1089760051235 4
8 1089760051264 4
8 1089760051265 4
8 1089760051294 4
8 1089760051295 4
8 1089760051324 4
8 1089760051325 4
8 1089760051354 4
8 1089760051355 4
8 1089760051386 4
8 1089760051387 4
8 1089760051436 4
8 1089760051437 4
8 1089760051438 4
8 1089760051439 4
8 1089760051452 4
8 1089760051453 4
8 1089760051470 4
8 1089760051471 4
8 1089760051548 4
8 1089760051549 4
8 1089760051568 4
8 1089760051569 4
8 1089760051582 4
8 1089760051583 4
8 1089760051590 4
8 1089760051591 4
8 1089760051592 4
8 1089760051593 4
8 1089760051616 4
8 1089760051617 4
8 1089760051634 4
8 1089760051635 4
8 1089760051676 4
8 1089760051677 4
8 1089760051692 4
8 1089760051693 4
8 1089760051712 3
8 1089760051713 2
8 1089760051714 5
8 1089760051715 3
8 1089760051716 3
8 1089760051717 3
8 1089760051719 3
8 1089760051721 1
8 1089760051722 2
8 1089760051723 4
8 1089760051724 3
8 1089760051725 2
8 1089760051727 6
8 1089760051728 5
8 1089760051729 1
8 1089760051730 1
8 1089760051731 2
8 1089760051732 350
8 1089760051733 1
8 1089760051734 3
8 1089760051735 2
8 1089760051736 1
8 1089760051737 2
8 1089760051738 3
8 1089760051739 4
8 1089760051740 3
8 1089760051741 2
8 1089760051742 3
8 1089760051743 1
8 1089760051744 2
8 1089760051745 1
8 1089760051746 6
8 1089760051747 4
8 1089760051748 3
8 1089760051749 3
8 1089760051750 6
8 1089760051751 1
8 1089760051752 2
8 1089760051754 4
8 1089760051755 2
8 1089760051756 5
8 1089760051757 2
8 1089760051758 1
8 1089760051759 3
8 1089760051760 3
8 1089760051761 4
8 1089760051762 35
8 1089760051763 3
8 1089760051764 1
8 1089760051765 2
8 1089760051766 3
8 1089760051767 1
8 1089760051768 1
8 1089760051769 2
8 1089760051770 2
8 1089760051771 3
8 1089760051772 7
8 1089760051773 6
8 1089760051774 1
8 1089760051775 1
8 1089760051776 3
8 1089760051777 4
8 1089760051778 2
8 1089760051779 73
8 1089760051780 2
8 1089760051781 1
8 1089760051782 3
8 1089760051783 6
8 1089760051784 2
8 1089760051785 2
8 1089760051786 2
8 1089760051787 1
8 1089760051788 3
8 1089760051789 1
8 1089760051790 1
8 1089760051791 8
8 1089760051792 1
8 1089760051795 4
8 1089760051796 28
8 1089760051797 3
8 1089760051798 2
8 1089760051799 2
8 1089760051800 2
8 1089760051801 3
8 1089760051802 1
8 1089760051803 54
8 1089760051805 2
8 1089760051806 3
8 1089760051807 1
8 1089760051808 1
8 1089760051809 3
8 1089760051810 4
8 1089760051811 3
8 1089760051812 4
8 1089760051813 3
8 1089760051814 3
8 1089760051815 2
8 1089760051816 1
8 1089760051817 5
8 1089760051818 2
8 1089760051819 4
8 1089760051820 8
8 1089760051821 1
8 1089760051822 6
8 1089760051823 2
8 1089760051825 5
8 1089760051826 5
8 1089760051827 4
8 1089760051828 4
8 1089760051829 3
8 1089760051830 1
8 1089760051831 3
8 1089760051832 1
8 1089760051833 4
8 1089760051834 2
8 1089760051835 2
8 1089760051836 3
8 1089760051837 3
8 1089760051838 3
8 1089760051839 4
8 1089760051840 2
8 1089760051841 3
8 1089760051842 1
8 1089760051843 3
8 1089760051844 3
8 1089760051845 5
8 1089760051846 4
8 1089760051847 2
8 1089760051848 4
8 1089760051849 3
8 1089760051850 8
8 1089760051851 2
8 1089760051852 1
8 1089760051853 4
8 1089760051854 2
8 1089760051855 4
8 1089760051856 3
8 1089760051857 2
8 1089760051858 3
8 1089760051859 3
8 1089760051860 3
8 1089760051861 4
8 1089760051862 6
8 1089760051863 2
8 1089760051864 2
8 1089760051865 4
8 1089760051866 4
8 1089760051867 31
8 1089760051868 2
8 1089760051869 1
8 1089760051870 1
8 1089760051871 1
8 1089760051872 1
8 1089760051873 47
8 1089760051874 6
8 1089760051875 2
8 1089760051876 2
8 1089760051877 2
8 1089760051878 7
8 1089760051879 4
8 1089760051880 1
8 1089760051881 2
8 1089760051882 1
8 1089760051883 2
8 1089760051884 2
8 1089760051885 8
8 1089760051886 3
8 1089760051887 2
8 1089760051888 4
8 1089760051889 5
8 1089760051890 6
8 1089760051892 3
8 1089760051893 2
8 1089760051895 2
8 1089760051896 4
8 1089760051897 4
8 1089760051898 1
8 1089760051899 2
8 1089760051900 4
8 1089760051901 5
8 1089760051902 2
8 1089760051903 1
8 1089760051904 1
8 1089760051905 1
8 1089760051906 1
8 1089760051907 5
8 1089760051908 48
8 1089760051909 2
8 1089760051911 1
8 1089760051912 4
8 1089760051914 2
8 1089760051915 3
8 1089760051916 1
8 1089760051917 2
8 1089760051918 3
8 1089760051919 4
8 1089760051920 77
8 1089760051921 4
8 1089760051922 1
8 1089760051923 1
8 1089760051924 2
8 1089760051925 5
8 1089760051926 2
8 1089760051927 5
8 1089760051928 1
8 1089760051929 6
8 1089760051930 3
8 1089760051931 7
8 1089760051932 4
8 1089760051933 3
8 1089760051934 4
8 1089760051935 1
8 1089760051936 1
8 1089760051937 38
8 1089760051938 3
8 1089760051939 2
8 1089760051940 2
8 1089760051941 5
8 1089760051942 1
8 1089760051943 4
8 1089760051945 4
8 1089760051946 2
8 1089760051947 2
8 1089760051948 3
8 1089760051949 4
8 1089760051950 1
8 1089760051951 1
8 1089760051952 4
8 1089760051953 1
8 1089760051954 1
8 1089760051955 1
8 1089760051956 6
8 1089760051957 2
8 1089760051958 127
8 1089760051959 2
8 1089760051960 2
8 1089760051961 3
8 1089760051962 2
8 1089760051963 2
8 1089760051964 3
8 1089760051965 3
8 1089760051966 4
8 1089760051967 3
8 1089760051968 2
8 1089760051969 2
8 1089760051970 3
8 1089760051971 2
8 1089760051972 4
8 1089760051973 2
8 1089760051974 1
8 1089760051975 3
8 1089760051976 2
8 1089760051978 5
8 1089760051979 4
8 1089760051980 197
8 1089760051981 1
8 1089760051982 1
8 1089760051983 4
8 1089760051984 5
8 1089760051985 2
8 1089760051986 4
8 1089760051987 4
8 1089760051988 6
8 1089760051989 3
8 1089760051990 1
8 1089760051991 1
8 1089760051992 1
8 1089760051993 1
8 1089760051994 5
8 1089760051995 3
8 1089760051996 1
8 1089760051997 3
8 1089760051998 2
8 1089760052000 6
8 1089760052001 1
8 1089760052002 4
8 1089760052003 135
8 1089760052004 2
8 1089760052005 2
8 1089760052006 2
8 1089760052007 2
8 1089760052008 1
8 1089760052009 67
8 1089760052010 1
8 1089760052011 1
8 1089760052012 4
8 1089760052013 3
8 1089760052014 1
8 1089760052015 6
8 1089760052016 1
8 1089760052017 5
8 1089760052018 3
8 1089760052019 2
8 1089760052020 1
8 1089760052021 3
8 1089760052022 3
8 1089760052023 5
8 1089760052024 1
8 1089760052025 1
8 1089760052026 3
8 1089760052027 1
8 1089760052028 3
8 1089760052029 5
8 1089760052030 3
8 1089760052033 3
8 1089760052034 4
8 1089760052035 6
8 1089760052036 4
8 1089760052037 1
8 1089760052038 3
8 1089760052039 3
8 1089760052040 6
8 1089760052041 2
8 1089760052042 1
8 1089760052043 4
8 1089760052044 1
8 1089760052045 3
8 1089760052046 2
8 1089760052047 3
8 1089760052048 329
8 1089760052049 3
8 1089760052050 1
8 1089760052051 3
8 1089760052052 1
8 1089760052053 2
8 1089760052054 5
8 1089760052055 4
8 1089760052056 2
8 1089760052057 3
8 1089760052058 1
8 1089760052059 4
8 1089760052060 1
8 1089760052061 5
8 1089760052062 3
8 1089760052063 1
8 1089760052064 4
8 1089760052065 1
8 1089760052066 4
8 1089760052068 1
8 1089760052069 4
8 1089760052070 7
8 1089760052071 2
8 1089760052072 2
8 1089760052073 2
8 1089760052077 2
8 1089760052078 3
8 1089760052079 3
8 1089760052081 1
8 1089760052082 1
8 1089760052084 3
8 1089760052085 2
8 1089760052086 2
8 1089760052088 2
8 1089760052089 3
8 1089760052092 3
8 1089760052093 1
8 1089760052094 3
8 1089760052095 1
8 1089760052096 1
8 1089760052097 3
8 1089760052098 1
8 1089760052099 1
8 1089760052100 1
8 1089760052101 1
8 1089760052102 4
8 1089760052103 2
8 1089760052106 1
8 1089760052107 2
8 1089760052108 1
8 1089760052109 1
8 1089760052111 1
8 1089760052113 2
8 1089760052115 1
8 1089760052116 1
8 1089760052117 3
8 1089760052119 2
8 1089760052121 3
8 1089760052122 1
8 1089760052123 2
8 1089760052125 2
8 1089760052126 2
8 1089760052127 1
8 1089760052128 1
8 1089760052131 3
8 1089760052132 2
8 1089760052133 1
8 1089760052134 1
8 1089760052135 2
8 1089760052136 2
8 1089760052137 1
8 1089760052138 1
8 1089760052139 1
8 1089760052140 2
8 1089760052141 1
8 1089760052144 1
8 1089760052145 1
8 1089760052146 2
8 1089760052147 1
8 1089760052148 2
8 1089760052149 3
8 1089760052150 2
8 1089760052151 1
8 1089760052154 1
8 1089760052155 1
8 1089760052156 2
8 1089760052157 126
8 1089760052158 1
8 1089760052159 1
8 1089760052161 2
8 1089760052162 1
8 1089760052163 3
8 1089760052164 3
8 1089760052166 1
8 1089760052167 1
8 1089760052169 3
8 1089760052171 2
8 1089760052172 2
8 1089760052174 1
8 1089760052175 1
8 1089760052176 1
8 1089760052177 3
8 1089760052181 4
8 1089760052183 1
8 1089760052185 2
8 1089760052186 2
8 1089760052187 1
8 1089760052188 1
8 1089760052189 2
8 1089760052194 1
8 1089760052196 3
8 1089760052197 4
8 1089760052198 1
8 1089760052199 2
8 1089760052200 1
8 1089760052203 2
8 1089760052204 3
8 1089760052207 2
8 1089760052210 1
8 1089760052211 2
8 1089760052212 2
8 1089760052213 8
8 1089760052217 2
8 1089760052218 1
8 1089760052219 1
8 1089760052220 3
8 1089760052221 1
8 1089760052223 6
8 1089760052246 1
8 1089760052361 2
8 1089760052720 1
8 1089760053169 1
8 1089760053180 1
8 1089760053238 1
8 1089760053239 1
8 1089760053309 1
8 1089760053310 1
9 1089760036297 2
9 1089760036805 2
9 1089760043351 1
9 1089760044883 1
9 1089760051214 4
9 1089760051215 4
9 1089760051244 4
9 1089760051245 4
9 1089760051274 4
9 1089760051275 4
9 1089760051304 4
9 1089760051305 4
9 1089760051334 4
9 1089760051335 4
9 1089760051364 4
9 1089760051365 4
9 1089760051384 4
9 1089760051385 4
9 1089760051442 4
9 1089760051443 4
9 1089760051444 4
9 1089760051445 4
9 1089760051446 4
9 1089760051447 4
9 1089760051448 4
9 1089760051449 4
9 1089760051516 4
9 1089760051517 4
9 1089760051574 4
9 1089760051575 4
9 1089760051600 4
9 1089760051601 4
9 1089760051608 4
9 1089760051609 4
9 1089760051632 4
9 1089760051633 4
9 1089760051686 4
9 1089760051687 4
9 1089760051976 1
9 1089760052049 1
