1 1089760051210 4
1 1089760051211 4
1 1089760051240 4
1 1089760051241 4
1 1089760051270 4
1 1089760051271 4
1 1089760051300 4
1 1089760051301 4
1 1089760051330 4
1 1089760051331 4
1 1089760051360 4
1 1089760051361 4
1 1089760051382 4
1 1089760051383 4
1 1089760051430 4
1 1089760051431 4
1 1089760051454 4
1 1089760051455 4
1 1089760051464 4
1 1089760051465 4
1 1089760051472 4
1 1089760051473 4
1 1089760051554 4
1 1089760051555 4
1 1089760051564 4
1 1089760051565 4
1 1089760051604 4
1 1089760051605 4
1 1089760051630 4
1 1089760051631 4
1 1089760051648 4
1 1089760051649 4
1 1089760051656 4
1 1089760051657 4
2 1089760051224 4
2 1089760051225 4
2 1089760051254 4
2 1089760051255 4
2 1089760051284 4
2 1089760051285 4
2 1089760051314 4
2 1089760051315 4
2 1089760051344 4
2 1089760051345 4
2 1089760051374 4
2 1089760051375 4
2 1089760051398 4
2 1089760051399 4
2 1089760051402 4
2 1089760051403 4
2 1089760051454 4
2 1089760051455 4
2 1089760051458 4
2 1089760051459 4
2 1089760051472 4
2 1089760051473 4
2 1089760051498 4
2 1089760051499 4
2 1089760051590 4
2 1089760051591 4
2 1089760051592 4
2 1089760051593 4
2 1089760051644 4
2 1089760051645 4
2 1089760051672 4
2 1089760051673 4
2 1089760051682 4
2 1089760051683 4
2 1089760051686 4
2 1089760051687 4
3 1089760038577 12
3 1089760050202 6
3 1089760051224 4
3 1089760051225 4
3 1089760051254 4
3 1089760051255 4
3 1089760051284 4
3 1089760051285 4
3 1089760051314 4
3 1089760051315 4
3 1089760051344 4
3 1089760051345 4
3 1089760051374 4
3 1089760051375 4
3 1089760051382 4
3 1089760051383 4
3 1089760051444 4
3 1089760051445 4
3 1089760051448 4
3 1089760051449 4
3 1089760051452 4
3 1089760051453 4
3 1089760051490 4
3 1089760051491 4
3 1089760051502 4
3 1089760051503 4
3 1089760051538 4
3 1089760051539 4
3 1089760051592 4
3 1089760051593 4
3 1089760051612 4
3 1089760051613 4
3 1089760051652 4
3 1089760051653 4
3 1089760051656 4
3 1089760051657 4
3 1089760051658 4
3 1089760051659 4
3 1089760051670 4
3 1089760051671 4
3 1089760051774 1
3 1089760051900 1
3 1089760052031 1
3 1089760052035 1
3 1089760052190 1
3 1089760052217 1
3 1089760054104 5
4 1089760034924 20
4 1089760035156 22
4 1089760035639 12
4 1089760036349 16
4 1089760036401 12
4 1089760036609 12
4 1089760036611 22
4 1089760036615 30
4 1089760036618 26
4 1089760037505 34
4 1089760037513 18
4 1089760037586 14
4 1089760037593 6
4 1089760037598 8
4 1089760038028 14
4 1089760038029 8
4 1089760038593 4
4 1089760038595 18
4 1089760038599 26
4 1089760038603 18
4 1089760038607 20
4 1089760038637 6
4 1089760039236 6
4 1089760039237 4
4 1089760039933 11
4 1089760041364 6
4 1089760043508 8
4 1089760043662 6
4 1089760044290 6
4 1089760044297 11
4 1089760044306 5
4 1089760044308 10
4 1089760044317 12
4 1089760044318 1
4 1089760046986 17
4 1089760047011 10
4 1089760047230 7
4 1089760047250 3
4 1089760047265 4
4 1089760048553 7
4 1089760048556 4
4 1089760050250 2
4 1089760050258 10
4 1089760050268 13
4 1089760050281 9
4 1089760050293 10
4 1089760050382 3
4 1089760051212 4
4 1089760051213 4
4 1089760051242 4
4 1089760051243 4
4 1089760051272 4
4 1089760051273 4
4 1089760051302 4
4 1089760051303 4
4 1089760051332 4
4 1089760051333 4
4 1089760051362 4
4 1089760051363 4
4 1089760051390 4
4 1089760051391 4
4 1089760051398 4
4 1089760051399 4
4 1089760051424 4
4 1089760051425 4
4 1089760051530 4
4 1089760051531 4
4 1089760051536 4
4 1089760051537 4
4 1089760051546 4
4 1089760051547 4
4 1089760051600 4
4 1089760051601 4
4 1089760051672 4
4 1089760051673 4
4 1089760051676 4
4 1089760051677 4
4 1089760051713 2
4 1089760051722 2
4 1089760051727 1
4 1089760051730 1
4 1089760051735 2
4 1089760051736 1
4 1089760051740 2
4 1089760051743 1
4 1089760051751 1
4 1089760051755 1
4 1089760051759 1
4 1089760051761 1
4 1089760051764 2
4 1089760051769 1
4 1089760051770 1
4 1089760051782 1
4 1089760051783 1
4 1089760051785 1
4 1089760051789 1
4 1089760051790 1
4 1089760051794 1
4 1089760051803 2
4 1089760051804 1
4 1089760051805 1
4 1089760051813 1
4 1089760051814 2
4 1089760051828 1
4 1089760051830 1
4 1089760051833 3
4 1089760051839 1
4 1089760051840 4
4 1089760051846 1
4 1089760051849 1
4 1089760051853 1
4 1089760051859 1
4 1089760051861 1
4 1089760051874 1
4 1089760051876 2
4 1089760051877 1
4 1089760051880 1
4 1089760051881 1
4 1089760051884 1
4 1089760051888 1
4 1089760051889 1
4 1089760051890 1
4 1089760051893 1
4 1089760051894 1
4 1089760051899 1
4 1089760051902 1
4 1089760051912 2
4 1089760051916 1
4 1089760051926 2
4 1089760051927 1
4 1089760051929 2
4 1089760051944 1
4 1089760051947 1
4 1089760051952 1
4 1089760051953 1
4 1089760051954 1
4 1089760051956 1
4 1089760051957 1
4 1089760051964 2
4 1089760051968 1
4 1089760051969 1
4 1089760051970 2
4 1089760051972 1
4 1089760051975 1
4 1089760051981 1
4 1089760051983 1
4 1089760051985 1
4 1089760051988 1
4 1089760051990 2
4 1089760051992 2
4 1089760051994 1
4 1089760051997 1
4 1089760052003 1
4 1089760052008 1
4 1089760052010 1
4 1089760052020 1
4 1089760052026 1
4 1089760052034 1
4 1089760052036 1
4 1089760052037 1
4 1089760052038 1
4 1089760052042 1
4 1089760052043 1
4 1089760052044 3
4 1089760052047 1
4 1089760052049 1
4 1089760052050 1
4 1089760052052 1
4 1089760052057 1
4 1089760052063 1
4 1089760052064 1
4 1089760052065 1
4 1089760052070 1
4 1089760052080 1
4 1089760052081 1
4 1089760052083 1
4 1089760052088 1
4 1089760052091 1
4 1089760052092 1
4 1089760052093 4
4 1089760052096 1
4 1089760052098 1
4 1089760052101 1
4 1089760052105 3
4 1089760052107 1
4 1089760052110 1
4 1089760052111 1
4 1089760052115 1
4 1089760052116 1
4 1089760052117 1
4 1089760052119 1
4 1089760052125 1
4 1089760052126 1
4 1089760052127 1
4 1089760052128 1
4 1089760052133 1
4 1089760052136 1
4 1089760052137 1
4 1089760052140 1
4 1089760052146 1
4 1089760052147 1
4 1089760052154 2
4 1089760052155 2
4 1089760052159 1
4 1089760052160 1
4 1089760052162 3
4 1089760052167 1
4 1089760052168 1
4 1089760052170 1
4 1089760052173 2
4 1089760052180 1
4 1089760052184 3
4 1089760052189 1
4 1089760052190 1
4 1089760052193 1
4 1089760052198 2
4 1089760052200 1
4 1089760052206 1
4 1089760052208 2
4 1089760052211 1
4 1089760052213 1
4 1089760052214 2
4 1089760052218 1
4 1089760052220 2
4 1089760052278 9
4 1089760052394 10
4 1089760052635 5
4 1089760052990 7
4 1089760053016 5
4 1089760053120 5
4 1089760053121 10
4 1089760053123 13
4 1089760053125 12
4 1089760053568 11
4 1089760053572 8
4 1089760053609 6
4 1089760053612 2
4 1089760053615 3
4 1089760053830 9
4 1089760054112 1
4 1089760054113 8
4 1089760054115 12
4 1089760054117 8
4 1089760054119 9
4 1089760054134 2
5 1089760034854 18
5 1089760034855 8
5 1089760034856 14
5 1089760034861 18
5 1089760034862 24
5 1089760034863 18
5 1089760035091 8
5 1089760035092 20
5 1089760035095 10
5 1089760035097 18
5 1089760035098 44
5 1089760035102 12
5 1089760035103 12
5 1089760035328 20
5 1089760035331 6
5 1089760035332 24
5 1089760035336 10
5 1089760035337 16
5 1089760035568 10
5 1089760035570 12
5 1089760035571 36
5 1089760035574 8
5 1089760035575 16
5 1089760035576 8
5 1089760035578 16
5 1089760035810 28
5 1089760035811 8
5 1089760035812 12
5 1089760035813 20
5 1089760035814 20
5 1089760035816 22
5 1089760035817 16
5 1089760035819 36
5 1089760036052 8
5 1089760036053 16
5 1089760036054 10
5 1089760036055 10
5 1089760036059 8
5 1089760036061 12
5 1089760036062 8
5 1089760036848 10
5 1089760036853 18
5 1089760036992 6
5 1089760036994 10
5 1089760036996 20
5 1089760036997 10
5 1089760036998 28
5 1089760037002 10
5 1089760037003 16
5 1089760037011 14
5 1089760037012 16
5 1089760037014 12
5 1089760037018 42
5 1089760037023 22
5 1089760037314 14
5 1089760037319 20
5 1089760037322 20
5 1089760037605 12
5 1089760037606 24
5 1089760037608 8
5 1089760037611 12
5 1089760037614 10
5 1089760037615 10
5 1089760037745 8
5 1089760037754 12
5 1089760037756 34
5 1089760037758 14
5 1089760038096 10
5 1089760038098 14
5 1089760038100 140
5 1089760038101 8
5 1089760038102 34
5 1089760038111 32
5 1089760038192 18
5 1089760038193 16
5 1089760038197 16
5 1089760038198 6
5 1089760038200 12
5 1089760038201 32
5 1089760038205 14
5 1089760038206 8
5 1089760038416 10
5 1089760038417 302
5 1089760038418 10
5 1089760038419 54
5 1089760038420 14
5 1089760038421 32
5 1089760038422 16
5 1089760038425 24
5 1089760038426 18
5 1089760038427 12
5 1089760038428 26
5 1089760038429 8
5 1089760038430 10
5 1089760038431 32
5 1089760038480 40
5 1089760038481 30
5 1089760038482 24
5 1089760038483 46
5 1089760038484 95
5 1089760038485 40
5 1089760038486 20
5 1089760038487 26
5 1089760038488 8
5 1089760038489 12
5 1089760038490 46
5 1089760038491 44
5 1089760038492 24
5 1089760038493 34
5 1089760038494 20
5 1089760038495 26
5 1089760038704 12
5 1089760038705 26
5 1089760038706 38
5 1089760038707 52
5 1089760038708 32
5 1089760038709 66
5 1089760038710 34
5 1089760038712 10
5 1089760038713 30
5 1089760038714 44
5 1089760038715 83
5 1089760038716 24
5 1089760038717 150
5 1089760038718 34
5 1089760038719 8
5 1089760038752 16
5 1089760038753 22
5 1089760038754 46
5 1089760038755 18
5 1089760038756 40
5 1089760038757 36
5 1089760038759 124
5 1089760038760 38
5 1089760038761 16
5 1089760038762 46
5 1089760038763 195
5 1089760038765 299
5 1089760038766 22
5 1089760038767 28
5 1089760039025 9
5 1089760039029 4
5 1089760039031 7
5 1089760039044 9
5 1089760039047 19
5 1089760039050 7
5 1089760039051 2
5 1089760039737 5
5 1089760039740 10
5 1089760039751 5
5 1089760039757 7
5 1089760039758 2
5 1089760039760 22
5 1089760039772 6
5 1089760039775 4
5 1089760039776 2
5 1089760040442 10
5 1089760040451 4
5 1089760040454 15
5 1089760040455 3
5 1089760040467 5
5 1089760040470 8
5 1089760041154 6
5 1089760041161 6
5 1089760041162 10
5 1089760041163 8
5 1089760041173 4
5 1089760041175 6
5 1089760041176 3
5 1089760041178 4
5 1089760041183 8
5 1089760041882 14
5 1089760041885 5
5 1089760041887 1
5 1089760041888 5
5 1089760041891 10
5 1089760041897 10
5 1089760041905 11
5 1089760041906 8
5 1089760041912 8
5 1089760041914 10
5 1089760042619 4
5 1089760042624 8
5 1089760042628 2
5 1089760042629 3
5 1089760042631 5
5 1089760042643 4
5 1089760042650 7
5 1089760042651 3
5 1089760045011 5
5 1089760045025 5
5 1089760045026 4
5 1089760045444 3
5 1089760045449 5
5 1089760045455 10
5 1089760045458 3
5 1089760045459 2
5 1089760045461 1
5 1089760045462 6
5 1089760045463 8
5 1089760045475 6
5 1089760045476 8
5 1089760045501 7
5 1089760045504 8
5 1089760045512 6
5 1089760045521 6
5 1089760045522 3
5 1089760045523 12
5 1089760045538 11
5 1089760046410 7
5 1089760046426 10
5 1089760046427 1
5 1089760046435 10
5 1089760047288 6
5 1089760047289 8
5 1089760047291 6
5 1089760047295 4
5 1089760047304 6
5 1089760047314 6
5 1089760047318 5
5 1089760047709 4
5 1089760047738 5
5 1089760047739 1
5 1089760047744 9
5 1089760047745 9
5 1089760047748 1
5 1089760047749 6
5 1089760048755 5
5 1089760048760 7
5 1089760048766 3
5 1089760048770 5
5 1089760048772 9
5 1089760048773 8
5 1089760048796 5
5 1089760048797 4
5 1089760048798 7
5 1089760049044 9
5 1089760049045 8
5 1089760049057 8
5 1089760049059 1
5 1089760049060 2
5 1089760049065 6
5 1089760049068 7
5 1089760049071 34
5 1089760049082 8
5 1089760049084 5
5 1089760049716 5
5 1089760049718 15
5 1089760049719 8
5 1089760049722 6
5 1089760049724 8
5 1089760049725 5
5 1089760049726 15
5 1089760049728 7
5 1089760049729 16
5 1089760049730 3
5 1089760049731 6
5 1089760049733 8
5 1089760049743 6
5 1089760049744 7
5 1089760049747 7
5 1089760049748 2
5 1089760049749 7
5 1089760049752 4
5 1089760049754 13
5 1089760049759 8
5 1089760049760 6
5 1089760049761 10
5 1089760049911 9
5 1089760049912 12
5 1089760049913 11
5 1089760049914 10
5 1089760049915 7
5 1089760049916 5
5 1089760049917 5
5 1089760049919 7
5 1089760049920 12
5 1089760049921 13
5 1089760049922 7
5 1089760049923 9
5 1089760049925 9
5 1089760049926 11
5 1089760049929 3
5 1089760049930 2
5 1089760049931 5
5 1089760049932 6
5 1089760049933 13
5 1089760049935 4
5 1089760049938 6
5 1089760049940 6
5 1089760049941 17
5 1089760049942 67
5 1089760049943 5
5 1089760049944 9
5 1089760049945 10
5 1089760049948 5
5 1089760049949 13
5 1089760049950 9
5 1089760049951 7
5 1089760049955 10
5 1089760049957 59
5 1089760049958 7
5 1089760050584 6
5 1089760050586 49
5 1089760050587 13
5 1089760050589 10
5 1089760050590 158
5 1089760050591 16
5 1089760050592 6
5 1089760050593 11
5 1089760050594 19
5 1089760050595 4
5 1089760050596 3
5 1089760050597 18
5 1089760050598 11
5 1089760050599 11
5 1089760050600 6
5 1089760050601 5
5 1089760050602 6
5 1089760050607 13
5 1089760050610 252
5 1089760050611 8
5 1089760050613 4
5 1089760050614 13
5 1089760050615 9
5 1089760050618 18
5 1089760050620 10
5 1089760050621 5
5 1089760050622 8
5 1089760050623 4
5 1089760050624 16
5 1089760050625 11
5 1089760050626 14
5 1089760050628 4
5 1089760050725 9
5 1089760050726 59
5 1089760050730 9
5 1089760050731 73
5 1089760050732 8
5 1089760050733 9
5 1089760050735 8
5 1089760050736 7
5 1089760050737 5
5 1089760050738 2
5 1089760050739 4
5 1089760050740 9
5 1089760050741 8
5 1089760050744 4
5 1089760050745 66
5 1089760050746 4
5 1089760050747 12
5 1089760050748 8
5 1089760050750 8
5 1089760050753 104
5 1089760050754 13
5 1089760050755 9
5 1089760050756 15
5 1089760050757 6
5 1089760050758 115
5 1089760050761 6
5 1089760050762 8
5 1089760050763 9
5 1089760050764 7
5 1089760050765 3
5 1089760050766 3
5 1089760050767 6
5 1089760050768 12
5 1089760050770 4
5 1089760050771 1
5 1089760051204 4
5 1089760051205 4
5 1089760051234 4
5 1089760051235 4
5 1089760051264 4
5 1089760051265 4
5 1089760051294 4
5 1089760051295 4
5 1089760051324 4
5 1089760051325 4
5 1089760051354 4
5 1089760051355 4
5 1089760051454 4
5 1089760051455 4
5 1089760051472 4
5 1089760051473 4
5 1089760051474 4
5 1089760051475 4
5 1089760051512 4
5 1089760051513 4
5 1089760051548 4
5 1089760051549 4
5 1089760051566 4
5 1089760051567 4
5 1089760051610 4
5 1089760051611 4
5 1089760051622 4
5 1089760051623 4
5 1089760051650 4
5 1089760051651 4
5 1089760051658 4
5 1089760051659 4
5 1089760051686 4
5 1089760051687 4
5 1089760051692 4
5 1089760051693 4
5 1089760051712 6
5 1089760051713 4
5 1089760051714 6
5 1089760051715 3
5 1089760051716 3
5 1089760051717 4
5 1089760051718 4
5 1089760051719 7
5 1089760051720 4
5 1089760051721 1
5 1089760051722 6
5 1089760051723 3
5 1089760051724 3
5 1089760051725 4
5 1089760051726 2
5 1089760051727 4
5 1089760051728 1
5 1089760051729 4
5 1089760051730 4
5 1089760051731 7
5 1089760051732 4
5 1089760051733 3
5 1089760051734 3
5 1089760051735 2
5 1089760051736 4
5 1089760051737 141
5 1089760051738 5
5 1089760051739 8
5 1089760051740 2
5 1089760051741 2
5 1089760051742 5
5 1089760051743 3
5 1089760051744 3
5 1089760051745 102
5 1089760051746 3
5 1089760051747 2
5 1089760051748 1
5 1089760051749 2
5 1089760051750 4
5 1089760051751 4
5 1089760051752 2
5 1089760051753 2
5 1089760051754 6
5 1089760051755 3
5 1089760051756 4
5 1089760051757 4
5 1089760051759 4
5 1089760051760 4
5 1089760051761 2
5 1089760051762 7
5 1089760051763 1
5 1089760051764 5
5 1089760051765 3
5 1089760051766 3
5 1089760051767 8
5 1089760051768 3
5 1089760051769 1
5 1089760051770 4
5 1089760051771 87
5 1089760051773 2
5 1089760051774 2
5 1089760051776 2
5 1089760051777 5
5 1089760051778 2
5 1089760051779 3
5 1089760051780 2
5 1089760051781 3
5 1089760051782 4
5 1089760051783 2
5 1089760051784 1
5 1089760051785 3
5 1089760051786 4
5 1089760051787 2
5 1089760051788 7
5 1089760051789 7
5 1089760051790 4
5 1089760051791 2
5 1089760051792 8
5 1089760051793 3
5 1089760051795 2
5 1089760051796 2
5 1089760051797 2
5 1089760051798 4
5 1089760051799 4
5 1089760051800 2
5 1089760051801 5
5 1089760051802 2
5 1089760051803 1
5 1089760051804 6
5 1089760051805 4
5 1089760051806 2
5 1089760051807 6
5 1089760051808 3
5 1089760051809 3
5 1089760051810 1
5 1089760051811 3
5 1089760051812 5
5 1089760051813 4
5 1089760051814 5
5 1089760051815 4
5 1089760051816 7
5 1089760051817 65
5 1089760051818 3
5 1089760051819 2
5 1089760051820 5
5 1089760051821 2
5 1089760051822 7
5 1089760051823 3
5 1089760051824 2
5 1089760051825 5
5 1089760051826 3
5 1089760051827 4
5 1089760051828 1
5 1089760051829 7
5 1089760051830 6
5 1089760051831 5
5 1089760051832 8
5 1089760051833 4
5 1089760051834 2
5 1089760051835 3
5 1089760051836 552
5 1089760051837 3
5 1089760051838 6
5 1089760051839 2
5 1089760051840 4
5 1089760051841 6
5 1089760051842 4
5 1089760051843 4
5 1089760051844 6
5 1089760051845 3
5 1089760051846 3
5 1089760051847 2
5 1089760051848 5
5 1089760051849 3
5 1089760051850 3
5 1089760051851 3
5 1089760051852 3
5 1089760051853 4
5 1089760051854 1
5 1089760051855 4
5 1089760051856 4
5 1089760051857 5
5 1089760051858 6
5 1089760051859 3
5 1089760051860 3
5 1089760051861 3
5 1089760051862 6
5 1089760051863 4
5 1089760051864 3
5 1089760051865 4
5 1089760051866 4
5 1089760051867 2
5 1089760051868 4
5 1089760051869 3
5 1089760051870 4
5 1089760051871 2
5 1089760051872 2
5 1089760051873 5
5 1089760051874 3
5 1089760051875 5
5 1089760051876 5
5 1089760051877 4
5 1089760051878 3
5 1089760051880 1
5 1089760051881 1
5 1089760051883 3
5 1089760051884 4
5 1089760051885 4
5 1089760051886 8
5 1089760051887 1
5 1089760051888 35
5 1089760051889 4
5 1089760051890 2
5 1089760051891 7
5 1089760051892 2
5 1089760051895 2
5 1089760051896 3
5 1089760051898 2
5 1089760051899 5
5 1089760051900 6
5 1089760051901 2
5 1089760051902 3
5 1089760051903 4
5 1089760051904 4
5 1089760051905 3
5 1089760051906 2
5 1089760051907 4
5 1089760051908 2
5 1089760051909 7
5 1089760051910 7
5 1089760051911 2
5 1089760051912 3
5 1089760051913 3
5 1089760051914 4
5 1089760051915 1
5 1089760051916 7
5 1089760051918 5
5 1089760051919 1
5 1089760051921 2
5 1089760051922 5
5 1089760051923 6
5 1089760051925 4
5 1089760051926 2
5 1089760051927 6
5 1089760051928 6
5 1089760051929 7
5 1089760051930 4
5 1089760051931 3
5 1089760051932 3
5 1089760051933 6
5 1089760051934 2
5 1089760051935 5
5 1089760051936 1
5 1089760051937 6
5 1089760051938 4
5 1089760051939 1
5 1089760051940 5
5 1089760051941 2
5 1089760051942 2
5 1089760051943 1
5 1089760051944 3
5 1089760051945 3
5 1089760051946 1
5 1089760051947 3
5 1089760051948 2
5 1089760051949 2
5 1089760051950 3
5 1089760051951 3
5 1089760051952 2
5 1089760051953 2
5 1089760051954 3
5 1089760051955 6
5 1089760051956 3
5 1089760051957 1
5 1089760051958 4
5 1089760051959 3
5 1089760051960 5
5 1089760051961 2
5 1089760051962 2
5 1089760051963 1
5 1089760051964 16
5 1089760051965 5
5 1089760051966 2
5 1089760051967 4
5 1089760051968 9
5 1089760051969 2
5 1089760051970 3
5 1089760051971 2
5 1089760051972 5
5 1089760051973 3
5 1089760051974 3
5 1089760051975 5
5 1089760051976 5
5 1089760051977 7
5 1089760051978 5
5 1089760051979 3
5 1089760051980 2
5 1089760051981 8
5 1089760051982 3
5 1089760051983 1
5 1089760051984 5
5 1089760051985 7
5 1089760051986 5
5 1089760051987 2
5 1089760051988 4
5 1089760051989 4
5 1089760051990 3
5 1089760051991 4
5 1089760051992 8
5 1089760051993 2
5 1089760051994 4
5 1089760051995 3
5 1089760051996 3
5 1089760051997 7
5 1089760051998 3
5 1089760052000 2
5 1089760052001 1
5 1089760052002 1
5 1089760052003 9
5 1089760052004 4
5 1089760052005 2
5 1089760052006 1
5 1089760052007 7
5 1089760052008 3
5 1089760052009 5
5 1089760052010 5
5 1089760052011 1
5 1089760052012 3
5 1089760052013 3
5 1089760052014 3
5 1089760052015 4
5 1089760052016 1
5 1089760052017 3
5 1089760052018 5
5 1089760052019 6
5 1089760052020 2
5 1089760052021 3
5 1089760052022 1
5 1089760052023 4
5 1089760052024 1
5 1089760052025 5
5 1089760052026 3
5 1089760052027 5
5 1089760052028 7
5 1089760052029 5
5 1089760052030 4
5 1089760052031 5
5 1089760052032 7
5 1089760052033 5
5 1089760052035 2
5 1089760052036 5
5 1089760052037 5
5 1089760052038 2
5 1089760052039 7
5 1089760052040 2
5 1089760052041 7
5 1089760052042 3
5 1089760052043 3
5 1089760052044 2
5 1089760052045 4
5 1089760052046 3
5 1089760052048 3
5 1089760052049 3
5 1089760052050 2
5 1089760052051 2
5 1089760052052 5
5 1089760052053 5
5 1089760052054 2
5 1089760052055 4
5 1089760052056 5
5 1089760052057 2
5 1089760052058 2
5 1089760052059 5
5 1089760052060 4
5 1089760052061 4
5 1089760052062 7
5 1089760052063 3
5 1089760052064 3
5 1089760052065 2
5 1089760052066 2
5 1089760052067 4
5 1089760052068 2
5 1089760052069 6
5 1089760052070 92
5 1089760052071 1
5 1089760052072 5
5 1089760052073 3
5 1089760052074 4
5 1089760052075 2
5 1089760052076 3
5 1089760052077 4
5 1089760052078 5
5 1089760052079 7
5 1089760052080 4
5 1089760052081 3
5 1089760052082 3
5 1089760052083 3
5 1089760052084 1
5 1089760052085 1
5 1089760052086 5
5 1089760052087 5
5 1089760052089 5
5 1089760052090 2
5 1089760052091 4
5 1089760052092 3
5 1089760052093 3
5 1089760052094 3
5 1089760052095 2
5 1089760052096 1
5 1089760052097 2
5 1089760052098 11
5 1089760052099 1
5 1089760052100 2
5 1089760052101 3
5 1089760052102 4
5 1089760052103 82
5 1089760052104 1
5 1089760052105 5
5 1089760052106 3
5 1089760052107 2
5 1089760052108 8
5 1089760052110 2
5 1089760052111 4
5 1089760052112 4
5 1089760052114 3
5 1089760052115 4
5 1089760052116 2
5 1089760052117 2
5 1089760052118 19
5 1089760052119 1
5 1089760052120 5
5 1089760052121 4
5 1089760052122 4
5 1089760052123 3
5 1089760052124 2
5 1089760052125 4
5 1089760052126 4
5 1089760052127 2
5 1089760052128 2
5 1089760052129 2
5 1089760052130 5
5 1089760052131 1
5 1089760052132 2
5 1089760052133 6
5 1089760052134 2
5 1089760052135 3
5 1089760052136 3
5 1089760052137 3
5 1089760052138 3
5 1089760052139 5
5 1089760052140 3
5 1089760052141 1
5 1089760052143 6
5 1089760052144 2
5 1089760052145 4
5 1089760052146 3
5 1089760052147 7
5 1089760052148 5
5 1089760052149 1
5 1089760052150 2
5 1089760052151 2
5 1089760052152 1
5 1089760052153 2
5 1089760052154 1
5 1089760052155 3
5 1089760052156 2
5 1089760052157 3
5 1089760052158 82
5 1089760052159 2
5 1089760052160 5
5 1089760052161 3
5 1089760052162 6
5 1089760052163 3
5 1089760052164 2
5 1089760052165 4
5 1089760052166 2
5 1089760052167 3
5 1089760052168 60
5 1089760052169 4
5 1089760052170 3
5 1089760052171 4
5 1089760052172 6
5 1089760052173 2
5 1089760052174 2
5 1089760052175 5
5 1089760052176 4
5 1089760052177 1
5 1089760052178 1
5 1089760052179 1
5 1089760052180 5
5 1089760052181 3
5 1089760052182 7
5 1089760052183 1
5 1089760052184 2
5 1089760052185 4
5 1089760052186 4
5 1089760052187 4
5 1089760052188 2
5 1089760052189 3
5 1089760052190 4
5 1089760052192 2
5 1089760052193 7
5 1089760052194 6
5 1089760052195 3
5 1089760052196 3
5 1089760052197 4
5 1089760052198 2
5 1089760052199 3
5 1089760052200 1
5 1089760052201 3
5 1089760052202 1
5 1089760052203 2
5 1089760052204 5
5 1089760052205 4
5 1089760052206 3
5 1089760052207 7
5 1089760052208 4
5 1089760052210 3
5 1089760052211 53
5 1089760052212 1
5 1089760052213 2
5 1089760052215 4
5 1089760052216 2
5 1089760052217 6
5 1089760052218 1
5 1089760052219 2
5 1089760052220 2
5 1089760052221 3
5 1089760052222 2
5 1089760052223 3
5 1089760052243 11
5 1089760052244 6
5 1089760052246 8
5 1089760052247 19
5 1089760052361 3
5 1089760052362 9
5 1089760052363 4
5 1089760052364 8
5 1089760052365 13
5 1089760052367 10
5 1089760052480 9
5 1089760052481 2
5 1089760052482 11
5 1089760052484 11
5 1089760052600 4
5 1089760052601 16
5 1089760052603 7
5 1089760052604 3
5 1089760052605 7
5 1089760052721 16
5 1089760052722 14
5 1089760052723 9
5 1089760052724 17
5 1089760052725 16
5 1089760052842 10
5 1089760052843 8
5 1089760052845 3
5 1089760052846 5
5 1089760052847 3
5 1089760053240 4
5 1089760053242 8
5 1089760053312 2
5 1089760053313 4
5 1089760053314 13
5 1089760053315 12
5 1089760053317 10
5 1089760053321 6
5 1089760053322 7
5 1089760053323 5
5 1089760053325 19
5 1089760053327 10
5 1089760053473 6
5 1089760053475 9
5 1089760053477 9
5 1089760053618 5
5 1089760053619 10
5 1089760053620 3
5 1089760053621 5
5 1089760053623 8
5 1089760053688 3
5 1089760053693 5
5 1089760053694 8
5 1089760053695 6
5 1089760053864 4
5 1089760053865 6
5 1089760053866 5
5 1089760053867 8
5 1089760053871 10
5 1089760053912 15
5 1089760053914 7
5 1089760053915 2
5 1089760053916 19
5 1089760053918 6
5 1089760053919 3
5 1089760054024 13
5 1089760054025 24
5 1089760054026 20
5 1089760054027 7
5 1089760054028 10
5 1089760054029 13
5 1089760054030 14
5 1089760054031 18
5 1089760054056 83
5 1089760054057 23
5 1089760054058 24
5 1089760054059 19
5 1089760054060 8
5 1089760054061 27
5 1089760054062 17
5 1089760054063 17
5 1089760054168 112
5 1089760054169 32
5 1089760054170 279
5 1089760054171 10
5 1089760054172 93
5 1089760054173 20
5 1089760054174 22
5 1089760054175 11
5 1089760054192 17
5 1089760054193 242
5 1089760054194 28
5 1089760054195 24
5 1089760054196 24
5 1089760054197 26
5 1089760054198 16
5 1089760054199 21
6 1089760034944 40
6 1089760034945 55
6 1089760034946 65
6 1089760034947 63
6 1089760034948 251
6 1089760034949 59
6 1089760034950 29
6 1089760034951 92
6 1089760034952 299
6 1089760034953 421
6 1089760034954 118
6 1089760034955 224
6 1089760034956 8
6 1089760034957 14
6 1089760034958 399
6 1089760034959 58
6 1089760035184 657
6 1089760035185 245
6 1089760035186 46
6 1089760035187 99
6 1089760035188 510
6 1089760035189 22
6 1089760035190 88
6 1089760035191 26
6 1089760035192 34
6 1089760035193 6
6 1089760035194 82
6 1089760035195 57
6 1089760035196 39
6 1089760035197 26
6 1089760035198 492
6 1089760035199 132
6 1089760035424 218
6 1089760035425 30
6 1089760035426 465
6 1089760035427 20
6 1089760035428 46
6 1089760035429 53
6 1089760035430 162
6 1089760035431 30
6 1089760035432 48
6 1089760035433 36
6 1089760035434 36
6 1089760035435 53
6 1089760035436 217
6 1089760035437 27
6 1089760035438 184
6 1089760035439 10
6 1089760035664 14
6 1089760035665 109
6 1089760035666 549
6 1089760035667 23
6 1089760035668 87
6 1089760035669 44
6 1089760035670 259
6 1089760035671 92
6 1089760035672 30
6 1089760035673 34
6 1089760035674 38
6 1089760035675 144
6 1089760035676 56
6 1089760035677 26
6 1089760035678 24
6 1089760035679 39
6 1089760035904 118
6 1089760035905 44
6 1089760035906 12
6 1089760035907 40
6 1089760035908 12
6 1089760035909 42
6 1089760035910 32
6 1089760035911 12
6 1089760035912 101
6 1089760035913 42
6 1089760035914 26
6 1089760035915 236
6 1089760035916 18
6 1089760035917 60
6 1089760035918 235
6 1089760035919 20
6 1089760036144 452
6 1089760036145 19
6 1089760036146 337
6 1089760036147 40
6 1089760036148 756
6 1089760036149 125
6 1089760036150 372
6 1089760036151 12
6 1089760036152 35
6 1089760036153 55
6 1089760036154 193
6 1089760036155 14
6 1089760036156 120
6 1089760036157 97
6 1089760036158 251
6 1089760036159 48
6 1089760036304 58
6 1089760036305 32
6 1089760036306 40
6 1089760036307 46
6 1089760036308 34
6 1089760036309 34
6 1089760036310 12
6 1089760036311 42
6 1089760036312 40
6 1089760036313 32
6 1089760036314 40
6 1089760036315 35
6 1089760036316 54
6 1089760036317 36
6 1089760036318 30
6 1089760036319 91
6 1089760036768 38
6 1089760036769 38
6 1089760036770 44
6 1089760036771 56
6 1089760036772 28
6 1089760036773 36
6 1089760036774 46
6 1089760036775 24
6 1089760036776 733
6 1089760036777 570
6 1089760036778 70
6 1089760036779 26
6 1089760036780 42
6 1089760036781 38
6 1089760036782 119
6 1089760036783 18
6 1089760036880 143
6 1089760036881 62
6 1089760036883 343
6 1089760036884 8
6 1089760036885 24
6 1089760036886 134
6 1089760036887 26
6 1089760036888 91
6 1089760036889 18
6 1089760036890 16
6 1089760036891 100
6 1089760036892 137
6 1089760036893 30
6 1089760036894 42
6 1089760036895 84
6 1089760037168 28
6 1089760037169 428
6 1089760037170 34
6 1089760037171 16
6 1089760037172 32
6 1089760037173 34
6 1089760037174 26
6 1089760037175 547
6 1089760037176 48
6 1089760037177 46
6 1089760037178 231
6 1089760037179 276
6 1089760037180 78
6 1089760037182 65
6 1089760037183 503
6 1089760037408 113
6 1089760037409 26
6 1089760037410 26
6 1089760037411 369
6 1089760037413 42
6 1089760037414 36
6 1089760037415 1846
6 1089760037416 44
6 1089760037417 151
6 1089760037418 69
6 1089760037419 40
6 1089760037420 10
6 1089760037421 38
6 1089760037422 146
6 1089760037423 234
6 1089760037552 10
6 1089760037553 106
6 1089760037554 40
6 1089760037555 196
6 1089760037556 50
6 1089760037557 24
6 1089760037558 146
6 1089760037559 123
6 1089760037560 497
6 1089760037561 38
6 1089760037562 63
6 1089760037563 145
6 1089760037564 50
6 1089760037565 32
6 1089760037566 32
6 1089760037567 395
6 1089760038016 328
6 1089760038017 299
6 1089760038018 194
6 1089760038019 117
6 1089760038020 62
6 1089760038021 60
6 1089760038022 70
6 1089760038023 331
6 1089760038024 133
6 1089760038025 58
6 1089760038026 50
6 1089760038027 261
6 1089760038028 54
6 1089760038029 80
6 1089760038030 73
6 1089760038031 59
6 1089760038096 56
6 1089760038097 229
6 1089760038098 56
6 1089760038099 510
6 1089760038100 54
6 1089760038101 48
6 1089760038102 69
6 1089760038103 803
6 1089760038104 70
6 1089760038105 58
6 1089760038106 54
6 1089760038107 57
6 1089760038108 1662
6 1089760038109 490
6 1089760038110 432
6 1089760038111 155
6 1089760038560 141
6 1089760038561 229
6 1089760038562 180
6 1089760038563 43
6 1089760038564 52
6 1089760038565 42
6 1089760038566 166
6 1089760038567 62
6 1089760038568 64
6 1089760038569 1271
6 1089760038570 181
6 1089760038571 2509
6 1089760038572 647
6 1089760038573 462
6 1089760038574 67
6 1089760038575 380
6 1089760038896 16
6 1089760038897 62
6 1089760038898 60
6 1089760038899 231
6 1089760038900 93
6 1089760038901 63
6 1089760038902 48
6 1089760038903 61
6 1089760038904 66
6 1089760038905 110
6 1089760038906 66
6 1089760038907 38
6 1089760038908 46
6 1089760038909 170
6 1089760038910 380
6 1089760038911 44
6 1089760039295 8
6 1089760039296 12
6 1089760039297 11
6 1089760039300 18
6 1089760039301 153
6 1089760039302 8
6 1089760039303 15
6 1089760039304 11
6 1089760039305 4
6 1089760039306 10
6 1089760039307 24
6 1089760039308 28
6 1089760039309 9
6 1089760039311 5
6 1089760039312 19
6 1089760039313 23
6 1089760039314 10
6 1089760039316 9
6 1089760039318 6
6 1089760039319 137
6 1089760039320 20
6 1089760039321 20
6 1089760039322 19
6 1089760039323 25
6 1089760039324 9
6 1089760039325 32
6 1089760039327 731
6 1089760039328 32
6 1089760039329 5
6 1089760039330 46
6 1089760039334 38
6 1089760039336 7
6 1089760039337 35
6 1089760039338 58
6 1089760039339 68
6 1089760039340 400
6 1089760039341 721
6 1089760040016 826
6 1089760040017 46
6 1089760040018 40
6 1089760040019 8
6 1089760040020 30
6 1089760040022 8
6 1089760040024 17
6 1089760040026 7
6 1089760040027 392
6 1089760040028 33
6 1089760040029 3
6 1089760040030 21
6 1089760040031 38
6 1089760040032 16
6 1089760040033 11
6 1089760040034 7
6 1089760040036 21
6 1089760040037 17
6 1089760040038 8
6 1089760040039 12
6 1089760040040 6
6 1089760040041 4
6 1089760040043 10
6 1089760040044 19
6 1089760040045 75
6 1089760040046 26
6 1089760040047 17
6 1089760040048 47
6 1089760040049 26
6 1089760040050 2
6 1089760040051 130
6 1089760040052 8
6 1089760040055 39
6 1089760040057 114
6 1089760040058 13
6 1089760040059 48
6 1089760040060 8
6 1089760040061 15
6 1089760040062 13
6 1089760040063 8
6 1089760040728 3
6 1089760040730 123
6 1089760040731 19
6 1089760040732 8
6 1089760040734 6
6 1089760040735 3
6 1089760040736 9
6 1089760040737 14
6 1089760040738 134
6 1089760040739 3
6 1089760040740 5
6 1089760040741 7
6 1089760040742 20
6 1089760040743 3
6 1089760040744 99
6 1089760040745 293
6 1089760040746 603
6 1089760040747 15
6 1089760040748 7
6 1089760040749 13
6 1089760040750 6
6 1089760040751 17
6 1089760040752 8
6 1089760040753 152
6 1089760040754 14
6 1089760040755 133
6 1089760040756 46
6 1089760040758 16
6 1089760040759 20
6 1089760040762 21
6 1089760040764 155
6 1089760040765 12
6 1089760040766 5
6 1089760040767 3
6 1089760040768 10
6 1089760040771 5
6 1089760040772 8
6 1089760040773 5
6 1089760041440 522
6 1089760041441 12
6 1089760041442 20
6 1089760041444 7
6 1089760041445 53
6 1089760041446 73
6 1089760041447 23
6 1089760041450 26
6 1089760041451 25
6 1089760041452 195
6 1089760041453 36
6 1089760041454 148
6 1089760041456 14
6 1089760041459 44
6 1089760041460 575
6 1089760041461 100
6 1089760041462 5
6 1089760041463 58
6 1089760041464 124
6 1089760041465 36
6 1089760041466 10
6 1089760041467 6
6 1089760041468 22
6 1089760041469 4
6 1089760041470 5
6 1089760041471 5
6 1089760041472 23
6 1089760041473 109
6 1089760041474 50
6 1089760041475 48
6 1089760041476 13
6 1089760041477 6
6 1089760041479 14
6 1089760041480 37
6 1089760041481 6
6 1089760041483 4
6 1089760041484 10
6 1089760041486 7
6 1089760042168 6
6 1089760042169 16
6 1089760042170 5
6 1089760042172 154
6 1089760042175 8
6 1089760042176 116
6 1089760042177 26
6 1089760042178 1
6 1089760042179 8
6 1089760042180 146
6 1089760042183 7
6 1089760042184 9
6 1089760042185 7
6 1089760042186 47
6 1089760042187 3
6 1089760042188 43
6 1089760042190 7
6 1089760042191 7
6 1089760042192 10
6 1089760042193 50
6 1089760042194 3
6 1089760042195 6
6 1089760042196 11
6 1089760042197 18
6 1089760042199 18
6 1089760042203 10
6 1089760042206 129
6 1089760042207 7
6 1089760042208 7
6 1089760042209 8
6 1089760042210 85
6 1089760042212 238
6 1089760042213 17
6 1089760042895 3
6 1089760042896 52
6 1089760042897 6
6 1089760042898 7
6 1089760042900 140
6 1089760042901 16
6 1089760042902 6
6 1089760042903 9
6 1089760042904 95
6 1089760042905 10
6 1089760042906 13
6 1089760042907 47
6 1089760042908 7
6 1089760042909 11
6 1089760042910 4
6 1089760042911 17
6 1089760042912 5
6 1089760042913 5
6 1089760042914 9
6 1089760042915 13
6 1089760042916 4
6 1089760042919 9
6 1089760042921 34
6 1089760042922 25
6 1089760042923 50
6 1089760042924 10
6 1089760042926 15
6 1089760042927 10
6 1089760042929 11
6 1089760042931 6
6 1089760042932 4
6 1089760042934 25
6 1089760042936 46
6 1089760042937 16
6 1089760042938 7
6 1089760042939 10
6 1089760042940 4
6 1089760042941 8
6 1089760042942 6
6 1089760042943 12
6 1089760043373 17
6 1089760043374 14
6 1089760043375 12
6 1089760043376 3
6 1089760043377 206
6 1089760043378 8
6 1089760043379 10
6 1089760043381 9
6 1089760043382 11
6 1089760043383 12
6 1089760043384 8
6 1089760043385 366
6 1089760043387 13
6 1089760043389 16
6 1089760043390 8
6 1089760043392 7
6 1089760043394 18
6 1089760043395 14
6 1089760043396 1
6 1089760043398 19
6 1089760043399 32
6 1089760043400 3
6 1089760043401 7
6 1089760043403 14
6 1089760043404 7
6 1089760043405 7
6 1089760043406 10
6 1089760043407 8
6 1089760043409 5
6 1089760043410 18
6 1089760043411 10
6 1089760043412 9
6 1089760043413 6
6 1089760043414 16
6 1089760043416 4
6 1089760043417 6
6 1089760043418 11
6 1089760043419 16
6 1089760043420 9
6 1089760043421 14
6 1089760044770 9
6 1089760044772 9
6 1089760044773 8
6 1089760044774 2
6 1089760044775 235
6 1089760044776 33
6 1089760044777 6
6 1089760044778 16
6 1089760044779 9
6 1089760044780 23
6 1089760044781 14
6 1089760044782 18
6 1089760044783 19
6 1089760044786 13
6 1089760044787 13
6 1089760044789 7
6 1089760044790 10
6 1089760044791 20
6 1089760044792 14
6 1089760044793 2
6 1089760044794 6
6 1089760044795 10
6 1089760044796 103
6 1089760044797 13
6 1089760044799 20
6 1089760044800 10
6 1089760044801 9
6 1089760044802 20
6 1089760044803 16
6 1089760044804 11
6 1089760044805 7
6 1089760044806 6
6 1089760044807 14
6 1089760044808 8
6 1089760044809 10
6 1089760044810 8
6 1089760044811 3
6 1089760044812 7
6 1089760044813 20
6 1089760044814 2
6 1089760044815 7
6 1089760044816 6
6 1089760045106 13
6 1089760045107 3
6 1089760045108 7
6 1089760045109 10
6 1089760045110 128
6 1089760045111 12
6 1089760045112 64
6 1089760045117 14
6 1089760045119 5
6 1089760045120 2
6 1089760045123 10
6 1089760045126 21
6 1089760045127 1
6 1089760045128 16
6 1089760045129 3
6 1089760045130 4
6 1089760045132 6
6 1089760045133 29
6 1089760045134 10
6 1089760045137 16
6 1089760045138 3
6 1089760045139 7
6 1089760045140 54
6 1089760045141 9
6 1089760045142 10
6 1089760045144 7
6 1089760045145 16
6 1089760045147 239
6 1089760045148 7
6 1089760045149 7
6 1089760045150 14
6 1089760045151 12
6 1089760045152 10
6 1089760045153 5
6 1089760045154 4
6 1089760045974 15
6 1089760045975 17
6 1089760045976 23
6 1089760045977 1
6 1089760045978 15
6 1089760045979 10
6 1089760045980 6
6 1089760045981 6
6 1089760045982 10
6 1089760045983 1
6 1089760045984 9
6 1089760045985 17
6 1089760045986 3
6 1089760045987 12
6 1089760045989 12
6 1089760045990 4
6 1089760045991 585
6 1089760045993 13
6 1089760045994 5
6 1089760045995 13
6 1089760045996 4
6 1089760045997 4
6 1089760045998 17
6 1089760045999 8
6 1089760046000 19
6 1089760046001 10
6 1089760046002 14
6 1089760046003 12
6 1089760046004 3
6 1089760046005 1686
6 1089760046006 137
6 1089760046007 17
6 1089760046008 8
6 1089760046009 17
6 1089760046010 21
6 1089760046014 7
6 1089760046015 11
6 1089760046016 3
6 1089760046017 8
6 1089760046018 18
6 1089760046019 114
6 1089760046695 11
6 1089760046696 9
6 1089760046698 6
6 1089760046699 11
6 1089760046701 5
6 1089760046702 16
6 1089760046703 4
6 1089760046704 140
6 1089760046705 62
6 1089760046709 40
6 1089760046710 5
6 1089760046712 4
6 1089760046713 14
6 1089760046714 801
6 1089760046715 4
6 1089760046716 7
6 1089760046717 17
6 1089760046718 10
6 1089760046719 124
6 1089760046720 18
6 1089760046721 8
6 1089760046722 8
6 1089760046723 105
6 1089760046724 37
6 1089760046725 6
6 1089760046726 24
6 1089760046727 1318
6 1089760046728 138
6 1089760046729 3
6 1089760046733 8
6 1089760046734 7
6 1089760046735 7
6 1089760046736 12
6 1089760046737 10
6 1089760046738 12
6 1089760046739 15
6 1089760046740 7
6 1089760046742 9
6 1089760047131 6
6 1089760047133 20
6 1089760047135 8
6 1089760047136 19
6 1089760047137 12
6 1089760047138 17
6 1089760047139 24
6 1089760047141 5
6 1089760047142 8
6 1089760047143 14
6 1089760047144 16
6 1089760047148 107
6 1089760047149 9
6 1089760047150 55
6 1089760047151 12
6 1089760047152 11
6 1089760047153 12
6 1089760047154 8
6 1089760047155 12
6 1089760047156 16
6 1089760047157 9
6 1089760047158 12
6 1089760047159 9
6 1089760047160 3
6 1089760047161 7
6 1089760047162 204
6 1089760047163 7
6 1089760047164 24
6 1089760047165 106
6 1089760047166 3
6 1089760047167 11
6 1089760047168 9
6 1089760047169 10
6 1089760047170 8
6 1089760047172 4
6 1089760047173 21
6 1089760047175 7
6 1089760048517 93
6 1089760048518 20
6 1089760048519 12
6 1089760048520 315
6 1089760048521 18
6 1089760048522 19
6 1089760048523 20
6 1089760048524 10
6 1089760048525 28
6 1089760048526 83
6 1089760048527 30
6 1089760048528 30
6 1089760048529 26
6 1089760048530 20
6 1089760048531 130
6 1089760048532 18
6 1089760048533 23
6 1089760048534 30
6 1089760048535 26
6 1089760048536 413
6 1089760048537 31
6 1089760048538 19
6 1089760048539 24
6 1089760048540 10
6 1089760048541 525
6 1089760048542 24
6 1089760048543 592
6 1089760048544 90
6 1089760048545 39
6 1089760048546 138
6 1089760048547 89
6 1089760048548 20
6 1089760048549 10
6 1089760048550 27
6 1089760048551 21
6 1089760048552 15
6 1089760048554 77
6 1089760048555 20
6 1089760048556 23
6 1089760048557 28
6 1089760048558 21
6 1089760048559 26
6 1089760048560 104
6 1089760048561 476
6 1089760048562 133
6 1089760048563 21
6 1089760048564 203
6 1089760048565 3
6 1089760048753 40
6 1089760048754 22
6 1089760048755 21
6 1089760048756 173
6 1089760048757 19
6 1089760048758 114
6 1089760048759 25
6 1089760048760 230
6 1089760048761 42
6 1089760048762 37
6 1089760048763 18
6 1089760048764 20
6 1089760048765 1601
6 1089760048766 15
6 1089760048767 127
6 1089760048768 18
6 1089760048769 15
6 1089760048770 17
6 1089760048771 49
6 1089760048772 7
6 1089760048773 10
6 1089760048774 22
6 1089760048775 510
6 1089760048776 32
6 1089760048777 35
6 1089760048778 68
6 1089760048779 26
6 1089760048780 17
6 1089760048781 170
6 1089760048782 18
6 1089760048783 15
6 1089760048784 22
6 1089760048785 20
6 1089760048786 239
6 1089760048787 174
6 1089760048788 137
6 1089760048789 23
6 1089760048790 62
6 1089760048791 23
6 1089760048792 222
6 1089760048793 25
6 1089760048794 14
6 1089760048795 26
6 1089760048796 168
6 1089760048797 20
6 1089760048798 22
6 1089760048799 24
6 1089760050148 3
6 1089760050149 43
6 1089760050150 23
6 1089760050151 201
6 1089760050152 9
6 1089760050153 22
6 1089760050154 15
6 1089760050155 328
6 1089760050156 12
6 1089760050157 115
6 1089760050158 27
6 1089760050159 11
6 1089760050160 35
6 1089760050161 101
6 1089760050162 109
6 1089760050163 10
6 1089760050164 11
6 1089760050165 20
6 1089760050166 290
6 1089760050167 21
6 1089760050168 18
6 1089760050169 26
6 1089760050170 24
6 1089760050171 423
6 1089760050172 20
6 1089760050173 560
6 1089760050174 14
6 1089760050175 27
6 1089760050176 14
6 1089760050177 20
6 1089760050178 7
6 1089760050179 20
6 1089760050180 29
6 1089760050182 20
6 1089760050183 15
6 1089760050184 7
6 1089760050185 29
6 1089760050186 44
6 1089760050187 259
6 1089760050188 31
6 1089760050189 15
6 1089760050190 24
6 1089760050191 19
6 1089760050192 14
6 1089760050193 54
6 1089760050194 13
6 1089760050195 14
6 1089760050196 20
6 1089760050197 147
6 1089760051153 5
6 1089760051154 6
6 1089760051155 206
6 1089760051156 47
6 1089760051157 26
6 1089760051158 160
6 1089760051159 24
6 1089760051160 26
6 1089760051161 11
6 1089760051162 17
6 1089760051164 12
6 1089760051165 19
6 1089760051166 419
6 1089760051167 29
6 1089760051168 16
6 1089760051169 21
6 1089760051170 47
6 1089760051171 67
6 1089760051172 15
6 1089760051173 11
6 1089760051174 24
6 1089760051175 12
6 1089760051176 14
6 1089760051177 21
6 1089760051178 20
6 1089760051179 1067
6 1089760051180 15
6 1089760051181 16
6 1089760051182 18
6 1089760051183 28
6 1089760051184 43
6 1089760051185 43
6 1089760051186 12
6 1089760051187 18
6 1089760051188 5
6 1089760051189 28
6 1089760051190 6
6 1089760051191 22
6 1089760051192 13
6 1089760051193 21
6 1089760051194 267
6 1089760051195 45
6 1089760051196 20
6 1089760051197 14
6 1089760051198 114
6 1089760051199 12
6 1089760051216 4
6 1089760051217 4
6 1089760051246 4
6 1089760051247 4
6 1089760051276 4
6 1089760051277 4
6 1089760051306 4
6 1089760051307 4
6 1089760051336 4
6 1089760051337 4
6 1089760051366 4
6 1089760051367 4
6 1089760051386 4
6 1089760051387 4
6 1089760051444 4
6 1089760051445 4
6 1089760051458 4
6 1089760051459 4
6 1089760051494 4
6 1089760051495 4
6 1089760051524 4
6 1089760051525 4
6 1089760051542 4
6 1089760051543 4
6 1089760051600 4
6 1089760051601 4
6 1089760051610 4
6 1089760051611 128
6 1089760051668 4
6 1089760051669 4
6 1089760051710 4
6 1089760051711 4
6 1089760051712 94
6 1089760051713 54
6 1089760051714 19
6 1089760051715 16
6 1089760051716 14
6 1089760051717 21
6 1089760051718 67
6 1089760051719 20
6 1089760051720 25
6 1089760051721 16
6 1089760051722 16
6 1089760051723 24
6 1089760051724 14
6 1089760051725 8
6 1089760051726 11
6 1089760051727 157
6 1089760051728 10
6 1089760051729 195
6 1089760051730 229
6 1089760051731 19
6 1089760051732 23
6 1089760051733 166
6 1089760051734 16
6 1089760051735 13
6 1089760051736 26
6 1089760051737 204
6 1089760051738 105
6 1089760051739 19
6 1089760051740 12
6 1089760051741 18
6 1089760051742 17
6 1089760051743 16
6 1089760051744 35
6 1089760051745 29
6 1089760051746 39
6 1089760051747 18
6 1089760051748 17
6 1089760051749 23
6 1089760051750 22
6 1089760051751 55
6 1089760051752 14
6 1089760051753 68
6 1089760051754 16
6 1089760051755 80
6 1089760051756 25
6 1089760051757 45
6 1089760051758 30
6 1089760051759 28
6 1089760051760 46
6 1089760051761 10
6 1089760051762 20
6 1089760051763 19
6 1089760051764 207
6 1089760051765 13
6 1089760051766 15
6 1089760051767 23
6 1089760051768 11
6 1089760051769 24
6 1089760051770 132
6 1089760051771 19
6 1089760051772 25
6 1089760051773 654
6 1089760051774 107
6 1089760051775 40
6 1089760051776 19
6 1089760051777 24
6 1089760051778 12
6 1089760051779 400
6 1089760051780 15
6 1089760051781 168
6 1089760051782 16
6 1089760051783 510
6 1089760051784 14
6 1089760051785 17
6 1089760051786 203
6 1089760051787 25
6 1089760051788 21
6 1089760051789 15
6 1089760051790 147
6 1089760051791 15
6 1089760051792 15
6 1089760051793 15
6 1089760051794 43
6 1089760051795 29
6 1089760051796 14
6 1089760051797 16
6 1089760051798 14
6 1089760051799 133
6 1089760051800 15
6 1089760051801 10
6 1089760051802 12
6 1089760051803 177
6 1089760051804 14
6 1089760051805 42
6 1089760051806 18
6 1089760051807 147
6 1089760051808 11
6 1089760051809 33
6 1089760051810 30
6 1089760051811 17
6 1089760051812 12
6 1089760051813 21
6 1089760051814 222
6 1089760051815 140
6 1089760051816 22
6 1089760051817 14
6 1089760051818 365
6 1089760051819 20
6 1089760051820 228
6 1089760051821 23
6 1089760051822 20
6 1089760051823 22
6 1089760051824 17
6 1089760051825 16
6 1089760051826 130
6 1089760051827 23
6 1089760051828 71
6 1089760051829 33
6 1089760051830 22
6 1089760051831 468
6 1089760051832 133
6 1089760051833 140
6 1089760051834 26
6 1089760051835 13
6 1089760051836 23
6 1089760051837 44
6 1089760051838 18
6 1089760051839 198
6 1089760051840 20
6 1089760051841 75
6 1089760051842 23
6 1089760051843 14
6 1089760051844 162
6 1089760051845 138
6 1089760051846 22
6 1089760051847 15
6 1089760051848 22
6 1089760051849 67
6 1089760051850 22
6 1089760051851 17
6 1089760051852 50
6 1089760051853 14
6 1089760051854 15
6 1089760051855 251
6 1089760051856 16
6 1089760051857 258
6 1089760051858 157
6 1089760051859 19
6 1089760051860 13
6 1089760051861 17
6 1089760051862 15
6 1089760051863 30
6 1089760051864 17
6 1089760051865 779
6 1089760051866 13
6 1089760051867 24
6 1089760051868 8
6 1089760051869 16
6 1089760051870 11
6 1089760051871 83
6 1089760051872 16
6 1089760051873 300
6 1089760051874 26
6 1089760051875 20
6 1089760051876 22
6 1089760051877 14
6 1089760051878 22
6 1089760051879 23
6 1089760051880 241
6 1089760051881 22
6 1089760051882 17
6 1089760051883 15
6 1089760051884 54
6 1089760051885 14
6 1089760051886 11
6 1089760051887 189
6 1089760051888 12
6 1089760051889 22
6 1089760051890 109
6 1089760051891 26
6 1089760051892 64
6 1089760051893 15
6 1089760051894 9
6 1089760051895 13
6 1089760051896 126
6 1089760051897 37
6 1089760051898 17
6 1089760051899 16
6 1089760051900 22
6 1089760051901 24
6 1089760051902 102
6 1089760051903 14
6 1089760051904 11
6 1089760051905 44
6 1089760051906 20
6 1089760051907 25
6 1089760051908 23
6 1089760051909 13
6 1089760051910 12
6 1089760051911 20
6 1089760051912 21
6 1089760051913 22
6 1089760051914 18
6 1089760051915 26
6 1089760051916 12
6 1089760051917 11
6 1089760051918 13
6 1089760051919 19
6 1089760051920 91
6 1089760051921 17
6 1089760051922 96
6 1089760051923 14
6 1089760051924 184
6 1089760051925 13
6 1089760051926 46
6 1089760051927 222
6 1089760051928 11
6 1089760051929 689
6 1089760051930 21
6 1089760051931 20
6 1089760051932 156
6 1089760051933 85
6 1089760051934 15
6 1089760051935 100
6 1089760051936 11
6 1089760051937 468
6 1089760051938 22
6 1089760051939 86
6 1089760051940 723
6 1089760051941 22
6 1089760051942 20
6 1089760051943 21
6 1089760051944 181
6 1089760051945 36
6 1089760051946 135
6 1089760051947 15
6 1089760051948 344
6 1089760051949 44
6 1089760051950 39
6 1089760051951 15
6 1089760051952 20
6 1089760051953 12
6 1089760051954 13
6 1089760051955 19
6 1089760051956 14
6 1089760051957 172
6 1089760051958 736
6 1089760051959 17
6 1089760051960 138
6 1089760051961 18
6 1089760051962 17
6 1089760051963 121
6 1089760051964 213
6 1089760051965 16
6 1089760051966 14
6 1089760051967 21
6 1089760051968 13
6 1089760051969 193
6 1089760051970 24
6 1089760051971 36
6 1089760051972 57
6 1089760051973 126
6 1089760051974 128
6 1089760051975 160
6 1089760051976 143
6 1089760051977 128
6 1089760051978 14
6 1089760051979 121
6 1089760051980 25
6 1089760051981 25
6 1089760051982 27
6 1089760051983 56
6 1089760051984 10
6 1089760051985 27
6 1089760051986 13
6 1089760051987 220
6 1089760051988 23
6 1089760051989 14
6 1089760051990 31
6 1089760051991 13
6 1089760051992 426
6 1089760051993 280
6 1089760051994 118
6 1089760051995 31
6 1089760051996 76
6 1089760051997 13
6 1089760051998 13
6 1089760051999 12
6 1089760052000 13
6 1089760052001 10
6 1089760052002 25
6 1089760052003 21
6 1089760052004 29
6 1089760052005 14
6 1089760052006 18
6 1089760052007 25
6 1089760052008 14
6 1089760052009 14
6 1089760052010 17
6 1089760052011 12
6 1089760052012 11
6 1089760052013 17
6 1089760052014 351
6 1089760052015 21
6 1089760052016 57
6 1089760052017 20
6 1089760052018 15
6 1089760052019 17
6 1089760052020 9
6 1089760052021 393
6 1089760052022 163
6 1089760052023 78
6 1089760052024 23
6 1089760052025 27
6 1089760052026 25
6 1089760052027 79
6 1089760052028 899
6 1089760052029 106
6 1089760052030 32
6 1089760052031 20
6 1089760052032 16
6 1089760052033 545
6 1089760052034 17
6 1089760052035 11
6 1089760052036 313
6 1089760052037 13
6 1089760052038 236
6 1089760052039 23
6 1089760052040 20
6 1089760052041 18
6 1089760052042 43
6 1089760052043 137
6 1089760052044 22
6 1089760052045 52
6 1089760052046 11
6 1089760052047 21
6 1089760052048 12
6 1089760052049 13
6 1089760052050 16
6 1089760052051 14
6 1089760052052 19
6 1089760052053 13
6 1089760052054 49
6 1089760052055 17
6 1089760052056 18
6 1089760052057 399
6 1089760052058 13
6 1089760052059 13
6 1089760052060 13
6 1089760052061 53
6 1089760052062 38
6 1089760052063 20
6 1089760052064 240
6 1089760052065 18
6 1089760052066 99
6 1089760052067 68
6 1089760052068 12
6 1089760052069 26
6 1089760052070 23
6 1089760052071 13
6 1089760052072 17
6 1089760052073 14
6 1089760052074 22
6 1089760052075 29
6 1089760052076 20
6 1089760052077 13
6 1089760052078 18
6 1089760052079 20
6 1089760052080 617
6 1089760052081 9
6 1089760052082 23
6 1089760052083 11
6 1089760052084 14
6 1089760052085 228
6 1089760052086 19
6 1089760052087 13
6 1089760052088 51
6 1089760052089 36
6 1089760052090 30
6 1089760052091 206
6 1089760052092 15
6 1089760052093 28
6 1089760052094 23
6 1089760052095 25
6 1089760052096 27
6 1089760052097 15
6 1089760052098 80
6 1089760052099 16
6 1089760052100 17
6 1089760052101 15
6 1089760052102 16
6 1089760052103 28
6 1089760052104 12
6 1089760052105 14
6 1089760052106 23
6 1089760052107 22
6 1089760052108 22
6 1089760052109 14
6 1089760052110 18
6 1089760052111 250
6 1089760052112 12
6 1089760052113 16
6 1089760052114 21
6 1089760052115 18
6 1089760052116 26
6 1089760052117 356
6 1089760052118 167
6 1089760052119 168
6 1089760052120 30
6 1089760052121 11
6 1089760052122 564
6 1089760052123 306
6 1089760052124 215
6 1089760052125 18
6 1089760052126 22
6 1089760052127 21
6 1089760052128 157
6 1089760052129 21
6 1089760052130 15
6 1089760052131 241
6 1089760052132 17
6 1089760052133 15
6 1089760052134 19
6 1089760052135 18
6 1089760052136 18
6 1089760052137 19
6 1089760052138 16
6 1089760052139 23
6 1089760052140 27
6 1089760052141 10
6 1089760052142 24
6 1089760052143 743
6 1089760052144 18
6 1089760052145 7
6 1089760052146 15
6 1089760052147 18
6 1089760052148 20
6 1089760052149 15
6 1089760052150 13
6 1089760052151 172
6 1089760052152 78
6 1089760052153 16
6 1089760052154 12
6 1089760052155 20
6 1089760052156 91
6 1089760052157 42
6 1089760052158 18
6 1089760052159 34
6 1089760052160 70
6 1089760052161 802
6 1089760052162 12
6 1089760052163 21
6 1089760052164 12
6 1089760052165 19
6 1089760052166 15
6 1089760052167 66
6 1089760052168 22
6 1089760052169 46
6 1089760052170 117
6 1089760052171 24
6 1089760052172 16
6 1089760052173 27
6 1089760052174 13
6 1089760052175 14
6 1089760052176 69
6 1089760052177 22
6 1089760052178 334
6 1089760052179 14
6 1089760052180 144
6 1089760052181 200
6 1089760052182 38
6 1089760052183 31
6 1089760052184 12
6 1089760052185 16
6 1089760052186 21
6 1089760052187 85
6 1089760052188 116
6 1089760052189 547
6 1089760052190 203
6 1089760052191 20
6 1089760052192 19
6 1089760052193 16
6 1089760052194 110
6 1089760052195 21
6 1089760052196 148
6 1089760052197 124
6 1089760052198 30
6 1089760052199 44
6 1089760052200 108
6 1089760052201 24
6 1089760052202 23
6 1089760052203 86
6 1089760052204 33
6 1089760052205 327
6 1089760052206 18
6 1089760052207 19
6 1089760052208 350
6 1089760052209 35
6 1089760052210 20
6 1089760052211 20
6 1089760052212 131
6 1089760052213 21
6 1089760052214 20
6 1089760052215 13
6 1089760052216 17
6 1089760052217 20
6 1089760052218 17
6 1089760052219 19
6 1089760052220 22
6 1089760052221 29
6 1089760052222 112
6 1089760052223 427
6 1089760052288 107
6 1089760052289 350
6 1089760052290 40
6 1089760052291 15
6 1089760052292 24
6 1089760052293 221
6 1089760052294 70
6 1089760052295 27
6 1089760052408 26
6 1089760052409 11
6 1089760052410 64
6 1089760052411 18
6 1089760052412 83
6 1089760052413 40
6 1089760052414 24
6 1089760052415 36
6 1089760052528 18
6 1089760052529 18
6 1089760052530 194
6 1089760052531 155
6 1089760052532 26
6 1089760052533 181
6 1089760052534 182
6 1089760052535 13
6 1089760052648 23
6 1089760052649 18
6 1089760052650 49
6 1089760052651 20
6 1089760052652 44
6 1089760052653 36
6 1089760052654 24
6 1089760052655 225
6 1089760052768 14
6 1089760052769 54
6 1089760052770 12
6 1089760052771 74
6 1089760052772 28
6 1089760052773 55
6 1089760052774 13
6 1089760052775 23
6 1089760052888 20
6 1089760052889 55
6 1089760052890 236
6 1089760052891 15
6 1089760052892 28
6 1089760052893 64
6 1089760052894 22
6 1089760052895 32
6 1089760052968 27
6 1089760052969 23
6 1089760052970 28
6 1089760052971 21
6 1089760052972 32
6 1089760052973 25
6 1089760052974 28
6 1089760052975 165
6 1089760053200 30
6 1089760053201 33
6 1089760053202 22
6 1089760053203 25
6 1089760053204 25
6 1089760053205 29
6 1089760053206 24
6 1089760053207 23
6 1089760053256 33
6 1089760053257 9
6 1089760053258 13
6 1089760053259 20
6 1089760053260 19
6 1089760053261 26
6 1089760053262 21
6 1089760053263 24
6 1089760053400 24
6 1089760053401 18
6 1089760053402 28
6 1089760053403 21
6 1089760053404 57
6 1089760053405 30
6 1089760053406 20
6 1089760053407 30
6 1089760053520 24
6 1089760053521 158
6 1089760053522 13
6 1089760053523 26
6 1089760053524 25
6 1089760053525 31
6 1089760053526 17
6 1089760053527 27
6 1089760053592 110
6 1089760053593 42
6 1089760053594 16
6 1089760053595 22
6 1089760053596 31
6 1089760053597 30
6 1089760053598 25
6 1089760053599 138
6 1089760053824 82
6 1089760053825 119
6 1089760053826 31
6 1089760053827 898
6 1089760053828 33
6 1089760053829 30
6 1089760053830 34
6 1089760053831 31
6 1089760053864 173
6 1089760053865 35
6 1089760053866 29
6 1089760053867 80
6 1089760053868 35
6 1089760053869 152
6 1089760053870 149
6 1089760053871 121
6 1089760054096 102
6 1089760054097 540
6 1089760054098 28
6 1089760054099 103
6 1089760054100 32
6 1089760054101 192
6 1089760054102 34
6 1089760054103 34
6 1089760054264 19
6 1089760054265 30
6 1089760054266 40
6 1089760054267 29
6 1089760054268 32
6 1089760054269 31
6 1089760054270 30
6 1089760054271 28
7 1089760035040 18
7 1089760035041 26
7 1089760035042 30
7 1089760035043 39
7 1089760035044 131
7 1089760035045 307
7 1089760035046 20
7 1089760035047 32
7 1089760035048 142
7 1089760035049 36
7 1089760035050 43
7 1089760035051 56
7 1089760035052 28
7 1089760035053 418
7 1089760035054 32
7 1089760035055 111
7 1089760035280 28
7 1089760035281 19
7 1089760035282 20
7 1089760035283 29
7 1089760035284 34
7 1089760035285 32
7 1089760035286 30
7 1089760035287 16
7 1089760035288 28
7 1089760035289 28
7 1089760035290 75
7 1089760035291 116
7 1089760035292 20
7 1089760035293 40
7 1089760035294 45
7 1089760035295 30
7 1089760035520 254
7 1089760035521 120
7 1089760035522 31
7 1089760035523 283
7 1089760035524 433
7 1089760035525 20
7 1089760035526 168
7 1089760035527 68
7 1089760035528 64
7 1089760035529 41
7 1089760035530 27
7 1089760035531 35
7 1089760035532 225
7 1089760035533 30
7 1089760035534 141
7 1089760035535 65
7 1089760035760 24
7 1089760035761 40
7 1089760035762 488
7 1089760035763 22
7 1089760035764 335
7 1089760035765 30
7 1089760035766 30
7 1089760035767 54
7 1089760035768 29
7 1089760035769 30
7 1089760035770 155
7 1089760035771 410
7 1089760035772 135
7 1089760035773 209
7 1089760035774 20
7 1089760035775 32
7 1089760036000 123
7 1089760036001 178
7 1089760036002 20
7 1089760036003 26
7 1089760036004 133
7 1089760036005 22
7 1089760036006 22
7 1089760036007 1151
7 1089760036008 22
7 1089760036009 88
7 1089760036010 92
7 1089760036011 20
7 1089760036012 281
7 1089760036013 47
7 1089760036014 18
7 1089760036015 28
7 1089760036240 22
7 1089760036241 171
7 1089760036242 65
7 1089760036243 49
7 1089760036244 37
7 1089760036245 22
7 1089760036246 154
7 1089760036247 537
7 1089760036248 34
7 1089760036249 20
7 1089760036250 30
7 1089760036251 426
7 1089760036252 26
7 1089760036253 114
7 1089760036254 26
7 1089760036255 22
7 1089760036256 68
7 1089760036257 284
7 1089760036258 69
7 1089760036259 54
7 1089760036260 108
7 1089760036261 18
7 1089760036262 217
7 1089760036263 276
7 1089760036264 115
7 1089760036265 48
7 1089760036266 37
7 1089760036267 140
7 1089760036268 26
7 1089760036269 275
7 1089760036270 173
7 1089760036271 32
7 1089760036352 22
7 1089760036353 26
7 1089760036354 289
7 1089760036355 409
7 1089760036356 34
7 1089760036357 183
7 1089760036358 181
7 1089760036359 248
7 1089760036360 378
7 1089760036361 26
7 1089760036362 18
7 1089760036363 131
7 1089760036364 28
7 1089760036365 496
7 1089760036366 26
7 1089760036367 85
7 1089760036384 20
7 1089760036385 427
7 1089760036386 114
7 1089760036387 24
7 1089760036388 20
7 1089760036389 270
7 1089760036390 209
7 1089760036391 1114
7 1089760036392 26
7 1089760036393 208
7 1089760036394 20
7 1089760036395 18
7 1089760036396 30
7 1089760036397 152
7 1089760036398 366
7 1089760036399 58
7 1089760036592 139
7 1089760036593 272
7 1089760036594 162
7 1089760036595 22
7 1089760036596 46
7 1089760036597 31
7 1089760036598 59
7 1089760036599 83
7 1089760036600 322
7 1089760036601 150
7 1089760036602 174
7 1089760036603 31
7 1089760036604 26
7 1089760036605 202
7 1089760036606 200
7 1089760036607 27
7 1089760036992 31
7 1089760036993 240
7 1089760036994 26
7 1089760036995 24
7 1089760036996 35
7 1089760036997 24
7 1089760036998 84
7 1089760036999 370
7 1089760037000 32
7 1089760037001 29
7 1089760037002 95
7 1089760037003 78
7 1089760037004 72
7 1089760037005 690
7 1089760037006 110
7 1089760037007 94
7 1089760037456 54
7 1089760037457 28
7 1089760037458 42
7 1089760037459 49
7 1089760037460 117
7 1089760037461 27
7 1089760037462 70
7 1089760037463 281
7 1089760037464 241
7 1089760037465 28
7 1089760037466 30
7 1089760037467 100
7 1089760037468 56
7 1089760037469 26
7 1089760037470 31
7 1089760037471 22
7 1089760037712 14
7 1089760037713 12
7 1089760037714 16
7 1089760037715 4
7 1089760037716 155
7 1089760037717 10
7 1089760037718 10
7 1089760037719 10
7 1089760037720 10
7 1089760037721 14
7 1089760037722 14
7 1089760037723 8
7 1089760037724 6
7 1089760037725 4
7 1089760037726 8
7 1089760037727 8
7 1089760037872 8
7 1089760037873 16
7 1089760037874 36
7 1089760037875 12
7 1089760037876 6
7 1089760037877 50
7 1089760037878 8
7 1089760037879 14
7 1089760037880 8
7 1089760037881 14
7 1089760037882 14
7 1089760037883 8
7 1089760037884 10
7 1089760037885 12
7 1089760037886 2
7 1089760037887 8
7 1089760038144 12
7 1089760038145 18
7 1089760038146 8
7 1089760038147 26
7 1089760038148 8
7 1089760038149 12
7 1089760038150 12
7 1089760038151 8
7 1089760038152 12
7 1089760038153 6
7 1089760038154 12
7 1089760038155 8
7 1089760038156 16
7 1089760038157 70
7 1089760038159 10
7 1089760038256 10
7 1089760038257 10
7 1089760038258 12
7 1089760038259 10
7 1089760038260 10
7 1089760038261 10
7 1089760038262 8
7 1089760038263 10
7 1089760038264 20
7 1089760038265 114
7 1089760038266 10
7 1089760038267 145
7 1089760038268 2
7 1089760038269 72
7 1089760038270 16
7 1089760038271 8
7 1089760038432 18
7 1089760038433 8
7 1089760038434 36
7 1089760038435 13
7 1089760038436 10
7 1089760038437 12
7 1089760038438 109
7 1089760038439 21
7 1089760038440 14
7 1089760038441 99
7 1089760038442 8
7 1089760038443 10
7 1089760038444 10
7 1089760038445 10
7 1089760038446 4
7 1089760038447 140
7 1089760038464 8
7 1089760038465 51
7 1089760038466 345
7 1089760038467 4
7 1089760038468 8
7 1089760038469 10
7 1089760038470 4
7 1089760038471 6
7 1089760038472 18
7 1089760038473 10
7 1089760038474 8
7 1089760038475 597
7 1089760038476 6
7 1089760038477 93
7 1089760038478 80
7 1089760038479 6
7 1089760038864 4
7 1089760038865 14
7 1089760038866 54
7 1089760038867 6
7 1089760038868 12
7 1089760038869 20
7 1089760038870 146
7 1089760038871 18
7 1089760038872 14
7 1089760038873 72
7 1089760038874 15
7 1089760038875 10
7 1089760038876 28
7 1089760038877 6
7 1089760038878 12
7 1089760038879 114
7 1089760039584 16
7 1089760039585 20
7 1089760039586 182
7 1089760039587 16
7 1089760039588 158
7 1089760039589 452
7 1089760039590 127
7 1089760039591 105
7 1089760039592 23
7 1089760039593 22
7 1089760039594 46
7 1089760039595 194
7 1089760039596 17
7 1089760039597 37
7 1089760039598 146
7 1089760039599 28
7 1089760039600 148
7 1089760039601 87
7 1089760039602 24
7 1089760039603 19
7 1089760039604 20
7 1089760039605 33
7 1089760039606 21
7 1089760039607 399
7 1089760039608 110
7 1089760039609 46
7 1089760039610 27
7 1089760039611 208
7 1089760039612 155
7 1089760039613 158
7 1089760039614 25
7 1089760039615 59
7 1089760039616 237
7 1089760039617 203
7 1089760039618 35
7 1089760039619 93
7 1089760039620 78
7 1089760039621 22
7 1089760039622 98
7 1089760039623 152
7 1089760039624 51
7 1089760039625 19
7 1089760039626 59
7 1089760039627 795
7 1089760039628 82
7 1089760039629 16
7 1089760039630 40
7 1089760039631 2
7 1089760040302 5
7 1089760040303 20
7 1089760040304 116
7 1089760040305 15
7 1089760040306 10
7 1089760040307 53
7 1089760040308 37
7 1089760040309 4
7 1089760040310 213
7 1089760040311 16
7 1089760040312 143
7 1089760040313 36
7 1089760040314 22
7 1089760040315 58
7 1089760040316 28
7 1089760040317 18
7 1089760040318 70
7 1089760040319 55
7 1089760040320 44
7 1089760040321 11
7 1089760040322 23
7 1089760040323 80
7 1089760040324 22
7 1089760040325 11
7 1089760040326 24
7 1089760040327 178
7 1089760040328 21
7 1089760040329 9
7 1089760040330 27
7 1089760040331 28
7 1089760040332 31
7 1089760040333 19
7 1089760040334 161
7 1089760040335 16
7 1089760040336 14
7 1089760040337 20
7 1089760040338 22
7 1089760040339 11
7 1089760040340 16
7 1089760040341 154
7 1089760040342 34
7 1089760040343 13
7 1089760040344 15
7 1089760040345 129
7 1089760040346 348
7 1089760040347 18
7 1089760040348 142
7 1089760040349 19
7 1089760040350 8
7 1089760041010 130
7 1089760041011 18
7 1089760041012 43
7 1089760041013 137
7 1089760041014 11
7 1089760041015 34
7 1089760041016 62
7 1089760041017 198
7 1089760041018 360
7 1089760041019 63
7 1089760041020 192
7 1089760041021 34
7 1089760041022 82
7 1089760041023 2
7 1089760041024 605
7 1089760041025 27
7 1089760041026 182
7 1089760041027 140
7 1089760041028 19
7 1089760041029 23
7 1089760041030 261
7 1089760041031 613
7 1089760041032 64
7 1089760041033 11
7 1089760041034 304
7 1089760041035 105
7 1089760041036 50
7 1089760041037 21
7 1089760041038 63
7 1089760041039 197
7 1089760041040 211
7 1089760041041 20
7 1089760041042 57
7 1089760041043 14
7 1089760041044 478
7 1089760041045 34
7 1089760041046 81
7 1089760041047 31
7 1089760041048 36
7 1089760041049 14
7 1089760041050 220
7 1089760041051 73
7 1089760041052 23
7 1089760041053 12
7 1089760041054 68
7 1089760041055 71
7 1089760041056 574
7 1089760041057 23
7 1089760041058 168
7 1089760041059 16
7 1089760041728 13
7 1089760041729 10
7 1089760041730 22
7 1089760041731 18
7 1089760041732 28
7 1089760041733 484
7 1089760041734 22
7 1089760041735 100
7 1089760041736 625
7 1089760041737 74
7 1089760041738 191
7 1089760041739 287
7 1089760041740 20
7 1089760041741 31
7 1089760041742 83
7 1089760041743 23
7 1089760041744 31
7 1089760041745 149
7 1089760041746 202
7 1089760041747 155
7 1089760041748 140
7 1089760041749 18
7 1089760041750 403
7 1089760041751 20
7 1089760041752 29
7 1089760041753 85
7 1089760041754 60
7 1089760041755 539
7 1089760041756 30
7 1089760041757 3
7 1089760041758 44
7 1089760041759 94
7 1089760041760 211
7 1089760041761 98
7 1089760041762 75
7 1089760041763 607
7 1089760041764 241
7 1089760041765 272
7 1089760041766 21
7 1089760041767 478
7 1089760041768 22
7 1089760041769 29
7 1089760041770 16
7 1089760041771 24
7 1089760041772 29
7 1089760041773 11
7 1089760041774 24
7 1089760041775 295
7 1089760041776 28
7 1089760041777 8
7 1089760041778 22
7 1089760042460 7
7 1089760042461 44
7 1089760042462 13
7 1089760042463 696
7 1089760042464 80
7 1089760042465 62
7 1089760042466 218
7 1089760042467 35
7 1089760042468 39
7 1089760042469 16
7 1089760042470 110
7 1089760042471 29
7 1089760042472 160
7 1089760042473 239
7 1089760042474 6
7 1089760042475 11
7 1089760042476 157
7 1089760042477 21
7 1089760042478 73
7 1089760042479 55
7 1089760042480 108
7 1089760042481 14
7 1089760042482 289
7 1089760042483 28
7 1089760042484 18
7 1089760042485 6
7 1089760042486 18
7 1089760042487 17
7 1089760042488 78
7 1089760042489 440
7 1089760042490 573
7 1089760042491 28
7 1089760042492 76
7 1089760042493 19
7 1089760042494 261
7 1089760042495 20
7 1089760042496 108
7 1089760042497 183
7 1089760042498 152
7 1089760042499 19
7 1089760042500 27
7 1089760042501 138
7 1089760042502 66
7 1089760042503 113
7 1089760042504 4
7 1089760042505 31
7 1089760042506 671
7 1089760042507 15
7 1089760042508 14
7 1089760042509 28
7 1089760043181 9
7 1089760043182 614
7 1089760043183 419
7 1089760043184 25
7 1089760043185 25
7 1089760043186 18
7 1089760043187 138
7 1089760043188 20
7 1089760043189 22
7 1089760043190 206
7 1089760043191 15
7 1089760043192 51
7 1089760043193 44
7 1089760043194 177
7 1089760043195 85
7 1089760043196 35
7 1089760043197 70
7 1089760043198 64
7 1089760043199 86
7 1089760043200 82
7 1089760043201 52
7 1089760043202 63
7 1089760043203 84
7 1089760043204 119
7 1089760043205 102
7 1089760043206 19
7 1089760043207 7
7 1089760043208 8
7 1089760043209 9
7 1089760043210 36
7 1089760043211 229
7 1089760043213 15
7 1089760043214 395
7 1089760043215 83
7 1089760043216 29
7 1089760043217 29
7 1089760043218 37
7 1089760043219 24
7 1089760043220 19
7 1089760043221 23
7 1089760043222 243
7 1089760043223 27
7 1089760043224 11
7 1089760043225 262
7 1089760043226 51
7 1089760043227 53
7 1089760043228 41
7 1089760043229 69
7 1089760043230 240
7 1089760043231 176
7 1089760043232 86
7 1089760043233 101
7 1089760043234 32
7 1089760043235 44
7 1089760043236 18
7 1089760043237 20
7 1089760043238 8
7 1089760043239 116
7 1089760043240 34
7 1089760043241 16
7 1089760043242 24
7 1089760043243 156
7 1089760043244 128
7 1089760043245 475
7 1089760043246 406
7 1089760043247 6
7 1089760043248 234
7 1089760043249 171
7 1089760043250 18
7 1089760043251 26
7 1089760043252 123
7 1089760043253 79
7 1089760043254 28
7 1089760043255 23
7 1089760043256 21
7 1089760043257 54
7 1089760043258 43
7 1089760043259 96
7 1089760043260 14
7 1089760043261 60
7 1089760043262 39
7 1089760043263 214
7 1089760043264 24
7 1089760043265 204
7 1089760043266 19
7 1089760043267 393
7 1089760043268 254
7 1089760043269 11
7 1089760043270 17
7 1089760043271 242
7 1089760043272 32
7 1089760043273 25
7 1089760043274 205
7 1089760043275 19
7 1089760043276 17
7 1089760043277 11
7 1089760043278 11
7 1089760043517 11
7 1089760043518 54
7 1089760043519 169
7 1089760043520 128
7 1089760043521 27
7 1089760043522 27
7 1089760043523 78
7 1089760043524 64
7 1089760043525 126
7 1089760043526 54
7 1089760043527 14
7 1089760043528 163
7 1089760043529 419
7 1089760043530 17
7 1089760043531 14
7 1089760043532 20
7 1089760043533 169
7 1089760043534 14
7 1089760043535 33
7 1089760043536 65
7 1089760043537 124
7 1089760043538 16
7 1089760043539 174
7 1089760043540 30
7 1089760043541 58
7 1089760043542 171
7 1089760043543 134
7 1089760043544 156
7 1089760043545 248
7 1089760043546 25
7 1089760043547 28
7 1089760043548 11
7 1089760043549 40
7 1089760043550 57
7 1089760043551 44
7 1089760043552 37
7 1089760043553 285
7 1089760043554 413
7 1089760043555 263
7 1089760043556 78
7 1089760043557 58
7 1089760043558 108
7 1089760043559 42
7 1089760043560 462
7 1089760043561 23
7 1089760043562 49
7 1089760043563 29
7 1089760043564 14
7 1089760043610 4
7 1089760043611 59
7 1089760043612 31
7 1089760043613 27
7 1089760043614 6
7 1089760043615 23
7 1089760043616 22
7 1089760043617 34
7 1089760043618 131
7 1089760043619 52
7 1089760043620 46
7 1089760043621 42
7 1089760043622 13
7 1089760043623 123
7 1089760043624 57
7 1089760043625 94
7 1089760043626 156
7 1089760043627 154
7 1089760043628 35
7 1089760043629 16
7 1089760043630 421
7 1089760043631 23
7 1089760043632 12
7 1089760043633 70
7 1089760043634 34
7 1089760043635 8
7 1089760043636 54
7 1089760043637 358
7 1089760043638 20
7 1089760043639 16
7 1089760043640 118
7 1089760043641 394
7 1089760043642 83
7 1089760043643 10
7 1089760043644 11
7 1089760043645 490
7 1089760043646 89
7 1089760043647 56
7 1089760043648 24
7 1089760043649 60
7 1089760043650 90
7 1089760043651 593
7 1089760043652 20
7 1089760043653 22
7 1089760043654 349
7 1089760043655 7
7 1089760043656 82
7 1089760043657 2
7 1089760044237 68
7 1089760044238 131
7 1089760044239 62
7 1089760044240 204
7 1089760044241 21
7 1089760044242 111
7 1089760044243 34
7 1089760044244 85
7 1089760044245 51
7 1089760044246 22
7 1089760044247 17
7 1089760044248 178
7 1089760044249 20
7 1089760044250 77
7 1089760044251 63
7 1089760044252 268
7 1089760044253 18
7 1089760044254 111
7 1089760044255 21
7 1089760044256 27
7 1089760044257 218
7 1089760044258 40
7 1089760044259 164
7 1089760044260 167
7 1089760044261 89
7 1089760044262 33
7 1089760044263 21
7 1089760044264 23
7 1089760044265 10
7 1089760044266 74
7 1089760044267 132
7 1089760044268 19
7 1089760044269 103
7 1089760044270 31
7 1089760044271 10
7 1089760044272 35
7 1089760044273 19
7 1089760044274 75
7 1089760044275 120
7 1089760044276 30
7 1089760044277 46
7 1089760044278 165
7 1089760044279 38
7 1089760044280 77
7 1089760044281 256
7 1089760044282 30
7 1089760044283 45
7 1089760044284 104
7 1089760045441 39
7 1089760045442 183
7 1089760045443 116
7 1089760045444 33
7 1089760045445 19
7 1089760045446 224
7 1089760045447 13
7 1089760045448 11
7 1089760045449 42
7 1089760045450 288
7 1089760045451 70
7 1089760045452 23
7 1089760045453 56
7 1089760045454 167
7 1089760045456 42
7 1089760045457 43
7 1089760045458 84
7 1089760045459 28
7 1089760045460 320
7 1089760045461 8
7 1089760045462 390
7 1089760045463 21
7 1089760045464 37
7 1089760045465 236
7 1089760045466 193
7 1089760045467 14
7 1089760045468 14
7 1089760045469 28
7 1089760045470 22
7 1089760045471 31
7 1089760045472 15
7 1089760045473 18
7 1089760045474 134
7 1089760045475 95
7 1089760045476 70
7 1089760045477 66
7 1089760045478 63
7 1089760045479 9
7 1089760045480 202
7 1089760045481 11
7 1089760045482 19
7 1089760045483 762
7 1089760045484 26
7 1089760045485 80
7 1089760045486 386
7 1089760045487 82
7 1089760045488 47
7 1089760045489 122
7 1089760045490 139
7 1089760045491 10
7 1089760046839 11
7 1089760046840 85
7 1089760046841 546
7 1089760046842 256
7 1089760046843 454
7 1089760046844 690
7 1089760046845 103
7 1089760046846 161
7 1089760046847 46
7 1089760046848 12
7 1089760046849 37
7 1089760046850 42
7 1089760046851 112
7 1089760046852 115
7 1089760046853 21
7 1089760046854 14
7 1089760046855 19
7 1089760046856 46
7 1089760046857 37
7 1089760046858 38
7 1089760046859 270
7 1089760046860 87
7 1089760046861 20
7 1089760046862 150
7 1089760046863 26
7 1089760046864 14
7 1089760046865 14
7 1089760046866 7
7 1089760046867 13
7 1089760046868 62
7 1089760046869 21
7 1089760046870 11
7 1089760046871 27
7 1089760046872 33
7 1089760046873 164
7 1089760046874 57
7 1089760046875 876
7 1089760046876 19
7 1089760046877 21
7 1089760046878 153
7 1089760046879 25
7 1089760046880 170
7 1089760046881 164
7 1089760046882 21
7 1089760046883 32
7 1089760046884 1302
7 1089760046885 34
7 1089760046886 21
7 1089760046887 303
7 1089760047607 6
7 1089760047608 7
7 1089760047609 7
7 1089760047611 12
7 1089760047612 2
7 1089760047613 152
7 1089760047614 73
7 1089760047615 106
7 1089760047616 82
7 1089760047618 5
7 1089760047619 7
7 1089760047620 7
7 1089760047621 13
7 1089760047622 3
7 1089760047623 11
7 1089760047624 4
7 1089760047626 7
7 1089760047627 81
7 1089760047628 10
7 1089760047629 5
7 1089760047631 5
7 1089760047632 10
7 1089760047635 18
7 1089760047636 4
7 1089760047637 8
7 1089760047638 24
7 1089760047639 8
7 1089760047640 4
7 1089760047641 6
7 1089760047642 46
7 1089760047643 74
7 1089760047644 9
7 1089760047645 4
7 1089760047646 6
7 1089760047647 4
7 1089760047648 1
7 1089760047649 8
7 1089760047651 252
7 1089760047652 2
7 1089760047653 5
7 1089760047654 21
7 1089760047655 7
7 1089760047656 4
7 1089760048091 13
7 1089760048092 17
7 1089760048093 5
7 1089760048094 11
7 1089760048095 9
7 1089760048096 9
7 1089760048097 13
7 1089760048098 5
7 1089760048099 11
7 1089760048100 23
7 1089760048101 3
7 1089760048102 4
7 1089760048104 13
7 1089760048105 1
7 1089760048106 3
7 1089760048107 19
7 1089760048108 10
7 1089760048109 10
7 1089760048110 6
7 1089760048111 4
7 1089760048112 81
7 1089760048113 10
7 1089760048114 4
7 1089760048115 30
7 1089760048116 3
7 1089760048118 123
7 1089760048119 4
7 1089760048120 87
7 1089760048122 13
7 1089760048123 13
7 1089760048124 6
7 1089760048125 7
7 1089760048126 7
7 1089760048127 4
7 1089760048128 5
7 1089760048129 11
7 1089760048130 65
7 1089760048131 7
7 1089760048132 47
7 1089760048133 7
7 1089760048136 9
7 1089760048137 13
7 1089760048138 9
7 1089760048895 79
7 1089760048896 131
7 1089760048897 9
7 1089760048898 7
7 1089760048899 15
7 1089760048900 14
7 1089760048901 9
7 1089760048902 4
7 1089760048904 7
7 1089760048905 90
7 1089760048906 11
7 1089760048907 9
7 1089760048908 113
7 1089760048909 8
7 1089760048910 1
7 1089760048912 10
7 1089760048913 8
7 1089760048914 13
7 1089760048915 4
7 1089760048916 106
7 1089760048917 9
7 1089760048918 10
7 1089760048919 212
7 1089760048920 20
7 1089760048921 46
7 1089760048922 5
7 1089760048923 8
7 1089760048926 15
7 1089760048927 172
7 1089760048928 159
7 1089760048929 229
7 1089760048930 4
7 1089760048931 136
7 1089760048932 16
7 1089760048933 10
7 1089760048934 323
7 1089760048935 3
7 1089760048936 3
7 1089760048938 8
7 1089760048942 5
7 1089760048943 63
7 1089760048944 3
7 1089760048945 8
7 1089760049235 8
7 1089760049236 3
7 1089760049237 176
7 1089760049238 131
7 1089760049239 17
7 1089760049240 7
7 1089760049241 6
7 1089760049242 15
7 1089760049243 14
7 1089760049244 437
7 1089760049245 15
7 1089760049246 140
7 1089760049247 7
7 1089760049248 37
7 1089760049249 8
7 1089760049250 18
7 1089760049252 5
7 1089760049253 16
7 1089760049254 44
7 1089760049255 6
7 1089760049256 170
7 1089760049257 3
7 1089760049258 120
7 1089760049259 4
7 1089760049260 18
7 1089760049261 176
7 1089760049262 10
7 1089760049263 5
7 1089760049265 3
7 1089760049266 129
7 1089760049267 14
7 1089760049268 8
7 1089760049269 15
7 1089760049271 1
7 1089760049272 3
7 1089760049274 6
7 1089760049275 5
7 1089760049276 27
7 1089760049277 55
7 1089760049278 9
7 1089760049279 5
7 1089760049280 8
7 1089760049281 13
7 1089760049282 89
7 1089760049763 105
7 1089760049764 199
7 1089760049765 309
7 1089760049767 6
7 1089760049768 17
7 1089760049769 4
7 1089760049770 3
7 1089760049771 12
7 1089760049772 7
7 1089760049773 6
7 1089760049774 12
7 1089760049775 12
7 1089760049776 8
7 1089760049777 3
7 1089760049778 7
7 1089760049779 387
7 1089760049780 6
7 1089760049781 3
7 1089760049782 210
7 1089760049783 30
7 1089760049784 38
7 1089760049785 93
7 1089760049786 25
7 1089760049787 6
7 1089760049788 20
7 1089760049790 13
7 1089760049791 17
7 1089760049792 5
7 1089760049793 5
7 1089760049794 163
7 1089760049796 14
7 1089760049797 287
7 1089760049798 3
7 1089760049799 13
7 1089760049800 12
7 1089760049802 5
7 1089760049804 3
7 1089760049805 162
7 1089760049806 6
7 1089760049807 10
7 1089760049808 3
7 1089760049810 16
7 1089760049811 2
7 1089760049812 123
7 1089760049860 2
7 1089760049861 6
7 1089760049862 1
7 1089760049863 17
7 1089760049864 20
7 1089760049865 129
7 1089760049866 3
7 1089760049867 90
7 1089760049868 9
7 1089760049869 7
7 1089760049870 10
7 1089760049871 3
7 1089760049872 3
7 1089760049873 2
7 1089760049874 12
7 1089760049875 2
7 1089760049876 6
7 1089760049877 17
7 1089760049878 9
7 1089760049879 5
7 1089760049881 3
7 1089760049882 1
7 1089760049883 510
7 1089760049884 14
7 1089760049885 12
7 1089760049886 90
7 1089760049887 14
7 1089760049888 8
7 1089760049889 10
7 1089760049890 5
7 1089760049891 2
7 1089760049892 7
7 1089760049893 3
7 1089760049894 4
7 1089760049896 139
7 1089760049897 9
7 1089760049898 126
7 1089760049899 8
7 1089760049901 154
7 1089760049902 10
7 1089760049903 21
7 1089760049904 3
7 1089760049905 8
7 1089760049906 8
7 1089760049907 1
7 1089760049908 11
7 1089760049909 7
7 1089760051056 4
7 1089760051057 1
7 1089760051058 218
7 1089760051059 1
7 1089760051060 13
7 1089760051061 15
7 1089760051062 27
7 1089760051063 15
7 1089760051064 11
7 1089760051065 26
7 1089760051066 14
7 1089760051067 3
7 1089760051068 6
7 1089760051070 6
7 1089760051071 19
7 1089760051072 5
7 1089760051073 16
7 1089760051074 17
7 1089760051075 110
7 1089760051076 12
7 1089760051077 213
7 1089760051078 7
7 1089760051079 20
7 1089760051080 34
7 1089760051081 13
7 1089760051082 4
7 1089760051083 7
7 1089760051084 28
7 1089760051085 7
7 1089760051086 7
7 1089760051087 3
7 1089760051088 138
7 1089760051089 5
7 1089760051090 8
7 1089760051092 11
7 1089760051093 128
7 1089760051094 10
7 1089760051096 19
7 1089760051097 10
7 1089760051098 10
7 1089760051099 13
7 1089760051100 10
7 1089760051101 3
7 1089760051102 15
7 1089760051103 6
7 1089760051104 8
7 1089760051228 4
7 1089760051229 4
7 1089760051258 4
7 1089760051259 4
7 1089760051288 4
7 1089760051289 4
7 1089760051318 4
7 1089760051319 4
7 1089760051348 4
7 1089760051349 4
7 1089760051378 4
7 1089760051379 4
7 1089760051380 4
7 1089760051381 4
7 1089760051392 4
7 1089760051393 4
7 1089760051396 4
7 1089760051397 4
7 1089760051422 4
7 1089760051423 4
7 1089760051472 4
7 1089760051473 4
7 1089760051530 4
7 1089760051531 4
7 1089760051562 4
7 1089760051563 4
7 1089760051582 4
7 1089760051583 4
7 1089760051616 4
7 1089760051617 4
7 1089760051630 4
7 1089760051631 4
7 1089760051652 4
7 1089760051653 4
7 1089760051656 4
7 1089760051657 4
7 1089760051706 4
7 1089760051707 4
7 1089760051712 288
7 1089760051713 123
7 1089760051714 452
7 1089760051715 31
7 1089760051716 31
7 1089760051717 23
7 1089760051718 88
7 1089760051719 74
7 1089760051720 31
7 1089760051721 37
7 1089760051722 336
7 1089760051723 137
7 1089760051724 61
7 1089760051725 32
7 1089760051726 895
7 1089760051727 157
7 1089760051728 27
7 1089760051729 45
7 1089760051730 21
7 1089760051731 58
7 1089760051732 313
7 1089760051733 68
7 1089760051734 32
7 1089760051735 29
7 1089760051736 23
7 1089760051737 153
7 1089760051738 395
7 1089760051739 43
7 1089760051740 470
7 1089760051741 630
7 1089760051742 162
7 1089760051743 53
7 1089760051744 285
7 1089760051745 200
7 1089760051746 38
7 1089760051747 292
7 1089760051748 30
7 1089760051749 45
7 1089760051750 206
7 1089760051751 535
7 1089760051752 83
7 1089760051753 28
7 1089760051754 35
7 1089760051755 583
7 1089760051756 553
7 1089760051757 147
7 1089760051758 117
7 1089760051759 395
7 1089760051760 151
7 1089760051761 36
7 1089760051762 131
7 1089760051763 166
7 1089760051764 176
7 1089760051765 34
7 1089760051766 55
7 1089760051767 57
7 1089760051768 207
7 1089760051769 237
7 1089760051770 26
7 1089760051771 76
7 1089760051772 35
7 1089760051773 26
7 1089760051774 24
7 1089760051775 526
7 1089760051776 33
7 1089760051777 298
7 1089760051778 349
7 1089760051779 23
7 1089760051780 191
7 1089760051781 71
7 1089760051782 161
7 1089760051783 45
7 1089760051784 85
7 1089760051785 553
7 1089760051786 63
7 1089760051787 47
7 1089760051788 173
7 1089760051789 27
7 1089760051790 243
7 1089760051791 28
7 1089760051792 31
7 1089760051793 628
7 1089760051794 156
7 1089760051795 449
7 1089760051796 63
7 1089760051797 49
7 1089760051798 27
7 1089760051799 207
7 1089760051800 116
7 1089760051801 528
7 1089760051802 102
7 1089760051803 26
7 1089760051804 137
7 1089760051805 72
7 1089760051806 361
7 1089760051807 31
7 1089760051808 347
7 1089760051809 210
7 1089760051810 511
7 1089760051811 296
7 1089760051812 18
7 1089760051813 648
7 1089760051814 332
7 1089760051815 120
7 1089760051816 115
7 1089760051817 373
7 1089760051818 246
7 1089760051819 37
7 1089760051820 285
7 1089760051821 39
7 1089760051822 108
7 1089760051823 384
7 1089760051824 186
7 1089760051825 116
7 1089760051826 354
7 1089760051827 44
7 1089760051828 94
7 1089760051829 33
7 1089760051830 22
7 1089760051831 43
7 1089760051832 235
7 1089760051833 162
7 1089760051834 90
7 1089760051835 215
7 1089760051836 62
7 1089760051837 32
7 1089760051838 20
7 1089760051839 29
7 1089760051840 221
7 1089760051841 41
7 1089760051842 48
7 1089760051843 46
7 1089760051844 221
7 1089760051845 27
7 1089760051846 36
7 1089760051847 204
7 1089760051848 45
7 1089760051849 35
7 1089760051850 18
7 1089760051851 64
7 1089760051852 28
7 1089760051853 189
7 1089760051854 30
7 1089760051855 83
7 1089760051856 21
7 1089760051857 56
7 1089760051858 70
7 1089760051859 103
7 1089760051860 154
7 1089760051861 37
7 1089760051862 320
7 1089760051863 47
7 1089760051864 33
7 1089760051865 193
7 1089760051866 126
7 1089760051867 910
7 1089760051868 202
7 1089760051869 30
7 1089760051870 345
7 1089760051871 232
7 1089760051872 183
7 1089760051873 68
7 1089760051874 22
7 1089760051875 27
7 1089760051876 726
7 1089760051877 139
7 1089760051878 31
7 1089760051879 271
7 1089760051880 43
7 1089760051881 23
7 1089760051882 207
7 1089760051883 415
7 1089760051884 47
7 1089760051885 22
7 1089760051886 41
7 1089760051887 34
7 1089760051888 51
7 1089760051889 140
7 1089760051890 393
7 1089760051891 497
7 1089760051892 226
7 1089760051893 284
7 1089760051894 103
7 1089760051895 39
7 1089760051896 52
7 1089760051897 127
7 1089760051898 298
7 1089760051899 22
7 1089760051900 52
7 1089760051901 36
7 1089760051902 334
7 1089760051903 311
7 1089760051904 437
7 1089760051905 148
7 1089760051906 269
7 1089760051907 32
7 1089760051908 394
7 1089760051909 74
7 1089760051910 22
7 1089760051911 127
7 1089760051912 166
7 1089760051913 66
7 1089760051914 160
7 1089760051915 43
7 1089760051916 36
7 1089760051917 43
7 1089760051918 155
7 1089760051919 215
7 1089760051920 43
7 1089760051921 34
7 1089760051922 132
7 1089760051923 79
7 1089760051924 30
7 1089760051925 72
7 1089760051926 99
7 1089760051927 172
7 1089760051928 180
7 1089760051929 120
7 1089760051930 26
7 1089760051931 66
7 1089760051932 46
7 1089760051933 70
7 1089760051934 34
7 1089760051935 96
7 1089760051936 27
7 1089760051937 26
7 1089760051938 214
7 1089760051939 23
7 1089760051940 32
7 1089760051941 92
7 1089760051942 28
7 1089760051943 24
7 1089760051944 89
7 1089760051945 207
7 1089760051946 145
7 1089760051947 34
7 1089760051948 747
7 1089760051949 126
7 1089760051950 124
7 1089760051951 133
7 1089760051952 126
7 1089760051953 91
7 1089760051954 38
7 1089760051955 78
7 1089760051956 51
7 1089760051957 66
7 1089760051958 619
7 1089760051959 35
7 1089760051960 38
7 1089760051961 144
7 1089760051962 165
7 1089760051963 23
7 1089760051964 269
7 1089760051965 102
7 1089760051966 30
7 1089760051967 82
7 1089760051968 25
7 1089760051969 60
7 1089760051970 317
7 1089760051971 36
7 1089760051972 334
7 1089760051973 866
7 1089760051974 59
7 1089760051975 399
7 1089760051976 92
7 1089760051977 414
7 1089760051978 31
7 1089760051979 70
7 1089760051980 160
7 1089760051981 37
7 1089760051982 34
7 1089760051983 212
7 1089760051984 401
7 1089760051985 154
7 1089760051986 51
7 1089760051987 161
7 1089760051988 32
7 1089760051989 19
7 1089760051990 309
7 1089760051991 182
7 1089760051992 569
7 1089760051993 515
7 1089760051994 525
7 1089760051995 74
7 1089760051996 24
7 1089760051997 145
7 1089760051998 24
7 1089760051999 188
7 1089760052000 129
7 1089760052001 23
7 1089760052002 643
7 1089760052003 717
7 1089760052004 26
7 1089760052005 208
7 1089760052006 438
7 1089760052007 93
7 1089760052008 157
7 1089760052009 51
7 1089760052010 377
7 1089760052011 36
7 1089760052012 53
7 1089760052013 157
7 1089760052014 98
7 1089760052015 29
7 1089760052016 140
7 1089760052017 253
7 1089760052018 212
7 1089760052019 35
7 1089760052020 21
7 1089760052021 94
7 1089760052022 30
7 1089760052023 169
7 1089760052024 629
7 1089760052025 31
7 1089760052026 142
7 1089760052027 45
7 1089760052028 53
7 1089760052029 124
7 1089760052030 187
7 1089760052031 22
7 1089760052032 38
7 1089760052033 137
7 1089760052034 35
7 1089760052035 231
7 1089760052036 29
7 1089760052037 160
7 1089760052038 41
7 1089760052039 24
7 1089760052040 182
7 1089760052041 649
7 1089760052042 205
7 1089760052043 68
7 1089760052044 123
7 1089760052045 49
7 1089760052046 150
7 1089760052047 869
7 1089760052048 199
7 1089760052049 226
7 1089760052050 22
7 1089760052051 125
7 1089760052052 484
7 1089760052053 45
7 1089760052054 94
7 1089760052055 339
7 1089760052056 86
7 1089760052057 62
7 1089760052058 102
7 1089760052059 65
7 1089760052060 281
7 1089760052061 298
7 1089760052062 38
7 1089760052063 203
7 1089760052064 30
7 1089760052065 439
7 1089760052066 91
7 1089760052067 724
7 1089760052068 154
7 1089760052069 170
7 1089760052070 57
7 1089760052071 389
7 1089760052072 213
7 1089760052073 215
7 1089760052074 347
7 1089760052075 676
7 1089760052076 104
7 1089760052077 42
7 1089760052078 33
7 1089760052079 261
7 1089760052080 33
7 1089760052081 39
7 1089760052082 127
7 1089760052083 195
7 1089760052084 44
7 1089760052085 30
7 1089760052086 37
7 1089760052087 129
7 1089760052088 225
7 1089760052089 34
7 1089760052090 305
7 1089760052091 26
7 1089760052092 28
7 1089760052093 70
7 1089760052094 285
7 1089760052095 39
7 1089760052096 159
7 1089760052097 84
7 1089760052098 93
7 1089760052099 53
7 1089760052100 711
7 1089760052101 28
7 1089760052102 209
7 1089760052103 38
7 1089760052104 55
7 1089760052105 559
7 1089760052106 52
7 1089760052107 382
7 1089760052108 49
7 1089760052109 24
7 1089760052110 23
7 1089760052111 235
7 1089760052112 96
7 1089760052113 251
7 1089760052114 145
7 1089760052115 597
7 1089760052116 390
7 1089760052117 148
7 1089760052118 202
7 1089760052119 354
7 1089760052120 38
7 1089760052121 287
7 1089760052122 90
7 1089760052123 114
7 1089760052124 35
7 1089760052125 268
7 1089760052126 106
7 1089760052127 44
7 1089760052128 63
7 1089760052129 252
7 1089760052130 24
7 1089760052131 301
7 1089760052132 112
7 1089760052133 180
7 1089760052134 65
7 1089760052135 1112
7 1089760052136 211
7 1089760052137 37
7 1089760052138 75
7 1089760052139 39
7 1089760052140 379
7 1089760052141 33
7 1089760052142 142
7 1089760052143 40
7 1089760052144 190
7 1089760052145 35
7 1089760052146 64
7 1089760052147 269
7 1089760052148 28
7 1089760052149 36
7 1089760052150 298
7 1089760052151 53
7 1089760052152 39
7 1089760052153 49
7 1089760052154 36
7 1089760052155 165
7 1089760052156 49
7 1089760052157 78
7 1089760052158 101
7 1089760052159 40
7 1089760052160 22
7 1089760052161 26
7 1089760052162 668
7 1089760052163 95
7 1089760052164 205
7 1089760052165 478
7 1089760052166 29
7 1089760052167 95
7 1089760052168 149
7 1089760052169 31
7 1089760052170 258
7 1089760052171 73
7 1089760052172 27
7 1089760052173 20
7 1089760052174 25
7 1089760052175 121
7 1089760052176 28
7 1089760052177 32
7 1089760052178 149
7 1089760052179 42
7 1089760052180 46
7 1089760052181 25
7 1089760052182 33
7 1089760052183 111
7 1089760052184 127
7 1089760052185 175
7 1089760052186 165
7 1089760052187 33
7 1089760052188 133
7 1089760052189 98
7 1089760052190 29
7 1089760052191 170
7 1089760052192 159
7 1089760052193 56
7 1089760052194 36
7 1089760052195 271
7 1089760052196 383
7 1089760052197 107
7 1089760052198 199
7 1089760052199 262
7 1089760052200 323
7 1089760052201 335
7 1089760052202 24
7 1089760052203 79
7 1089760052204 106
7 1089760052205 24
7 1089760052206 570
7 1089760052207 60
7 1089760052208 371
7 1089760052209 115
7 1089760052210 346
7 1089760052211 186
7 1089760052212 239
7 1089760052213 131
7 1089760052214 158
7 1089760052215 17
7 1089760052216 616
7 1089760052217 227
7 1089760052218 122
7 1089760052219 30
7 1089760052220 46
7 1089760052221 216
7 1089760052222 27
7 1089760052223 57
7 1089760052336 11
7 1089760052337 91
7 1089760052338 259
7 1089760052339 16
7 1089760052340 19
7 1089760052341 86
7 1089760052342 15
7 1089760052343 17
7 1089760052456 12
7 1089760052457 9
7 1089760052458 21
7 1089760052459 14
7 1089760052460 40
7 1089760052461 13
7 1089760052462 17
7 1089760052463 164
7 1089760052576 14
7 1089760052577 158
7 1089760052578 50
7 1089760052579 108
7 1089760052580 9
7 1089760052581 13
7 1089760052582 792
7 1089760052583 12
7 1089760052696 28
7 1089760052697 13
7 1089760052698 21
7 1089760052699 30
7 1089760052700 14
7 1089760052701 42
7 1089760052702 200
7 1089760052703 139
7 1089760052816 154
7 1089760052817 12
7 1089760052818 121
7 1089760052819 18
7 1089760052820 23
7 1089760052821 13
7 1089760052822 17
7 1089760052823 24
7 1089760052936 35
7 1089760052937 528
7 1089760052938 22
7 1089760052939 128
7 1089760052940 11
7 1089760052941 170
7 1089760052942 16
7 1089760052943 16
7 1089760052944 23
7 1089760052945 119
7 1089760052946 15
7 1089760052947 139
7 1089760052948 15
7 1089760052949 12
7 1089760052950 294
7 1089760052951 153
7 1089760052992 13
7 1089760052993 17
7 1089760052994 136
7 1089760052995 13
7 1089760052996 418
7 1089760052997 14
7 1089760052998 27
7 1089760052999 273
7 1089760053008 8
7 1089760053009 15
7 1089760053010 37
7 1089760053011 18
7 1089760053012 12
7 1089760053013 103
7 1089760053014 63
7 1089760053015 164
7 1089760053112 20
7 1089760053113 16
7 1089760053114 15
7 1089760053115 160
7 1089760053116 225
7 1089760053117 85
7 1089760053118 168
7 1089760053119 119
7 1089760053312 25
7 1089760053313 42
7 1089760053314 24
7 1089760053315 18
7 1089760053316 76
7 1089760053317 16
7 1089760053318 19
7 1089760053319 179
7 1089760053544 21
7 1089760053545 21
7 1089760053546 15
7 1089760053547 21
7 1089760053548 17
7 1089760053549 17
7 1089760053550 18
7 1089760053551 21
7 1089760053672 7
7 1089760053673 4
7 1089760053674 547
7 1089760053675 5
7 1089760053676 139
7 1089760053677 4
7 1089760053678 1
7 1089760053679 1
7 1089760053752 5
7 1089760053753 8
7 1089760053754 7
7 1089760053755 5
7 1089760053756 5
7 1089760053757 4
7 1089760053758 3
7 1089760053759 1
7 1089760053888 6
7 1089760053889 155
7 1089760053890 3
7 1089760053891 2
7 1089760053892 4
7 1089760053893 3
7 1089760053894 5
7 1089760053895 1
7 1089760053944 4
7 1089760053945 3
7 1089760053946 3
7 1089760053947 3
7 1089760053948 7
7 1089760053949 5
7 1089760053950 3
7 1089760053951 22
7 1089760054032 6
7 1089760054033 2
7 1089760054034 4
7 1089760054035 6
7 1089760054036 5
7 1089760054037 2
7 1089760054038 5
7 1089760054039 4
7 1089760054048 4
7 1089760054049 6
7 1089760054050 3
7 1089760054052 6
7 1089760054053 2
7 1089760054054 4
7 1089760054055 2
7 1089760054248 3
7 1089760054249 4
7 1089760054250 8
7 1089760054251 6
7 1089760054252 4
7 1089760054253 4
7 1089760054254 5
7 1089760054255 6
8 1089760035008 6
8 1089760035009 2
8 1089760035011 6
8 1089760035012 2
8 1089760035013 6
8 1089760035014 2
8 1089760035016 4
8 1089760035019 6
8 1089760035020 2
8 1089760035021 2
8 1089760035023 4
8 1089760035248 4
8 1089760035249 4
8 1089760035250 4
8 1089760035251 4
8 1089760035252 2
8 1089760035253 2
8 1089760035255 4
8 1089760035256 2
8 1089760035257 2
8 1089760035258 2
8 1089760035259 2
8 1089760035260 4
8 1089760035262 2
8 1089760035263 4
8 1089760035488 6
8 1089760035489 6
8 1089760035490 4
8 1089760035491 2
8 1089760035492 2
8 1089760035493 126
8 1089760035494 6
8 1089760035496 2
8 1089760035497 2
8 1089760035498 4
8 1089760035499 4
8 1089760035500 4
8 1089760035501 4
8 1089760035502 4
8 1089760035503 2
8 1089760035728 6
8 1089760035730 2
8 1089760035731 2
8 1089760035732 4
8 1089760035733 4
8 1089760035735 2
8 1089760035736 4
8 1089760035737 6
8 1089760035738 4
8 1089760035740 4
8 1089760035741 2
8 1089760035743 2
8 1089760035968 2
8 1089760035969 2
8 1089760035970 2
8 1089760035971 6
8 1089760035972 6
8 1089760035973 2
8 1089760035974 2
8 1089760035975 2
8 1089760035976 2
8 1089760035977 4
8 1089760035978 2
8 1089760035979 4
8 1089760035981 8
8 1089760035983 2
8 1089760036209 4
8 1089760036210 4
8 1089760036212 4
8 1089760036214 4
8 1089760036215 2
8 1089760036216 4
8 1089760036217 2
8 1089760036218 4
8 1089760036219 72
8 1089760036221 4
8 1089760036222 6
8 1089760036223 58
8 1089760036368 2
8 1089760036369 2
8 1089760036370 4
8 1089760036371 4
8 1089760036372 2
8 1089760036374 6
8 1089760036375 2
8 1089760036376 2
8 1089760036379 2
8 1089760036380 2
8 1089760036381 4
8 1089760036383 2
8 1089760036672 2
8 1089760036674 6
8 1089760036677 4
8 1089760036678 2
8 1089760036680 4
8 1089760036681 8
8 1089760036683 4
8 1089760036684 4
8 1089760036686 4
8 1089760036687 2
8 1089760036960 2
8 1089760036961 2
8 1089760036962 2
8 1089760036963 2
8 1089760036965 4
8 1089760036966 2
8 1089760036967 2
8 1089760036968 4
8 1089760036970 2
8 1089760036972 2
8 1089760036973 2
8 1089760036974 2
8 1089760036975 2
8 1089760037024 4
8 1089760037025 2
8 1089760037026 2
8 1089760037029 2
8 1089760037030 2
8 1089760037032 6
8 1089760037033 4
8 1089760037034 4
8 1089760037035 2
8 1089760037036 4
8 1089760037037 2
8 1089760037038 2
8 1089760037039 8
8 1089760037089 2
8 1089760037090 2
8 1089760037091 2
8 1089760037093 2
8 1089760037094 2
8 1089760037095 2
8 1089760037096 2
8 1089760037098 2
8 1089760037099 4
8 1089760037100 4
8 1089760037102 2
8 1089760037103 4
8 1089760037120 4
8 1089760037121 2
8 1089760037122 4
8 1089760037123 4
8 1089760037124 2
8 1089760037125 2
8 1089760037128 4
8 1089760037129 2
8 1089760037130 2
8 1089760037132 2
8 1089760037133 4
8 1089760037134 2
8 1089760037135 2
8 1089760037984 2
8 1089760037987 2
8 1089760037991 2
8 1089760038219 2
8 1089760038270 2
8 1089760038280 2
8 1089760038448 2
8 1089760038449 2
8 1089760038450 2
8 1089760038880 2
8 1089760038888 2
8 1089760038894 2
8 1089760039491 1
8 1089760039492 8
8 1089760039493 3
8 1089760039496 3
8 1089760039500 2
8 1089760039501 10
8 1089760039504 4
8 1089760039506 1
8 1089760039507 1
8 1089760039508 6
8 1089760039514 2
8 1089760039516 3
8 1089760039522 5
8 1089760039523 2
8 1089760039524 10
8 1089760039529 6
8 1089760039534 7
8 1089760039535 1
8 1089760040206 6
8 1089760040210 2
8 1089760040211 282
8 1089760040213 4
8 1089760040214 3
8 1089760040216 1
8 1089760040217 5
8 1089760040221 61
8 1089760040227 7
8 1089760040229 7
8 1089760040231 4
8 1089760040232 5
8 1089760040236 1
8 1089760040239 1
8 1089760040242 55
8 1089760040243 4
8 1089760040244 2
8 1089760040249 70
8 1089760040250 3
8 1089760040253 6
8 1089760040916 3
8 1089760040917 6
8 1089760040919 136
8 1089760040920 4
8 1089760040921 6
8 1089760040922 4
8 1089760040923 2
8 1089760040924 44
8 1089760040927 5
8 1089760040930 4
8 1089760040932 8
8 1089760040933 3
8 1089760040934 3
8 1089760040935 5
8 1089760040942 12
8 1089760040946 9
8 1089760040948 4
8 1089760040949 4
8 1089760040951 3
8 1089760040952 3
8 1089760040954 3
8 1089760040955 11
8 1089760040957 4
8 1089760040958 5
8 1089760040961 127
8 1089760041632 160
8 1089760041633 4
8 1089760041637 5
8 1089760041643 1
8 1089760041645 5
8 1089760041647 4
8 1089760041649 109
8 1089760041655 4
8 1089760041656 2
8 1089760041657 2
8 1089760041658 3
8 1089760041659 3
8 1089760041660 2
8 1089760041661 128
8 1089760041662 3
8 1089760041667 10
8 1089760041668 5
8 1089760041672 3
8 1089760041678 5
8 1089760042364 2
8 1089760042365 10
8 1089760042368 1
8 1089760042371 3
8 1089760042372 7
8 1089760042373 4
8 1089760042374 2
8 1089760042375 4
8 1089760042378 5
8 1089760042380 3
8 1089760042385 4
8 1089760042386 3
8 1089760042390 4
8 1089760042391 5
8 1089760042394 5
8 1089760042396 7
8 1089760042402 5
8 1089760042403 190
8 1089760042404 4
8 1089760042410 4
8 1089760043093 10
8 1089760043094 5
8 1089760043095 5
8 1089760043097 6
8 1089760043102 5
8 1089760043103 7
8 1089760043108 242
8 1089760043109 3
8 1089760043111 1
8 1089760043112 13
8 1089760043116 5
8 1089760043118 1
8 1089760043119 2
8 1089760043120 5
8 1089760043122 175
8 1089760043126 245
8 1089760043127 1
8 1089760043128 3
8 1089760043129 3
8 1089760043130 7
8 1089760043131 2
8 1089760043132 4
8 1089760043564 1
8 1089760043568 2
8 1089760043569 6
8 1089760043570 38
8 1089760043572 4
8 1089760043574 5
8 1089760043577 3
8 1089760043581 4
8 1089760043582 11
8 1089760043586 6
8 1089760043587 2
8 1089760043589 2
8 1089760043597 7
8 1089760043599 1
8 1089760043602 4
8 1089760043603 10
8 1089760043607 3
8 1089760044480 5
8 1089760044486 4
8 1089760044487 7
8 1089760044488 1
8 1089760044489 3
8 1089760044496 5
8 1089760044498 8
8 1089760044499 4
8 1089760044504 6
8 1089760044506 2
8 1089760044507 3
8 1089760044508 3
8 1089760044509 6
8 1089760044515 1
8 1089760044516 4
8 1089760044517 4
8 1089760044519 3
8 1089760044523 2
8 1089760044524 5
8 1089760044528 4
8 1089760045348 3
8 1089760045350 5
8 1089760045354 3
8 1089760045358 8
8 1089760045362 7
8 1089760045365 2
8 1089760045367 2
8 1089760045371 2
8 1089760045373 6
8 1089760045374 4
8 1089760045378 6
8 1089760045386 3
8 1089760045387 2
8 1089760045392 2
8 1089760045395 2
8 1089760045541 5
8 1089760045542 2
8 1089760045545 2
8 1089760045546 2
8 1089760045556 3
8 1089760045559 4
8 1089760045565 5
8 1089760045566 517
8 1089760045567 2
8 1089760045569 11
8 1089760045570 8
8 1089760045571 6
8 1089760045576 7
8 1089760045578 2
8 1089760045581 3
8 1089760045584 2
8 1089760045585 2
8 1089760045586 1
8 1089760045587 5
8 1089760045588 4
8 1089760045733 5
8 1089760045739 5
8 1089760045741 4
8 1089760045742 7
8 1089760045748 3
8 1089760045750 7
8 1089760045755 8
8 1089760045758 2
8 1089760045762 14
8 1089760045765 5
8 1089760045766 1
8 1089760045767 1
8 1089760045768 2
8 1089760045769 4
8 1089760045774 3
8 1089760045775 1
8 1089760045777 5
8 1089760045828 6
8 1089760045830 3
8 1089760045831 4
8 1089760045834 7
8 1089760045835 3
8 1089760045837 4
8 1089760045838 14
8 1089760045839 1
8 1089760045842 3
8 1089760045853 2
8 1089760045855 4
8 1089760045858 2
8 1089760045859 3
8 1089760045864 4
8 1089760045866 6
8 1089760045870 5
8 1089760045873 4
8 1089760048423 1
8 1089760048431 2
8 1089760048443 1
8 1089760049125 4
8 1089760049279 1
8 1089760049308 1
8 1089760049814 6
8 1089760049816 10
8 1089760049821 2
8 1089760051106 1
8 1089760051127 5
8 1089760051149 7
8 1089760051224 4
8 1089760051225 4
8 1089760051254 4
8 1089760051255 4
8 1089760051284 4
8 1089760051285 4
8 1089760051314 4
8 1089760051315 4
8 1089760051344 4
8 1089760051345 4
8 1089760051374 4
8 1089760051375 4
8 1089760051394 4
8 1089760051395 4
8 1089760051432 4
8 1089760051433 4
8 1089760051468 4
8 1089760051469 4
8 1089760051476 4
8 1089760051477 4
8 1089760051484 4
8 1089760051485 4
8 1089760051488 4
8 1089760051489 4
8 1089760051596 4
8 1089760051597 4
8 1089760051608 4
8 1089760051609 4
8 1089760051610 4
8 1089760051611 4
8 1089760051624 4
8 1089760051625 4
8 1089760051630 4
8 1089760051631 4
8 1089760051632 4
8 1089760051633 4
8 1089760051654 4
8 1089760051655 4
8 1089760051708 4
8 1089760051709 4
8 1089760051712 4
8 1089760051714 4
8 1089760051715 118
8 1089760051716 2
8 1089760051717 2
8 1089760051718 2
8 1089760051720 1
8 1089760051721 2
8 1089760051722 2
8 1089760051723 7
8 1089760051724 2
8 1089760051725 2
8 1089760051726 1
8 1089760051727 4
8 1089760051728 4
8 1089760051729 1
8 1089760051730 3
8 1089760051731 2
8 1089760051732 1
8 1089760051733 2
8 1089760051734 2
8 1089760051735 4
8 1089760051736 2
8 1089760051737 2
8 1089760051738 3
8 1089760051739 2
8 1089760051740 4
8 1089760051741 2
8 1089760051742 183
8 1089760051743 6
8 1089760051744 1
8 1089760051745 2
8 1089760051746 2
8 1089760051747 1
8 1089760051748 2
8 1089760051749 2
8 1089760051750 3
8 1089760051751 2
8 1089760051752 2
8 1089760051753 2
8 1089760051754 1
8 1089760051755 18
8 1089760051756 1
8 1089760051757 2
8 1089760051758 4
8 1089760051759 3
8 1089760051762 3
8 1089760051763 3
8 1089760051764 3
8 1089760051765 3
8 1089760051766 4
8 1089760051767 2
8 1089760051768 2
8 1089760051769 4
8 1089760051771 4
8 1089760051772 1
8 1089760051773 2
8 1089760051775 2
8 1089760051776 4
8 1089760051777 4
8 1089760051778 2
8 1089760051779 4
8 1089760051780 1
8 1089760051781 4
8 1089760051782 2
8 1089760051784 3
8 1089760051785 2
8 1089760051786 3
8 1089760051787 3
8 1089760051788 3
8 1089760051789 58
8 1089760051790 1
8 1089760051791 2
8 1089760051792 1
8 1089760051793 3
8 1089760051794 7
8 1089760051796 3
8 1089760051797 1
8 1089760051798 2
8 1089760051799 4
8 1089760051800 3
8 1089760051801 2
8 1089760051802 2
8 1089760051804 2
8 1089760051805 2
8 1089760051806 4
8 1089760051807 6
8 1089760051808 2
8 1089760051809 1
8 1089760051810 4
8 1089760051811 1
8 1089760051812 2
8 1089760051813 1
8 1089760051814 5
8 1089760051815 4
8 1089760051816 3
8 1089760051817 1
8 1089760051818 1
8 1089760051819 3
8 1089760051820 1
8 1089760051821 6
8 1089760051822 1
8 1089760051823 2
8 1089760051824 5
8 1089760051825 1
8 1089760051826 4
8 1089760051827 1
8 1089760051828 5
8 1089760051829 3
8 1089760051830 2
8 1089760051831 3
8 1089760051833 1
8 1089760051834 2
8 1089760051835 2
8 1089760051836 4
8 1089760051838 3
8 1089760051839 4
8 1089760051840 2
8 1089760051841 3
8 1089760051842 4
8 1089760051843 3
8 1089760051844 24
8 1089760051845 3
8 1089760051846 3
8 1089760051847 1
8 1089760051848 2
8 1089760051849 1
8 1089760051850 2
8 1089760051851 3
8 1089760051852 2
8 1089760051853 5
8 1089760051854 1
8 1089760051855 4
8 1089760051856 2
8 1089760051857 3
8 1089760051858 5
8 1089760051859 4
8 1089760051860 1
8 1089760051862 1
8 1089760051863 2
8 1089760051864 1
8 1089760051865 3
8 1089760051866 4
8 1089760051867 2
8 1089760051868 136
8 1089760051869 72
8 1089760051870 5
8 1089760051871 4
8 1089760051872 3
8 1089760051873 5
8 1089760051874 4
8 1089760051875 3
8 1089760051876 1
8 1089760051877 1
8 1089760051878 2
8 1089760051879 1
8 1089760051880 4
8 1089760051881 4
8 1089760051882 3
8 1089760051883 2
8 1089760051884 4
8 1089760051885 2
8 1089760051886 2
8 1089760051887 2
8 1089760051888 3
8 1089760051889 4
8 1089760051890 2
8 1089760051891 3
8 1089760051892 3
8 1089760051893 2
8 1089760051894 4
8 1089760051896 1
8 1089760051897 4
8 1089760051898 4
8 1089760051899 1
8 1089760051900 4
8 1089760051901 2
8 1089760051902 2
8 1089760051903 2
8 1089760051904 4
8 1089760051905 1
8 1089760051906 2
8 1089760051907 5
8 1089760051909 3
8 1089760051911 3
8 1089760051912 3
8 1089760051913 1
8 1089760051914 3
8 1089760051916 4
8 1089760051917 4
8 1089760051918 3
8 1089760051919 3
8 1089760051920 1
8 1089760051921 1
8 1089760051922 3
8 1089760051923 2
8 1089760051924 1
8 1089760051925 2
8 1089760051926 3
8 1089760051927 2
8 1089760051928 1
8 1089760051929 3
8 1089760051930 1
8 1089760051931 3
8 1089760051932 2
8 1089760051933 4
8 1089760051934 4
8 1089760051935 2
8 1089760051936 3
8 1089760051937 10
8 1089760051938 3
8 1089760051939 2
8 1089760051940 3
8 1089760051941 3
8 1089760051942 1
8 1089760051943 5
8 1089760051944 3
8 1089760051945 3
8 1089760051946 1
8 1089760051947 2
8 1089760051948 1
8 1089760051949 1
8 1089760051950 3
8 1089760051951 3
8 1089760051952 4
8 1089760051953 1
8 1089760051954 2
8 1089760051955 4
8 1089760051956 3
8 1089760051957 3
8 1089760051958 3
8 1089760051959 3
8 1089760051960 4
8 1089760051961 7
8 1089760051962 1
8 1089760051963 4
8 1089760051964 8
8 1089760051965 3
8 1089760051966 2
8 1089760051967 3
8 1089760051968 9
8 1089760051969 1
8 1089760051970 2
8 1089760051971 34
8 1089760051972 3
8 1089760051973 4
8 1089760051974 1
8 1089760051975 3
8 1089760051976 1
8 1089760051977 1
8 1089760051978 3
8 1089760051979 5
8 1089760051980 1
8 1089760051982 4
8 1089760051983 1
8 1089760051984 2
8 1089760051985 2
8 1089760051986 1
8 1089760051987 3
8 1089760051988 1
8 1089760051989 1
8 1089760051990 3
8 1089760051991 1
8 1089760051992 3
8 1089760051993 3
8 1089760051994 1
8 1089760051995 5
8 1089760051996 5
8 1089760051997 1
8 1089760051998 4
8 1089760051999 1
8 1089760052000 4
8 1089760052001 2
8 1089760052002 1
8 1089760052003 2
8 1089760052004 2
8 1089760052005 4
8 1089760052006 3
8 1089760052007 2
8 1089760052008 1
8 1089760052009 196
8 1089760052011 3
8 1089760052012 129
8 1089760052013 3
8 1089760052014 4
8 1089760052015 1
8 1089760052018 3
8 1089760052019 49
8 1089760052020 4
8 1089760052021 5
8 1089760052022 3
8 1089760052023 4
8 1089760052024 4
8 1089760052025 3
8 1089760052026 2
8 1089760052027 2
8 1089760052028 2
8 1089760052029 2
8 1089760052030 410
8 1089760052031 4
8 1089760052032 1
8 1089760052033 2
8 1089760052035 1
8 1089760052036 4
8 1089760052037 3
8 1089760052038 1
8 1089760052039 1
8 1089760052040 5
8 1089760052043 3
8 1089760052044 3
8 1089760052045 3
8 1089760052046 1
8 1089760052047 1
8 1089760052048 3
8 1089760052049 2
8 1089760052050 1
8 1089760052051 3
8 1089760052052 1
8 1089760052053 1
8 1089760052054 2
8 1089760052055 2
8 1089760052056 6
8 1089760052057 3
8 1089760052059 1
8 1089760052060 4
8 1089760052061 3
8 1089760052062 1
8 1089760052063 2
8 1089760052064 3
8 1089760052065 5
8 1089760052066 3
8 1089760052067 2
8 1089760052068 3
8 1089760052069 5
8 1089760052070 2
8 1089760052071 2
8 1089760052072 1
8 1089760052073 1
8 1089760052074 1
8 1089760052075 2
8 1089760052077 3
8 1089760052078 21
8 1089760052080 1
8 1089760052083 2
8 1089760052084 1
8 1089760052086 2
8 1089760052087 2
8 1089760052089 3
8 1089760052090 1
8 1089760052091 2
8 1089760052092 1
8 1089760052094 1
8 1089760052095 1
8 1089760052096 1
8 1089760052097 1
8 1089760052098 1
8 1089760052100 1
8 1089760052101 1
8 1089760052102 2
8 1089760052103 3
8 1089760052104 1
8 1089760052105 1
8 1089760052106 1
8 1089760052107 3
8 1089760052108 1
8 1089760052109 1
8 1089760052110 2
8 1089760052112 3
8 1089760052114 1
8 1089760052116 1
8 1089760052117 1
8 1089760052121 2
8 1089760052122 3
8 1089760052123 2
8 1089760052124 2
8 1089760052125 1
8 1089760052127 2
8 1089760052128 1
8 1089760052129 2
8 1089760052130 2
8 1089760052134 1
8 1089760052135 1
8 1089760052136 1
8 1089760052139 1
8 1089760052140 2
8 1089760052141 3
8 1089760052142 3
8 1089760052143 2
8 1089760052148 2
8 1089760052150 1
8 1089760052158 1
8 1089760052159 4
8 1089760052160 2
8 1089760052161 1
8 1089760052162 3
8 1089760052163 1
8 1089760052164 2
8 1089760052165 1
8 1089760052166 1
8 1089760052167 3
8 1089760052169 1
8 1089760052170 1
8 1089760052172 1
8 1089760052173 1
8 1089760052174 1
8 1089760052175 3
8 1089760052177 2
8 1089760052178 2
8 1089760052179 1
8 1089760052180 3
8 1089760052183 3
8 1089760052185 1
8 1089760052186 2
8 1089760052188 1
8 1089760052189 1
8 1089760052190 1
8 1089760052191 1
8 1089760052192 1
8 1089760052193 1
8 1089760052194 2
8 1089760052195 1
8 1089760052198 1
8 1089760052199 2
8 1089760052201 3
8 1089760052202 2
8 1089760052203 192
8 1089760052206 1
8 1089760052207 1
8 1089760052209 38
8 1089760052210 3
8 1089760052212 2
8 1089760052213 1
8 1089760052214 2
8 1089760052218 1
8 1089760052219 1
8 1089760052220 1
8 1089760052221 1
8 1089760052222 1
8 1089760052223 2
8 1089760052440 1
8 1089760053156 1
8 1089760053380 1
8 1089760053382 1
9 1089760034860 2
9 1089760036051 2
9 1089760036053 2
9 1089760036056 2
9 1089760037188 2
9 1089760039043 1
9 1089760042618 1
9 1089760042625 1
9 1089760042633 1
9 1089760046033 1
9 1089760051204 4
9 1089760051205 4
9 1089760051234 4
9 1089760051235 4
9 1089760051264 4
9 1089760051265 4
9 1089760051294 4
9 1089760051295 4
9 1089760051324 4
9 1089760051325 4
9 1089760051354 4
9 1089760051355 4
9 1089760051400 4
9 1089760051401 4
9 1089760051422 4
9 1089760051423 4
9 1089760051438 4
9 1089760051439 4
9 1089760051496 4
9 1089760051497 4
9 1089760051538 4
9 1089760051539 4
9 1089760051562 4
9 1089760051563 4
9 1089760051568 4
9 1089760051569 4
9 1089760051646 4
9 1089760051647 4
9 1089760051670 4
9 1089760051671 4
9 1089760051676 4
9 1089760051677 4
9 1089760051770 1
9 1089760051824 1
9 1089760051951 1
9 1089760051990 1
9 1089760052077 1
