1 1089760051212 4
1 1089760051213 4
1 1089760051242 4
1 1089760051243 4
1 1089760051272 4
1 1089760051273 4
1 1089760051302 4
1 1089760051303 4
1 1089760051332 4
1 1089760051333 4
1 1089760051362 4
1 1089760051363 4
1 1089760051392 4
1 1089760051393 4
1 1089760051426 4
1 1089760051427 4
1 1089760051440 4
1 1089760051441 4
1 1089760051456 4
1 1089760051457 4
1 1089760051530 4
1 1089760051531 4
1 1089760051548 4
1 1089760051549 4
1 1089760051574 4
1 1089760051575 4
1 1089760051602 4
1 1089760051603 4
1 1089760051624 4
1 1089760051625 4
1 1089760051634 4
1 1089760051635 4
1 1089760051682 4
1 1089760051683 4
2 1089760036919 14
2 1089760045223 1
2 1089760045224 6
2 1089760051226 4
2 1089760051227 4
2 1089760051256 4
2 1089760051257 4
2 1089760051286 4
2 1089760051287 4
2 1089760051316 4
2 1089760051317 4
2 1089760051346 4
2 1089760051347 4
2 1089760051376 4
2 1089760051377 4
2 1089760051394 4
2 1089760051395 4
2 1089760051420 4
2 1089760051421 4
2 1089760051436 4
2 1089760051437 4
2 1089760051462 4
2 1089760051463 4
2 1089760051474 4
2 1089760051475 4
2 1089760051506 4
2 1089760051507 4
2 1089760051560 4
2 1089760051561 4
2 1089760051620 4
2 1089760051621 4
2 1089760051630 4
2 1089760051631 4
2 1089760051674 4
2 1089760051675 4
2 1089760051698 4
2 1089760051699 4
2 1089760051712 1
2 1089760051722 1
2 1089760051788 1
2 1089760052031 1
2 1089760052044 1
2 1089760052175 1
2 1089760052219 1
2 1089760053275 6
3 1089760035272 22
3 1089760038704 12
3 1089760040278 8
3 1089760040279 3
3 1089760050582 4
3 1089760050583 2
3 1089760051226 4
3 1089760051227 4
3 1089760051256 4
3 1089760051257 4
3 1089760051286 4
3 1089760051287 4
3 1089760051316 4
3 1089760051317 4
3 1089760051346 4
3 1089760051347 4
3 1089760051376 4
3 1089760051377 4
3 1089760051396 4
3 1089760051397 4
3 1089760051428 4
3 1089760051429 4
3 1089760051458 4
3 1089760051459 4
3 1089760051474 4
3 1089760051475 4
3 1089760051476 4
3 1089760051477 4
3 1089760051546 4
3 1089760051547 4
3 1089760051568 4
3 1089760051569 4
3 1089760051596 4
3 1089760051597 4
3 1089760051618 4
3 1089760051619 4
3 1089760051622 4
3 1089760051623 4
3 1089760051674 4
3 1089760051675 4
3 1089760051686 4
3 1089760051687 4
3 1089760051714 1
3 1089760051725 1
3 1089760051765 1
3 1089760051789 1
3 1089760051795 1
3 1089760051861 1
3 1089760051886 1
3 1089760051903 1
3 1089760051970 1
3 1089760051986 1
3 1089760052152 1
3 1089760052157 1
3 1089760052181 1
3 1089760052185 1
3 1089760052190 1
3 1089760052198 1
3 1089760052207 1
3 1089760052452 10
3 1089760054168 5
4 1089760034930 20
4 1089760034935 14
4 1089760035418 16
4 1089760035420 18
4 1089760036132 8
4 1089760036565 8
4 1089760036575 18
4 1089760036688 6
4 1089760036698 22
4 1089760036872 18
4 1089760037235 12
4 1089760037244 12
4 1089760037247 10
4 1089760038114 16
4 1089760038116 12
4 1089760038121 16
4 1089760038123 14
4 1089760038327 8
4 1089760038342 4
4 1089760038349 24
4 1089760038571 26
4 1089760038710 12
4 1089760038718 12
4 1089760039252 10
4 1089760039269 7
4 1089760040712 8
4 1089760040717 9
4 1089760042862 4
4 1089760044154 4
4 1089760044185 9
4 1089760044530 3
4 1089760044560 11
4 1089760045084 9
4 1089760046173 3
4 1089760046174 3
4 1089760046199 6
4 1089760046210 4
4 1089760046211 1
4 1089760048809 8
4 1089760048814 6
4 1089760048829 5
4 1089760048830 3
4 1089760048834 7
4 1089760049451 4
4 1089760049499 2
4 1089760049519 12
4 1089760050184 13
4 1089760050601 6
4 1089760050626 1
4 1089760050627 5
4 1089760051214 4
4 1089760051215 4
4 1089760051244 4
4 1089760051245 4
4 1089760051274 4
4 1089760051275 4
4 1089760051304 4
4 1089760051305 4
4 1089760051334 4
4 1089760051335 4
4 1089760051364 4
4 1089760051365 4
4 1089760051418 4
4 1089760051419 4
4 1089760051422 4
4 1089760051423 4
4 1089760051434 4
4 1089760051435 4
4 1089760051456 4
4 1089760051457 4
4 1089760051502 4
4 1089760051503 4
4 1089760051584 4
4 1089760051585 4
4 1089760051612 4
4 1089760051613 4
4 1089760051638 4
4 1089760051639 4
4 1089760051640 4
4 1089760051641 4
4 1089760051668 4
4 1089760051669 4
4 1089760051686 4
4 1089760051687 4
4 1089760051715 2
4 1089760051718 1
4 1089760051719 1
4 1089760051724 1
4 1089760051726 2
4 1089760051729 2
4 1089760051737 1
4 1089760051754 1
4 1089760051755 1
4 1089760051759 2
4 1089760051760 1
4 1089760051761 3
4 1089760051762 1
4 1089760051764 1
4 1089760051765 3
4 1089760051766 2
4 1089760051769 3
4 1089760051771 1
4 1089760051778 1
4 1089760051781 1
4 1089760051783 1
4 1089760051788 1
4 1089760051791 2
4 1089760051797 1
4 1089760051801 1
4 1089760051805 1
4 1089760051807 1
4 1089760051814 1
4 1089760051815 2
4 1089760051821 1
4 1089760051823 1
4 1089760051828 2
4 1089760051833 1
4 1089760051835 2
4 1089760051841 1
4 1089760051842 1
4 1089760051843 2
4 1089760051844 1
4 1089760051845 2
4 1089760051856 1
4 1089760051858 1
4 1089760051864 1
4 1089760051868 1
4 1089760051869 1
4 1089760051871 2
4 1089760051878 1
4 1089760051882 1
4 1089760051887 1
4 1089760051896 1
4 1089760051898 1
4 1089760051901 2
4 1089760051902 1
4 1089760051903 1
4 1089760051910 1
4 1089760051912 1
4 1089760051916 1
4 1089760051917 1
4 1089760051924 1
4 1089760051928 1
4 1089760051932 1
4 1089760051939 1
4 1089760051941 1
4 1089760051944 1
4 1089760051953 1
4 1089760051954 1
4 1089760051956 1
4 1089760051965 1
4 1089760051969 1
4 1089760051971 1
4 1089760051972 1
4 1089760051978 1
4 1089760051982 1
4 1089760051983 1
4 1089760051986 1
4 1089760051993 1
4 1089760051994 1
4 1089760052001 1
4 1089760052005 2
4 1089760052009 1
4 1089760052013 1
4 1089760052019 1
4 1089760052020 2
4 1089760052021 1
4 1089760052022 1
4 1089760052024 1
4 1089760052025 1
4 1089760052028 1
4 1089760052031 2
4 1089760052035 1
4 1089760052036 1
4 1089760052038 1
4 1089760052039 1
4 1089760052044 1
4 1089760052046 1
4 1089760052055 1
4 1089760052058 1
4 1089760052065 1
4 1089760052071 1
4 1089760052072 1
4 1089760052074 1
4 1089760052086 1
4 1089760052090 1
4 1089760052093 1
4 1089760052095 1
4 1089760052098 1
4 1089760052099 1
4 1089760052100 1
4 1089760052101 1
4 1089760052105 3
4 1089760052108 1
4 1089760052110 1
4 1089760052113 2
4 1089760052115 1
4 1089760052119 1
4 1089760052120 1
4 1089760052125 1
4 1089760052131 1
4 1089760052132 1
4 1089760052134 1
4 1089760052139 1
4 1089760052141 1
4 1089760052142 1
4 1089760052146 1
4 1089760052148 1
4 1089760052149 1
4 1089760052157 1
4 1089760052158 1
4 1089760052174 1
4 1089760052177 2
4 1089760052183 1
4 1089760052184 2
4 1089760052198 1
4 1089760052200 1
4 1089760052204 1
4 1089760052208 1
4 1089760052210 1
4 1089760052281 9
4 1089760052283 6
4 1089760052525 7
4 1089760052526 8
4 1089760052882 3
4 1089760053098 3
4 1089760053103 8
4 1089760053160 2
4 1089760053165 10
4 1089760053252 8
4 1089760053433 5
4 1089760053438 5
4 1089760053439 4
4 1089760053873 7
4 1089760053874 5
4 1089760053876 7
4 1089760053877 6
4 1089760053979 3
4 1089760053987 1
4 1089760053990 11
4 1089760054101 12
4 1089760054171 5
4 1089760054175 5
5 1089760034864 30
5 1089760034866 22
5 1089760034869 18
5 1089760034870 26
5 1089760034873 10
5 1089760034877 16
5 1089760034878 14
5 1089760035114 20
5 1089760035115 10
5 1089760035117 12
5 1089760035118 6
5 1089760035119 4
5 1089760035346 12
5 1089760035349 28
5 1089760035350 18
5 1089760035351 6
5 1089760035354 8
5 1089760035355 34
5 1089760035356 14
5 1089760035357 8
5 1089760035359 32
5 1089760035591 16
5 1089760035592 44
5 1089760035596 12
5 1089760035598 12
5 1089760035831 10
5 1089760035836 26
5 1089760035837 16
5 1089760036064 16
5 1089760036065 10
5 1089760036070 18
5 1089760036074 10
5 1089760036075 14
5 1089760036076 14
5 1089760036079 14
5 1089760036288 6
5 1089760036289 12
5 1089760036290 16
5 1089760036292 12
5 1089760036296 16
5 1089760036297 6
5 1089760036298 6
5 1089760037044 46
5 1089760037045 4
5 1089760037073 16
5 1089760037075 24
5 1089760037076 30
5 1089760037077 20
5 1089760037078 12
5 1089760037081 12
5 1089760037205 16
5 1089760037207 36
5 1089760037211 22
5 1089760037522 14
5 1089760037525 8
5 1089760037552 10
5 1089760037556 24
5 1089760037562 14
5 1089760037566 18
5 1089760037587 18
5 1089760037590 4
5 1089760037591 18
5 1089760037592 18
5 1089760037593 10
5 1089760037596 12
5 1089760037597 20
5 1089760037598 26
5 1089760037599 12
5 1089760038308 14
5 1089760038309 70
5 1089760038310 30
5 1089760038314 18
5 1089760038315 132
5 1089760038316 8
5 1089760038317 16
5 1089760038318 8
5 1089760038352 14
5 1089760038354 26
5 1089760038355 36
5 1089760038357 14
5 1089760038358 20
5 1089760038359 30
5 1089760038363 10
5 1089760038365 36
5 1089760038366 12
5 1089760038497 80
5 1089760038498 40
5 1089760038499 14
5 1089760038501 39
5 1089760038503 42
5 1089760038504 14
5 1089760038505 24
5 1089760038507 44
5 1089760038508 50
5 1089760038509 32
5 1089760038510 26
5 1089760038511 16
5 1089760038576 115
5 1089760038577 185
5 1089760038578 18
5 1089760038579 32
5 1089760038580 26
5 1089760038581 32
5 1089760038582 26
5 1089760038583 18
5 1089760038584 30
5 1089760038585 136
5 1089760038586 26
5 1089760038587 20
5 1089760038588 38
5 1089760038589 48
5 1089760038590 78
5 1089760038591 429
5 1089760038608 30
5 1089760038609 28
5 1089760038610 24
5 1089760038611 28
5 1089760038612 36
5 1089760038613 38
5 1089760038614 8
5 1089760038615 20
5 1089760038616 157
5 1089760038617 30
5 1089760038619 8
5 1089760038620 20
5 1089760038621 58
5 1089760038622 46
5 1089760038623 50
5 1089760039052 2
5 1089760039053 13
5 1089760039059 11
5 1089760039069 10
5 1089760039073 13
5 1089760039081 5
5 1089760039093 7
5 1089760039094 1
5 1089760039095 4
5 1089760039096 3
5 1089760039805 6
5 1089760039807 4
5 1089760039808 1
5 1089760039809 4
5 1089760039816 6
5 1089760039818 3
5 1089760039821 2
5 1089760040496 5
5 1089760040497 1
5 1089760040503 6
5 1089760040505 9
5 1089760040508 6
5 1089760040509 3
5 1089760040510 1
5 1089760040511 2
5 1089760040518 4
5 1089760040521 6
5 1089760040522 11
5 1089760040524 7
5 1089760040529 4
5 1089760040534 16
5 1089760041221 1
5 1089760041222 7
5 1089760041223 22
5 1089760041236 6
5 1089760041241 6
5 1089760041949 5
5 1089760041963 14
5 1089760041967 8
5 1089760042658 1
5 1089760042659 7
5 1089760042661 6
5 1089760042677 5
5 1089760042678 4
5 1089760042688 5
5 1089760042690 7
5 1089760042694 8
5 1089760042701 6
5 1089760042702 1
5 1089760043326 3
5 1089760043329 11
5 1089760043330 4
5 1089760043337 8
5 1089760043350 8
5 1089760043351 3
5 1089760043355 4
5 1089760045600 12
5 1089760045601 7
5 1089760045602 4
5 1089760045603 2
5 1089760045605 2
5 1089760045686 6
5 1089760045687 4
5 1089760045691 6
5 1089760045692 1
5 1089760045693 6
5 1089760045694 13
5 1089760045695 3
5 1089760045697 10
5 1089760045702 6
5 1089760045711 6
5 1089760046083 8
5 1089760046089 7
5 1089760046090 11
5 1089760046101 10
5 1089760046102 1
5 1089760047040 7
5 1089760047048 4
5 1089760047130 5
5 1089760047140 12
5 1089760047158 7
5 1089760047171 9
5 1089760047233 9
5 1089760047241 2
5 1089760047244 9
5 1089760047249 9
5 1089760047252 5
5 1089760047261 6
5 1089760047263 2
5 1089760047264 8
5 1089760047266 112
5 1089760047267 4
5 1089760047270 6
5 1089760049394 7
5 1089760049397 3
5 1089760049398 3
5 1089760049399 13
5 1089760049412 3
5 1089760049413 6
5 1089760049416 6
5 1089760049419 5
5 1089760049422 8
5 1089760049423 4
5 1089760049528 7
5 1089760049532 7
5 1089760049533 9
5 1089760049534 5
5 1089760049535 73
5 1089760049537 7
5 1089760049541 5
5 1089760049542 25
5 1089760049545 10
5 1089760049547 4
5 1089760049549 11
5 1089760049550 2
5 1089760049559 5
5 1089760049565 6
5 1089760049566 8
5 1089760049567 5
5 1089760049568 6
5 1089760049964 14
5 1089760049965 16
5 1089760049966 17
5 1089760049968 7
5 1089760049970 7
5 1089760049974 10
5 1089760049979 159
5 1089760049980 11
5 1089760049981 11
5 1089760049983 7
5 1089760049988 12
5 1089760049992 6
5 1089760049993 4
5 1089760049994 19
5 1089760049995 5
5 1089760049996 14
5 1089760049997 2
5 1089760049998 19
5 1089760049999 10
5 1089760050001 8
5 1089760050002 6
5 1089760050004 14
5 1089760050005 6
5 1089760050199 2
5 1089760050200 13
5 1089760050201 7
5 1089760050203 72
5 1089760050205 4
5 1089760050206 10
5 1089760050208 3
5 1089760050209 3
5 1089760050210 4
5 1089760050211 15
5 1089760050213 8
5 1089760050214 8
5 1089760050216 7
5 1089760050218 7
5 1089760050221 9
5 1089760050222 7
5 1089760050223 10
5 1089760050225 6
5 1089760050226 2
5 1089760050227 6
5 1089760050229 4
5 1089760050230 10
5 1089760050231 7
5 1089760050233 4
5 1089760050236 11
5 1089760050237 15
5 1089760050238 14
5 1089760050239 7
5 1089760050240 17
5 1089760050241 19
5 1089760050242 395
5 1089760050243 5
5 1089760050244 25
5 1089760050245 5
5 1089760050294 9
5 1089760050295 10
5 1089760050298 4
5 1089760050299 12
5 1089760050302 13
5 1089760050304 2
5 1089760050305 13
5 1089760050306 1
5 1089760050307 13
5 1089760050308 4
5 1089760050309 8
5 1089760050311 15
5 1089760050313 4
5 1089760050315 4
5 1089760050316 54
5 1089760050318 17
5 1089760050319 9
5 1089760050320 16
5 1089760050321 4
5 1089760050329 4
5 1089760050330 56
5 1089760050332 191
5 1089760050333 9
5 1089760050334 10
5 1089760050335 8
5 1089760050336 9
5 1089760050337 13
5 1089760050338 9
5 1089760050339 8
5 1089760050341 6
5 1089760050342 6
5 1089760051206 4
5 1089760051207 4
5 1089760051236 4
5 1089760051237 4
5 1089760051266 4
5 1089760051267 4
5 1089760051296 4
5 1089760051297 4
5 1089760051326 4
5 1089760051327 4
5 1089760051356 4
5 1089760051357 4
5 1089760051384 4
5 1089760051385 4
5 1089760051478 4
5 1089760051479 4
5 1089760051482 4
5 1089760051483 4
5 1089760051498 4
5 1089760051499 4
5 1089760051538 4
5 1089760051539 4
5 1089760051542 4
5 1089760051543 4
5 1089760051546 4
5 1089760051547 4
5 1089760051636 4
5 1089760051637 4
5 1089760051642 4
5 1089760051643 4
5 1089760051660 4
5 1089760051661 4
5 1089760051670 4
5 1089760051671 4
5 1089760051674 4
5 1089760051675 4
5 1089760051712 3
5 1089760051713 3
5 1089760051714 4
5 1089760051715 4
5 1089760051716 1
5 1089760051717 2
5 1089760051718 3
5 1089760051719 4
5 1089760051720 7
5 1089760051721 1
5 1089760051722 3
5 1089760051723 3
5 1089760051724 1
5 1089760051725 2
5 1089760051726 4
5 1089760051727 6
5 1089760051728 2
5 1089760051729 2
5 1089760051730 3
5 1089760051731 5
5 1089760051732 4
5 1089760051733 1
5 1089760051734 7
5 1089760051735 2
5 1089760051736 3
5 1089760051737 4
5 1089760051738 2
5 1089760051739 6
5 1089760051740 5
5 1089760051741 4
5 1089760051742 6
5 1089760051743 3
5 1089760051744 4
5 1089760051745 7
5 1089760051746 2
5 1089760051747 98
5 1089760051748 3
5 1089760051749 23
5 1089760051750 3
5 1089760051751 2
5 1089760051752 5
5 1089760051753 5
5 1089760051754 5
5 1089760051755 2
5 1089760051756 4
5 1089760051757 1
5 1089760051758 1
5 1089760051759 2
5 1089760051760 3
5 1089760051761 4
5 1089760051762 1
5 1089760051763 2
5 1089760051764 5
5 1089760051765 4
5 1089760051766 2
5 1089760051767 2
5 1089760051768 3
5 1089760051769 1
5 1089760051770 4
5 1089760051771 4
5 1089760051772 5
5 1089760051773 3
5 1089760051774 4
5 1089760051776 2
5 1089760051777 2
5 1089760051778 2
5 1089760051780 5
5 1089760051781 5
5 1089760051782 2
5 1089760051783 4
5 1089760051785 1
5 1089760051787 4
5 1089760051788 3
5 1089760051789 2
5 1089760051790 4
5 1089760051791 2
5 1089760051792 2
5 1089760051793 3
5 1089760051794 3
5 1089760051795 3
5 1089760051796 2
5 1089760051797 2
5 1089760051798 3
5 1089760051799 2
5 1089760051800 3
5 1089760051802 2
5 1089760051803 7
5 1089760051804 6
5 1089760051805 3
5 1089760051806 2
5 1089760051807 5
5 1089760051808 4
5 1089760051809 4
5 1089760051810 2
5 1089760051812 2
5 1089760051813 6
5 1089760051814 1
5 1089760051815 2
5 1089760051816 1
5 1089760051817 2
5 1089760051818 3
5 1089760051819 6
5 1089760051820 2
5 1089760051821 2
5 1089760051822 20
5 1089760051823 3
5 1089760051824 1
5 1089760051825 3
5 1089760051826 1
5 1089760051827 3
5 1089760051828 1
5 1089760051829 2
5 1089760051830 1
5 1089760051831 4
5 1089760051832 5
5 1089760051833 1
5 1089760051834 4
5 1089760051835 3
5 1089760051836 22
5 1089760051837 1
5 1089760051838 2
5 1089760051839 2
5 1089760051840 2
5 1089760051841 4
5 1089760051842 1
5 1089760051843 2
5 1089760051844 1
5 1089760051845 5
5 1089760051846 2
5 1089760051847 3
5 1089760051848 2
5 1089760051849 3
5 1089760051850 4
5 1089760051851 2
5 1089760051852 3
5 1089760051855 10
5 1089760051856 5
5 1089760051857 7
5 1089760051858 3
5 1089760051859 3
5 1089760051860 5
5 1089760051861 6
5 1089760051862 1
5 1089760051863 2
5 1089760051864 8
5 1089760051865 3
5 1089760051866 3
5 1089760051867 3
5 1089760051868 4
5 1089760051869 1
5 1089760051870 79
5 1089760051871 3
5 1089760051872 6
5 1089760051873 1
5 1089760051874 1
5 1089760051875 1
5 1089760051876 3
5 1089760051877 4
5 1089760051878 3
5 1089760051879 5
5 1089760051880 5
5 1089760051881 4
5 1089760051882 4
5 1089760051883 5
5 1089760051884 9
5 1089760051885 3
5 1089760051886 3
5 1089760051887 3
5 1089760051888 3
5 1089760051889 3
5 1089760051890 2
5 1089760051891 5
5 1089760051892 3
5 1089760051893 4
5 1089760051894 4
5 1089760051896 2
5 1089760051897 4
5 1089760051898 4
5 1089760051899 5
5 1089760051900 2
5 1089760051901 4
5 1089760051902 2
5 1089760051903 2
5 1089760051904 7
5 1089760051905 1
5 1089760051906 2
5 1089760051907 2
5 1089760051908 2
5 1089760051909 2
5 1089760051910 2
5 1089760051911 3
5 1089760051912 2
5 1089760051914 2
5 1089760051915 6
5 1089760051916 3
5 1089760051917 3
5 1089760051918 1
5 1089760051919 4
5 1089760051920 4
5 1089760051921 5
5 1089760051922 2
5 1089760051923 3
5 1089760051924 83
5 1089760051925 2
5 1089760051926 1
5 1089760051927 5
5 1089760051928 3
5 1089760051929 4
5 1089760051930 1
5 1089760051931 3
5 1089760051932 2
5 1089760051933 3
5 1089760051934 2
5 1089760051935 6
5 1089760051936 6
5 1089760051937 3
5 1089760051938 4
5 1089760051940 3
5 1089760051941 4
5 1089760051942 4
5 1089760051943 3
5 1089760051944 1
5 1089760051945 5
5 1089760051946 3
5 1089760051947 4
5 1089760051948 1
5 1089760051949 1
5 1089760051950 4
5 1089760051951 86
5 1089760051952 5
5 1089760051953 3
5 1089760051954 6
5 1089760051955 3
5 1089760051956 8
5 1089760051957 4
5 1089760051958 3
5 1089760051959 1
5 1089760051960 3
5 1089760051961 1
5 1089760051962 3
5 1089760051963 2
5 1089760051964 2
5 1089760051965 4
5 1089760051967 1
5 1089760051968 4
5 1089760051969 4
5 1089760051970 4
5 1089760051971 2
5 1089760051972 6
5 1089760051973 3
5 1089760051974 2
5 1089760051975 2
5 1089760051976 2
5 1089760051977 3
5 1089760051978 3
5 1089760051979 3
5 1089760051980 1
5 1089760051981 4
5 1089760051982 4
5 1089760051983 6
5 1089760051984 1
5 1089760051985 3
5 1089760051986 3
5 1089760051987 3
5 1089760051988 3
5 1089760051989 1
5 1089760051990 1
5 1089760051991 3
5 1089760051992 4
5 1089760051993 6
5 1089760051994 4
5 1089760051995 5
5 1089760051996 2
5 1089760051997 5
5 1089760051998 1
5 1089760051999 1
5 1089760052000 4
5 1089760052001 4
5 1089760052002 3
5 1089760052004 4
5 1089760052005 3
5 1089760052006 1
5 1089760052007 6
5 1089760052008 4
5 1089760052009 2
5 1089760052010 2
5 1089760052011 3
5 1089760052012 4
5 1089760052013 3
5 1089760052014 6
5 1089760052015 4
5 1089760052016 5
5 1089760052017 2
5 1089760052018 3
5 1089760052019 4
5 1089760052020 4
5 1089760052021 2
5 1089760052022 2
5 1089760052023 5
5 1089760052024 1
5 1089760052025 5
5 1089760052026 1
5 1089760052027 2
5 1089760052028 3
5 1089760052030 4
5 1089760052031 3
5 1089760052032 3
5 1089760052033 3
5 1089760052034 8
5 1089760052035 5
5 1089760052036 3
5 1089760052037 2
5 1089760052038 102
5 1089760052039 4
5 1089760052040 6
5 1089760052041 4
5 1089760052042 4
5 1089760052043 2
5 1089760052044 3
5 1089760052045 2
5 1089760052046 1
5 1089760052047 3
5 1089760052048 5
5 1089760052049 1
5 1089760052050 3
5 1089760052051 3
5 1089760052052 4
5 1089760052053 3
5 1089760052054 4
5 1089760052055 1
5 1089760052056 5
5 1089760052057 2
5 1089760052058 2
5 1089760052059 4
5 1089760052060 2
5 1089760052062 3
5 1089760052063 3
5 1089760052064 2
5 1089760052065 2
5 1089760052066 3
5 1089760052067 4
5 1089760052068 2
5 1089760052069 1
5 1089760052070 1
5 1089760052071 7
5 1089760052072 4
5 1089760052073 1
5 1089760052074 3
5 1089760052075 3
5 1089760052076 2
5 1089760052077 2
5 1089760052078 3
5 1089760052079 3
5 1089760052081 4
5 1089760052084 2
5 1089760052085 3
5 1089760052086 2
5 1089760052087 4
5 1089760052088 3
5 1089760052089 3
5 1089760052090 7
5 1089760052091 6
5 1089760052092 7
5 1089760052093 4
5 1089760052094 2
5 1089760052095 3
5 1089760052096 1
5 1089760052097 4
5 1089760052098 4
5 1089760052099 4
5 1089760052100 4
5 1089760052101 3
5 1089760052102 2
5 1089760052103 4
5 1089760052104 1
5 1089760052105 1
5 1089760052106 5
5 1089760052107 2
5 1089760052109 5
5 1089760052110 3
5 1089760052111 2
5 1089760052112 1
5 1089760052113 5
5 1089760052114 7
5 1089760052115 4
5 1089760052116 4
5 1089760052117 3
5 1089760052119 5
5 1089760052120 1
5 1089760052121 1
5 1089760052122 3
5 1089760052123 3
5 1089760052124 4
5 1089760052125 3
5 1089760052126 79
5 1089760052127 6
5 1089760052128 30
5 1089760052129 1
5 1089760052130 6
5 1089760052131 1
5 1089760052132 3
5 1089760052133 1
5 1089760052134 1
5 1089760052135 1
5 1089760052136 1
5 1089760052137 2
5 1089760052138 3
5 1089760052140 4
5 1089760052141 2
5 1089760052142 2
5 1089760052143 5
5 1089760052144 4
5 1089760052145 2
5 1089760052146 3
5 1089760052147 3
5 1089760052148 1
5 1089760052149 4
5 1089760052150 1
5 1089760052151 5
5 1089760052152 2
5 1089760052153 4
5 1089760052154 1
5 1089760052155 1
5 1089760052156 3
5 1089760052157 2
5 1089760052158 2
5 1089760052159 2
5 1089760052160 3
5 1089760052161 1
5 1089760052162 4
5 1089760052163 3
5 1089760052164 1
5 1089760052165 2
5 1089760052166 3
5 1089760052167 5
5 1089760052168 1
5 1089760052169 5
5 1089760052170 3
5 1089760052171 3
5 1089760052173 1
5 1089760052174 1
5 1089760052175 4
5 1089760052176 1
5 1089760052177 3
5 1089760052178 3
5 1089760052180 2
5 1089760052181 1
5 1089760052182 6
5 1089760052183 3
5 1089760052184 2
5 1089760052185 1
5 1089760052186 4
5 1089760052187 2
5 1089760052188 2
5 1089760052189 5
5 1089760052190 5
5 1089760052191 3
5 1089760052192 7
5 1089760052193 3
5 1089760052195 3
5 1089760052196 6
5 1089760052197 3
5 1089760052198 3
5 1089760052199 3
5 1089760052200 2
5 1089760052201 3
5 1089760052202 2
5 1089760052203 2
5 1089760052204 4
5 1089760052205 1
5 1089760052206 9
5 1089760052207 3
5 1089760052208 7
5 1089760052209 6
5 1089760052212 5
5 1089760052213 9
5 1089760052214 1
5 1089760052215 5
5 1089760052216 4
5 1089760052217 3
5 1089760052218 4
5 1089760052219 5
5 1089760052221 4
5 1089760052223 3
5 1089760052248 8
5 1089760052249 10
5 1089760052250 8
5 1089760052251 12
5 1089760052252 4
5 1089760052254 7
5 1089760052255 6
5 1089760052373 12
5 1089760052374 5
5 1089760052375 3
5 1089760052489 5
5 1089760052490 12
5 1089760052491 10
5 1089760052493 15
5 1089760052494 9
5 1089760052495 15
5 1089760052611 7
5 1089760052612 11
5 1089760052614 5
5 1089760052615 5
5 1089760052731 4
5 1089760052734 19
5 1089760052848 11
5 1089760052851 8
5 1089760052853 10
5 1089760052854 6
5 1089760052855 6
5 1089760052960 7
5 1089760052961 7
5 1089760052962 5
5 1089760052964 9
5 1089760052965 2
5 1089760053338 15
5 1089760053352 7
5 1089760053353 10
5 1089760053354 18
5 1089760053355 5
5 1089760053356 5
5 1089760053418 7
5 1089760053419 16
5 1089760053421 10
5 1089760053577 6
5 1089760053578 3
5 1089760053592 4
5 1089760053594 11
5 1089760053597 6
5 1089760053599 8
5 1089760053609 8
5 1089760053611 9
5 1089760053612 12
5 1089760053614 14
5 1089760053615 16
5 1089760053970 8
5 1089760053971 108
5 1089760053973 10
5 1089760053974 10
5 1089760053975 3
5 1089760053992 6
5 1089760053993 314
5 1089760053994 6
5 1089760053995 17
5 1089760053997 4
5 1089760053998 12
5 1089760053999 5
5 1089760054064 11
5 1089760054065 19
5 1089760054066 9
5 1089760054067 11
5 1089760054068 17
5 1089760054069 13
5 1089760054070 146
5 1089760054071 18
5 1089760054104 13
5 1089760054105 59
5 1089760054106 19
5 1089760054107 19
5 1089760054108 21
5 1089760054109 19
5 1089760054110 28
5 1089760054111 40
5 1089760054120 19
5 1089760054121 20
5 1089760054122 27
5 1089760054123 9
5 1089760054124 30
5 1089760054125 3
5 1089760054126 30
5 1089760054127 33
6 1089760034960 366
6 1089760034961 75
6 1089760034963 143
6 1089760034964 21
6 1089760034965 83
6 1089760034966 92
6 1089760034967 644
6 1089760034968 30
6 1089760034969 26
6 1089760034970 45
6 1089760034971 569
6 1089760034972 102
6 1089760034973 107
6 1089760034974 8
6 1089760034975 511
6 1089760035200 34
6 1089760035201 30
6 1089760035202 188
6 1089760035203 225
6 1089760035204 149
6 1089760035205 64
6 1089760035206 28
6 1089760035207 250
6 1089760035208 465
6 1089760035209 65
6 1089760035210 36
6 1089760035211 443
6 1089760035212 40
6 1089760035213 50
6 1089760035214 20
6 1089760035215 66
6 1089760035440 40
6 1089760035441 52
6 1089760035442 245
6 1089760035443 18
6 1089760035444 90
6 1089760035445 726
6 1089760035446 334
6 1089760035447 57
6 1089760035448 52
6 1089760035449 10
6 1089760035450 31
6 1089760035451 30
6 1089760035452 22
6 1089760035453 203
6 1089760035454 169
6 1089760035455 26
6 1089760035680 48
6 1089760035681 135
6 1089760035682 126
6 1089760035683 67
6 1089760035684 12
6 1089760035685 10
6 1089760035686 20
6 1089760035687 252
6 1089760035688 19
6 1089760035689 77
6 1089760035690 269
6 1089760035691 34
6 1089760035692 65
6 1089760035693 10
6 1089760035694 72
6 1089760035695 40
6 1089760035920 4
6 1089760035921 157
6 1089760035922 52
6 1089760035923 72
6 1089760035924 18
6 1089760035926 78
6 1089760035927 629
6 1089760035928 169
6 1089760035929 28
6 1089760035930 40
6 1089760035931 18
6 1089760035932 105
6 1089760035933 212
6 1089760035934 36
6 1089760035935 35
6 1089760036160 241
6 1089760036161 90
6 1089760036162 34
6 1089760036163 24
6 1089760036164 316
6 1089760036165 78
6 1089760036166 247
6 1089760036167 44
6 1089760036168 12
6 1089760036169 10
6 1089760036170 151
6 1089760036171 64
6 1089760036172 239
6 1089760036173 145
6 1089760036174 14
6 1089760036175 71
6 1089760036384 32
6 1089760036385 58
6 1089760036386 8
6 1089760036387 16
6 1089760036388 58
6 1089760036389 30
6 1089760036390 14
6 1089760036391 22
6 1089760036392 26
6 1089760036393 42
6 1089760036394 30
6 1089760036395 71
6 1089760036396 18
6 1089760036397 199
6 1089760036398 70
6 1089760036399 20
6 1089760036672 32
6 1089760036673 30
6 1089760036674 48
6 1089760036675 42
6 1089760036676 62
6 1089760036677 36
6 1089760036678 16
6 1089760036679 10
6 1089760036680 36
6 1089760036682 34
6 1089760036683 233
6 1089760036684 36
6 1089760036686 40
6 1089760036687 6
6 1089760036944 24
6 1089760036945 42
6 1089760036946 202
6 1089760036947 43
6 1089760036948 28
6 1089760036949 38
6 1089760036950 48
6 1089760036951 357
6 1089760036952 142
6 1089760036953 258
6 1089760036954 53
6 1089760036955 47
6 1089760036956 54
6 1089760036957 26
6 1089760036958 152
6 1089760036959 80
6 1089760037008 28
6 1089760037009 38
6 1089760037010 61
6 1089760037011 31
6 1089760037012 28
6 1089760037013 34
6 1089760037014 74
6 1089760037015 41
6 1089760037016 42
6 1089760037017 24
6 1089760037018 45
6 1089760037019 52
6 1089760037020 18
6 1089760037021 61
6 1089760037022 205
6 1089760037023 62
6 1089760037216 113
6 1089760037217 222
6 1089760037218 14
6 1089760037219 80
6 1089760037220 34
6 1089760037221 111
6 1089760037222 37
6 1089760037223 378
6 1089760037224 18
6 1089760037225 119
6 1089760037226 22
6 1089760037227 14
6 1089760037228 30
6 1089760037229 12
6 1089760037230 40
6 1089760037231 377
6 1089760037600 30
6 1089760037601 32
6 1089760037602 35
6 1089760037603 39
6 1089760037604 24
6 1089760037605 18
6 1089760037606 107
6 1089760037607 20
6 1089760037608 14
6 1089760037609 151
6 1089760037610 18
6 1089760037611 14
6 1089760037612 28
6 1089760037613 20
6 1089760037614 14
6 1089760037615 67
6 1089760037744 299
6 1089760037745 146
6 1089760037746 62
6 1089760037747 42
6 1089760037748 93
6 1089760037749 359
6 1089760037750 44
6 1089760037751 219
6 1089760037752 305
6 1089760037753 79
6 1089760037754 40
6 1089760037755 365
6 1089760037756 60
6 1089760037757 76
6 1089760037758 64
6 1089760037759 74
6 1089760037904 435
6 1089760037905 137
6 1089760037906 398
6 1089760037907 82
6 1089760037908 189
6 1089760037909 56
6 1089760037910 58
6 1089760037911 49
6 1089760037912 186
6 1089760037913 245
6 1089760037914 48
6 1089760037915 427
6 1089760037916 293
6 1089760037917 68
6 1089760037918 356
6 1089760037919 260
6 1089760038176 95
6 1089760038177 63
6 1089760038178 62
6 1089760038179 68
6 1089760038180 296
6 1089760038181 212
6 1089760038182 66
6 1089760038183 60
6 1089760038184 115
6 1089760038185 282
6 1089760038186 111
6 1089760038187 77
6 1089760038188 56
6 1089760038189 32
6 1089760038190 96
6 1089760038191 80
6 1089760038192 64
6 1089760038193 67
6 1089760038194 574
6 1089760038195 203
6 1089760038196 69
6 1089760038197 666
6 1089760038198 63
6 1089760038199 54
6 1089760038200 741
6 1089760038201 304
6 1089760038202 271
6 1089760038203 254
6 1089760038204 263
6 1089760038205 305
6 1089760038206 113
6 1089760038207 52
6 1089760038624 64
6 1089760038625 193
6 1089760038626 90
6 1089760038627 52
6 1089760038628 83
6 1089760038629 36
6 1089760038630 816
6 1089760038631 73
6 1089760038632 303
6 1089760038633 48
6 1089760038634 326
6 1089760038635 71
6 1089760038636 77
6 1089760038637 65
6 1089760038638 54
6 1089760038639 56
6 1089760038672 62
6 1089760038673 75
6 1089760038674 368
6 1089760038675 67
6 1089760038676 56
6 1089760038677 48
6 1089760038678 211
6 1089760038679 76
6 1089760038680 79
6 1089760038681 72
6 1089760038682 122
6 1089760038683 63
6 1089760038684 44
6 1089760038685 58
6 1089760038686 62
6 1089760038687 32
6 1089760039343 8
6 1089760039344 8
6 1089760039345 6
6 1089760039346 10
6 1089760039347 2
6 1089760039351 9
6 1089760039354 9
6 1089760039356 6
6 1089760039357 7
6 1089760039358 8
6 1089760039359 9
6 1089760039360 12
6 1089760039361 7
6 1089760039362 21
6 1089760039363 4
6 1089760039364 111
6 1089760039365 5
6 1089760039366 822
6 1089760039367 18
6 1089760039368 3
6 1089760039369 18
6 1089760039370 6
6 1089760039371 43
6 1089760039372 21
6 1089760039373 16
6 1089760039374 100
6 1089760039375 25
6 1089760039376 10
6 1089760039377 3
6 1089760039378 84
6 1089760039379 64
6 1089760039380 17
6 1089760039381 30
6 1089760039382 14
6 1089760039383 13
6 1089760039387 14
6 1089760039388 8
6 1089760039389 289
6 1089760039390 8
6 1089760040063 6
6 1089760040064 6
6 1089760040065 7
6 1089760040067 94
6 1089760040068 16
6 1089760040069 21
6 1089760040070 5
6 1089760040071 5
6 1089760040072 10
6 1089760040073 4
6 1089760040074 20
6 1089760040075 119
6 1089760040076 15
6 1089760040078 132
6 1089760040079 6
6 1089760040080 8
6 1089760040081 224
6 1089760040083 11
6 1089760040084 8
6 1089760040085 9
6 1089760040086 4
6 1089760040087 9
6 1089760040088 104
6 1089760040089 9
6 1089760040090 3
6 1089760040091 13
6 1089760040092 18
6 1089760040093 2
6 1089760040094 12
6 1089760040095 8
6 1089760040096 6
6 1089760040097 10
6 1089760040098 61
6 1089760040099 43
6 1089760040100 125
6 1089760040101 7
6 1089760040103 23
6 1089760040104 7
6 1089760040105 11
6 1089760040106 116
6 1089760040107 51
6 1089760040108 3
6 1089760040109 5
6 1089760040110 9
6 1089760040111 4
6 1089760040777 63
6 1089760040778 7
6 1089760040779 6
6 1089760040780 18
6 1089760040781 23
6 1089760040782 5
6 1089760040783 12
6 1089760040785 11
6 1089760040786 4
6 1089760040787 2
6 1089760040788 59
6 1089760040789 241
6 1089760040790 263
6 1089760040791 32
6 1089760040792 22
6 1089760040793 26
6 1089760040794 8
6 1089760040795 12
6 1089760040796 29
6 1089760040797 157
6 1089760040798 22
6 1089760040799 152
6 1089760040800 16
6 1089760040802 6
6 1089760040805 6
6 1089760040806 6
6 1089760040807 5
6 1089760040808 13
6 1089760040809 4
6 1089760040810 14
6 1089760040813 799
6 1089760040814 5
6 1089760040816 379
6 1089760040817 6
6 1089760040819 8
6 1089760040820 5
6 1089760041486 1
6 1089760041487 21
6 1089760041488 10
6 1089760041489 73
6 1089760041490 720
6 1089760041491 248
6 1089760041492 18
6 1089760041493 2
6 1089760041494 46
6 1089760041495 18
6 1089760041496 7
6 1089760041497 11
6 1089760041498 142
6 1089760041499 4
6 1089760041500 332
6 1089760041502 4
6 1089760041503 4
6 1089760041506 141
6 1089760041508 303
6 1089760041509 28
6 1089760041512 5
6 1089760041513 5
6 1089760041515 5
6 1089760041516 6
6 1089760041517 5
6 1089760041518 8
6 1089760041519 1
6 1089760041520 13
6 1089760041521 9
6 1089760041523 11
6 1089760041524 2
6 1089760041525 16
6 1089760041526 13
6 1089760041527 8
6 1089760041529 47
6 1089760041530 28
6 1089760041531 8
6 1089760041532 167
6 1089760041533 2
6 1089760041534 12
6 1089760041535 78
6 1089760042216 50
6 1089760042217 214
6 1089760042218 6
6 1089760042219 9
6 1089760042220 49
6 1089760042221 86
6 1089760042222 9
6 1089760042223 9
6 1089760042224 19
6 1089760042225 6
6 1089760042227 5
6 1089760042228 5
6 1089760042231 8
6 1089760042232 198
6 1089760042233 15
6 1089760042234 8
6 1089760042236 8
6 1089760042237 5
6 1089760042238 225
6 1089760042239 143
6 1089760042240 8
6 1089760042241 7
6 1089760042242 8
6 1089760042243 90
6 1089760042244 32
6 1089760042247 4
6 1089760042248 69
6 1089760042249 16
6 1089760042251 47
6 1089760042252 9
6 1089760042253 22
6 1089760042255 7
6 1089760042256 46
6 1089760042257 12
6 1089760042259 19
6 1089760042260 3
6 1089760042943 9
6 1089760042945 6
6 1089760042946 15
6 1089760042947 14
6 1089760042948 11
6 1089760042949 194
6 1089760042950 3
6 1089760042951 28
6 1089760042952 125
6 1089760042953 12
6 1089760042954 4
6 1089760042955 7
6 1089760042956 11
6 1089760042959 6
6 1089760042960 10
6 1089760042961 11
6 1089760042963 18
6 1089760042964 48
6 1089760042965 5
6 1089760042966 56
6 1089760042969 12
6 1089760042971 6
6 1089760042974 5
6 1089760042975 24
6 1089760042976 6
6 1089760042977 17
6 1089760042978 159
6 1089760042979 293
6 1089760042980 372
6 1089760042981 101
6 1089760042983 5
6 1089760042987 18
6 1089760042988 50
6 1089760042990 207
6 1089760043611 10
6 1089760043612 5
6 1089760043613 12
6 1089760043614 16
6 1089760043615 4
6 1089760043616 5
6 1089760043618 5
6 1089760043620 5
6 1089760043621 4
6 1089760043622 11
6 1089760043623 25
6 1089760043624 31
6 1089760043626 45
6 1089760043627 12
6 1089760043628 2
6 1089760043629 17
6 1089760043632 14
6 1089760043634 2
6 1089760043635 268
6 1089760043636 82
6 1089760043637 13
6 1089760043638 12
6 1089760043639 25
6 1089760043640 8
6 1089760043641 4
6 1089760043642 12
6 1089760043643 12
6 1089760043644 14
6 1089760043645 1
6 1089760043646 4
6 1089760043647 5
6 1089760043648 8
6 1089760043649 28
6 1089760043650 7
6 1089760043652 41
6 1089760043653 15
6 1089760043654 8
6 1089760043655 19
6 1089760044480 7
6 1089760044481 6
6 1089760044482 4
6 1089760044483 12
6 1089760044484 8
6 1089760044486 7
6 1089760044487 14
6 1089760044488 164
6 1089760044489 5
6 1089760044490 7
6 1089760044491 36
6 1089760044492 11
6 1089760044493 5
6 1089760044494 5
6 1089760044495 16
6 1089760044496 8
6 1089760044497 12
6 1089760044499 13
6 1089760044503 8
6 1089760044505 38
6 1089760044506 9
6 1089760044510 14
6 1089760044513 9
6 1089760044514 22
6 1089760044515 9
6 1089760044516 8
6 1089760044517 19
6 1089760044518 6
6 1089760044519 5
6 1089760044523 10
6 1089760044524 8
6 1089760044525 2
6 1089760044526 8
6 1089760044527 1
6 1089760045298 6
6 1089760045299 5
6 1089760045300 4
6 1089760045301 4
6 1089760045302 12
6 1089760045303 202
6 1089760045304 10
6 1089760045305 11
6 1089760045306 10
6 1089760045307 17
6 1089760045309 7
6 1089760045310 13
6 1089760045311 5
6 1089760045312 2
6 1089760045313 8
6 1089760045314 11
6 1089760045316 11
6 1089760045317 14
6 1089760045319 20
6 1089760045320 46
6 1089760045321 13
6 1089760045322 11
6 1089760045323 12
6 1089760045324 10
6 1089760045325 16
6 1089760045326 4
6 1089760045327 14
6 1089760045328 9
6 1089760045329 413
6 1089760045330 9
6 1089760045331 63
6 1089760045332 11
6 1089760045333 87
6 1089760045334 14
6 1089760045335 12
6 1089760045336 139
6 1089760045337 16
6 1089760045340 6
6 1089760045342 11
6 1089760045344 5
6 1089760045345 19
6 1089760045346 100
6 1089760045491 10
6 1089760045492 12
6 1089760045494 9
6 1089760045495 4
6 1089760045496 19
6 1089760045497 11
6 1089760045498 8
6 1089760045499 32
6 1089760045502 1
6 1089760045503 7
6 1089760045504 1
6 1089760045505 8
6 1089760045506 9
6 1089760045508 16
6 1089760045509 13
6 1089760045510 152
6 1089760045511 17
6 1089760045512 17
6 1089760045513 4
6 1089760045514 9
6 1089760045516 13
6 1089760045517 8
6 1089760045518 9
6 1089760045519 7
6 1089760045520 10
6 1089760045521 9
6 1089760045522 6
6 1089760045523 3
6 1089760045524 3
6 1089760045525 88
6 1089760045526 75
6 1089760045527 13
6 1089760045528 4
6 1089760045530 15
6 1089760045531 10
6 1089760045532 17
6 1089760045533 10
6 1089760045534 9
6 1089760045535 20
6 1089760045536 95
6 1089760045537 14
6 1089760045538 10
6 1089760045539 3
6 1089760045540 9
6 1089760046116 56
6 1089760046118 12
6 1089760046119 8
6 1089760046120 7
6 1089760046121 5
6 1089760046122 7
6 1089760046125 6
6 1089760046126 2
6 1089760046127 19
6 1089760046129 44
6 1089760046130 11
6 1089760046131 6
6 1089760046132 40
6 1089760046133 16
6 1089760046134 6
6 1089760046135 5
6 1089760046136 6
6 1089760046137 17
6 1089760046139 11
6 1089760046140 22
6 1089760046142 12
6 1089760046143 16
6 1089760046144 20
6 1089760046145 7
6 1089760046147 5
6 1089760046150 18
6 1089760046151 10
6 1089760046152 11
6 1089760046154 7
6 1089760046156 12
6 1089760046157 9
6 1089760046158 8
6 1089760046160 4
6 1089760046161 24
6 1089760046162 7
6 1089760047272 3
6 1089760047273 14
6 1089760047274 10
6 1089760047275 3
6 1089760047276 5
6 1089760047277 4
6 1089760047278 15
6 1089760047280 141
6 1089760047281 7
6 1089760047282 119
6 1089760047283 3
6 1089760047284 9
6 1089760047285 5
6 1089760047288 122
6 1089760047289 11
6 1089760047290 16
6 1089760047291 4
6 1089760047292 6
6 1089760047293 7
6 1089760047296 6
6 1089760047297 11
6 1089760047299 11
6 1089760047300 14
6 1089760047301 16
6 1089760047305 2
6 1089760047306 9
6 1089760047308 6
6 1089760047309 10
6 1089760047310 7
6 1089760047311 9
6 1089760047312 3
6 1089760047315 8
6 1089760047316 9
6 1089760047317 11
6 1089760047318 11
6 1089760047319 8
6 1089760047704 93
6 1089760047705 1159
6 1089760047706 146
6 1089760047707 23
6 1089760047708 208
6 1089760047709 10
6 1089760047710 23
6 1089760047711 434
6 1089760047712 11
6 1089760047713 26
6 1089760047714 42
6 1089760047715 14
6 1089760047716 18
6 1089760047717 7
6 1089760047718 93
6 1089760047719 19
6 1089760047720 21
6 1089760047721 300
6 1089760047722 15
6 1089760047723 28
6 1089760047724 27
6 1089760047725 150
6 1089760047726 22
6 1089760047727 28
6 1089760047728 45
6 1089760047729 130
6 1089760047730 27
6 1089760047731 19
6 1089760047732 41
6 1089760047733 23
6 1089760047734 36
6 1089760047735 20
6 1089760047736 40
6 1089760047737 34
6 1089760047738 13
6 1089760047739 587
6 1089760047740 71
6 1089760047741 63
6 1089760047742 26
6 1089760047743 198
6 1089760047744 100
6 1089760047745 21
6 1089760047746 21
6 1089760047747 493
6 1089760047748 1041
6 1089760047749 502
6 1089760047750 28
6 1089760047751 29
6 1089760047752 58
6 1089760047753 250
6 1089760047754 135
6 1089760047755 1
6 1089760048186 7
6 1089760048187 158
6 1089760048188 27
6 1089760048189 23
6 1089760048190 25
6 1089760048191 219
6 1089760048192 118
6 1089760048193 332
6 1089760048194 19
6 1089760048195 22
6 1089760048196 67
6 1089760048197 23
6 1089760048198 95
6 1089760048199 28
6 1089760048200 26
6 1089760048201 8
6 1089760048202 10
6 1089760048203 20
6 1089760048204 36
6 1089760048205 28
6 1089760048206 21
6 1089760048207 20
6 1089760048208 26
6 1089760048209 19
6 1089760048210 40
6 1089760048211 21
6 1089760048212 31
6 1089760048213 237
6 1089760048214 30
6 1089760048215 26
6 1089760048216 201
6 1089760048217 9
6 1089760048218 26
6 1089760048219 40
6 1089760048220 41
6 1089760048221 43
6 1089760048222 56
6 1089760048223 19
6 1089760048224 27
6 1089760048225 3
6 1089760048226 44
6 1089760048227 43
6 1089760048228 398
6 1089760048229 21
6 1089760048230 99
6 1089760048231 11
6 1089760048232 47
6 1089760048233 46
6 1089760048234 168
6 1089760048235 64
6 1089760048993 22
6 1089760048994 25
6 1089760048995 166
6 1089760048996 16
6 1089760048997 21
6 1089760048998 19
6 1089760048999 440
6 1089760049000 31
6 1089760049001 31
6 1089760049002 27
6 1089760049003 19
6 1089760049004 33
6 1089760049005 18
6 1089760049006 14
6 1089760049007 25
6 1089760049008 97
6 1089760049009 841
6 1089760049010 118
6 1089760049011 27
6 1089760049012 209
6 1089760049013 81
6 1089760049014 26
6 1089760049015 146
6 1089760049016 90
6 1089760049017 60
6 1089760049018 174
6 1089760049019 33
6 1089760049020 20
6 1089760049021 40
6 1089760049022 33
6 1089760049023 24
6 1089760049024 62
6 1089760049025 31
6 1089760049026 18
6 1089760049027 26
6 1089760049028 39
6 1089760049029 131
6 1089760049030 14
6 1089760049031 11
6 1089760049032 156
6 1089760049033 7
6 1089760049034 20
6 1089760049035 28
6 1089760049036 30
6 1089760049037 27
6 1089760049038 185
6 1089760049039 23
6 1089760049040 30
6 1089760049041 37
6 1089760049042 41
6 1089760049043 346
6 1089760049044 14
6 1089760049045 91
6 1089760049046 77
6 1089760049047 362
6 1089760049048 27
6 1089760049049 21
6 1089760049050 10
6 1089760049051 29
6 1089760049052 29
6 1089760049053 32
6 1089760049054 125
6 1089760049055 23
6 1089760049056 17
6 1089760049057 14
6 1089760049058 46
6 1089760049059 16
6 1089760049060 230
6 1089760049061 23
6 1089760049062 41
6 1089760049063 7
6 1089760049064 26
6 1089760049065 25
6 1089760049066 22
6 1089760049067 18
6 1089760049068 34
6 1089760049069 161
6 1089760049070 16
6 1089760049071 24
6 1089760049072 63
6 1089760049073 65
6 1089760049074 34
6 1089760049075 30
6 1089760049076 32
6 1089760049077 127
6 1089760049078 104
6 1089760049079 31
6 1089760049080 23
6 1089760049081 12
6 1089760049082 16
6 1089760049083 21
6 1089760049084 30
6 1089760049085 40
6 1089760049086 152
6 1089760049087 35
6 1089760049088 28
6 1089760049089 21
6 1089760049090 3
6 1089760050342 7
6 1089760050343 23
6 1089760050344 78
6 1089760050345 22
6 1089760050346 21
6 1089760050347 57
6 1089760050348 695
6 1089760050349 18
6 1089760050350 32
6 1089760050351 15
6 1089760050352 23
6 1089760050353 19
6 1089760050354 23
6 1089760050355 28
6 1089760050356 104
6 1089760050357 21
6 1089760050358 296
6 1089760050359 22
6 1089760050360 14
6 1089760050361 234
6 1089760050362 15
6 1089760050363 81
6 1089760050364 482
6 1089760050365 150
6 1089760050366 9
6 1089760050367 31
6 1089760050368 105
6 1089760050369 27
6 1089760050370 10
6 1089760050371 26
6 1089760050372 123
6 1089760050373 19
6 1089760050374 11
6 1089760050375 20
6 1089760050376 134
6 1089760050377 53
6 1089760050378 592
6 1089760050379 78
6 1089760050380 21
6 1089760050381 28
6 1089760050382 12
6 1089760050383 26
6 1089760050384 89
6 1089760050385 21
6 1089760050386 22
6 1089760050387 8
6 1089760050388 78
6 1089760050389 55
6 1089760050390 19
6 1089760050485 1
6 1089760050486 16
6 1089760050487 17
6 1089760050488 23
6 1089760050489 26
6 1089760050490 16
6 1089760050491 22
6 1089760050492 165
6 1089760050493 21
6 1089760050494 57
6 1089760050495 14
6 1089760050496 11
6 1089760050497 28
6 1089760050498 23
6 1089760050499 1232
6 1089760050500 11
6 1089760050501 19
6 1089760050502 95
6 1089760050503 343
6 1089760050504 28
6 1089760050505 15
6 1089760050506 8
6 1089760050507 26
6 1089760050508 26
6 1089760050509 30
6 1089760050510 24
6 1089760050511 9
6 1089760050512 23
6 1089760050513 17
6 1089760050514 25
6 1089760050515 12
6 1089760050516 12
6 1089760050517 23
6 1089760050518 2
6 1089760050519 23
6 1089760050520 25
6 1089760050521 94
6 1089760050522 23
6 1089760050523 11
6 1089760050524 19
6 1089760050525 18
6 1089760050526 16
6 1089760050527 113
6 1089760050528 28
6 1089760050529 27
6 1089760050530 22
6 1089760050531 16
6 1089760050532 6
6 1089760050533 12
6 1089760051218 4
6 1089760051219 4
6 1089760051248 4
6 1089760051249 4
6 1089760051278 4
6 1089760051279 4
6 1089760051308 4
6 1089760051309 4
6 1089760051338 4
6 1089760051339 4
6 1089760051368 4
6 1089760051369 4
6 1089760051396 4
6 1089760051397 4
6 1089760051432 4
6 1089760051433 4
6 1089760051466 4
6 1089760051467 4
6 1089760051474 4
6 1089760051475 4
6 1089760051500 4
6 1089760051501 4
6 1089760051548 4
6 1089760051549 4
6 1089760051566 4
6 1089760051567 4
6 1089760051586 4
6 1089760051587 4
6 1089760051620 4
6 1089760051621 4
6 1089760051622 4
6 1089760051623 4
6 1089760051676 4
6 1089760051677 4
6 1089760051682 67
6 1089760051683 4
6 1089760051712 26
6 1089760051713 76
6 1089760051714 53
6 1089760051715 16
6 1089760051716 278
6 1089760051717 18
6 1089760051718 18
6 1089760051719 31
6 1089760051720 11
6 1089760051721 28
6 1089760051722 18
6 1089760051723 65
6 1089760051724 17
6 1089760051725 47
6 1089760051726 112
6 1089760051727 109
6 1089760051728 170
6 1089760051729 28
6 1089760051730 315
6 1089760051731 27
6 1089760051732 15
6 1089760051733 34
6 1089760051734 47
6 1089760051735 36
6 1089760051736 61
6 1089760051737 46
6 1089760051738 68
6 1089760051739 195
6 1089760051740 23
6 1089760051741 23
6 1089760051742 32
6 1089760051743 41
6 1089760051744 23
6 1089760051745 17
6 1089760051746 62
6 1089760051747 30
6 1089760051748 137
6 1089760051749 20
6 1089760051750 15
6 1089760051751 185
6 1089760051752 18
6 1089760051753 69
6 1089760051754 16
6 1089760051755 281
6 1089760051756 22
6 1089760051757 18
6 1089760051758 187
6 1089760051759 24
6 1089760051760 23
6 1089760051761 13
6 1089760051762 19
6 1089760051763 32
6 1089760051764 14
6 1089760051765 20
6 1089760051766 88
6 1089760051767 24
6 1089760051768 25
6 1089760051769 72
6 1089760051770 373
6 1089760051771 108
6 1089760051772 30
6 1089760051773 13
6 1089760051774 23
6 1089760051775 44
6 1089760051776 38
6 1089760051777 140
6 1089760051778 21
6 1089760051779 24
6 1089760051780 766
6 1089760051781 55
6 1089760051782 176
6 1089760051783 121
6 1089760051784 338
6 1089760051785 175
6 1089760051786 84
6 1089760051787 22
6 1089760051788 23
6 1089760051789 22
6 1089760051790 16
6 1089760051791 724
6 1089760051792 21
6 1089760051793 29
6 1089760051794 169
6 1089760051795 21
6 1089760051796 19
6 1089760051797 23
6 1089760051798 27
6 1089760051799 36
6 1089760051800 28
6 1089760051801 17
6 1089760051802 171
6 1089760051803 44
6 1089760051804 15
6 1089760051805 24
6 1089760051806 225
6 1089760051807 13
6 1089760051808 148
6 1089760051809 16
6 1089760051810 416
6 1089760051811 325
6 1089760051812 18
6 1089760051813 72
6 1089760051814 42
6 1089760051815 20
6 1089760051816 20
6 1089760051817 33
6 1089760051818 206
6 1089760051819 21
6 1089760051820 27
6 1089760051821 48
6 1089760051822 13
6 1089760051823 33
6 1089760051824 19
6 1089760051825 21
6 1089760051826 50
6 1089760051827 28
6 1089760051828 128
6 1089760051829 139
6 1089760051830 26
6 1089760051831 124
6 1089760051832 32
6 1089760051833 27
6 1089760051834 18
6 1089760051835 28
6 1089760051836 15
6 1089760051837 19
6 1089760051838 270
6 1089760051839 52
6 1089760051840 407
6 1089760051841 32
6 1089760051842 160
6 1089760051843 34
6 1089760051844 38
6 1089760051845 21
6 1089760051846 28
6 1089760051847 28
6 1089760051848 24
6 1089760051849 25
6 1089760051850 27
6 1089760051851 15
6 1089760051852 34
6 1089760051853 191
6 1089760051854 22
6 1089760051855 536
6 1089760051856 205
6 1089760051857 34
6 1089760051858 97
6 1089760051859 12
6 1089760051860 27
6 1089760051861 28
6 1089760051862 109
6 1089760051863 29
6 1089760051864 17
6 1089760051865 28
6 1089760051866 26
6 1089760051867 96
6 1089760051868 137
6 1089760051869 14
6 1089760051870 37
6 1089760051871 27
6 1089760051872 32
6 1089760051873 15
6 1089760051874 21
6 1089760051875 34
6 1089760051876 87
6 1089760051877 47
6 1089760051878 21
6 1089760051879 20
6 1089760051880 18
6 1089760051881 222
6 1089760051882 26
6 1089760051883 13
6 1089760051884 14
6 1089760051885 32
6 1089760051886 223
6 1089760051887 17
6 1089760051888 68
6 1089760051889 12
6 1089760051890 26
6 1089760051891 201
6 1089760051892 169
6 1089760051893 23
6 1089760051894 20
6 1089760051895 21
6 1089760051896 51
6 1089760051897 66
6 1089760051898 66
6 1089760051899 34
6 1089760051900 17
6 1089760051901 249
6 1089760051902 241
6 1089760051903 188
6 1089760051904 21
6 1089760051905 43
6 1089760051906 34
6 1089760051907 31
6 1089760051908 33
6 1089760051909 212
6 1089760051910 22
6 1089760051911 14
6 1089760051912 24
6 1089760051913 13
6 1089760051914 42
6 1089760051915 19
6 1089760051916 23
6 1089760051917 21
6 1089760051918 21
6 1089760051919 26
6 1089760051920 325
6 1089760051921 24
6 1089760051922 103
6 1089760051923 63
6 1089760051924 26
6 1089760051925 172
6 1089760051926 152
6 1089760051927 24
6 1089760051928 18
6 1089760051929 27
6 1089760051930 163
6 1089760051931 26
6 1089760051932 51
6 1089760051933 16
6 1089760051934 403
6 1089760051935 18
6 1089760051936 248
6 1089760051937 23
6 1089760051938 22
6 1089760051939 27
6 1089760051940 257
6 1089760051941 38
6 1089760051942 26
6 1089760051943 169
6 1089760051944 58
6 1089760051945 35
6 1089760051946 22
6 1089760051947 23
6 1089760051948 24
6 1089760051949 31
6 1089760051950 24
6 1089760051951 21
6 1089760051952 29
6 1089760051953 25
6 1089760051954 105
6 1089760051955 30
6 1089760051956 21
6 1089760051957 10
6 1089760051958 22
6 1089760051959 21
6 1089760051960 196
6 1089760051961 28
6 1089760051962 15
6 1089760051963 25
6 1089760051964 190
6 1089760051965 28
6 1089760051966 24
6 1089760051967 213
6 1089760051968 27
6 1089760051969 22
6 1089760051970 257
6 1089760051971 22
6 1089760051972 17
6 1089760051973 30
6 1089760051974 14
6 1089760051975 109
6 1089760051976 26
6 1089760051977 187
6 1089760051978 47
6 1089760051979 20
6 1089760051980 21
6 1089760051981 152
6 1089760051982 26
6 1089760051983 275
6 1089760051984 27
6 1089760051985 20
6 1089760051986 32
6 1089760051987 121
6 1089760051988 33
6 1089760051989 353
6 1089760051990 286
6 1089760051991 16
6 1089760051992 37
6 1089760051993 230
6 1089760051994 22
6 1089760051995 19
6 1089760051996 97
6 1089760051997 463
6 1089760051998 17
6 1089760051999 26
6 1089760052000 19
6 1089760052001 32
6 1089760052002 27
6 1089760052003 26
6 1089760052004 47
6 1089760052005 278
6 1089760052006 26
6 1089760052007 39
6 1089760052008 21
6 1089760052009 93
6 1089760052010 21
6 1089760052011 123
6 1089760052012 49
6 1089760052013 19
6 1089760052014 25
6 1089760052015 76
6 1089760052016 23
6 1089760052017 176
6 1089760052018 71
6 1089760052019 23
6 1089760052020 30
6 1089760052021 23
6 1089760052022 24
6 1089760052023 17
6 1089760052024 81
6 1089760052025 14
6 1089760052026 32
6 1089760052027 38
6 1089760052028 21
6 1089760052029 16
6 1089760052030 124
6 1089760052031 50
6 1089760052032 19
6 1089760052033 131
6 1089760052034 46
6 1089760052035 34
6 1089760052036 22
6 1089760052037 25
6 1089760052038 18
6 1089760052039 17
6 1089760052040 56
6 1089760052041 29
6 1089760052042 22
6 1089760052043 18
6 1089760052044 24
6 1089760052045 31
6 1089760052046 21
6 1089760052047 20
6 1089760052048 39
6 1089760052049 24
6 1089760052050 21
6 1089760052051 15
6 1089760052052 175
6 1089760052053 253
6 1089760052054 26
6 1089760052055 29
6 1089760052056 28
6 1089760052057 68
6 1089760052058 12
6 1089760052059 167
6 1089760052060 101
6 1089760052061 158
6 1089760052062 45
6 1089760052063 44
6 1089760052064 45
6 1089760052065 46
6 1089760052066 22
6 1089760052067 18
6 1089760052068 152
6 1089760052069 32
6 1089760052070 18
6 1089760052071 27
6 1089760052072 221
6 1089760052073 19
6 1089760052074 72
6 1089760052075 50
6 1089760052076 119
6 1089760052077 8
6 1089760052078 22
6 1089760052079 28
6 1089760052080 19
6 1089760052081 139
6 1089760052082 22
6 1089760052083 194
6 1089760052084 145
6 1089760052085 106
6 1089760052086 30
6 1089760052087 116
6 1089760052088 31
6 1089760052089 17
6 1089760052090 22
6 1089760052091 21
6 1089760052092 393
6 1089760052093 124
6 1089760052094 22
6 1089760052095 32
6 1089760052096 25
6 1089760052097 47
6 1089760052098 190
6 1089760052099 18
6 1089760052100 28
6 1089760052101 31
6 1089760052102 16
6 1089760052103 22
6 1089760052104 16
6 1089760052105 2810
6 1089760052106 15
6 1089760052107 77
6 1089760052108 137
6 1089760052109 48
6 1089760052110 15
6 1089760052111 125
6 1089760052112 194
6 1089760052113 24
6 1089760052114 20
6 1089760052115 142
6 1089760052116 29
6 1089760052117 12
6 1089760052118 166
6 1089760052119 15
6 1089760052120 37
6 1089760052121 20
6 1089760052122 37
6 1089760052123 14
6 1089760052124 209
6 1089760052125 267
6 1089760052126 20
6 1089760052127 17
6 1089760052128 75
6 1089760052129 312
6 1089760052130 16
6 1089760052131 19
6 1089760052132 24
6 1089760052133 16
6 1089760052134 98
6 1089760052135 16
6 1089760052136 155
6 1089760052137 18
6 1089760052138 824
6 1089760052139 34
6 1089760052140 22
6 1089760052141 174
6 1089760052142 12
6 1089760052143 21
6 1089760052144 15
6 1089760052145 455
6 1089760052146 15
6 1089760052147 52
6 1089760052148 80
6 1089760052149 30
6 1089760052150 80
6 1089760052151 26
6 1089760052152 35
6 1089760052153 33
6 1089760052154 78
6 1089760052155 17
6 1089760052156 107
6 1089760052157 80
6 1089760052158 1054
6 1089760052159 16
6 1089760052160 19
6 1089760052161 23
6 1089760052162 27
6 1089760052163 139
6 1089760052164 27
6 1089760052165 453
6 1089760052166 89
6 1089760052167 31
6 1089760052168 23
6 1089760052169 28
6 1089760052170 33
6 1089760052171 171
6 1089760052172 29
6 1089760052173 139
6 1089760052174 333
6 1089760052175 62
6 1089760052176 57
6 1089760052177 25
6 1089760052178 195
6 1089760052179 25
6 1089760052180 32
6 1089760052181 88
6 1089760052182 57
6 1089760052183 98
6 1089760052184 32
6 1089760052185 17
6 1089760052186 31
6 1089760052187 27
6 1089760052188 34
6 1089760052189 39
6 1089760052190 19
6 1089760052191 20
6 1089760052192 66
6 1089760052193 23
6 1089760052194 486
6 1089760052195 310
6 1089760052196 42
6 1089760052197 23
6 1089760052198 27
6 1089760052199 63
6 1089760052200 42
6 1089760052201 18
6 1089760052202 95
6 1089760052203 66
6 1089760052204 97
6 1089760052205 20
6 1089760052206 91
6 1089760052207 26
6 1089760052208 26
6 1089760052209 163
6 1089760052210 21
6 1089760052211 20
6 1089760052212 98
6 1089760052213 26
6 1089760052214 38
6 1089760052215 33
6 1089760052216 33
6 1089760052217 17
6 1089760052218 19
6 1089760052219 55
6 1089760052220 40
6 1089760052221 121
6 1089760052222 457
6 1089760052223 14
6 1089760052296 239
6 1089760052297 14
6 1089760052298 31
6 1089760052299 133
6 1089760052300 1166
6 1089760052301 462
6 1089760052302 193
6 1089760052303 21
6 1089760052416 22
6 1089760052417 245
6 1089760052418 21
6 1089760052419 125
6 1089760052420 23
6 1089760052421 436
6 1089760052422 29
6 1089760052423 159
6 1089760052536 23
6 1089760052537 21
6 1089760052538 35
6 1089760052539 228
6 1089760052540 32
6 1089760052541 39
6 1089760052542 15
6 1089760052543 83
6 1089760052656 47
6 1089760052657 29
6 1089760052658 8
6 1089760052659 23
6 1089760052660 66
6 1089760052661 82
6 1089760052662 17
6 1089760052663 254
6 1089760052776 14
6 1089760052777 39
6 1089760052778 5
6 1089760052779 29
6 1089760052780 18
6 1089760052781 22
6 1089760052782 283
6 1089760052783 15
6 1089760052896 290
6 1089760052897 25
6 1089760052898 20
6 1089760052899 45
6 1089760052900 9
6 1089760052901 35
6 1089760052902 17
6 1089760052903 16
6 1089760053008 29
6 1089760053009 9
6 1089760053010 27
6 1089760053011 16
6 1089760053012 20
6 1089760053013 27
6 1089760053014 24
6 1089760053015 25
6 1089760053152 19
6 1089760053153 107
6 1089760053154 88
6 1089760053155 11
6 1089760053156 16
6 1089760053157 38
6 1089760053158 12
6 1089760053159 17
6 1089760053288 205
6 1089760053289 29
6 1089760053290 25
6 1089760053291 43
6 1089760053292 23
6 1089760053293 56
6 1089760053294 65
6 1089760053295 34
6 1089760053320 160
6 1089760053321 45
6 1089760053322 24
6 1089760053323 25
6 1089760053324 26
6 1089760053325 26
6 1089760053326 27
6 1089760053327 78
6 1089760053424 22
6 1089760053425 17
6 1089760053426 25
6 1089760053427 25
6 1089760053428 18
6 1089760053429 15
6 1089760053430 153
6 1089760053431 33
6 1089760053616 21
6 1089760053617 23
6 1089760053618 18
6 1089760053619 19
6 1089760053620 21
6 1089760053621 14
6 1089760053622 20
6 1089760053623 21
6 1089760053688 181
6 1089760053689 316
6 1089760053690 43
6 1089760053691 28
6 1089760053692 35
6 1089760053693 135
6 1089760053694 418
6 1089760053695 206
6 1089760053768 46
6 1089760053769 138
6 1089760053770 132
6 1089760053771 48
6 1089760053772 34
6 1089760053773 33
6 1089760053774 31
6 1089760053775 86
6 1089760053904 166
6 1089760053905 35
6 1089760053906 37
6 1089760053907 34
6 1089760053908 276
6 1089760053909 38
6 1089760053910 188
6 1089760053911 457
6 1089760053912 33
6 1089760053913 35
6 1089760053914 38
6 1089760053915 58
6 1089760053916 164
6 1089760053917 43
6 1089760053918 35
6 1089760053919 60
6 1089760054128 45
6 1089760054129 162
6 1089760054130 29
6 1089760054131 51
6 1089760054132 31
6 1089760054133 34
6 1089760054134 209
6 1089760054135 31
6 1089760054152 39
6 1089760054153 334
6 1089760054154 31
6 1089760054155 59
6 1089760054156 33
6 1089760054157 35
6 1089760054158 158
6 1089760054159 26
7 1089760034816 25
7 1089760034817 47
7 1089760034818 16
7 1089760034819 24
7 1089760034820 102
7 1089760034821 28
7 1089760034822 81
7 1089760034823 67
7 1089760034824 22
7 1089760034825 26
7 1089760034826 35
7 1089760034827 26
7 1089760034828 200
7 1089760034829 224
7 1089760034830 41
7 1089760034831 453
7 1089760035056 29
7 1089760035057 59
7 1089760035058 22
7 1089760035059 24
7 1089760035060 18
7 1089760035061 248
7 1089760035062 500
7 1089760035063 76
7 1089760035064 128
7 1089760035065 14
7 1089760035066 52
7 1089760035067 16
7 1089760035068 104
7 1089760035069 30
7 1089760035070 68
7 1089760035071 175
7 1089760035296 22
7 1089760035297 20
7 1089760035298 20
7 1089760035299 20
7 1089760035300 30
7 1089760035301 42
7 1089760035302 24
7 1089760035303 40
7 1089760035304 34
7 1089760035305 46
7 1089760035306 18
7 1089760035307 26
7 1089760035308 26
7 1089760035309 28
7 1089760035310 196
7 1089760035311 20
7 1089760035536 26
7 1089760035537 204
7 1089760035538 26
7 1089760035539 348
7 1089760035540 26
7 1089760035541 28
7 1089760035542 118
7 1089760035543 38
7 1089760035544 34
7 1089760035545 18
7 1089760035546 20
7 1089760035547 150
7 1089760035548 24
7 1089760035549 28
7 1089760035550 284
7 1089760035551 63
7 1089760035776 24
7 1089760035777 40
7 1089760035778 84
7 1089760035779 21
7 1089760035780 39
7 1089760035781 58
7 1089760035782 62
7 1089760035783 144
7 1089760035784 85
7 1089760035785 218
7 1089760035786 131
7 1089760035787 346
7 1089760035788 26
7 1089760035789 215
7 1089760035790 584
7 1089760035791 27
7 1089760036016 62
7 1089760036017 28
7 1089760036018 26
7 1089760036019 34
7 1089760036020 624
7 1089760036021 34
7 1089760036022 42
7 1089760036023 26
7 1089760036024 130
7 1089760036025 30
7 1089760036026 22
7 1089760036027 20
7 1089760036028 50
7 1089760036029 19
7 1089760036030 36
7 1089760036031 22
7 1089760036272 73
7 1089760036273 14
7 1089760036274 22
7 1089760036275 34
7 1089760036276 150
7 1089760036277 20
7 1089760036278 610
7 1089760036279 32
7 1089760036280 26
7 1089760036281 30
7 1089760036282 30
7 1089760036283 230
7 1089760036284 279
7 1089760036285 30
7 1089760036286 36
7 1089760036287 30
7 1089760036304 269
7 1089760036305 24
7 1089760036306 168
7 1089760036307 129
7 1089760036308 31
7 1089760036309 163
7 1089760036310 20
7 1089760036311 182
7 1089760036312 31
7 1089760036313 76
7 1089760036314 144
7 1089760036315 537
7 1089760036316 22
7 1089760036317 97
7 1089760036318 22
7 1089760036319 20
7 1089760036656 339
7 1089760036657 344
7 1089760036658 372
7 1089760036659 24
7 1089760036660 24
7 1089760036661 30
7 1089760036662 28
7 1089760036663 12
7 1089760036664 47
7 1089760036665 506
7 1089760036666 23
7 1089760036667 437
7 1089760036668 467
7 1089760036669 20
7 1089760036670 24
7 1089760036671 151
7 1089760037200 24
7 1089760037201 28
7 1089760037202 26
7 1089760037203 23
7 1089760037204 114
7 1089760037205 192
7 1089760037206 32
7 1089760037207 30
7 1089760037208 179
7 1089760037209 135
7 1089760037210 179
7 1089760037211 24
7 1089760037212 309
7 1089760037213 437
7 1089760037214 28
7 1089760037215 27
7 1089760037232 34
7 1089760037233 113
7 1089760037234 249
7 1089760037235 75
7 1089760037236 131
7 1089760037237 16
7 1089760037238 22
7 1089760037239 148
7 1089760037240 22
7 1089760037241 1147
7 1089760037242 238
7 1089760037243 22
7 1089760037244 28
7 1089760037245 48
7 1089760037246 85
7 1089760037247 276
7 1089760037392 28
7 1089760037393 29
7 1089760037394 24
7 1089760037395 193
7 1089760037396 392
7 1089760037397 20
7 1089760037398 24
7 1089760037399 20
7 1089760037400 44
7 1089760037401 98
7 1089760037402 20
7 1089760037403 14
7 1089760037404 914
7 1089760037405 175
7 1089760037406 241
7 1089760037407 163
7 1089760037968 12
7 1089760037969 14
7 1089760037970 6
7 1089760037971 6
7 1089760037972 20
7 1089760037973 10
7 1089760037974 10
7 1089760037975 12
7 1089760037976 14
7 1089760037977 8
7 1089760037978 2
7 1089760037979 18
7 1089760037980 12
7 1089760037981 107
7 1089760037982 14
7 1089760037983 117
7 1089760038096 6
7 1089760038097 14
7 1089760038098 8
7 1089760038099 141
7 1089760038100 6
7 1089760038101 14
7 1089760038102 285
7 1089760038103 16
7 1089760038104 2
7 1089760038105 12
7 1089760038106 4
7 1089760038107 14
7 1089760038108 4
7 1089760038109 12
7 1089760038110 6
7 1089760038111 242
7 1089760038336 12
7 1089760038337 4
7 1089760038338 10
7 1089760038339 8
7 1089760038340 206
7 1089760038341 4
7 1089760038342 8
7 1089760038343 6
7 1089760038344 23
7 1089760038345 8
7 1089760038346 10
7 1089760038347 10
7 1089760038348 10
7 1089760038349 6
7 1089760038350 10
7 1089760038351 6
7 1089760038608 6
7 1089760038609 12
7 1089760038610 14
7 1089760038611 14
7 1089760038612 8
7 1089760038613 2
7 1089760038614 14
7 1089760038615 10
7 1089760038616 14
7 1089760038617 58
7 1089760038618 8
7 1089760038619 519
7 1089760038620 10
7 1089760038621 6
7 1089760038622 8
7 1089760038623 12
7 1089760038912 10
7 1089760038913 24
7 1089760038914 18
7 1089760038915 185
7 1089760038916 17
7 1089760038917 26
7 1089760038918 4
7 1089760038919 36
7 1089760038920 24
7 1089760038921 48
7 1089760038922 28
7 1089760038923 21
7 1089760038924 22
7 1089760038925 90
7 1089760038926 46
7 1089760038927 24
7 1089760038928 24
7 1089760038929 18
7 1089760038930 19
7 1089760038931 10
7 1089760038932 763
7 1089760038933 57
7 1089760038934 231
7 1089760038935 34
7 1089760038936 18
7 1089760038937 6
7 1089760038938 81
7 1089760038939 159
7 1089760038940 16
7 1089760038941 18
7 1089760038942 445
7 1089760038943 21
7 1089760038944 60
7 1089760038945 12
7 1089760038946 254
7 1089760038947 17
7 1089760038948 102
7 1089760038949 907
7 1089760038950 39
7 1089760038951 60
7 1089760038952 130
7 1089760038953 26
7 1089760038954 246
7 1089760038955 17
7 1089760038956 23
7 1089760038957 339
7 1089760038958 141
7 1089760038959 109
7 1089760038960 94
7 1089760039631 267
7 1089760039632 11
7 1089760039633 18
7 1089760039634 11
7 1089760039635 856
7 1089760039636 78
7 1089760039637 85
7 1089760039638 200
7 1089760039639 29
7 1089760039640 15
7 1089760039641 10
7 1089760039642 10
7 1089760039643 41
7 1089760039644 22
7 1089760039645 138
7 1089760039646 157
7 1089760039647 10
7 1089760039648 53
7 1089760039649 45
7 1089760039650 33
7 1089760039651 263
7 1089760039652 39
7 1089760039653 6
7 1089760039654 172
7 1089760039655 56
7 1089760039656 186
7 1089760039657 68
7 1089760039658 35
7 1089760039659 11
7 1089760039660 151
7 1089760039661 16
7 1089760039662 24
7 1089760039663 29
7 1089760039664 9
7 1089760039665 3
7 1089760039666 83
7 1089760039667 112
7 1089760039668 55
7 1089760039669 31
7 1089760039670 25
7 1089760039671 150
7 1089760039672 11
7 1089760039673 16
7 1089760039674 67
7 1089760039675 18
7 1089760039676 37
7 1089760039677 20
7 1089760039678 44
7 1089760040350 13
7 1089760040351 31
7 1089760040352 8
7 1089760040353 46
7 1089760040354 405
7 1089760040355 23
7 1089760040356 125
7 1089760040357 496
7 1089760040358 34
7 1089760040359 129
7 1089760040360 24
7 1089760040361 85
7 1089760040362 25
7 1089760040363 247
7 1089760040364 407
7 1089760040365 26
7 1089760040366 18
7 1089760040367 23
7 1089760040368 65
7 1089760040369 89
7 1089760040370 56
7 1089760040371 44
7 1089760040372 52
7 1089760040373 28
7 1089760040374 51
7 1089760040375 554
7 1089760040376 79
7 1089760040377 358
7 1089760040378 37
7 1089760040379 33
7 1089760040380 134
7 1089760040381 13
7 1089760040382 4
7 1089760040383 267
7 1089760040384 696
7 1089760040385 982
7 1089760040386 45
7 1089760040387 104
7 1089760040388 281
7 1089760040389 65
7 1089760040390 3
7 1089760040391 25
7 1089760040392 16
7 1089760040393 171
7 1089760040394 87
7 1089760040395 443
7 1089760040396 85
7 1089760041060 5
7 1089760041061 14
7 1089760041062 305
7 1089760041063 227
7 1089760041064 220
7 1089760041065 110
7 1089760041066 22
7 1089760041067 10
7 1089760041068 172
7 1089760041069 193
7 1089760041070 335
7 1089760041071 22
7 1089760041072 126
7 1089760041073 35
7 1089760041074 14
7 1089760041075 166
7 1089760041076 32
7 1089760041077 138
7 1089760041078 12
7 1089760041079 129
7 1089760041080 9
7 1089760041081 16
7 1089760041082 29
7 1089760041083 37
7 1089760041084 46
7 1089760041085 22
7 1089760041086 106
7 1089760041087 37
7 1089760041088 89
7 1089760041089 11
7 1089760041090 55
7 1089760041091 22
7 1089760041092 209
7 1089760041093 21
7 1089760041094 146
7 1089760041095 18
7 1089760041096 380
7 1089760041097 7
7 1089760041098 9
7 1089760041099 103
7 1089760041100 136
7 1089760041101 27
7 1089760041102 13
7 1089760041103 164
7 1089760041104 17
7 1089760041105 23
7 1089760041106 33
7 1089760041107 4
7 1089760041778 6
7 1089760041779 75
7 1089760041780 37
7 1089760041781 126
7 1089760041782 75
7 1089760041783 31
7 1089760041784 20
7 1089760041785 29
7 1089760041786 62
7 1089760041787 13
7 1089760041788 13
7 1089760041789 162
7 1089760041790 340
7 1089760041791 72
7 1089760041792 21
7 1089760041793 208
7 1089760041794 97
7 1089760041795 38
7 1089760041796 30
7 1089760041797 22
7 1089760041798 6
7 1089760041799 672
7 1089760041800 11
7 1089760041801 59
7 1089760041802 225
7 1089760041803 46
7 1089760041804 8
7 1089760041805 176
7 1089760041806 474
7 1089760041807 40
7 1089760041808 88
7 1089760041809 156
7 1089760041810 16
7 1089760041811 416
7 1089760041812 14
7 1089760041813 161
7 1089760041814 6
7 1089760041815 4
7 1089760041816 23
7 1089760041817 112
7 1089760041818 106
7 1089760041819 29
7 1089760041820 34
7 1089760041821 86
7 1089760041822 1009
7 1089760041823 58
7 1089760041824 7
7 1089760041825 93
7 1089760041826 655
7 1089760041827 87
7 1089760041828 15
7 1089760042509 1
7 1089760042510 142
7 1089760042511 7
7 1089760042512 22
7 1089760042513 129
7 1089760042514 33
7 1089760042515 32
7 1089760042516 41
7 1089760042517 18
7 1089760042518 56
7 1089760042519 15
7 1089760042520 219
7 1089760042521 84
7 1089760042522 37
7 1089760042523 668
7 1089760042524 25
7 1089760042525 22
7 1089760042526 21
7 1089760042527 35
7 1089760042528 31
7 1089760042529 23
7 1089760042530 87
7 1089760042531 47
7 1089760042532 102
7 1089760042533 146
7 1089760042534 25
7 1089760042535 59
7 1089760042536 23
7 1089760042537 165
7 1089760042538 22
7 1089760042539 98
7 1089760042540 48
7 1089760042541 11
7 1089760042542 142
7 1089760042543 30
7 1089760042544 13
7 1089760042545 22
7 1089760042546 233
7 1089760042547 66
7 1089760042548 71
7 1089760042549 25
7 1089760042550 84
7 1089760042551 32
7 1089760042552 142
7 1089760042553 24
7 1089760042554 40
7 1089760042555 474
7 1089760042556 524
7 1089760042557 24
7 1089760042558 283
7 1089760042559 7
7 1089760043278 168
7 1089760043279 18
7 1089760043280 24
7 1089760043281 37
7 1089760043282 14
7 1089760043283 15
7 1089760043284 20
7 1089760043285 14
7 1089760043286 66
7 1089760043287 280
7 1089760043288 17
7 1089760043289 30
7 1089760043290 24
7 1089760043291 576
7 1089760043292 26
7 1089760043293 17
7 1089760043294 75
7 1089760043295 15
7 1089760043296 2
7 1089760043297 230
7 1089760043298 142
7 1089760043299 471
7 1089760043300 567
7 1089760043301 212
7 1089760043302 39
7 1089760043303 21
7 1089760043304 15
7 1089760043305 25
7 1089760043306 503
7 1089760043307 325
7 1089760043308 23
7 1089760043309 24
7 1089760043310 52
7 1089760043311 22
7 1089760043312 128
7 1089760043313 126
7 1089760043314 88
7 1089760043315 32
7 1089760043316 10
7 1089760043317 141
7 1089760043318 26
7 1089760043319 117
7 1089760043320 10
7 1089760043321 25
7 1089760043322 85
7 1089760043323 119
7 1089760043324 446
7 1089760043372 56
7 1089760043373 16
7 1089760043374 8
7 1089760043375 27
7 1089760043376 396
7 1089760043377 387
7 1089760043378 20
7 1089760043379 184
7 1089760043380 70
7 1089760043381 31
7 1089760043382 930
7 1089760043383 43
7 1089760043384 22
7 1089760043385 12
7 1089760043386 77
7 1089760043387 13
7 1089760043388 28
7 1089760043389 155
7 1089760043390 18
7 1089760043391 16
7 1089760043392 75
7 1089760043393 203
7 1089760043394 10
7 1089760043395 17
7 1089760043396 26
7 1089760043397 76
7 1089760043398 9
7 1089760043400 17
7 1089760043401 17
7 1089760043402 14
7 1089760043403 15
7 1089760043404 22
7 1089760043405 19
7 1089760043406 14
7 1089760043407 61
7 1089760043408 39
7 1089760043409 23
7 1089760043410 1308
7 1089760043411 22
7 1089760043412 14
7 1089760043413 110
7 1089760043414 59
7 1089760043415 76
7 1089760043416 33
7 1089760043417 47
7 1089760043418 1100
7 1089760043419 8
7 1089760043420 19
7 1089760043421 4
7 1089760044431 4
7 1089760044432 19
7 1089760044433 173
7 1089760044434 263
7 1089760044435 14
7 1089760044436 428
7 1089760044437 46
7 1089760044438 394
7 1089760044439 17
7 1089760044440 362
7 1089760044441 15
7 1089760044442 208
7 1089760044443 38
7 1089760044444 291
7 1089760044445 63
7 1089760044446 63
7 1089760044447 145
7 1089760044448 184
7 1089760044449 10
7 1089760044450 62
7 1089760044451 27
7 1089760044452 217
7 1089760044453 14
7 1089760044454 1
7 1089760044455 668
7 1089760044456 35
7 1089760044457 16
7 1089760044458 1256
7 1089760044459 20
7 1089760044460 20
7 1089760044461 25
7 1089760044462 384
7 1089760044463 11
7 1089760044464 27
7 1089760044465 254
7 1089760044466 15
7 1089760044467 145
7 1089760044468 3
7 1089760044469 141
7 1089760044470 14
7 1089760044471 36
7 1089760044472 12
7 1089760044473 21
7 1089760044474 1461
7 1089760044475 78
7 1089760044476 14
7 1089760044477 7
7 1089760044478 33
7 1089760044479 174
7 1089760046067 8
7 1089760046068 94
7 1089760046069 726
7 1089760046070 170
7 1089760046071 25
7 1089760046072 24
7 1089760046073 318
7 1089760046074 14
7 1089760046075 20
7 1089760046076 133
7 1089760046077 13
7 1089760046078 68
7 1089760046079 23
7 1089760046080 19
7 1089760046081 15
7 1089760046082 17
7 1089760046083 14
7 1089760046084 203
7 1089760046085 23
7 1089760046086 142
7 1089760046087 130
7 1089760046088 27
7 1089760046089 303
7 1089760046090 29
7 1089760046091 13
7 1089760046092 189
7 1089760046093 38
7 1089760046094 442
7 1089760046095 102
7 1089760046096 14
7 1089760046097 26
7 1089760046098 25
7 1089760046099 149
7 1089760046100 160
7 1089760046101 11
7 1089760046102 21
7 1089760046103 17
7 1089760046104 55
7 1089760046105 24
7 1089760046106 10
7 1089760046107 19
7 1089760046108 66
7 1089760046109 17
7 1089760046110 25
7 1089760046111 116
7 1089760046112 83
7 1089760046113 18
7 1089760046114 156
7 1089760046115 74
7 1089760046116 1
7 1089760046162 446
7 1089760046163 24
7 1089760046164 65
7 1089760046165 173
7 1089760046166 73
7 1089760046167 18
7 1089760046168 11
7 1089760046169 39
7 1089760046170 20
7 1089760046171 132
7 1089760046172 25
7 1089760046173 9
7 1089760046174 57
7 1089760046175 13
7 1089760046176 28
7 1089760046177 31
7 1089760046178 79
7 1089760046179 18
7 1089760046180 360
7 1089760046181 44
7 1089760046182 150
7 1089760046183 146
7 1089760046184 10
7 1089760046185 4
7 1089760046186 6
7 1089760046187 398
7 1089760046188 18
7 1089760046189 25
7 1089760046190 28
7 1089760046191 11
7 1089760046192 30
7 1089760046193 182
7 1089760046194 67
7 1089760046195 140
7 1089760046196 16
7 1089760046197 20
7 1089760046198 28
7 1089760046200 26
7 1089760046201 16
7 1089760046202 31
7 1089760046203 143
7 1089760046204 20
7 1089760046205 24
7 1089760046206 246
7 1089760046207 154
7 1089760046208 15
7 1089760046209 397
7 1089760046210 12
7 1089760046211 50
7 1089760046648 18
7 1089760046649 36
7 1089760046650 8
7 1089760046651 17
7 1089760046652 117
7 1089760046653 441
7 1089760046654 11
7 1089760046655 22
7 1089760046656 9
7 1089760046657 17
7 1089760046658 548
7 1089760046659 24
7 1089760046660 155
7 1089760046661 62
7 1089760046662 26
7 1089760046663 1087
7 1089760046664 9
7 1089760046665 18
7 1089760046666 202
7 1089760046667 130
7 1089760046668 12
7 1089760046669 13
7 1089760046670 382
7 1089760046671 161
7 1089760046672 19
7 1089760046673 11
7 1089760046674 23
7 1089760046675 41
7 1089760046676 21
7 1089760046677 49
7 1089760046678 15
7 1089760046679 61
7 1089760046680 19
7 1089760046681 1012
7 1089760046682 13
7 1089760046683 124
7 1089760046684 111
7 1089760046685 101
7 1089760046686 24
7 1089760046687 23
7 1089760046688 12
7 1089760046689 121
7 1089760046690 340
7 1089760046691 25
7 1089760046692 22
7 1089760046693 21
7 1089760046694 19
7 1089760048377 5
7 1089760048378 322
7 1089760048379 2
7 1089760048380 16
7 1089760048381 10
7 1089760048382 16
7 1089760048383 12
7 1089760048384 3
7 1089760048385 9
7 1089760048387 10
7 1089760048388 3
7 1089760048389 33
7 1089760048390 26
7 1089760048391 11
7 1089760048392 17
7 1089760048393 12
7 1089760048394 13
7 1089760048395 4
7 1089760048396 14
7 1089760048397 108
7 1089760048398 6
7 1089760048399 7
7 1089760048400 3
7 1089760048401 6
7 1089760048402 9
7 1089760048403 7
7 1089760048404 10
7 1089760048405 4
7 1089760048406 7
7 1089760048409 11
7 1089760048410 5
7 1089760048411 43
7 1089760048412 9
7 1089760048413 4
7 1089760048414 9
7 1089760048415 4
7 1089760048416 14
7 1089760048417 77
7 1089760048418 12
7 1089760048421 24
7 1089760048422 8
7 1089760048754 6
7 1089760048756 3
7 1089760048757 11
7 1089760048758 9
7 1089760048759 13
7 1089760048761 4
7 1089760048762 237
7 1089760048763 51
7 1089760048764 10
7 1089760048765 18
7 1089760048766 21
7 1089760048768 12
7 1089760048769 15
7 1089760048770 7
7 1089760048771 12
7 1089760048772 14
7 1089760048773 11
7 1089760048774 3
7 1089760048775 21
7 1089760048776 8
7 1089760048779 37
7 1089760048780 15
7 1089760048782 7
7 1089760048783 14
7 1089760048784 107
7 1089760048785 7
7 1089760048786 9
7 1089760048787 10
7 1089760048788 6
7 1089760048789 2
7 1089760048790 10
7 1089760048791 9
7 1089760048792 12
7 1089760048793 5
7 1089760048794 14
7 1089760048796 9
7 1089760048797 10
7 1089760048798 10
7 1089760048799 2
7 1089760049479 137
7 1089760049480 3
7 1089760049481 11
7 1089760049483 4
7 1089760049485 6
7 1089760049486 4
7 1089760049487 4
7 1089760049488 6
7 1089760049489 164
7 1089760049491 10
7 1089760049492 3
7 1089760049493 8
7 1089760049496 3
7 1089760049497 3
7 1089760049498 8
7 1089760049499 15
7 1089760049500 2
7 1089760049501 370
7 1089760049502 8
7 1089760049503 11
7 1089760049504 26
7 1089760049505 10
7 1089760049506 6
7 1089760049507 4
7 1089760049508 4
7 1089760049509 12
7 1089760049510 480
7 1089760049513 152
7 1089760049514 10
7 1089760049516 8
7 1089760049517 11
7 1089760049518 10
7 1089760049520 9
7 1089760049521 7
7 1089760049522 221
7 1089760049523 4
7 1089760049524 11
7 1089760049526 2
7 1089760050294 8
7 1089760050295 4
7 1089760050297 6
7 1089760050298 14
7 1089760050299 2
7 1089760050300 7
7 1089760050301 8
7 1089760050302 2
7 1089760050303 11
7 1089760050304 9
7 1089760050305 9
7 1089760050306 108
7 1089760050307 18
7 1089760050308 9
7 1089760050309 4
7 1089760050311 1
7 1089760050312 11
7 1089760050313 6
7 1089760050314 4
7 1089760050315 5
7 1089760050316 21
7 1089760050317 16
7 1089760050318 2
7 1089760050319 9
7 1089760050320 10
7 1089760050321 597
7 1089760050323 4
7 1089760050325 13
7 1089760050326 23
7 1089760050327 11
7 1089760050328 19
7 1089760050329 15
7 1089760050330 13
7 1089760050331 7
7 1089760050332 5
7 1089760050333 1
7 1089760050334 2
7 1089760050335 7
7 1089760050337 4
7 1089760050338 5
7 1089760050339 6
7 1089760050340 5
7 1089760050341 8
7 1089760051200 4
7 1089760051201 4
7 1089760051230 4
7 1089760051231 4
7 1089760051260 4
7 1089760051261 4
7 1089760051290 4
7 1089760051291 4
7 1089760051320 4
7 1089760051321 4
7 1089760051350 4
7 1089760051351 4
7 1089760051382 4
7 1089760051383 4
7 1089760051386 4
7 1089760051387 4
7 1089760051430 4
7 1089760051431 4
7 1089760051498 4
7 1089760051499 4
7 1089760051502 4
7 1089760051503 4
7 1089760051522 4
7 1089760051523 4
7 1089760051594 4
7 1089760051595 4
7 1089760051610 4
7 1089760051611 4
7 1089760051640 4
7 1089760051641 4
7 1089760051674 4
7 1089760051675 4
7 1089760051712 26
7 1089760051713 131
7 1089760051714 28
7 1089760051715 329
7 1089760051716 20
7 1089760051717 26
7 1089760051718 161
7 1089760051719 72
7 1089760051720 29
7 1089760051721 424
7 1089760051722 85
7 1089760051723 29
7 1089760051724 19
7 1089760051725 59
7 1089760051726 449
7 1089760051727 29
7 1089760051728 121
7 1089760051729 85
7 1089760051730 175
7 1089760051731 33
7 1089760051732 73
7 1089760051733 137
7 1089760051734 96
7 1089760051735 43
7 1089760051736 157
7 1089760051737 605
7 1089760051738 35
7 1089760051739 148
7 1089760051740 36
7 1089760051741 20
7 1089760051742 322
7 1089760051743 28
7 1089760051744 27
7 1089760051745 266
7 1089760051746 133
7 1089760051747 30
7 1089760051748 70
7 1089760051749 22
7 1089760051750 289
7 1089760051751 330
7 1089760051752 150
7 1089760051753 747
7 1089760051754 55
7 1089760051755 830
7 1089760051756 1020
7 1089760051757 68
7 1089760051758 173
7 1089760051759 31
7 1089760051760 114
7 1089760051761 96
7 1089760051762 221
7 1089760051763 147
7 1089760051764 36
7 1089760051765 183
7 1089760051766 168
7 1089760051767 25
7 1089760051768 30
7 1089760051769 102
7 1089760051770 382
7 1089760051771 29
7 1089760051772 20
7 1089760051773 349
7 1089760051774 22
7 1089760051775 151
7 1089760051776 134
7 1089760051777 66
7 1089760051778 212
7 1089760051779 138
7 1089760051780 58
7 1089760051781 171
7 1089760051782 26
7 1089760051783 27
7 1089760051784 187
7 1089760051785 32
7 1089760051786 28
7 1089760051787 348
7 1089760051788 32
7 1089760051789 29
7 1089760051790 1254
7 1089760051791 29
7 1089760051792 260
7 1089760051793 100
7 1089760051794 979
7 1089760051795 500
7 1089760051796 26
7 1089760051797 32
7 1089760051798 81
7 1089760051799 32
7 1089760051800 87
7 1089760051801 31
7 1089760051802 144
7 1089760051803 28
7 1089760051804 14
7 1089760051805 661
7 1089760051806 29
7 1089760051807 20
7 1089760051808 416
7 1089760051809 87
7 1089760051810 135
7 1089760051811 33
7 1089760051812 30
7 1089760051813 180
7 1089760051814 82
7 1089760051815 149
7 1089760051816 42
7 1089760051817 207
7 1089760051818 2024
7 1089760051819 131
7 1089760051820 25
7 1089760051821 36
7 1089760051822 117
7 1089760051823 27
7 1089760051824 122
7 1089760051825 1120
7 1089760051826 528
7 1089760051827 262
7 1089760051828 117
7 1089760051829 109
7 1089760051830 103
7 1089760051831 27
7 1089760051832 41
7 1089760051833 234
7 1089760051834 166
7 1089760051835 45
7 1089760051836 168
7 1089760051837 866
7 1089760051838 32
7 1089760051839 306
7 1089760051840 38
7 1089760051841 34
7 1089760051842 179
7 1089760051843 198
7 1089760051844 31
7 1089760051845 26
7 1089760051846 71
7 1089760051847 39
7 1089760051848 201
7 1089760051849 24
7 1089760051850 34
7 1089760051851 88
7 1089760051852 38
7 1089760051853 54
7 1089760051854 119
7 1089760051855 69
7 1089760051856 45
7 1089760051857 99
7 1089760051858 119
7 1089760051859 37
7 1089760051860 27
7 1089760051861 51
7 1089760051862 65
7 1089760051863 65
7 1089760051864 412
7 1089760051865 75
7 1089760051866 30
7 1089760051867 152
7 1089760051868 40
7 1089760051869 21
7 1089760051870 153
7 1089760051871 77
7 1089760051872 390
7 1089760051873 50
7 1089760051874 29
7 1089760051875 545
7 1089760051876 26
7 1089760051877 31
7 1089760051878 29
7 1089760051879 612
7 1089760051880 110
7 1089760051881 263
7 1089760051882 189
7 1089760051883 270
7 1089760051884 29
7 1089760051885 97
7 1089760051886 144
7 1089760051887 22
7 1089760051888 148
7 1089760051889 113
7 1089760051890 28
7 1089760051891 68
7 1089760051892 68
7 1089760051893 142
7 1089760051894 51
7 1089760051895 97
7 1089760051896 28
7 1089760051897 1073
7 1089760051898 22
7 1089760051899 69
7 1089760051900 15
7 1089760051901 39
7 1089760051902 23
7 1089760051903 210
7 1089760051904 33
7 1089760051905 22
7 1089760051906 29
7 1089760051907 38
7 1089760051908 127
7 1089760051909 487
7 1089760051910 79
7 1089760051911 30
7 1089760051912 562
7 1089760051913 87
7 1089760051914 29
7 1089760051915 58
7 1089760051916 36
7 1089760051917 39
7 1089760051918 61
7 1089760051919 79
7 1089760051920 547
7 1089760051921 156
7 1089760051922 167
7 1089760051923 45
7 1089760051924 96
7 1089760051925 28
7 1089760051926 101
7 1089760051927 185
7 1089760051928 251
7 1089760051929 20
7 1089760051930 218
7 1089760051931 128
7 1089760051932 524
7 1089760051933 78
7 1089760051934 143
7 1089760051935 156
7 1089760051936 33
7 1089760051937 60
7 1089760051938 34
7 1089760051939 18
7 1089760051940 72
7 1089760051941 57
7 1089760051942 132
7 1089760051943 23
7 1089760051944 88
7 1089760051945 39
7 1089760051946 36
7 1089760051947 179
7 1089760051948 183
7 1089760051949 42
7 1089760051950 302
7 1089760051951 154
7 1089760051952 28
7 1089760051953 19
7 1089760051954 26
7 1089760051955 24
7 1089760051956 22
7 1089760051957 50
7 1089760051958 88
7 1089760051959 835
7 1089760051960 40
7 1089760051961 16
7 1089760051962 727
7 1089760051963 117
7 1089760051964 628
7 1089760051965 66
7 1089760051966 244
7 1089760051967 469
7 1089760051968 218
7 1089760051969 273
7 1089760051970 73
7 1089760051971 260
7 1089760051972 28
7 1089760051973 42
7 1089760051974 51
7 1089760051975 187
7 1089760051976 225
7 1089760051977 154
7 1089760051978 29
7 1089760051979 61
7 1089760051980 26
7 1089760051981 26
7 1089760051982 146
7 1089760051983 48
7 1089760051984 86
7 1089760051985 27
7 1089760051986 25
7 1089760051987 371
7 1089760051988 127
7 1089760051989 23
7 1089760051990 547
7 1089760051991 18
7 1089760051992 906
7 1089760051993 251
7 1089760051994 191
7 1089760051995 93
7 1089760051996 140
7 1089760051997 70
7 1089760051998 45
7 1089760051999 31
7 1089760052000 20
7 1089760052001 23
7 1089760052002 24
7 1089760052003 174
7 1089760052004 122
7 1089760052005 582
7 1089760052006 1022
7 1089760052007 23
7 1089760052008 127
7 1089760052009 70
7 1089760052010 35
7 1089760052011 226
7 1089760052012 147
7 1089760052013 26
7 1089760052014 16
7 1089760052015 33
7 1089760052016 191
7 1089760052017 24
7 1089760052018 204
7 1089760052019 474
7 1089760052020 35
7 1089760052021 330
7 1089760052022 34
7 1089760052023 441
7 1089760052024 67
7 1089760052025 85
7 1089760052026 333
7 1089760052027 448
7 1089760052028 687
7 1089760052029 272
7 1089760052030 23
7 1089760052031 67
7 1089760052032 31
7 1089760052033 142
7 1089760052034 71
7 1089760052035 27
7 1089760052036 250
7 1089760052037 160
7 1089760052038 41
7 1089760052039 25
7 1089760052040 192
7 1089760052041 31
7 1089760052042 117
7 1089760052043 21
7 1089760052044 206
7 1089760052045 17
7 1089760052046 33
7 1089760052047 20
7 1089760052048 23
7 1089760052049 403
7 1089760052050 55
7 1089760052051 52
7 1089760052052 116
7 1089760052053 196
7 1089760052054 162
7 1089760052055 45
7 1089760052056 175
7 1089760052057 507
7 1089760052058 317
7 1089760052059 24
7 1089760052060 56
7 1089760052061 141
7 1089760052062 222
7 1089760052063 254
7 1089760052064 26
7 1089760052065 1223
7 1089760052066 171
7 1089760052067 32
7 1089760052068 759
7 1089760052069 540
7 1089760052070 25
7 1089760052071 33
7 1089760052072 29
7 1089760052073 27
7 1089760052074 31
7 1089760052075 43
7 1089760052076 30
7 1089760052077 301
7 1089760052078 112
7 1089760052079 24
7 1089760052080 31
7 1089760052081 110
7 1089760052082 333
7 1089760052083 89
7 1089760052084 147
7 1089760052085 177
7 1089760052086 91
7 1089760052087 140
7 1089760052088 219
7 1089760052089 251
7 1089760052090 168
7 1089760052091 38
7 1089760052092 30
7 1089760052093 44
7 1089760052094 32
7 1089760052095 43
7 1089760052096 129
7 1089760052097 144
7 1089760052098 99
7 1089760052099 245
7 1089760052100 29
7 1089760052101 670
7 1089760052102 42
7 1089760052103 58
7 1089760052104 179
7 1089760052105 164
7 1089760052106 412
7 1089760052107 34
7 1089760052108 24
7 1089760052109 45
7 1089760052110 96
7 1089760052111 60
7 1089760052112 47
7 1089760052113 272
7 1089760052114 814
7 1089760052115 184
7 1089760052116 31
7 1089760052117 115
7 1089760052118 42
7 1089760052119 104
7 1089760052120 999
7 1089760052121 29
7 1089760052122 94
7 1089760052123 31
7 1089760052124 1041
7 1089760052125 93
7 1089760052126 120
7 1089760052127 143
7 1089760052128 158
7 1089760052129 108
7 1089760052130 28
7 1089760052131 30
7 1089760052132 426
7 1089760052133 122
7 1089760052134 219
7 1089760052135 42
7 1089760052136 20
7 1089760052137 52
7 1089760052138 37
7 1089760052139 36
7 1089760052140 153
7 1089760052141 186
7 1089760052142 345
7 1089760052143 227
7 1089760052144 263
7 1089760052145 33
7 1089760052146 254
7 1089760052147 106
7 1089760052148 36
7 1089760052149 590
7 1089760052150 128
7 1089760052151 28
7 1089760052152 30
7 1089760052153 952
7 1089760052154 51
7 1089760052155 380
7 1089760052156 45
7 1089760052157 183
7 1089760052158 325
7 1089760052159 42
7 1089760052160 76
7 1089760052161 21
7 1089760052162 28
7 1089760052163 417
7 1089760052164 55
7 1089760052165 568
7 1089760052166 29
7 1089760052167 589
7 1089760052168 30
7 1089760052169 237
7 1089760052170 238
7 1089760052171 45
7 1089760052172 178
7 1089760052173 192
7 1089760052174 63
7 1089760052175 196
7 1089760052176 79
7 1089760052177 226
7 1089760052178 144
7 1089760052179 250
7 1089760052180 105
7 1089760052181 46
7 1089760052182 64
7 1089760052183 264
7 1089760052184 21
7 1089760052185 144
7 1089760052186 21
7 1089760052187 281
7 1089760052188 206
7 1089760052189 701
7 1089760052190 18
7 1089760052191 475
7 1089760052192 529
7 1089760052193 33
7 1089760052194 143
7 1089760052195 167
7 1089760052196 26
7 1089760052197 189
7 1089760052198 89
7 1089760052199 279
7 1089760052200 20
7 1089760052201 22
7 1089760052202 192
7 1089760052203 58
7 1089760052204 30
7 1089760052205 39
7 1089760052206 60
7 1089760052207 654
7 1089760052208 18
7 1089760052209 666
7 1089760052210 68
7 1089760052211 210
7 1089760052212 57
7 1089760052213 31
7 1089760052214 28
7 1089760052215 343
7 1089760052216 47
7 1089760052217 30
7 1089760052218 545
7 1089760052219 27
7 1089760052220 159
7 1089760052221 408
7 1089760052222 97
7 1089760052223 336
7 1089760052224 18
7 1089760052225 12
7 1089760052226 27
7 1089760052227 14
7 1089760052228 14
7 1089760052229 137
7 1089760052230 19
7 1089760052231 20
7 1089760052344 16
7 1089760052345 27
7 1089760052346 13
7 1089760052347 89
7 1089760052348 23
7 1089760052349 11
7 1089760052350 58
7 1089760052351 18
7 1089760052464 14
7 1089760052465 20
7 1089760052466 25
7 1089760052467 91
7 1089760052468 19
7 1089760052469 13
7 1089760052470 58
7 1089760052471 17
7 1089760052584 19
7 1089760052585 20
7 1089760052586 14
7 1089760052587 16
7 1089760052588 41
7 1089760052589 75
7 1089760052590 14
7 1089760052591 15
7 1089760052704 157
7 1089760052705 170
7 1089760052706 17
7 1089760052707 45
7 1089760052708 18
7 1089760052709 10
7 1089760052710 18
7 1089760052711 107
7 1089760052824 19
7 1089760052825 15
7 1089760052826 15
7 1089760052827 13
7 1089760052828 52
7 1089760052829 11
7 1089760052830 108
7 1089760052831 518
7 1089760052952 396
7 1089760052953 152
7 1089760052954 15
7 1089760052955 16
7 1089760052956 65
7 1089760052957 736
7 1089760052958 15
7 1089760052959 29
7 1089760052968 15
7 1089760052969 18
7 1089760052970 20
7 1089760052971 15
7 1089760052972 149
7 1089760052973 15
7 1089760052974 14
7 1089760052975 13
7 1089760053144 18
7 1089760053145 18
7 1089760053146 127
7 1089760053147 12
7 1089760053148 68
7 1089760053149 28
7 1089760053150 126
7 1089760053151 431
7 1089760053416 14
7 1089760053417 13
7 1089760053418 143
7 1089760053419 25
7 1089760053420 393
7 1089760053421 124
7 1089760053422 16
7 1089760053423 28
7 1089760053432 16
7 1089760053433 21
7 1089760053434 13
7 1089760053435 8
7 1089760053436 21
7 1089760053437 25
7 1089760053438 32
7 1089760053439 17
7 1089760053512 339
7 1089760053513 17
7 1089760053514 15
7 1089760053515 150
7 1089760053516 44
7 1089760053517 7
7 1089760053518 12
7 1089760053519 55
7 1089760053800 54
7 1089760053801 1
7 1089760053802 7
7 1089760053803 145
7 1089760053804 4
7 1089760053805 4
7 1089760053806 182
7 1089760053807 6
7 1089760053864 5
7 1089760053865 4
7 1089760053866 3
7 1089760053867 7
7 1089760053868 10
7 1089760053869 3
7 1089760053870 3
7 1089760053871 3
7 1089760053984 2
7 1089760053985 4
7 1089760053986 1
7 1089760053988 3
7 1089760053989 4
7 1089760053990 2
7 1089760053991 1
7 1089760054120 1
7 1089760054121 7
7 1089760054122 1
7 1089760054123 5
7 1089760054124 4
7 1089760054125 7
7 1089760054126 3
7 1089760054127 4
8 1089760035024 6
8 1089760035025 2
8 1089760035026 4
8 1089760035027 4
8 1089760035028 4
8 1089760035030 4
8 1089760035032 4
8 1089760035033 2
8 1089760035034 4
8 1089760035036 4
8 1089760035037 2
8 1089760035038 2
8 1089760035039 2
8 1089760035264 2
8 1089760035265 2
8 1089760035266 2
8 1089760035267 4
8 1089760035268 4
8 1089760035269 4
8 1089760035270 6
8 1089760035271 4
8 1089760035272 2
8 1089760035273 4
8 1089760035274 4
8 1089760035276 438
8 1089760035277 2
8 1089760035504 4
8 1089760035506 6
8 1089760035507 2
8 1089760035508 2
8 1089760035509 2
8 1089760035510 4
8 1089760035511 2
8 1089760035512 8
8 1089760035513 4
8 1089760035515 2
8 1089760035516 2
8 1089760035518 4
8 1089760035519 4
8 1089760035744 2
8 1089760035745 4
8 1089760035747 2
8 1089760035749 4
8 1089760035751 4
8 1089760035753 4
8 1089760035754 2
8 1089760035755 2
8 1089760035756 6
8 1089760035757 2
8 1089760035758 4
8 1089760035759 4
8 1089760035984 6
8 1089760035985 343
8 1089760035986 2
8 1089760035987 2
8 1089760035988 2
8 1089760035989 2
8 1089760035993 6
8 1089760035994 4
8 1089760035995 6
8 1089760035996 4
8 1089760035997 4
8 1089760035998 2
8 1089760036225 2
8 1089760036226 2
8 1089760036227 4
8 1089760036228 8
8 1089760036229 4
8 1089760036230 8
8 1089760036231 2
8 1089760036232 2
8 1089760036233 6
8 1089760036234 2
8 1089760036235 4
8 1089760036236 4
8 1089760036237 2
8 1089760036239 2
8 1089760036498 4
8 1089760036499 2
8 1089760036500 2
8 1089760036501 4
8 1089760036502 2
8 1089760036503 2
8 1089760036504 4
8 1089760036506 2
8 1089760036507 2
8 1089760036508 6
8 1089760036509 4
8 1089760036511 2
8 1089760036865 6
8 1089760036867 6
8 1089760036868 6
8 1089760036869 4
8 1089760036870 2
8 1089760036871 2
8 1089760036872 4
8 1089760036873 6
8 1089760036875 2
8 1089760036876 4
8 1089760036877 4
8 1089760036879 2
8 1089760036912 2
8 1089760036913 129
8 1089760036914 2
8 1089760036916 2
8 1089760036917 4
8 1089760036918 4
8 1089760036919 4
8 1089760036920 4
8 1089760036923 6
8 1089760036925 4
8 1089760036926 2
8 1089760036927 4
8 1089760037008 2
8 1089760037010 4
8 1089760037011 4
8 1089760037012 2
8 1089760037013 2
8 1089760037015 2
8 1089760037016 2
8 1089760037018 2
8 1089760037019 2
8 1089760037020 4
8 1089760037021 4
8 1089760037023 4
8 1089760037104 2
8 1089760037106 2
8 1089760037107 8
8 1089760037108 2
8 1089760037109 2
8 1089760037111 2
8 1089760037113 2
8 1089760037114 4
8 1089760037117 2
8 1089760037118 4
8 1089760037360 2
8 1089760037361 2
8 1089760037362 6
8 1089760037363 2
8 1089760037364 8
8 1089760037366 4
8 1089760037367 4
8 1089760037368 4
8 1089760037370 104
8 1089760037371 2
8 1089760037372 2
8 1089760037373 6
8 1089760037375 2
8 1089760037664 2
8 1089760037665 6
8 1089760037666 4
8 1089760037667 4
8 1089760037668 4
8 1089760037669 2
8 1089760037670 2
8 1089760037671 2
8 1089760037673 2
8 1089760037674 4
8 1089760037676 4
8 1089760037678 2
8 1089760037679 6
8 1089760038658 2
8 1089760039536 2
8 1089760039537 4
8 1089760039538 5
8 1089760039541 3
8 1089760039543 11
8 1089760039546 5
8 1089760039547 2
8 1089760039548 1
8 1089760039549 10
8 1089760039555 5
8 1089760039556 12
8 1089760039561 10
8 1089760039563 1
8 1089760039564 2
8 1089760039565 2
8 1089760039566 1
8 1089760039568 6
8 1089760039572 5
8 1089760039573 1
8 1089760039574 4
8 1089760039577 5
8 1089760039580 3
8 1089760039581 20
8 1089760040253 1
8 1089760040254 6
8 1089760040257 4
8 1089760040260 4
8 1089760040264 3
8 1089760040266 5
8 1089760040268 1
8 1089760040269 10
8 1089760040270 5
8 1089760040271 1
8 1089760040273 5
8 1089760040275 6
8 1089760040276 5
8 1089760040277 6
8 1089760040280 5
8 1089760040281 9
8 1089760040282 11
8 1089760040284 5
8 1089760040287 4
8 1089760040291 5
8 1089760040292 5
8 1089760040293 1
8 1089760040294 4
8 1089760040963 2
8 1089760040965 2
8 1089760040970 6
8 1089760040971 3
8 1089760040973 3
8 1089760040975 6
8 1089760040979 5
8 1089760040981 4
8 1089760040982 2
8 1089760040983 4
8 1089760040986 47
8 1089760040987 8
8 1089760040988 2
8 1089760040989 1
8 1089760040990 1
8 1089760040991 2
8 1089760040996 3
8 1089760040997 7
8 1089760041006 7
8 1089760041007 1
8 1089760041008 4
8 1089760041009 3
8 1089760041682 19
8 1089760041684 23
8 1089760041688 5
8 1089760041695 8
8 1089760041697 7
8 1089760041702 4
8 1089760041703 5
8 1089760041709 1
8 1089760041710 7
8 1089760041713 2
8 1089760041714 7
8 1089760041716 3
8 1089760041718 4
8 1089760041720 4
8 1089760041722 4
8 1089760041724 8
8 1089760041726 169
8 1089760042411 1
8 1089760042412 3
8 1089760042413 7
8 1089760042414 4
8 1089760042415 5
8 1089760042416 84
8 1089760042417 2
8 1089760042418 6
8 1089760042420 3
8 1089760042426 28
8 1089760042427 3
8 1089760042439 7
8 1089760042440 6
8 1089760042443 2
8 1089760042444 5
8 1089760042445 7
8 1089760042446 4
8 1089760042447 4
8 1089760042448 4
8 1089760042449 6
8 1089760042450 8
8 1089760042452 2
8 1089760042455 13
8 1089760043138 3
8 1089760043141 3
8 1089760043144 1
8 1089760043146 5
8 1089760043147 2
8 1089760043148 57
8 1089760043149 12
8 1089760043151 4
8 1089760043152 2
8 1089760043153 11
8 1089760043154 6
8 1089760043155 2
8 1089760043159 4
8 1089760043161 16
8 1089760043162 6
8 1089760043163 4
8 1089760043165 2
8 1089760043167 1
8 1089760043168 5
8 1089760043169 184
8 1089760043170 4
8 1089760043171 7
8 1089760043173 2
8 1089760043178 2
8 1089760043953 6
8 1089760043954 1
8 1089760043956 3
8 1089760043961 10
8 1089760043962 1
8 1089760043963 2
8 1089760043964 5
8 1089760043967 4
8 1089760043971 5
8 1089760043972 3
8 1089760043974 5
8 1089760043980 6
8 1089760043983 4
8 1089760043985 3
8 1089760043986 4
8 1089760043987 5
8 1089760043988 10
8 1089760043990 2
8 1089760043991 3
8 1089760043997 6
8 1089760045061 3
8 1089760045063 8
8 1089760045067 4
8 1089760045068 3
8 1089760045069 6
8 1089760045070 6
8 1089760045071 6
8 1089760045073 7
8 1089760045074 4
8 1089760045076 7
8 1089760045081 7
8 1089760045083 5
8 1089760045084 4
8 1089760045085 1
8 1089760045086 7
8 1089760045087 3
8 1089760045092 6
8 1089760045094 2
8 1089760045096 4
8 1089760045097 2
8 1089760045098 3
8 1089760045105 4
8 1089760045205 4
8 1089760045207 3
8 1089760045208 6
8 1089760045211 5
8 1089760045216 4
8 1089760045219 4
8 1089760045221 4
8 1089760045222 3
8 1089760045223 3
8 1089760045224 7
8 1089760045225 5
8 1089760045227 5
8 1089760045229 2
8 1089760045236 4
8 1089760045238 5
8 1089760045243 2
8 1089760045244 3
8 1089760045246 4
8 1089760045248 7
8 1089760045249 2
8 1089760045492 3
8 1089760045498 8
8 1089760045501 2
8 1089760045502 6
8 1089760045503 5
8 1089760045505 6
8 1089760045507 5
8 1089760045513 4
8 1089760045517 5
8 1089760045522 9
8 1089760045525 3
8 1089760045528 8
8 1089760045530 2
8 1089760045532 3
8 1089760045537 1
8 1089760045538 2
8 1089760045540 5
8 1089760045780 4
8 1089760045781 1
8 1089760045784 4
8 1089760045786 5
8 1089760045787 5
8 1089760045788 10
8 1089760045789 7
8 1089760045790 1
8 1089760045794 5
8 1089760045800 5
8 1089760045808 1
8 1089760045810 9
8 1089760045812 3
8 1089760045820 3
8 1089760045822 3
8 1089760045823 4
8 1089760046551 5
8 1089760046555 8
8 1089760046557 6
8 1089760046558 6
8 1089760046560 4
8 1089760046562 4
8 1089760046563 4
8 1089760046564 4
8 1089760046568 3
8 1089760046569 2
8 1089760046571 4
8 1089760046572 4
8 1089760046574 4
8 1089760046584 3
8 1089760046586 2
8 1089760046587 2
8 1089760046589 4
8 1089760046590 9
8 1089760046591 1
8 1089760046592 2
8 1089760046598 6
8 1089760047464 5
8 1089760047465 6
8 1089760047466 6
8 1089760047467 16
8 1089760047468 6
8 1089760047470 4
8 1089760047472 4
8 1089760047473 7
8 1089760047475 2
8 1089760047478 4
8 1089760047480 4
8 1089760047481 1
8 1089760047482 2
8 1089760047489 5
8 1089760047492 3
8 1089760047493 2
8 1089760047497 13
8 1089760047503 3
8 1089760047506 6
8 1089760047507 6
8 1089760050446 6
8 1089760051226 4
8 1089760051227 4
8 1089760051256 4
8 1089760051257 4
8 1089760051286 4
8 1089760051287 4
8 1089760051316 4
8 1089760051317 4
8 1089760051346 4
8 1089760051347 4
8 1089760051376 4
8 1089760051377 4
8 1089760051410 4
8 1089760051411 4
8 1089760051456 4
8 1089760051457 4
8 1089760051462 4
8 1089760051463 4
8 1089760051474 4
8 1089760051475 4
8 1089760051486 4
8 1089760051487 4
8 1089760051518 4
8 1089760051519 4
8 1089760051556 4
8 1089760051557 4
8 1089760051680 4
8 1089760051681 4
8 1089760051712 3
8 1089760051713 1
8 1089760051714 4
8 1089760051715 3
8 1089760051716 5
8 1089760051717 4
8 1089760051718 2
8 1089760051719 26
8 1089760051720 1
8 1089760051721 2
8 1089760051722 3
8 1089760051723 4
8 1089760051724 7
8 1089760051725 1
8 1089760051726 3
8 1089760051728 3
8 1089760051729 1
8 1089760051730 2
8 1089760051731 3
8 1089760051732 5
8 1089760051733 3
8 1089760051734 3
8 1089760051735 1
8 1089760051736 5
8 1089760051737 12
8 1089760051738 2
8 1089760051739 3
8 1089760051740 23
8 1089760051741 15
8 1089760051742 3
8 1089760051743 3
8 1089760051744 1
8 1089760051745 2
8 1089760051746 5
8 1089760051747 5
8 1089760051749 8
8 1089760051750 4
8 1089760051751 1
8 1089760051752 1
8 1089760051753 3
8 1089760051754 4
8 1089760051755 3
8 1089760051756 2
8 1089760051757 4
8 1089760051758 3
8 1089760051761 2
8 1089760051762 5
8 1089760051763 2
8 1089760051764 7
8 1089760051765 6
8 1089760051766 4
8 1089760051767 4
8 1089760051768 2
8 1089760051769 4
8 1089760051770 10
8 1089760051771 5
8 1089760051772 3
8 1089760051773 9
8 1089760051774 4
8 1089760051775 1
8 1089760051776 4
8 1089760051777 4
8 1089760051778 4
8 1089760051779 345
8 1089760051780 4
8 1089760051781 3
8 1089760051782 2
8 1089760051783 3
8 1089760051784 2
8 1089760051785 16
8 1089760051786 4
8 1089760051787 2
8 1089760051788 4
8 1089760051789 3
8 1089760051790 1
8 1089760051791 4
8 1089760051792 14
8 1089760051794 3
8 1089760051795 2
8 1089760051796 3
8 1089760051797 2
8 1089760051798 7
8 1089760051799 1
8 1089760051800 8
8 1089760051801 2
8 1089760051802 5
8 1089760051803 3
8 1089760051804 3
8 1089760051805 1
8 1089760051806 2
8 1089760051808 2
8 1089760051809 1
8 1089760051810 5
8 1089760051811 1
8 1089760051812 2
8 1089760051813 4
8 1089760051814 4
8 1089760051815 14
8 1089760051816 2
8 1089760051817 3
8 1089760051818 1
8 1089760051819 7
8 1089760051820 3
8 1089760051821 2
8 1089760051822 1
8 1089760051823 1
8 1089760051824 4
8 1089760051825 5
8 1089760051826 10
8 1089760051827 9
8 1089760051828 3
8 1089760051829 4
8 1089760051830 3
8 1089760051831 19
8 1089760051832 2
8 1089760051833 4
8 1089760051834 4
8 1089760051835 4
8 1089760051836 1
8 1089760051837 4
8 1089760051838 3
8 1089760051839 13
8 1089760051841 2
8 1089760051842 1
8 1089760051843 1
8 1089760051844 1
8 1089760051845 3
8 1089760051846 5
8 1089760051847 2
8 1089760051848 5
8 1089760051850 4
8 1089760051851 3
8 1089760051852 4
8 1089760051853 4
8 1089760051854 4
8 1089760051855 4
8 1089760051856 26
8 1089760051857 4
8 1089760051858 9
8 1089760051859 2
8 1089760051860 1
8 1089760051861 3
8 1089760051862 1
8 1089760051863 26
8 1089760051864 2
8 1089760051866 4
8 1089760051867 3
8 1089760051868 2
8 1089760051869 2
8 1089760051871 2
8 1089760051873 6
8 1089760051874 2
8 1089760051875 5
8 1089760051876 2
8 1089760051877 1
8 1089760051878 1
8 1089760051879 1
8 1089760051880 4
8 1089760051881 1
8 1089760051882 3
8 1089760051883 7
8 1089760051884 1
8 1089760051885 3
8 1089760051886 4
8 1089760051887 36
8 1089760051888 4
8 1089760051889 2
8 1089760051890 2
8 1089760051892 4
8 1089760051893 1
8 1089760051894 24
8 1089760051895 3
8 1089760051896 4
8 1089760051897 2
8 1089760051898 37
8 1089760051899 6
8 1089760051900 3
8 1089760051901 5
8 1089760051902 2
8 1089760051903 1
8 1089760051904 3
8 1089760051905 1
8 1089760051906 4
8 1089760051907 3
8 1089760051908 2
8 1089760051909 4
8 1089760051910 3
8 1089760051911 12
8 1089760051912 9
8 1089760051913 1
8 1089760051914 144
8 1089760051915 3
8 1089760051916 4
8 1089760051917 4
8 1089760051918 25
8 1089760051919 4
8 1089760051920 3
8 1089760051921 1
8 1089760051922 10
8 1089760051923 3
8 1089760051924 3
8 1089760051925 2
8 1089760051926 2
8 1089760051927 2
8 1089760051928 10
8 1089760051930 2
8 1089760051931 1
8 1089760051932 3
8 1089760051934 2
8 1089760051935 4
8 1089760051936 2
8 1089760051938 1
8 1089760051939 3
8 1089760051940 23
8 1089760051941 3
8 1089760051942 4
8 1089760051943 2
8 1089760051944 3
8 1089760051945 5
8 1089760051946 2
8 1089760051947 5
8 1089760051948 4
8 1089760051949 3
8 1089760051950 4
8 1089760051951 2
8 1089760051952 4
8 1089760051953 3
8 1089760051954 13
8 1089760051955 34
8 1089760051956 3
8 1089760051957 1
8 1089760051958 3
8 1089760051959 2
8 1089760051960 3
8 1089760051961 3
8 1089760051962 7
8 1089760051963 5
8 1089760051964 2
8 1089760051965 5
8 1089760051966 4
8 1089760051967 5
8 1089760051968 5
8 1089760051969 6
8 1089760051970 4
8 1089760051971 5
8 1089760051972 2
8 1089760051973 2
8 1089760051974 5
8 1089760051975 1
8 1089760051976 1
8 1089760051977 6
8 1089760051978 1
8 1089760051979 7
8 1089760051980 3
8 1089760051981 4
8 1089760051982 1
8 1089760051983 3
8 1089760051984 1
8 1089760051985 3
8 1089760051986 4
8 1089760051987 3
8 1089760051988 12
8 1089760051989 1
8 1089760051990 2
8 1089760051991 294
8 1089760051992 1
8 1089760051993 3
8 1089760051994 2
8 1089760051995 2
8 1089760051996 2
8 1089760051997 2
8 1089760051998 3
8 1089760051999 4
8 1089760052000 2
8 1089760052001 2
8 1089760052002 6
8 1089760052003 4
8 1089760052004 1
8 1089760052005 2
8 1089760052006 3
8 1089760052007 1
8 1089760052008 3
8 1089760052009 1
8 1089760052010 4
8 1089760052011 4
8 1089760052012 2
8 1089760052013 280
8 1089760052014 1
8 1089760052015 9
8 1089760052016 7
8 1089760052017 5
8 1089760052018 7
8 1089760052019 8
8 1089760052020 4
8 1089760052021 8
8 1089760052022 5
8 1089760052023 2
8 1089760052024 2
8 1089760052025 5
8 1089760052026 1
8 1089760052027 8
8 1089760052028 4
8 1089760052029 4
8 1089760052030 3
8 1089760052032 3
8 1089760052033 4
8 1089760052034 3
8 1089760052035 5
8 1089760052036 4
8 1089760052037 1
8 1089760052038 2
8 1089760052039 5
8 1089760052040 5
8 1089760052041 3
8 1089760052042 4
8 1089760052043 4
8 1089760052044 2
8 1089760052045 2
8 1089760052046 2
8 1089760052047 2
8 1089760052048 4
8 1089760052049 3
8 1089760052050 2
8 1089760052051 23
8 1089760052052 2
8 1089760052053 5
8 1089760052054 2
8 1089760052055 26
8 1089760052056 2
8 1089760052057 3
8 1089760052058 2
8 1089760052059 1
8 1089760052060 3
8 1089760052061 7
8 1089760052062 2
8 1089760052064 2
8 1089760052065 5
8 1089760052066 1
8 1089760052067 5
8 1089760052068 1
8 1089760052069 5
8 1089760052070 2
8 1089760052071 2
8 1089760052072 1
8 1089760052073 3
8 1089760052074 3
8 1089760052076 1
8 1089760052077 1
8 1089760052078 1
8 1089760052079 1
8 1089760052080 1
8 1089760052081 67
8 1089760052082 2
8 1089760052083 2
8 1089760052084 1
8 1089760052085 1
8 1089760052086 2
8 1089760052087 2
8 1089760052088 2
8 1089760052092 1
8 1089760052094 10
8 1089760052095 1
8 1089760052097 2
8 1089760052098 9
8 1089760052099 1
8 1089760052102 1
8 1089760052103 1
8 1089760052105 1
8 1089760052107 1
8 1089760052108 2
8 1089760052109 3
8 1089760052110 1
8 1089760052111 1
8 1089760052112 4
8 1089760052113 2
8 1089760052114 30
8 1089760052116 2
8 1089760052117 1
8 1089760052118 2
8 1089760052119 1
8 1089760052120 2
8 1089760052121 1
8 1089760052123 1
8 1089760052125 1
8 1089760052126 4
8 1089760052128 1
8 1089760052129 1
8 1089760052130 2
8 1089760052133 4
8 1089760052134 2
8 1089760052135 1
8 1089760052136 1
8 1089760052137 1
8 1089760052139 3
8 1089760052141 2
8 1089760052143 9
8 1089760052144 1
8 1089760052148 1
8 1089760052149 1
8 1089760052153 1
8 1089760052154 2
8 1089760052156 2
8 1089760052158 1
8 1089760052160 1
8 1089760052161 2
8 1089760052162 2
8 1089760052163 1
8 1089760052164 2
8 1089760052165 3
8 1089760052166 1
8 1089760052170 5
8 1089760052171 1
8 1089760052172 2
8 1089760052173 1
8 1089760052178 3
8 1089760052179 3
8 1089760052180 1
8 1089760052181 1
8 1089760052182 4
8 1089760052184 2
8 1089760052185 2
8 1089760052186 3
8 1089760052187 2
8 1089760052188 1
8 1089760052189 9
8 1089760052190 2
8 1089760052191 1
8 1089760052193 2
8 1089760052194 1
8 1089760052198 1
8 1089760052199 1
8 1089760052200 2
8 1089760052201 1
8 1089760052202 5
8 1089760052203 2
8 1089760052204 1
8 1089760052205 2
8 1089760052208 1
8 1089760052209 1
8 1089760052210 2
8 1089760052211 1
8 1089760052213 1
8 1089760052214 1
8 1089760052216 1
8 1089760052218 1
8 1089760052219 2
8 1089760052221 1
8 1089760052222 3
8 1089760052812 1
8 1089760053272 1
8 1089760053277 1
8 1089760053321 1
8 1089760053500 1
8 1089760053649 1
9 1089760035596 2
9 1089760036900 2
9 1089760041237 1
9 1089760045167 1
9 1089760051206 4
9 1089760051207 4
9 1089760051236 4
9 1089760051237 4
9 1089760051266 4
9 1089760051267 4
9 1089760051296 4
9 1089760051297 4
9 1089760051326 4
9 1089760051327 4
9 1089760051356 4
9 1089760051357 4
9 1089760051408 4
9 1089760051409 4
9 1089760051416 4
9 1089760051417 4
9 1089760051460 4
9 1089760051461 4
9 1089760051474 4
9 1089760051475 4
9 1089760051482 4
9 1089760051483 4
9 1089760051576 4
9 1089760051577 4
9 1089760051578 4
9 1089760051579 4
9 1089760051620 4
9 1089760051621 4
9 1089760051624 4
9 1089760051625 4
9 1089760051694 4
9 1089760051695 4
9 1089760051704 4
9 1089760051705 4
9 1089760052002 1
9 1089760052003 1
