1 1089760051228 4
1 1089760051229 4
1 1089760051258 4
1 1089760051259 4
1 1089760051288 4
1 1089760051289 4
1 1089760051318 4
1 1089760051319 4
1 1089760051348 4
1 1089760051349 4
1 1089760051378 4
1 1089760051379 4
1 1089760051406 4
1 1089760051407 4
1 1089760051412 4
1 1089760051413 4
1 1089760051468 4
1 1089760051469 4
1 1089760051510 4
1 1089760051511 4
1 1089760051514 4
1 1089760051515 4
1 1089760051528 4
1 1089760051529 4
1 1089760051584 4
1 1089760051585 4
1 1089760051590 4
1 1089760051591 4
1 1089760051622 4
1 1089760051623 4
1 1089760051680 4
1 1089760051681 4
1 1089760051690 4
1 1089760051691 4
1 1089760051696 4
1 1089760051697 4
2 1089760036113 22
2 1089760036341 8
2 1089760042803 11
2 1089760043486 4
2 1089760051212 4
2 1089760051213 4
2 1089760051242 4
2 1089760051243 4
2 1089760051272 4
2 1089760051273 4
2 1089760051302 4
2 1089760051303 4
2 1089760051332 4
2 1089760051333 4
2 1089760051362 4
2 1089760051363 4
2 1089760051390 4
2 1089760051391 4
2 1089760051440 4
2 1089760051441 4
2 1089760051476 4
2 1089760051477 4
2 1089760051518 4
2 1089760051519 4
2 1089760051526 4
2 1089760051527 4
2 1089760051580 4
2 1089760051581 4
2 1089760051642 4
2 1089760051643 4
2 1089760051652 4
2 1089760051653 4
2 1089760051656 4
2 1089760051657 4
2 1089760051712 2
2 1089760051741 1
2 1089760051842 1
2 1089760051851 1
2 1089760051904 1
2 1089760051942 1
2 1089760051969 1
2 1089760052038 1
2 1089760052093 1
2 1089760052113 1
2 1089760052136 1
2 1089760052153 1
2 1089760052160 1
2 1089760052204 1
2 1089760052872 10
2 1089760052986 3
3 1089760035633 18
3 1089760036380 8
3 1089760037869 24
3 1089760041344 9
3 1089760043600 4
3 1089760048084 12
3 1089760051212 4
3 1089760051213 4
3 1089760051242 4
3 1089760051243 4
3 1089760051272 4
3 1089760051273 4
3 1089760051302 4
3 1089760051303 4
3 1089760051332 4
3 1089760051333 4
3 1089760051362 4
3 1089760051363 4
3 1089760051394 4
3 1089760051395 4
3 1089760051414 4
3 1089760051415 4
3 1089760051466 4
3 1089760051467 4
3 1089760051472 4
3 1089760051473 4
3 1089760051524 4
3 1089760051525 4
3 1089760051548 4
3 1089760051549 4
3 1089760051572 4
3 1089760051573 4
3 1089760051580 4
3 1089760051581 4
3 1089760051626 4
3 1089760051627 4
3 1089760051676 4
3 1089760051677 4
3 1089760051700 4
3 1089760051701 4
3 1089760051749 1
3 1089760051818 1
3 1089760051832 1
3 1089760051862 1
3 1089760051874 1
3 1089760051884 2
3 1089760051916 1
3 1089760051936 1
3 1089760051947 1
3 1089760051985 1
3 1089760051989 1
3 1089760051993 1
3 1089760052014 1
3 1089760052016 1
3 1089760052022 1
3 1089760052027 1
3 1089760052048 1
3 1089760052057 1
3 1089760052087 1
3 1089760052105 1
3 1089760052113 1
3 1089760052130 1
3 1089760052184 1
3 1089760052222 1
3 1089760052632 8
3 1089760053006 3
3 1089760053750 11
4 1089760034818 22
4 1089760034819 10
4 1089760035307 8
4 1089760035311 16
4 1089760035536 16
4 1089760035538 32
4 1089760035778 12
4 1089760035782 8
4 1089760035783 18
4 1089760036016 6
4 1089760036027 18
4 1089760036321 26
4 1089760038008 10
4 1089760038009 20
4 1089760038199 18
4 1089760038274 22
4 1089760038437 16
4 1089760038444 6
4 1089760038918 11
4 1089760038921 5
4 1089760040384 4
4 1089760040393 8
4 1089760041061 8
4 1089760041067 16
4 1089760041787 6
4 1089760041797 4
4 1089760041801 9
4 1089760042511 3
4 1089760042544 9
4 1089760043426 13
4 1089760048492 5
4 1089760048496 11
4 1089760049063 9
4 1089760049291 11
4 1089760049779 8
4 1089760049800 3
4 1089760051200 4
4 1089760051201 4
4 1089760051230 4
4 1089760051231 4
4 1089760051260 4
4 1089760051261 4
4 1089760051290 4
4 1089760051291 4
4 1089760051320 4
4 1089760051321 4
4 1089760051350 4
4 1089760051351 4
4 1089760051388 4
4 1089760051389 4
4 1089760051570 4
4 1089760051571 4
4 1089760051598 4
4 1089760051599 4
4 1089760051622 4
4 1089760051623 4
4 1089760051632 4
4 1089760051633 4
4 1089760051652 4
4 1089760051653 4
4 1089760051717 1
4 1089760051722 1
4 1089760051725 1
4 1089760051726 1
4 1089760051727 1
4 1089760051730 1
4 1089760051746 1
4 1089760051755 1
4 1089760051756 1
4 1089760051757 1
4 1089760051762 1
4 1089760051764 1
4 1089760051765 1
4 1089760051772 1
4 1089760051773 1
4 1089760051780 1
4 1089760051788 2
4 1089760051789 1
4 1089760051791 1
4 1089760051794 1
4 1089760051801 1
4 1089760051803 1
4 1089760051805 1
4 1089760051806 1
4 1089760051813 2
4 1089760051814 2
4 1089760051815 1
4 1089760051823 1
4 1089760051824 1
4 1089760051826 1
4 1089760051827 2
4 1089760051830 1
4 1089760051833 1
4 1089760051835 1
4 1089760051844 1
4 1089760051846 1
4 1089760051855 1
4 1089760051861 1
4 1089760051871 2
4 1089760051876 1
4 1089760051878 1
4 1089760051884 1
4 1089760051891 1
4 1089760051899 2
4 1089760051901 1
4 1089760051904 1
4 1089760051916 1
4 1089760051918 1
4 1089760051930 1
4 1089760051937 2
4 1089760051942 1
4 1089760051944 1
4 1089760051948 1
4 1089760051949 1
4 1089760051951 1
4 1089760051959 1
4 1089760051961 1
4 1089760051964 1
4 1089760051965 2
4 1089760051969 2
4 1089760051970 1
4 1089760051975 1
4 1089760051976 1
4 1089760051979 1
4 1089760051981 1
4 1089760051982 1
4 1089760051984 1
4 1089760051987 1
4 1089760051988 1
4 1089760051993 1
4 1089760051998 1
4 1089760052009 1
4 1089760052014 1
4 1089760052018 1
4 1089760052019 1
4 1089760052020 1
4 1089760052021 1
4 1089760052022 1
4 1089760052023 1
4 1089760052026 2
4 1089760052029 1
4 1089760052035 1
4 1089760052041 1
4 1089760052042 1
4 1089760052044 2
4 1089760052052 1
4 1089760052059 1
4 1089760052061 2
4 1089760052063 1
4 1089760052066 2
4 1089760052067 1
4 1089760052073 1
4 1089760052074 1
4 1089760052076 1
4 1089760052078 1
4 1089760052093 1
4 1089760052094 1
4 1089760052097 1
4 1089760052103 1
4 1089760052107 1
4 1089760052109 1
4 1089760052110 1
4 1089760052112 1
4 1089760052113 1
4 1089760052119 1
4 1089760052122 1
4 1089760052123 1
4 1089760052124 1
4 1089760052125 1
4 1089760052126 1
4 1089760052127 1
4 1089760052149 1
4 1089760052150 1
4 1089760052160 1
4 1089760052166 1
4 1089760052170 1
4 1089760052174 1
4 1089760052180 1
4 1089760052181 1
4 1089760052182 1
4 1089760052183 1
4 1089760052187 1
4 1089760052198 1
4 1089760052199 3
4 1089760052208 1
4 1089760052215 1
4 1089760052219 2
4 1089760052225 14
4 1089760052469 3
4 1089760052471 7
4 1089760052584 7
4 1089760052585 15
4 1089760052705 5
4 1089760052707 11
4 1089760052824 2
4 1089760052829 8
4 1089760052976 12
4 1089760053820 13
4 1089760053915 8
4 1089760053953 10
4 1089760054034 7
4 1089760054038 2
5 1089760034995 12
5 1089760034997 10
5 1089760035001 12
5 1089760035002 18
5 1089760035004 10
5 1089760035005 16
5 1089760035007 26
5 1089760035232 12
5 1089760035237 16
5 1089760035238 16
5 1089760035239 14
5 1089760035241 12
5 1089760035243 16
5 1089760035247 14
5 1089760035472 12
5 1089760035473 14
5 1089760035474 12
5 1089760035476 24
5 1089760035487 10
5 1089760035712 20
5 1089760035715 18
5 1089760035718 30
5 1089760035726 24
5 1089760035958 12
5 1089760035960 16
5 1089760035966 16
5 1089760036192 44
5 1089760036198 20
5 1089760036202 16
5 1089760036406 32
5 1089760036411 4
5 1089760036432 16
5 1089760036434 20
5 1089760036438 12
5 1089760036443 10
5 1089760036445 12
5 1089760036446 16
5 1089760036565 24
5 1089760036567 16
5 1089760036570 14
5 1089760036596 14
5 1089760036598 40
5 1089760036604 14
5 1089760036606 8
5 1089760036881 42
5 1089760036883 18
5 1089760036885 28
5 1089760036886 16
5 1089760036888 20
5 1089760036891 14
5 1089760036894 8
5 1089760037250 16
5 1089760037259 12
5 1089760037260 12
5 1089760037261 14
5 1089760037262 10
5 1089760037649 6
5 1089760037652 14
5 1089760037656 20
5 1089760037658 14
5 1089760037659 26
5 1089760037660 38
5 1089760037713 32
5 1089760037716 16
5 1089760037719 30
5 1089760037720 40
5 1089760037724 34
5 1089760037725 8
5 1089760037888 24
5 1089760037889 16
5 1089760037893 26
5 1089760037895 22
5 1089760037897 26
5 1089760037898 12
5 1089760037899 14
5 1089760037901 26
5 1089760037902 6
5 1089760038164 30
5 1089760038167 18
5 1089760038169 22
5 1089760038172 16
5 1089760038257 18
5 1089760038260 36
5 1089760038270 14
5 1089760038802 48
5 1089760038803 26
5 1089760038804 20
5 1089760038805 10
5 1089760038806 16
5 1089760038807 38
5 1089760038808 28
5 1089760038809 36
5 1089760038810 22
5 1089760038811 8
5 1089760038812 28
5 1089760038814 32
5 1089760038815 6
5 1089760039451 6
5 1089760039456 5
5 1089760039471 14
5 1089760039472 2
5 1089760039480 5
5 1089760039483 8
5 1089760039488 5
5 1089760039490 8
5 1089760040160 6
5 1089760040175 8
5 1089760040176 4
5 1089760040177 4
5 1089760040180 7
5 1089760040184 6
5 1089760040190 2
5 1089760040191 6
5 1089760040205 7
5 1089760040869 5
5 1089760040870 1
5 1089760040875 7
5 1089760040878 6
5 1089760040882 12
5 1089760040916 6
5 1089760041584 4
5 1089760041585 6
5 1089760041593 9
5 1089760041602 2
5 1089760041603 7
5 1089760041605 6
5 1089760041626 9
5 1089760041627 4
5 1089760042333 6
5 1089760042336 7
5 1089760042337 2
5 1089760042357 5
5 1089760042358 9
5 1089760043039 8
5 1089760043041 9
5 1089760043042 5
5 1089760043058 10
5 1089760043070 6
5 1089760043072 2
5 1089760043675 10
5 1089760043676 6
5 1089760043691 2
5 1089760043753 6
5 1089760043754 2
5 1089760043760 10
5 1089760043772 6
5 1089760043786 3
5 1089760043787 2
5 1089760043794 6
5 1089760043798 8
5 1089760044154 7
5 1089760044155 1
5 1089760044156 5
5 1089760044161 7
5 1089760044162 1
5 1089760044170 7
5 1089760044250 7
5 1089760044256 10
5 1089760044257 16
5 1089760044258 3
5 1089760044275 7
5 1089760044281 4
5 1089760045109 13
5 1089760045111 8
5 1089760045116 10
5 1089760045124 15
5 1089760045125 5
5 1089760045126 3
5 1089760045133 5
5 1089760045134 5
5 1089760045142 7
5 1089760045149 4
5 1089760046217 8
5 1089760046245 8
5 1089760046248 6
5 1089760046252 8
5 1089760046254 3
5 1089760046255 2
5 1089760047418 1
5 1089760047419 3
5 1089760047427 3
5 1089760047429 4
5 1089760047439 2
5 1089760047440 8
5 1089760047446 8
5 1089760047448 5
5 1089760047449 9
5 1089760047451 4
5 1089760047452 15
5 1089760047610 8
5 1089760047612 8
5 1089760047620 8
5 1089760047621 1
5 1089760047629 4
5 1089760047630 12
5 1089760047634 19
5 1089760047635 1
5 1089760047645 6
5 1089760047647 12
5 1089760047649 4
5 1089760048140 10
5 1089760048141 3
5 1089760048142 1
5 1089760048144 8
5 1089760048154 5
5 1089760048155 8
5 1089760048161 11
5 1089760048162 1
5 1089760048166 14
5 1089760048170 7
5 1089760048174 7
5 1089760048179 5
5 1089760048181 8
5 1089760048183 3
5 1089760048958 14
5 1089760048959 7
5 1089760048966 12
5 1089760048972 7
5 1089760048974 4
5 1089760048983 8
5 1089760049237 3
5 1089760049238 3
5 1089760049239 3
5 1089760049247 9
5 1089760049249 9
5 1089760049278 7
5 1089760050873 10
5 1089760050874 18
5 1089760050875 2
5 1089760050876 12
5 1089760050879 6
5 1089760050880 5
5 1089760050881 1
5 1089760050882 4
5 1089760050885 8
5 1089760050887 11
5 1089760050888 13
5 1089760050889 6
5 1089760050891 5
5 1089760050892 3
5 1089760050893 3
5 1089760050894 10
5 1089760050895 10
5 1089760050898 10
5 1089760050902 5
5 1089760050904 9
5 1089760050909 4
5 1089760050910 14
5 1089760050911 4
5 1089760050912 4
5 1089760051222 4
5 1089760051223 4
5 1089760051252 4
5 1089760051253 4
5 1089760051282 4
5 1089760051283 4
5 1089760051312 4
5 1089760051313 4
5 1089760051342 4
5 1089760051343 4
5 1089760051372 4
5 1089760051373 4
5 1089760051398 4
5 1089760051399 4
5 1089760051402 4
5 1089760051403 4
5 1089760051418 4
5 1089760051419 4
5 1089760051422 4
5 1089760051423 4
5 1089760051458 4
5 1089760051459 4
5 1089760051504 4
5 1089760051505 4
5 1089760051554 4
5 1089760051555 4
5 1089760051562 4
5 1089760051563 4
5 1089760051584 4
5 1089760051585 4
5 1089760051618 4
5 1089760051619 4
5 1089760051630 4
5 1089760051631 4
5 1089760051698 4
5 1089760051699 4
5 1089760051712 2
5 1089760051713 2
5 1089760051714 1
5 1089760051715 2
5 1089760051716 1
5 1089760051717 1
5 1089760051718 3
5 1089760051720 2
5 1089760051722 2
5 1089760051723 4
5 1089760051724 3
5 1089760051725 2
5 1089760051726 2
5 1089760051728 2
5 1089760051729 1
5 1089760051730 1
5 1089760051731 4
5 1089760051732 2
5 1089760051734 1
5 1089760051735 2
5 1089760051736 1
5 1089760051737 1
5 1089760051738 2
5 1089760051739 2
5 1089760051740 4
5 1089760051741 2
5 1089760051742 1
5 1089760051745 1
5 1089760051746 4
5 1089760051747 1
5 1089760051748 2
5 1089760051749 1
5 1089760051750 2
5 1089760051751 1
5 1089760051752 4
5 1089760051753 1
5 1089760051754 1
5 1089760051755 4
5 1089760051756 5
5 1089760051757 2
5 1089760051758 2
5 1089760051759 2
5 1089760051760 1
5 1089760051761 3
5 1089760051762 1
5 1089760051763 1
5 1089760051765 6
5 1089760051766 1
5 1089760051767 2
5 1089760051768 2
5 1089760051770 3
5 1089760051771 2
5 1089760051772 4
5 1089760051773 1
5 1089760051774 6
5 1089760051775 4
5 1089760051776 3
5 1089760051777 4
5 1089760051779 3
5 1089760051780 1
5 1089760051781 3
5 1089760051782 4
5 1089760051783 2
5 1089760051785 1
5 1089760051787 3
5 1089760051788 3
5 1089760051789 2
5 1089760051790 4
5 1089760051791 1
5 1089760051792 1
5 1089760051793 1
5 1089760051794 1
5 1089760051795 1
5 1089760051796 2
5 1089760051797 2
5 1089760051798 1
5 1089760051799 6
5 1089760051801 3
5 1089760051802 4
5 1089760051803 2
5 1089760051804 2
5 1089760051805 2
5 1089760051806 1
5 1089760051807 3
5 1089760051808 4
5 1089760051810 3
5 1089760051811 2
5 1089760051812 1
5 1089760051813 3
5 1089760051814 3
5 1089760051815 2
5 1089760051816 1
5 1089760051819 2
5 1089760051820 2
5 1089760051821 4
5 1089760051822 2
5 1089760051824 3
5 1089760051825 2
5 1089760051827 1
5 1089760051828 1
5 1089760051830 1
5 1089760051831 4
5 1089760051832 6
5 1089760051833 1
5 1089760051834 3
5 1089760051835 1
5 1089760051836 4
5 1089760051837 2
5 1089760051838 2
5 1089760051839 2
5 1089760051841 1
5 1089760051843 2
5 1089760051844 3
5 1089760051846 3
5 1089760051847 1
5 1089760051848 3
5 1089760051850 1
5 1089760051851 3
5 1089760051852 3
5 1089760051853 3
5 1089760051854 1
5 1089760051855 1
5 1089760051856 4
5 1089760051857 4
5 1089760051858 3
5 1089760051859 1
5 1089760051860 1
5 1089760051861 3
5 1089760051862 7
5 1089760051863 3
5 1089760051864 1
5 1089760051866 1
5 1089760051867 3
5 1089760051869 1
5 1089760051870 4
5 1089760051871 1
5 1089760051872 2
5 1089760051873 2
5 1089760051874 3
5 1089760051876 3
5 1089760051877 2
5 1089760051878 6
5 1089760051879 1
5 1089760051880 1
5 1089760051881 1
5 1089760051882 1
5 1089760051885 2
5 1089760051886 1
5 1089760051887 4
5 1089760051888 1
5 1089760051889 1
5 1089760051890 3
5 1089760051891 3
5 1089760051892 2
5 1089760051893 3
5 1089760051894 1
5 1089760051895 1
5 1089760051896 3
5 1089760051897 1
5 1089760051898 1
5 1089760051899 4
5 1089760051900 4
5 1089760051901 3
5 1089760051903 2
5 1089760051904 5
5 1089760051905 1
5 1089760051906 1
5 1089760051907 3
5 1089760051908 2
5 1089760051909 2
5 1089760051910 2
5 1089760051911 2
5 1089760051912 2
5 1089760051913 4
5 1089760051914 1
5 1089760051915 4
5 1089760051916 3
5 1089760051918 1
5 1089760051919 2
5 1089760051920 5
5 1089760051921 1
5 1089760051923 5
5 1089760051924 4
5 1089760051925 1
5 1089760051926 3
5 1089760051927 3
5 1089760051928 2
5 1089760051930 3
5 1089760051931 8
5 1089760051932 2
5 1089760051933 2
5 1089760051934 3
5 1089760051935 4
5 1089760051936 2
5 1089760051937 4
5 1089760051938 2
5 1089760051939 3
5 1089760051941 3
5 1089760051942 2
5 1089760051943 4
5 1089760051944 3
5 1089760051945 3
5 1089760051946 5
5 1089760051947 1
5 1089760051948 3
5 1089760051949 2
5 1089760051951 3
5 1089760051952 4
5 1089760051953 1
5 1089760051954 2
5 1089760051955 1
5 1089760051956 2
5 1089760051957 3
5 1089760051959 4
5 1089760051960 2
5 1089760051962 6
5 1089760051963 1
5 1089760051964 1
5 1089760051966 2
5 1089760051967 2
5 1089760051968 2
5 1089760051969 1
5 1089760051970 4
5 1089760051971 1
5 1089760051972 4
5 1089760051973 2
5 1089760051975 3
5 1089760051976 2
5 1089760051977 2
5 1089760051978 2
5 1089760051979 1
5 1089760051981 1
5 1089760051982 3
5 1089760051983 1
5 1089760051984 2
5 1089760051985 2
5 1089760051986 1
5 1089760051987 3
5 1089760051988 1
5 1089760051989 4
5 1089760051990 1
5 1089760051991 2
5 1089760051992 1
5 1089760051993 3
5 1089760051994 3
5 1089760051995 2
5 1089760051996 1
5 1089760051997 2
5 1089760051998 2
5 1089760051999 3
5 1089760052000 4
5 1089760052001 3
5 1089760052002 1
5 1089760052004 1
5 1089760052005 1
5 1089760052006 1
5 1089760052008 1
5 1089760052009 2
5 1089760052010 4
5 1089760052011 3
5 1089760052012 1
5 1089760052013 1
5 1089760052014 2
5 1089760052015 3
5 1089760052016 1
5 1089760052017 2
5 1089760052018 1
5 1089760052019 1
5 1089760052022 2
5 1089760052023 2
5 1089760052024 1
5 1089760052025 3
5 1089760052026 4
5 1089760052027 2
5 1089760052028 1
5 1089760052030 1
5 1089760052031 6
5 1089760052032 4
5 1089760052033 4
5 1089760052034 3
5 1089760052035 2
5 1089760052036 3
5 1089760052038 3
5 1089760052039 2
5 1089760052041 1
5 1089760052043 1
5 1089760052044 1
5 1089760052045 1
5 1089760052049 2
5 1089760052051 2
5 1089760052052 2
5 1089760052053 1
5 1089760052055 2
5 1089760052056 2
5 1089760052057 1
5 1089760052058 2
5 1089760052059 1
5 1089760052060 2
5 1089760052061 1
5 1089760052062 1
5 1089760052063 2
5 1089760052064 3
5 1089760052065 2
5 1089760052066 2
5 1089760052067 4
5 1089760052068 1
5 1089760052069 2
5 1089760052071 2
5 1089760052073 2
5 1089760052074 1
5 1089760052075 2
5 1089760052076 3
5 1089760052077 1
5 1089760052078 5
5 1089760052079 1
5 1089760052080 3
5 1089760052082 2
5 1089760052083 1
5 1089760052084 5
5 1089760052085 4
5 1089760052086 5
5 1089760052087 3
5 1089760052088 2
5 1089760052089 1
5 1089760052090 1
5 1089760052091 1
5 1089760052092 2
5 1089760052093 1
5 1089760052094 2
5 1089760052095 3
5 1089760052096 2
5 1089760052097 3
5 1089760052098 2
5 1089760052099 1
5 1089760052100 1
5 1089760052104 4
5 1089760052105 2
5 1089760052106 4
5 1089760052107 3
5 1089760052108 3
5 1089760052109 2
5 1089760052110 2
5 1089760052111 1
5 1089760052112 1
5 1089760052113 1
5 1089760052114 2
5 1089760052115 3
5 1089760052116 1
5 1089760052117 5
5 1089760052118 1
5 1089760052119 2
5 1089760052120 3
5 1089760052121 2
5 1089760052122 1
5 1089760052124 3
5 1089760052125 4
5 1089760052126 2
5 1089760052127 2
5 1089760052128 6
5 1089760052129 1
5 1089760052130 2
5 1089760052132 2
5 1089760052133 2
5 1089760052134 5
5 1089760052135 2
5 1089760052136 5
5 1089760052137 3
5 1089760052138 7
5 1089760052139 1
5 1089760052140 5
5 1089760052145 1
5 1089760052147 1
5 1089760052148 4
5 1089760052149 1
5 1089760052150 2
5 1089760052151 1
5 1089760052152 5
5 1089760052153 4
5 1089760052154 3
5 1089760052155 3
5 1089760052156 2
5 1089760052157 2
5 1089760052158 1
5 1089760052159 2
5 1089760052160 2
5 1089760052161 1
5 1089760052162 3
5 1089760052163 2
5 1089760052164 1
5 1089760052165 4
5 1089760052166 1
5 1089760052167 2
5 1089760052168 1
5 1089760052169 1
5 1089760052170 1
5 1089760052173 3
5 1089760052174 3
5 1089760052175 2
5 1089760052176 3
5 1089760052178 2
5 1089760052179 3
5 1089760052180 1
5 1089760052181 6
5 1089760052182 2
5 1089760052183 1
5 1089760052184 2
5 1089760052185 5
5 1089760052187 2
5 1089760052188 1
5 1089760052189 2
5 1089760052190 1
5 1089760052191 3
5 1089760052192 3
5 1089760052193 1
5 1089760052194 3
5 1089760052195 1
5 1089760052196 1
5 1089760052197 4
5 1089760052198 1
5 1089760052199 3
5 1089760052200 1
5 1089760052201 3
5 1089760052202 2
5 1089760052205 1
5 1089760052206 2
5 1089760052207 2
5 1089760052209 1
5 1089760052210 1
5 1089760052212 1
5 1089760052213 4
5 1089760052214 3
5 1089760052215 1
5 1089760052216 1
5 1089760052217 2
5 1089760052218 1
5 1089760052219 4
5 1089760052220 1
5 1089760052221 1
5 1089760052223 2
5 1089760052313 5
5 1089760052314 4
5 1089760052316 5
5 1089760052317 8
5 1089760052318 11
5 1089760052319 11
5 1089760052432 5
5 1089760052434 7
5 1089760052435 12
5 1089760052436 5
5 1089760052437 7
5 1089760052439 6
5 1089760052552 11
5 1089760052553 5
5 1089760052554 11
5 1089760052559 4
5 1089760052672 9
5 1089760052673 8
5 1089760052675 13
5 1089760052679 10
5 1089760052795 5
5 1089760052796 7
5 1089760052799 7
5 1089760052912 16
5 1089760052915 9
5 1089760052917 6
5 1089760053019 12
5 1089760053021 1
5 1089760053032 7
5 1089760053033 9
5 1089760053035 5
5 1089760053037 4
5 1089760053038 5
5 1089760053039 7
5 1089760053098 10
5 1089760053099 7
5 1089760053101 6
5 1089760053114 6
5 1089760053115 11
5 1089760053118 6
5 1089760053119 3
5 1089760053256 19
5 1089760053257 8
5 1089760053258 13
5 1089760053259 7
5 1089760053260 5
5 1089760053261 6
5 1089760053263 3
5 1089760053441 7
5 1089760053445 5
5 1089760053446 11
5 1089760053447 4
5 1089760053640 2
5 1089760053642 5
5 1089760053644 8
5 1089760053645 13
5 1089760053646 18
5 1089760053672 14
5 1089760053674 7
5 1089760053675 10
5 1089760053676 11
5 1089760053678 18
5 1089760053760 17
5 1089760053762 11
5 1089760053763 10
5 1089760053764 12
5 1089760053765 11
5 1089760053766 11
5 1089760053767 2
5 1089760053898 7
5 1089760053899 8
5 1089760053900 9
5 1089760053902 7
5 1089760053944 7
5 1089760053946 16
5 1089760053951 6
5 1089760054217 20
5 1089760054218 12
5 1089760054219 23
5 1089760054220 20
5 1089760054221 12
5 1089760054222 12
5 1089760054223 12
6 1089760034848 381
6 1089760034849 18
6 1089760034850 19
6 1089760034851 16
6 1089760034852 64
6 1089760034853 57
6 1089760034854 44
6 1089760034855 20
6 1089760034856 48
6 1089760034857 294
6 1089760034858 145
6 1089760034859 36
6 1089760034860 24
6 1089760034861 95
6 1089760034862 46
6 1089760034863 52
6 1089760035089 22
6 1089760035090 175
6 1089760035091 288
6 1089760035092 30
6 1089760035093 240
6 1089760035094 40
6 1089760035095 534
6 1089760035096 18
6 1089760035098 160
6 1089760035099 205
6 1089760035100 12
6 1089760035101 50
6 1089760035102 10
6 1089760035103 24
6 1089760035328 79
6 1089760035329 126
6 1089760035330 38
6 1089760035331 52
6 1089760035332 324
6 1089760035333 30
6 1089760035334 235
6 1089760035335 12
6 1089760035336 224
6 1089760035337 35
6 1089760035338 32
6 1089760035339 8
6 1089760035340 294
6 1089760035341 20
6 1089760035342 22
6 1089760035343 60
6 1089760035568 36
6 1089760035569 343
6 1089760035570 16
6 1089760035571 8
6 1089760035572 198
6 1089760035573 23
6 1089760035574 201
6 1089760035575 52
6 1089760035576 67
6 1089760035577 66
6 1089760035578 38
6 1089760035579 222
6 1089760035580 191
6 1089760035581 113
6 1089760035582 44
6 1089760035583 127
6 1089760035808 42
6 1089760035809 44
6 1089760035810 38
6 1089760035811 16
6 1089760035812 48
6 1089760035813 10
6 1089760035814 34
6 1089760035815 321
6 1089760035816 14
6 1089760035817 506
6 1089760035818 12
6 1089760035819 36
6 1089760035820 25
6 1089760035821 158
6 1089760035822 48
6 1089760035823 60
6 1089760036048 26
6 1089760036049 248
6 1089760036050 329
6 1089760036051 289
6 1089760036053 32
6 1089760036054 65
6 1089760036055 292
6 1089760036056 43
6 1089760036057 64
6 1089760036058 40
6 1089760036059 34
6 1089760036060 34
6 1089760036061 22
6 1089760036062 186
6 1089760036063 39
6 1089760036256 12
6 1089760036257 44
6 1089760036258 70
6 1089760036259 38
6 1089760036260 32
6 1089760036261 24
6 1089760036262 302
6 1089760036263 32
6 1089760036264 38
6 1089760036265 41
6 1089760036266 30
6 1089760036267 36
6 1089760036268 28
6 1089760036269 26
6 1089760036270 22
6 1089760036271 56
6 1089760036368 207
6 1089760036369 16
6 1089760036370 34
6 1089760036371 52
6 1089760036372 24
6 1089760036373 48
6 1089760036374 256
6 1089760036375 34
6 1089760036376 6
6 1089760036377 36
6 1089760036378 93
6 1089760036379 20
6 1089760036380 42
6 1089760036381 38
6 1089760036382 30
6 1089760036383 20
6 1089760036448 10
6 1089760036449 736
6 1089760036450 203
6 1089760036451 42
6 1089760036452 31
6 1089760036453 30
6 1089760036454 294
6 1089760036455 46
6 1089760036456 20
6 1089760036457 32
6 1089760036458 10
6 1089760036459 46
6 1089760036460 6
6 1089760036461 26
6 1089760036462 90
6 1089760036463 20
6 1089760036752 70
6 1089760036753 306
6 1089760036754 42
6 1089760036755 10
6 1089760036756 16
6 1089760036757 30
6 1089760036758 127
6 1089760036759 32
6 1089760036760 39
6 1089760036761 30
6 1089760036762 107
6 1089760036763 12
6 1089760036764 26
6 1089760036765 30
6 1089760036766 36
6 1089760036767 60
6 1089760037440 26
6 1089760037441 36
6 1089760037442 6
6 1089760037443 30
6 1089760037444 28
6 1089760037445 22
6 1089760037446 20
6 1089760037447 18
6 1089760037448 38
6 1089760037449 30
6 1089760037450 75
6 1089760037451 60
6 1089760037452 58
6 1089760037453 48
6 1089760037454 30
6 1089760037455 207
6 1089760037616 109
6 1089760037617 60
6 1089760037618 40
6 1089760037619 52
6 1089760037620 46
6 1089760037621 26
6 1089760037622 50
6 1089760037623 16
6 1089760037624 433
6 1089760037625 71
6 1089760037626 459
6 1089760037627 67
6 1089760037628 12
6 1089760037629 299
6 1089760037630 34
6 1089760037631 30
6 1089760037696 58
6 1089760037697 158
6 1089760037698 943
6 1089760037699 242
6 1089760037700 64
6 1089760037701 86
6 1089760037702 65
6 1089760037703 66
6 1089760037704 62
6 1089760037705 76
6 1089760037706 60
6 1089760037707 232
6 1089760037708 87
6 1089760037709 48
6 1089760037710 208
6 1089760037711 62
6 1089760037856 113
6 1089760037857 56
6 1089760037858 208
6 1089760037859 63
6 1089760037860 81
6 1089760037861 365
6 1089760037862 57
6 1089760037863 1170
6 1089760037864 204
6 1089760037865 52
6 1089760037866 59
6 1089760037867 94
6 1089760037868 535
6 1089760037869 207
6 1089760037870 701
6 1089760037871 159
6 1089760038128 220
6 1089760038129 221
6 1089760038130 213
6 1089760038131 207
6 1089760038132 72
6 1089760038133 57
6 1089760038134 79
6 1089760038135 50
6 1089760038136 129
6 1089760038137 512
6 1089760038138 77
6 1089760038139 79
6 1089760038140 46
6 1089760038141 233
6 1089760038142 250
6 1089760038143 67
6 1089760038784 52
6 1089760038785 52
6 1089760038786 114
6 1089760038787 32
6 1089760038788 36
6 1089760038789 54
6 1089760038790 85
6 1089760038791 46
6 1089760038792 44
6 1089760038793 317
6 1089760038794 165
6 1089760038795 46
6 1089760038796 267
6 1089760038797 147
6 1089760038798 42
6 1089760038799 278
6 1089760038800 171
6 1089760038801 48
6 1089760038802 44
6 1089760038803 58
6 1089760038804 46
6 1089760038805 42
6 1089760038806 51
6 1089760038807 74
6 1089760038808 64
6 1089760038809 36
6 1089760038810 62
6 1089760038811 93
6 1089760038812 42
6 1089760038813 264
6 1089760038814 282
6 1089760038815 30
6 1089760038848 60
6 1089760038849 50
6 1089760038850 36
6 1089760038851 325
6 1089760038852 75
6 1089760038853 146
6 1089760038854 101
6 1089760038855 53
6 1089760038856 42
6 1089760038857 142
6 1089760038858 50
6 1089760038859 52
6 1089760038860 44
6 1089760038861 52
6 1089760038862 58
6 1089760038863 58
6 1089760039005 191
6 1089760039006 18
6 1089760039007 9
6 1089760039008 9
6 1089760039009 3
6 1089760039010 10
6 1089760039012 1
6 1089760039013 28
6 1089760039014 4
6 1089760039016 1
6 1089760039017 169
6 1089760039018 5
6 1089760039019 12
6 1089760039020 6
6 1089760039021 6
6 1089760039022 170
6 1089760039023 17
6 1089760039025 158
6 1089760039028 11
6 1089760039029 41
6 1089760039030 7
6 1089760039032 9
6 1089760039033 13
6 1089760039034 337
6 1089760039035 99
6 1089760039036 30
6 1089760039037 11
6 1089760039038 4
6 1089760039039 38
6 1089760039040 427
6 1089760039041 36
6 1089760039043 3
6 1089760039044 14
6 1089760039045 16
6 1089760039046 250
6 1089760039048 24
6 1089760039049 6
6 1089760039050 6
6 1089760039051 9
6 1089760039052 19
6 1089760039732 6
6 1089760039734 6
6 1089760039735 33
6 1089760039736 16
6 1089760039737 19
6 1089760039738 124
6 1089760039739 12
6 1089760039740 2
6 1089760039742 116
6 1089760039744 646
6 1089760039745 42
6 1089760039746 221
6 1089760039748 355
6 1089760039749 44
6 1089760039750 7
6 1089760039752 15
6 1089760039753 7
6 1089760039760 7
6 1089760039761 106
6 1089760039762 3
6 1089760039763 21
6 1089760039765 3
6 1089760039766 5
6 1089760039767 916
6 1089760039768 15
6 1089760039769 544
6 1089760039770 12
6 1089760039775 18
6 1089760040442 33
6 1089760040443 242
6 1089760040444 2
6 1089760040446 25
6 1089760040448 10
6 1089760040449 140
6 1089760040450 8
6 1089760040451 1
6 1089760040452 64
6 1089760040453 197
6 1089760040454 6
6 1089760040456 149
6 1089760040457 14
6 1089760040458 243
6 1089760040459 3
6 1089760040460 61
6 1089760040461 243
6 1089760040462 3
6 1089760040465 35
6 1089760040466 7
6 1089760040467 1
6 1089760040468 7
6 1089760040469 3
6 1089760040470 150
6 1089760040471 180
6 1089760040472 4
6 1089760040473 7
6 1089760040474 13
6 1089760040477 16
6 1089760040478 32
6 1089760040479 1
6 1089760040480 26
6 1089760040481 40
6 1089760040482 19
6 1089760040483 69
6 1089760040485 4
6 1089760040486 12
6 1089760040487 9
6 1089760040488 10
6 1089760040489 5
6 1089760041153 6
6 1089760041154 10
6 1089760041156 5
6 1089760041157 41
6 1089760041158 5
6 1089760041161 8
6 1089760041164 4
6 1089760041165 5
6 1089760041166 10
6 1089760041167 124
6 1089760041168 6
6 1089760041171 13
6 1089760041172 19
6 1089760041173 3
6 1089760041174 57
6 1089760041175 25
6 1089760041176 10
6 1089760041177 5
6 1089760041179 11
6 1089760041181 28
6 1089760041182 8
6 1089760041183 17
6 1089760041184 4
6 1089760041185 24
6 1089760041186 178
6 1089760041187 13
6 1089760041188 22
6 1089760041189 4
6 1089760041190 5
6 1089760041191 8
6 1089760041192 7
6 1089760041193 388
6 1089760041194 8
6 1089760041197 375
6 1089760041198 86
6 1089760041199 3
6 1089760041875 14
6 1089760041877 22
6 1089760041879 9
6 1089760041880 378
6 1089760041881 10
6 1089760041882 4
6 1089760041883 11
6 1089760041884 8
6 1089760041887 12
6 1089760041888 26
6 1089760041889 5
6 1089760041890 11
6 1089760041892 5
6 1089760041894 94
6 1089760041895 8
6 1089760041897 6
6 1089760041898 15
6 1089760041899 8
6 1089760041900 7
6 1089760041901 151
6 1089760041902 17
6 1089760041906 196
6 1089760041907 13
6 1089760041908 12
6 1089760041911 55
6 1089760041912 3
6 1089760041913 237
6 1089760041915 4
6 1089760041916 114
6 1089760041917 8
6 1089760041918 5
6 1089760041919 12
6 1089760041921 14
6 1089760041922 18
6 1089760041923 13
6 1089760041924 159
6 1089760041925 24
6 1089760041926 219
6 1089760042609 66
6 1089760042611 26
6 1089760042612 81
6 1089760042613 21
6 1089760042615 12
6 1089760042616 97
6 1089760042617 16
6 1089760042619 104
6 1089760042623 139
6 1089760042625 14
6 1089760042626 6
6 1089760042627 9
6 1089760042628 22
6 1089760042629 11
6 1089760042631 19
6 1089760042632 8
6 1089760042633 58
6 1089760042634 25
6 1089760042635 7
6 1089760042636 64
6 1089760042637 10
6 1089760042638 18
6 1089760042639 17
6 1089760042640 75
6 1089760042641 38
6 1089760042642 105
6 1089760042644 7
6 1089760042645 17
6 1089760042646 1
6 1089760042647 6
6 1089760042649 12
6 1089760042651 20
6 1089760042652 447
6 1089760042653 27
6 1089760042654 13
6 1089760042656 14
6 1089760043233 8
6 1089760043234 6
6 1089760043235 14
6 1089760043236 21
6 1089760043237 11
6 1089760043238 27
6 1089760043239 5
6 1089760043240 17
6 1089760043241 13
6 1089760043242 8
6 1089760043243 12
6 1089760043244 3
6 1089760043245 4
6 1089760043247 19
6 1089760043248 5
6 1089760043249 7
6 1089760043250 10
6 1089760043252 9
6 1089760043253 96
6 1089760043254 6
6 1089760043255 12
6 1089760043257 9
6 1089760043258 3
6 1089760043259 15
6 1089760043260 14
6 1089760043261 11
6 1089760043262 6
6 1089760043263 3
6 1089760043264 18
6 1089760043265 5
6 1089760043266 4
6 1089760043267 6
6 1089760043268 7
6 1089760043269 14
6 1089760043270 3
6 1089760043271 4
6 1089760043273 3
6 1089760043274 11
6 1089760043275 11
6 1089760043276 7
6 1089760043277 21
6 1089760043278 4
6 1089760043564 3
6 1089760043565 37
6 1089760043566 13
6 1089760043567 7
6 1089760043568 6
6 1089760043571 15
6 1089760043572 13
6 1089760043573 9
6 1089760043574 11
6 1089760043575 10
6 1089760043576 6
6 1089760043578 6
6 1089760043579 10
6 1089760043580 9
6 1089760043582 8
6 1089760043583 11
6 1089760043584 51
6 1089760043585 6
6 1089760043586 12
6 1089760043588 3
6 1089760043590 12
6 1089760043591 8
6 1089760043592 10
6 1089760043593 22
6 1089760043594 16
6 1089760043595 12
6 1089760043596 7
6 1089760043597 9
6 1089760043599 53
6 1089760043600 4
6 1089760043601 7
6 1089760043602 10
6 1089760043603 4
6 1089760043604 15
6 1089760043605 17
6 1089760043607 7
6 1089760043608 1642
6 1089760043802 6
6 1089760043805 9
6 1089760043806 7
6 1089760043807 14
6 1089760043808 2
6 1089760043809 19
6 1089760043810 9
6 1089760043811 3
6 1089760043812 17
6 1089760043814 13
6 1089760043815 7
6 1089760043817 14
6 1089760043818 5
6 1089760043819 9
6 1089760043820 8
6 1089760043821 11
6 1089760043822 19
6 1089760043823 8
6 1089760043824 6
6 1089760043825 5
6 1089760043826 9
6 1089760043827 2
6 1089760043828 20
6 1089760043829 3
6 1089760043830 1
6 1089760043833 5
6 1089760043834 5
6 1089760043835 10
6 1089760043836 11
6 1089760043837 6
6 1089760043839 3
6 1089760043840 12
6 1089760043842 5
6 1089760043844 11
6 1089760043845 18
6 1089760043846 6
6 1089760043848 5
6 1089760044721 12
6 1089760044723 8
6 1089760044724 129
6 1089760044725 7
6 1089760044726 21
6 1089760044727 39
6 1089760044728 12
6 1089760044729 8
6 1089760044730 6
6 1089760044733 8
6 1089760044734 10
6 1089760044736 2
6 1089760044737 13
6 1089760044738 8
6 1089760044740 16
6 1089760044742 19
6 1089760044743 8
6 1089760044745 15
6 1089760044747 4
6 1089760044748 10
6 1089760044749 6
6 1089760044750 7
6 1089760044751 6
6 1089760044752 17
6 1089760044753 2
6 1089760044754 8
6 1089760044755 61
6 1089760044757 7
6 1089760044759 13
6 1089760044763 20
6 1089760044764 9
6 1089760044765 4
6 1089760044766 11
6 1089760044767 12
6 1089760044768 9
6 1089760044769 18
6 1089760046791 7
6 1089760046793 7
6 1089760046794 14
6 1089760046795 13
6 1089760046796 4
6 1089760046797 3
6 1089760046799 1
6 1089760046800 3
6 1089760046801 14
6 1089760046804 12
6 1089760046805 17
6 1089760046807 3
6 1089760046808 14
6 1089760046809 5
6 1089760046810 10
6 1089760046811 6
6 1089760046813 9
6 1089760046814 7
6 1089760046815 16
6 1089760046816 1
6 1089760046817 11
6 1089760046818 6
6 1089760046819 8
6 1089760046820 12
6 1089760046821 9
6 1089760046822 8
6 1089760046823 11
6 1089760046824 18
6 1089760046825 14
6 1089760046826 11
6 1089760046827 10
6 1089760046828 25
6 1089760046829 12
6 1089760046830 16
6 1089760046831 121
6 1089760046833 3
6 1089760046834 14
6 1089760046835 11
6 1089760046836 18
6 1089760046837 80
6 1089760046838 13
6 1089760047321 129
6 1089760047322 183
6 1089760047323 11
6 1089760047324 13
6 1089760047325 11
6 1089760047326 13
6 1089760047327 5
6 1089760047328 8
6 1089760047329 14
6 1089760047330 29
6 1089760047331 62
6 1089760047332 7
6 1089760047333 22
6 1089760047334 4
6 1089760047335 6
6 1089760047337 21
6 1089760047338 25
6 1089760047343 16
6 1089760047344 32
6 1089760047345 20
6 1089760047346 12
6 1089760047347 11
6 1089760047348 145
6 1089760047349 12
6 1089760047350 3
6 1089760047351 5
6 1089760047352 141
6 1089760047353 2
6 1089760047354 9
6 1089760047355 12
6 1089760047356 7
6 1089760047357 6
6 1089760047359 3
6 1089760047360 111
6 1089760047361 19
6 1089760047363 13
6 1089760047364 11
6 1089760047365 5
6 1089760047366 4
6 1089760047367 7
6 1089760047558 12
6 1089760047559 24
6 1089760047560 21
6 1089760047561 180
6 1089760047562 211
6 1089760047563 24
6 1089760047564 43
6 1089760047565 437
6 1089760047566 28
6 1089760047567 34
6 1089760047568 99
6 1089760047569 10
6 1089760047570 12
6 1089760047571 39
6 1089760047572 27
6 1089760047573 122
6 1089760047574 25
6 1089760047575 159
6 1089760047576 27
6 1089760047577 21
6 1089760047578 10
6 1089760047579 248
6 1089760047580 23
6 1089760047581 21
6 1089760047582 17
6 1089760047583 96
6 1089760047584 26
6 1089760047585 29
6 1089760047586 27
6 1089760047587 24
6 1089760047588 26
6 1089760047589 18
6 1089760047590 20
6 1089760047591 268
6 1089760047592 29
6 1089760047593 226
6 1089760047594 17
6 1089760047595 24
6 1089760047596 22
6 1089760047597 16
6 1089760047598 177
6 1089760047599 12
6 1089760047600 134
6 1089760047601 24
6 1089760047602 123
6 1089760047603 141
6 1089760047604 36
6 1089760047605 49
6 1089760047606 21
6 1089760047607 35
6 1089760048041 11
6 1089760048042 23
6 1089760048043 119
6 1089760048044 20
6 1089760048045 19
6 1089760048046 185
6 1089760048047 55
6 1089760048048 21
6 1089760048049 20
6 1089760048050 11
6 1089760048051 14
6 1089760048052 23
6 1089760048053 38
6 1089760048054 241
6 1089760048055 27
6 1089760048056 10
6 1089760048057 21
6 1089760048058 20
6 1089760048059 26
6 1089760048060 24
6 1089760048061 15
6 1089760048062 25
6 1089760048063 16
6 1089760048064 359
6 1089760048065 229
6 1089760048066 14
6 1089760048067 42
6 1089760048068 18
6 1089760048069 28
6 1089760048070 16
6 1089760048071 16
6 1089760048072 146
6 1089760048073 25
6 1089760048074 255
6 1089760048075 28
6 1089760048076 24
6 1089760048077 27
6 1089760048078 23
6 1089760048079 141
6 1089760048080 68
6 1089760048081 14
6 1089760048082 16
6 1089760048083 22
6 1089760048084 7
6 1089760048085 21
6 1089760048086 12
6 1089760048087 18
6 1089760048088 17
6 1089760048089 19
6 1089760048090 17
6 1089760048091 1
6 1089760048848 107
6 1089760048849 20
6 1089760048850 108
6 1089760048851 46
6 1089760048852 23
6 1089760048853 15
6 1089760048854 32
6 1089760048855 258
6 1089760048856 115
6 1089760048857 123
6 1089760048858 222
6 1089760048859 21
6 1089760048860 87
6 1089760048861 342
6 1089760048862 24
6 1089760048863 20
6 1089760048864 3
6 1089760048865 125
6 1089760048866 12
6 1089760048867 16
6 1089760048868 14
6 1089760048869 17
6 1089760048870 13
6 1089760048871 19
6 1089760048872 25
6 1089760048873 21
6 1089760048874 521
6 1089760048875 25
6 1089760048876 49
6 1089760048877 482
6 1089760048878 23
6 1089760048879 30
6 1089760048880 17
6 1089760048881 15
6 1089760048882 357
6 1089760048883 4
6 1089760048884 15
6 1089760048885 27
6 1089760048886 15
6 1089760048887 18
6 1089760048888 22
6 1089760048889 28
6 1089760048890 123
6 1089760048891 27
6 1089760048892 14
6 1089760048893 26
6 1089760048894 23
6 1089760048895 6
6 1089760050819 188
6 1089760050820 10
6 1089760050821 178
6 1089760050822 19
6 1089760050823 11
6 1089760050824 7
6 1089760050825 19
6 1089760050826 117
6 1089760050827 26
6 1089760050828 6
6 1089760050829 184
6 1089760050830 11
6 1089760050831 11
6 1089760050832 14
6 1089760050833 12
6 1089760050834 9
6 1089760050835 131
6 1089760050836 15
6 1089760050837 225
6 1089760050838 273
6 1089760050839 18
6 1089760050840 8
6 1089760050841 43
6 1089760050842 6
6 1089760050843 12
6 1089760050844 20
6 1089760050845 380
6 1089760050846 15
6 1089760050847 18
6 1089760050848 18
6 1089760050849 21
6 1089760050850 9
6 1089760050851 23
6 1089760050852 16
6 1089760050853 18
6 1089760050854 15
6 1089760050855 41
6 1089760050856 5
6 1089760050857 16
6 1089760050858 18
6 1089760050859 7
6 1089760050860 3
6 1089760050861 270
6 1089760050862 19
6 1089760050863 11
6 1089760050864 28
6 1089760050865 32
6 1089760050866 8
6 1089760050867 43
6 1089760050868 32
6 1089760050869 17
6 1089760050870 153
6 1089760050871 15
6 1089760050872 17
6 1089760050873 7
6 1089760050874 14
6 1089760050875 25
6 1089760050876 375
6 1089760050877 55
6 1089760050878 16
6 1089760050879 50
6 1089760050880 16
6 1089760050881 18
6 1089760050882 109
6 1089760050883 11
6 1089760050884 125
6 1089760050885 9
6 1089760050886 25
6 1089760050887 14
6 1089760050888 17
6 1089760050889 20
6 1089760050890 13
6 1089760050891 22
6 1089760050892 84
6 1089760050893 21
6 1089760050894 6
6 1089760050895 26
6 1089760050896 35
6 1089760050897 27
6 1089760050898 13
6 1089760050899 25
6 1089760050900 44
6 1089760050901 212
6 1089760050902 9
6 1089760050903 16
6 1089760050904 7
6 1089760050905 952
6 1089760050906 20
6 1089760050907 19
6 1089760050908 27
6 1089760050909 25
6 1089760050910 7
6 1089760050911 16
6 1089760050912 6
6 1089760050913 8
6 1089760051011 95
6 1089760051012 24
6 1089760051013 167
6 1089760051014 532
6 1089760051015 3
6 1089760051016 18
6 1089760051017 35
6 1089760051018 13
6 1089760051020 27
6 1089760051021 1285
6 1089760051022 59
6 1089760051023 22
6 1089760051024 21
6 1089760051025 89
6 1089760051026 109
6 1089760051027 21
6 1089760051028 7
6 1089760051029 21
6 1089760051030 974
6 1089760051031 134
6 1089760051032 12
6 1089760051033 7
6 1089760051034 26
6 1089760051035 142
6 1089760051036 381
6 1089760051037 15
6 1089760051038 30
6 1089760051039 362
6 1089760051040 325
6 1089760051041 18
6 1089760051042 171
6 1089760051043 397
6 1089760051044 17
6 1089760051045 174
6 1089760051046 59
6 1089760051047 179
6 1089760051048 23
6 1089760051049 128
6 1089760051050 13
6 1089760051051 59
6 1089760051052 517
6 1089760051053 452
6 1089760051054 17
6 1089760051055 19
6 1089760051056 23
6 1089760051204 4
6 1089760051205 4
6 1089760051234 4
6 1089760051235 4
6 1089760051264 4
6 1089760051265 4
6 1089760051294 4
6 1089760051295 4
6 1089760051324 4
6 1089760051325 4
6 1089760051354 4
6 1089760051355 4
6 1089760051380 4
6 1089760051381 4
6 1089760051394 4
6 1089760051395 4
6 1089760051404 4
6 1089760051405 4
6 1089760051442 4
6 1089760051443 4
6 1089760051528 4
6 1089760051529 4
6 1089760051550 4
6 1089760051551 4
6 1089760051560 4
6 1089760051561 4
6 1089760051580 4
6 1089760051581 4
6 1089760051614 4
6 1089760051615 4
6 1089760051696 4
6 1089760051697 4
6 1089760051698 4
6 1089760051699 4
6 1089760051704 4
6 1089760051705 4
6 1089760051712 19
6 1089760051713 207
6 1089760051714 24
6 1089760051715 31
6 1089760051716 22
6 1089760051717 374
6 1089760051718 104
6 1089760051719 263
6 1089760051720 439
6 1089760051721 331
6 1089760051722 20
6 1089760051723 17
6 1089760051724 21
6 1089760051725 20
6 1089760051726 14
6 1089760051727 27
6 1089760051728 1295
6 1089760051729 154
6 1089760051730 658
6 1089760051731 31
6 1089760051732 21
6 1089760051733 79
6 1089760051734 205
6 1089760051735 24
6 1089760051736 22
6 1089760051737 717
6 1089760051738 153
6 1089760051739 21
6 1089760051740 165
6 1089760051741 21
6 1089760051742 13
6 1089760051743 159
6 1089760051744 23
6 1089760051745 24
6 1089760051746 15
6 1089760051747 23
6 1089760051748 16
6 1089760051749 17
6 1089760051750 19
6 1089760051751 18
6 1089760051752 22
6 1089760051753 20
6 1089760051754 13
6 1089760051755 158
6 1089760051756 25
6 1089760051757 23
6 1089760051758 21
6 1089760051759 30
6 1089760051760 133
6 1089760051761 82
6 1089760051762 18
6 1089760051763 18
6 1089760051764 17
6 1089760051765 20
6 1089760051766 18
6 1089760051767 32
6 1089760051768 119
6 1089760051769 158
6 1089760051770 93
6 1089760051771 94
6 1089760051772 24
6 1089760051773 152
6 1089760051774 51
6 1089760051775 34
6 1089760051776 37
6 1089760051777 19
6 1089760051778 35
6 1089760051779 23
6 1089760051780 21
6 1089760051781 22
6 1089760051782 11
6 1089760051783 29
6 1089760051784 43
6 1089760051785 53
6 1089760051786 70
6 1089760051787 25
6 1089760051788 117
6 1089760051789 18
6 1089760051790 25
6 1089760051791 8
6 1089760051792 157
6 1089760051793 22
6 1089760051794 132
6 1089760051795 249
6 1089760051796 37
6 1089760051797 23
6 1089760051798 14
6 1089760051799 17
6 1089760051800 309
6 1089760051801 26
6 1089760051802 15
6 1089760051803 19
6 1089760051804 22
6 1089760051805 14
6 1089760051806 16
6 1089760051807 18
6 1089760051808 260
6 1089760051809 20
6 1089760051810 20
6 1089760051811 405
6 1089760051812 149
6 1089760051813 21
6 1089760051814 23
6 1089760051815 413
6 1089760051816 23
6 1089760051817 129
6 1089760051818 22
6 1089760051819 74
6 1089760051820 18
6 1089760051821 22
6 1089760051822 85
6 1089760051823 107
6 1089760051824 22
6 1089760051825 21
6 1089760051826 50
6 1089760051827 14
6 1089760051828 45
6 1089760051829 99
6 1089760051830 18
6 1089760051831 18
6 1089760051832 18
6 1089760051833 20
6 1089760051834 22
6 1089760051835 44
6 1089760051836 93
6 1089760051837 29
6 1089760051838 162
6 1089760051839 20
6 1089760051840 23
6 1089760051841 27
6 1089760051842 28
6 1089760051843 24
6 1089760051844 27
6 1089760051845 22
6 1089760051846 256
6 1089760051847 23
6 1089760051848 23
6 1089760051849 652
6 1089760051850 19
6 1089760051851 10
6 1089760051852 24
6 1089760051853 13
6 1089760051854 20
6 1089760051855 45
6 1089760051856 306
6 1089760051857 21
6 1089760051858 17
6 1089760051859 21
6 1089760051860 11
6 1089760051861 21
6 1089760051862 18
6 1089760051863 21
6 1089760051864 18
6 1089760051865 145
6 1089760051866 52
6 1089760051867 24
6 1089760051868 51
6 1089760051869 159
6 1089760051870 20
6 1089760051871 11
6 1089760051872 21
6 1089760051873 26
6 1089760051874 19
6 1089760051875 21
6 1089760051876 101
6 1089760051877 48
6 1089760051878 198
6 1089760051879 21
6 1089760051880 64
6 1089760051881 53
6 1089760051882 62
6 1089760051883 23
6 1089760051884 17
6 1089760051885 150
6 1089760051886 27
6 1089760051887 54
6 1089760051888 11
6 1089760051889 73
6 1089760051890 70
6 1089760051891 16
6 1089760051892 156
6 1089760051893 19
6 1089760051894 243
6 1089760051895 364
6 1089760051896 35
6 1089760051897 156
6 1089760051898 246
6 1089760051899 266
6 1089760051900 17
6 1089760051901 97
6 1089760051902 164
6 1089760051903 163
6 1089760051904 189
6 1089760051905 29
6 1089760051906 20
6 1089760051907 136
6 1089760051908 84
6 1089760051909 17
6 1089760051910 71
6 1089760051911 530
6 1089760051912 16
6 1089760051913 22
6 1089760051914 19
6 1089760051915 37
6 1089760051916 222
6 1089760051917 25
6 1089760051918 19
6 1089760051919 27
6 1089760051920 22
6 1089760051921 32
6 1089760051922 19
6 1089760051923 21
6 1089760051924 92
6 1089760051925 67
6 1089760051926 328
6 1089760051927 23
6 1089760051928 18
6 1089760051929 396
6 1089760051930 846
6 1089760051931 15
6 1089760051932 24
6 1089760051933 23
6 1089760051934 161
6 1089760051935 26
6 1089760051936 332
6 1089760051937 16
6 1089760051938 30
6 1089760051939 57
6 1089760051940 14
6 1089760051941 12
6 1089760051942 23
6 1089760051943 30
6 1089760051944 25
6 1089760051945 21
6 1089760051946 21
6 1089760051947 27
6 1089760051948 28
6 1089760051949 31
6 1089760051950 16
6 1089760051951 15
6 1089760051952 18
6 1089760051953 18
6 1089760051954 326
6 1089760051955 27
6 1089760051956 30
6 1089760051957 451
6 1089760051958 17
6 1089760051959 21
6 1089760051960 23
6 1089760051961 292
6 1089760051962 71
6 1089760051963 13
6 1089760051964 11
6 1089760051965 86
6 1089760051966 17
6 1089760051967 93
6 1089760051968 16
6 1089760051969 73
6 1089760051970 206
6 1089760051971 19
6 1089760051972 270
6 1089760051973 131
6 1089760051974 23
6 1089760051975 36
6 1089760051976 24
6 1089760051977 13
6 1089760051978 56
6 1089760051979 14
6 1089760051980 14
6 1089760051981 220
6 1089760051982 21
6 1089760051983 16
6 1089760051984 26
6 1089760051985 246
6 1089760051986 24
6 1089760051987 26
6 1089760051988 133
6 1089760051989 19
6 1089760051990 31
6 1089760051991 32
6 1089760051992 45
6 1089760051993 29
6 1089760051994 93
6 1089760051995 30
6 1089760051996 21
6 1089760051997 186
6 1089760051998 54
6 1089760051999 20
6 1089760052000 21
6 1089760052001 21
6 1089760052002 399
6 1089760052003 22
6 1089760052004 16
6 1089760052005 13
6 1089760052006 63
6 1089760052007 15
6 1089760052008 21
6 1089760052009 160
6 1089760052010 21
6 1089760052011 14
6 1089760052012 15
6 1089760052013 19
6 1089760052014 125
6 1089760052015 24
6 1089760052016 24
6 1089760052017 15
6 1089760052018 55
6 1089760052019 741
6 1089760052020 246
6 1089760052021 24
6 1089760052022 25
6 1089760052023 47
6 1089760052024 15
6 1089760052025 211
6 1089760052026 26
6 1089760052027 29
6 1089760052028 20
6 1089760052029 87
6 1089760052030 25
6 1089760052031 106
6 1089760052032 19
6 1089760052033 23
6 1089760052034 145
6 1089760052035 19
6 1089760052036 77
6 1089760052037 17
6 1089760052038 26
6 1089760052039 32
6 1089760052040 18
6 1089760052041 21
6 1089760052042 15
6 1089760052043 11
6 1089760052044 26
6 1089760052045 27
6 1089760052046 131
6 1089760052047 21
6 1089760052048 198
6 1089760052049 21
6 1089760052050 219
6 1089760052051 41
6 1089760052052 17
6 1089760052053 138
6 1089760052054 22
6 1089760052055 20
6 1089760052056 33
6 1089760052057 60
6 1089760052058 24
6 1089760052059 22
6 1089760052060 18
6 1089760052061 23
6 1089760052062 114
6 1089760052063 353
6 1089760052064 19
6 1089760052065 21
6 1089760052066 29
6 1089760052067 18
6 1089760052068 38
6 1089760052069 24
6 1089760052070 187
6 1089760052071 286
6 1089760052072 93
6 1089760052073 23
6 1089760052074 16
6 1089760052075 163
6 1089760052076 341
6 1089760052077 28
6 1089760052078 207
6 1089760052079 33
6 1089760052080 19
6 1089760052081 18
6 1089760052082 22
6 1089760052083 37
6 1089760052084 16
6 1089760052085 13
6 1089760052086 27
6 1089760052087 27
6 1089760052088 21
6 1089760052089 17
6 1089760052090 22
6 1089760052091 23
6 1089760052092 21
6 1089760052093 32
6 1089760052094 167
6 1089760052095 103
6 1089760052096 646
6 1089760052097 153
6 1089760052098 88
6 1089760052099 171
6 1089760052100 40
6 1089760052101 110
6 1089760052102 20
6 1089760052103 307
6 1089760052104 15
6 1089760052105 23
6 1089760052106 15
6 1089760052107 15
6 1089760052108 14
6 1089760052109 18
6 1089760052110 15
6 1089760052111 186
6 1089760052112 21
6 1089760052113 13
6 1089760052114 9
6 1089760052115 21
6 1089760052116 20
6 1089760052117 31
6 1089760052118 22
6 1089760052119 24
6 1089760052120 14
6 1089760052121 73
6 1089760052122 12
6 1089760052123 136
6 1089760052124 28
6 1089760052125 20
6 1089760052126 22
6 1089760052127 22
6 1089760052128 159
6 1089760052129 17
6 1089760052130 37
6 1089760052131 25
6 1089760052132 22
6 1089760052133 153
6 1089760052134 25
6 1089760052135 12
6 1089760052136 18
6 1089760052137 19
6 1089760052138 40
6 1089760052139 44
6 1089760052140 589
6 1089760052141 13
6 1089760052142 20
6 1089760052143 47
6 1089760052144 14
6 1089760052145 20
6 1089760052146 11
6 1089760052147 14
6 1089760052148 15
6 1089760052149 16
6 1089760052150 23
6 1089760052151 188
6 1089760052152 232
6 1089760052153 179
6 1089760052154 12
6 1089760052155 15
6 1089760052156 21
6 1089760052157 39
6 1089760052158 169
6 1089760052159 17
6 1089760052160 26
6 1089760052161 23
6 1089760052162 14
6 1089760052163 15
6 1089760052164 252
6 1089760052165 20
6 1089760052166 247
6 1089760052167 110
6 1089760052168 27
6 1089760052169 224
6 1089760052170 22
6 1089760052171 86
6 1089760052172 51
6 1089760052173 34
6 1089760052174 12
6 1089760052175 21
6 1089760052176 27
6 1089760052177 25
6 1089760052178 19
6 1089760052179 135
6 1089760052180 25
6 1089760052181 101
6 1089760052182 309
6 1089760052183 34
6 1089760052184 54
6 1089760052185 114
6 1089760052186 71
6 1089760052187 21
6 1089760052188 19
6 1089760052189 16
6 1089760052190 20
6 1089760052191 40
6 1089760052192 24
6 1089760052193 1002
6 1089760052194 32
6 1089760052195 25
6 1089760052196 23
6 1089760052197 23
6 1089760052198 234
6 1089760052199 116
6 1089760052200 58
6 1089760052201 38
6 1089760052202 23
6 1089760052203 14
6 1089760052204 32
6 1089760052205 36
6 1089760052206 26
6 1089760052207 31
6 1089760052208 19
6 1089760052209 32
6 1089760052210 39
6 1089760052211 31
6 1089760052212 25
6 1089760052213 48
6 1089760052214 17
6 1089760052215 26
6 1089760052216 42
6 1089760052217 32
6 1089760052218 20
6 1089760052219 19
6 1089760052220 21
6 1089760052221 34
6 1089760052222 20
6 1089760052223 62
6 1089760052240 19
6 1089760052241 13
6 1089760052242 28
6 1089760052243 23
6 1089760052244 121
6 1089760052245 40
6 1089760052246 72
6 1089760052247 62
6 1089760052360 4
6 1089760052361 26
6 1089760052362 191
6 1089760052363 22
6 1089760052364 7
6 1089760052365 20
6 1089760052366 103
6 1089760052367 15
6 1089760052480 22
6 1089760052481 184
6 1089760052482 39
6 1089760052483 14
6 1089760052484 25
6 1089760052485 39
6 1089760052486 30
6 1089760052487 53
6 1089760052600 308
6 1089760052601 10
6 1089760052602 22
6 1089760052603 28
6 1089760052604 138
6 1089760052605 334
6 1089760052606 302
6 1089760052607 14
6 1089760052720 153
6 1089760052721 27
6 1089760052722 23
6 1089760052723 34
6 1089760052724 23
6 1089760052725 15
6 1089760052726 22
6 1089760052727 40
6 1089760052840 223
6 1089760052841 86
6 1089760052842 14
6 1089760052843 34
6 1089760052844 31
6 1089760052845 23
6 1089760052846 20
6 1089760052847 28
6 1089760052944 19
6 1089760052945 33
6 1089760052946 132
6 1089760052947 24
6 1089760052948 25
6 1089760052949 26
6 1089760052950 19
6 1089760052951 455
6 1089760053000 21
6 1089760053001 24
6 1089760053002 19
6 1089760053003 31
6 1089760053004 11
6 1089760053005 25
6 1089760053006 24
6 1089760053007 16
6 1089760053040 19
6 1089760053041 23
6 1089760053042 18
6 1089760053043 254
6 1089760053044 19
6 1089760053045 17
6 1089760053046 9
6 1089760053047 17
6 1089760053192 33
6 1089760053193 16
6 1089760053194 60
6 1089760053195 30
6 1089760053196 16
6 1089760053197 22
6 1089760053198 17
6 1089760053199 30
6 1089760053536 19
6 1089760053537 11
6 1089760053538 17
6 1089760053539 180
6 1089760053540 22
6 1089760053541 35
6 1089760053542 1431
6 1089760053543 241
6 1089760053624 28
6 1089760053625 30
6 1089760053626 27
6 1089760053627 97
6 1089760053628 30
6 1089760053629 33
6 1089760053630 115
6 1089760053631 43
6 1089760053664 144
6 1089760053665 72
6 1089760053666 220
6 1089760053667 82
6 1089760053668 34
6 1089760053669 350
6 1089760053670 142
6 1089760053671 61
6 1089760053744 160
6 1089760053745 153
6 1089760053746 38
6 1089760053747 35
6 1089760053748 44
6 1089760053749 309
6 1089760053750 38
6 1089760053751 46
6 1089760053880 32
6 1089760053881 34
6 1089760053882 29
6 1089760053883 754
6 1089760053884 29
6 1089760053885 633
6 1089760053886 32
6 1089760053887 175
6 1089760054208 162
6 1089760054209 24
6 1089760054210 23
6 1089760054211 96
6 1089760054212 31
6 1089760054213 865
6 1089760054214 430
6 1089760054215 24
6 1089760054216 29
6 1089760054217 207
6 1089760054218 28
6 1089760054219 30
6 1089760054220 247
6 1089760054221 39
6 1089760054222 1253
6 1089760054223 54
6 1089760054240 238
6 1089760054241 24
6 1089760054242 33
6 1089760054243 23
6 1089760054244 31
6 1089760054245 135
6 1089760054246 32
6 1089760054247 36
7 1089760034944 140
7 1089760034945 53
7 1089760034946 126
7 1089760034947 151
7 1089760034948 22
7 1089760034949 28
7 1089760034950 26
7 1089760034951 383
7 1089760034952 91
7 1089760034953 26
7 1089760034954 24
7 1089760034955 20
7 1089760034956 125
7 1089760034957 158
7 1089760034958 26
7 1089760034959 18
7 1089760035184 595
7 1089760035185 26
7 1089760035186 193
7 1089760035187 110
7 1089760035188 192
7 1089760035189 16
7 1089760035190 26
7 1089760035191 22
7 1089760035192 61
7 1089760035193 159
7 1089760035194 20
7 1089760035195 16
7 1089760035196 111
7 1089760035197 90
7 1089760035198 167
7 1089760035199 20
7 1089760035424 20
7 1089760035425 24
7 1089760035426 28
7 1089760035427 26
7 1089760035428 108
7 1089760035429 119
7 1089760035430 20
7 1089760035431 54
7 1089760035432 16
7 1089760035433 303
7 1089760035434 46
7 1089760035435 36
7 1089760035436 34
7 1089760035437 26
7 1089760035438 49
7 1089760035439 82
7 1089760035664 20
7 1089760035665 273
7 1089760035666 19
7 1089760035667 211
7 1089760035668 86
7 1089760035669 60
7 1089760035670 328
7 1089760035671 23
7 1089760035672 200
7 1089760035673 18
7 1089760035674 26
7 1089760035675 109
7 1089760035676 550
7 1089760035677 93
7 1089760035678 28
7 1089760035679 24
7 1089760035904 157
7 1089760035905 24
7 1089760035906 58
7 1089760035907 130
7 1089760035908 210
7 1089760035909 35
7 1089760035910 206
7 1089760035911 24
7 1089760035912 100
7 1089760035913 28
7 1089760035914 16
7 1089760035915 28
7 1089760035916 28
7 1089760035917 24
7 1089760035918 38
7 1089760035919 518
7 1089760036144 22
7 1089760036145 30
7 1089760036146 53
7 1089760036147 42
7 1089760036148 18
7 1089760036149 18
7 1089760036150 300
7 1089760036151 18
7 1089760036152 124
7 1089760036153 28
7 1089760036154 28
7 1089760036155 86
7 1089760036156 22
7 1089760036157 239
7 1089760036158 71
7 1089760036159 35
7 1089760036288 94
7 1089760036289 28
7 1089760036290 49
7 1089760036291 35
7 1089760036292 17
7 1089760036293 43
7 1089760036294 918
7 1089760036295 16
7 1089760036296 12
7 1089760036297 20
7 1089760036298 114
7 1089760036299 34
7 1089760036300 237
7 1089760036301 37
7 1089760036302 28
7 1089760036303 34
7 1089760036416 24
7 1089760036417 47
7 1089760036418 585
7 1089760036419 162
7 1089760036420 189
7 1089760036421 99
7 1089760036422 55
7 1089760036423 19
7 1089760036424 24
7 1089760036425 100
7 1089760036426 122
7 1089760036427 40
7 1089760036428 14
7 1089760036429 16
7 1089760036430 18
7 1089760036431 57
7 1089760036608 51
7 1089760036609 23
7 1089760036610 53
7 1089760036611 26
7 1089760036612 22
7 1089760036613 18
7 1089760036614 20
7 1089760036615 51
7 1089760036616 36
7 1089760036617 32
7 1089760036618 24
7 1089760036619 32
7 1089760036620 479
7 1089760036621 36
7 1089760036622 20
7 1089760036623 123
7 1089760036896 20
7 1089760036897 16
7 1089760036898 28
7 1089760036899 272
7 1089760036900 24
7 1089760036901 642
7 1089760036902 42
7 1089760036903 28
7 1089760036904 25
7 1089760036905 55
7 1089760036906 32
7 1089760036907 26
7 1089760036908 26
7 1089760036909 47
7 1089760036910 60
7 1089760036911 233
7 1089760037424 30
7 1089760037425 49
7 1089760037426 16
7 1089760037427 30
7 1089760037428 29
7 1089760037429 16
7 1089760037430 94
7 1089760037431 178
7 1089760037432 73
7 1089760037433 38
7 1089760037434 220
7 1089760037435 242
7 1089760037436 65
7 1089760037437 18
7 1089760037438 35
7 1089760037439 34
7 1089760037632 49
7 1089760037633 419
7 1089760037634 32
7 1089760037635 36
7 1089760037636 51
7 1089760037637 284
7 1089760037638 18
7 1089760037639 20
7 1089760037640 25
7 1089760037641 496
7 1089760037642 36
7 1089760037643 10
7 1089760037644 617
7 1089760037645 240
7 1089760037646 58
7 1089760037647 489
7 1089760037696 6
7 1089760037697 215
7 1089760037698 64
7 1089760037699 129
7 1089760037700 115
7 1089760037701 10
7 1089760037702 16
7 1089760037703 10
7 1089760037704 6
7 1089760037705 4
7 1089760037706 14
7 1089760037707 12
7 1089760037708 8
7 1089760037709 16
7 1089760037710 16
7 1089760037711 202
7 1089760037776 8
7 1089760037777 10
7 1089760037778 21
7 1089760037779 361
7 1089760037780 6
7 1089760037781 10
7 1089760037782 12
7 1089760037783 151
7 1089760037784 10
7 1089760037785 8
7 1089760037786 16
7 1089760037787 16
7 1089760037788 244
7 1089760037789 12
7 1089760037790 10
7 1089760037791 20
7 1089760037808 314
7 1089760037809 8
7 1089760037810 401
7 1089760037811 346
7 1089760037812 100
7 1089760037813 354
7 1089760037814 6
7 1089760037815 4
7 1089760037816 14
7 1089760037817 11
7 1089760037818 124
7 1089760037819 4
7 1089760037820 11
7 1089760037821 57
7 1089760037822 6
7 1089760037823 12
7 1089760038272 12
7 1089760038273 14
7 1089760038274 2
7 1089760038275 68
7 1089760038276 20
7 1089760038277 14
7 1089760038278 12
7 1089760038279 2
7 1089760038280 6
7 1089760038281 102
7 1089760038282 4
7 1089760038283 84
7 1089760038284 8
7 1089760038285 8
7 1089760038286 89
7 1089760038287 16
7 1089760038304 18
7 1089760038305 8
7 1089760038306 280
7 1089760038307 182
7 1089760038308 21
7 1089760038309 8
7 1089760038310 18
7 1089760038311 10
7 1089760038312 6
7 1089760038313 16
7 1089760038314 14
7 1089760038315 62
7 1089760038316 71
7 1089760038317 397
7 1089760038318 8
7 1089760038319 6
7 1089760038480 12
7 1089760038481 233
7 1089760038482 225
7 1089760038483 23
7 1089760038484 2
7 1089760038485 8
7 1089760038486 6
7 1089760038487 12
7 1089760038488 8
7 1089760038489 105
7 1089760038490 84
7 1089760038491 10
7 1089760038492 113
7 1089760038493 4
7 1089760038494 6
7 1089760038495 19
7 1089760039295 152
7 1089760039296 32
7 1089760039297 131
7 1089760039298 27
7 1089760039299 40
7 1089760039300 11
7 1089760039301 82
7 1089760039302 22
7 1089760039303 167
7 1089760039304 17
7 1089760039305 22
7 1089760039306 19
7 1089760039307 7
7 1089760039308 22
7 1089760039309 109
7 1089760039310 22
7 1089760039311 104
7 1089760039312 190
7 1089760039313 264
7 1089760039314 184
7 1089760039315 54
7 1089760039316 148
7 1089760039317 156
7 1089760039318 170
7 1089760039319 17
7 1089760039320 403
7 1089760039321 707
7 1089760039322 11
7 1089760039323 16
7 1089760039324 33
7 1089760039325 40
7 1089760039326 167
7 1089760039327 312
7 1089760039328 6
7 1089760039329 30
7 1089760039330 92
7 1089760039331 62
7 1089760039332 26
7 1089760039333 37
7 1089760039334 67
7 1089760039335 90
7 1089760039336 37
7 1089760039337 126
7 1089760039338 25
7 1089760039339 8
7 1089760039340 23
7 1089760039341 10
7 1089760039342 3
7 1089760040015 73
7 1089760040016 38
7 1089760040017 100
7 1089760040018 8
7 1089760040019 426
7 1089760040020 24
7 1089760040021 34
7 1089760040022 30
7 1089760040023 44
7 1089760040024 120
7 1089760040025 314
7 1089760040026 21
7 1089760040027 6
7 1089760040028 11
7 1089760040029 32
7 1089760040030 17
7 1089760040031 30
7 1089760040032 72
7 1089760040033 72
7 1089760040034 256
7 1089760040035 27
7 1089760040036 15
7 1089760040037 34
7 1089760040038 91
7 1089760040039 19
7 1089760040040 21
7 1089760040041 21
7 1089760040042 16
7 1089760040043 162
7 1089760040044 214
7 1089760040045 4
7 1089760040046 19
7 1089760040047 234
7 1089760040048 103
7 1089760040049 50
7 1089760040050 94
7 1089760040051 6
7 1089760040052 40
7 1089760040053 213
7 1089760040054 23
7 1089760040055 21
7 1089760040056 183
7 1089760040057 1
7 1089760040058 19
7 1089760040059 90
7 1089760040060 21
7 1089760040061 12
7 1089760040062 18
7 1089760040728 237
7 1089760040729 60
7 1089760040730 47
7 1089760040731 79
7 1089760040732 32
7 1089760040733 338
7 1089760040734 235
7 1089760040735 99
7 1089760040736 112
7 1089760040737 38
7 1089760040738 131
7 1089760040739 51
7 1089760040740 27
7 1089760040741 23
7 1089760040742 29
7 1089760040743 502
7 1089760040744 557
7 1089760040745 16
7 1089760040746 9
7 1089760040747 176
7 1089760040748 15
7 1089760040749 211
7 1089760040750 528
7 1089760040751 14
7 1089760040752 283
7 1089760040753 11
7 1089760040754 24
7 1089760040755 16
7 1089760040756 5
7 1089760040757 183
7 1089760040758 10
7 1089760040759 35
7 1089760040760 279
7 1089760040761 527
7 1089760040762 154
7 1089760040763 48
7 1089760040764 238
7 1089760040765 169
7 1089760040766 21
7 1089760040767 17
7 1089760040768 20
7 1089760040769 19
7 1089760040770 159
7 1089760040771 64
7 1089760040772 44
7 1089760040773 28
7 1089760040774 422
7 1089760040775 29
7 1089760041438 19
7 1089760041439 203
7 1089760041440 17
7 1089760041441 64
7 1089760041442 7
7 1089760041443 345
7 1089760041444 199
7 1089760041445 1
7 1089760041446 24
7 1089760041447 6
7 1089760041448 31
7 1089760041449 299
7 1089760041450 12
7 1089760041451 15
7 1089760041452 21
7 1089760041453 67
7 1089760041454 13
7 1089760041455 33
7 1089760041456 38
7 1089760041457 938
7 1089760041458 145
7 1089760041459 240
7 1089760041460 147
7 1089760041461 1067
7 1089760041462 29
7 1089760041463 56
7 1089760041464 64
7 1089760041465 209
7 1089760041466 20
7 1089760041467 32
7 1089760041468 13
7 1089760041469 153
7 1089760041470 23
7 1089760041471 490
7 1089760041472 16
7 1089760041473 207
7 1089760041474 135
7 1089760041475 25
7 1089760041476 27
7 1089760041477 20
7 1089760041478 28
7 1089760041479 20
7 1089760041480 10
7 1089760041481 23
7 1089760041482 55
7 1089760041483 26
7 1089760041484 184
7 1089760041485 186
7 1089760041486 90
7 1089760042167 112
7 1089760042168 47
7 1089760042169 82
7 1089760042170 30
7 1089760042171 130
7 1089760042172 19
7 1089760042173 165
7 1089760042174 47
7 1089760042175 112
7 1089760042176 99
7 1089760042177 9
7 1089760042178 491
7 1089760042179 20
7 1089760042180 22
7 1089760042181 27
7 1089760042182 27
7 1089760042183 285
7 1089760042184 32
7 1089760042185 19
7 1089760042186 245
7 1089760042187 200
7 1089760042188 40
7 1089760042189 75
7 1089760042190 13
7 1089760042191 17
7 1089760042192 21
7 1089760042193 207
7 1089760042194 18
7 1089760042195 44
7 1089760042196 12
7 1089760042197 152
7 1089760042198 24
7 1089760042199 8
7 1089760042200 25
7 1089760042201 48
7 1089760042202 24
7 1089760042203 17
7 1089760042204 29
7 1089760042205 25
7 1089760042206 22
7 1089760042207 9
7 1089760042208 127
7 1089760042209 61
7 1089760042210 696
7 1089760042211 97
7 1089760042212 85
7 1089760042213 22
7 1089760042214 5
7 1089760042895 6
7 1089760042896 47
7 1089760042897 73
7 1089760042898 48
7 1089760042899 169
7 1089760042900 9
7 1089760042901 76
7 1089760042902 146
7 1089760042903 147
7 1089760042904 513
7 1089760042905 126
7 1089760042906 163
7 1089760042907 9
7 1089760042908 128
7 1089760042909 147
7 1089760042910 130
7 1089760042911 159
7 1089760042912 17
7 1089760042913 23
7 1089760042914 63
7 1089760042915 12
7 1089760042916 459
7 1089760042917 561
7 1089760042918 199
7 1089760042919 53
7 1089760042920 41
7 1089760042921 31
7 1089760042922 84
7 1089760042923 21
7 1089760042924 24
7 1089760042925 332
7 1089760042926 28
7 1089760042927 22
7 1089760042928 106
7 1089760042929 15
7 1089760042930 154
7 1089760042931 154
7 1089760042932 432
7 1089760042933 22
7 1089760042934 59
7 1089760042935 15
7 1089760042936 207
7 1089760042937 12
7 1089760042938 135
7 1089760042939 14
7 1089760042940 23
7 1089760042941 21
7 1089760042942 12
7 1089760043324 5
7 1089760043325 231
7 1089760043326 18
7 1089760043327 23
7 1089760043328 24
7 1089760043329 7
7 1089760043330 106
7 1089760043331 26
7 1089760043332 19
7 1089760043333 27
7 1089760043334 171
7 1089760043335 22
7 1089760043336 27
7 1089760043337 35
7 1089760043338 269
7 1089760043339 29
7 1089760043340 14
7 1089760043341 22
7 1089760043342 25
7 1089760043343 148
7 1089760043344 27
7 1089760043345 205
7 1089760043346 31
7 1089760043347 15
7 1089760043348 44
7 1089760043349 34
7 1089760043350 5
7 1089760043351 27
7 1089760043352 12
7 1089760043353 677
7 1089760043354 133
7 1089760043355 17
7 1089760043356 24
7 1089760043357 222
7 1089760043358 17
7 1089760043359 19
7 1089760043360 68
7 1089760043361 19
7 1089760043362 20
7 1089760043363 81
7 1089760043364 22
7 1089760043365 24
7 1089760043366 20
7 1089760043367 224
7 1089760043368 22
7 1089760043369 37
7 1089760043370 297
7 1089760043371 137
7 1089760043372 157
7 1089760043706 132
7 1089760043707 211
7 1089760043708 11
7 1089760043709 277
7 1089760043710 21
7 1089760043711 371
7 1089760043712 34
7 1089760043713 795
7 1089760043714 30
7 1089760043715 48
7 1089760043716 523
7 1089760043717 340
7 1089760043718 66
7 1089760043719 30
7 1089760043720 22
7 1089760043721 21
7 1089760043722 35
7 1089760043723 16
7 1089760043724 130
7 1089760043725 16
7 1089760043726 14
7 1089760043727 272
7 1089760043728 146
7 1089760043729 316
7 1089760043730 14
7 1089760043731 252
7 1089760043732 19
7 1089760043733 10
7 1089760043734 60
7 1089760043735 51
7 1089760043736 20
7 1089760043737 15
7 1089760043738 17
7 1089760043739 22
7 1089760043740 22
7 1089760043741 133
7 1089760043742 12
7 1089760043743 1
7 1089760043744 38
7 1089760043745 8
7 1089760043746 13
7 1089760043747 22
7 1089760043748 203
7 1089760043749 175
7 1089760043750 129
7 1089760043751 122
7 1089760043752 52
7 1089760043753 3
7 1089760044284 3
7 1089760044285 122
7 1089760044286 373
7 1089760044287 34
7 1089760044288 20
7 1089760044289 124
7 1089760044290 344
7 1089760044291 13
7 1089760044292 15
7 1089760044293 23
7 1089760044294 19
7 1089760044295 247
7 1089760044296 51
7 1089760044297 19
7 1089760044298 20
7 1089760044299 24
7 1089760044300 8
7 1089760044301 303
7 1089760044302 25
7 1089760044303 13
7 1089760044304 59
7 1089760044305 25
7 1089760044306 28
7 1089760044307 27
7 1089760044308 64
7 1089760044309 16
7 1089760044310 26
7 1089760044311 26
7 1089760044312 30
7 1089760044313 78
7 1089760044314 14
7 1089760044315 12
7 1089760044316 224
7 1089760044317 141
7 1089760044318 22
7 1089760044319 27
7 1089760044320 21
7 1089760044321 83
7 1089760044322 21
7 1089760044323 94
7 1089760044324 19
7 1089760044325 56
7 1089760044326 12
7 1089760044327 41
7 1089760044328 7
7 1089760044329 409
7 1089760044330 24
7 1089760044331 51
7 1089760044332 7
7 1089760044333 120
7 1089760044334 1
7 1089760045154 14
7 1089760045155 8
7 1089760045156 132
7 1089760045157 9
7 1089760045158 19
7 1089760045159 14
7 1089760045160 12
7 1089760045161 235
7 1089760045162 23
7 1089760045163 67
7 1089760045164 366
7 1089760045165 112
7 1089760045166 49
7 1089760045167 31
7 1089760045168 317
7 1089760045169 34
7 1089760045170 80
7 1089760045171 144
7 1089760045172 12
7 1089760045173 265
7 1089760045174 19
7 1089760045175 45
7 1089760045176 45
7 1089760045177 147
7 1089760045178 19
7 1089760045179 4
7 1089760045180 93
7 1089760045181 219
7 1089760045182 140
7 1089760045183 149
7 1089760045184 192
7 1089760045185 164
7 1089760045186 33
7 1089760045187 70
7 1089760045188 201
7 1089760045189 411
7 1089760045190 42
7 1089760045191 81
7 1089760045192 37
7 1089760045193 106
7 1089760045194 27
7 1089760045195 14
7 1089760045196 13
7 1089760045197 395
7 1089760045198 192
7 1089760045199 28
7 1089760045200 53
7 1089760045201 351
7 1089760045202 6
7 1089760046743 48
7 1089760046744 18
7 1089760046745 62
7 1089760046746 16
7 1089760046747 30
7 1089760046748 163
7 1089760046749 117
7 1089760046750 20
7 1089760046751 23
7 1089760046752 1600
7 1089760046753 91
7 1089760046754 120
7 1089760046755 17
7 1089760046756 215
7 1089760046757 24
7 1089760046758 149
7 1089760046759 49
7 1089760046760 155
7 1089760046761 434
7 1089760046762 73
7 1089760046763 110
7 1089760046764 101
7 1089760046765 63
7 1089760046766 28
7 1089760046767 13
7 1089760046768 9
7 1089760046769 13
7 1089760046770 90
7 1089760046771 8
7 1089760046772 22
7 1089760046773 9
7 1089760046774 7
7 1089760046775 94
7 1089760046776 44
7 1089760046777 21
7 1089760046778 89
7 1089760046779 9
7 1089760046780 20
7 1089760046781 14
7 1089760046782 146
7 1089760046783 258
7 1089760046784 114
7 1089760046785 28
7 1089760046786 21
7 1089760046787 112
7 1089760046788 337
7 1089760046789 172
7 1089760046790 22
7 1089760047368 18
7 1089760047369 2393
7 1089760047370 8
7 1089760047371 52
7 1089760047372 15
7 1089760047373 10
7 1089760047374 13
7 1089760047375 16
7 1089760047376 12
7 1089760047377 162
7 1089760047378 650
7 1089760047379 144
7 1089760047380 38
7 1089760047381 41
7 1089760047382 29
7 1089760047383 21
7 1089760047384 34
7 1089760047385 229
7 1089760047386 38
7 1089760047387 137
7 1089760047388 153
7 1089760047389 17
7 1089760047390 30
7 1089760047391 7
7 1089760047392 211
7 1089760047393 22
7 1089760047394 7
7 1089760047395 15
7 1089760047396 72
7 1089760047397 110
7 1089760047398 118
7 1089760047399 24
7 1089760047400 14
7 1089760047401 21
7 1089760047402 9
7 1089760047403 10
7 1089760047404 17
7 1089760047405 1108
7 1089760047406 20
7 1089760047407 27
7 1089760047408 145
7 1089760047409 24
7 1089760047410 23
7 1089760047411 16
7 1089760047412 142
7 1089760047413 99
7 1089760047414 24
7 1089760047415 370
7 1089760047558 44
7 1089760047559 2
7 1089760047560 15
7 1089760047562 113
7 1089760047563 7
7 1089760047564 8
7 1089760047565 265
7 1089760047566 15
7 1089760047567 9
7 1089760047568 100
7 1089760047569 76
7 1089760047570 38
7 1089760047571 3
7 1089760047572 72
7 1089760047574 17
7 1089760047575 88
7 1089760047576 5
7 1089760047577 5
7 1089760047578 21
7 1089760047579 13
7 1089760047580 6
7 1089760047581 5
7 1089760047582 8
7 1089760047583 55
7 1089760047584 2
7 1089760047586 5
7 1089760047589 25
7 1089760047590 6
7 1089760047591 281
7 1089760047592 6
7 1089760047593 7
7 1089760047594 11
7 1089760047595 7
7 1089760047596 4
7 1089760047597 3
7 1089760047598 141
7 1089760047599 18
7 1089760047600 93
7 1089760047602 5
7 1089760047603 7
7 1089760047604 13
7 1089760047605 7
7 1089760047606 5
7 1089760047803 129
7 1089760047804 211
7 1089760047806 7
7 1089760047807 6
7 1089760047808 12
7 1089760047809 6
7 1089760047810 6
7 1089760047811 10
7 1089760047812 514
7 1089760047813 11
7 1089760047815 2
7 1089760047816 6
7 1089760047817 11
7 1089760047818 16
7 1089760047819 162
7 1089760047820 67
7 1089760047821 6
7 1089760047822 4
7 1089760047823 16
7 1089760047824 146
7 1089760047825 4
7 1089760047826 13
7 1089760047827 5
7 1089760047830 24
7 1089760047831 3
7 1089760047833 280
7 1089760047834 12
7 1089760047835 9
7 1089760047836 17
7 1089760047837 10
7 1089760047838 10
7 1089760047839 12
7 1089760047840 8
7 1089760047841 7
7 1089760047842 3
7 1089760047843 7
7 1089760047844 152
7 1089760047845 11
7 1089760047846 5
7 1089760047847 29
7 1089760047848 12
7 1089760047849 13
7 1089760047850 18
7 1089760047897 11
7 1089760047899 103
7 1089760047900 8
7 1089760047901 15
7 1089760047904 12
7 1089760047905 3
7 1089760047906 2
7 1089760047907 13
7 1089760047908 7
7 1089760047909 6
7 1089760047911 6
7 1089760047912 149
7 1089760047913 5
7 1089760047914 12
7 1089760047915 4
7 1089760047916 5
7 1089760047918 5
7 1089760047919 3
7 1089760047922 10
7 1089760047923 5
7 1089760047924 6
7 1089760047925 11
7 1089760047926 8
7 1089760047927 14
7 1089760047928 10
7 1089760047929 8
7 1089760047930 89
7 1089760047932 6
7 1089760047936 4
7 1089760047937 5
7 1089760047938 15
7 1089760047939 3
7 1089760047942 35
7 1089760047943 24
7 1089760047944 27
7 1089760047946 7
7 1089760049283 5
7 1089760049284 5
7 1089760049285 10
7 1089760049286 20
7 1089760049287 7
7 1089760049288 18
7 1089760049289 2
7 1089760049292 126
7 1089760049293 10
7 1089760049294 39
7 1089760049295 10
7 1089760049296 7
7 1089760049297 9
7 1089760049298 571
7 1089760049299 31
7 1089760049301 1
7 1089760049302 80
7 1089760049303 8
7 1089760049304 14
7 1089760049307 16
7 1089760049308 14
7 1089760049310 7
7 1089760049311 8
7 1089760049312 136
7 1089760049313 7
7 1089760049314 324
7 1089760049316 14
7 1089760049317 33
7 1089760049318 2
7 1089760049319 165
7 1089760049320 14
7 1089760049321 5
7 1089760049322 14
7 1089760049323 11
7 1089760049324 3
7 1089760049325 211
7 1089760049327 11
7 1089760049328 11
7 1089760049329 15
7 1089760049330 3
7 1089760049331 1
7 1089760049379 18
7 1089760049380 14
7 1089760049381 124
7 1089760049382 15
7 1089760049383 4
7 1089760049384 116
7 1089760049386 14
7 1089760049388 11
7 1089760049389 48
7 1089760049390 12
7 1089760049391 35
7 1089760049392 5
7 1089760049393 9
7 1089760049394 6
7 1089760049395 6
7 1089760049396 120
7 1089760049397 4
7 1089760049398 21
7 1089760049399 6
7 1089760049400 13
7 1089760049401 3
7 1089760049402 5
7 1089760049403 187
7 1089760049404 6
7 1089760049406 58
7 1089760049407 79
7 1089760049408 37
7 1089760049409 5
7 1089760049410 13
7 1089760049411 16
7 1089760049412 11
7 1089760049413 87
7 1089760049414 92
7 1089760049415 9
7 1089760049416 7
7 1089760049417 4
7 1089760049418 12
7 1089760049419 6
7 1089760049420 18
7 1089760049421 5
7 1089760049422 13
7 1089760049423 4
7 1089760049424 338
7 1089760049425 19
7 1089760049426 12
7 1089760049427 16
7 1089760049428 4
7 1089760049429 1
7 1089760049910 5
7 1089760049911 8
7 1089760049912 11
7 1089760049913 5
7 1089760049914 2
7 1089760049915 121
7 1089760049916 7
7 1089760049917 13
7 1089760049918 14
7 1089760049919 355
7 1089760049920 11
7 1089760049921 5
7 1089760049924 5
7 1089760049925 13
7 1089760049926 3
7 1089760049927 2
7 1089760049928 9
7 1089760049929 6
7 1089760049930 92
7 1089760049931 106
7 1089760049932 4
7 1089760049933 5
7 1089760049934 114
7 1089760049935 3
7 1089760049936 8
7 1089760049937 7
7 1089760049938 7
7 1089760049939 14
7 1089760049940 13
7 1089760049942 8
7 1089760049943 2
7 1089760049944 8
7 1089760049945 6
7 1089760049947 9
7 1089760049948 7
7 1089760049949 6
7 1089760049952 4
7 1089760049955 9
7 1089760049957 5
7 1089760049958 93
7 1089760049959 5
7 1089760051216 4
7 1089760051217 4
7 1089760051246 4
7 1089760051247 4
7 1089760051276 4
7 1089760051277 4
7 1089760051306 4
7 1089760051307 4
7 1089760051336 4
7 1089760051337 4
7 1089760051366 4
7 1089760051367 4
7 1089760051384 4
7 1089760051385 4
7 1089760051400 4
7 1089760051401 4
7 1089760051424 4
7 1089760051425 4
7 1089760051460 4
7 1089760051461 4
7 1089760051526 4
7 1089760051527 4
7 1089760051552 4
7 1089760051553 4
7 1089760051560 4
7 1089760051561 4
7 1089760051570 4
7 1089760051571 4
7 1089760051574 4
7 1089760051575 4
7 1089760051632 4
7 1089760051633 4
7 1089760051636 4
7 1089760051637 4
7 1089760051658 11
7 1089760051659 15
7 1089760051712 611
7 1089760051713 188
7 1089760051714 142
7 1089760051715 208
7 1089760051716 37
7 1089760051717 57
7 1089760051718 28
7 1089760051719 75
7 1089760051720 42
7 1089760051721 129
7 1089760051722 25
7 1089760051723 30
7 1089760051724 278
7 1089760051725 64
7 1089760051726 63
7 1089760051727 33
7 1089760051728 58
7 1089760051729 79
7 1089760051730 428
7 1089760051731 125
7 1089760051732 257
7 1089760051733 27
7 1089760051734 254
7 1089760051735 234
7 1089760051736 92
7 1089760051737 26
7 1089760051738 79
7 1089760051739 312
7 1089760051740 28
7 1089760051741 41
7 1089760051742 32
7 1089760051743 116
7 1089760051744 30
7 1089760051745 252
7 1089760051746 40
7 1089760051747 147
7 1089760051748 22
7 1089760051749 38
7 1089760051750 87
7 1089760051751 40
7 1089760051752 127
7 1089760051753 431
7 1089760051754 247
7 1089760051755 32
7 1089760051756 170
7 1089760051757 148
7 1089760051758 190
7 1089760051759 149
7 1089760051760 68
7 1089760051761 31
7 1089760051762 395
7 1089760051763 24
7 1089760051764 71
7 1089760051765 239
7 1089760051766 195
7 1089760051767 119
7 1089760051768 32
7 1089760051769 316
7 1089760051770 37
7 1089760051771 57
7 1089760051772 289
7 1089760051773 45
7 1089760051774 31
7 1089760051775 263
7 1089760051776 23
7 1089760051777 23
7 1089760051778 132
7 1089760051779 234
7 1089760051780 213
7 1089760051781 130
7 1089760051782 27
7 1089760051783 179
7 1089760051784 29
7 1089760051785 234
7 1089760051786 183
7 1089760051787 30
7 1089760051788 50
7 1089760051789 136
7 1089760051790 70
7 1089760051791 50
7 1089760051792 78
7 1089760051793 66
7 1089760051794 158
7 1089760051795 148
7 1089760051796 16
7 1089760051797 31
7 1089760051798 213
7 1089760051799 111
7 1089760051800 260
7 1089760051801 81
7 1089760051802 124
7 1089760051803 90
7 1089760051804 149
7 1089760051805 36
7 1089760051806 42
7 1089760051807 22
7 1089760051808 513
7 1089760051809 22
7 1089760051810 182
7 1089760051811 173
7 1089760051812 128
7 1089760051813 226
7 1089760051814 21
7 1089760051815 224
7 1089760051816 41
7 1089760051817 37
7 1089760051818 28
7 1089760051819 68
7 1089760051820 33
7 1089760051821 23
7 1089760051822 193
7 1089760051823 542
7 1089760051824 18
7 1089760051825 43
7 1089760051826 22
7 1089760051827 368
7 1089760051828 45
7 1089760051829 37
7 1089760051830 182
7 1089760051831 49
7 1089760051832 176
7 1089760051833 44
7 1089760051834 37
7 1089760051835 498
7 1089760051836 92
7 1089760051837 44
7 1089760051838 131
7 1089760051839 113
7 1089760051840 33
7 1089760051841 705
7 1089760051842 155
7 1089760051843 205
7 1089760051844 71
7 1089760051845 530
7 1089760051846 26
7 1089760051847 40
7 1089760051848 306
7 1089760051849 216
7 1089760051850 377
7 1089760051851 305
7 1089760051852 121
7 1089760051853 59
7 1089760051854 28
7 1089760051855 18
7 1089760051856 27
7 1089760051857 40
7 1089760051858 296
7 1089760051859 20
7 1089760051860 39
7 1089760051861 47
7 1089760051862 54
7 1089760051863 151
7 1089760051864 44
7 1089760051865 287
7 1089760051866 149
7 1089760051867 44
7 1089760051868 21
7 1089760051869 22
7 1089760051870 115
7 1089760051871 60
7 1089760051872 41
7 1089760051873 44
7 1089760051874 160
7 1089760051875 182
7 1089760051876 142
7 1089760051877 24
7 1089760051878 35
7 1089760051879 108
7 1089760051880 301
7 1089760051881 34
7 1089760051882 38
7 1089760051883 183
7 1089760051884 24
7 1089760051885 57
7 1089760051886 31
7 1089760051887 248
7 1089760051888 29
7 1089760051889 317
7 1089760051890 106
7 1089760051891 46
7 1089760051892 42
7 1089760051893 116
7 1089760051894 84
7 1089760051895 250
7 1089760051896 220
7 1089760051897 33
7 1089760051898 76
7 1089760051899 492
7 1089760051900 49
7 1089760051901 170
7 1089760051902 296
7 1089760051903 33
7 1089760051904 29
7 1089760051905 101
7 1089760051906 64
7 1089760051907 61
7 1089760051908 98
7 1089760051909 23
7 1089760051910 46
7 1089760051911 39
7 1089760051912 302
7 1089760051913 60
7 1089760051914 45
7 1089760051915 113
7 1089760051916 39
7 1089760051917 157
7 1089760051918 154
7 1089760051919 24
7 1089760051920 27
7 1089760051921 558
7 1089760051922 140
7 1089760051923 144
7 1089760051924 28
7 1089760051925 251
7 1089760051926 35
7 1089760051927 873
7 1089760051928 17
7 1089760051929 35
7 1089760051930 498
7 1089760051931 53
7 1089760051932 41
7 1089760051933 331
7 1089760051934 330
7 1089760051935 346
7 1089760051936 25
7 1089760051937 674
7 1089760051938 23
7 1089760051939 34
7 1089760051940 25
7 1089760051941 56
7 1089760051942 49
7 1089760051943 80
7 1089760051944 25
7 1089760051945 71
7 1089760051946 49
7 1089760051947 895
7 1089760051948 152
7 1089760051949 28
7 1089760051950 68
7 1089760051951 35
7 1089760051952 198
7 1089760051953 29
7 1089760051954 18
7 1089760051955 168
7 1089760051956 372
7 1089760051957 66
7 1089760051958 322
7 1089760051959 41
7 1089760051960 22
7 1089760051961 52
7 1089760051962 78
7 1089760051963 227
7 1089760051964 41
7 1089760051965 45
7 1089760051966 491
7 1089760051967 80
7 1089760051968 156
7 1089760051969 1069
7 1089760051970 44
7 1089760051971 324
7 1089760051972 27
7 1089760051973 627
7 1089760051974 42
7 1089760051975 554
7 1089760051976 190
7 1089760051977 642
7 1089760051978 136
7 1089760051979 26
7 1089760051980 104
7 1089760051981 30
7 1089760051982 388
7 1089760051983 300
7 1089760051984 26
7 1089760051985 42
7 1089760051986 39
7 1089760051987 32
7 1089760051988 51
7 1089760051989 279
7 1089760051990 39
7 1089760051991 36
7 1089760051992 31
7 1089760051993 125
7 1089760051994 24
7 1089760051995 283
7 1089760051996 50
7 1089760051997 97
7 1089760051998 45
7 1089760051999 124
7 1089760052000 52
7 1089760052001 142
7 1089760052002 43
7 1089760052003 141
7 1089760052004 337
7 1089760052005 96
7 1089760052006 170
7 1089760052007 30
7 1089760052008 227
7 1089760052009 115
7 1089760052010 28
7 1089760052011 29
7 1089760052012 28
7 1089760052013 28
7 1089760052014 57
7 1089760052015 171
7 1089760052016 152
7 1089760052017 63
7 1089760052018 337
7 1089760052019 105
7 1089760052020 26
7 1089760052021 70
7 1089760052022 155
7 1089760052023 47
7 1089760052024 41
7 1089760052025 32
7 1089760052026 22
7 1089760052027 80
7 1089760052028 47
7 1089760052029 379
7 1089760052030 21
7 1089760052031 43
7 1089760052032 28
7 1089760052033 30
7 1089760052034 44
7 1089760052035 157
7 1089760052036 655
7 1089760052037 393
7 1089760052038 314
7 1089760052039 164
7 1089760052040 68
7 1089760052041 194
7 1089760052042 99
7 1089760052043 110
7 1089760052044 183
7 1089760052045 83
7 1089760052046 169
7 1089760052047 216
7 1089760052048 42
7 1089760052049 80
7 1089760052050 35
7 1089760052051 53
7 1089760052052 36
7 1089760052053 42
7 1089760052054 189
7 1089760052055 43
7 1089760052056 688
7 1089760052057 24
7 1089760052058 64
7 1089760052059 43
7 1089760052060 263
7 1089760052061 57
7 1089760052062 22
7 1089760052063 127
7 1089760052064 26
7 1089760052065 140
7 1089760052066 17
7 1089760052067 29
7 1089760052068 52
7 1089760052069 55
7 1089760052070 119
7 1089760052071 68
7 1089760052072 443
7 1089760052073 43
7 1089760052074 32
7 1089760052075 34
7 1089760052076 30
7 1089760052077 37
7 1089760052078 38
7 1089760052079 267
7 1089760052080 78
7 1089760052081 273
7 1089760052082 512
7 1089760052083 213
7 1089760052084 165
7 1089760052085 49
7 1089760052086 186
7 1089760052087 198
7 1089760052088 765
7 1089760052089 232
7 1089760052090 180
7 1089760052091 264
7 1089760052092 151
7 1089760052093 105
7 1089760052094 65
7 1089760052095 30
7 1089760052096 198
7 1089760052097 35
7 1089760052098 73
7 1089760052099 173
7 1089760052100 79
7 1089760052101 557
7 1089760052102 707
7 1089760052103 29
7 1089760052104 38
7 1089760052105 27
7 1089760052106 290
7 1089760052107 51
7 1089760052108 105
7 1089760052109 33
7 1089760052110 121
7 1089760052111 76
7 1089760052112 241
7 1089760052113 32
7 1089760052114 34
7 1089760052115 289
7 1089760052116 82
7 1089760052117 165
7 1089760052118 310
7 1089760052119 95
7 1089760052120 142
7 1089760052121 348
7 1089760052122 30
7 1089760052123 55
7 1089760052124 140
7 1089760052125 29
7 1089760052126 684
7 1089760052127 147
7 1089760052128 249
7 1089760052129 23
7 1089760052130 42
7 1089760052131 969
7 1089760052132 63
7 1089760052133 428
7 1089760052134 41
7 1089760052135 50
7 1089760052136 46
7 1089760052137 857
7 1089760052138 96
7 1089760052139 38
7 1089760052140 305
7 1089760052141 221
7 1089760052142 742
7 1089760052143 183
7 1089760052144 45
7 1089760052145 39
7 1089760052146 24
7 1089760052147 1025
7 1089760052148 129
7 1089760052149 218
7 1089760052150 74
7 1089760052151 26
7 1089760052152 194
7 1089760052153 294
7 1089760052154 195
7 1089760052155 141
7 1089760052156 165
7 1089760052157 162
7 1089760052158 104
7 1089760052159 56
7 1089760052160 184
7 1089760052161 105
7 1089760052162 226
7 1089760052163 146
7 1089760052164 27
7 1089760052165 740
7 1089760052166 106
7 1089760052167 123
7 1089760052168 37
7 1089760052169 149
7 1089760052170 842
7 1089760052171 181
7 1089760052172 192
7 1089760052173 17
7 1089760052174 45
7 1089760052175 153
7 1089760052176 618
7 1089760052177 51
7 1089760052178 313
7 1089760052179 19
7 1089760052180 39
7 1089760052181 22
7 1089760052182 47
7 1089760052183 97
7 1089760052184 21
7 1089760052185 29
7 1089760052186 42
7 1089760052187 328
7 1089760052188 33
7 1089760052189 20
7 1089760052190 164
7 1089760052191 31
7 1089760052192 38
7 1089760052193 64
7 1089760052194 33
7 1089760052195 131
7 1089760052196 61
7 1089760052197 127
7 1089760052198 51
7 1089760052199 54
7 1089760052200 100
7 1089760052201 156
7 1089760052202 102
7 1089760052203 218
7 1089760052204 83
7 1089760052205 631
7 1089760052206 26
7 1089760052207 29
7 1089760052208 105
7 1089760052209 278
7 1089760052210 168
7 1089760052211 79
7 1089760052212 80
7 1089760052213 63
7 1089760052214 30
7 1089760052215 145
7 1089760052216 27
7 1089760052217 26
7 1089760052218 89
7 1089760052219 44
7 1089760052220 299
7 1089760052221 84
7 1089760052222 413
7 1089760052223 35
7 1089760052288 36
7 1089760052289 14
7 1089760052290 23
7 1089760052291 12
7 1089760052292 7
7 1089760052293 133
7 1089760052294 23
7 1089760052295 83
7 1089760052408 47
7 1089760052409 17
7 1089760052410 58
7 1089760052411 159
7 1089760052412 15
7 1089760052413 10
7 1089760052414 57
7 1089760052415 11
7 1089760052528 17
7 1089760052529 17
7 1089760052530 10
7 1089760052531 41
7 1089760052532 12
7 1089760052533 17
7 1089760052534 52
7 1089760052535 12
7 1089760052648 36
7 1089760052649 57
7 1089760052650 288
7 1089760052651 12
7 1089760052652 27
7 1089760052653 16
7 1089760052654 17
7 1089760052655 17
7 1089760052768 20
7 1089760052769 151
7 1089760052770 149
7 1089760052771 116
7 1089760052772 15
7 1089760052773 321
7 1089760052774 17
7 1089760052775 24
7 1089760052888 181
7 1089760052889 17
7 1089760052890 11
7 1089760052891 10
7 1089760052892 452
7 1089760052893 130
7 1089760052894 13
7 1089760052895 19
7 1089760052960 105
7 1089760052961 13
7 1089760052962 8
7 1089760052963 18
7 1089760052964 8
7 1089760052965 85
7 1089760052966 143
7 1089760052967 17
7 1089760053024 24
7 1089760053025 26
7 1089760053026 280
7 1089760053027 12
7 1089760053028 14
7 1089760053029 11
7 1089760053030 7
7 1089760053031 40
7 1089760053120 395
7 1089760053121 57
7 1089760053122 11
7 1089760053123 34
7 1089760053124 45
7 1089760053125 80
7 1089760053126 156
7 1089760053127 11
7 1089760053264 68
7 1089760053265 19
7 1089760053266 12
7 1089760053267 29
7 1089760053268 152
7 1089760053269 975
7 1089760053270 73
7 1089760053271 40
7 1089760053528 15
7 1089760053529 9
7 1089760053530 161
7 1089760053531 19
7 1089760053532 12
7 1089760053533 130
7 1089760053534 11
7 1089760053535 18
7 1089760053632 18
7 1089760053633 56
7 1089760053634 521
7 1089760053635 11
7 1089760053636 8
7 1089760053637 32
7 1089760053638 362
7 1089760053639 18
7 1089760053664 2
7 1089760053665 3
7 1089760053666 3
7 1089760053667 70
7 1089760053669 5
7 1089760053670 4
7 1089760053671 5
7 1089760053704 3
7 1089760053705 5
7 1089760053706 3
7 1089760053707 10
7 1089760053708 3
7 1089760053709 7
7 1089760053710 65
7 1089760053711 8
7 1089760053720 5
7 1089760053721 12
7 1089760053722 8
7 1089760053723 2
7 1089760053724 2
7 1089760053725 3
7 1089760053726 5
7 1089760053727 4
7 1089760053952 5
7 1089760053953 4
7 1089760053954 8
7 1089760053955 2
7 1089760053956 2
7 1089760053957 1
7 1089760053958 2
7 1089760053959 155
7 1089760053968 6
7 1089760053969 7
7 1089760053970 1
7 1089760053971 6
7 1089760053972 14
7 1089760053973 4
7 1089760053974 5
7 1089760053975 1
7 1089760054056 2
7 1089760054057 7
7 1089760054059 3
7 1089760054060 2
7 1089760054061 6
7 1089760054062 5
7 1089760054063 3
8 1089760034912 2
8 1089760034913 2
8 1089760034915 2
8 1089760034916 2
8 1089760034917 2
8 1089760034918 2
8 1089760034921 2
8 1089760034922 2
8 1089760034924 2
8 1089760034925 2
8 1089760034926 4
8 1089760034927 6
8 1089760035153 6
8 1089760035155 4
8 1089760035156 4
8 1089760035157 2
8 1089760035158 4
8 1089760035159 2
8 1089760035160 2
8 1089760035161 2
8 1089760035162 2
8 1089760035163 4
8 1089760035164 2
8 1089760035165 2
8 1089760035166 4
8 1089760035167 2
8 1089760035392 6
8 1089760035393 4
8 1089760035394 6
8 1089760035395 4
8 1089760035396 6
8 1089760035397 6
8 1089760035398 6
8 1089760035399 4
8 1089760035400 2
8 1089760035401 2
8 1089760035404 2
8 1089760035405 2
8 1089760035406 2
8 1089760035407 2
8 1089760035632 2
8 1089760035633 2
8 1089760035634 2
8 1089760035635 2
8 1089760035636 4
8 1089760035639 6
8 1089760035642 2
8 1089760035644 2
8 1089760035645 4
8 1089760035647 4
8 1089760035873 4
8 1089760035874 2
8 1089760035876 2
8 1089760035877 2
8 1089760035879 2
8 1089760035880 4
8 1089760035881 2
8 1089760035882 4
8 1089760035884 114
8 1089760035885 6
8 1089760035886 2
8 1089760035887 2
8 1089760036114 2
8 1089760036118 2
8 1089760036119 2
8 1089760036120 2
8 1089760036122 2
8 1089760036123 2
8 1089760036125 2
8 1089760036127 2
8 1089760036272 8
8 1089760036273 6
8 1089760036274 2
8 1089760036275 2
8 1089760036276 4
8 1089760036277 4
8 1089760036278 4
8 1089760036279 4
8 1089760036280 4
8 1089760036281 4
8 1089760036283 4
8 1089760036284 2
8 1089760036286 2
8 1089760036287 6
8 1089760036288 6
8 1089760036289 6
8 1089760036290 2
8 1089760036291 6
8 1089760036292 2
8 1089760036293 2
8 1089760036295 6
8 1089760036296 4
8 1089760036297 4
8 1089760036299 2
8 1089760036303 4
8 1089760036576 4
8 1089760036577 2
8 1089760036578 2
8 1089760036579 2
8 1089760036582 2
8 1089760036583 4
8 1089760036585 2
8 1089760036587 2
8 1089760036588 4
8 1089760036589 4
8 1089760036590 2
8 1089760036591 4
8 1089760036736 2
8 1089760036737 4
8 1089760036738 8
8 1089760036739 2
8 1089760036743 2
8 1089760036744 4
8 1089760036745 2
8 1089760036746 4
8 1089760036747 4
8 1089760036748 2
8 1089760036749 4
8 1089760036750 2
8 1089760036992 2
8 1089760036993 6
8 1089760036994 2
8 1089760036995 4
8 1089760036996 2
8 1089760036997 4
8 1089760036998 2
8 1089760036999 2
8 1089760037000 2
8 1089760037003 2
8 1089760037004 2
8 1089760037005 4
8 1089760037006 2
8 1089760037007 2
8 1089760037312 2
8 1089760037313 4
8 1089760037314 6
8 1089760037315 4
8 1089760037316 2
8 1089760037317 4
8 1089760037318 2
8 1089760037319 2
8 1089760037321 2
8 1089760037323 4
8 1089760037324 2
8 1089760037325 2
8 1089760037326 4
8 1089760037327 4
8 1089760038122 2
8 1089760038124 2
8 1089760038132 2
8 1089760038134 2
8 1089760038143 2
8 1089760039199 4
8 1089760039200 3
8 1089760039201 1
8 1089760039208 6
8 1089760039209 4
8 1089760039213 2
8 1089760039214 5
8 1089760039218 3
8 1089760039225 3
8 1089760039230 1
8 1089760039236 3
8 1089760039237 62
8 1089760039241 3
8 1089760039242 16
8 1089760039244 3
8 1089760039245 1
8 1089760039924 8
8 1089760039925 12
8 1089760039930 9
8 1089760039932 15
8 1089760039934 1
8 1089760039935 2
8 1089760039937 3
8 1089760039939 2
8 1089760039941 5
8 1089760039942 41
8 1089760039945 6
8 1089760039948 2
8 1089760039951 1
8 1089760039952 173
8 1089760039953 2
8 1089760039958 4
8 1089760039962 132
8 1089760039966 2
8 1089760040632 5
8 1089760040633 1
8 1089760040634 5
8 1089760040635 3
8 1089760040636 3
8 1089760040639 9
8 1089760040642 4
8 1089760040643 6
8 1089760040644 3
8 1089760040645 9
8 1089760040646 7
8 1089760040647 4
8 1089760040648 4
8 1089760040649 5
8 1089760040650 3
8 1089760040651 3
8 1089760040652 8
8 1089760040657 2
8 1089760040660 2
8 1089760040670 4
8 1089760040673 3
8 1089760040675 2
8 1089760040679 5
8 1089760041343 5
8 1089760041345 2
8 1089760041348 4
8 1089760041352 2
8 1089760041353 8
8 1089760041354 2
8 1089760041355 6
8 1089760041356 2
8 1089760041362 2
8 1089760041363 3
8 1089760041364 1
8 1089760041372 6
8 1089760041378 4
8 1089760041382 4
8 1089760041383 3
8 1089760041388 4
8 1089760041390 7
8 1089760042075 4
8 1089760042077 1
8 1089760042078 8
8 1089760042086 5
8 1089760042088 2
8 1089760042089 1
8 1089760042095 3
8 1089760042096 4
8 1089760042097 2
8 1089760042099 3
8 1089760042100 1
8 1089760042103 4
8 1089760042104 5
8 1089760042108 2
8 1089760042111 7
8 1089760042112 8
8 1089760042113 1
8 1089760042116 3
8 1089760042118 4
8 1089760042806 4
8 1089760042820 1
8 1089760042821 1
8 1089760042823 83
8 1089760042824 2
8 1089760042831 4
8 1089760042832 5
8 1089760042840 4
8 1089760042844 4
8 1089760043279 12
8 1089760043280 11
8 1089760043282 6
8 1089760043283 6
8 1089760043284 4
8 1089760043285 3
8 1089760043289 5
8 1089760043290 3
8 1089760043291 5
8 1089760043292 9
8 1089760043295 3
8 1089760043296 12
8 1089760043298 10
8 1089760043299 3
8 1089760043302 4
8 1089760043303 11
8 1089760043304 5
8 1089760043306 2
8 1089760043310 6
8 1089760043312 6
8 1089760043320 8
8 1089760043321 3
8 1089760043323 2
8 1089760043324 6
8 1089760043325 6
8 1089760043326 2
8 1089760043328 8
8 1089760043329 1
8 1089760043331 1
8 1089760043332 3
8 1089760043333 6
8 1089760043334 1
8 1089760043335 2
8 1089760043338 8
8 1089760043339 6
8 1089760043345 6
8 1089760043346 7
8 1089760043347 1
8 1089760043348 6
8 1089760043349 3
8 1089760043350 6
8 1089760043351 3
8 1089760043352 3
8 1089760043358 6
8 1089760043370 4
8 1089760043371 6
8 1089760044188 84
8 1089760044189 3
8 1089760044194 2
8 1089760044197 2
8 1089760044199 2
8 1089760044207 6
8 1089760044211 2
8 1089760044212 8
8 1089760044217 2
8 1089760044224 309
8 1089760044225 3
8 1089760044227 5
8 1089760044228 7
8 1089760044230 8
8 1089760044233 4
8 1089760044236 4
8 1089760044675 2
8 1089760044678 9
8 1089760044679 7
8 1089760044680 3
8 1089760044681 1
8 1089760044682 8
8 1089760044683 2
8 1089760044696 7
8 1089760044698 4
8 1089760044699 141
8 1089760044702 3
8 1089760044703 3
8 1089760044704 82
8 1089760044706 2
8 1089760044707 3
8 1089760044709 4
8 1089760044711 1
8 1089760044712 3
8 1089760044713 3
8 1089760044715 11
8 1089760045443 8
8 1089760045445 4
8 1089760045446 2
8 1089760045447 11
8 1089760045449 2
8 1089760045452 4
8 1089760045453 4
8 1089760045454 6
8 1089760045457 4
8 1089760045458 3
8 1089760045461 4
8 1089760045464 190
8 1089760045469 6
8 1089760045477 2
8 1089760045481 3
8 1089760045482 4
8 1089760045483 4
8 1089760045486 3
8 1089760045488 5
8 1089760046404 6
8 1089760046407 2
8 1089760046408 5
8 1089760046410 6
8 1089760046411 5
8 1089760046413 3
8 1089760046414 6
8 1089760046416 9
8 1089760046419 3
8 1089760046420 4
8 1089760046421 8
8 1089760046424 9
8 1089760046425 1
8 1089760046431 5
8 1089760046437 5
8 1089760046438 1
8 1089760046442 4
8 1089760046444 5
8 1089760046448 4
8 1089760046449 1
8 1089760046450 5
8 1089760046451 3
8 1089760048831 5
8 1089760048832 2
8 1089760048837 2
8 1089760048861 3
8 1089760048867 4
8 1089760048893 1
8 1089760051212 4
8 1089760051213 4
8 1089760051242 4
8 1089760051243 4
8 1089760051272 4
8 1089760051273 4
8 1089760051302 4
8 1089760051303 4
8 1089760051332 4
8 1089760051333 4
8 1089760051362 4
8 1089760051363 4
8 1089760051382 4
8 1089760051383 4
8 1089760051384 4
8 1089760051385 4
8 1089760051420 4
8 1089760051421 4
8 1089760051440 4
8 1089760051441 4
8 1089760051472 4
8 1089760051473 4
8 1089760051512 4
8 1089760051513 4
8 1089760051600 4
8 1089760051601 4
8 1089760051612 4
8 1089760051613 4
8 1089760051614 4
8 1089760051615 4
8 1089760051712 3
8 1089760051713 3
8 1089760051715 6
8 1089760051716 3
8 1089760051717 1
8 1089760051718 2
8 1089760051719 1
8 1089760051720 3
8 1089760051722 2
8 1089760051723 4
8 1089760051724 7
8 1089760051725 1
8 1089760051726 2
8 1089760051727 4
8 1089760051728 3
8 1089760051729 3
8 1089760051730 3
8 1089760051731 3
8 1089760051732 5
8 1089760051733 4
8 1089760051734 5
8 1089760051735 1
8 1089760051736 3
8 1089760051737 1
8 1089760051738 5
8 1089760051740 2
8 1089760051741 3
8 1089760051742 2
8 1089760051743 4
8 1089760051744 3
8 1089760051745 3
8 1089760051746 1
8 1089760051747 3
8 1089760051748 5
8 1089760051749 1
8 1089760051750 5
8 1089760051751 3
8 1089760051753 2
8 1089760051754 2
8 1089760051755 1
8 1089760051756 1
8 1089760051757 3
8 1089760051760 4
8 1089760051761 2
8 1089760051762 6
8 1089760051763 2
8 1089760051764 4
8 1089760051765 1
8 1089760051766 8
8 1089760051767 3
8 1089760051768 2
8 1089760051769 1
8 1089760051770 3
8 1089760051771 3
8 1089760051773 2
8 1089760051774 3
8 1089760051775 2
8 1089760051776 1
8 1089760051777 3
8 1089760051778 4
8 1089760051779 1
8 1089760051780 4
8 1089760051781 2
8 1089760051782 3
8 1089760051783 2
8 1089760051784 4
8 1089760051785 1
8 1089760051786 4
8 1089760051787 1
8 1089760051788 2
8 1089760051789 5
8 1089760051790 2
8 1089760051791 3
8 1089760051792 2
8 1089760051793 2
8 1089760051794 1
8 1089760051795 1
8 1089760051796 4
8 1089760051797 3
8 1089760051798 3
8 1089760051799 3
8 1089760051800 2
8 1089760051802 2
8 1089760051803 1
8 1089760051804 4
8 1089760051805 1
8 1089760051806 1
8 1089760051807 2
8 1089760051808 1
8 1089760051809 3
8 1089760051810 3
8 1089760051811 2
8 1089760051812 9
8 1089760051813 3
8 1089760051814 3
8 1089760051815 2
8 1089760051816 5
8 1089760051817 5
8 1089760051819 2
8 1089760051820 4
8 1089760051821 2
8 1089760051822 3
8 1089760051823 3
8 1089760051824 1
8 1089760051825 4
8 1089760051826 5
8 1089760051827 2
8 1089760051828 4
8 1089760051829 2
8 1089760051830 2
8 1089760051831 5
8 1089760051832 1
8 1089760051833 5
8 1089760051834 2
8 1089760051836 3
8 1089760051837 2
8 1089760051838 2
8 1089760051839 2
8 1089760051840 2
8 1089760051841 1
8 1089760051842 3
8 1089760051844 2
8 1089760051845 1
8 1089760051846 3
8 1089760051847 2
8 1089760051848 4
8 1089760051849 3
8 1089760051850 3
8 1089760051851 3
8 1089760051852 3
8 1089760051854 2
8 1089760051855 1
8 1089760051856 3
8 1089760051857 3
8 1089760051858 4
8 1089760051859 1
8 1089760051860 4
8 1089760051861 2
8 1089760051862 1
8 1089760051863 1
8 1089760051864 6
8 1089760051865 1
8 1089760051866 2
8 1089760051867 2
8 1089760051868 3
8 1089760051869 2
8 1089760051870 4
8 1089760051871 1
8 1089760051872 5
8 1089760051874 1
8 1089760051875 2
8 1089760051876 2
8 1089760051877 1
8 1089760051878 2
8 1089760051879 6
8 1089760051880 1
8 1089760051881 2
8 1089760051882 1
8 1089760051883 1
8 1089760051884 3
8 1089760051885 1
8 1089760051886 3
8 1089760051887 2
8 1089760051888 2
8 1089760051889 3
8 1089760051890 4
8 1089760051891 2
8 1089760051892 4
8 1089760051893 4
8 1089760051894 3
8 1089760051896 4
8 1089760051897 3
8 1089760051898 1
8 1089760051899 3
8 1089760051900 6
8 1089760051901 3
8 1089760051902 1
8 1089760051903 1
8 1089760051904 3
8 1089760051905 2
8 1089760051906 2
8 1089760051907 1
8 1089760051908 2
8 1089760051909 5
8 1089760051910 5
8 1089760051911 3
8 1089760051912 3
8 1089760051913 3
8 1089760051915 4
8 1089760051916 3
8 1089760051917 1
8 1089760051918 2
8 1089760051919 3
8 1089760051920 4
8 1089760051921 3
8 1089760051922 2
8 1089760051923 1
8 1089760051924 2
8 1089760051925 1
8 1089760051926 3
8 1089760051927 2
8 1089760051928 2
8 1089760051929 3
8 1089760051930 2
8 1089760051931 342
8 1089760051932 1
8 1089760051933 1
8 1089760051934 3
8 1089760051935 4
8 1089760051936 1
8 1089760051937 2
8 1089760051938 2
8 1089760051939 4
8 1089760051940 3
8 1089760051941 4
8 1089760051942 1
8 1089760051943 1
8 1089760051945 2
8 1089760051946 2
8 1089760051947 1
8 1089760051948 1
8 1089760051949 1
8 1089760051950 1
8 1089760051951 3
8 1089760051952 3
8 1089760051953 2
8 1089760051954 2
8 1089760051955 112
8 1089760051956 1
8 1089760051957 5
8 1089760051958 2
8 1089760051959 1
8 1089760051960 3
8 1089760051961 3
8 1089760051963 4
8 1089760051964 4
8 1089760051965 4
8 1089760051966 3
8 1089760051967 5
8 1089760051968 2
8 1089760051969 3
8 1089760051970 1
8 1089760051971 7
8 1089760051973 1
8 1089760051974 4
8 1089760051975 1
8 1089760051976 5
8 1089760051978 2
8 1089760051979 2
8 1089760051980 2
8 1089760051981 2
8 1089760051982 6
8 1089760051983 1
8 1089760051984 3
8 1089760051985 3
8 1089760051986 2
8 1089760051987 1
8 1089760051988 4
8 1089760051989 6
8 1089760051990 2
8 1089760051991 4
8 1089760051992 3
8 1089760051993 3
8 1089760051994 4
8 1089760051995 3
8 1089760051996 3
8 1089760051997 2
8 1089760051998 2
8 1089760051999 2
8 1089760052000 2
8 1089760052001 2
8 1089760052002 1
8 1089760052003 4
8 1089760052005 4
8 1089760052007 2
8 1089760052008 2
8 1089760052009 3
8 1089760052011 2
8 1089760052012 2
8 1089760052015 3
8 1089760052016 3
8 1089760052017 3
8 1089760052018 3
8 1089760052019 3
8 1089760052020 1
8 1089760052021 4
8 1089760052022 5
8 1089760052023 1
8 1089760052024 3
8 1089760052026 3
8 1089760052027 2
8 1089760052028 1
8 1089760052029 4
8 1089760052030 3
8 1089760052033 3
8 1089760052034 1
8 1089760052035 2
8 1089760052036 77
8 1089760052037 5
8 1089760052038 4
8 1089760052039 2
8 1089760052040 2
8 1089760052041 2
8 1089760052042 5
8 1089760052043 2
8 1089760052046 3
8 1089760052047 3
8 1089760052048 1
8 1089760052049 31
8 1089760052050 2
8 1089760052051 1
8 1089760052052 4
8 1089760052053 3
8 1089760052054 2
8 1089760052055 3
8 1089760052056 3
8 1089760052057 3
8 1089760052058 4
8 1089760052059 2
8 1089760052060 1
8 1089760052061 1
8 1089760052062 3
8 1089760052063 3
8 1089760052064 3
8 1089760052065 4
8 1089760052066 3
8 1089760052067 2
8 1089760052068 1
8 1089760052069 3
8 1089760052070 1
8 1089760052071 1
8 1089760052072 1
8 1089760052073 1
8 1089760052074 1
8 1089760052075 1
8 1089760052076 1
8 1089760052078 1
8 1089760052079 91
8 1089760052080 2
8 1089760052081 4
8 1089760052082 2
8 1089760052083 1
8 1089760052084 2
8 1089760052086 2
8 1089760052087 1
8 1089760052089 1
8 1089760052092 3
8 1089760052093 1
8 1089760052094 1
8 1089760052095 1
8 1089760052096 2
8 1089760052097 2
8 1089760052098 3
8 1089760052099 1
8 1089760052101 1
8 1089760052102 2
8 1089760052105 1
8 1089760052106 3
8 1089760052108 2
8 1089760052109 1
8 1089760052111 29
8 1089760052114 1
8 1089760052117 3
8 1089760052118 2
8 1089760052121 3
8 1089760052122 1
8 1089760052123 1
8 1089760052124 1
8 1089760052125 1
8 1089760052126 2
8 1089760052127 3
8 1089760052128 3
8 1089760052129 1
8 1089760052130 1
8 1089760052131 1
8 1089760052133 1
8 1089760052135 2
8 1089760052136 2
8 1089760052137 2
8 1089760052139 1
8 1089760052141 3
8 1089760052143 2
8 1089760052144 1
8 1089760052146 1
8 1089760052151 3
8 1089760052154 1
8 1089760052155 1
8 1089760052158 1
8 1089760052160 4
8 1089760052161 1
8 1089760052162 3
8 1089760052164 3
8 1089760052165 1
8 1089760052166 1
8 1089760052167 1
8 1089760052171 1
8 1089760052172 3
8 1089760052173 3
8 1089760052174 2
8 1089760052176 3
8 1089760052177 1
8 1089760052178 1
8 1089760052179 2
8 1089760052180 1
8 1089760052181 1
8 1089760052182 2
8 1089760052186 1
8 1089760052188 2
8 1089760052189 2
8 1089760052190 1
8 1089760052191 1
8 1089760052192 1
8 1089760052193 1
8 1089760052194 2
8 1089760052195 1
8 1089760052197 1
8 1089760052198 3
8 1089760052200 1
8 1089760052201 1
8 1089760052202 3
8 1089760052203 1
8 1089760052204 3
8 1089760052206 3
8 1089760052207 2
8 1089760052208 1
8 1089760052210 1
8 1089760052211 2
8 1089760052212 2
8 1089760052214 1
8 1089760052215 1
8 1089760052217 1
8 1089760052218 1
8 1089760052220 1
8 1089760052221 1
8 1089760052223 1
8 1089760052399 1
8 1089760052513 1
8 1089760052515 1
8 1089760052952 1
8 1089760053314 1
8 1089760053472 1
9 1089760038263 2
9 1089760049256 1
9 1089760051222 4
9 1089760051223 4
9 1089760051252 4
9 1089760051253 4
9 1089760051282 4
9 1089760051283 4
9 1089760051312 4
9 1089760051313 4
9 1089760051342 4
9 1089760051343 4
9 1089760051372 4
9 1089760051373 4
9 1089760051392 4
9 1089760051393 4
9 1089760051430 4
9 1089760051431 4
9 1089760051480 4
9 1089760051481 4
9 1089760051484 4
9 1089760051485 4
9 1089760051494 4
9 1089760051495 4
9 1089760051512 4
9 1089760051513 4
9 1089760051530 4
9 1089760051531 4
9 1089760051546 4
9 1089760051547 4
9 1089760051586 4
9 1089760051587 4
9 1089760051596 4
9 1089760051597 4
9 1089760051602 4
9 1089760051603 4
9 1089760051630 4
9 1089760051631 4
9 1089760051644 4
9 1089760051645 4
9 1089760051658 4
9 1089760051659 4
9 1089760051708 4
9 1089760051709 4
9 1089760052076 1
